split,sim_idx,frame,horizontal_strain,p_ratio
train,0,0,0.0,
train,0,1,-6.195578970571251e-05,0.14456521739130435
train,0,2,-0.00012259203419456909,0.049198151671649905
train,0,3,-0.00018184589798005276,-0.043256997455470736
train,0,4,-0.00024053424238688388,-0.10947109471094711
train,0,5,-0.0002998509416588845,-0.15971538040503558
train,0,6,-0.00035841361509268173,-0.19484790353521514
train,0,7,-0.00041710195949951285,-0.22321498550043106
train,0,8,-0.00047641865877151346,-0.24606934431857191
train,0,9,-0.0005350441676918276,-0.264
train,0,10,-0.0005943608669638283,-0.2799691918358365
train,0,11,-0.0006529863758841424,-0.29319921933643595
train,0,12,-0.0007123030751561431,-0.3051080820597549
train,0,13,-0.0007709285840764572,-0.3147119908447421
train,0,14,-0.0008295540929967713,-0.32453929752716965
train,0,15,-0.000888870792268772,-0.33252462873106897
train,0,16,-0.0009474963011890862,-0.3401585660117201
train,0,17,-0.0010061218101094004,-0.3468990361211177
train,0,18,-0.001065438509381401,-0.35302412556328744
train,0,19,-0.0011241268537882322,-0.35881942830583313
train,0,20,-0.0011826895272220293,-0.36364890974330666
train,0,21,-0.001240686681277174,-0.36874901404006943
train,0,22,-0.0013000033805491745,-0.373111099954817
train,0,23,-0.0013580005346043192,-0.3774944168287587
train,0,24,-0.0014166260435246334,-0.3812197928653625
train,0,25,-0.0014752515524449476,-0.3848873177198409
train,0,26,-0.0015332487065000922,-0.38826679132227016
train,0,27,-0.0015918742154204064,-0.39141910139945985
train,0,28,-0.0016505625598272377,-0.39434174443151104
train,0,29,-0.0017091252332610348,-0.3971655523172753
train,0,30,-0.001766431196964493,-0.4001104972375691
train,0,31,-0.0018251195413713241,-0.4023097075439753
train,0,32,-0.0018831166954264688,-0.4047890339064982
train,0,33,-0.001941742204346783,-0.40685059934373535
train,0,34,-0.001999048168050241,-0.4091743715571733
train,0,35,-0.0020577365124570726,-0.41113233460148074
train,0,36,-0.0021156708310257,-0.4131008656148321
train,0,37,-0.002173667985080845,-0.4149517636868672
train,0,38,-0.0022316651391359895,-0.4167345276872964
train,0,39,-0.002289599457704617,-0.41854270858422
train,0,40,-0.0023475966117597617,-0.42006022764946405
train,0,41,-0.0024055937658149064,-0.42171223739000363
train,0,42,-0.002463590919870051,-0.423010642356315
train,0,43,-0.0025222164287903655,-0.42460490813311064
train,0,44,-0.002579522392493824,-0.4259059290324201
train,0,45,-0.0026375195465489685,-0.4273068801257182
train,0,46,-0.002695516700604113,-0.42856971283763495
train,0,47,-0.0027534510191727407,-0.42980394000658234
train,0,48,-0.0028114481732278854,-0.43100154225076537
train,0,49,-0.00286944532728303,-0.43212924755913323
train,0,50,-0.0029267512909864884,-0.4333727392250666
train,0,51,-0.002984748445041633,-0.4343074390191066
train,0,52,-0.0030427455990967777,-0.43547770294673777
train,0,53,-0.0031006799176654053,-0.43644474090132157
train,0,54,-0.003158739907207067,-0.43742520176344835
train,0,55,-0.0032166742257756947,-0.4384044508269982
train,0,56,-0.0032746713798308394,-0.43936046396938433
train,0,57,-0.0033319773435342977,-0.44035505940267844
train,0,58,-0.0033899744975894423,-0.4411168141087294
train,0,59,-0.00344790881615807,-0.44212802606204715
train,0,60,-0.0035052776153480453,-0.4427619345692877
train,0,61,-0.0035639031242683593,-0.44362256907978126
train,0,62,-0.0036212090879718176,-0.4443306223888973
train,0,63,-0.003678515051675276,-0.4451798409790222
train,0,64,-0.003737203396082107,-0.44583948156393727
train,0,65,-0.0037951377146507345,-0.4465326513619603
train,0,66,-0.003853134868705879,-0.4473116120287163
train,0,67,-0.003910503667895854,-0.44795384298372143
train,0,68,-0.003968437986464482,-0.4487306511605243
train,0,69,-0.004026435140519627,-0.44932013349232897
train,0,70,-0.0040844322945747715,-0.45013056066140217
train,0,71,-0.004141738258278229,-0.45067782504880494
train,0,72,-0.0041997354123333745,-0.4513659861023761
train,0,73,-0.004257041376036832,-0.4519467158861396
train,0,74,-0.0043150385300919775,-0.45252663940542637
train,0,75,-0.004372344493795435,-0.45311315128803553
train,0,76,-0.0044303416478505804,-0.4536062250702936
train,0,77,-0.004487647611554038,-0.45428534549522415
train,0,78,-0.004546273120474353,-0.45472821355003573
train,0,79,-0.0046035790841778106,-0.4553638199875593
train,0,80,-0.004660885047881269,-0.45577893262110325
train,0,81,-0.004718945037422931,-0.4564162338282006
train,0,82,-0.0047762510011263885,-0.4569033430966569
train,0,83,-0.0048341853196950165,-0.45731808717979416
train,0,84,-0.004892182473750162,-0.4578359974760753
train,0,85,-0.004949551272940137,-0.45828678323676897
train,0,86,-0.0050068572366435945,-0.4588094810097327
train,0,87,-0.0050648543906987396,-0.4592495288137529
train,0,88,-0.00512209751891568,-0.4598131661992685
train,0,89,-0.0051801575084573425,-0.4602596629220453
train,0,90,-0.00523809182702597,-0.4607018641541378
train,0,91,-0.005295397790729428,-0.4611856633259725
train,0,92,-0.005352703754432886,-0.46154215421542155
train,0,93,-0.005411392098839718,-0.46197452304916126
train,0,94,-0.005468698062543176,-0.4623204406911051
train,0,95,-0.005526004026246634,-0.4628275902144227
train,0,96,-0.005584692370653465,-0.46316667145855495
train,0,97,-0.005641369979491754,-0.46366906065400243
train,0,98,-0.005699304298060382,-0.46405596926647363
train,0,99,-0.0057566102617638394,-0.4644641463142634
train,0,100,-0.005814670251305502,-0.46487262289199854
train,0,101,-0.0058719762150089595,-0.46518262656515585
train,0,102,-0.0059299105335775875,-0.46558106309056074
train,0,103,-0.005987216497281045,-0.4659227937038764
train,0,104,-0.006045276486822708,-0.466393847231732
train,0,105,-0.0061025824505261655,-0.4666729751184149
train,0,106,-0.0061605167690947935,-0.46703917596638045
train,0,107,-0.006217822732798251,-0.46741401457895904
train,0,108,-0.006275882722339913,-0.46773995706838395
train,0,109,-0.006333817040908541,-0.4681393028779201
train,0,110,-0.006390494649746829,-0.46845675976756557
train,0,111,-0.006447800613450288,-0.46883516002625664
train,0,112,-0.006505797767505432,-0.46912332925915706
train,0,113,-0.006563794921560577,-0.4695388823759281
train,0,114,-0.006621100885264035,-0.46981698460346666
train,0,115,-0.006678406848967494,-0.47016755700826024
train,0,116,-0.006736404003022638,-0.4705196591119972
train,0,117,-0.006793772802212613,-0.4707533506625844
train,0,118,-0.006851707120781241,-0.47111678640922017
train,0,119,-0.006909013084484699,-0.4714195601153978
train,0,120,-0.006967010238539844,-0.47177543614344786
train,0,121,-0.007024316202243302,-0.4720607957085382
train,0,122,-0.007081685001433278,-0.47239941007754044
train,0,123,-0.007139619320001905,-0.472679544995625
train,0,124,-0.007196925283705364,-0.4729818751557882
train,0,125,-0.007254922437760508,-0.4732958910641905
train,0,126,-0.007312919591815653,-0.47354034981668136
train,0,127,-0.007370225555519111,-0.4738493496560326
train,0,128,-0.0074269031643573995,-0.4740945153501207
train,0,129,-0.0074848374829260276,-0.47444487228853804
train,0,130,-0.0075422062821160025,-0.4746901813272424
train,0,131,-0.007600203436171148,-0.47500779426510614
train,0,132,-0.0076575093998746055,-0.47528556854481296
train,0,133,-0.0077154437184432335,-0.4755460943465126
train,0,134,-0.0077728125176332085,-0.47587274913919503
train,0,135,-0.007830809671688354,-0.4760987854184808
train,0,136,-0.007888115635391811,-0.4763904782774545
train,0,137,-0.00794542159909527,-0.47664127426612474
train,0,138,-0.008002727562798727,-0.47695033333733255
train,0,139,-0.008060787552340389,-0.4771938601297536
train,0,140,-0.008118093516043848,-0.4774674981669676
train,0,141,-0.008175399479747306,-0.47774711833891076
train,0,142,-0.008232705443450764,-0.477991185592252
train,0,143,-0.008290011407154222,-0.4782840250387854
train,0,144,-0.008348008561209368,-0.4784811484896564
train,0,145,-0.008405377360399343,-0.4787869330400131
train,0,146,-0.0084626833241028,-0.4789665664984597
train,0,147,-0.008519360932941089,-0.47923307090752776
train,0,148,-0.008577923606374886,-0.4795039023317038
train,0,149,-0.008635292405564862,-0.47971228670585314
train,0,150,-0.008692661204754837,-0.4800169238976472
train,0,151,-0.008749967168458295,-0.48023668466045105
train,0,152,-0.008807901487026922,-0.48052150803102034
train,0,153,-0.00886457909586521,-0.4807224091848549
val,1,0,0.0,
val,1,1,-7.970647984469338e-05,0.12411153635866594
val,1,2,-0.00015932949740682687,0.037756497948016415
val,1,3,-0.00023719980703520272,-0.008378870673952642
val,1,4,-0.00031598820177173735,-0.03659863945578231
val,1,5,-0.0003965293044420296,-0.055941023417172595
val,1,6,-0.0004761523220041631,-0.07049608355091384
val,1,7,-0.0005566934246744554,-0.08205049261083744
val,1,8,-0.0006380691501703465,-0.09165995165189364
val,1,9,-0.0007186102528406388,-0.10007147962830593
val,1,10,-0.0007990678932283711,-0.10762643831950762
val,1,11,-0.0008805270810068222,-0.1135016998542982
val,1,12,-0.0009609847213945546,-0.11899150695895772
val,1,13,-0.001041525824064847,-0.12474890337391875
val,1,14,-0.0011211488416269803,-0.12933657942787583
val,1,15,-0.0012016899442972727,-0.13329549888270137
val,1,16,-0.001282147584685005,-0.136742764097963
val,1,17,-0.0013626886873552972,-0.14020940771995624
val,1,18,-0.0014423117049174308,-0.14339667178095125
val,1,19,-0.001522852807587723,-0.14608185500768264
val,1,20,-0.0016033939102580153,-0.14857946255670212
val,1,21,-0.0016838515506457476,-0.15116161616161616
val,1,22,-0.00176439265331604,-0.1533678756476684
val,1,23,-0.0018440156708781734,-0.15535636103878148
val,1,24,-0.0019244733112659057,-0.15726616481600036
val,1,25,-0.002005097876218758,-0.1589796826338425
val,1,26,-0.0020855555166064904,-0.16056773983342498
val,1,27,-0.002166096619276783,-0.16201643105037156
val,1,28,-0.002245719636838916,-0.1636267412629709
val,1,29,-0.0023254261166836096,-0.1650882283170015
val,1,30,-0.0024067183798969407,-0.1661552028218695
val,1,31,-0.0024863413974590743,-0.16738622207812154
val,1,32,-0.0025660478773037675,-0.16868585028841546
val,1,33,-0.00264658897997406,-0.16988509799522444
val,1,34,-0.0027262119975361935,-0.17073853474954512
val,1,35,-0.002806669637923926,-0.17162364243312236
val,1,36,-0.002887210740594218,-0.17277533039647577
val,1,37,-0.0029669172204389114,-0.17378074912145366
val,1,38,-0.003046540238001045,-0.1744735890517649
val,1,39,-0.0031269978783887774,-0.17537227483977616
val,1,40,-0.0032075389810590697,-0.17622582690478705
val,1,41,-0.003287245460903763,-0.17696332379700508
val,1,42,-0.0033668684784658965,-0.17769671048493615
val,1,43,-0.003447326118853629,-0.17845295722043394
val,1,44,-0.0035261145135901634,-0.1791356542617047
val,1,45,-0.0036065721539778957,-0.17977462143444067
val,1,46,-0.0036861951715400293,-0.18031506912230744
val,1,47,-0.0037659016513847225,-0.18089672996965953
val,1,48,-0.003846442754055015,-0.18151611838486081
val,1,49,-0.003926900394442747,-0.1820925119627538
val,1,50,-0.004005688789179282,-0.1827149541100303
val,1,51,-0.0040862298918495745,-0.18329881963139366
val,1,52,-0.004165769447129148,-0.18383241437434633
val,1,53,-0.004245475926973841,-0.1842244204696014
val,1,54,-0.004325182406818535,-0.18478792263918495
val,1,55,-0.004405640047206267,-0.18526873566087182
val,1,56,-0.0044852630647684005,-0.18568169391179742
val,1,57,-0.004564886082330534,-0.18615937465268773
val,1,58,-0.004645510647283386,-0.18664045363114254
val,1,59,-0.00472505020256296,-0.18705486560967755
val,1,60,-0.004804756682407653,-0.18741422388007178
val,1,61,-0.004885214322795386,-0.1878872313177114
val,1,62,-0.004964837340357519,-0.18832954477732655
val,1,63,-0.005043625735094054,-0.18870754226921593
val,1,64,-0.005124166837764346,-0.18915820639489334
val,1,65,-0.005203789855326479,-0.1895462517864103
val,1,66,-0.005283412872888613,-0.18990955545426194
val,1,67,-0.0053631193527333065,-0.19027287622888833
val,1,68,-0.00544274237029544,-0.19066615958957803
val,1,69,-0.005522365387857573,-0.19102326790986554
val,1,70,-0.005601988405419707,-0.19133358969139014
val,1,71,-0.005682529508089999,-0.19162268638965285
val,1,72,-0.005761234440543974,-0.19201166950096757
val,1,73,-0.005841775543214266,-0.1922876724212718
val,1,74,-0.005920563937950801,-0.19253892070374623
val,1,75,-0.006001105040621093,-0.19288061413322638
val,1,76,-0.006080728058183226,-0.19325070305176545
val,1,77,-0.006159516452919761,-0.19348648500466034
val,1,78,-0.006239974093307493,-0.19380154386344725
val,1,79,-0.0063195971108696266,-0.19415776570943802
val,1,80,-0.0063983855056061615,-0.19440486556373518
val,1,81,-0.006478008523168295,-0.1946996052065825
val,1,82,-0.006558549625838587,-0.1950191447601274
val,1,83,-0.006637254558292562,-0.19526074185221448
val,1,84,-0.006717879123245414,-0.1955347271082521
val,1,85,-0.006796584055699389,-0.1958008964378391
val,1,86,-0.006876207073261522,-0.19610249361869234
val,1,87,-0.0069559135531062155,-0.1963401911786113
val,1,88,-0.00703553657066835,-0.19651252038760433
val,1,89,-0.007114324965404884,-0.19683512782810794
val,1,90,-0.007194782605792616,-0.1971235591411719
val,1,91,-0.007273571000529151,-0.19738940336675345
val,1,92,-0.007352359395265686,-0.1976437388152159
val,1,93,-0.007432817035653418,-0.19791087457303996
val,1,94,-0.007512440053215551,-0.19814302314484755
val,1,95,-0.0075921465330602445,-0.19833696231781017
val,1,96,-0.007670851465514219,-0.19860054527065651
val,1,97,-0.007750474483076353,-0.19885649626538862
val,1,98,-0.007830180962921046,-0.19907497146303116
val,1,99,-0.007908885895375022,-0.1993038861912554
val,1,100,-0.007989426998045314,-0.19957046441556248
val,1,101,-0.008068215392781849,-0.199782663211569
val,1,102,-0.008147838410343982,-0.19999482682806963
val,1,103,-0.008227544890188674,-0.2002909895694584
val,1,104,-0.008307167907750808,-0.2004393775653612
val,1,105,-0.008385956302487342,-0.20064023961243893
val,1,106,-0.008465579320049476,-0.20088810123557582
val,1,107,-0.00854520233761161,-0.20108888625872884
val,1,108,-0.008623990732348144,-0.20130552257547552
val,1,109,-0.008703613749910279,-0.20153271172819784
val,1,110,-0.008783236767472412,-0.20177012376475104
val,1,111,-0.008862859785034545,-0.20195095979235397
val,1,112,-0.00894164817977108,-0.202131468847763
val,1,113,-0.009020436574507615,-0.2023956849650921
val,1,114,-0.009100059592069748,-0.20260149053372217
val,2,0,0.0,
val,2,1,-6.792835025127991e-05,0.1950207468879668
val,2,2,-0.00013830016633893682,0.17425227568270482
val,2,3,-0.00020940502217750678,0.15824214000347403
val,2,4,-0.00028118183112108046,0.15056707078607742
val,2,5,-0.00035228668695965045,0.14586591596288187
val,2,6,-0.00042400240925731465,0.14196296618273493
val,2,7,-0.000495168351741794,0.14097211868197407
val,2,8,-0.0005674949404985525,0.13946664927952013
val,2,9,-0.0006392106627962168,0.13857482460717807
val,2,10,-0.0007103155186347868,0.1381307728435005
val,2,11,-0.0007814203744733567,0.13693497130389412
val,2,12,-0.0008525252303119268,0.13649206694196914
val,2,13,-0.0009242409526095909,0.13581287112822982
val,2,14,-0.0009966897146581682,0.1356134272195522
val,2,15,-0.0010684054369558325,0.13503459305357576
val,2,16,-0.0011401211592534967,0.1344718573803083
val,2,17,-0.001212569921302074,0.1343045545161785
val,2,18,-0.001283674777140644,0.1338432122370937
val,2,19,-0.0013560013658974026,0.13371933483343396
val,2,20,-0.0014277170881950667,0.13331942959931176
val,2,21,-0.001500165850243644,0.13300896159670333
val,2,22,-0.001571270706082214,0.13302687076441874
val,2,23,-0.0016429864283798784,0.1327289211242067
val,2,24,-0.0017153741037825461,0.13262668607050543
val,2,25,-0.001787761779185214,0.13231583995329538
val,2,26,-0.0018594775014828782,0.1320542892083158
val,2,27,-0.0019318040902396368,0.1320772928208791
val,2,28,-0.002004252852288214,0.13173764145324598
val,2,29,-0.002075357708126784,0.13183337526506847
val,2,30,-0.0021476842968835425,0.13164935200305758
val,2,31,-0.0022194611058271164,0.13151435680182907
val,2,32,-0.002291848781229784,0.13132481068316912
val,2,33,-0.0023641753699865427,0.1312140736529594
val,2,34,-0.00243662413203512,0.131220401845239
val,2,35,-0.0025089507207918782,0.13091764425653546
val,2,36,-0.002581399482840456,0.13090482806530046
val,2,37,-0.002652443252033116,0.13080519334215787
val,2,38,-0.002724830927435784,0.1307072147420956
val,2,39,-0.002797218602838452,0.13074610914434573
val,2,40,-0.00286960627824112,0.13053558403667812
val,2,41,-0.002941993953643788,0.1305988640262265
val,2,42,-0.00301499249550555,0.13041428925824858
val,2,43,-0.003087380170908218,0.13033522734156358
val,2,44,-0.003159767846310886,0.13032462766083394
val,2,45,-0.003232155521713554,0.13012525177690829
val,2,46,-0.0033045431971162214,0.1301679330532562
val,2,47,-0.0033762589194138858,0.1300275970607468
val,2,48,-0.0034480357283574593,0.12997145988649064
val,2,49,-0.0035204234037601273,0.12986074200063782
val,2,50,-0.003592749992516886,0.129817909079545
val,2,51,-0.0036651987545654632,0.12981932940467558
val,2,52,-0.003738136209781316,0.12964613735839986
val,2,53,-0.003810584971829893,0.1296935035327182
val,2,54,-0.003882911560586652,0.12953782647274412
val,2,55,-0.003955360322635229,0.12952004014657287
val,2,56,-0.004027686911391988,0.12950804426671628
val,2,57,-0.004100746539899659,0.12937500571000485
val,2,58,-0.004172462262197323,0.1293971879545332
val,2,59,-0.0042455218907049945,0.1292662906770461
val,2,60,-0.004317848479461753,0.12929403391831137
val,2,61,-0.004390236154864421,0.12923631148520598
val,2,62,-0.004462623830267089,0.12914360580839682
val,2,63,-0.004535011505669757,0.12916556466543241
val,2,64,-0.00460801004753152,0.12901493703016695
val,2,65,-0.004679786856475093,0.1290813547374155
val,2,66,-0.004752174531877761,0.12898390659514042
val,2,67,-0.004821935481506324,0.1289738508761705
val,2,68,-0.004891146651321701,0.12890110563229304
val,2,69,-0.004961579554055268,0.12882074653105263
val,2,70,-0.005030790723870645,0.128826644453039
val,2,71,-0.005099940807040113,0.12871221787144177
val,2,72,-0.005169151976855492,0.12873277320646123
val,2,73,-0.005238974013129964,0.12865130077590142
val,2,74,-0.005308124096299432,0.1286371566861774
val,2,75,-0.005377946132573904,0.1285893760715203
val,2,76,-0.005447829255494286,0.12851986054125883
val,2,77,-0.0055175902051228486,0.12850363038981058
val,2,78,-0.005586740288292317,0.12841612108835365
val,2,79,-0.005656623411212698,0.12848238053820404
val,2,80,-0.005725773494382166,0.12839416200881035
val,2,81,-0.005794923577551635,0.12840121846201302
val,2,82,-0.005865417566931111,0.12831987609181394
val,2,83,-0.005934567650100579,0.12829163975240973
val,2,84,-0.006004389686375051,0.1282624860577519
val,2,85,-0.0060736008561904295,0.12817655199441538
val,2,86,-0.006143422892464901,0.12817207424756855
val,2,87,-0.006213244928739373,0.12811385771375242
val,2,88,-0.006282395011908842,0.1280874420365288
val,2,89,-0.00635154509507831,0.12804467966899616
val,2,90,-0.006421428217998692,0.12795216395642017
val,2,91,-0.006491189167627255,0.12796330506099618
val,2,92,-0.0065610112039017265,0.12788296722878753
val,2,93,-0.006630222373717104,0.12787854028977072
val,2,94,-0.006700044409991576,0.12782637581663162
val,2,95,-0.006769866446266048,0.12784932865133147
val,2,96,-0.006839016529435517,0.12774504117222948
val,2,97,-0.0069095105188149925,0.12774689900854114
val,2,98,-0.006979271468443555,0.12770815632965166
val,2,99,-0.007048482638258933,0.12766964008809878
val,2,100,-0.007118304674533405,0.12766566406128035
val,2,101,-0.007188126710807877,0.12759413061846958
val,2,102,-0.007257337880623255,0.12760693004652682
val,2,103,-0.007327098830251818,0.1275720788307745
val,2,104,-0.007396981953172199,0.1275536497866017
val,2,105,-0.007466742902800761,0.1274809576434557
val,2,106,-0.00753589298597023,0.12745444549167453
val,2,107,-0.007605165242431517,0.1274241864265012
val,2,108,-0.00767492619206008,0.1273601495463984
val,2,109,-0.007744748228334552,0.12735995417332982
val,2,110,-0.007814570264609024,0.12728760565911898
val,2,111,-0.007884392300883496,0.12728107963680851
val,2,112,-0.007953603470698874,0.1272228932453777
val,2,113,-0.00802403637343244,0.12722735351265735
val,2,114,-0.008093247543247818,0.1271992880125967
val,2,115,-0.008163680445981385,0.1271529590604118
val,2,116,-0.008232830529150853,0.12714836742016505
val,2,117,-0.008303263431884419,0.12707108616963564
val,2,118,-0.008372535688345707,0.1270843437238217
val,2,119,-0.008442296637974269,0.12700064265385438
val,2,120,-0.008512118674248741,0.12701536860815468
val,2,121,-0.008581940710523213,0.12696433561923598
val,2,122,-0.008651762746797685,0.12694236443959267
val,2,123,-0.008721584783072157,0.12690698844915896
val,2,124,-0.008790734866241625,0.12687378070525057
val,2,125,-0.008861228855621102,0.12685874572899455
val,2,126,-0.00893037893879057,0.1268078395105054
val,2,127,-0.009000200975065042,0.12681306347821455
val,2,128,-0.009070023011339514,0.1267221549390794
val,2,129,-0.009139845047613986,0.12673699321735904
val,2,130,-0.009209667083888458,0.12667061478624134
val,2,131,-0.00927948912016293,0.12666330465030398
val,2,132,-0.009349311156437402,0.12661175914249684
val,2,133,-0.009419133192711874,0.12659916067286972
val,2,134,-0.009488955228986346,0.1266022281743721
val,2,135,-0.009558105312155814,0.12654218715081647
val,2,136,-0.009628599301535291,0.12652602270293425
val,2,137,-0.009698360251163853,0.12646078379260856
val,2,138,-0.009767571420979232,0.12646810499494926
val,2,139,-0.009837393457253703,0.12640697500374196
val,2,140,-0.009907215493528175,0.12640620588191587
val,2,141,-0.009977037529802647,0.12634549411634513
val,2,142,-0.01004679847943121,0.12631312909322667
val,2,143,-0.010116070735892498,0.1262998243259463
val,2,144,-0.010186503638626063,0.12626415857605178
val,2,145,-0.01025693654135963,0.12624510834280878
val,2,146,-0.010326086624529099,0.12619875457771065
val,2,147,-0.01039596974744948,0.12619895910359785
val,2,148,-0.010466402650183046,0.12613153973742655
val,2,149,-0.010535613819998424,0.12614574825301753
val,2,150,-0.010605374769626986,0.12609907635980364
val,2,151,-0.010675868759006462,0.12607716310884257
val,2,152,-0.010745690795280934,0.12601873584376305
val,2,153,-0.010815512831555407,0.12600740320261594
val,2,154,-0.010885334867829879,0.12600592325434534
val,3,0,0.0,
val,3,1,-6.284316156365523e-05,0.14861995753715498
val,3,2,-0.00012629763792851333,0.05475810738968634
val,3,3,-0.00018907966801204828,-0.026792051100070973
val,3,4,-0.00025259527585702666,-0.08837643295121302
val,3,5,-0.0003172723818242905,-0.1335327422283944
val,3,6,-0.00038329438035420067,-0.16910192444761227
val,3,7,-0.00044931637888411083,-0.1961488500038206
val,3,8,-0.0005160108236953442,-0.21776350989834137
val,3,9,-0.0005833165833077804,-0.2356964434399905
val,3,10,-0.0006512947892015397,-0.24987958255284987
val,3,11,-0.000719884309896502,-0.26308620354154505
val,3,12,-0.0007884738305914641,-0.2751806583995004
val,3,13,-0.0008582859808888322,-0.285061540361421
val,3,14,-0.0009275479478651176,-0.2943784155615852
val,3,15,-0.000996809914841403,-0.3028606077899843
val,3,16,-0.001066010750337568,-0.31062506270693285
val,3,17,-0.001135822900634936,-0.31799150007870297
val,3,18,-0.0012063686286937474,-0.3240784780023781
val,3,19,-0.0012762419104712357,-0.3299352295128133
val,3,20,-0.001346726507049927,-0.33547368702678115
val,3,21,-0.0014166609203075354,-0.34060278719013526
val,3,22,-0.0014864730706049033,-0.3451538367992217
val,3,23,-0.0015564074838625118,-0.34926137024543447
val,3,24,-0.001626892080441203,-0.35333199563016965
val,3,25,-0.0016973766770198941,-0.3571107544141252
val,3,26,-0.0017672499587973825,-0.3606017575271141
val,3,27,-0.0018371232405748708,-0.36386334812935955
val,3,28,-0.0019076689686336821,-0.3669928145543495
val,3,29,-0.0019781535652123733,-0.36984961712335085
val,3,30,-0.0020486381617910642,-0.3727525684931507
val,3,31,-0.0021185725750486727,-0.375476876866509
val,3,32,-0.002189057171627364,-0.3779617088872168
val,3,33,-0.002259541768206055,-0.38025588220986234
val,3,34,-0.0023300874962648667,-0.3825075547720977
val,3,35,-0.0024005720928435576,-0.38460480048922185
val,3,36,-0.002471729135703572,-0.38670214347296133
val,3,37,-0.0025422137322822632,-0.3886060570998814
val,3,38,-0.0026121481455398717,-0.3904403791175518
val,3,39,-0.0026826327421185627,-0.39232394752730665
val,3,40,-0.002753789784978577,-0.39409143820495324
val,3,41,-0.0028242743815572683,-0.3956636382623225
val,3,42,-0.002894208794814877,-0.3970794362751344
val,3,43,-0.0029646322599134476,-0.39862585728332983
val,3,44,-0.003035177987972259,-0.40002919210840004
val,3,45,-0.0031057237160310703,-0.40142955686115933
val,3,46,-0.0031768196274109643,-0.40269940077956834
val,3,47,-0.003247365355469776,-0.4039720770273194
val,3,48,-0.003317238637247264,-0.40528757164202406
val,3,49,-0.0033877843653060753,-0.4064797317225032
val,3,50,-0.0034588802766859694,-0.40762190226409034
val,3,51,-0.0035293648732646608,-0.4086858870079029
val,3,52,-0.003599910601323472,-0.40974409651452454
val,3,53,-0.0036710676441834866,-0.41074819213832664
val,3,54,-0.0037416133722422977,-0.4118918275903089
val,3,55,-0.003811425522539666,-0.4128576990461359
val,3,56,-0.003881971250598477,-0.4137159681859896
val,3,57,-0.003952455847177168,-0.41462704510021225
val,3,58,-0.004023674021517303,-0.4155006276305102
val,3,59,-0.004094097486615874,-0.4165033391405343
val,3,60,-0.004164643214674685,-0.41733660495204106
val,3,61,-0.0042345164964521734,-0.4181221366006074
val,3,62,-0.004305612407832067,-0.41892393641363945
val,3,63,-0.004376158135890879,-0.419718884375478
val,3,64,-0.00444670386394969,-0.42049257127559897
val,3,65,-0.004517249592008501,-0.421196995156667
val,3,66,-0.004587673057107072,-0.42186853568908034
val,3,67,-0.004658218785165884,-0.42254275211762826
val,3,68,-0.004728764513224695,-0.423316457888811
val,3,69,-0.00479986042460459,-0.4240098702588615
val,3,70,-0.004870406152663401,-0.4246376257314415
val,3,71,-0.004940890749242092,-0.4252381203761661
val,3,72,-0.0050120477921021065,-0.4258942515059121
val,3,73,-0.005081921073879595,-0.4265783509011289
val,3,74,-0.005152405670458286,-0.4271438598522399
val,3,75,-0.0052235627133182996,-0.4276942847963446
val,3,76,-0.005294108441377112,-0.4282191471972494
val,3,77,-0.005364654169435923,-0.42878601381094444
val,3,78,-0.0054350776345344935,-0.429408978258034
val,3,79,-0.005506295808874628,-0.4299251667480072
val,3,80,-0.005576169090652117,-0.4304102492017912
val,3,81,-0.00564732613351213,-0.4309456913363964
val,3,82,-0.005717810730090821,-0.43145514151744313
val,3,83,-0.005788906641470716,-0.4319816768282848
val,3,84,-0.005859452369529527,-0.4324512135256954
val,3,85,-0.005929998097588339,-0.4329211055181408
val,3,86,-0.00600048269416703,-0.4333893766735164
val,3,87,-0.006070967290745721,-0.4339240537496076
val,3,88,-0.006142124333605736,-0.43435449909324375
val,3,89,-0.006212670061664547,-0.4348474910793263
val,3,90,-0.006283215789723358,-0.43526072442294306
val,3,91,-0.0063543728325833725,-0.4356965884146162
val,3,92,-0.006424184982880741,-0.436168045311927
val,3,93,-0.0064953420257407544,-0.4366095799693644
val,3,94,-0.006566499068600769,-0.4370523988855907
val,3,95,-0.006636372350378257,-0.4374337580336002
val,3,96,-0.006707529393238271,-0.43782915290547175
val,3,97,-0.006778013989816962,-0.4382671400411902
val,3,98,-0.006848559717875774,-0.438626501546634
val,3,99,-0.006919716760735788,-0.4390385093974183
val,3,100,-0.00699020135731448,-0.4393669157226641
val,3,101,-0.007060685953893171,-0.4397853282918008
val,3,102,-0.007131231681951982,-0.4401606847480768
val,3,103,-0.007201777410010793,-0.44054664018054934
val,3,104,-0.007272934452870808,-0.4408199000875521
val,3,105,-0.007342746603168176,-0.4412085781913157
val,3,106,-0.00741390364602819,-0.4415765538150581
val,3,107,-0.007484449374087002,-0.44197373888057345
val,3,108,-0.007555606416947015,-0.44228594667513094
val,3,109,-0.00762676345980703,-0.4426229508196721
val,3,110,-0.007697248056385721,-0.4429203065805748
val,3,111,-0.007767732652964412,-0.4432723535060586
val,3,112,-0.007838889695824426,-0.4436531811812195
val,3,113,-0.00791004673868444,-0.4440046455405181
val,3,114,-0.007980592466743252,-0.44431549073412774
val,3,115,-0.008051138194802064,-0.4445981573088138
val,3,116,-0.008121561659900635,-0.44492983177173046
val,3,117,-0.008192718702760648,-0.4452716159604423
val,3,118,-0.00826326443081946,-0.44561417844723483
val,3,119,-0.008334421473679474,-0.4458689330440341
val,3,120,-0.008404967201738285,-0.4461879104151135
val,3,121,-0.00847606311311818,-0.4464892863467328
val,3,122,-0.008546608841176992,-0.44683803317847703
val,3,123,-0.008617093437755682,-0.4470769619393137
val,3,124,-0.008688250480615696,-0.4473903632883885
val,3,125,-0.008758796208674507,-0.44764484291095785
val,3,126,-0.008829892120054403,-0.447941157713484
val,3,127,-0.008900437848113214,-0.4482656801663665
val,3,128,-0.008971533759493108,-0.4485642178220308
val,3,129,-0.009042079487551919,-0.44880127244110185
val,3,130,-0.009113236530411933,-0.4490645347399654
val,3,131,-0.009184393573271948,-0.44932502893317355
val,3,132,-0.00925493930133076,-0.4496290463976103
val,3,133,-0.00932536276642933,-0.4499123884715313
val,3,134,-0.009396580940769464,-0.4501683178608839
val,3,135,-0.009467065537348156,-0.45038473901638565
val,3,136,-0.00953822258020817,-0.4507061117567115
val,3,137,-0.009608768308266982,-0.4510212621180777
val,3,138,-0.009679925351126996,-0.45127126046766236
val,3,139,-0.009750409947705686,-0.4514906820328008
val,3,140,-0.009820894544284378,-0.4517096879125926
val,3,141,-0.009892051587144393,-0.45199165567896404
val,3,142,-0.009963208630004406,-0.4522562632055539
val,3,143,-0.01003436567286442,-0.4525038777697017
val,3,144,-0.010104911400923232,-0.4527527561047301
val,3,145,-0.010176068443783246,-0.45298614729171977
val,3,146,-0.010246553040361938,-0.45323102103126983
val,3,147,-0.010317648951741832,-0.45351596242933634
val,3,148,-0.010388805994601846,-0.45373618457016046
val,3,149,-0.01045996303746186,-0.4539776261897998
val,3,150,-0.010530508765520672,-0.45421390657036514
val,3,151,-0.010601665808380685,-0.4544396502781878
val,3,152,-0.0106728228512407,-0.4547229869539316
val,3,153,-0.010742635001538069,-0.45495328281059577
val,3,154,-0.010813853175878203,-0.4551508424982343
val,3,155,-0.010885621533539419,-0.45537698899678164
val,3,156,-0.010956778576399434,-0.45559459654401385
val,3,157,-0.011027935619259448,-0.45584325610126514
val,4,0,0.0,
val,4,1,-6.497127102890304e-05,0.22382478632478633
val,4,2,-0.0001306718734444729,0.19733333333333333
val,4,3,-0.00019625092062893162,0.1815751960085531
val,4,4,-0.0002625592992000572,0.17052293700682092
val,4,5,-0.0003281991240000715,0.16577368195456493
val,4,6,-0.0003932311726445301,0.16100482746290004
val,4,7,-0.0004594787736001001,0.15773741089905727
val,4,8,-0.0005251185984001144,0.1556122448979592
val,4,9,-0.0005913661993556844,0.15324892498805542
val,4,10,-0.0006576745779268099,0.15119092424323888
val,4,11,-0.0007245907326534912,0.14977499510858933
val,4,12,-0.0007902305574535054,0.14848552838231996
val,4,13,-0.000856538936024631,0.14738543134167564
val,4,14,-0.0009234550907513122,0.14610677033216582
val,4,15,-0.0009897026917068822,0.14517172007472337
val,4,16,-0.0010553425165068964,0.14437817985781193
val,4,17,-0.0011223194488491333,0.1434823977164605
val,4,18,-0.0011885670498047033,0.14297270575546034
val,4,19,-0.0012548146507602733,0.14217578923461277
val,4,20,-0.0013210622517158433,0.14155854665120168
val,4,21,-0.0013874314079025244,0.1411063436191259
val,4,22,-0.0014536790088580944,0.1406529791252729
val,4,23,-0.0015193188336581087,0.14023188133683814
val,4,24,-0.0015861742107692344,0.13985605038236618
val,4,25,-0.001653151143111471,0.1394545336759593
val,4,26,-0.001719398744067041,0.1390630840151169
val,4,27,-0.0017850385688670553,0.1387427748554971
val,4,28,-0.0018520155012092922,0.13839655937204684
val,4,29,-0.0019182631021648622,0.1381879132135208
val,4,30,-0.001984510703120432,0.13790309512234647
val,4,31,-0.0020508190816915578,0.13761979438926641
val,4,32,-0.002117735236418239,0.1373995543250726
val,4,33,-0.002183982837373809,0.1372134905042567
val,4,34,-0.0022502912159449344,0.1370021930521565
val,4,35,-0.0023172073706716157,0.1367460672769656
val,4,36,-0.0023834549716271855,0.1365403377110694
val,4,37,-0.002449763350198311,0.13628264298650464
val,4,38,-0.0025160717287694367,0.13619103153044246
val,4,39,-0.002582319329725007,0.13607450214110506
val,4,40,-0.0026485669306805766,0.1359349241953355
val,4,41,-0.002714875309251702,0.13565891472868216
val,4,42,-0.0027811836878228278,0.13550072718380374
val,4,43,-0.0028480390649339537,0.13538078596032485
val,4,44,-0.0029150159972761904,0.13519590136743945
val,4,45,-0.00298126359823176,0.1351354598426143
val,4,46,-0.0030482405305739973,0.13498107796817338
val,4,47,-0.003114488131529567,0.13475364953007626
val,4,48,-0.0031807357324851373,0.13462274990425124
val,4,49,-0.003246983333440707,0.13447214221869103
val,4,50,-0.0033133524896273884,0.13439970582827726
val,4,51,-0.003379600090582958,0.13426426617469306
val,4,52,-0.0034465162453096395,0.13407443611368197
val,4,53,-0.0035127638462652093,0.13398706148854106
val,4,54,-0.003579072224836335,0.13392356381700185
val,4,55,-0.003645319825791905,0.13381777419418278
val,4,56,-0.0037129045342896975,0.13367780567896465
val,4,57,-0.0037791521352452673,0.13359774553804404
val,4,58,-0.003845460513816393,0.13349559832885705
val,4,59,-0.003911768892387518,0.13343417675100844
val,4,60,-0.003978624269498644,0.1333603786342123
val,4,61,-0.00404493264806977,0.13328072213305905
val,4,62,-0.004111241026640895,0.1331640754506273
val,4,63,-0.004177488627596465,0.13311122369245829
val,4,64,-0.004244404782323147,0.13299918011309367
val,4,65,-0.004310713160894272,0.13290164712149083
val,4,66,-0.004377568538005398,0.13289287090242882
val,4,67,-0.004443876916576523,0.1327444346653532
val,4,68,-0.004509516741376537,0.1326729522218244
val,4,69,-0.004577040672258775,0.13262865701134643
val,4,70,-0.0046433490508299,0.1325562881147636
val,4,71,-0.004709657429401026,0.13248797884581678
val,4,72,-0.004775905030356595,0.13242654242128205
val,4,73,-0.004842821185083277,0.13235839127147664
val,4,74,-0.004909129563654403,0.13227358476769863
val,4,75,-0.004975377164609973,0.13221894366247988
val,4,76,-0.005041624765565542,0.132150968651435
val,4,77,-0.005108601697907779,0.13203741575481576
val,4,78,-0.005175457075018905,0.13200688200688201
val,4,79,-0.005241765453590031,0.13190358441843103
val,4,80,-0.005308073832161156,0.1318253152226852
val,4,81,-0.0053749292092722814,0.13177041228779304
val,4,82,-0.0054412375878434074,0.1317154623934106
val,4,83,-0.005507545966414533,0.13164192145432732
val,4,84,-0.005573793567370103,0.13157267391290342
val,4,85,-0.005640101945941228,0.13150086593317034
val,4,86,-0.005707625876823465,0.13144281237019975
val,4,87,-0.0057739342553945906,0.13138740621850623
val,4,88,-0.0058402426339657166,0.13129020751073225
val,4,89,-0.005907098011076842,0.13125102625385415
val,4,90,-0.005973406389647967,0.13121399102707515
val,4,91,-0.006039714768219093,0.13115475666480295
val,4,92,-0.006105962369174663,0.13107327347822506
val,4,93,-0.006172209970130233,0.1310152957884199
val,4,94,-0.006239794678628025,0.1309342823578191
val,4,95,-0.006306042279583595,0.1309116809116809
val,4,96,-0.006372350658154721,0.13086726062929965
val,4,97,-0.0064386590367258465,0.1308137912560133
val,4,98,-0.006505514413836972,0.13075516618517066
val,4,99,-0.006571822792408098,0.1306944011548746
val,4,100,-0.006638131170979223,0.13062472932005198
val,4,101,-0.006704986548090349,0.1305790351022946
val,4,102,-0.006771963480432586,0.1305263940046918
val,4,103,-0.006838211081388156,0.1304788886377613
val,4,104,-0.006904458682343726,0.13044972071401428
val,4,105,-0.0069714356146859625,0.1303785132745188
val,4,106,-0.007037683215641533,0.13029465694862274
val,4,107,-0.007103930816597103,0.13026428307586438
val,4,108,-0.007170907748939339,0.13020047424013795
val,4,109,-0.007237155349894909,0.13016525846782004
val,4,110,-0.007304071504621591,0.13011891636478184
val,4,111,-0.007370379883192716,0.13002292571094093
val,4,112,-0.007437235260303842,0.1299891707920792
val,4,113,-0.007503543638874967,0.12991624180626365
val,4,114,-0.007570459793601649,0.12984810920178963
val,4,115,-0.007636707394557219,0.1297991355199593
val,4,116,-0.007703015773128344,0.12976240489193858
val,4,117,-0.00776932415169947,0.12973573378997547
val,4,118,-0.007836179528810595,0.12969157982167523
val,4,119,-0.007903156461152833,0.12961016386132082
val,4,120,-0.007970011838263957,0.1295891845059745
val,4,121,-0.008036380994450639,0.12954981807440824
val,4,122,-0.00810262859540621,0.12951134744532675
val,4,123,-0.00816887619636178,0.12944553531333375
val,4,124,-0.00823579235108846,0.12942882222697755
val,4,125,-0.008302100729659586,0.1293588593857631
val,4,126,-0.008368348330615156,0.12932909270640822
val,4,127,-0.008434656709186281,0.1292786204367423
val,4,128,-0.008501572863912963,0.12922824371607355
val,4,129,-0.008568489018639644,0.12916091167469218
val,4,130,-0.008635405173366325,0.12910133142257252
val,4,131,-0.008701652774321895,0.12903079110993518
val,4,132,-0.00876796115289302,0.12897468510236737
val,4,133,-0.008834877307619702,0.128938731298916
val,4,134,-0.008901124908575272,0.12884920843420727
val,4,135,-0.008967433287146397,0.12882881798596652
val,4,136,-0.009034957218028635,0.1287782848677451
val,4,137,-0.00910126559659976,0.1287324422516614
val,4,138,-0.009167573975170885,0.12870750862485134
val,4,139,-0.009233821576126455,0.12866622764804214
val,4,140,-0.009300737730853137,0.12863327388298468
val,4,141,-0.009367046109424262,0.12860325752919483
val,4,142,-0.009433293710379832,0.12854598093552486
val,4,143,-0.009500878418877624,0.1285160185753354
val,4,144,-0.009567126019833195,0.12845116831921521
val,4,145,-0.009634042174559876,0.12841671927707693
val,4,146,-0.009700350553131001,0.12836875222604774
val,4,147,-0.009766598154086571,0.12831038281972576
val,4,148,-0.009833514308813253,0.12825148872158434
val,4,149,-0.009899822687384378,0.12820382313805614
val,4,150,-0.009966070288339948,0.1281414203427168
val,4,151,-0.01003365499683774,0.12810311674893812
val,4,152,-0.01009990259779331,0.1280569078454992
val,4,153,-0.01016615019874888,0.12801175491706057
val,4,154,-0.010233127131091117,0.12795483326298016
val,4,155,-0.010299374732046687,0.12791656764200138
val,4,156,-0.010365683110617812,0.1278935707687713
val,5,0,0.0,
val,5,1,-6.156785510141295e-05,0.20346320346320346
val,5,2,-0.0001212194416203522,0.16165718927701056
val,5,3,-0.00018148917929492814,0.13397215693364672
val,5,4,-0.00024114076581386738,0.11506105834464044
val,5,5,-0.00030134868837287964,0.1009124484032153
val,5,6,-0.00036038212373618224,0.09296004349007883
val,5,7,-0.0004200337102551215,0.08625776397515528
val,5,8,-0.0004796234816584971,0.08086436531666213
val,5,9,-0.000538595101906236,0.07763881336475137
val,5,10,-0.0005975667221539749,0.07406601772798956
val,5,11,-0.0006572801237884778,0.07089884307327203
val,5,12,-0.0007162517440362167,0.06871855310276052
val,5,13,-0.0007752233642839557,0.06628169721315591
val,5,14,-0.0008348131356873313,0.06442087267358278
val,5,15,-0.0008945265373218341,0.06288532675709001
val,5,16,-0.0009534363424540094,0.0613077629297154
val,5,17,-0.0010137060801285853,0.06000576055301309
val,5,18,-0.0010734194817630883,0.05889641000846126
val,5,19,-0.0011330092531664638,0.05749298516864227
val,5,20,-0.0011925990245698394,0.05649087496940191
val,5,21,-0.0012522506110887786,0.05554116367027615
val,5,22,-0.001311902197607718,0.05470102378950492
val,5,23,-0.0013721719352822938,0.053760643330179755
val,5,24,-0.0014318235218012331,0.05294530948981211
val,5,25,-0.0014914132932046086,0.05218034641831317
val,5,26,-0.0015517448459947483,0.05144459089102282
val,5,27,-0.0016113346173981238,0.05093282830317927
val,5,28,-0.001670986203917063,0.050123365648009635
val,5,29,-0.001731255941591639,0.04952352367374503
val,5,30,-0.0017909075281105783,0.04893836920454751
val,5,31,-0.0018511772657851544,0.04822406289484767
val,5,32,-0.0019107670371885299,0.047951725310215874
val,5,33,-0.0019704804388230327,0.04739297430064454
val,5,34,-0.0020307501764976086,0.046879249932001085
val,5,35,-0.0020910199141721845,0.04650150756892854
val,5,36,-0.0021512896518467604,0.04597718516280124
val,5,37,-0.0022109412383656997,0.045367675163917556
val,5,38,-0.0022712109760402756,0.04503356761476689
val,5,39,-0.002331480713714852,0.04460375463750732
val,5,40,-0.0023904523339625906,0.04414044439609453
val,5,41,-0.00245078388675273,0.043913764510779434
val,5,42,-0.002511671775582943,0.04361733815092531
val,5,43,-0.0025713233621018823,0.043136163537924405
val,5,44,-0.0026309131335052575,0.04288539992582519
val,5,45,-0.0026912446862953974,0.04254753357266321
val,5,46,-0.0027515144239699733,0.042127790389708666
val,5,47,-0.002811784161644549,0.04184603990186548
val,5,48,-0.002872053899319125,0.04152076604906794
val,5,49,-0.002932323636993701,0.041173140326143665
val,5,50,-0.0029926551897838404,0.040978167458962
val,5,51,-0.0030528631123428527,0.04069662034617723
val,5,52,-0.0031131946651329926,0.04035353799487475
val,5,53,-0.003172784436536368,0.04013752052545156
val,5,54,-0.003233115989326508,0.03984649630845781
val,5,55,-0.0032933239118855197,0.03952846702334919
val,5,56,-0.0033536554646756596,0.03931700304978729
val,5,57,-0.003413987017465799,0.039159184374493096
val,5,58,-0.0034741949400248114,0.03884023180360458
val,5,59,-0.003534526492814951,0.03863313729466639
val,5,60,-0.003594734415373963,0.038388672848738654
val,5,61,-0.003655065968164103,0.03811451293664521
val,5,62,-0.0037153975209542425,0.037937598133382454
val,5,63,-0.003774987292357618,0.03770750783414912
val,5,64,-0.003835257030032194,0.037441471145593444
val,5,65,-0.00389552676770677,0.03734228053147696
val,5,66,-0.00395585832049691,0.037105094019347716
val,5,67,-0.004016746209327122,0.03683561154582941
val,5,68,-0.004076397795846062,0.03665461641819694
val,5,69,-0.004137347499791838,0.036509237656851
val,5,70,-0.00419755542235085,0.03629752785244807
val,5,71,-0.0042578869751409894,0.036092897849132916
val,5,72,-0.004318156712815565,0.03597649404797873
val,5,73,-0.004377808299334505,0.03572226774938538
val,5,74,-0.004438758003280281,0.035592236291881324
val,5,75,-0.004498965925839293,0.035450656225074324
val,5,76,-0.0045592974786294324,0.03524125050983535
val,5,77,-0.004619567216304008,0.035024154589371984
val,5,78,-0.004680455105134222,0.03490925823926821
val,5,79,-0.004740786657924361,0.034645831899222136
val,5,80,-0.0047997582781721,0.03449893274237625
val,5,81,-0.004860707982117876,0.03437487411545124
val,5,82,-0.004920977719792452,0.03418707058917155
val,5,83,-0.004981865608622665,0.034030899060448414
val,5,84,-0.005042197161412804,0.03392332293190735
val,5,85,-0.0051024050839718164,0.033747904750937266
val,5,86,-0.005162736636761956,0.03360207404597047
val,5,87,-0.005223006374436532,0.033491477112907155
val,5,88,-0.005283276112111108,0.03328884110093557
val,5,89,-0.005343607664901248,0.033116831537977426
val,5,90,-0.0054038155874602594,0.03305096010924339
val,5,91,-0.005464765291406036,0.03293236048116742
val,5,92,-0.005524416877924976,0.0327213835660161
val,5,93,-0.0055846866155995515,0.03263303766160107
val,5,94,-0.005645636319545328,0.03248909509539622
val,5,95,-0.00570584424210434,0.03227837594949027
val,5,96,-0.005766175794894479,0.032202698569146586
val,5,97,-0.005825827381413419,0.03208373276823806
val,5,98,-0.005886715270243631,0.03193354714845354
val,5,99,-0.005947046823033771,0.03180375053555538
val,5,100,-0.006007934711863984,0.03172989080784792
val,5,101,-0.00606820444953856,0.03155673050519844
val,5,102,-0.006128536002328699,0.0314594162335066
val,5,103,-0.006188743924887712,0.031334142864685076
val,5,104,-0.006249075477677851,0.031153104068518005
val,5,105,-0.006309345215352427,0.031057573293697856
val,5,106,-0.006369614953027003,0.030969615201120387
val,5,107,-0.006430564656972779,0.03080754180007115
val,5,108,-0.006490154428376155,0.03065334729718843
val,5,109,-0.006551104132321931,0.030581650012222683
val,5,110,-0.00661143568511207,0.030466915490520798
val,5,111,-0.006671643607671082,0.030314461095298516
val,5,112,-0.006732593311616859,0.030257274223540666
val,5,113,-0.006792244898135799,0.03013883207815019
val,5,114,-0.0068525146358103745,0.02999356054282239
val,5,115,-0.006912846188600514,0.029912711247292913
val,5,116,-0.006973054111159526,0.02982702854732105
val,5,117,-0.007033385663949666,0.02967927237912877
val,5,118,-0.007094335367895442,0.029589179972811686
val,5,119,-0.007154605105570018,0.029487161912073147
val,5,120,-0.00721549299440023,0.02932673572406043
val,5,121,-0.007275144580919169,0.029237295752368282
val,5,122,-0.007335414318593745,0.029198609377785702
val,5,123,-0.007395745871383886,0.029080074092739706
val,5,124,-0.007455953793942898,0.028929515824186427
val,5,125,-0.007516285346733037,0.028849709197367332
val,5,126,-0.0075772350506788134,0.028754903610870155
val,5,127,-0.007637442973237826,0.028626599702858805
val,5,128,-0.007698392677183602,0.028559412754243767
val,5,129,-0.007758724229973741,0.028457015195902796
val,5,130,-0.007818932152532754,0.028317355150663387
val,5,131,-0.00787988185647853,0.02825846031238715
val,5,132,-0.007940151594153106,0.028163734403255904
val,5,133,-0.007999803180672045,0.02804227396308183
val,5,134,-0.008060134733462185,0.02797029702970297
val,5,135,-0.008121022622292397,0.02790006404085726
val,5,136,-0.008181292359966973,0.027774779205098372
val,5,137,-0.00824224206391275,0.027615823334934137
val,5,138,-0.008301831835316126,0.027558108837586835
val,5,139,-0.008362163388106265,0.02746863716911089
val,5,140,-0.008423051276936478,0.027330914966171342
val,5,141,-0.008483321014611054,0.027272376691990282
val,5,142,-0.008542972601129992,0.02718319459016519
val,5,143,-0.008603922305075768,0.02707358158388057
val,5,144,-0.008664192042750344,0.026987327623967255
val,5,145,-0.00872514174669612,0.02695162058478304
val,5,146,-0.008784731518099496,0.026815043239257222
val,5,147,-0.008845063070889636,0.026728710615285596
val,5,148,-0.00890595095971985,0.02665863282656458
val,5,149,-0.008966220697394426,0.026562978965653145
val,5,150,-0.009027170401340202,0.02644762312137052
val,5,151,-0.00908750195413034,0.026387618560636067
val,5,152,-0.009147091725533716,0.026318142955773928
val,5,153,-0.009208041429479492,0.026206553415310255
val,6,0,0.0,
val,6,1,-7.308219315396158e-05,0.3386752136752137
val,6,2,-0.0001446003705011263,0.3411639081687133
val,6,3,-0.00021469671529665755,0.34551613478338383
val,6,4,-0.0002847930600921888,0.34831460674157305
val,6,5,-0.0003541073969843216,0.3505673303361165
val,6,6,-0.0004242037417798528,0.3522119158044952
val,6,7,-0.0004942289949478024,0.35369209600978446
val,6,8,-0.0005643253397433336,0.3548689138576779
val,6,9,-0.0006344216845388649,0.3559070099292467
val,6,10,-0.0007037360214309977,0.35607641676031465
val,6,11,-0.0007746143741299273,0.35645490806498686
val,6,12,-0.0008438576193944785,0.3567543468568881
val,6,13,-0.0009139539641900097,0.35735748096316117
val,6,14,-0.0009832683010821425,0.35775713794289643
val,6,15,-0.0010533646458776738,0.3583250107005279
val,6,16,-0.0011233898990456233,0.3586451332463972
val,6,17,-0.0011927753275653378,0.3588581500015737
val,6,18,-0.0012620896644574707,0.3591321147272997
val,6,19,-0.0013321149176254202,0.35913966386081475
val,6,20,-0.0014022112624209515,0.35921784720736144
val,6,21,-0.001471596690940666,0.3594956056553305
val,6,22,-0.001540839936205217,0.3598161523309258
val,6,23,-0.0016109362810007484,0.3600037214495046
val,6,24,-0.0016803217095204628,0.36004190162034455
val,6,25,-0.001750418054315994,0.3600804553430051
val,6,26,-0.0018203722158563619,0.36011274096323576
val,6,27,-0.0018897576443760765,0.36028450291239056
val,6,28,-0.0019598539891716076,0.3604111342490878
val,6,29,-0.0020291683260637403,0.3606817427232818
val,6,30,-0.0020984826629558734,0.3608208822165959
val,6,31,-0.002167796999848006,0.3608033957966663
val,6,32,-0.002237893344643537,0.360870582728762
val,6,33,-0.0023072076815356703,0.3608688604311882
val,6,34,-0.0023773040263312013,0.3609647121753221
val,6,35,-0.0024465472715957527,0.3611009230393056
val,6,36,-0.002517425624294682,0.361128032925724
val,6,37,-0.002586739961186815,0.3611946339771019
val,6,38,-0.0026561253897065297,0.3612894144144144
val,6,39,-0.002726150642874479,0.3612375884579516
val,6,40,-0.0027954649797666117,0.3612344226346473
val,6,41,-0.0028648504082863266,0.36139595564253096
val,6,42,-0.0029340936535508775,0.36155472351697615
val,6,43,-0.0030041899983464086,0.3616415181181505
val,6,44,-0.0030735754268661234,0.36158858282074346
val,6,45,-0.0031436006800340728,0.3615637889431706
val,6,46,-0.003213697024829604,0.36152969629319565
val,6,47,-0.003283011361721737,0.36158275673707213
val,6,48,-0.0033523256986138696,0.36170852927410907
val,6,49,-0.0034216400355060023,0.36175484941435887
val,6,50,-0.0034910254640257168,0.36178270358166803
val,6,51,-0.0035611218088212482,0.36183334207352247
val,6,52,-0.003630365054085799,0.36188575602028533
val,6,53,-0.0036997504826055136,0.3618509360649947
val,6,54,-0.0037682828115942484,0.3619299496810492
val,6,55,-0.003837668240113963,0.36201664980938303
val,6,56,-0.003908404409557729,0.36203257080089785
val,6,57,-0.003977718746449862,0.3619968096087079
val,6,58,-0.004047815091245393,0.36202667060147187
val,6,59,-0.004117200519765107,0.3620219198448024
val,6,60,-0.004186443765029658,0.3621305995096947
val,6,61,-0.004255829193549374,0.3621465211100881
val,6,62,-0.004325143530441506,0.362150177714897
val,6,63,-0.004395168783609456,0.36216835760071314
val,6,64,-0.00446455421212917,0.36216997768510084
val,6,65,-0.004533868549021303,0.36220828807478356
val,6,66,-0.004603182885913435,0.362265985898371
val,6,67,-0.00467256831443315,0.36229442759061153
val,6,68,-0.0047425935676011,0.36231770054906154
val,6,69,-0.004811196988217416,0.36226918246794526
val,6,70,-0.004881293333012947,0.36229425519233416
val,6,71,-0.004950536578277498,0.3623474461353021
val,6,72,-0.0050199220067972125,0.36240992496842733
val,6,73,-0.0050891652520617635,0.36241207502930833
val,6,74,-0.005158550680581478,0.36243187370794966
val,6,75,-0.00522864702537701,0.36245052241201015
val,6,76,-0.005297961362269142,0.36240595153468796
val,6,77,-0.005367275699161275,0.3624825459016735
val,6,78,-0.005437372043956806,0.36249862848365155
val,6,79,-0.005506686380848939,0.3625247135931533
val,6,80,-0.005576000717741072,0.3624942331222712
val,6,81,-0.005645386146260787,0.3624993396375931
val,6,82,-0.005714629391525338,0.36256890309533907
val,6,83,-0.005784014820045052,0.3625829735129213
val,6,84,-0.005853329156937185,0.3625978260177408
val,6,85,-0.005922643493829318,0.36258369833358506
val,6,86,-0.005991957830721451,0.3625625874669569
val,6,87,-0.006061272167613583,0.3625788522312261
val,6,88,-0.0061306575961332975,0.3626312174425743
val,6,89,-0.006200682849301247,0.3626649036872314
val,6,90,-0.00626999718619338,0.36264977177634083
val,6,91,-0.006339382614713095,0.36264989419233484
val,6,92,-0.006408625859977646,0.36264055722874056
val,6,93,-0.00647801128849736,0.3626779397808645
val,6,94,-0.0065465436174860945,0.3627553633414898
val,6,95,-0.006615929046005809,0.36271037562148434
val,6,96,-0.006685954299173759,0.36271647313170036
val,6,97,-0.006755268636065892,0.36270941556651115
val,6,98,-0.006824654064585606,0.36275954673478744
val,6,99,-0.006893968401477739,0.3627939396559177
val,6,100,-0.006962571822094055,0.36276686227205374
val,6,101,-0.007031815067358606,0.3627316494446769
val,6,102,-0.00710120049587832,0.36277152536684115
val,6,103,-0.007171296840673852,0.3627851177863642
val,6,104,-0.007240540085938403,0.3628307204871827
val,6,105,-0.007309925514458118,0.36283929735898274
val,6,106,-0.007378457843446852,0.3627862614681214
val,6,107,-0.0074478432719665665,0.3628178336816214
val,6,108,-0.007517868525134516,0.3628632421482241
val,6,109,-0.0075871828620266485,0.36286143336670396
val,6,110,-0.007656568290546364,0.36283663525223936
val,6,111,-0.007725100619535098,0.36283463049083153
val,6,112,-0.007793775131778996,0.3628643616894251
val,6,113,-0.007863729293319363,0.36289272747068596
val,6,114,-0.007933114721839078,0.3629167350960749
val,6,115,-0.008001647050827813,0.36288450714707676
val,6,116,-0.008071743395623344,0.36286038404072823
val,6,117,-0.008141128824143059,0.3629085721862298
val,6,118,-0.008210372069407609,0.3629588325694624
val,6,119,-0.008279757497927323,0.362943683245226
val,6,120,-0.008349071834819456,0.3629117817501003
val,6,121,-0.00841838617171159,0.3629358479555432
val,6,122,-0.008487771600231304,0.36295474575453707
val,6,123,-0.008556303929220039,0.36296264080372287
val,6,124,-0.008625689357739753,0.36297120768945373
val,6,125,-0.008694932603004303,0.362956305901485
val,6,126,-0.008764318031524018,0.3629647869982763
val,6,127,-0.00883356127678857,0.3630037740935436
val,6,128,-0.008902946705308284,0.3630026495933668
val,6,129,-0.008970768118021201,0.3629694750504879
val,6,130,-0.009040153546540915,0.36296113408637326
val,6,131,-0.009110178799708865,0.3630149292737905
val,6,132,-0.009179493136600998,0.3630376812533941
val,7,0,0.0,
val,7,1,-6.915685562475438e-05,0.1429316640584246
val,7,2,-0.0001410031445238048,0.04652976345204055
val,7,3,-0.0002135538088042184,-0.03197372969236087
val,7,4,-0.00028668078021483836,-0.09008776458440888
val,7,5,-0.00035923144449525197,-0.13119143239625167
val,7,6,-0.0004330627912872351,-0.16294585578650245
val,7,7,-0.0005069581722047967,-0.18698830409356726
val,7,8,-0.0005794448023596319,-0.20530646087122903
val,7,9,-0.0006526358078958304,-0.22003506985689236
val,7,10,-0.0007251864721762439,-0.23217643172925453
val,7,11,-0.0007976731023310791,-0.2423348241043847
val,7,12,-0.0008708641078672774,-0.251149837545888
val,7,13,-0.0009440551134034759,-0.2593327111525898
val,7,14,-0.001016541743558311,-0.2665272117430663
val,7,15,-0.0010890283737131463,-0.2729198184568835
val,7,16,-0.0011622834133749231,-0.27904414079717904
val,7,17,-0.0012347700435297582,-0.284263809129122
val,7,18,-0.0013073207078101719,-0.28919802229112546
val,7,19,-0.0013805117133463703,-0.29346446700507617
val,7,20,-0.0014536386847569902,-0.297578115196386
val,7,21,-0.0015261893490374039,-0.3014595227289014
val,7,22,-0.001599380354573602,-0.30486498803691464
val,7,23,-0.0016725713601098006,-0.30821843211570715
val,7,24,-0.0017451220243902142,-0.31137074900897144
val,7,25,-0.0018176086545450493,-0.31445445445445447
val,7,26,-0.001891504035462611,-0.3170623773425174
val,7,27,-0.001964631006873231,-0.3197711026334309
val,7,28,-0.0020371816711536447,-0.3221936589545844
val,7,29,-0.002110372676689843,-0.3245394861544294
val,7,30,-0.002183499648100463,-0.3265734265734266
val,7,31,-0.0022567546877622397,-0.32864046391752577
val,7,32,-0.0023298816591728598,-0.33059810926336153
val,7,33,-0.0024031366988346366,-0.33247138169335694
val,7,34,-0.0024762636702452567,-0.3343018989756685
val,7,35,-0.0025494546757814547,-0.3359318217446451
val,7,36,-0.002622645681317653,-0.3376089094510548
val,7,37,-0.0026958366868538516,-0.33924408812234724
val,7,38,-0.00276902769239005,-0.3407665870871265
val,7,39,-0.0028422186979262486,-0.3420864320580643
val,7,40,-0.002915409703462447,-0.34351915291186547
val,7,41,-0.002988600708998645,-0.34481669157765543
val,7,42,-0.0030624320557906285,-0.3461378811418542
val,7,43,-0.0031356870954524054,-0.3474443762378531
val,7,44,-0.003208814066863025,-0.3487624630776021
val,7,45,-0.003282709447780587,-0.3498119052887807
val,7,46,-0.0033558364191912065,-0.35093776041384833
val,7,47,-0.003429091458852984,-0.3519736493714189
val,7,48,-0.0035022184302636035,-0.3529857013987537
val,7,49,-0.0035754734699253803,-0.35387912210678124
val,7,50,-0.0036493048167173634,-0.35488590109769813
val,7,51,-0.003722495822253562,-0.3557875225598751
val,7,52,-0.0037956868277897603,-0.3567519470330469
val,7,53,-0.0038695181745817433,-0.3576677961011047
val,7,54,-0.003942773214243521,-0.3585324515023673
val,7,55,-0.004016604561035504,-0.3593525342496722
val,7,56,-0.004089795566571702,-0.36018898420987194
val,7,57,-0.004163626913363685,-0.3609722476684028
val,7,58,-0.004236817918899884,-0.3616371882474987
val,7,59,-0.004310713299817445,-0.36232934434518793
val,7,60,-0.004384544646609428,-0.3631173351010938
val,7,61,-0.004457095310889842,-0.36389642778552045
val,7,62,-0.004530926657681825,-0.36457448002694076
val,7,63,-0.0046041176632180235,-0.36525533392248455
val,7,64,-0.004678013044135585,-0.3658858616297493
val,7,65,-0.00475178035680199,-0.36650251579060056
val,7,66,-0.0048243310210824035,-0.3670660170633815
val,7,67,-0.0048981623678743865,-0.36773356080554837
val,7,68,-0.004972057748791948,-0.36830758437230515
val,7,69,-0.00504595312970951,-0.3688353402085614
val,7,70,-0.005119784476501493,-0.36945333740319297
val,7,71,-0.005192975482037692,-0.3699709576962105
val,7,72,-0.005266102453448311,-0.370578412023683
val,7,73,-0.005339997834365873,-0.37112405738709064
val,7,74,-0.005413188839902072,-0.3716506992326232
val,7,75,-0.005487020186694055,-0.3721806752469083
val,7,76,-0.005560915567611616,-0.3726428351994562
val,7,77,-0.005634106573147815,-0.373111412166957
val,7,78,-0.005707937919939798,-0.37359341268173396
val,7,79,-0.005781833300857359,-0.37401210932342455
val,7,80,-0.0058557286817749205,-0.37447228568590446
val,7,81,-0.005928855653185541,-0.3749823711561456
val,7,82,-0.006002751034103103,-0.37541942751929064
val,7,83,-0.006075878005513722,-0.3758444278234854
val,7,84,-0.006149773386431284,-0.3763051164110629
val,7,85,-0.006223668767348846,-0.37669067942673184
val,7,86,-0.006296795738759466,-0.37711061834476706
val,7,87,-0.006371331460932812,-0.37747425857857125
val,7,88,-0.006445226841850373,-0.377845365594917
val,7,89,-0.0065183538132609934,-0.37823030573532695
val,7,90,-0.006592249194178555,-0.37866809372224275
val,7,91,-0.006666144575096117,-0.37908739230781824
val,7,92,-0.006739271546506736,-0.37945103457208545
val,7,93,-0.006812526586168513,-0.3798142117345577
val,7,94,-0.006886357932960497,-0.380170178153604
val,7,95,-0.006960893655133843,-0.38048653027096235
val,7,96,-0.007034084660670042,-0.3808287609955888
val,7,97,-0.007107980041587603,-0.3811722076645922
val,7,98,-0.007181107012998223,-0.3815327568651885
val,7,99,-0.0072550023939157845,-0.38191491495507063
val,7,100,-0.007328129365326405,-0.38222767165720184
val,7,101,-0.0074026650874997515,-0.3825787362875005
val,7,102,-0.007476560468417313,-0.3829019981896577
val,7,103,-0.007549687439827933,-0.3832285984154828
val,7,104,-0.007623582820745494,-0.38357602745283337
val,7,105,-0.007697478201663056,-0.38386120828212156
val,7,106,-0.007771373582580617,-0.38415938941305927
val,7,107,-0.007845140895247023,-0.3844623084808817
val,7,108,-0.007919036276164583,-0.3847405283185353
val,7,109,-0.007992931657082146,-0.385049699254625
val,7,110,-0.008066058628492766,-0.38532581968137664
val,7,111,-0.008139954009410326,-0.3856368709088958
val,7,112,-0.00821378535620231,-0.3859471100161293
val,7,113,-0.008287680737119872,-0.3862140143613167
val,7,114,-0.008360871742656071,-0.3865033345522297
val,7,115,-0.008434767123573631,-0.38679192360305004
val,7,116,-0.008508534436240037,-0.38704364417293396
val,7,117,-0.008582429817157598,-0.38728120215288175
val,7,118,-0.008655620822693796,-0.3875179774430399
val,7,119,-0.008730092510741564,-0.3877896527711175
val,7,120,-0.00880334755040334,-0.38806142955201417
val,7,121,-0.008877178897195324,-0.3883307224814848
val,7,122,-0.008950369902731523,-0.3886012470055192
val,7,123,-0.009024265283649085,-0.3888532552351216
val,7,124,-0.009098096630441067,-0.38908651479926853
val,7,125,-0.009171927977233051,-0.3893288241621714
val,7,126,-0.00924511898276925,-0.3895309688165734
val,7,127,-0.00931901436368681,-0.3897581347741328
val,7,128,-0.00939348605173458,-0.3900002713315012
val,7,129,-0.009466741091396357,-0.3902512191744996
val,7,130,-0.009539868062806975,-0.3905201694462466
val,7,131,-0.009614403784980323,-0.39074269743345036
val,7,132,-0.009688299165897883,-0.3909843952012989
val,7,133,-0.009761490171434082,-0.3911969860867619
val,7,134,-0.009836025893607428,-0.39144792862167266
val,7,135,-0.009909216899143626,-0.3916467315614056
val,7,136,-0.009983112280061188,-0.3918673446311197
val,7,137,-0.010057583968108956,-0.3920608022478582
val,7,138,-0.010130774973645154,-0.39227865847082927
val,7,139,-0.010203965979181353,-0.39248497566128504
val,7,140,-0.010278501701354699,-0.392702379982213
val,7,141,-0.010352333048146683,-0.3929068982015705
val,7,142,-0.01042558808780846,-0.39311426505468555
val,7,143,-0.010500059775856227,-0.39331860294908305
val,7,144,-0.010573250781392426,-0.39352907541489557
val,7,145,-0.010647146162309988,-0.3937234672130867
val,7,146,-0.01072097750910197,-0.3939229222155786
val,7,147,-0.010794808855893954,-0.3940831516934684
val,7,148,-0.010868063895555731,-0.3942740135525513
val,8,0,0.0,
val,8,1,-5.437719843692536e-05,0.20297555791710944
val,8,2,-0.00010979212966844853,0.12480169222633528
val,8,3,-0.00016479196778213258,0.0460133473832104
val,8,4,-0.00022082953869041443,-0.022548505506030415
val,8,5,-0.0002763482432013974,-0.07655302238025517
val,8,6,-0.0003318669477123803,-0.11812804453723035
val,8,7,-0.00038790451862066215,-0.1512216924910608
val,8,8,-0.000443942089528944,-0.17702227432590856
val,8,9,-0.0004999796604372259,-0.1973364215402432
val,8,10,-0.0005565360977428066,-0.2135709818636648
val,8,11,-0.0006125736686510885,-0.2268549227707761
val,8,12,-0.0006691301059566693,-0.23831450912250218
val,8,13,-0.0007251676768649511,-0.2482553942407957
val,8,14,-0.000781205247773233,-0.25670441001191896
val,8,15,-0.0008382805514761127,-0.2642886942010847
val,8,16,-0.0008943181223843945,-0.2708958143173817
val,8,17,-0.0009516009726461938,-0.27695612150966553
val,8,18,-0.0010080536366723148,-0.2823024752188279
val,8,19,-0.0010640912075805965,-0.287103152806767
val,8,20,-0.001121270284562936,-0.29167101555161257
val,8,21,-0.0011784493615452755,-0.2957788495003232
val,8,22,-0.0012350057988508563,-0.29944950645406226
val,8,23,-0.0012921848758331957,-0.3033054849255358
val,8,24,-0.0013492601795360754,-0.30671482658079113
val,8,25,-0.001406335483238955,-0.30983914769166493
val,8,26,-0.0014635145602212944,-0.3126808100289296
val,8,27,-0.001520589863924174,-0.3154289694671259
val,8,28,-0.0015777689409065135,-0.31794431589161753
val,8,29,-0.0016348442446093932,-0.3202637932898483
val,8,30,-0.0016920233215917326,-0.3225323159471795
val,8,31,-0.0017496174916919113,-0.3246442301207257
val,8,32,-0.0018069003419537105,-0.32677667047868
val,8,33,-0.001864494512053889,-0.3288018506195139
val,8,34,-0.0019216735890362285,-0.330575207628422
val,8,35,-0.001979267759136407,-0.3323869579510475
val,8,36,-0.0020364468361187466,-0.33405980298143145
val,8,37,-0.002093522139821626,-0.33562379821287186
val,8,38,-0.0021512200832012646,-0.33708731448082163
val,8,39,-0.002208295386904144,-0.33851189997048486
val,8,40,-0.0022659933302837825,-0.33996127884464444
val,8,41,-0.002323691273663421,-0.3413407535995098
val,8,42,-0.002381389217043059,-0.3426798265290863
val,8,43,-0.0024390871604226976,-0.3438671665773969
val,8,44,-0.002496785103802336,-0.34508030933967876
val,8,45,-0.0025538604075052156,-0.34620843707099147
val,8,46,-0.002611973444002693,-0.34725004552904754
val,8,47,-0.0026691525209850326,-0.34831435638048974
val,8,48,-0.002726850464364671,-0.3493628905568162
val,8,49,-0.002784548407744309,-0.3503548221614227
val,8,50,-0.0028421425778444877,-0.35125170210537343
val,8,51,-0.002899321654826827,-0.3522029372496662
val,8,52,-0.0029575384646037648,-0.35309761257177397
val,8,53,-0.003015236407983403,-0.3539586834041712
val,8,54,-0.0030729343513630413,-0.3547354327958554
val,8,55,-0.00313052852146322,-0.3555221093943493
val,8,56,-0.003188745331240157,-0.35636894402964125
val,8,57,-0.003245820634943037,-0.35714285714285715
val,8,58,-0.0033041412179994336,-0.3578308245541119
val,8,59,-0.003361839161379072,-0.35850564911532723
val,8,60,-0.0034194333314792507,-0.3592005730158453
val,8,61,-0.003477027501579429,-0.3598714622033578
val,8,62,-0.0035353480846358263,-0.3606174864311922
val,8,63,-0.003592423388338706,-0.36124469589816127
val,8,64,-0.0036501213317183443,-0.3619252002686631
val,8,65,-0.0037083381414952815,-0.3625292362287281
val,8,66,-0.00376603608487492,-0.3631265390420208
val,8,67,-0.003824252894651857,-0.3637003881307124
val,8,68,-0.0038819508380314957,-0.3642574058938733
val,8,69,-0.003940063874528973,-0.36483426296031735
val,8,70,-0.003997761817908611,-0.36530884357818094
val,8,71,-0.0040559786276855485,-0.36586951062792655
val,8,72,-0.0041136765710651875,-0.3663670662956866
val,8,73,-0.0041712707411653656,-0.36687835857352225
val,8,74,-0.004229591324221763,-0.3673527243862335
val,8,75,-0.004287289267601401,-0.36782332620036645
val,8,76,-0.004345402304098879,-0.36825760503505767
val,8,77,-0.004402581381081218,-0.36870069890055995
val,8,78,-0.004461420830534914,-0.36916434652786184
val,8,79,-0.004519015000635092,-0.36963161669012773
val,8,80,-0.004576609170735271,-0.3700672778061927
val,8,81,-0.004634929753791668,-0.37050709150961725
val,8,82,-0.004692627697171306,-0.370951850856653
val,8,83,-0.0047507407336687835,-0.37138306344571276
val,8,84,-0.0048084386770484225,-0.37175691711948033
val,8,85,-0.0048661366204280606,-0.37209905194548687
val,8,86,-0.004924353430204998,-0.372488012006296
val,8,87,-0.004982570239981935,-0.37290425300943236
val,8,88,-0.005040268183361574,-0.37327386772877963
val,8,89,-0.005097862353461752,-0.3736645992028866
val,8,90,-0.005156079163238689,-0.3739855410447761
val,8,91,-0.005213777106618328,-0.37439162226374184
val,8,92,-0.005271475049997966,-0.37473333561495376
val,8,93,-0.005330210726172202,-0.37505501574296646
val,8,94,-0.0053879086695518405,-0.37540893915878565
val,8,95,-0.005446021706049318,-0.37577063307921776
val,8,96,-0.005504342289105715,-0.37610566252282396
val,8,97,-0.005562040232485354,-0.3764229753711639
val,8,98,-0.005620153268982831,-0.37672311301050737
val,8,99,-0.005678473852039228,-0.377031798373501
val,8,100,-0.005736586888536705,-0.37734224918907006
val,8,101,-0.005794284831916344,-0.3776348064690475
val,8,102,-0.005851982775295982,-0.3779422208042156
val,8,103,-0.0059107184514702185,-0.3782194363756816
val,8,104,-0.005968416394849857,-0.37852160658947986
val,8,105,-0.006026114338229495,-0.3787931810228466
val,8,106,-0.006084227374726973,-0.37905454257331606
val,8,107,-0.006141925318106611,-0.3793441786534273
val,8,108,-0.006200764767560307,-0.3796723861371701
val,8,109,-0.006258358937660485,-0.3799763044588073
val,8,110,-0.006316056881040124,-0.38026878436163714
val,8,111,-0.0063747925572143595,-0.3805312245785959
val,8,112,-0.0064324905005939985,-0.3807889901376233
val,8,113,-0.0064901884439736365,-0.3810479562159098
val,8,114,-0.006548924120147873,-0.3812839642626877
val,8,115,-0.006606622063527511,-0.3815650109569029
val,8,116,-0.006664838873304448,-0.381828715228431
val,8,117,-0.006723574549478684,-0.38205544735732044
val,8,118,-0.006781168719578863,-0.38228044103120856
val,8,119,-0.006838866662958501,-0.3825294294135296
val,8,120,-0.006897706112412198,-0.3828113377613259
val,8,121,-0.006955300282512376,-0.38305184773741124
val,8,122,-0.007012998225892015,-0.38327322183295603
val,8,123,-0.007071318808948412,-0.38349626467449305
val,8,124,-0.007130054485122647,-0.3837306796527631
val,8,125,-0.007187648655222826,-0.3839633024439833
val,8,126,-0.007245865464999763,-0.3841768353670734
val,8,127,-0.0073040822747767005,-0.38438065940608795
val,8,128,-0.007362299084553638,-0.3846336880625549
val,8,129,-0.007419997027933277,-0.3848439700722142
val,8,130,-0.007478732704107513,-0.3850410812819622
val,8,131,-0.007536430647487151,-0.38523518989168515
val,8,132,-0.007594128590866789,-0.385461258135871
val,8,133,-0.007652864267041025,-0.38567480060017373
val,8,134,-0.007711081076817962,-0.38589601899969433
val,8,135,-0.0077692978865949,-0.3860840744112224
val,8,136,-0.007826995829974539,-0.38630676552363297
val,8,137,-0.007885731506148774,-0.38651087548205565
val,8,138,-0.007943429449528413,-0.38670441917462056
val,8,139,-0.00800164625930535,-0.38687251101388165
val,8,140,-0.008059863069082287,-0.3870757180156658
val,8,141,-0.008117976105579764,-0.3872743662139712
val,8,142,-0.008176296688636162,-0.38748215382111656
val,8,143,-0.00823389085873634,-0.38768134572299556
val,8,144,-0.008292107668513278,-0.38788342998869313
val,8,145,-0.008350843344687513,-0.3880509432322003
val,8,146,-0.008408541288067152,-0.3882289455696658
val,8,147,-0.00846686187112355,-0.3883946117840426
val,8,148,-0.008525597547297785,-0.3885907755206337
val,8,149,-0.008583191717397964,-0.38878156770400035
val,8,150,-0.00864203116685166,-0.3889515298797526
val,8,151,-0.008699729110231298,-0.3891385715677135
val,8,152,-0.008757842146728775,-0.3893258504623806
val,8,153,-0.008815540090108414,-0.38950685947348906
val,8,154,-0.00887427576628265,-0.38967453219545806
val,8,155,-0.008931973709662288,-0.3898547483004263
val,8,156,-0.008990709385836525,-0.3900060610142097
val,8,157,-0.009048407329216163,-0.39019526492592244
val,8,158,-0.00910652036571364,-0.3903558058660425
val,8,159,-0.009165359815167336,-0.3905154584679631
val,8,160,-0.009223057758546975,-0.39070338560134477
val,8,161,-0.00928179343472121,-0.39085890291173436
val,8,162,-0.009340010244498148,-0.39102688820576675
val,8,163,-0.009397708187877787,-0.39120934369803145
val,8,164,-0.009456443864052023,-0.3913642333194529
val,8,165,-0.009514141807431662,-0.3915106053755978
val,8,166,-0.009572877483605897,-0.39164778409306683
val,8,167,-0.009631094293382835,-0.39181724380914035
val,8,168,-0.009688688463483013,-0.3919784357136603
val,8,169,-0.00974752791293671,-0.3921439407127403
val,8,170,-0.009805744722713646,-0.3923050774127754
val,8,171,-0.009863961532490584,-0.3924619194209417
val,8,172,-0.00992217834226752,-0.3926143132044351
val,8,173,-0.009980395152044458,-0.39280031097020274
val,8,174,-0.010039130828218694,-0.3929526857694979
val,8,175,-0.010096724998318873,-0.3930902387914523
val,8,176,-0.01015504558137527,-0.3932321984011845
val,8,177,-0.010213781257549506,-0.3934092420212766
val,8,178,-0.010271479200929145,-0.39354655899125135
val,8,179,-0.01033021487710338,-0.39369764424798503
val,8,180,-0.010388431686880318,-0.3938353765323993
val,8,181,-0.010446025856980496,-0.39399709724238025
val,8,182,-0.010504865306434193,-0.39417086703733856
val,8,183,-0.010563082116211129,-0.3943129812633864
val,9,0,0.0,
val,9,1,-8.816737512948795e-05,0.19648397104446744
val,9,2,-0.00017541021153025867,0.17778922958000515
val,9,3,-0.00026265304793102943,0.1756803306923872
val,9,4,-0.00034905539457842085,0.17425025853154086
val,9,5,-0.0004327681740149985,0.17358881408596583
val,9,6,-0.0005164809534515762,0.17340241796200345
val,9,7,-0.000600193732888154,0.17246484085862324
val,9,8,-0.0006839065123247317,0.17269076305220885
val,9,9,-0.00076677880200793,0.17212973097528658
val,9,10,-0.0008496510916911284,0.17189362915349127
val,9,11,-0.0009333638711277061,0.17160767309233163
val,9,12,-0.0010170766505642839,0.1715137634501534
val,9,13,-0.001099024401518765,0.17154594767070835
val,9,14,-0.0011836617196840599,0.17106140285904747
val,9,15,-0.0012664499603919203,0.17112724757952974
val,9,16,-0.001350246788803836,0.17125907676348548
val,9,17,-0.0014339595682404138,0.17082100253226348
val,9,18,-0.001515823270219557,0.17085470578064665
val,9,19,-0.0015996200986314725,0.17067110795609677
val,9,20,-0.0016842574167967674,0.17040207522697795
val,9,21,-0.0017670456575046279,0.17045033472493268
val,9,22,-0.0018498338982124885,0.1704239966042541
val,9,23,-0.0019327061878956868,0.1703212416531312
val,9,24,-0.0020164189673322645,0.17022656520235213
val,9,25,-0.0021001317467688424,0.17024676753211715
val,9,26,-0.002183928575180758,0.17015586644580596
val,9,27,-0.002265876326135239,0.17001729771285798
val,9,28,-0.002350429595325196,0.17009487806685938
val,9,29,-0.0024324613952550153,0.17003382066102393
val,9,30,-0.0025161741746915927,0.16987562059958136
val,9,31,-0.0025998869541281706,0.16993989318063857
val,9,32,-0.002682759243811369,0.16982386713808428
val,9,33,-0.0027664720232479464,0.16980716600081788
val,9,34,-0.002849344312931145,0.1696917886638069
val,9,35,-0.002931208014910288,0.16959081673513576
val,9,36,-0.0030150048433222037,0.16967066559003346
val,9,37,-0.0030977930840300643,0.16942589370896236
val,9,38,-0.0031806653737132626,0.16957650273224043
val,9,39,-0.0032643781531498405,0.16952852541064345
val,9,40,-0.003347250442833039,0.1694200397108634
val,9,41,-0.0034309632222696163,0.16943744539687766
val,9,42,-0.003513835511952815,0.16933250927070456
val,9,43,-0.0035975482913893925,0.1693470491644934
val,9,44,-0.0036794960423438736,0.16939233038348084
val,9,45,-0.003763292870755789,0.16925508838325565
val,9,46,-0.00384608111146365,0.1693061371922656
val,9,47,-0.0039288693521715105,0.16919099857488484
val,9,48,-0.004012582131608088,0.16908432040672833
val,9,49,-0.004095454421291287,0.16912871161223322
val,9,50,-0.004178326710974485,0.16903105203032506
val,9,51,-0.004260274461928966,0.1690578256575263
val,9,52,-0.004344071290340881,0.16905670175158283
val,9,53,-0.00442694358002408,0.1689742006917703
val,9,54,-0.0045096477717566025,0.16899241207528298
val,9,55,-0.004592520061439801,0.16894865063927028
val,9,56,-0.004676232840876379,0.1689558273901713
val,9,57,-0.0047591051305595775,0.16886394489645307
val,9,58,-0.004841136930489396,0.1687918621727139
val,9,59,-0.004923925171197257,0.16875
val,9,60,-0.005007721999609172,0.16872830518598028
val,9,61,-0.005089585701588316,0.16868188010899182
val,9,62,-0.005173298481024893,0.1687247624951829
val,9,63,-0.005256170770708091,0.16869347272262575
val,9,64,-0.00533904306039129,0.16863480314577195
val,9,65,-0.005421915350074489,0.16863522304090015
val,9,66,-0.005504787639757687,0.16854250948415633
val,9,67,-0.005587491831490209,0.16860370453646775
val,9,68,-0.005670364121173408,0.16858670741023682
val,9,69,-0.005753236410856606,0.16849990589121025
val,9,70,-0.005836949190293184,0.168538075059185
val,9,71,-0.005918980990223003,0.16846541644410948
val,9,72,-0.006000844692202146,0.16841763474998195
val,9,73,-0.006084641520614061,0.16837947477047896
val,9,74,-0.0061674297613219225,0.16833407050134444
val,9,75,-0.006249461561251742,0.16832115271379586
val,9,76,-0.006333174340688319,0.16833246739041263
val,9,77,-0.006416046630371518,0.1682624508275811
val,9,78,-0.006497910332350661,0.1682365637240534
val,9,79,-0.006580782622033859,0.16825503311563175
val,9,80,-0.006664495401470437,0.16813124719911152
val,9,81,-0.006746527201400256,0.1681645273239292
val,9,82,-0.006829399491083454,0.1681505655714331
val,9,83,-0.006911263193062598,0.16808469344953014
val,9,84,-0.0069949759724991754,0.16810496817177958
val,9,85,-0.007077007772428995,0.16805648957632818
val,9,86,-0.007160720551865572,0.1680292455965437
val,9,87,-0.007242668302820054,0.1680325420813074
val,9,88,-0.007325456543527914,0.16794907377334758
val,9,89,-0.007408328833211112,0.16791232147236398
val,9,90,-0.007490360633140931,0.1679524194479732
val,9,91,-0.007573148873848792,0.16786124262551613
val,9,92,-0.00765602116353199,0.16783133823305108
val,9,93,-0.007738893453215189,0.16784025751936424
val,9,94,-0.00782168169392305,0.1678037884400606
val,9,95,-0.007903713493852868,0.16780006893420066
val,9,96,-0.007987426273289445,0.16779010400593392
val,9,97,-0.008069289975268588,0.1677302855428207
val,9,98,-0.008152162264951787,0.16768848911706055
val,9,99,-0.008234194064881607,0.16768259068500055
val,9,100,-0.008317906844318185,0.1676109193729469
val,9,101,-0.008400779134001382,0.16762389995368226
val,9,102,-0.008482642835980526,0.1676000998832996
val,9,103,-0.008565515125663723,0.1675531914893617
val,9,104,-0.008647462876618205,0.16754217168561789
val,9,105,-0.008730335166301404,0.1674892942894626
val,9,106,-0.008813207455984602,0.16746193266802345
val,9,107,-0.008895155206939084,0.1674707165517677
val,9,108,-0.008978027496622281,0.1674103167612474
val,9,109,-0.009059050708848045,0.16736856664552222
val,9,110,-0.009142763488284623,0.16737477374442927
val,9,111,-0.009224795288214443,0.16733250591293353
val,9,112,-0.009307583528922303,0.1672963915372404
val,10,0,0.0,
val,10,1,-7.972753097289173e-05,0.07158351409978309
val,10,2,-0.00015945506194578346,-0.04896626768226333
val,10,3,-0.00023515441451871021,-0.13272727272727272
val,10,4,-0.00031085376709163694,-0.18892686261107314
val,10,5,-0.00038738915669097153,-0.2253783724500987
val,10,6,-0.0004646845799506769,-0.2519475758408945
val,10,7,-0.0005419039998443451,-0.27156021107348194
val,10,8,-0.0006192754264700875,-0.28663168070708467
val,10,9,-0.000695734812703385,-0.30085501630067046
val,10,10,-0.0007714341652763117,-0.3123163089890756
val,10,11,-0.0008479695548756464,-0.3226995103730251
val,10,12,-0.0009237449108146101,-0.3318348241182741
val,10,13,-0.000999444263387537,-0.339541853992721
val,10,14,-0.0010751436159604636,-0.346772267770437
val,10,15,-0.0011508429685333904,-0.3526634697594885
val,10,16,-0.0012257822874459463,-0.3586471408647141
val,10,17,-0.0013022416736792439,-0.36359755697116963
val,10,18,-0.0013779410262521707,-0.3682087560892364
val,10,19,-0.0014528803451647266,-0.3724890444398694
val,10,20,-0.0015293397313980242,-0.3761003828633709
val,10,21,-0.001605115087336988,-0.379853011663205
val,10,22,-0.0016799784028835069,-0.38298413344182264
val,10,23,-0.001754917721796063,-0.3862773722627737
val,10,24,-0.0018306170743689896,-0.38895496630052007
val,10,25,-0.0019063164269419164,-0.3914903146344194
val,10,26,-0.0019812557458544723,-0.3939570142567946
val,10,27,-0.0020561950647670284,-0.3962538115289676
val,10,28,-0.002132654451000326,-0.3986477024945488
val,10,29,-0.002207593769912882,-0.4004520079584307
val,10,30,-0.002282533088825438,-0.4025103195801192
val,10,31,-0.0023582324413983645,-0.4042803174086727
val,10,32,-0.0024339317939712913,-0.40583136327817176
val,10,33,-0.0025088711128838474,-0.40743445184078253
val,10,34,-0.0025845704654567743,-0.4087919695396331
val,10,35,-0.0026595097843693303,-0.4103159479238394
val,10,36,-0.0027352091369422567,-0.41169967613353264
val,10,37,-0.0028109084895151836,-0.41286266191955157
val,10,38,-0.0028858478084277397,-0.4142336574067244
val,10,39,-0.0029615471610006665,-0.4154149118141701
val,10,40,-0.003036410476547185,-0.4165708839113005
val,10,41,-0.0031112737920937043,-0.417728789453531
val,10,42,-0.003187125151398705,-0.4187269717520158
val,10,43,-0.003262824503971632,-0.4198755982109093
val,10,44,-0.003337687819518151,-0.42078431872347477
val,10,45,-0.0034133871720910774,-0.42170191025657
val,10,46,-0.0034890865246640043,-0.42254379655479296
val,10,47,-0.0035639498402105234,-0.4234440626193203
val,10,48,-0.003639725196149487,-0.4243422589840647
val,10,49,-0.003715500552088451,-0.42502832682865416
val,10,50,-0.0037903638676349697,-0.42598844708653466
val,10,51,-0.0038660632202078965,-0.4266783966569528
val,10,52,-0.003941762572780823,-0.42759000021569854
val,10,53,-0.0040166258883273425,-0.42830991280792347
val,10,54,-0.004092401244266306,-0.42894386970792303
val,10,55,-0.004167264559812825,-0.42965825999163754
val,10,56,-0.004243039915751789,-0.4301881879275291
val,10,57,-0.004318739268324715,-0.43088366967422
val,10,58,-0.004393602583871234,-0.43149598684846724
val,10,59,-0.004469301936444161,-0.43202882156674494
val,10,60,-0.004545077292383125,-0.43267496097437863
val,10,61,-0.004619940607929644,-0.4332423063838395
val,10,62,-0.00469563996050257,-0.43397079842955616
val,10,63,-0.004771415316441535,-0.4344880389590734
val,10,64,-0.0048471146690144615,-0.4350641952587529
val,10,65,-0.004921977984560981,-0.4356334831867876
val,10,66,-0.004996917303473536,-0.4361811522151119
val,10,67,-0.005071856622386092,-0.43675649429473173
val,10,68,-0.005147555974959019,-0.43720047840970017
val,10,69,-0.005224091364558353,-0.437711860962306
val,10,70,-0.005298954680104872,-0.43818613074346524
val,10,71,-0.005374654032677799,-0.43862726044604555
val,10,72,-0.005449593351590355,-0.4391530269625983
val,10,73,-0.005526052737823653,-0.43956356371739214
val,10,74,-0.005601828093762616,-0.44006670203896003
val,10,75,-0.005676767412675173,-0.44055792386508114
val,10,76,-0.005751630728221692,-0.44097068461606587
val,10,77,-0.0058281661178210264,-0.441462703962704
val,10,78,-0.005903029433367545,-0.44189792674946243
val,10,79,-0.005977968752280101,-0.4424192506230607
val,10,80,-0.006054428138513398,-0.44276479084573206
val,10,81,-0.006130279497818399,-0.4431818181818182
val,10,82,-0.006205142813364918,-0.4435969874614369
val,10,83,-0.006280842165937845,-0.4439255810181587
val,10,84,-0.006356541518510772,-0.44440957290525923
val,10,85,-0.006431404834057291,-0.4448015309994391
val,10,86,-0.006507104186630218,-0.4452075791670743
val,10,87,-0.006582879542569181,-0.44554551198566106
val,10,88,-0.006658578895142108,-0.44593388661541794
val,10,89,-0.006734354251081072,-0.446387717672862
val,10,90,-0.0068092175666275906,-0.44672483639763166
val,10,91,-0.006884916919200517,-0.44715382007581594
val,10,92,-0.006961452308799852,-0.44752806043128623
val,10,93,-0.007037151661372779,-0.44784077201447525
val,10,94,-0.007112090980285335,-0.44820178657739745
val,10,95,-0.007187790332858261,-0.44853748686277056
val,10,96,-0.007263489685431188,-0.4489363069606016
val,10,97,-0.007338429004343745,-0.44928667672894873
val,10,98,-0.007414128356916671,-0.4496428407894134
val,10,99,-0.007489827709489598,-0.44999008470494917
val,10,100,-0.007565527062062524,-0.45031916445102593
val,10,101,-0.007640466380975081,-0.4507083710520324
val,10,102,-0.007716165733548008,-0.45100141881413536
val,10,103,-0.007791865086120934,-0.4513219877467665
val,10,104,-0.007866804405033491,-0.4515986365205385
val,10,105,-0.007941743723946047,-0.4519291384855381
val,10,106,-0.008018203110179343,-0.45229401492300364
val,10,107,-0.00809390246275227,-0.45264868548661896
val,10,108,-0.008169601815325197,-0.4529816871124222
val,10,109,-0.008245301167898124,-0.4532879095091551
val,10,110,-0.00832100052047105,-0.4535909517398931
val,10,111,-0.008396699873043978,-0.4539450079087137
val,10,112,-0.008471639191956534,-0.4542085282421644
val,10,113,-0.00854733854452946,-0.45457298306229027
val,10,114,-0.008623873934128794,-0.4548402334255095
val,10,115,-0.008698737249675313,-0.4551547196316385
val,10,116,-0.008774512605614277,-0.4554317077298774
val,10,117,-0.008850211958187203,-0.45571264880310286
val,10,118,-0.008926747347786538,-0.45607229614417394
val,10,119,-0.009002446700359466,-0.45632170904394226
val,10,120,-0.009078146052932392,-0.45663626632012455
val,10,121,-0.009153085371844949,-0.4569477475973909
val,10,122,-0.009228784724417875,-0.45721524342020564
val,10,123,-0.009304484076990801,-0.4575559254783025
val,11,0,0.0,
val,11,1,-8.650936680813425e-05,0.12660944206008584
val,11,2,-0.00017482280184166158,0.06088117489986649
val,11,3,-0.000264854397089849,0.025504782146652496
val,11,4,-0.00035583098045609935,0.006360143103219823
val,11,5,-0.0004468934718330828,-0.007934828607702074
val,11,6,-0.0005377841471886002,-0.01837847344354555
val,11,7,-0.0006288466385655836,-0.026189042745334137
val,11,8,-0.000719737313921101,-0.032353521404616295
val,11,9,-0.0008107998052980845,-0.03672563788170725
val,11,10,-0.000903580456889728,-0.04125767676237468
val,11,11,-0.0009945570402559783,-0.04453344776617556
val,11,12,-0.0010863927037295588,-0.04699305585884614
val,11,13,-0.0011773692870958093,-0.04931705548168742
val,11,14,-0.0012683458704620596,-0.051712533652408015
val,11,15,-0.001359408361839043,-0.05313099598813884
val,11,16,-0.0014521890134306867,-0.054861701432027725
val,11,17,-0.001543079688786204,-0.05609718591419345
val,11,18,-0.0016350012602705175,-0.05687823006794031
val,11,19,-0.0017250328555187047,-0.05805990263758629
val,11,20,-0.0018178135071103482,-0.059184579622326115
val,11,21,-0.0019088759984873316,-0.06011391051309473
val,11,22,-0.001999766673842849,-0.06093045335865179
val,11,23,-0.0020916882453271626,-0.06140052207467938
val,11,24,-0.002183609816811476,-0.06197807933194154
val,11,25,-0.0022755313882957895,-0.06280919281107145
val,11,26,-0.002366422063651307,-0.06330891943413264
val,11,27,-0.0024574845550282905,-0.06390214681841896
val,11,28,-0.002549406126512604,-0.0646176771910217
val,11,29,-0.002641155881975451,-0.06498948012012444
val,11,30,-0.0027330774534597645,-0.0655287492178266
val,11,31,-0.002824139944836748,-0.06601298395506071
val,11,32,-0.0029159756083103287,-0.06622462611188948
val,11,33,-0.003006952191676579,-0.06683621888032351
val,11,34,-0.0030979287750428296,-0.06716337825200448
val,11,35,-0.003190709426634473,-0.06743697791807501
val,11,36,-0.003281686010000723,-0.06796074344276533
val,11,37,-0.0033736075814850366,-0.06824679256974664
val,11,38,-0.0034644982568405544,-0.06854236079689578
val,11,39,-0.003556419828324868,-0.06893926238595835
val,11,40,-0.0036483413998091812,-0.06922776403177497
val,11,41,-0.0037401770632827618,-0.06938956996760465
val,11,42,-0.003832098634767075,-0.06973687473650274
val,11,43,-0.0039230752181333255,-0.0700175619209108
val,11,44,-0.004014051801499576,-0.07024333664725654
val,11,45,-0.004105887464973156,-0.07061777536072573
val,11,46,-0.00419780903645747,-0.0709151621483955
val,11,47,-0.004289730607941783,-0.07111524657716337
val,11,48,-0.004381566271415364,-0.07148512489018558
val,11,49,-0.004472542854781614,-0.07163043709228448
val,11,50,-0.004564464426265928,-0.07182492998656992
val,11,51,-0.004655441009632178,-0.07205046288263092
val,11,52,-0.0047472766731057586,-0.07223934977578475
val,11,53,-0.004839198244590072,-0.07246604535142938
val,11,54,-0.004930174827956322,-0.07269047274830129
val,11,55,-0.005022010491429902,-0.07283032436319595
val,11,56,-0.005113072982806886,-0.07304493285627991
val,11,57,-0.005204908646280467,-0.07329876389928609
val,11,58,-0.00529683021776478,-0.07346330871995478
val,11,59,-0.005388665881238361,-0.07359880054680955
val,11,60,-0.005480587452722674,-0.0738232335495508
val,11,61,-0.005572509024206988,-0.07395023925077404
val,11,62,-0.005663399699562505,-0.07420088450273994
val,11,63,-0.0057553212710468185,-0.07438207628973252
val,11,64,-0.0058472428425311316,-0.07453259632580068
val,11,65,-0.005938133517886649,-0.07463104651535038
val,11,66,-0.006030055089370962,-0.07490719358118493
val,11,67,-0.006121976660855276,-0.0750692929402722
val,11,68,-0.006212953244221527,-0.0752172449666483
val,11,69,-0.006304788907695107,-0.07539915871364603
val,11,70,-0.00639671047917942,-0.07556731212197768
val,11,71,-0.006488632050663734,-0.07563493051841975
val,11,72,-0.006580467714137314,-0.07584119508213301
val,11,73,-0.006672303377610895,-0.07593611079448308
val,11,74,-0.0067633658689878785,-0.07613164386160949
val,11,75,-0.0068552874404721915,-0.07632195703726304
val,11,76,-0.006946178115827709,-0.0764920011495354
val,11,77,-0.0070389587674193526,-0.07666281731801698
val,11,78,-0.0071308803389036664,-0.07681333333333333
val,11,79,-0.007221771014259183,-0.07688054553592585
val,11,80,-0.007313692585743497,-0.07698557129858313
val,11,81,-0.00740561415722781,-0.07719268964366185
val,11,82,-0.007497535728712124,-0.07732596110558053
val,11,83,-0.007588426404067641,-0.07744974598938856
val,11,84,-0.007680347975551955,-0.07763198613604011
val,11,85,-0.007772269547036268,-0.07781420497639029
val,11,86,-0.007864105210509849,-0.0778730889900437
val,11,87,-0.0079550817938761,-0.0780620720150101
val,11,88,-0.008047003365360413,-0.07818720981061636
val,11,89,-0.008138839028833993,-0.07832750252603421
val,11,90,-0.00823170558843637,-0.07846251588310038
val,11,91,-0.008321737183684556,-0.07862267513595028
val,11,92,-0.0084145178352762,-0.07874798723127772
val,11,93,-0.008505494418642451,-0.0788616204917254
val,11,94,-0.008597415990126764,-0.07899917058335637
val,11,95,-0.008689251653600344,-0.07907277014569349
val,11,96,-0.008782032305191988,-0.07923686604010567
val,11,97,-0.008873094796568972,-0.07940505149005025
val,11,98,-0.00896484455203182,-0.07947434292866083
val,11,99,-0.009055907043408803,-0.0795926402267776
val,11,100,-0.009147828614893116,-0.07971978547374547
val,11,101,-0.009240523358474027,-0.0798594317585437
val,11,102,-0.00933244492995834,-0.08001915650251175
val,11,103,-0.00942342151332459,-0.08011785598966742
val,11,104,-0.009515343084808904,-0.08029798842821596
val,11,105,-0.009607178748282484,-0.08037967792701395
val,11,106,-0.009698155331648734,-0.0804664751615212
val,11,107,-0.009790076903133048,-0.08061633790779212
val,11,108,-0.009881912566606628,-0.08072818943701951
val,11,109,-0.009972889149972878,-0.08087288951598295
val,11,110,-0.010065669801564522,-0.08101648481413254
val,11,111,-0.010157591373048835,-0.0811610348394707
val,11,112,-0.010249512944533148,-0.08124782558274382
val,12,0,0.0,
val,12,1,-6.617456538326579e-05,0.33509234828496043
val,12,2,-0.0001302039827727715,0.3355385022492723
val,12,3,-0.00019566349882478391,0.33857016769638126
val,12,4,-0.00025975792069894905,0.3394325112702201
val,12,5,-0.0003245023874197081,0.3392402376910017
val,12,6,-0.00038924685414046717,0.341120254844704
val,12,7,-0.0004546413657078202,0.34056596616341706
val,12,8,-0.0005193858324285792,0.34110535405872194
val,12,9,-0.0005849103529652511,0.3412660918861462
val,12,10,-0.0006495898152013508,0.3409694908047199
val,12,11,-0.0007136842370755158,0.34192207289954557
val,12,12,-0.0007784287037962749,0.34157582203314724
val,12,13,-0.0008432381750016933,0.34221076746849943
val,12,14,-0.0009086326865690464,0.34240224949652315
val,12,15,-0.0009733771532898054,0.3423675901947568
val,12,16,-0.0010381216200105645,0.342901809473124
val,12,17,-0.0011028660867313236,0.3425905632612167
val,12,18,-0.0011682605982986766,0.34283433369799826
val,12,19,-0.0012330700695040951,0.3429620082931749
val,12,20,-0.0012985295855561076,0.3429058100231549
val,12,21,-0.0013632740522768667,0.3430512599503118
val,12,22,-0.0014280185189976256,0.3430625136135918
val,12,23,-0.0014934130305649786,0.3430880003704304
val,12,24,-0.0015589375511016505,0.3433928769555087
val,12,25,-0.0016236820178224096,0.3431681649695369
val,12,26,-0.0016890765293897626,0.3433908928900633
val,12,27,-0.0017538209961105217,0.3433147907050144
val,12,28,-0.0018185654628312807,0.34341532081645076
val,12,29,-0.0018840249788832932,0.34356977555743307
val,12,30,-0.0019494844949353057,0.3433954223413889
val,12,31,-0.0020148790065026585,0.34345360824742266
val,12,32,-0.0020796234732234175,0.34346545036871806
val,12,33,-0.00214508298927543,0.34347608516683076
val,12,34,-0.0022098924604808485,0.3437108297819002
val,12,35,-0.0022745719227169484,0.34354259270535226
val,12,36,-0.0023406814836155546,0.3436140298949238
val,12,37,-0.0024054259503363136,0.34363390260058174
val,12,38,-0.002470235421541732,0.3435265416000673
val,12,39,-0.0025356949375937446,0.34370218579234973
val,12,40,-0.0026004394043145037,0.3436963036963037
val,12,41,-0.0026664839607284507,0.34363466236939233
val,12,42,-0.002731293431933869,0.34374484604747346
val,12,43,-0.0027974029928324756,0.34362259755387303
val,12,44,-0.0028621474595532347,0.34365122615803817
val,12,45,-0.0029268919262739937,0.34375
val,12,46,-0.002992351442326006,0.34374456943591647
val,12,47,-0.003057095909046765,0.3437949997165372
val,12,48,-0.0031225554250987777,0.3437139177546851
val,12,49,-0.0031879499366661308,0.3436653724428203
val,12,50,-0.00325269440338689,0.3438356018375417
val,12,51,-0.0033188689687701557,0.343726815811747
val,12,52,-0.0033836134354909143,0.34377690320993726
val,12,53,-0.0034490079470582673,0.34383138757328024
val,12,54,-0.003515182512441533,0.34370959623375213
val,12,55,-0.0035799269791622922,0.34384448406853246
val,12,56,-0.0036446714458830513,0.3437993718473399
val,12,57,-0.0037107160022969983,0.34375876577840114
val,12,58,-0.003775525473502417,0.3438459135101358
val,12,59,-0.003840269940223176,0.3437940379403794
val,12,60,-0.0039057294562751884,0.34383383970292986
val,12,61,-0.003971123967842541,0.34392394334198406
val,12,62,-0.004036583483894554,0.3437843878954608
val,12,63,-0.004101392955099973,0.3438499416214021
val,12,64,-0.004167437511513919,0.34382729930290085
val,12,65,-0.004232181978234679,0.34378075182050777
val,12,66,-0.004298356543617945,0.3438512045614233
val,12,67,-0.004363101010338703,0.3438245870858925
val,12,68,-0.004428495521906056,0.34386391251518833
val,12,69,-0.004493239988626815,0.34395352250867206
val,12,70,-0.004559414554010081,0.3438142524254101
val,12,71,-0.00462415902073084,0.3438419724908403
val,12,72,-0.004689553532298193,0.3439381038759116
val,12,73,-0.0047550130483502056,0.3438150390325478
val,12,74,-0.004820472564402218,0.34384387629400703
val,12,75,-0.004885867075969571,0.3439074838828906
val,12,76,-0.00495061154269033,0.34385718794935644
val,12,77,-0.005016136063227002,0.34390058155635556
val,12,78,-0.005081530574794355,0.34388583613548757
val,12,79,-0.005147640135692961,0.3438784255241617
val,12,80,-0.005212384602413721,0.34392243102758896
val,12,81,-0.005277194073619139,0.34389911608100726
val,12,82,-0.005343238630033086,0.34384386336744377
val,12,83,-0.005407983096753845,0.3439101781791555
val,12,84,-0.0054734426128058575,0.3438709841205367
val,12,85,-0.00553890212885787,0.34386211395167965
val,12,86,-0.005604296640425223,0.3439466359178461
val,12,87,-0.0056697561564772354,0.3438549403142388
val,12,88,-0.005734500623197994,0.34384257941003626
val,12,89,-0.005799960139250007,0.34387822951173197
val,12,90,-0.00586535465081736,0.34380849702627775
val,12,91,-0.005930814166869372,0.34382616235470564
val,12,92,-0.005996273682921385,0.3439055627350645
val,12,93,-0.006061668194488738,0.343816463061586
val,12,94,-0.006126412661209497,0.3438563455692182
val,12,95,-0.006192587226592763,0.34388030552172716
val,12,96,-0.006257331693313522,0.34380571028706935
val,12,97,-0.006322726204880875,0.34384258114161653
val,12,98,-0.006388835765779481,0.34384248781337046
val,12,99,-0.006452930187653646,0.34378466874185454
val,12,100,-0.006519039748552252,0.34381897866260036
val,12,101,-0.006583784215273012,0.3438420524732091
val,12,102,-0.0066499587806562776,0.34379688341287723
val,12,103,-0.006714703247377036,0.34382780915307404
val,12,104,-0.00678009775894439,0.3438467690667104
val,12,105,-0.006845557274996402,0.34379252909751984
val,12,106,-0.006911016791048414,0.3438395991992032
val,12,107,-0.006976411302615768,0.3438196088202317
val,12,108,-0.007041155769336526,0.3437734507681978
val,12,109,-0.007107330334719792,0.3438408030289689
val,12,110,-0.007172074801440552,0.343816499352881
val,12,111,-0.007238119357854498,0.34377161632464837
val,12,112,-0.007302863824575258,0.34380861699595333
val,12,113,-0.0073690383899585234,0.34379128760711186
val,12,114,-0.007433782856679282,0.3437292448152964
val,12,115,-0.007499892417577889,0.3438075234266691
val,12,116,-0.007564636884298648,0.3437953922812437
val,12,117,-0.00763009640035066,0.34373177045355113
val,12,118,-0.0076954909119180135,0.34380337825014234
val,12,119,-0.007760300383123432,0.3437705836227176
val,12,120,-0.007826409944022039,0.34372236663778355
val,12,121,-0.007891154410742797,0.34377038199157395
val,12,122,-0.007957263971641404,0.34377185314685316
val,12,123,-0.008022073442846823,0.3437277819203357
val,12,124,-0.008088117999260768,0.3437455654125833
val,12,125,-0.00815357751531278,0.3437690630878896
val,12,126,-0.008219037031364795,0.3437104562633047
val,12,127,-0.008284431542932147,0.3437560357061881
val,12,128,-0.0083498260544995,0.34375494696849773
val,12,129,-0.008413920476373665,0.3437047876518102
val,12,130,-0.008480095041756931,0.3437343615406703
val,12,131,-0.008545489553324284,0.3437580138968604
val,12,132,-0.008610884064891636,0.34368725736146627
val,12,133,-0.008676408585428308,0.34369361784021746
val,12,134,-0.008741803096995661,0.3437358229268642
val,12,135,-0.00880654756371642,0.3436981561359435
val,12,136,-0.008872072084253092,0.3436992714696864
val,12,137,-0.008937466595820445,0.343745499414194
val,12,138,-0.0090028611073878,0.34368950046950536
val,12,139,-0.009068320623439811,0.3436828617027807
val,12,140,-0.009134430184338417,0.3437104810080295
val,12,141,-0.009199174651059176,0.3436873595909321
val,12,142,-0.009264634167111188,0.34364707693809876
val,12,143,-0.0093300936831632,0.3437007037132341
val,12,144,-0.009396203244061808,0.3436840351072103
val,12,145,-0.009460882706297908,0.34363610284625656
val,13,0,0.0,
val,13,1,-5.965279596594028e-05,0.22234099412079103
val,13,2,-0.0001191930394866618,0.20176612255820175
val,13,3,-0.00017940859767869586,0.18037466547725245
val,13,4,-0.00023962415587072992,0.16849571734475374
val,13,5,-0.0002992769518366702,0.160926939169617
val,13,6,-0.00035994271980957927,0.1558418321703346
val,13,7,-0.0004194829633303008,0.15130821760147317
val,13,8,-0.0004798110739675536,0.14682166375487166
val,13,9,-0.000539914079714369,0.14453942255962698
val,13,10,-0.0005995668756803091,0.1416343669250646
val,13,11,-0.0006596698814271245,0.13984233462272927
val,13,12,-0.0007193226773930648,0.13749270089385976
val,13,13,-0.0007789754733590051,0.1361732133228255
val,13,14,-0.0008390784791058204,0.13444341658957756
val,13,15,-0.0008994065897430731,0.13324694957348018
val,13,16,-0.000958384071037701,0.13207738276106554
val,13,17,-0.0010179243145584224,0.1311907940746392
val,13,18,-0.0010774645580791439,0.1301736048537274
val,13,19,-0.0011371173540450843,0.1290451117119681
val,13,20,-0.0011960948353397119,0.12840835317030946
val,13,21,-0.0012557476313056523,0.12742874813173222
val,13,22,-0.0013154004272715924,0.12693765070616603
val,13,23,-0.0013749406707923141,0.1261212477928193
val,13,24,-0.0014333553898608481,0.12566295786409082
val,13,25,-0.0014930081858267883,0.12489976376758198
val,13,26,-0.0015525484293475098,0.12460656591974988
val,13,27,-0.0016116384630873563,0.12400361409497039
val,13,28,-0.0016706159443819841,0.12358136111864275
val,13,29,-0.0017295934256766118,0.12310627314555045
val,13,30,-0.0017880081447451458,0.12259254570772375
val,13,31,-0.0018475483882658672,0.12239861376087376
val,13,32,-0.00190607565977962,0.12174355495251017
val,13,33,-0.0019656159033003416,0.12152069487398828
val,13,34,-0.0020240306223688756,0.12110129836945238
val,13,35,-0.0020830081036635035,0.12089003367107856
val,13,36,-0.002141535375177256,0.12032650351549534
val,13,37,-0.002200512856471884,0.12011099365750529
val,13,38,-0.002258927575540418,0.11981639306755133
val,13,39,-0.002317342294608952,0.11955294806226396
val,13,40,-0.0023763197759035797,0.11928575311192043
val,13,41,-0.002434847047417332,0.11891533514552807
val,13,42,-0.00249382452871196,0.11870023949770211
val,13,43,-0.002552126695335275,0.11839991906008523
val,13,44,-0.002610653966849028,0.11826800657593849
val,13,45,-0.002668956133472343,0.11797983705243817
val,13,46,-0.002727483404986096,0.11782445185553111
val,13,47,-0.002785785571609411,0.1174679617045415
val,13,48,-0.0028443128431231636,0.1172889196267616
val,13,49,-0.0029027275621916976,0.11710671006009175
val,13,50,-0.0029611422812602316,0.11689527541911604
val,13,51,-0.003019444447883547,0.11676237644898918
val,13,52,-0.0030779717193972996,0.1164521972211461
val,13,53,-0.0031363864384658336,0.11634047362202703
val,13,54,-0.0031953639197604615,0.11607503025413474
val,13,55,-0.0032532158766029017,0.11598752289944052
val,13,56,-0.003311067833445342,0.1157628520013618
val,13,57,-0.003369482552513876,0.11564450306314572
val,13,58,-0.00342789727158241,0.11546771375429764
val,13,59,-0.003486311990650944,0.11522903583302549
val,13,60,-0.003544163947493384,0.11514672624724122
val,13,61,-0.003602578666561918,0.11492003931028322
val,13,62,-0.003660430623404358,0.11486593406593407
val,13,63,-0.003718845342472892,0.114618213281419
val,13,64,-0.0037771475090962073,0.11452397379875467
val,13,65,-0.0038356747806099598,0.11433292513126772
val,13,66,-0.0038935267374524004,0.11420263036150949
val,13,67,-0.0039513786942948406,0.11409270337362146
val,13,68,-0.004009680860918155,0.1139225278691154
val,13,69,-0.004067532817760596,0.11387852535727835
val,13,70,-0.004125947536829129,0.11366345891611797
val,13,71,-0.00418379949367157,0.11361750514766895
val,13,72,-0.0042422142127401035,0.11343127523999302
val,13,73,-0.004300066169582544,0.11334658674758225
val,13,74,-0.004358480888651078,0.11320921658986176
val,13,75,-0.004416332845493518,0.11308605686679665
val,13,76,-0.004474184802335958,0.11300514116667146
val,13,77,-0.00453192420673318,0.11284206646774068
val,13,78,-0.004590338925801714,0.11276790774807051
val,13,79,-0.004648753644870248,0.1125651194605276
val,13,80,-0.004706605601712688,0.11252123718093054
val,13,81,-0.004764457558555128,0.11237212060762088
val,13,82,-0.004822309515397569,0.11227472154351112
val,13,83,-0.004880724234466102,0.1121679756877294
val,13,84,-0.004939138953534637,0.11206011206011206
val,13,85,-0.0049969909103770764,0.1119940386332539
val,13,86,-0.005054842867219517,0.11185472093466252
val,13,87,-0.005112582271616738,0.11179461427405687
val,13,88,-0.0051704342284591785,0.11161382015428824
val,13,89,-0.005228286185301618,0.11156728096176151
val,13,90,-0.005286700904370153,0.11142534623180841
val,13,91,-0.005345115623438686,0.1113292035823189
val,13,92,-0.005402855027835908,0.11126681115102574
val,13,93,-0.0054607069846783485,0.11115679905073515
val,13,94,-0.005518558941520788,0.11109432032176318
val,13,95,-0.005576410898363229,0.11096285901609174
val,13,96,-0.0056342628552056686,0.11093214647528202
val,13,97,-0.005692114812048109,0.11080942536375978
val,13,98,-0.005749966768890549,0.11072637348544409
val,13,99,-0.005808268935513864,0.11065295510623148
val,13,100,-0.005866120892356304,0.11052939344092075
val,13,101,-0.005923972849198745,0.11050205084360559
val,13,102,-0.005981824806041185,0.11037165637860083
val,13,103,-0.006039676762883625,0.11033278673735267
val,13,104,-0.006097528719726066,0.1102164383849639
val,13,105,-0.0061553806765685054,0.11015201999167014
val,13,106,-0.00621379539563704,0.11006188757091284
val,13,107,-0.006271534800034261,0.1099660746765854
val,13,108,-0.006329386756876701,0.10989956667881585
val,13,109,-0.006387914028390454,0.10978692668833515
val,13,110,-0.006446216195013769,0.10974809630793089
val,13,111,-0.006504068151856209,0.10961690976173236
val,13,112,-0.00656192010869865,0.10959057932098464
val,13,113,-0.006619772065541089,0.10949212417430859
val,13,114,-0.00667762402238353,0.10939913463106693
val,13,115,-0.006735363426780752,0.10938012697053998
val,13,116,-0.006793215383623191,0.1092482932900841
val,13,117,-0.006850504578239538,0.10921533614427419
val,13,118,-0.006908356535081978,0.10911956244640664
val,13,119,-0.006966658701705293,0.10906165973387263
val,13,120,-0.007024510658547733,0.10897736855300043
val,13,121,-0.007082362615390174,0.1088864075080356
val,13,122,-0.007140214572232614,0.1088487837686358
val,13,123,-0.007198629291301148,0.10875492005603861
val,13,124,-0.00725636869569837,0.10873900345007104
val,13,125,-0.007314220652540809,0.10863532913165266
val,13,126,-0.00737207260938325,0.10856133007385922
val,13,127,-0.00742992456622569,0.10851237070321082
val,13,128,-0.0074871012083968175,0.10843043883422103
val,13,129,-0.00754562847991057,0.10839504916057992
val,13,130,-0.007603480436753011,0.10827226541289771
val,13,131,-0.00766133239359545,0.10824098479120806
val,13,132,-0.007719634560218766,0.10815068464756093
val,13,133,-0.0077774865170612065,0.10807230055834201
val,13,134,-0.007835338473903646,0.10805854821978453
val,13,135,-0.007893190430746086,0.10795581230363839
val,13,136,-0.007950367072917214,0.1079494237331788
val,13,137,-0.008008219029759654,0.10784940394387804
val,13,138,-0.008066746301273407,0.10780860818936112
val,13,139,-0.008124485705670629,0.10774828413131564
val,13,140,-0.00818222511006785,0.10766662365944536
val,13,141,-0.00824007706691029,0.10762451958538763
val,13,142,-0.00829792902375273,0.10752132732480368
val,13,143,-0.008355780980595171,0.10750420132681537
val,13,144,-0.008412957622766299,0.10739308782214314
val,13,145,-0.00847148489428005,0.10737208529660505
val,13,146,-0.00852933685112249,0.10730757981416068
val,13,147,-0.008587188807964932,0.1072166791432498
val,13,148,-0.00864436545013606,0.10719927197126358
val,13,149,-0.0087022174069785,0.10710742343957845
val,13,150,-0.00876006936382094,0.10707037523726091
val,13,151,-0.008817921320663379,0.10700674820597803
val,13,152,-0.008876223487286694,0.10693405283122179
val,13,153,-0.008934075444129134,0.10690473378498803
val,13,154,-0.008991927400971576,0.10681178951261054
val,13,155,-0.009049779357814015,0.10680722976696862
val,13,156,-0.009107631314656455,0.10671496923168733
val,13,157,-0.009165370719053677,0.1066622484216401
val,13,158,-0.009223335228341336,0.10660127207500737
val,13,159,-0.009281074632738558,0.10652016670685083
val,13,160,-0.009338926589580998,0.10651938769921683
val,13,161,-0.00939666599397822,0.10642083241202184
val,13,162,-0.009454067741039785,0.10639182646796311
val,13,163,-0.009512369907663099,0.10631985000100806
val,13,164,-0.00957022186450554,0.10624981213491552
val,13,165,-0.00962807382134798,0.10625047719267962
val,13,166,-0.00968592577819042,0.10613985012522562
val,13,167,-0.00974377773503286,0.10613097698095632
val,13,168,-0.009801629691875301,0.10605719726240899
val,13,169,-0.00985948164871774,0.10598580935001119
val,14,0,0.0,
val,14,1,-7.471184698484804e-05,0.1496021220159151
val,14,2,-0.00014788097146558416,0.09044958765629156
val,14,3,-0.0002187727436783456,0.05455189514700673
val,14,4,-0.00028885642315085793,0.033837579617834394
val,14,5,-0.0003590135655997565,0.020906293112596838
val,14,6,-0.0004290972450722688,0.012918067598655105
val,14,7,-0.000499915554308644,0.0071986057437296355
val,14,8,-0.0005708073265214054,0.003646489425180667
val,14,9,-0.0006408910059939177,0.0010609454202522692
val,14,10,-0.0007117827782066791,-0.000530307047780665
val,14,11,-0.0007826010874430543,-0.0015905147484094853
val,14,12,-0.0008534928596558157,-0.0027394839165782964
val,14,13,-0.000923576539128328,-0.003914851969659897
val,14,14,-0.0009952029411049522,-0.005148784735367608
val,14,15,-0.0010661681762941,-0.00607687959299039
val,14,16,-0.001136986485530475,-0.007121327547944751
val,14,17,-0.0012086128875070992,-0.007667612131035128
val,14,18,-0.0012786965669796117,-0.007975983753715749
val,14,19,-0.001349588339192373,-0.00825455255305502
val,14,20,-0.0014220228339092463,-0.008793537279830486
val,14,21,-0.0014928411431456214,-0.0090810483565825
val,14,22,-0.0015629982855945202,-0.009486432475381022
val,14,23,-0.001635359317335007,-0.009833498376436451
val,14,24,-0.0017062510895477685,-0.010218720342536803
val,14,25,-0.0017778774915243928,-0.010571138039149225
val,14,26,-0.0018487692637371542,-0.010938200187395608
val,14,27,-0.0019203956657137785,-0.011139439105707001
val,14,28,-0.0019920220676904027,-0.011251891074130107
val,14,29,-0.002063648469667027,-0.011447036915324789
val,14,30,-0.002134540241879788,-0.01170158315536808
val,14,31,-0.0022061666438564125,-0.011922045536065042
val,14,32,-0.002276250323328925,-0.012127729980145599
val,14,33,-0.0023479501882819353,-0.01230487863571463
val,14,34,-0.0024203112200224222,-0.012332222602846377
val,14,35,-0.002491202992235184,-0.012492815874648356
val,14,36,-0.002562829394211808,-0.012645199235406558
val,14,37,-0.0026344557961884324,-0.012803089907731923
val,14,38,-0.002706155661141443,-0.012954089592155115
val,14,39,-0.002776973970377818,-0.013042003121395128
val,14,40,-0.0028486738353308283,-0.013244945485339261
val,14,41,-0.0029202267743310664,-0.013360700178142669
val,14,42,-0.002991192009520214,-0.013508404949721515
val,14,43,-0.003063479578284315,-0.013624447699105242
val,14,44,-0.0031351794432373254,-0.013747233715000482
val,14,45,-0.0032059977524737005,-0.013793995554876112
val,14,46,-0.003277697617426711,-0.014046107123136389
val,14,47,-0.0033485893896394725,-0.014118441792389101
val,14,48,-0.0034202157916160968,-0.014243820695433599
val,14,49,-0.00349265028633297,-0.01435236182206959
val,14,50,-0.003564203225333208,-0.014456556249338554
val,14,51,-0.0036351684605223557,-0.014504783050777115
val,14,52,-0.003707456029286456,-0.014519887259740127
val,14,53,-0.003778421264475604,-0.014685182042348432
val,14,54,-0.003849974203475842,-0.014765679348624843
val,14,55,-0.00392093943866499,-0.014863486810459276
val,14,56,-0.003992565840641614,-0.015031981935166902
val,14,57,-0.0040649268723821005,-0.015147999294578465
val,14,58,-0.004136626737335111,-0.015224490540565194
val,14,59,-0.004208179676335349,-0.015252459133990297
val,14,60,-0.004279144911524497,-0.01532411652676871
val,14,61,-0.004351505943264984,-0.015402360654600327
val,14,62,-0.004422397715477745,-0.01549514496834417
val,14,63,-0.004494758747218232,-0.01557658557885279
val,14,64,-0.004566385149194857,-0.015729482654587835
val,14,65,-0.004638085014147867,-0.015797441156362925
val,14,66,-0.0047089033233842425,-0.015910930849571566
val,14,67,-0.004781337818101116,-0.015940564354403195
val,14,68,-0.00485296422007774,-0.01604132469290432
val,14,69,-0.004923855992290501,-0.016130516115182927
val,14,70,-0.004996290487007375,-0.016240071942989716
val,14,71,-0.005067916888983999,-0.01627912174696955
val,14,72,-0.005138735198220374,-0.01635441921974873
val,14,73,-0.005211169692937247,-0.016441909841233036
val,14,74,-0.005282796094913871,-0.01651203019342664
val,14,75,-0.005353687867126633,-0.016552414804784473
val,14,76,-0.0054253142691032576,-0.016620035912640413
val,14,77,-0.005496940671079881,-0.016754480569885898
val,14,78,-0.005568567073056506,-0.016878352444953785
val,14,79,-0.005640266938009516,-0.01693303783653492
val,14,80,-0.005711893339986141,-0.017011795197291867
val,14,81,-0.005782785112198902,-0.017095914742451153
val,14,82,-0.005855146143939389,-0.017132167967490165
val,14,83,-0.005926772545916013,-0.01716754607325839
val,14,84,-0.005997664318128775,-0.017290449325005036
val,14,85,-0.006069290720105399,-0.017342335334930462
val,14,86,-0.006141725214822272,-0.01747253963763392
val,14,87,-0.0062133516167988964,-0.017551325620558212
val,14,88,-0.006284243389011658,-0.01760997217263783
val,14,89,-0.006356677883728531,-0.017685336502748478
val,14,90,-0.006428230822728769,-0.017717993018581856
val,14,91,-0.006494494427429194,-0.01777307652070813
val,14,92,-0.00656075803212962,-0.017895638477059897
val,14,93,-0.006626287007066183,-0.01792487702237766
val,14,94,-0.00669174251902636,-0.018049749340295164
val,14,95,-0.006757932660750399,-0.01814952761122153
val,14,96,-0.0068234616356869626,-0.018152469727520135
val,14,97,-0.006889725240387388,-0.018238225576044403
val,14,98,-0.0069551807523475645,-0.018305746989967456
val,14,99,-0.007021370894071604,-0.018366071380874285
val,14,100,-0.0070868998690081664,-0.018478559793530917
val,14,101,-0.00715242884394473,-0.018557597147240708
val,14,102,-0.00721781089292852,-0.018614152978264478
val,14,103,-0.007284074497628946,-0.018658957994239035
val,14,104,-0.007350338102329371,-0.01876468374642759
val,14,105,-0.007415867077265935,-0.018807103786604346
val,14,106,-0.007482057218989974,-0.018884492763023314
val,14,107,-0.00754751273095015,-0.01895008427202317
val,14,108,-0.007613041705886713,-0.01900947045746129
val,14,109,-0.0076793053105871385,-0.01906300641417523
val,14,110,-0.007745568915287565,-0.01916346153846154
val,14,111,-0.007810950964271355,-0.019176711610843774
val,14,112,-0.007876479939207919,-0.019241847595123197
val,14,113,-0.007941935451168095,-0.01934300249451254
val,14,114,-0.008007390963128271,-0.019442472826465145
val,14,115,-0.008073654567828697,-0.019516771363138872
val,14,116,-0.00813918354276526,-0.019566991415506794
val,14,117,-0.008205373684489299,-0.019594194513625537
val,14,118,-0.008270829196449475,-0.01966575389124677
val,14,119,-0.0083370928011499,-0.019758331518671755
val,14,120,-0.008402621776086465,-0.019853773979877396
val,14,121,-0.008468003825070255,-0.019899388551623463
val,14,122,-0.00853507552251093,-0.019952232543422006
val,14,123,-0.008599796404707243,-0.020022184769897502
val,14,124,-0.008665325379643806,-0.020048276215008272
val,14,125,-0.008730707428627596,-0.0201464659071198
val,14,126,-0.008797705663091885,-0.020208845724454593
val,14,127,-0.008863234638028447,-0.020295225999875082
val,14,128,-0.008928763612965011,-0.020380423555853018
val,14,129,-0.008994219124925188,-0.02043953611353658
val,15,0,0.0,
val,15,1,-6.823945145378356e-05,0.2017960908610671
val,15,2,-0.00013719515669191026,0.16095890410958905
val,15,3,-0.00020615086193003697,0.12612137203166227
val,15,4,-0.0002751065671681637,0.10764760269449214
val,15,5,-0.0003454296659945819,0.09339961920880051
val,15,6,-0.00041646901860534316,0.08469486885101121
val,15,7,-0.0004875083712161045,0.07741886563542615
val,15,8,-0.000558482609846471,0.07156146179401994
val,15,9,-0.0006301731022611807,0.06591003132943193
val,15,10,-0.0007025798484602334,0.06151797603195739
val,15,11,-0.0007735540870905999,0.057660626029654036
val,15,12,-0.0008458957193092579,0.05366352480882092
val,15,13,-0.0009176513257043624,0.05112726376740175
val,15,14,-0.0009892767041386771,0.048534798534798536
val,15,15,-0.00106168345033773,0.04661107547573231
val,15,16,-0.0011333739427524395,0.044156972857333866
val,15,17,-0.0012050644351671491,0.042554530861477445
val,15,18,-0.0012768200415622538,0.04050557620817844
val,15,19,-0.0013490965598005169,0.03914550629879097
val,15,20,-0.0014208521661956213,0.03747354887097206
val,15,21,-0.001492542658610331,0.03633672714282069
val,15,22,-0.0015648842908289888,0.03495992398957293
val,15,23,-0.0016365747832436984,0.03389435404913982
val,15,24,-0.0017082652756584083,0.03269054588519205
val,15,25,-0.001780672021857461,0.031797798613942115
val,15,26,-0.0018522974002917758,0.030868273357543743
val,15,27,-0.0019240530066868802,0.030010334684792115
val,15,28,-0.001995678385121195,0.029191344181856517
val,15,29,-0.002068085131320248,0.028393210802006404
val,15,30,-0.0021390593699506144,0.027647048297335504
val,15,31,-0.002211466116149667,0.0268978298145037
val,15,32,-0.0022832217225447716,0.026330804860038935
val,15,33,-0.002354195961175138,0.02566689995280025
val,15,34,-0.002425821339609453,0.025152463108667488
val,15,35,-0.0024975769460045573,0.02440484413132569
val,15,36,-0.002569202324438872,0.02389516574379487
val,15,37,-0.0026409579308339765,0.02326560843487227
val,15,38,-0.0027126484232486863,0.02292332494272704
val,15,39,-0.002784990055467344,0.02237777655294053
val,15,40,-0.002856680547882054,0.022034126024452507
val,15,41,-0.0029277199004928154,0.02147408164870605
val,15,42,-0.00299934527892713,0.021144517400709082
val,15,43,-0.0030711008853222346,0.020641628325665132
val,15,44,-0.003142791377736944,0.020271508693898998
val,15,45,-0.003214481870151654,0.01982244632167565
val,15,46,-0.0032854561087820203,0.019544583157993175
val,15,47,-0.0033572117151771247,0.019073008317982632
val,15,48,-0.0034288370936114395,0.01875567207824947
val,15,49,-0.0035012438398104922,0.018373193138040412
val,15,50,-0.003572934332225202,0.01808090694947887
val,15,51,-0.0036439085708555685,0.017812885603096427
val,15,52,-0.003715599063270278,0.017460563744504783
val,15,53,-0.0037866384158810394,0.01719378019568836
val,15,54,-0.003857612654511406,0.016885329189205343
val,15,55,-0.003930019400710459,0.016618574852056537
val,15,56,-0.0040017098931251684,0.016350763259777315
val,15,57,-0.0040726841317555345,0.016084576175193505
val,15,58,-0.004144439738150639,0.01576154516948995
val,15,59,-0.004216065116584954,0.015521832707109766
val,15,60,-0.00428703935521532,0.015272583783977688
val,15,61,-0.004358143821806477,0.015032287660115036
val,15,62,-0.004429769200240792,0.014746471782943044
val,15,63,-0.004501524806635896,0.014572478004612624
val,15,64,-0.004573150185070211,0.014344934287420013
val,15,65,-0.004644124423700578,0.014158090396509327
val,15,66,-0.004715880030095682,0.013862500305790448
val,15,67,-0.004787570522510391,0.013744959110554136
val,15,68,-0.004858544761140758,0.013495970997514525
val,15,69,-0.004930235253555467,0.013324491945235401
val,15,70,-0.005001990859950572,0.013041739718864385
val,15,71,-0.005072965098580938,0.012941524325061978
val,15,72,-0.005144655590995648,0.01266513648292001
val,15,73,-0.005216346083410358,0.012565352368170723
val,15,74,-0.005286669182236776,0.012331039299276871
val,15,75,-0.005358359674651486,0.012188556538966772
val,15,76,-0.005429399027262247,0.011950469659833105
val,15,77,-0.005501024405696562,0.011830513214934973
val,15,78,-0.005572063758307323,0.011554948126980182
val,15,79,-0.0056437542507220325,0.011497386338079044
val,15,80,-0.005715444743136742,0.011266657692825414
val,15,81,-0.005786484095747503,0.0111408021909358
val,15,82,-0.005858109474181818,0.010907037370228582
val,15,83,-0.005928432573008236,0.01076922078848861
val,15,84,-0.006000839319207289,0.01059642554937306
val,15,85,-0.006072529811621999,0.010516246333567732
val,15,86,-0.00614356916423276,0.010300370061927452
val,15,87,-0.006214543402863127,0.010201176106468585
val,15,88,-0.006286233895277837,0.009975092866278679
val,15,89,-0.0063579243876925465,0.009857135077241454
val,15,90,-0.006428247486518965,0.009663946001579741
val,15,91,-0.006500003092914069,0.00956399770369362
val,15,92,-0.0065709773315444355,0.009378183138003301
val,15,93,-0.00664260270997875,0.009254218835057159
val,15,94,-0.0067137071765699064,0.009098618018472258
val,15,95,-0.0067846814152002725,0.009014525291696432
val,15,96,-0.006856306793634587,0.008830740402039934
val,15,97,-0.006927411260225743,0.008745481501224367
val,15,98,-0.006999036638660058,0.008579468633550615
val,15,99,-0.007070727131074768,0.008471440852258507
val,15,100,-0.007141115343881581,0.008305996800413685
val,15,101,-0.007212740722315896,0.008234490997525386
val,15,102,-0.007284431214730606,0.00806430317977534
val,15,103,-0.007354819427537419,0.007975607715158362
val,15,104,-0.007425793666167785,0.007795342477106037
val,15,105,-0.007497484158582495,0.0077010297113011715
val,15,106,-0.007569174650997205,0.0075523096548604654
val,15,107,-0.007640148889627571,0.007436347982821382
val,15,108,-0.007711188242238332,0.0072730175041278615
val,15,109,-0.0077828787346530415,0.007230904579737651
val,15,110,-0.007853852973283408,0.007057705682408142
val,15,111,-0.00792489232589417,0.006960252782402306
val,15,112,-0.00799658281830888,0.006825922148890728
val,15,113,-0.008067557056939246,0.0067417123186436475
val,15,114,-0.008137880155765664,0.006611968655771175
val,15,115,-0.008209635762160768,0.006540357189707839
val,15,116,-0.008281326254575477,0.006382029987180202
val,15,117,-0.008351584239421502,0.0062908143058459445
val,15,118,-0.008423339845816606,0.006187214611872146
val,15,119,-0.008495030338231315,0.006103635013493199
val,15,120,-0.008566004576861682,0.005949574549291664
val,15,121,-0.008637043929472444,0.005873917845309772
val,15,122,-0.008708018168102809,0.005719737289595378
val,15,123,-0.00877970866051752,0.005655831069832647
val,15,124,-0.00885074801312828,0.00550159702757317
val,15,125,-0.008921722251758647,0.005431807110494165
val,15,126,-0.008992696490389014,0.005277609080566937
val,15,127,-0.009063800956980169,0.005231958653523828
val,15,128,-0.009135426335414485,0.005089990527312915
val,15,129,-0.009206400574044852,0.0050256294569562985
val,15,130,-0.009278156180439956,0.004920655976918102
val,15,131,-0.009349130419070322,0.0048172251795660795
val,15,132,-0.00942010465770069,0.004678773230558187
val,15,133,-0.0094904928705075,0.004627434772214321
val,15,134,-0.009562183362922212,0.004504540737940299
val,15,135,-0.009633808741356525,0.004391287685232499
val,15,136,-0.009704196954163339,0.004311557589807604
val,15,137,-0.0097752363067741,0.004213300812368457
val,15,138,-0.009846210545404467,0.004124258922224912
val,15,139,-0.009917184784034833,0.004013183404420318
val,15,140,-0.009988940390429938,0.003907513204699795
val,15,141,-0.010059263489256356,0.003811132942408697
val,15,142,-0.01013088886769067,0.0037274200711322324
val,15,143,-0.010201928220301432,0.0036298119508637295
val,15,144,-0.010272967572912194,0.0035409624979880895
val,15,145,-0.01034394181154256,0.0034385083193314795
val,16,0,0.0,
val,16,1,-6.478971841572322e-05,0.1740301724137931
val,16,2,-0.0001276629470691493,0.08619292083220752
val,16,3,-0.0001911543982265422,0.005960982658959537
val,16,4,-0.00025340940437600145,-0.05280259951259139
val,16,5,-0.00031430432101673365,-0.09608309889634278
val,16,6,-0.0003766211494165896,-0.12960793150067598
val,16,7,-0.00043819611081168537,-0.15674465292255424
val,16,8,-0.0004997710722067811,-0.17867026662166724
val,16,9,-0.0005619642561058436,-0.19671541596739392
val,16,10,-0.0006235392175009393,-0.21154468039236823
val,16,11,-0.0006844959563920683,-0.22374541003671972
val,16,12,-0.0007454526952831972,-0.23392232487218584
val,16,13,-0.000807027656678293,-0.2431012370195689
val,16,14,-0.0008679843955694219,-0.25117100514474394
val,16,15,-0.0009295593569645176,-0.2586200723262559
val,16,16,-0.0009911343183596133,-0.26517261046063006
val,16,17,-0.0010520910572507423,-0.2708307031940412
val,16,18,-0.001113666018645838,-0.2762895199499389
val,16,19,-0.001174622757536967,-0.28114772599029453
val,16,20,-0.0012355176741776991,-0.2856989765846863
val,16,21,-0.001296474413068828,-0.2898321514208459
val,16,22,-0.0013587294192182874,-0.2934991603183489
val,16,23,-0.0014196243358590196,-0.2968539116675199
val,16,24,-0.0014811992972541153,-0.2999955410888661
val,16,25,-0.0015420942138948475,-0.30314312001198196
val,16,26,-0.0016030509527859764,-0.30614805520702637
val,16,27,-0.001664625914181072,-0.3087387869066714
val,16,28,-0.0017255826530722012,-0.31104662262782085
val,16,29,-0.0017871576144672969,-0.3133880033170552
val,16,30,-0.0018487325758623926,-0.31576697715008284
val,16,31,-0.0019096893147535214,-0.3178528347406514
val,16,32,-0.0019706460536446503,-0.3197256204416109
val,16,33,-0.002032221015039746,-0.3215204621583572
val,16,34,-0.002093177753930875,-0.3232726130653266
val,16,35,-0.002154752715325971,-0.32502592886340065
val,16,36,-0.0022157094542171,-0.326711242235104
val,16,37,-0.0022772844156121953,-0.3282180716809692
val,16,38,-0.0023388593770072913,-0.3295792843902713
val,16,39,-0.00239981611589842,-0.33089834612385605
val,16,40,-0.0024607110325391523,-0.33223973753700886
val,16,41,-0.002522347816184645,-0.3337019305822969
val,16,42,-0.0025825626880710134,-0.3349883177570093
val,16,43,-0.0026441376494661093,-0.33602450579160154
val,16,44,-0.002705094388357238,-0.33710220800310237
val,16,45,-0.0027666693497523337,-0.3381908654700551
val,16,46,-0.002827626088643463,-0.3393713928099576
val,16,47,-0.0028892010500385585,-0.34044845694064807
val,16,48,-0.0029501577889296873,-0.34141358058963966
val,16,49,-0.003011114527820816,-0.3423033414549252
val,16,50,-0.003072689489215912,-0.3432277455661664
val,16,51,-0.003133646228107041,-0.34415747241725175
val,16,52,-0.003194541144747773,-0.3450487744897123
val,16,53,-0.003256116106142869,-0.3459156798488108
val,16,54,-0.003317072845033998,-0.3466812675111479
val,16,55,-0.00337796776167473,-0.34742306984492893
val,16,56,-0.003439542723069826,-0.34818133394209183
val,16,57,-0.003500499461960955,-0.3489949819180847
val,16,58,-0.003561456200852084,-0.349727729363906
val,16,59,-0.0036230311622471793,-0.3504355282754886
val,16,60,-0.0036846061236422752,-0.35108677322872384
val,16,61,-0.003745562862533404,-0.3517354563866192
val,16,62,-0.003806519601424533,-0.35239101308873544
val,16,63,-0.003868094562819629,-0.35307888642855934
val,16,64,-0.003929051301710757,-0.35368450826081893
val,16,65,-0.003990626263105854,-0.35425795935751786
val,16,66,-0.0040515211797465854,-0.35479785758074406
val,16,67,-0.004112477918637714,-0.3553846398321918
val,16,68,-0.004174052880032811,-0.35599430083452066
val,16,69,-0.0042350096189239395,-0.3565802365320969
val,16,70,-0.004295904535564671,-0.35707061874092266
val,16,71,-0.0043568612744558,-0.35761246842038186
val,16,72,-0.0044184362358508965,-0.35812918582474607
val,16,73,-0.004479392974742025,-0.3587614284256113
val,16,74,-0.004540349713633154,-0.35926756997784876
val,16,75,-0.004601306452524283,-0.3597485258534439
val,16,76,-0.004662201369165015,-0.36019886562565645
val,16,77,-0.004723776330560111,-0.360648260133384
val,16,78,-0.004784671247200843,-0.36111149012812294
val,16,79,-0.004845627986091972,-0.36160151961147524
val,16,80,-0.004906584724983101,-0.36202802737557616
val,16,81,-0.004968159686378196,-0.3624563155267099
val,16,82,-0.005029116425269326,-0.3628877886718015
val,16,83,-0.005090073164160455,-0.3632913664452935
val,16,84,-0.00515164812555555,-0.36374115665000917
val,16,85,-0.005212543042196282,-0.3641422044188521
val,16,86,-0.005273499781087411,-0.36453726099086337
val,16,87,-0.005334394697728144,-0.36489874284596197
val,16,88,-0.0053953514366192725,-0.36528614867519843
val,16,89,-0.005456926398014368,-0.36570277571903315
val,16,90,-0.005517883136905497,-0.3661053614596694
val,16,91,-0.005578839875796626,-0.3664825368990209
val,16,92,-0.005640414837191722,-0.3668204576727836
val,16,93,-0.005701371576082851,-0.3671715034145114
val,16,94,-0.005762266492723583,-0.36753863303286993
val,16,95,-0.0058232232316147116,-0.3679442820831514
val,16,96,-0.005884118148255444,-0.3683431952662722
val,16,97,-0.00594569310965054,-0.3686787549141632
val,16,98,-0.0060066498485416685,-0.3689706073893978
val,16,99,-0.006067606587432797,-0.3693272164682625
val,16,100,-0.006128563326323926,-0.36968904063691627
val,16,101,-0.006190138287719023,-0.37005170761502576
val,16,102,-0.0062510950266101515,-0.37038774967544147
val,16,103,-0.00631205176550128,-0.3707075035754669
val,16,104,-0.006372884859891616,-0.37096370079102514
val,16,105,-0.006434459821286711,-0.3712750440613415
val,16,106,-0.00649541656017784,-0.3716356886648105
val,16,107,-0.006556373299068969,-0.37195479529664344
val,16,108,-0.006617948260464065,-0.3722495482587653
val,16,109,-0.006678904999355194,-0.3725242453216774
val,16,110,-0.006739243515742356,-0.37279270656592756
val,16,111,-0.006800076610132691,-0.37307255665569716
val,16,112,-0.006861713393778184,-0.3733740339150415
val,16,113,-0.006923288355173279,-0.37370253611254883
val,16,114,-0.006984245094064409,-0.3739931813835915
val,16,115,-0.007045140010705141,-0.374266058863235
val,16,116,-0.00710609674959627,-0.3745617050532829
val,16,117,-0.007167053488487399,-0.37486140647436245
val,16,118,-0.007227948405128131,-0.3751109469121841
val,16,119,-0.00728890514401926,-0.37538365313735567
val,16,120,-0.007349800060659992,-0.37565291357838726
val,16,121,-0.0074114368443054844,-0.37587212878508286
val,16,122,-0.007472331760946217,-0.3761383938297965
val,16,123,-0.007533288499837346,-0.3764354527105583
val,16,124,-0.0075948634612324414,-0.37673250136113623
val,16,125,-0.00765582020012357,-0.3770169007136235
val,16,126,-0.0077160968942603355,-0.3772676645797121
val,16,127,-0.007777053633151464,-0.37753026269526346
val,16,128,-0.007837948549792197,-0.377806387308443
val,16,129,-0.00789958533343769,-0.3780555143483492
val,16,130,-0.007960480250078422,-0.3783058831226182
val,16,131,-0.00802143698896955,-0.37853212796000846
val,16,132,-0.00808239372786068,-0.37877116118744264
val,16,133,-0.008143968689255775,-0.3790015106826847
val,16,134,-0.008204925428146903,-0.37927259312735767
val,16,135,-0.008265820344787636,-0.37952729864126905
val,16,136,-0.008326777083678766,-0.3797851260986982
val,16,137,-0.008387672000319497,-0.3800027933394373
val,16,138,-0.008448628739210626,-0.3802306996090816
val,16,139,-0.008509585478101754,-0.38046167317332436
val,16,140,-0.008571160439496852,-0.3807097734313309
val,16,141,-0.00863211717838798,-0.3809758947586649
val,16,142,-0.00869307391727911,-0.38120742570551686
val,16,143,-0.008753288789165477,-0.38143678524041197
val,16,144,-0.00881492557281097,-0.3816346490985255
val,16,145,-0.008875820489451703,-0.3818331097476047
val,16,146,-0.00893677722834283,-0.3820731880444239
val,16,147,-0.008998352189737926,-0.38232965412022457
val,16,148,-0.009059308928629056,-0.38260145143509655
val,16,149,-0.009120265667520184,-0.3828029703182178
val,16,150,-0.009181160584160917,-0.3829941010788117
val,16,151,-0.009242117323052046,-0.3832235858054389
val,16,152,-0.009303012239692777,-0.38342936257097304
val,16,153,-0.00936335075607994,-0.3836751706292006
val,17,0,0.0,
val,17,1,-6.170597821682928e-05,0.2438894792773645
val,17,2,-0.00012275167845663025,0.2261239691407289
val,17,3,-0.0001837973786964312,0.2137661876884868
val,17,4,-0.00024484307893623213,0.2054794520547945
val,17,5,-0.0003052885264696437,0.19995743322336917
val,17,6,-0.00036573397400305527,0.197462964605695
val,17,7,-0.0004261193962658279,0.19364403558123622
val,17,8,-0.0004878253744826572,0.1919930837268072
val,17,9,-0.0005488710747224582,0.190943485457555
val,17,10,-0.0006092564969852308,0.18927260150055872
val,17,11,-0.0006709624752020601,0.18842191807322145
val,17,12,-0.0007320682007125,0.18778260484085468
val,17,13,-0.0007937141536586903,0.18678396072013093
val,17,14,-0.0008541596011921019,0.18620113217582918
val,17,15,-0.0009158655794089312,0.18567375886524823
val,17,16,-0.0009774515070844825,0.18531445286531045
val,17,17,-0.001037956979888533,0.1851005913457026
val,17,18,-0.0010996029328347234,0.18446946192713412
val,17,19,-0.0011606486330745245,0.18403448372379433
val,17,20,-0.0012216943333143253,0.18395298122440296
val,17,21,-0.0012827400335541264,0.18341352241073688
val,17,22,-0.0013444460117709555,0.18335871588464234
val,17,23,-0.0014048314340337283,0.18307091165522185
val,17,24,-0.0014665374122505574,0.1827609129182362
val,17,25,-0.0015275831124903585,0.1827076464957992
val,17,26,-0.00158802856002377,0.18249309745372738
val,17,27,-0.0016497345382405994,0.18227833142947178
val,17,28,-0.0017107202132097613,0.18228949067568082
val,17,29,-0.0017718259387202013,0.181973194477549
val,17,30,-0.0018328716389600021,0.1818407387058469
val,17,31,-0.0018939173391998032,0.1817183828196024
val,17,32,-0.001954302761462576,0.18151754852432864
val,17,33,-0.002016008739679405,0.18141243575076937
val,17,34,-0.002077054439919206,0.18138596518665645
val,17,35,-0.0021374998874526176,0.18118562182856796
val,17,36,-0.0021985455876924187,0.18121529008625784
val,17,37,-0.002260191540638609,0.18116493971228606
val,17,38,-0.002321297266149049,0.1809798351548397
val,17,39,-0.0023823429663888496,0.18102120117254072
val,17,40,-0.0024427884139222615,0.1809927682654472
val,17,41,-0.0025044343668684517,0.1807641428682593
val,17,42,-0.0025654800671082527,0.18082493543323036
val,17,43,-0.0026259255146416642,0.18070858838805418
val,17,44,-0.0026875714675878544,0.18048992712726744
val,17,45,-0.0027486771930982945,0.18055818130258058
val,17,46,-0.002809062615361067,0.18043096273004716
val,17,47,-0.002870168340871507,0.18037831477961808
val,17,48,-0.002931154015840669,0.18039723948467426
val,17,49,-0.0029928599940574983,0.18024069713181912
val,17,50,-0.003053245416320271,0.18017462326254108
val,17,51,-0.0031137508891243212,0.1802116457279883
val,17,52,-0.003175396842070512,0.18002311003855082
val,17,53,-0.0032358422896039234,0.17998776071188516
val,17,54,-0.0032968279645730855,0.1799714440450987
val,17,55,-0.003357333437377136,0.17987141683182675
val,17,56,-0.0034183191123462976,0.179881117420286
val,17,57,-0.003480025090563127,0.17979309894497253
val,17,58,-0.0035411308160735668,0.17966372070849682
val,17,59,-0.0036015162383363397,0.17970024423875916
val,17,60,-0.0036625619385761404,0.17968805388160228
val,17,61,-0.0037230073861095523,0.17959379358437935
val,17,62,-0.003784053086349353,0.1795711835334477
val,17,63,-0.003845098786589154,0.17947332883187037
val,17,64,-0.0039054842088519265,0.17941474600774357
val,17,65,-0.003967190187068756,0.1794146038186548
val,17,66,-0.004028235887308557,0.1792913423889399
val,17,67,-0.004088681334841969,0.17925905938000983
val,17,68,-0.00414972703508177,0.17930872693149827
val,17,69,-0.004210772735321571,0.17919729967170667
val,17,70,-0.004271818435561371,0.1791932543299909
val,17,71,-0.004332263883094783,0.17915209430161239
val,17,72,-0.004393249558063945,0.1790783546266893
val,17,73,-0.004454955536280774,0.17911719717386554
val,17,74,-0.004515461009084825,0.1790903211899116
val,17,75,-0.004575846431347597,0.17897908543069832
val,17,76,-0.004636892131587398,0.17899221985894997
val,17,77,-0.004697937831827199,0.17900450238930476
val,17,78,-0.004759043557337639,0.1788255985166603
val,17,79,-0.004820029232306801,0.17884329337649837
val,17,80,-0.004880474679840213,0.1787741429501921
val,17,81,-0.004941520380080014,0.17869591760373382
val,17,82,-0.005002566080319815,0.17873515889947283
val,17,83,-0.0050630115278532265,0.17872449469874116
val,17,84,-0.0051240572280930275,0.17862161512070995
val,17,85,-0.005185102928332828,0.17862281217550138
val,17,86,-0.005246148628572629,0.17856723320329165
val,17,87,-0.00530659407610604,0.17853781368798055
val,17,88,-0.005367579751075203,0.17852956459740668
val,17,89,-0.005428085223879253,0.17845194283802515
val,17,90,-0.005489130924119054,0.17840558647336147
val,17,91,-0.005550176624358855,0.17843724984954454
val,17,92,-0.005610562046621628,0.1783482929817768
val,17,93,-0.0056716677721320675,0.17828903360071352
val,17,94,-0.0057320531943948405,0.17832294412453475
val,17,95,-0.005792438616657613,0.17825639188644607
val,17,96,-0.005853544342168053,0.17821754759095867
val,17,97,-0.005914590042407854,0.17823627433783545
val,17,98,-0.005976235995354044,0.17817903629231346
val,17,99,-0.006036081190181067,0.1781181689770182
val,17,100,-0.006097126890420867,0.17814169879037617
val,17,101,-0.006158172590660668,0.17805175935479794
val,17,102,-0.006219218290900469,0.1779985716743209
val,17,103,-0.0062796637384338804,0.17801133606582764
val,17,104,-0.0063407094386736815,0.17795592002004101
val,17,105,-0.0064010948609364545,0.177893574785286
val,17,106,-0.006462800839153284,0.17792078810617765
val,17,107,-0.006523186261416056,0.17785143186527597
val,17,108,-0.006584291986926496,0.17779692307692307
val,17,109,-0.006644677409189268,0.17782211446996785
val,17,110,-0.006705783134699709,0.17776456599286564
val,17,111,-0.006766168556962481,0.17772785407375827
val,17,112,-0.006827274282472921,0.17771659150249228
val,17,113,-0.006887659704735693,0.17766296829564382
val,17,114,-0.0069487054049754944,0.17760614159052643
val,17,115,-0.0070097511052152955,0.17764112996439965
val,17,116,-0.007070196552748707,0.17759708114847272
val,17,117,-0.007131842505694898,0.17754439859669532
val,17,118,-0.007191627675251281,0.17754006839902134
val,17,119,-0.007252133148055331,0.17750979612444318
val,17,120,-0.007313719075730882,0.17745187088770242
val,17,121,-0.007374824801241323,0.17743416687538172
val,17,122,-0.007435210223504095,0.1774093733929521
val,17,123,-0.007495655671037507,0.1773407106423446
val,17,124,-0.007556101118570919,0.17736672626627734
val,17,125,-0.00761714681881072,0.17733504038655398
val,17,126,-0.00767819251905052,0.17728473411931506
val,17,127,-0.007738577941313293,0.1772583791749349
val,17,128,-0.007799083414117344,0.17722339219180303
val,17,129,-0.007860069089086505,0.17717465224111284
val,17,130,-0.007920514536619917,0.17716875181487646
val,17,131,-0.007981560236859718,0.17714932769459923
val,17,132,-0.00804200568439313,0.17707808868606228
val,17,133,-0.00810365163733932,0.1770622214227179
val,17,134,-0.00816409708487273,0.17704568088846212
val,17,135,-0.008225142785112532,0.17696288477897854
val,17,136,-0.008285528207375305,0.1769723648049039
val,17,137,-0.008346033680179355,0.1769367495362357
val,17,138,-0.008407019355148518,0.1768898546369391
val,17,139,-0.008467464802681929,0.17687446927331563
val,17,140,-0.00852851050292173,0.17689257855520701
val,17,141,-0.008588955950455142,0.176814829338924
val,17,142,-0.008650001650694943,0.17680470271079826
val,17,143,-0.008711047350934744,0.17680235865366384
val,17,144,-0.008771492798468155,0.17675423212538538
val,17,145,-0.008831878220730928,0.17671517671517672
val,17,146,-0.008892983946241368,0.17672142251095177
val,17,147,-0.008954029646481168,0.17665121123785688
val,17,148,-0.009013814816037552,0.17659103645481586
val,17,149,-0.009074860516277353,0.17661835335088882
val,17,150,-0.009135245938540126,0.17655544449879138
val,17,151,-0.009196951916756955,0.17649709875499972
val,17,152,-0.009257337339019728,0.1765109145409457
val,17,153,-0.009317842811823778,0.1764983876348271
val,17,154,-0.00937882848679294,0.1764348471510193
val,17,155,-0.00943933395959699,0.17642519036838855
val,17,156,-0.009499719381859763,0.17640703705975774
val,17,157,-0.009560765082099564,0.17635764572024556
val,18,0,0.0,
val,18,1,-7.023351789932545e-05,0.2236126224156692
val,18,2,-0.00013897119008274235,0.20081521739130434
val,18,3,-0.00020834993900154862,0.19097662620039862
val,18,4,-0.0002778711494171081,0.18474714518760196
val,18,5,-0.0003473923598326676,0.1823625476320087
val,18,6,-0.00041677110875147383,0.18127327218236308
val,18,7,-0.0004847252427027482,0.17911377618565533
val,18,8,-0.0005535341456345417,0.17845209682918514
val,18,9,-0.000622200587069582,0.17733721353219353
val,18,10,-0.0006901547210208563,0.17572879135276778
val,18,11,-0.0007581088549721306,0.1755361397934869
val,18,12,-0.0008260629889234049,0.17447312121625927
val,18,13,-0.0008940171228746793,0.17411408634242717
val,18,14,-0.0009612589493421876,0.17337497560023424
val,18,15,-0.001029213083293462,0.1729353451417742
val,18,16,-0.0010964549097609703,0.17263654385125435
val,18,17,-0.0011636967362284787,0.17207207207207206
val,18,18,-0.001230938562695987,0.17197045682502052
val,18,19,-0.0012981803891634954,0.1717066989228731
val,18,20,-0.0013645674466504845,0.17108611772432478
val,18,21,-0.0014318092731179929,0.17096311742473608
val,18,22,-0.0014990510995855012,0.17068982679673503
val,18,23,-0.0015655806185692436,0.1704680729489072
val,18,24,-0.0016319676760562327,0.17023412897631326
val,18,25,-0.001698497195039975,0.1699493898297658
val,18,26,-0.0017649554832753409,0.16982682341044117
val,18,27,-0.0018321973097428492,0.16952763574385196
val,18,28,-0.0018986555979782149,0.16923980041091868
val,18,29,-0.001964330347981438,0.16927117779331458
val,18,30,-0.0020308598669651805,0.1689806357325539
val,18,31,-0.002097389385948923,0.16892071068682046
val,18,32,-0.002163776443435912,0.16867346064913932
val,18,33,-0.0022295224241875118,0.16847699717654874
val,18,34,-0.0022959807124228776,0.16845363816648662
val,18,35,-0.0023632225388903858,0.16815476190476192
val,18,36,-0.002428968519641986,0.16805007691253293
val,18,37,-0.0024947145003935854,0.16799063342917273
val,18,38,-0.0025611727886289512,0.16782116777787398
val,18,39,-0.0026269187693805512,0.1678057149285634
val,18,40,-0.0026933770576159166,0.16762649115590292
val,18,41,-0.0027591230383675167,0.1674872892694675
val,18,42,-0.0028247977883707398,0.16739155989185378
val,18,43,-0.002891327307354482,0.16717274815003827
val,18,44,-0.002957002057357705,0.16711970074812968
val,18,45,-0.0030227480381093052,0.16698977041345087
val,18,46,-0.003089206326344671,0.16685950117489892
val,18,47,-0.0031557358453284134,0.1667989819506386
val,18,48,-0.0032214105953316365,0.16669143621460336
val,18,49,-0.003287227806831613,0.16664240197999844
val,18,50,-0.003352902556834836,0.16661544540545287
val,18,51,-0.003419360845070202,0.16646399862257472
val,18,52,-0.0034851068258218015,0.1663904925749628
val,18,53,-0.0035508528065734016,0.1663059349854499
val,18,54,-0.0036165275565766247,0.1661398034173265
val,18,55,-0.0036829858448119905,0.16612608656600233
val,18,56,-0.0037488030563119666,0.16601317440401506
val,18,57,-0.003815190113798956,0.16594277569652435
val,18,58,-0.003880152556318413,0.16590472404425893
val,18,59,-0.003946682075302155,0.16580595334468545
val,18,60,-0.0040124280560537556,0.16568756634090992
val,18,61,-0.004078174036805355,0.16562258105164623
val,18,62,-0.004143848786808579,0.1655287231122092
val,18,63,-0.004210378305792321,0.165532207880494
val,18,64,-0.004276053055795544,0.16545694773327843
val,18,65,-0.004341799036547143,0.1653291207677232
val,18,66,-0.004407545017298744,0.1653257677235779
val,18,67,-0.004473219767301966,0.16524739572661482
val,18,68,-0.004539749286285709,0.16517399274794672
val,18,69,-0.004605424036288932,0.1651358622116808
val,18,70,-0.004670457709556766,0.16496681363857463
val,18,71,-0.0047361324595599896,0.1650022819217649
val,18,72,-0.004803374286027498,0.16490842658489516
val,18,73,-0.0048684079592953315,0.16479572643141976
val,18,74,-0.004934082709298554,0.164817302625231
val,18,75,-0.0050006122282822965,0.16471372284797797
val,18,76,-0.00506628697828552,0.1646526553149663
val,18,77,-0.00513203295903712,0.1646086131501416
val,18,78,-0.00519777893978872,0.16451524306509202
val,18,79,-0.005263453689791943,0.16446595326004576
val,18,80,-0.005329199670543542,0.16443971436418567
val,18,81,-0.005394945651295143,0.1643134223090278
val,18,82,-0.005461403939530508,0.16428959021390338
val,18,83,-0.005527149920282108,0.16424983288438247
val,18,84,-0.0055921123628015655,0.164175004904846
val,18,85,-0.005658570651036931,0.16414495582427951
val,18,86,-0.005725028939272296,0.164042288159954
val,18,87,-0.005790062612540131,0.16397552396769366
val,18,88,-0.0058558085932917305,0.16395817075074137
val,18,89,-0.005921483343294953,0.1639340214331572
val,18,90,-0.005987229324046554,0.16383404759288425
val,18,91,-0.006053687612281919,0.16383198391566592
val,18,92,-0.006119433593033519,0.16369847469571552
val,18,93,-0.006184467266301352,0.16368899917287014
val,18,94,-0.006250142016304576,0.16366707778277872
val,18,95,-0.006316671535288318,0.16360313255520723
val,18,96,-0.006382346285291542,0.16355289969549192
val,18,97,-0.006448092266043141,0.1634981419378229
val,18,98,-0.006513838246794741,0.1634331789483128
val,18,99,-0.0065795129967979645,0.16343261214657592
val,18,100,-0.006645258977549564,0.16336690789799047
val,18,101,-0.0067117172657849295,0.16326264132055146
val,18,102,-0.006777463246536529,0.1632850970293189
val,18,103,-0.0068432092272881296,0.1631934440923205
val,18,104,-0.006908883977291352,0.16312641345930293
val,18,105,-0.006974701188791329,0.16312175514989113
val,18,106,-0.007040375938794552,0.1630341237829599
val,18,107,-0.007106050688797775,0.16302181773358534
val,18,108,-0.0071718679002977515,0.1630207458744867
val,18,109,-0.007237542650300975,0.16293738025612584
val,18,110,-0.007304072169284717,0.1629238463037255
val,18,111,-0.00736974691928794,0.16288073830554126
val,18,112,-0.0074354929000395404,0.162818770210657
val,18,113,-0.00750123888079114,0.16277090385588108
val,18,114,-0.0075669136307943636,0.16273677004440115
val,18,115,-0.007633443149778106,0.16264032459246727
val,18,116,-0.0076991178997813286,0.16262762656053822
val,18,117,-0.007764863880532928,0.16260334460729048
val,18,118,-0.007829897553800763,0.1625530408536841
val,18,119,-0.007896355842036127,0.16250606193566267
val,18,120,-0.007962030592039352,0.1624819082864628
val,18,121,-0.00802777657279095,0.16238388334961049
val,18,122,-0.008093522553542551,0.1623799934224457
val,18,123,-0.008159268534294151,0.1623514165698454
val,18,124,-0.008224943284297374,0.16227166141393723
val,18,125,-0.008290689265048974,0.16226139646552368
val,18,126,-0.008356435245800573,0.16217855039588194
val,18,127,-0.00842289353403594,0.16212367778681855
val,18,128,-0.008487927207303772,0.16211051564808135
val,18,129,-0.008553601957306997,0.16208534844578903
val,18,130,-0.008620131476290739,0.16201771632735038
val,18,131,-0.008686518533777728,0.16202936375728536
val,18,132,-0.008751552207045562,0.16195203611241824
val,18,133,-0.008818010495280927,0.161889726030228
val,18,134,-0.008882972937800385,0.1619314452612234
val,18,135,-0.008948718918551984,0.16181716016808365
val,18,136,-0.009014464899303585,0.16176244715164548
val,19,0,0.0,
val,19,1,-7.396690625610737e-05,0.1944739638682253
val,19,2,-0.00014942672254674165,0.15618336886993603
val,19,3,-0.00022339362880284902,0.12831464673429435
val,19,4,-0.0002995320405637228,0.11186848436246993
val,19,5,-0.00037567045232459666,0.10081335616438356
val,19,6,-0.00045045167314499145,0.0922239085795911
val,19,7,-0.0005258436298886018,0.0859375
val,19,8,-0.0006019820416494756,0.08063002680965148
val,19,9,-0.0006780525938633254,0.07646007151370679
val,19,10,-0.0007550053201884867,0.07355939478484816
val,19,11,-0.0008318223274196,0.07112195121951219
val,19,12,-0.0009086393346507133,0.0686848812771095
val,19,13,-0.000984777746411587,0.06682902666556592
val,19,14,-0.0010615947536427005,0.0652765533366553
val,19,15,-0.0011377331654035742,0.06357326846021752
val,19,16,-0.0012146858917287356,0.06198430267659489
val,19,17,-0.0012915028989598488,0.06067685313802248
val,19,18,-0.0013683199061909621,0.059503935129978536
val,19,19,-0.0014451369134220755,0.05849291080607807
val,19,20,-0.0015220217802002127,0.05750395792524217
val,19,21,-0.00159890664697835,0.056756618624143926
val,19,22,-0.0016757236542094634,0.05605151470803454
val,19,23,-0.0017532871164578402,0.0554090940904743
val,19,24,-0.0018301041236889535,0.05489468270649792
val,19,25,-0.0019069889904670908,0.05422695461766348
val,19,26,-0.0019845524527154676,0.05358322324966975
val,19,27,-0.002061369459946581,0.0530102760827652
val,19,28,-0.0021389329221949576,0.05253373198405397
val,19,29,-0.0022164963844433345,0.05202183769778847
val,19,30,-0.0022933812512214717,0.051660912652272684
val,19,31,-0.0023701982584525853,0.05132777066094242
val,19,32,-0.002447761720700962,0.05091226187281996
val,19,33,-0.002525325182949339,0.05055860016587254
val,19,34,-0.002602142190180452,0.05022650861048411
val,19,35,-0.0026790270569585894,0.04989114102603416
val,19,36,-0.0027565905192069662,0.04947454721621823
val,19,37,-0.0028334075264380794,0.049120415355387005
val,19,38,-0.0029110388482334803,0.04885901491188432
val,19,39,-0.002988534450934833,0.048546227622363186
val,19,40,-0.00306609791318321,0.04830963241212772
val,19,41,-0.0031436613754315867,0.048059052953956495
val,19,42,-0.0032204783826627,0.04786058337272739
val,19,43,-0.0032987882999283404,0.04763509297391738
val,19,44,-0.003376283902629693,0.04740590774934751
val,19,45,-0.0034532366289548545,0.04710231337944193
val,19,46,-0.0035300536361859676,0.04687572915208363
val,19,47,-0.003608295693904584,0.04661650701588135
val,19,48,-0.003685859156152961,0.04635147070332152
val,19,49,-0.0037634226184013377,0.0461828257274589
val,19,50,-0.003840307485179475,0.046012171169140616
val,19,51,-0.003917803087880828,0.04597011784511785
val,19,52,-0.003996113005146468,0.04577726409642533
val,19,53,-0.004073608607847821,0.04563218856309736
val,19,54,-0.004151239929643222,0.04545093207202194
val,19,55,-0.004228803391891599,0.04519244841211766
val,19,56,-0.004305620399122712,0.04509563417532293
val,19,57,-0.004383183861371089,0.04485930277440431
val,19,58,-0.004460747323619466,0.04471398040467401
val,19,59,-0.004538310785867842,0.044565306363743847
val,19,60,-0.004615874248116219,0.04441383751296819
val,19,61,-0.004693437710364596,0.044266159963404765
val,19,62,-0.004771001172612973,0.04417403044753901
val,19,63,-0.00484856463486135,0.044077064595257565
val,19,64,-0.004926128097109726,0.04393245803779533
val,19,65,-0.005003691559358103,0.04375283774301399
val,19,66,-0.005081187162059456,0.043660311394772146
val,19,67,-0.005158818483854856,0.04349567125569624
val,19,68,-0.00523631408655621,0.04330534688466637
val,19,69,-0.00531394540835161,0.04319187488820972
val,19,70,-0.005391441011052963,0.04302830991421935
val,19,71,-0.005469072332848364,0.0429492363152684
val,19,72,-0.005546567935549716,0.042837978834401554
val,19,73,-0.005623452802327854,0.042815456195929406
val,19,74,-0.00570169486004647,0.042687259807120584
val,19,75,-0.005779258322294847,0.04257495868418982
val,19,76,-0.005857500380013463,0.04241033606325897
val,19,77,-0.005934453106338625,0.042290914665588895
val,19,78,-0.006012627304510217,0.04218201829813579
val,19,79,-0.006089512171288354,0.04207023025198669
val,19,80,-0.006167075633536731,0.041974083116465
val,19,81,-0.006244639095785108,0.04185849325322434
val,19,82,-0.006321456103016221,0.04176127626438775
val,19,83,-0.006399766020281862,0.04166962952428358
val,19,84,-0.006477329482530238,0.04159666817842109
val,19,85,-0.006555571540248855,0.04149859546128839
val,19,86,-0.006633135002497232,0.04140930133892362
val,19,87,-0.0067106984647456085,0.041297644011348215
val,19,88,-0.006788261926993985,0.04123554195196605
val,19,89,-0.0068650789342250985,0.04109845059383855
val,19,90,-0.006943388851490738,0.04099201144628592
val,19,91,-0.007020952313739115,0.04092522493838516
val,19,92,-0.007097769320970229,0.040818111834278116
val,19,93,-0.007176079238235869,0.04072001384642012
val,19,94,-0.007254321295954485,0.04062260984714437
val,19,95,-0.007331138303185598,0.04052344429508974
val,19,96,-0.007408769624980999,0.04041917004331424
val,19,97,-0.007486265227682352,0.04037347818150641
val,19,98,-0.007563896549477753,0.04030046043590853
val,19,99,-0.007641392152179106,0.04023455706218364
val,19,100,-0.007719702069444746,0.040181781111504576
val,19,101,-0.007797265531693123,0.04005503583172635
val,19,102,-0.007875507589411739,0.03995602522763257
val,19,103,-0.007952392456189877,0.039865604000625096
val,19,104,-0.008030634513908492,0.03977134956379977
val,19,105,-0.008107451521139605,0.0397034251230193
val,19,106,-0.008185761438405246,0.039643050571210196
val,19,107,-0.008263324900653624,0.03951722893016166
val,19,108,-0.008341566958372239,0.0394440083855776
val,19,109,-0.008418451825150377,0.03936364486579345
val,19,110,-0.008496693882868993,0.03932652772561663
val,19,111,-0.00857425734511737,0.03923302979332212
val,19,112,-0.008652499402835986,0.039165341355458044
val,19,113,-0.008729452129161147,0.03910908952786113
val,19,114,-0.00880762632733274,0.03901580398911887
val,19,115,-0.00888525764912814,0.0389183842945518
val,19,116,-0.008963499706846756,0.03883261643772259
val,19,117,-0.009041063169095134,0.0387431962105128
val,19,118,-0.00911862663134351,0.03866946135554535
val,19,119,-0.009196868689062127,0.038578931944726225
val,19,120,-0.009273753555840264,0.03849919746766398
val,19,121,-0.009351317018088641,0.03841123028559013
val,19,122,-0.009429626935354282,0.038351092133210786
val,19,123,-0.009506443942585395,0.038296795805672114
val,19,124,-0.00958468600030401,0.038229898584334225
val,19,125,-0.009661570867082149,0.038159617159166506
val,19,126,-0.009739812924800764,0.03807913886558826
val,19,127,-0.009817376387049142,0.03804607267028005
val,19,128,-0.009895618444767757,0.03796131357797011
val,19,129,-0.009973181907016133,0.037890665613108485
val,19,130,-0.010050813228811534,0.03779759571140283
val,19,131,-0.010128987426983127,0.03771367258847909
val,19,132,-0.010206618748778528,0.03762304609707128
val,19,133,-0.010284860806497145,0.03754573213774298
val,19,134,-0.010361745673275281,0.0375056050220998
val,19,135,-0.010439919871446874,0.0374507723427
val,19,136,-0.010506150789342252,0.03738022824187485
val,19,137,-0.010566681505287615,0.03733494149527733
val,19,138,-0.010626397906668694,0.03726179276456456
val,19,139,-0.010685435712579532,0.037197993052875335
val,19,140,-0.010745219973507632,0.03712843780057404
val,19,141,-0.010805004234435735,0.037076774986398206
val,19,142,-0.010864042040346572,0.03700541385993479
val,20,0,0.0,
val,20,1,-6.232533669641971e-05,0.16482939632545932
val,20,2,-0.00012399019294615288,0.09831312598840274
val,20,3,-0.00018703605376623063,0.044975404075895994
val,20,4,-0.00024930134678567884,0.005533596837944664
val,20,5,-0.00031168672715907003,-0.02035006326444538
val,20,6,-0.0003720906661924017,-0.038072628154400774
val,20,7,-0.00043441600288882137,-0.051303299683591985
val,20,8,-0.000495540466045811,-0.06090166095438967
val,20,9,-0.0005572053222955443,-0.06845464660069099
val,20,10,-0.0006188701785452774,-0.07491702228544334
val,20,11,-0.000680595078471982,-0.08052855843347537
val,20,12,-0.0007416594979520003,-0.08530431348457589
val,20,13,-0.0008033243542017334,-0.0899335924846129
val,20,14,-0.0008644488173587231,-0.09381342554311058
val,20,15,-0.0009255132368387412,-0.0971803324682612
val,20,16,-0.0009865776563187593,-0.10008545884827767
val,20,17,-0.0010477021194757491,-0.10282339116182701
val,20,18,-0.0011087064952787957,-0.10524471440252307
val,20,19,-0.0011704313952055005,-0.1074441893275056
val,20,20,-0.001230835334238832,-0.10976827281803374
val,20,21,-0.0012919597973958218,-0.11186712027216329
val,20,22,-0.0013530242168758397,-0.11376116124719476
val,20,23,-0.001414088636355858,-0.11542851924569654
val,20,24,-0.0014751530558358762,-0.1170345415964824
val,20,25,-0.0015362174753158944,-0.1183572343418649
val,20,26,-0.001597341938472884,-0.11961809410387356
val,20,27,-0.0016583463142759306,-0.12096946609395347
val,20,28,-0.0017194707774329202,-0.12229717069514709
val,20,29,-0.0017805351969129384,-0.1235731471263952
val,20,30,-0.00184093913594627,-0.12455852012448858
val,20,31,-0.0019014031186565731,-0.12556046224387932
val,20,32,-0.001963128018583278,-0.1264893390366619
val,20,33,-0.0020241323943863245,-0.12732588625999078
val,20,34,-0.0020852568575433143,-0.12830002467308166
val,20,35,-0.002145660796576646,-0.12907767426534464
val,20,36,-0.0022073856965033503,-0.12996374120833515
val,20,37,-0.002267789635536682,-0.13077598662775874
val,20,38,-0.0023295145354633867,-0.1313989408649603
val,20,39,-0.00238997851817369,-0.13208282385821588
val,20,40,-0.002451643374423423,-0.1326862113233252
val,20,41,-0.0025127678375804125,-0.13336570778648196
val,20,42,-0.002574432693830146,-0.1340135460453281
val,20,43,-0.002634896676540449,-0.1345849272678541
val,20,44,-0.0026953006155737806,-0.1351460749065454
val,20,45,-0.0027564250787307704,-0.13576683117608715
val,20,46,-0.002818149978657475,-0.13629739269042468
val,20,47,-0.0028785539176908064,-0.1367414703719386
val,20,48,-0.002940278817617511,-0.1372339380979915
val,20,49,-0.0030012831934205578,-0.1377184076943628
val,20,50,-0.0030624076565775476,-0.13824484239187348
val,20,51,-0.0031234720760575656,-0.13876113825812014
val,20,52,-0.003184536495537584,-0.13924407482732928
val,20,53,-0.0032449404345709157,-0.13967225421535603
val,20,54,-0.0033066653344976204,-0.1400195818024952
val,20,55,-0.0033677297539776384,-0.14036907673712562
val,20,56,-0.0034287941734576564,-0.14077556475657285
val,20,57,-0.0034899186366146463,-0.1411308835142233
val,20,58,-0.003550923012417693,-0.14157838696287742
val,20,59,-0.0036126479123443976,-0.14202841987617307
val,20,60,-0.0036737723755013874,-0.14239490668062096
val,20,61,-0.003734776751304434,-0.14275542592433732
val,20,62,-0.0037959012144614234,-0.1430898425961092
val,20,63,-0.00385690559026447,-0.1434468438538206
val,20,64,-0.00391803005342146,-0.14373191190176426
val,20,65,-0.003978433992454791,-0.14406336276632564
val,20,66,-0.004040158892381496,-0.14440066905009155
val,20,67,-0.004101223311861514,-0.14470211603029592
val,20,68,-0.004162287731341532,-0.1450430421035626
val,20,69,-0.004224012631268237,-0.14531463229719485
val,20,70,-0.004285077050748255,-0.14558470770219475
val,20,71,-0.004346141470228273,-0.1458241240090767
val,20,72,-0.004407866370154978,-0.14615116380437626
val,20,73,-0.004468270309188309,-0.14642936468700068
val,20,74,-0.004529334728668328,-0.14669691636805687
val,20,75,-0.004590399148148346,-0.14694560669456067
val,20,76,-0.004651523611305336,-0.1472092047041984
val,20,77,-0.0047131884675550685,-0.14742318454725747
val,20,78,-0.004774252887035087,-0.14769496889079597
val,20,79,-0.0048347168697453905,-0.14794662006513623
val,20,80,-0.0048957812892254085,-0.1481677582983619
val,20,81,-0.004957506189152113,-0.14844965494089774
val,20,82,-0.005018570608632131,-0.1486809634036692
val,20,83,-0.00507963502811215,-0.14882572321338575
val,20,84,-0.005140699447592168,-0.14909244827328635
val,20,85,-0.0052023643038419005,-0.1492886185112966
val,20,86,-0.00526348876699889,-0.14951850590924565
val,20,87,-0.005324553186478909,-0.14977314383582224
val,20,88,-0.005385617605958927,-0.14999584120533752
val,20,89,-0.005446682025438945,-0.15029047739328114
val,20,90,-0.005507746444918963,-0.1505021579139971
val,20,91,-0.005568870908075952,-0.1506755669937269
val,20,92,-0.005629875283879,-0.15085430504969005
val,20,93,-0.005690999747035989,-0.1510443600062954
val,20,94,-0.005752664603285722,-0.15128260736588647
val,20,95,-0.00581372902276574,-0.15150898236540208
val,20,96,-0.00587485348592273,-0.15170802887913667
val,20,97,-0.005935857861725777,-0.15191701468409
val,20,98,-0.005996982324882766,-0.1520581991957076
val,20,99,-0.006057986700685813,-0.15222946076930388
val,20,100,-0.006119111163842802,-0.15244785215150708
val,20,101,-0.006179575146553105,-0.15264841033283658
val,20,102,-0.006241240002802839,-0.15284147097554351
val,20,103,-0.006302364465959828,-0.15303274779025988
val,20,104,-0.006363368841762875,-0.15319172458153055
val,20,105,-0.00642509374168958,-0.1533063239729641
val,20,106,-0.00648621820484657,-0.1534911925221481
val,20,107,-0.006547222580649616,-0.1537033871401011
val,20,108,-0.006608347043806606,-0.15389416842471984
val,20,109,-0.006669351419609652,-0.15411167415347884
val,20,110,-0.006730475882766642,-0.15427917228798904
val,20,111,-0.00679154030224666,-0.1544512599859714
val,20,112,-0.006852604721726678,-0.15458939451903966
val,20,113,-0.00691300866076001,-0.1547481977795349
val,20,114,-0.006974733560686714,-0.1549472661352792
val,20,115,-0.007035858023843705,-0.15513199145803988
val,20,116,-0.007096261962877036,-0.15530070988432848
val,20,117,-0.007157326382357054,-0.15545314076971856
val,20,118,-0.007218390801837072,-0.15561793772802948
val,20,119,-0.00727945522131709,-0.1557526397822317
val,20,120,-0.007340519640797108,-0.15592863176043398
val,20,121,-0.0074016441039540986,-0.1560928007323192
val,20,122,-0.0074633089602038315,-0.1562874713076844
val,20,123,-0.007525033860130536,-0.15644923565715646
val,20,124,-0.0075854377991638675,-0.15659021200579729
val,20,125,-0.007646502218643886,-0.1567190066410609
val,20,126,-0.007707626681800876,-0.15685624137087512
val,20,127,-0.007768631057603922,-0.15703244223784393
val,20,128,-0.007830355957530627,-0.15720244216987447
val,20,129,-0.00789075989656396,-0.1573602005321066
val,20,130,-0.007951884359720949,-0.15752948504149003
val,20,131,-0.008013008822877938,-0.15763281614489252
val,20,132,-0.008074013198680985,-0.15776789318305937
val,20,133,-0.008135137661837974,-0.15792016212649637
val,20,134,-0.00819614203764102,-0.1580828752972362
val,20,135,-0.00825726650079801,-0.1582258644905919
val,20,136,-0.008318330920278028,-0.15843082430117603
val,20,137,-0.008379395339758048,-0.15857499065905156
val,20,138,-0.008440459759238066,-0.15870192198511768
val,20,139,-0.008500923741948368,-0.15883256990188746
val,20,140,-0.008562588598198102,-0.15897508599398602
val,20,141,-0.00862365301767812,-0.15910387387854588
val,20,142,-0.008684777480835109,-0.15926879505664263
val,20,143,-0.008745781856638156,-0.1593979525126096
val,20,144,-0.008806906319795145,-0.1595415555918249
val,20,145,-0.008867970739275163,-0.1596700704161939
val,20,146,-0.008929035158755181,-0.15981870734185186
val,20,147,-0.0089900995782352,-0.15996546664440237
val,20,148,-0.009051163997715219,-0.16010967334422538
val,20,149,-0.009112288460872208,-0.1602851695034069
val,20,150,-0.009172692399905539,-0.16043506871063543
val,20,151,-0.009233756819385557,-0.16052085494915957
val,20,152,-0.00929542167563529,-0.16063244257237289
val,20,153,-0.009355945702022566,-0.16073738570077922
val,20,154,-0.009416349641055897,-0.16088099153936147
val,20,155,-0.009478074540982602,-0.16103122515262186
val,20,156,-0.00953913896046262,-0.1611890335754695
val,20,157,-0.009600203379942638,-0.1613288408896635
test,21,0,0.0,
test,21,1,-5.342096946830688e-05,0.1791359325605901
test,21,2,-0.00010641285484449885,0.11245720305504346
test,21,3,-0.00015919019817463336,0.0538880112339828
test,21,4,-0.0002120748125277966,0.005915604048902327
test,21,5,-0.0002638867166506726,-0.025959012086179716
test,21,6,-0.00031559134975051977,-0.05079253875120413
test,21,7,-0.000367295982850367,-0.06803180318031803
test,21,8,-0.00041846426083507057,-0.08265004919645785
test,21,9,-0.00046963253881977416,-0.09358054923911142
test,21,10,-0.0005213371719196214,-0.10280618935221611
test,21,11,-0.0005719690947891814,-0.1111058127890897
test,21,12,-0.0006232446437969137,-0.11801975006554226
test,21,13,-0.0006749492768967608,-0.12441522826262301
test,21,14,-0.0007261175548814644,-0.1299561945411659
test,21,15,-0.000777285832866168,-0.13517573894207252
test,21,16,-0.0008285613818739004,-0.13956382212325627
test,21,17,-0.0008802660149737476,-0.14386959603118354
test,21,18,-0.0009319706480735947,-0.1476373370577281
test,21,19,-0.0009831389260582983,-0.15126374686475014
test,21,20,-0.001034307204043002,-0.1542993297025555
test,21,21,-0.0010855827530507343,-0.15762306119395542
test,21,22,-0.0011372873861505814,-0.1601104209799862
test,21,23,-0.0011884556641352851,-0.1626911871813547
test,21,24,-0.001240696652350276,-0.16494373200732793
test,21,25,-0.001292401285450123,-0.16719361795682489
test,21,26,-0.001343033208319683,-0.16940792784812675
test,21,27,-0.001394845112442559,-0.17121867064684332
test,21,28,-0.0014460133904272627,-0.17335800530821277
test,21,29,-0.0014977180235271098,-0.17487729175689332
test,21,30,-0.0015494226566269572,-0.1766819585201207
test,21,31,-0.001601234560749833,-0.17805421463052357
test,21,32,-0.001653046464872709,-0.17969554767082524
test,21,33,-0.0017047510979725563,-0.18096204458255383
test,21,34,-0.0017564557310724034,-0.182458839821511
test,21,35,-0.0018081603641722506,-0.1836213081430109
test,21,36,-0.0018599722682951267,-0.18486173876400414
test,21,37,-0.0019111405462798302,-0.185906770914335
test,21,38,-0.0019623088242645336,-0.18701559725224046
test,21,39,-0.002014013457364381,-0.1880893300248139
test,21,40,-0.0020668980717175444,-0.18901920788713242
test,21,41,-0.002117529994587104,-0.1901590825009249
test,21,42,-0.0021692346276869514,-0.1909191666355338
test,21,43,-0.0022210465318098275,-0.19189879576693833
test,21,44,-0.002273287520024818,-0.19266567607726598
test,21,45,-0.002325099424147694,-0.19366385421751156
test,21,46,-0.002376267702132398,-0.1943335948247439
test,21,47,-0.0024279723352322448,-0.19511516635139647
test,21,48,-0.002479676968332092,-0.19579215741820202
test,21,49,-0.0025314888724549682,-0.1965974342006959
test,21,50,-0.0025831935055548156,-0.1972742866705715
test,21,51,-0.002635434493769806,-0.1979369604003035
test,21,52,-0.0026872463978926822,-0.19865038818938816
test,21,53,-0.0027390583020155583,-0.1992501233349778
test,21,54,-0.0027907629351154053,-0.19990703799821824
test,21,55,-0.0028424675682152526,-0.20040310696595456
test,21,56,-0.002893743117222985,-0.2010813233605065
test,21,57,-0.002945876834414947,-0.20146960342723996
test,21,58,-0.0029982250936529667,-0.202075388346451
test,21,59,-0.003049929726752814,-0.20246736327138337
test,21,60,-0.0031017416308756897,-0.20305882352941176
test,21,61,-0.0031535535349985658,-0.20347322224507988
test,21,62,-0.003205258168098413,-0.20408851706922143
test,21,63,-0.0032576064273364324,-0.204501693114667
test,21,64,-0.0033086674342981074,-0.2049868058789409
test,21,65,-0.0033604793384209835,-0.20547636667846456
test,21,66,-0.003412720326635974,-0.20589866277964383
test,21,67,-0.00346453223075885,-0.20629755355261617
test,21,68,-0.0035162368638586975,-0.20665554333868996
test,21,69,-0.0035685851230967173,-0.20713013828376586
test,21,70,-0.003620289756196564,-0.2074417631989723
test,21,71,-0.0036719943892964116,-0.2079541103354835
test,21,72,-0.0037238062934192876,-0.20826344261699886
test,21,73,-0.0037755109265191346,-0.20870156843085297
test,21,74,-0.0038278591857571543,-0.20899212976700154
test,21,75,-0.0038795638188570017,-0.20943557999958176
test,21,76,-0.003931268451956849,-0.20972945457547137
test,21,77,-0.003983080356079725,-0.2101093081675606
test,21,78,-0.004035321344294716,-0.21042507272215447
test,21,79,-0.004087025977394563,-0.21075966119640022
test,21,80,-0.004138837881517439,-0.21105389722411
test,21,81,-0.004190649785640314,-0.2113874134359087
test,21,82,-0.004242354418740162,-0.2117383044104709
test,21,83,-0.004295131762070296,-0.21199314749266251
test,21,84,-0.0043469436661931725,-0.21234355843493088
test,21,85,-0.0043991846544081635,-0.21255188954829188
test,21,86,-0.004450889287508011,-0.21292632372338421
test,21,87,-0.004502701191630886,-0.213139379082022
test,21,88,-0.004554942179845877,-0.21348381348381348
test,21,89,-0.004606754083968753,-0.21366020403968025
test,21,90,-0.004658995072183744,-0.21397374840283423
test,21,91,-0.00471080697630662,-0.21418478011120812
test,21,92,-0.004763047964521611,-0.21450161356301986
test,21,93,-0.0048148598686444865,-0.2147180988888077
test,21,94,-0.004866564501744334,-0.21501418005894457
test,21,95,-0.00491837640586721,-0.21523681662118144
test,21,96,-0.00497072466510523,-0.21551897810616413
test,21,97,-0.005022858382297192,-0.21578031286879018
test,21,98,-0.005074670286420068,-0.21598485252546804
test,21,99,-0.005126482190542943,-0.21625131995776134
test,21,100,-0.005178186823642791,-0.21644295302013422
test,21,101,-0.005230427811857782,-0.2167135878115426
test,21,102,-0.005282776071095801,-0.21688197885653085
test,21,103,-0.0053345879752186775,-0.21720001217915538
test,21,104,-0.005386292608318525,-0.21736617531021796
test,21,105,-0.005438533596533515,-0.21765534543608225
test,21,106,-0.005490881855771535,-0.21779649316581526
test,21,107,-0.005542586488871382,-0.21810108588930083
test,21,108,-0.005594398392994258,-0.21828010589026708
test,21,109,-0.005646103026094106,-0.21852418376496652
test,21,110,-0.005698987640447269,-0.21867932417279587
test,21,111,-0.0057506922735471155,-0.2189058240221491
test,21,112,-0.0058025041776699916,-0.2190919739230665
test,21,113,-0.005854208810769839,-0.21928781873095016
test,21,114,-0.00590644979898483,-0.21949385659270126
test,21,115,-0.005958261703107706,-0.21966959801849706
test,21,116,-0.006010609962345726,-0.21990538409551702
test,21,117,-0.006062850950560717,-0.22006959675870294
test,21,118,-0.006114555583660563,-0.2202808043227921
test,21,119,-0.006166367487783439,-0.22039957661919005
test,21,120,-0.00621860847599843,-0.2206393449762641
test,21,121,-0.006270313109098278,-0.22078056702544877
test,21,122,-0.006322125013221154,-0.221032295098119
test,21,123,-0.006375009627574317,-0.22116565329526286
test,21,124,-0.006426714260674164,-0.2213507202886212
test,21,125,-0.006478955248889155,-0.2214817292415754
test,21,126,-0.006530767153012031,-0.22169868059213665
test,21,127,-0.006583008141227022,-0.221829464509837
test,21,128,-0.006635356400465042,-0.22201807892996253
test,21,129,-0.006687061033564889,-0.22220061578350347
test,21,130,-0.006738872937687764,-0.22239240374024136
test,21,131,-0.006791113925902755,-0.22254492069064566
test,21,132,-0.006843462185140775,-0.22274042782315376
test,21,133,-0.006895166818240622,-0.2229260069863299
test,21,134,-0.006947515077478642,-0.22304251344510614
test,21,135,-0.006999219710578489,-0.2232325695726734
test,21,136,-0.007050924343678336,-0.223365175490505
test,21,137,-0.007103272602916356,-0.2235674669474134
test,21,138,-0.007155620862154375,-0.22369362785008579
test,21,139,-0.007207325495254223,-0.22390483781223214
test,21,140,-0.00725903012835407,-0.22399029488615155
test,21,141,-0.00731137838759209,-0.22423512406649002
test,21,142,-0.007363083020691936,-0.22435873845361204
test,21,143,-0.007415431279929956,-0.22456914823639473
test,21,144,-0.007467135913029803,-0.22465887646973437
test,21,145,-0.007519484172267823,-0.22484944806634016
test,21,146,-0.0075711888053676705,-0.22495910778008038
test,21,147,-0.00762353706460569,-0.2251364177671922
test,21,148,-0.00767577805282068,-0.2252540445875615
test,21,149,-0.0077281263120587,-0.22541173334829695
test,21,150,-0.007779938216181576,-0.22554764359967672
test,21,151,-0.007832179204396567,-0.22569861401899885
test,21,152,-0.007883883837496414,-0.22585757602843803
test,21,153,-0.007936124825711405,-0.2259966119292877
test,21,154,-0.00798804400085731,-0.22615343374945285
test,21,155,-0.008040284989072301,-0.22626364105278418
test,21,156,-0.008091989622172148,-0.22643942667457184
test,21,157,-0.008144874236525311,-0.22653384544722321
test,21,158,-0.008196578869625158,-0.2267232854785315
test,21,159,-0.008248283502725006,-0.2268359372432514
test,21,160,-0.008300631761963025,-0.22701858891457982
test,21,161,-0.008352980021201046,-0.22709555136522813
test,21,162,-0.008404684654300892,-0.22728196394530834
test,21,163,-0.00845638928740074,-0.227388714713444
test,21,164,-0.008509381172776932,-0.22756324475880965
test,21,165,-0.008561622160991923,-0.22765432567919766
test,21,166,-0.008613434065114799,-0.2278258679845132
test,21,167,-0.00866556778230676,-0.2279128560209506
test,21,168,-0.008717486957452666,-0.22809680359047887
test,21,169,-0.008769620674644627,-0.228207300407502
test,21,170,-0.008821539849790531,-0.22835548397408315
test,21,171,-0.00887324448289038,-0.2284680588404256
test,21,172,-0.008926021826220513,-0.22861187564175006
test,21,173,-0.008977726459320361,-0.22871821512384738
test,21,174,-0.00903007471855838,-0.22885567657330583
test,21,175,-0.009081779351658228,-0.2290138330302786
test,21,176,-0.009134127610896247,-0.2291252278516337
test,22,0,0.0,
test,22,1,-7.736214238839687e-05,0.060767590618336885
test,22,2,-0.00014970280697470712,-0.04572192513368984
test,22,3,-0.00022047425974786532,-0.1183905999643938
test,22,4,-0.00029203031842759954,-0.1659994662396584
test,22,5,-0.0003619387047035241,-0.19940222032450897
test,22,6,-0.00043184709097944865,-0.22545357524012807
test,22,7,-0.0005026185437526069,-0.24421084704448506
test,22,8,-0.0005741746024323411,-0.2604090333755246
test,22,9,-0.0006466721881999665,-0.27316322301817536
test,22,10,-0.0007182282468797007,-0.2833164597431662
test,22,11,-0.0007914319779632447,-0.2930408252215604
test,22,12,-0.0008638511031402125,-0.3012646993565565
test,22,13,-0.0009361917677265228,-0.3087512291052114
test,22,14,-0.0010094739594007243,-0.3156693422604329
test,22,15,-0.0010826776904842683,-0.3217011608505804
test,22,16,-0.0011566660274743882,-0.32767571884984026
test,22,17,-0.0012299482191485897,-0.33270688467080123
test,22,18,-0.0013030734896414759,-0.33763313609467455
test,22,19,-0.0013771402872222534,-0.3418618988902589
test,22,20,-0.001451207084803031,-0.345580404685836
test,22,21,-0.0015244892764772326,-0.34961204929256046
test,22,22,-0.001599340679964586,-0.35285859514934403
test,22,23,-0.0016741920834519395,-0.3561704098170873
test,22,24,-0.0017482588810327172,-0.3592508764922558
test,22,25,-0.0018223256786134947,-0.36195913845629435
test,22,26,-0.0018963140156036146,-0.3647369714847591
test,22,27,-0.001971243879681626,-0.3671947442144929
test,22,28,-0.0020460952831689795,-0.369542471226101
test,22,29,-0.002120162080749757,-0.3717508312361078
test,22,30,-0.0021950134842371105,-0.37367925700992666
test,22,31,-0.00227064949363104,-0.3758614171063259
test,22,32,-0.0023455008971183934,-0.37745555037624023
test,22,33,-0.002420352300605747,-0.37947012383151163
test,22,34,-0.0024952821646837585,-0.38114863276659094
test,22,35,-0.0025709966346683455,-0.38267038102632017
test,22,36,-0.0026449849716584655,-0.3843637601574873
test,22,37,-0.0027206994416430525,-0.38569433043878976
test,22,38,-0.002795550845130406,-0.3872849390748349
test,22,39,-0.00287040224861776,-0.3886429469311909
test,22,40,-0.0029452536521051135,-0.38987996109727013
test,22,41,-0.0030209681220897005,-0.39119527919309555
test,22,42,-0.0030958979861677115,-0.39236362252084206
test,22,43,-0.003172318601468217,-0.39356269984879655
test,22,44,-0.0032472484655462286,-0.3946705426356589
test,22,45,-0.0033212368025363486,-0.39584493112392954
test,22,46,-0.0033969512725209356,-0.3969830033251845
test,22,47,-0.003471881136598947,-0.39800628281751477
test,22,48,-0.0035475171459928762,-0.39912270960577456
test,22,49,-0.00362236854948023,-0.3999891215664944
test,22,50,-0.0036980830194648174,-0.40092539286551954
test,22,51,-0.0037729344229521706,-0.40189817185981125
test,22,52,-0.003848648892936758,-0.40266330421946117
test,22,53,-0.003924284902330688,-0.4034680104201241
test,22,54,-0.003999214766408699,-0.404347954861831
test,22,55,-0.004074929236393286,-0.40509654156327546
test,22,56,-0.004149780639880639,-0.40594059405940597
test,22,57,-0.004225416649274569,-0.4066404788627011
test,22,58,-0.004300268052761923,-0.40752077358629313
test,22,59,-0.00437598252274651,-0.40811291940395616
test,22,60,-0.004451696992731097,-0.4088699716537672
test,22,61,-0.004527333002125026,-0.40945480606198326
test,22,62,-0.0046022628662030374,-0.4101247753441856
test,22,63,-0.004677977336187625,-0.4108581584292485
test,22,64,-0.004753613345581555,-0.41150597290948165
test,22,65,-0.004828464749068908,-0.4121169368068771
test,22,66,-0.004904179219053496,-0.41275509379695907
test,22,67,-0.004979893689038083,-0.41331094416502195
test,22,68,-0.005055529698432012,-0.4139921115981463
test,22,69,-0.005130381101919366,-0.41456591291982875
test,22,70,-0.005206958638401186,-0.41514435895482593
test,22,71,-0.00528181004188854,-0.4156865395881213
test,22,72,-0.005357524511873127,-0.41616489286851677
test,22,73,-0.005433238981857715,-0.41675249636593403
test,22,74,-0.0055088749912516445,-0.41724736792799544
test,22,75,-0.005583726394738997,-0.4177717418354795
test,22,76,-0.0056603039312208185,-0.4182595149882115
test,22,77,-0.005735939940614748,-0.418672133077557
test,22,78,-0.005810791344102102,-0.41919119406556593
test,22,79,-0.005886505814086689,-0.4196041635727883
test,22,80,-0.005961357217574043,-0.4201618494027304
test,22,81,-0.00603707168755863,-0.42059557434145123
test,22,82,-0.006112786157543217,-0.4210043702200718
test,22,83,-0.006188422166937146,-0.4214993382249007
test,22,84,-0.006264136636921733,-0.42192241762427785
test,22,85,-0.006340635712812897,-0.422403192210204
test,22,86,-0.006415565576890908,-0.42285487501627794
test,22,87,-0.006491201586284838,-0.423192918791683
test,22,88,-0.0065668375956787674,-0.42367293508760234
test,22,89,-0.006642630526254012,-0.4239840370072984
test,22,90,-0.0067174819297413655,-0.42439810617507806
test,22,91,-0.0067939810056325284,-0.42482491868608435
test,22,92,-0.00686891086971054,-0.4251836136085653
test,22,93,-0.006945331485011046,-0.4255896233177171
test,22,94,-0.007021045954995633,-0.4259429466230937
test,22,95,-0.007095897358482987,-0.42637086271163605
test,22,96,-0.00717239643437415,-0.4267151824898617
test,22,97,-0.007248110904358737,-0.42704690901893516
test,22,98,-0.007323825374343324,-0.42745433075579403
test,22,99,-0.007399461383737253,-0.4278195569729357
test,22,100,-0.007474312787224607,-0.4281988789990987
test,22,101,-0.007550890323706428,-0.428558605176729
test,22,102,-0.007626526333100358,-0.4288657098789637
test,22,103,-0.007702240803084945,-0.4292585689137413
test,22,104,-0.007777955273069532,-0.42959992615914755
test,22,105,-0.007854454348960696,-0.42996089186855607
test,22,106,-0.007929384213038706,-0.43025320849830706
test,22,107,-0.008005804828339212,-0.43058850501385537
test,22,108,-0.008081519298323799,-0.43097335519168856
test,22,109,-0.00815644916240181,-0.4312672156091451
test,22,110,-0.008232869777702316,-0.43156884323202743
test,22,111,-0.00830772118118967,-0.43191186785944213
test,22,112,-0.00838429871767149,-0.4321914057850256
test,22,113,-0.008459150121158844,-0.43251278953429106
test,22,114,-0.008535727657640666,-0.4327769617245025
test,22,115,-0.008611363667034595,-0.4331085843596973
test,22,116,-0.008686999676428523,-0.43340581742284584
test,22,117,-0.008762714146413112,-0.4337636055351966
test,22,118,-0.008838428616397699,-0.43406305361726744
test,22,119,-0.00891500615287952,-0.4343081721548031
test,22,120,-0.008990642162273448,-0.4346220503932809
test,23,0,0.0,
test,23,1,-5.847103183054954e-05,0.33695652173913043
test,23,2,-0.00011576794655606796,0.3352443352443352
test,23,3,-0.00017236039101856771,0.34110787172011664
test,23,4,-0.0002290702471915706,0.34113941385921664
test,23,5,-0.0002850756331015548,0.3418110063582548
test,23,6,-0.000341081019011539,0.3440614428088141
test,23,7,-0.0003970864049215232,0.34352941176470586
test,23,8,-0.0004536788493840229,0.34442995401194315
test,23,9,-0.0005098016470045102,0.3446065563762896
test,23,10,-0.00056639409146701,0.34476316078689967
test,23,11,-0.0006218124188244787,0.3452446399120396
test,23,12,-0.0006784048632869784,0.34490814970910255
test,23,13,-0.000733823190644447,0.34552759568619157
test,23,14,-0.0007892415180019157,0.34577309868007544
test,23,15,-0.0008451294922013967,0.3456699556175036
test,23,16,-0.0009005478195588655,0.34606787937141087
test,23,17,-0.0009566706171793527,0.34596834234292556
test,23,18,-0.0010120889445368213,0.34614443832935854
test,23,19,-0.00106750727189429,0.3463889452185753
test,23,20,-0.0011233952460937711,0.34611467422720144
test,23,21,-0.0011788135734512397,0.3465722899462577
test,23,22,-0.001234936371071727,0.3465995844910015
test,23,23,-0.001289650228166177,0.34643934677457977
test,23,24,-0.0013450685555236456,0.34682730923694777
test,23,25,-0.0014004868828811144,0.3466707795355396
test,23,26,-0.0014564922687910985,0.3467805157107443
test,23,27,-0.0015119105961485671,0.3468679861252806
test,23,28,-0.0015673289235060357,0.34673277846644235
test,23,29,-0.00162333430941602,0.34700663082096783
test,23,30,-0.0016787526367734887,0.3470418602942527
test,23,31,-0.0017334664938679386,0.3469209983645026
test,23,32,-0.0017888848212254073,0.34715141912372555
test,23,33,-0.0018443031485828759,0.347061476025853
test,23,34,-0.0019004259462033631,0.34711279706902703
test,23,35,-0.0019557268618503286,0.34724059724059725
test,23,36,-0.0020105581306552817,0.3471290767110703
test,23,37,-0.0020659764580127503,0.3471990464839094
test,23,38,-0.0021218644322122315,0.34729817944440416
test,23,39,-0.0021772827595697,0.3471346583359249
test,23,40,-0.0022327010869271687,0.347359861067082
test,23,41,-0.0022881194142846373,0.34726069766816386
test,23,42,-0.002343537741642106,0.3472581428627693
test,23,43,-0.002398251598736556,0.34736167211643265
test,23,44,-0.0024543743963570436,0.3473193473193473
test,23,45,-0.002509792723714512,0.347335400149497
test,23,46,-0.002564506580808962,0.34745600153455136
test,23,47,-0.0026199249081664306,0.3473271694748205
test,23,48,-0.002675343235523899,0.34751487855879043
test,23,49,-0.0027307615628813678,0.3475114242622065
test,23,50,-0.0027867669487913523,0.34737863863488455
test,23,51,-0.002841598217596305,0.3475218721950059
test,23,52,-0.0028968991332432707,0.34748944655395514
test,23,53,-0.0029523174606007393,0.3474799404718542
test,23,54,-0.0030083228465107234,0.34755786162237245
test,23,55,-0.003063741173868192,0.3474266918047254
test,23,56,-0.003118572442673145,0.34753659161200084
test,23,57,-0.0031739907700306137,0.3475332417210212
test,23,58,-0.003228822038835567,0.34753000703810083
test,23,59,-0.003284710013035048,0.34760453287456056
test,23,60,-0.0033401283403925166,0.34763301368981403
test,23,61,-0.0033955466677499852,0.3475646150228798
test,23,62,-0.003450964995107454,0.34766438295221996
test,23,63,-0.0035063833224649225,0.34762392623532196
test,23,64,-0.0035618016498223915,0.34760833397984603
test,23,65,-0.0036165155069168412,0.3476943447151987
test,23,66,-0.00367193383427431,0.3476022101294815
test,23,67,-0.0037273521616317785,0.3476284584980237
test,23,68,-0.003782770488989247,0.3477079107505071
test,23,69,-0.003838775874899231,0.34764634858189203
test,23,70,-0.0038936071437041843,0.34769415084375715
test,23,71,-0.003949612529614168,0.3477041192972095
test,23,72,-0.004004913445261134,0.34759620542213915
test,23,73,-0.004059157655513572,0.3477015403685396
test,23,74,-0.00411457598287104,0.34770127797909306
test,23,75,-0.004170581368781024,0.3476591236794868
test,23,76,-0.0042259996961384935,0.3477740024394494
test,23,77,-0.004280713553232943,0.3477391615908277
test,23,78,-0.004336131880590412,0.3477313563758294
test,23,79,-0.00439155020794788,0.34779389680871126
test,23,80,-0.0044469685353053495,0.3477466168213985
test,23,81,-0.004502386862662818,0.34771205319127196
test,23,82,-0.004557687778309783,0.3478240388691866
test,23,83,-0.00461263645882524,0.3477451482291618
test,23,84,-0.004668054786182708,0.34775525219744846
test,23,85,-0.004723355701829674,0.34782382881479174
test,23,86,-0.004778186970634627,0.34775829210541515
test,23,87,-0.004833605297992096,0.3478122978167379
test,23,88,-0.004889023625349564,0.34784053781175334
test,23,89,-0.004944441952707033,0.347777019904508
test,23,90,-0.004999742868353998,0.3478348846620801
test,23,91,-0.005055748254263983,0.34780710265864545
test,23,92,-0.0051104621113584325,0.34780052669782063
test,23,93,-0.00516658490897892,0.34785601538114624
test,23,94,-0.00522129876607337,0.3478602922613561
test,23,95,-0.005276717093430838,0.34780815392301523
test,23,96,-0.005332135420788307,0.3478548310136879
test,23,97,-0.00538696668959326,0.3478547817231158
test,23,98,-0.005442385016950728,0.34784591991890523
test,23,99,-0.005497803344308197,0.3478946810942195
test,23,100,-0.005553104259955163,0.3479035934455906
test,23,101,-0.005608522587312631,0.3478562607241609
test,23,102,-0.005663353856117584,0.34794489416042595
test,23,103,-0.005718772183475053,0.3478927203065134
test,23,104,-0.005774777569385037,0.34789046330202195
test,23,105,-0.005830195896742506,0.34790264928511355
test,23,106,-0.005885614224099975,0.34789852959553463
test,23,107,-0.005940328081194424,0.34787587430622896
test,23,108,-0.005995746408551893,0.347896299551817
test,23,109,-0.006051164735909362,0.3478980788511591
test,23,110,-0.006106583063266831,0.34787429941946524
test,23,111,-0.006162001390624299,0.34794066899044795
test,23,112,-0.006217419717981768,0.34789057918520816
test,23,113,-0.006272838045339237,0.34788257705270353
test,23,114,-0.006327551902433687,0.3479410269445857
test,23,115,-0.006382265759528136,0.3479227062414806
test,23,116,-0.006437684086885605,0.34789394545004665
test,23,117,-0.006493806884506092,0.34792823478904933
test,23,118,-0.006549225211863561,0.3479355040906348
test,23,119,-0.006604643539221029,0.34791179635608
test,23,120,-0.00665935739631548,0.3479652807484786
test,23,121,-0.006714775723672948,0.3479569912093827
test,23,122,-0.006770194051030417,0.3479305414796583
test,23,123,-0.006825612378387885,0.34798276713189424
test,23,124,-0.006880326235482336,0.3479698900032496
test,23,125,-0.00693633162139232,0.34796470806433094
test,23,126,-0.006991749948749788,0.3480342764016788
test,23,127,-0.007046581217554741,0.3479691404976638
test,23,128,-0.00710199954491221,0.3479672763184565
test,23,129,-0.0071574178722696785,0.34797771463782007
test,23,130,-0.007212131729364129,0.3479826416312111
test,23,131,-0.007267550056721597,0.3479607444894382
test,23,132,-0.007323438030921078,0.34797681576394235
test,23,133,-0.007378856358278547,0.34799264544137726
test,23,134,-0.007434274685636016,0.3479641774321118
test,23,135,-0.007489693012993484,0.3480141806271697
test,23,136,-0.007544641693508941,0.3480023866639066
test,23,137,-0.007599942609155906,0.34796903897527226
test,23,138,-0.007655360936513375,0.3480137443848428
test,23,139,-0.007710192205318328,0.3480260362267328
test,23,140,-0.0077660801795178085,0.34798826553948553
test,23,141,-0.007820911448322762,0.3480170692557648
test,23,142,-0.007876329775680231,0.34804632376094824
test,23,143,-0.007931748103037699,0.3479924182471636
test,23,144,-0.007987166430395168,0.3480119299536909
test,23,145,-0.008042467346042134,0.3480336543952488
test,23,146,-0.008097298614847086,0.3479960677555959
test,23,147,-0.008152716942204555,0.34804700262502675
test,23,148,-0.008208722328114539,0.3480805383146336
test,23,149,-0.008263553596919493,0.34801358976543945
test,23,150,-0.008318971924276962,0.3480086557782472
test,23,151,-0.008374272839923926,0.3480643592771463
test,23,152,-0.008429691167281395,0.3480473162174628
test,23,153,-0.008484522436086349,0.34803065510124553
test,23,154,-0.008540527821996333,0.3480737450754765
test,23,155,-0.0085959461493538,0.3480724573675438
test,23,156,-0.008650660006448251,0.3480367177657933
test,23,157,-0.00870607833380572,0.34807115505655906
test,23,158,-0.008761496661163189,0.34805942614358987
test,23,159,-0.008817619458783676,0.348035164957259
test,23,160,-0.008872333315878125,0.34805590921480745
test,23,161,-0.008927047172972576,0.3480845986092252
test,23,162,-0.008983169970593063,0.3480570729496437
test,23,163,-0.009037883827687512,0.3480696477983587
test,24,0,0.0,
test,24,1,-9.434893600131718e-05,0.05428881650380022
test,24,2,-0.00019037967121834413,-0.04921579232017307
test,24,3,-0.00028657858635694207,-0.11740306582506763
test,24,4,-0.00038353431114260934,-0.16475043960503177
test,24,5,-0.00048318091467341225,-0.19919887409332035
test,24,6,-0.0005819025286355748,-0.22434971098265896
test,24,7,-0.0006807082325585228,-0.24407252440725244
test,24,8,-0.0007803548360893257,-0.26031207598371775
test,24,9,-0.0008799173496593432,-0.27381311455631296
test,24,10,-0.000979563953190146,-0.284759576202119
test,24,11,-0.001078369657113094,-0.2949750481743169
test,24,12,-0.001178016260643897,-0.3039362232187344
test,24,13,-0.0012776628641746998,-0.31185178989628637
test,24,14,-0.0013763844781368624,-0.31864801864801867
test,24,15,-0.0014769560712363057,-0.324990024304422
test,24,16,-0.0015756776851984682,-0.3310539565897802
test,24,17,-0.0016752401987684858,-0.33614091273018415
test,24,18,-0.0017740459026914337,-0.3408465192266965
test,24,19,-0.0018745334058300916,-0.34512614678899084
test,24,20,-0.00197426409932168,-0.3487947705297562
test,24,21,-0.0020738266128916974,-0.35263745102617994
test,24,22,-0.0021734732164225,-0.35635372801585335
test,24,23,-0.0022731198199533033,-0.35958490297817897
test,24,24,-0.0023718414339154656,-0.36265758091993183
test,24,25,-0.002471572127407054,-0.3653334496445239
test,24,26,-0.0025711346409770714,-0.3680711394475787
test,24,27,-0.0026707812445078746,-0.3706755528627689
test,24,28,-0.0027704278480386773,-0.37314479373612247
test,24,29,-0.0028700744515694804,-0.3752750662980308
test,24,30,-0.002968880155492428,-0.3775729143937741
test,24,31,-0.0030692835686703004,-0.3795287783076138
test,24,32,-0.0031680892725932486,-0.3816399590862598
test,24,33,-0.0032668949765161967,-0.38342645551624954
test,24,34,-0.0033673824796548544,-0.38525353016688063
test,24,35,-0.0034670290831856575,-0.38693937362620234
test,24,36,-0.00356575069714782,-0.3887255199175408
test,24,37,-0.003665397300678623,-0.39032771894634377
test,24,38,-0.0037650439042094257,-0.391799511704725
test,24,39,-0.0038637655181715884,-0.39318751137047453
test,24,40,-0.0039643371112710315,-0.39448264571054353
test,24,41,-0.004063899624841049,-0.3959719929716203
test,24,42,-0.004162705328763997,-0.397242293496907
test,24,43,-0.0042623519322948,-0.3984030871955012
test,24,44,-0.004361998535825602,-0.3995931126879373
test,24,45,-0.004461645139356406,-0.4008782251119009
test,24,46,-0.004560366753318568,-0.4020695629472285
test,24,47,-0.004660013356849371,-0.40306395038212267
test,24,48,-0.004759659960380174,-0.4040852070467547
test,24,49,-0.004858381574342337,-0.40516300109187336
test,24,50,-0.004958112267833925,-0.4061926805834571
test,24,51,-0.005057674781403942,-0.4072385111917531
test,24,52,-0.005156396395366105,-0.40817890702924037
test,24,53,-0.005256042998896908,-0.40916021097741884
test,24,54,-0.005356614591996351,-0.41009463722397477
test,24,55,-0.005456261195527154,-0.41106687977127654
test,24,56,-0.005554982809489317,-0.4119826451518549
test,24,57,-0.005654629413020119,-0.41270114942528735
test,24,58,-0.005754276016550922,-0.41347855555973945
test,24,59,-0.005852997630513085,-0.41423349220304473
test,24,60,-0.0059526442340438876,-0.4150680693069307
test,24,61,-0.006052290837574691,-0.41579762426933303
test,24,62,-0.0061518533511447085,-0.41647657715579117
test,24,63,-0.006250743145028442,-0.4171896127309919
test,24,64,-0.006350305658598459,-0.41794712100400133
test,24,65,-0.006450877251697903,-0.4186183259971103
test,24,66,-0.00655043976526792,-0.41936097690118473
test,24,67,-0.006649161379230082,-0.42
test,24,68,-0.006748892072721671,-0.42074326277583274
test,24,69,-0.006848454586291688,-0.42148786490357604
test,24,70,-0.006948185279783276,-0.42202443172067333
test,24,71,-0.007046906893745439,-0.42262197748108044
test,24,72,-0.0071464694073154564,-0.4231857239281949
test,24,73,-0.007246200100807045,-0.42382263179941354
test,24,74,-0.007345762614377063,-0.4243611596897852
test,24,75,-0.007444568318300011,-0.4249643241983866
test,24,76,-0.007545055821438668,-0.4255178508560795
test,24,77,-0.007644786514930257,-0.42611279331153956
test,24,78,-0.007743508128892419,-0.42664127801968554
test,24,79,-0.007843070642462436,-0.42720976526860016
test,24,80,-0.007942801335954024,-0.42774649329374426
test,24,81,-0.008041522949916188,-0.4282208754390341
test,24,82,-0.008142094543015631,-0.428833988146767
test,24,83,-0.008241657056585649,-0.42938626211324776
test,24,84,-0.00834037867054781,-0.4298464578701717
test,24,85,-0.008440109364039399,-0.4303372158014095
test,24,86,-0.008539671877609416,-0.43081816911960785
test,24,87,-0.008638477581532364,-0.4313437519613381
test,24,88,-0.008738124185063168,-0.43183256598950126
test,24,89,-0.008837686698633185,-0.432265783176882
test,24,90,-0.008937333302163989,-0.43271085872374504
test,24,91,-0.00903697990569479,-0.4331813272530901
test,24,92,-0.009136710599186379,-0.43367401445817455
test,24,93,-0.009236273112756396,-0.4341449380874936
test,24,94,-0.00933499472671856,-0.43455530835942446
test,24,95,-0.009435566319818003,-0.43504149711474355
test,24,96,-0.009534287933780165,-0.43548442139030136
test,24,97,-0.009633934537310969,-0.43589541527117165
test,24,98,-0.00973358114084177,-0.436296576929934
test,24,99,-0.009833143654411788,-0.43667618932065605
test,24,100,-0.009932033448295522,-0.4371280371280371
test,24,101,-0.01003252095143418,-0.43758142552098817
test,24,102,-0.010131242565396341,-0.4379533130998453
test,24,103,-0.010230889168927145,-0.4383282797226522
test,24,104,-0.010331460762026588,-0.438782259927343
test,24,105,-0.010429341476380896,-0.43920232957204514
test,24,106,-0.010529744889558768,-0.43953644089621424
test,24,107,-0.010629475583050357,-0.43987651801204203
test,24,108,-0.010729038096620375,-0.44025417945231105
test,24,109,-0.010828768790111963,-0.44068280515109165
test,24,110,-0.01092833130368198,-0.44107165900675993
test,24,111,-0.011027052917644142,-0.44144799940978285
test,24,112,-0.011127624510743585,-0.4417548135510602
test,24,113,-0.011227271114274389,-0.4421920217211709
test,24,114,-0.011326917717805191,-0.4425836976874488
test,25,0,0.0,
test,25,1,-6.696543758821217e-05,0.21850496602195504
test,25,2,-0.00013326587579620377,0.19555555555555557
test,25,3,-0.00019876831474793065,0.1823252571030155
test,25,4,-0.0002642707536996576,0.17555555555555555
test,25,5,-0.0003298396925894065,0.17294413057124922
test,25,6,-0.00039540863147915546,0.17122690833042872
test,25,7,-0.00046024607105066176,0.1695915166903144
test,25,8,-0.0005257485100023887,0.16871406168322006
test,25,9,-0.0005913174488921376,0.1675377468060395
test,25,10,-0.0006555563890214454,0.16661440367931432
test,25,11,-0.0007203273286549296,0.16585110931635708
test,25,12,-0.0007844997688462155,0.16547608676713998
test,25,13,-0.0008493372084177218,0.16499859319104465
test,25,14,-0.0009149061473074707,0.16434675523379483
test,25,15,-0.0009790120875607343,0.16421705210365004
test,25,16,-0.0010431845277520202,0.16380915058293327
test,25,17,-0.0011080219673235265,0.16359836493837784
test,25,18,-0.0011722609074528343,0.16343056160208969
test,25,19,-0.0012363668477060978,0.1629780331564622
test,25,20,-0.0013004727879593616,0.16286176992999687
test,25,21,-0.00136537672746889,0.16241697554665538
test,25,22,-0.0014288176683419332,0.1623059024645045
test,25,23,-0.0014936551079134395,0.1623438564615035
test,25,24,-0.0015578275481047251,0.1620527552885871
test,25,25,-0.001621933488357989,0.16209101165851825
test,25,26,-0.0016861724284872967,0.16169144234632382
test,25,27,-0.0017502783687405603,0.1616659895924013
test,25,28,-0.001814384308993824,0.16160862509559606
test,25,29,-0.001878623249123132,0.1613269220379275
test,25,30,-0.0019427291893763955,0.16148462797256363
test,25,31,-0.0020068351296296592,0.16120554591553093
test,25,32,-0.002071007569820945,0.1610744826685815
test,25,33,-0.0021351800100122306,0.16101668091032822
test,25,34,-0.0021993524502035163,0.16072745146227574
test,25,35,-0.00226345839045678,0.16090719188302
test,25,36,-0.0023276308306480658,0.16066610577620472
test,25,37,-0.002391071771521109,0.16055777454730216
test,25,38,-0.002455975711030637,0.1604941664719867
test,25,39,-0.0025194166519036804,0.16031975576444124
test,25,40,-0.002583522592156944,0.1603154088173475
test,25,41,-0.00264769503234823,0.1602221203321616
test,25,42,-0.0027118674725395155,0.16013726050900773
test,25,43,-0.0027759734127927793,0.16013746539078058
test,25,44,-0.0028394143536658225,0.15997721392798653
test,25,45,-0.0029043182931753507,0.1599754008957787
test,25,46,-0.002967759234048394,0.15986332780893137
test,25,47,-0.0030319316742396796,0.15974181793943165
test,25,48,-0.003095306115174701,0.1597789550404125
test,25,49,-0.0031595450553040085,0.15959804778244283
test,25,50,-0.0032236509955572723,0.15960190899881993
test,25,51,-0.003287091936430315,0.15954418871324433
test,25,52,-0.003351264376621601,0.1594790798550099
test,25,53,-0.003415436816812887,0.15948853337536448
test,25,54,-0.0034795427570661506,0.1593440594059406
test,25,55,-0.0035430501978772158,0.15929825227602837
test,25,56,-0.003607156138130479,0.15926868607762518
test,25,57,-0.0036719935777019858,0.15914524121380877
test,25,58,-0.003735501018513051,0.15915453653442796
test,25,59,-0.0037996734587043366,0.15907683049857524
test,25,60,-0.0038631143995773794,0.15904700579523504
test,25,61,-0.003926555340450423,0.15901952225674207
test,25,62,-0.003991392780021929,0.1588941659929938
test,25,63,-0.0040555652202132145,0.15887393509463985
test,25,64,-0.004119671160466479,0.15878907524636168
test,25,65,-0.004183112101339522,0.15877529055524767
test,25,66,-0.004246619542150587,0.15875363877990128
test,25,67,-0.004311456981722093,0.15863417827059292
test,25,68,-0.004375562921975357,0.1586475343759357
test,25,69,-0.004439070362786422,0.15861114053538733
test,25,70,-0.004502511303659465,0.15852003221860922
test,25,71,-0.004567348743230971,0.15849031631887767
test,25,72,-0.004631454683484235,0.15845877200614866
test,25,73,-0.0046949621242953,0.15840925669007538
test,25,74,-0.004758469565106365,0.1583900666690183
test,25,75,-0.004823240504739849,0.15827097762155012
test,25,76,-0.004887479444869157,0.15825228047038137
test,25,77,-0.0049509203857422005,0.15819304799419648
test,25,78,-0.005015026325995464,0.15813109882608056
test,25,79,-0.005078467266868507,0.15816950272592104
test,25,80,-0.005142639707059793,0.1581052686530154
test,25,81,-0.005206812147251078,0.15805416274603318
test,25,82,-0.005270918087504343,0.15802239637379917
test,25,83,-0.005335090527695628,0.15795266577356806
test,25,84,-0.005399262967886914,0.15795393812844127
test,25,85,-0.005462703908759957,0.15789279748452392
test,25,86,-0.0055261448496330004,0.15784585688011024
test,25,87,-0.005590317289824286,0.1578363134525381
test,25,88,-0.005653758230697329,0.15776766700083641
test,25,89,-0.005717930670888615,0.1577231003841755
test,25,90,-0.005782768110460121,0.15773661071606715
test,25,91,-0.005846209051333164,0.15765683080170712
test,25,92,-0.00590971649214423,0.1576223871450943
test,25,93,-0.005973822432397493,0.15757568954097956
test,25,94,-0.006037928372650756,0.15752618309843514
test,25,95,-0.006102167312780064,0.157514450867052
test,25,96,-0.006165608253653108,0.15743570224566364
test,25,97,-0.006229714193906371,0.1573908644739108
test,25,98,-0.006293886634097657,0.15740217958687985
test,25,99,-0.006358059074288943,0.15731752969772383
test,25,100,-0.0064215000151619855,0.15728043847057288
test,25,101,-0.006484940956035029,0.15727346491568084
test,25,102,-0.006549778395606535,0.15721355352783734
test,25,103,-0.0066132858364176,0.1572084490482658
test,25,104,-0.006677391776670864,0.15717332931817612
test,25,105,-0.0067408327175439075,0.15711267430588352
test,25,106,-0.006805736657053436,0.15713406376954328
test,25,107,-0.006869177597926479,0.15706849702664072
test,25,108,-0.006933283538179742,0.15698329152589885
test,25,109,-0.006996790978990808,0.1570156115314625
test,25,110,-0.007060896919244071,0.1569312239610519
test,25,111,-0.007125069359435357,0.15689437080020127
test,25,112,-0.0071885103003084,0.1568557087797626
test,25,113,-0.007252682740499686,0.1568201764515682
test,25,114,-0.007316190181310751,0.15680672499759626
test,25,115,-0.007380296121564015,0.1567705449296938
test,25,116,-0.007443737062437058,0.15671487324399969
test,25,117,-0.007507909502628344,0.15671089142479858
test,25,118,-0.007572081942819629,0.15664878206290722
test,25,119,-0.0076355228836926725,0.15661350597399862
test,25,120,-0.007698963824565716,0.15663426197777341
test,25,121,-0.007763069764818979,0.15655842363172062
test,25,122,-0.007827973704328507,0.15653717806109352
test,25,123,-0.007891414645201551,0.15653258761674807
test,25,124,-0.007955520585454814,0.15645940667407482
test,25,125,-0.008019759525584123,0.15644977431113746
test,25,126,-0.008083865465837385,0.1563943349253756
test,25,127,-0.00814730640671043,0.15633322373828704
test,25,128,-0.008210747347583472,0.15633575957754806
test,25,129,-0.008274919787774757,0.156289322171737
test,25,130,-0.008339092227966043,0.15622666356183304
test,25,131,-0.008403198168219307,0.15622933184589027
test,25,132,-0.00846663910909235,0.15617475060199518
test,25,133,-0.008530146549903415,0.1561339894673228
test,25,134,-0.0085943189900947,0.15613607328700962
test,25,135,-0.008658424930347965,0.15607687281809007
test,25,136,-0.00872259737053925,0.15604840102389733
test,25,137,-0.008786038311412293,0.15604344529907693
test,25,138,-0.008850210751603579,0.15598904756141838
test,25,139,-0.008913651692476623,0.1559430476705416
test,25,140,-0.008978489132048129,0.1559444235264294
test,25,141,-0.009041996572859194,0.15586804758696762
test,25,142,-0.009106102513112458,0.1558566141202674
test,25,143,-0.0091695434539855,0.1558445350394721
test,25,144,-0.009233715894176786,0.1557687498414332
test,25,145,-0.009297888334368072,0.15575047961155963
test,26,0,0.0,
test,26,1,-6.64044852224828e-05,0.17981749865807836
test,26,2,-0.00013339033266967606,0.13993541442411195
test,26,3,-0.0002005053717223605,0.11162874036910948
test,26,4,-0.0002667806653393521,0.09523169912693083
test,26,5,-0.00033460625822223823,0.08472028347471276
test,26,6,-0.0004016567014721771,0.0779209160851673
test,26,7,-0.000469353102749572,0.07369631901840491
test,26,8,-0.0005370495040269669,0.07018837567875578
test,26,9,-0.000604875096909853,0.06802072785752576
test,26,10,-0.000671925540159792,0.06534791465637396
test,26,11,-0.0007396219414371869,0.06355622656211951
test,26,12,-0.0008073829385173274,0.06131738664762585
test,26,13,-0.0008750793397947223,0.06016059295861643
test,26,14,-0.0009428403368748628,0.058564929852058564
test,26,15,-0.0010111826961797137,0.05764017691539449
test,26,16,-0.0010790082890625998,0.05626504412944638
test,26,17,-0.0011460587323125389,0.055655183262545226
test,26,18,-0.0012137551335899338,0.05445309250787238
test,26,19,-0.0012814515348673287,0.053635749662314276
test,26,20,-0.0013499230857776708,0.052787726519484685
test,26,21,-0.0014176194870550657,0.052098444936499455
test,26,22,-0.0014853804841352062,0.05144647671791882
test,26,23,-0.0015537874392428028,0.05060173783746109
test,26,24,-0.0016208378824927416,0.050201473763886104
test,26,25,-0.0016892448376003384,0.04950854700854701
test,26,26,-0.0017570058346804789,0.04910118130457113
test,26,27,-0.0018240562779304177,0.048523331948647955
test,26,28,-0.0018924632330380143,0.04823574289528896
test,26,29,-0.001960159634315409,0.04774794681987257
test,26,30,-0.00202792063139555,0.04748682899045992
test,26,31,-0.0020963275865031462,0.04677597134196748
test,26,32,-0.002164088583583287,0.046546546546546545
test,26,33,-0.002231784984860682,0.04615533949169268
test,26,34,-0.002299545981940822,0.04584419254560869
test,26,35,-0.002367952937048419,0.04552317335407421
test,26,36,-0.0024356493383258138,0.045162055570382234
test,26,37,-0.002503410335405954,0.04497785727680568
test,26,38,-0.002571817290513551,0.04460360929709992
test,26,39,-0.0026395136917909457,0.04445630310742581
test,26,40,-0.0027072746888710864,0.04405251080633972
test,26,41,-0.0027756816439786828,0.04388796334860475
test,26,42,-0.0028427320872286216,0.04355338720333384
test,26,43,-0.0029111390423362184,0.04340596614880628
test,26,44,-0.0029795459974438147,0.043144530539488524
test,26,45,-0.0030465964406937536,0.04299111959498714
test,26,46,-0.003115067991604096,0.042739999304097706
test,26,47,-0.003182764392881491,0.04257710076164315
test,26,48,-0.003251235943791833,0.042299228700348974
test,26,49,-0.003318932345069228,0.0421093886082564
test,26,50,-0.0033873393001768244,0.04195073029691984
test,26,51,-0.003455746255284421,0.04166840982303477
test,26,52,-0.003523442656561816,0.04158119307458768
test,26,53,-0.0035912036536419564,0.041311086063924
test,26,54,-0.003658964650722097,0.041296274347121804
test,26,55,-0.003727307010026948,0.04103956555469356
test,26,56,-0.00379577856093729,0.04094285714285714
test,26,57,-0.003863474962214685,0.04073841893017207
test,26,58,-0.003931235959294826,0.04063298821192784
test,26,59,-0.0039989969563749665,0.040487037639657227
test,26,60,-0.004067339315679817,0.04029649116570088
test,26,61,-0.004135810866590159,0.04018637666969718
test,26,62,-0.0042028613098400985,0.04000309634802952
test,26,63,-0.004271203669144949,0.039934655459908756
test,26,64,-0.0043390292620278355,0.03969239229147747
test,26,65,-0.004407371621332686,0.0395990057179422
test,26,66,-0.004475843172243028,0.039458695213088264
test,26,67,-0.0045428936154929675,0.03933880877343775
test,26,68,-0.004612011124430765,0.03916725476358504
test,26,69,-0.00467970752570816,0.039052358286456076
test,26,70,-0.004747403926985556,0.03894491499603924
test,26,71,-0.004815100328262951,0.03879281214096374
test,26,72,-0.004883571879173293,0.03877909172362214
test,26,73,-0.004951978834280889,0.038598336291200165
test,26,74,-0.005019029277530828,0.03846430938589666
test,26,75,-0.005087436232638425,0.038342064671135406
test,26,76,-0.005155197229718565,0.03823059008389686
test,26,77,-0.005223604184826162,0.03810018347353481
test,26,78,-0.005291300586103557,0.03804095245906121
test,26,79,-0.005359772137013899,0.03791600313098869
test,26,80,-0.005427468538291294,0.03780851857774935
test,26,81,-0.00549587549339889,0.037748514343250876
test,26,82,-0.0055629905324515744,0.03760068128481996
test,26,83,-0.005631332891756426,0.037558926667608634
test,26,84,-0.0056990938888365665,0.03738323687684029
test,26,85,-0.005767500843944163,0.03734455446786362
test,26,86,-0.005835197245221558,0.03718854592785422
test,26,87,-0.0059036687961319,0.03711055969120485
test,26,88,-0.005972011155436751,0.03703344761166366
test,26,89,-0.006039772152516891,0.03687933068626218
test,26,90,-0.006108179107624488,0.03683612071824513
test,26,91,-0.006175875508901883,0.03669472216853215
test,26,92,-0.006243701101784769,0.03666068014599386
test,26,93,-0.006311397503062164,0.03652952335104218
test,26,94,-0.006379804458169761,0.03652085164289967
test,26,95,-0.006447565455249901,0.036342215988779805
test,26,96,-0.006515907814554752,0.03626390708622949
test,26,97,-0.006584379365465094,0.03619091573401023
test,26,98,-0.006652075766742489,0.036061561888187946
test,26,99,-0.00671983676382263,0.03600902244305794
test,26,100,-0.006787533165100025,0.035893008457639854
test,26,101,-0.006855940120207621,0.03583338609932671
test,26,102,-0.00692505762914542,0.03570514260636047
test,26,103,-0.006992108072395358,0.03565885055568203
test,26,104,-0.007060515027502955,0.03556147677487126
test,26,105,-0.007128276024583095,0.03546596018961194
test,26,106,-0.007196618383887947,0.035386796436686845
test,26,107,-0.007264443976770832,0.035299683757065665
test,26,108,-0.007332140378048227,0.035249420239798684
test,26,109,-0.0074005473331558245,0.03513043138175134
test,26,110,-0.007468954288263421,0.03510667157556145
test,26,111,-0.007537361243371017,0.034977053209670296
test,26,112,-0.007605122240451158,0.034926208215580484
test,26,113,-0.007672818641728553,0.0348097535212928
test,26,114,-0.007741225596836149,0.03472371533003655
test,26,115,-0.00780898659391629,0.03464445072536963
test,26,116,-0.00787732895322114,0.03454738379704273
test,26,117,-0.007945154546104028,0.03451557960124236
test,26,118,-0.008012850947381422,0.03440412542446355
test,26,119,-0.008081257902489019,0.03436032220077998
test,26,120,-0.008149664857596614,0.034277290850804984
test,26,121,-0.008217425854676755,0.03420549718623678
test,26,122,-0.008285832809784352,0.034121628998798996
test,26,123,-0.008353529211061746,0.03403435056637283
test,26,124,-0.008421290208141887,0.03399574623498829
test,26,125,-0.008489051205222028,0.0338689740420272
test,26,126,-0.008557393564526878,0.03384455353858254
test,26,127,-0.00862586511543722,0.03375005243948483
test,26,128,-0.008693561516714616,0.033656607700312174
test,26,129,-0.008762033067624958,0.033577281437917134
test,26,130,-0.008829729468902352,0.033490567970853535
test,26,131,-0.00889813642400995,0.033454119541744445
test,26,132,-0.008966543379117547,0.033333871475505115
test,26,133,-0.009033593822367486,0.033303023869704025
test,26,134,-0.009102000777475082,0.03320557879168588
test,26,135,-0.009169761774555222,0.03314114782498885
test,26,136,-0.009238104133860073,0.033076886918099055
test,26,137,-0.00930592972674296,0.032983100146989054
test,26,138,-0.00937427208604781,0.03294845217552434
test,26,139,-0.009442743636958153,0.032841483979763914
test,26,140,-0.009510440038235547,0.032796179676946785
test,26,141,-0.009578911589145889,0.03270704956495128
test,26,142,-0.009646607990423285,0.03266019665144825
test,26,143,-0.009715014945530882,0.032591770289298994
test,26,144,-0.009782775942611021,0.03250246006555242
test,26,145,-0.009851118301915873,0.03247967494608763
test,26,146,-0.009918879298996014,0.03234810147365195
test,27,0,0.0,
test,27,1,-5.5544443064838624e-05,0.18573709419904205
test,27,2,-0.00011054857053566132,0.10642838090157375
test,27,3,-0.00016598495048169675,0.03504091070793312
test,27,4,-0.00022206970914055133,-0.021739130434782608
test,27,5,-0.00027761415220539,-0.06549845068917619
test,27,6,-0.0003331585952702286,-0.09975929392885799
test,27,7,-0.00038978366952309906,-0.12700718764337054
test,27,8,-0.00044467973387511857,-0.14816550615961435
test,27,9,-0.0005002241769399572,-0.1665377521270899
test,27,10,-0.0005557686200047959,-0.18261242429115077
test,27,11,-0.0006107727474756185,-0.1956627680311891
test,27,12,-0.0006662091274216539,-0.207301814281884
test,27,13,-0.0007206729392984607,-0.21798522553753455
test,27,14,-0.0007762173823632994,-0.22703054927364022
test,27,15,-0.0008306811942401061,-0.2348289680835838
test,27,16,-0.0008855772585921256,-0.2419879861740327
test,27,17,-0.000939824944231326,-0.24849174010549924
test,27,18,-0.000994937134820952,-0.2543040429658362
test,27,19,-0.0010498331991729713,-0.25942156003505695
test,27,20,-0.001104188947930975,-0.26424926134837495
test,27,21,-0.0011591930754017976,-0.26886671783064725
test,27,22,-0.0012135488241598012,-0.27288048655382136
test,27,23,-0.001267472320442592,-0.27641478573765127
test,27,24,-0.0013223683847946115,-0.2799211805011308
test,27,25,-0.0013768321966714182,-0.2831620587350045
test,27,26,-0.0014310798823106185,-0.2859830473433947
test,27,27,-0.0014855436941874254,-0.28876057740169236
test,27,28,-0.0015404397585394448,-0.29147947625081594
test,27,29,-0.0015949035704162515,-0.2938711949872085
test,27,30,-0.001649259319174255,-0.2960321158464461
test,27,31,-0.0017036150679322587,-0.29832107673095604
test,27,32,-0.0017586191954030814,-0.30037805595228095
test,27,33,-0.001812434628567069,-0.3020792595489506
test,27,34,-0.0018674387560378917,-0.3038114818915072
test,27,35,-0.0019217945047958953,-0.3056985265874906
test,27,36,-0.001975609937959883,-0.3074440908887196
test,27,37,-0.0020299656867178864,-0.3089489978343338
test,27,38,-0.0020844294985946934,-0.3103018809176727
test,27,39,-0.0021387852473526967,-0.31186992318406864
test,27,40,-0.0021937893748235193,-0.31323114158935056
test,27,41,-0.002247604807987507,-0.31436929373491446
test,27,42,-0.0023019605567455104,-0.31559670623791414
test,27,43,-0.002356316305503514,-0.3169724942774588
test,27,44,-0.0024113204329743367,-0.31808124396415777
test,27,45,-0.0024656761817323405,-0.31897448156337777
test,27,46,-0.002519491614896328,-0.32012394761459306
test,27,47,-0.0025743876792483477,-0.3211984572952311
test,27,48,-0.002628311175531138,-0.3221345645255278
test,27,49,-0.002683315303001961,-0.323003117727133
test,27,50,-0.0027370226730471453,-0.32399926847897415
test,27,51,-0.0027914864849239523,-0.3249659856770696
test,27,52,-0.0028451938549691365,-0.32576447221417637
test,27,53,-0.0029001979824399594,-0.32661097973144415
test,27,54,-0.002954661794316766,-0.3274395346057298
test,27,55,-0.0030083691643619506,-0.32822769953051645
test,27,56,-0.003063373291832773,-0.32889819680478033
test,27,57,-0.00311783710370958,-0.3296495880559829
test,27,58,-0.0031715444737547643,-0.33045502606243854
test,27,59,-0.003226008285631571,-0.3311693640300889
test,27,60,-0.003279823718795559,-0.33171947567557875
test,27,61,-0.0033347197831475783,-0.3324426572131538
test,27,62,-0.003389183595024385,-0.33319739696312367
test,27,63,-0.0034436474069011918,-0.3337147443834377
test,27,64,-0.003497354776946376,-0.3342439270404304
test,27,65,-0.003551278273229167,-0.3349113209577171
test,27,66,-0.003605525958868367,-0.3354578945652528
test,27,67,-0.003659989770745174,-0.33597758275992196
test,27,68,-0.0037149938982159966,-0.3365373205173846
test,27,69,-0.0037687012682611812,-0.3371665133394664
test,27,70,-0.003823165080137988,-0.33770605187319885
test,27,71,-0.0038769805133019755,-0.33811908568138255
test,27,72,-0.003931336262059979,-0.3386605101537634
test,27,73,-0.00398525975834277,-0.33919675755342665
test,27,74,-0.0040395074439819705,-0.339657892249871
test,27,75,-0.004093971255858777,-0.34009209318338307
test,27,76,-0.004147786689022765,-0.3406026373346357
test,27,77,-0.004202250500899571,-0.34111121202171285
test,27,78,-0.0042564981865387715,-0.3415241379310345
test,27,79,-0.004310421682821562,-0.3419404042054802
test,27,80,-0.004364777431579567,-0.3423929853817292
test,27,81,-0.004419241243456373,-0.34285676336202314
test,27,82,-0.0044735969922143765,-0.3431909575759166
test,27,83,-0.004527304362259561,-0.34361045038271837
test,27,84,-0.004581768174136368,-0.34408120137043324
test,27,85,-0.004636231986013174,-0.3444587889833941
test,27,86,-0.004690047419177162,-0.3448070956765412
test,27,87,-0.004744403167935165,-0.34524611855488435
test,27,88,-0.004798218601099153,-0.34565493801501335
test,27,89,-0.004852034034263141,-0.3459615954161101
test,27,90,-0.004907038161733964,-0.34627545439874724
test,27,91,-0.0049608535948979515,-0.3467085973706611
test,27,92,-0.005015209343655955,-0.347073853835944
test,27,93,-0.005069132839938746,-0.3473678730702267
test,27,94,-0.005123380525577946,-0.34772805310747396
test,27,95,-0.0051778443374547525,-0.3481365299027213
test,27,96,-0.00523165977061874,-0.34846438757613624
test,27,97,-0.005286015519376744,-0.34872229986025155
test,27,98,-0.005339939015659535,-0.3490556198986733
test,27,99,-0.005394186701298735,-0.34939850686256396
test,27,100,-0.005448650513175541,-0.349707375849901
test,27,101,-0.0055030062619335456,-0.34999094598481056
test,27,102,-0.0055569297582163365,-0.35031088000928157
test,27,103,-0.005610745191380323,-0.3506460272198373
test,27,104,-0.005664560624544311,-0.35091212843761477
test,27,105,-0.0057189163733023145,-0.3512008442795959
test,27,106,-0.005773272122060319,-0.3515734026195466
test,27,107,-0.005827627870818322,-0.351897563256298
test,27,108,-0.005881551367101113,-0.35211379846196755
test,27,109,-0.005935366800265101,-0.3524026669430338
test,27,110,-0.005989614485904301,-0.35271306456976315
test,27,111,-0.0060440782977811075,-0.35295799492139796
test,27,112,-0.006097893730945095,-0.35322030642140145
test,27,113,-0.006152357542821902,-0.35350092586862664
test,27,114,-0.006206605228461102,-0.35380993049690235
test,27,115,-0.006261069040337909,-0.3540577201927125
test,27,116,-0.006314884473501896,-0.35429003343364973
test,27,117,-0.006368699906665884,-0.35456597597362893
test,27,118,-0.006422515339829872,-0.3548479737429913
test,27,119,-0.006476979151706678,-0.35508746553360754
test,27,120,-0.006531226837345879,-0.35529028903392385
test,27,121,-0.006585690649222686,-0.35558696966463954
test,27,122,-0.006639506082386674,-0.35584723642905014
test,27,123,-0.006693321515550661,-0.356065178032589
test,27,124,-0.006747785327427468,-0.35629077595780123
test,27,125,-0.006802141076185471,-0.3565889804981324
test,27,126,-0.006855416193755443,-0.35684128291931166
test,27,127,-0.00690988000563225,-0.35705330746880587
test,27,128,-0.00696412769127145,-0.3573190564840457
test,27,129,-0.007018591503148257,-0.3576125526955521
test,27,130,-0.007071866620718228,-0.3578199542375757
test,27,131,-0.007126222369476232,-0.35802712457348396
test,27,132,-0.00718003780264022,-0.35826959360062594
test,27,133,-0.007234501614517027,-0.35850666709806317
test,27,134,-0.007288317047681014,-0.3587299038596632
test,27,135,-0.007342564733320215,-0.3589119365043948
test,27,136,-0.007397028545197021,-0.35914869044511416
test,27,137,-0.0074513842939550245,-0.3594027295714039
test,27,138,-0.007504659411524997,-0.35959851880725
test,27,139,-0.007559123223401803,-0.35983236072628205
test,27,140,-0.0076133709090410034,-0.36005240590757503
test,27,141,-0.00766783472091781,-0.3602664316696614
test,27,142,-0.007721650154081798,-0.3604131865134831
test,27,143,-0.0077754655872457855,-0.3606125120365912
test,27,144,-0.007829929399122592,-0.3608691429595984
test,27,145,-0.007884285147880596,-0.3610683483260688
test,27,146,-0.007938100581044584,-0.36128181322486996
test,27,147,-0.007991916014208572,-0.36151768855842276
test,27,148,-0.008046271762966574,-0.3617401733631358
test,27,149,-0.008100087196130562,-0.3619271784726685
test,27,150,-0.008154551008007369,-0.3621224454668354
test,27,151,-0.008208906756765373,-0.36235301661032526
test,27,152,-0.008263262505523377,-0.3625763484390593
test,27,153,-0.008317077938687363,-0.36272486614378074
test,27,154,-0.00837089337185135,-0.3629066904175617
test,27,155,-0.008425357183728157,-0.36313601377003213
test,27,156,-0.008479820995604966,-0.3633066114990087
test,27,157,-0.008533636428768953,-0.3634709798104035
test,27,158,-0.008587884114408154,-0.3636772155346152
test,27,159,-0.008641807610690944,-0.3638971583220568
test,27,160,-0.008695514980736127,-0.36407339424867713
test,27,161,-0.008749978792612936,-0.36423772471694266
test,27,162,-0.008804334541370938,-0.3644365495716847
test,27,163,-0.00885760965894091,-0.3646548310454065
test,27,164,-0.008912073470817718,-0.3648322887251188
test,27,165,-0.008965888903981704,-0.36501473503025245
test,27,166,-0.009020244652739708,-0.3652329447141089
test,27,167,-0.009074600401497712,-0.3654341664519454
test,27,168,-0.0091284158346617,-0.36560220789283265
test,27,169,-0.009182231267825686,-0.36575406121097925
test,27,170,-0.009236695079702494,-0.3659489645789499
test,27,171,-0.009290510512866482,-0.36615447525281913
test,27,172,-0.009344866261624485,-0.3662919240090689
test,27,173,-0.009398789757907276,-0.36646934092788697
test,27,174,-0.00945249712795246,-0.36667985607062925
test,27,175,-0.009506312561116448,-0.36685866738795003
test,28,0,0.0,
test,28,1,-5.973237242382021e-05,0.1836083022884513
test,28,2,-0.0001217876704419001,0.08756986957678999
test,28,3,-0.00018439604598242276,-0.0007106057914372002
test,28,4,-0.0002493273471172051,-0.07212371683775497
test,28,5,-0.0003148117257744302,-0.12757553111988898
test,28,6,-0.0003809597974585867,-0.16948398576512455
test,28,7,-0.00044644417611581176,-0.20186145865120536
test,28,8,-0.0005127028633044568,-0.22817447064324362
test,28,9,-0.0005787403194841247,-0.24850032666151928
test,28,10,-0.0006448883911682812,-0.26468071451492137
test,28,11,-0.0007110364628524375,-0.2790041816590489
test,28,12,-0.0007765208415096627,-0.29100717820678584
test,28,13,-0.0008426689131938192,-0.3010907594155176
test,28,14,-0.0009081532918510443,-0.31055971861140846
test,28,15,-0.0009736376705082694,-0.3185483870967742
test,28,16,-0.001039785742192426,-0.3255938440950151
test,28,17,-0.0011053807363541395,-0.3322311447016218
test,28,18,-0.0011714181925338075,-0.3381819263489797
test,28,19,-0.001237566264217964,-0.3432339514174604
test,28,20,-0.0013037143359021202,-0.348486065376275
test,28,21,-0.0013698624075862767,-0.3531256373648786
test,28,22,-0.0014353467862435018,-0.35710287424858234
test,28,23,-0.001500831164900727,-0.3610141081156586
test,28,24,-0.0015669792365848834,-0.3648736083532273
test,28,25,-0.0016324636152421086,-0.3679138200586812
test,28,26,-0.001698611686926265,-0.37109262386227915
test,28,27,-0.0017640960655834902,-0.37424395661054594
test,28,28,-0.0018296910597452038,-0.3767783386874713
test,28,29,-0.0018957285159248718,-0.3793523612598309
test,28,30,-0.0019613235100865854,-0.38178768357750853
test,28,31,-0.002026918504248299,-0.3839737501079354
test,28,32,-0.002092402882905524,-0.38617240167951955
test,28,33,-0.0021585509545896807,-0.38832652001816886
test,28,34,-0.002223482255724463,-0.3902193251775227
test,28,35,-0.0022890772498861765,-0.3922579263722986
test,28,36,-0.0023551147060658444,-0.3940407689905883
test,28,37,-0.0024207097002275583,-0.3955940637023751
test,28,38,-0.0024861940788847834,-0.3972845835328582
test,28,39,-0.0025516784575420086,-0.39878689739402506
test,28,40,-0.002617826529226165,-0.40014449513666833
test,28,41,-0.00268331090788339,-0.401602861133228
test,28,42,-0.002748905902045104,-0.40291528101627105
test,28,43,-0.0028149433582247718,-0.4041491400552555
test,28,44,-0.002880538352386485,-0.40544813328468926
test,28,45,-0.002946133346548199,-0.4066230677764566
test,28,46,-0.003011617725205424,-0.4076163446663487
test,28,47,-0.0030771021038626493,-0.4088182056215207
test,28,48,-0.003142697098024363,-0.4099254255425877
test,28,49,-0.0032087345542040307,-0.41084103168883357
test,28,50,-0.0032743295483657446,-0.411882417147321
test,28,51,-0.003339924542527458,-0.4128149717810461
test,28,52,-0.0034060726142116147,-0.41371221630074695
test,28,53,-0.00347155699286884,-0.4146917517865073
test,28,54,-0.003536488294003622,-0.41556704707560627
test,28,55,-0.0036026363656877784,-0.41637730637176235
test,28,56,-0.0036681207443450036,-0.41725732189595555
test,28,57,-0.0037337157385067174,-0.418025863848796
test,28,58,-0.003799200117163942,-0.4187033108918196
test,28,59,-0.0038646844958211673,-0.41951188555057933
test,28,60,-0.003930168874478393,-0.4201499389368777
test,28,61,-0.0039952107911176635,-0.4207614337822671
test,28,62,-0.004060695169774888,-0.4215334449026069
test,28,63,-0.0041262901639366025,-0.4222067525234946
test,28,64,-0.004191221465071384,-0.42278957044960724
test,28,65,-0.0042579226142779834,-0.4234677505615574
test,28,66,-0.004323517608439698,-0.4240950968714296
test,28,67,-0.004388338294069991,-0.424582744666076
test,28,68,-0.004453933288231705,-0.4251966027052532
test,28,69,-0.004519528282393419,-0.4258167021894982
test,28,70,-0.004585012661050643,-0.42628611590704213
test,28,71,-0.004649943962185426,-0.4268800602523065
test,28,72,-0.004716092033869582,-0.4274425340710758
test,28,73,-0.004781576412526808,-0.42790067389393494
test,28,74,-0.004847171406688521,-0.42847955836235674
test,28,75,-0.004912655785345746,-0.42892688073917756
test,28,76,-0.004978803857029903,-0.4293121521890544
test,28,77,-0.005044288235687128,-0.4298550785020381
test,28,78,-0.005109883229848841,-0.4303086804817691
test,28,79,-0.005174814530983624,-0.43064626379799265
test,28,80,-0.005240298909640849,-0.43116065521182106
test,28,81,-0.005305893903802563,-0.4316389103414589
test,28,82,-0.0053714888979642765,-0.432027123948621
test,28,83,-0.005437526354143944,-0.43250711773572265
test,28,84,-0.005502457655278727,-0.432915807428906
test,28,85,-0.00556805264944044,-0.4332760973891604
test,28,86,-0.005633537028097666,-0.4337674447518105
test,28,87,-0.005699132022259379,-0.43410719333390685
test,28,88,-0.005765169478439047,-0.43450236621326904
test,28,89,-0.005830764472600761,-0.4349633295892073
test,28,90,-0.005896248851257986,-0.43529628397643033
test,28,91,-0.005961733229915211,-0.43563489825649704
test,28,92,-0.006027328224076925,-0.4360528288292476
test,28,93,-0.006092923218238638,-0.43634931857242215
test,28,94,-0.006158407596895864,-0.43667754739942904
test,28,95,-0.006223338898030646,-0.4370832606530534
test,28,96,-0.006288933892192359,-0.4373388717823078
test,28,97,-0.0063549713483720275,-0.4376766869644284
test,28,98,-0.006420566342533741,-0.4380713428602596
test,28,99,-0.0064860507211909665,-0.43831696479188825
test,28,100,-0.006551535099848191,-0.4385987417753048
test,28,101,-0.006616577016487462,-0.4389765029635902
test,28,102,-0.006682725088171619,-0.439228632814547
test,28,103,-0.006747656389306401,-0.43955080202803337
test,28,104,-0.006813140767963626,-0.43992743083572744
test,28,105,-0.006879288839647783,-0.4401628913209468
test,28,106,-0.006944773218305007,-0.44051148625481534
test,28,107,-0.007010368212466722,-0.4408495801551503
test,28,108,-0.0070752995136015035,-0.44107370859026257
test,28,109,-0.007140894507763217,-0.4414010209035143
test,28,110,-0.007206931963942885,-0.4417029464355127
test,28,111,-0.007272526958104599,-0.4419069355366807
test,28,112,-0.007338011336761824,-0.4422408856652033
test,28,113,-0.007403495715419049,-0.4425362651291923
test,28,114,-0.0074690907095807625,-0.4427197119576938
test,28,115,-0.007535128165760431,-0.44302750332289215
test,28,116,-0.007600723159922144,-0.443291606964326
test,28,117,-0.007666318154083858,-0.4435049926457825
test,28,118,-0.007731138839714152,-0.443807349837405
test,28,119,-0.007796733833875865,-0.444052724945546
test,28,120,-0.007862771290055533,-0.4442514607382072
test,28,121,-0.007928476899721735,-0.444562221751113
test,28,122,-0.007993297585352029,-0.444771032827243
test,28,123,-0.008059445657036186,-0.4450029979405452
test,28,124,-0.00812493003569341,-0.4452977860526055
test,28,125,-0.008189971952332682,-0.4455355806844659
test,28,126,-0.008256120024016838,-0.4457074027262934
test,28,127,-0.008321604402674064,-0.4460092908959319
test,28,128,-0.008387088781331289,-0.44621743486973947
test,28,129,-0.008452573159988513,-0.44641999038923597
test,28,130,-0.008518168154150227,-0.4467108156881122
test,28,131,-0.00858376314831194,-0.44688115722100524
test,28,132,-0.008649247526969167,-0.4470906860661412
test,28,133,-0.008715395598653322,-0.4473913654900858
test,28,134,-0.008780326899788105,-0.4475651920768547
test,28,135,-0.008845921893949818,-0.4477928020646959
test,28,136,-0.008911406272607043,-0.4480283217552573
test,28,137,-0.00897689065126427,-0.4481663793305198
test,28,138,-0.009043038722948425,-0.4483910939012585
test,28,139,-0.00910852310160565,-0.44864677840996464
test,28,140,-0.009174118095767365,-0.44880705651548286
test,28,141,-0.009240155551947031,-0.44905616044325025
test,28,142,-0.009305197468586303,-0.44930759388876346
test,28,143,-0.009370681847243528,-0.4494570538163175
test,28,144,-0.009436276841405241,-0.4497009143264264
test,28,145,-0.009501761220062467,-0.44993864171552606
test,28,146,-0.009567909291746623,-0.4500644141242607
test,28,147,-0.009633946747926291,-0.45032224294173456
test,28,148,-0.009699541742088005,-0.45050906202613905
test,28,149,-0.009765136736249718,-0.4506444232465735
test,28,150,-0.009830621114906943,-0.4508932229049782
test,28,151,-0.00989610549356417,-0.451095572415355
test,28,152,-0.009961147410203439,-0.4512467350762665
test,28,153,-0.010027184866383107,-0.4514807571418593
test,28,154,-0.01009277986054482,-0.4516482715788086
test,28,155,-0.010158927932228978,-0.45178704393149666
test,28,156,-0.010224412310886203,-0.4520386074995547
test,28,157,-0.010289896689543427,-0.45220276685895144
test,28,158,-0.010355381068200654,-0.45237346427375746
test,28,159,-0.010420422984839924,-0.45261042557195474
test,28,160,-0.010485907363497148,-0.45275489315375905
test,28,161,-0.010552055435181305,-0.45294039559272536
test,28,162,-0.01061753981383853,-0.4531689072415203
test,28,163,-0.010683687885522687,-0.45330549254592417
test,28,164,-0.010749172264179912,-0.45349640325271057
test,28,165,-0.010814767258341625,-0.45375974301433564
test,28,166,-0.010880362252503339,-0.4538794796032007
test,28,167,-0.010945846631160565,-0.4540768824686855
test,28,168,-0.01101199470284472,-0.4542739650220878
test,28,169,-0.011077479081501947,-0.4543678331715676
test,28,170,-0.011142963460159172,-0.454573455321476
test,28,171,-0.011208558454320885,-0.45477014026240226
test,29,0,0.0,
test,29,1,-7.997226063091804e-05,0.10832443970117396
test,29,2,-0.00016302602121275218,-0.005061267980820458
test,29,3,-0.00024769390081649475,-0.08785345900764717
test,29,4,-0.0003330954708847412,-0.14656672466871903
test,29,5,-0.00041996442188199526,-0.18922399914135452
test,29,6,-0.0005077138014366539,-0.22335753338711123
test,29,7,-0.0005969305619203204,-0.2491144309256122
test,29,8,-0.0006862206914504371,-0.26902559254507397
test,29,9,-0.0007755108209805538,-0.2855253666746814
test,29,10,-0.0008661949623932279,-0.2992740275219417
test,29,11,-0.0009570258418988026,-0.3114268798105388
test,29,12,-0.0010470496618934233,-0.3210178393552477
test,29,13,-0.0011378071723525476,-0.32979035025316983
test,29,14,-0.0012293717423226263,-0.33774164689408376
test,29,15,-0.001320202621828201,-0.344441617908929
test,29,16,-0.0014125008822627836,-0.3501517062693894
test,29,17,-0.001504799142697366,-0.3559087989723828
test,29,18,-0.0015963637126674448,-0.36099056174319444
test,29,19,-0.001688661973102027,-0.36560036821816927
test,29,20,-0.0017802265430721057,-0.3699409319623715
test,29,21,-0.0018725248035066882,-0.3736126309207441
test,29,22,-0.0019655567544057746,-0.3774289055308138
test,29,23,-0.0020579283838868074,-0.3809353717197695
test,29,24,-0.002151033703832344,-0.3840710388750656
test,29,25,-0.0022440656547314305,-0.3872396404297303
test,29,26,-0.0023364372842124633,-0.39015183466891606
test,29,27,-0.002430276294622504,-0.3929347715684482
test,29,28,-0.00252330824552159,-0.39531739811912225
test,29,29,-0.002617220624978081,-0.3977105014191107
test,29,30,-0.0027095188854126635,-0.4000439085969374
test,29,31,-0.0028034312648691543,-0.4020472496723692
test,29,32,-0.002897270275279195,-0.40415272415272413
test,29,33,-0.0029911092856892353,-0.40614129982524755
test,29,34,-0.0030850216651457265,-0.40806863347012634
test,29,35,-0.0031780536160448125,-0.4097802197802198
test,29,36,-0.003272699685965807,-0.4114908491444446
test,29,37,-0.0033666120654222984,-0.41325530271522787
test,29,38,-0.0034603777067858882,-0.4147982062780269
test,29,39,-0.0035542900862423794,-0.4161803264822803
test,29,40,-0.00364812909665242,-0.4176185174494523
test,29,41,-0.0037419681070624605,-0.41907188841201715
test,29,42,-0.0038358804865189513,-0.4204399633363886
test,29,43,-0.003930526556439946,-0.42169691853102576
test,29,44,-0.004024292197803536,-0.42295430393198724
test,29,45,-0.004118938267724531,-0.42423093852398885
test,29,46,-0.0042135843376455255,-0.42533162685549564
test,29,47,-0.00430823040756652,-0.42642030818228654
test,29,48,-0.004401335727512057,-0.4274789029535865
test,29,49,-0.004495908428386601,-0.42865166015186235
test,29,50,-0.004590554498307596,-0.42959839711127745
test,29,51,-0.004685934258693095,-0.43061462403661405
test,29,52,-0.0047805803286140895,-0.4315917632735165
test,29,53,-0.0048744193390241304,-0.43261099914815815
test,29,54,-0.004969138777991575,-0.4334893491184598
test,29,55,-0.005062904419355165,-0.43432988245659704
test,29,56,-0.00515755048927616,-0.4352491099702996
test,29,57,-0.005252930249661659,-0.43614842013721133
test,29,58,-0.0053475763195826535,-0.4368672959677879
test,29,59,-0.0054414153299926936,-0.4376622164130333
test,29,60,-0.005536868459424643,-0.4384755224209482
test,29,61,-0.005631514529345637,-0.43922836551487454
test,29,62,-0.005726894289731136,-0.4399253565557382
test,29,63,-0.005821540359652131,-0.44067411210130925
test,29,64,-0.0059161130605266754,-0.44145323059704705
test,29,65,-0.00601075913044767,-0.44219797733187527
test,29,66,-0.006106138890833168,-0.44288219086582614
test,29,67,-0.006200711591707713,-0.44353419204132327
test,29,68,-0.006296164721139662,-0.4441895900536545
test,29,69,-0.0063908107910606565,-0.44480210871041176
test,29,70,-0.006485383491935201,-0.4453998551135469
test,29,71,-0.0065800295618561955,-0.44600406813347204
test,29,72,-0.0066754093222416945,-0.4466094492891213
test,29,73,-0.006770055392162689,-0.44717387200302056
test,29,74,-0.006865435152548188,-0.44770837679172754
test,29,75,-0.006960814912933686,-0.44835672123435194
test,29,76,-0.007055534351901131,-0.44898803046789987
test,29,77,-0.00715091411228663,-0.4495356347518492
test,29,78,-0.007246293872672128,-0.4500717552826734
test,29,79,-0.007341747002104077,-0.4506163360462357
test,29,80,-0.007436319702978622,-0.4511984117683553
test,29,81,-0.007531699463364121,-0.4516172956338805
test,29,82,-0.007627152592796069,-0.45202162860140427
test,29,83,-0.00772091823415966,-0.45255624808962486
test,29,84,-0.007816297994545158,-0.45304959323436134
test,29,85,-0.007911824493023557,-0.45358035105934263
test,29,86,-0.00800793794387356,-0.4539868643850377
test,29,87,-0.008102584013794555,-0.4544365116603472
test,29,88,-0.008197963774180052,-0.45497912565976706
test,29,89,-0.008293343534565551,-0.45538055302452723
test,29,90,-0.00838872329495105,-0.45582042527629474
test,29,91,-0.008483369364872045,-0.456265004728763
test,29,92,-0.008578749125257544,-0.4567424455944878
test,29,93,-0.008674202254689492,-0.4571848933923423
test,29,94,-0.008768774955564038,-0.4575710084699502
test,29,95,-0.00886496177546049,-0.4580129173152429
test,29,96,-0.008960414904892439,-0.45843416083735206
test,29,97,-0.009056528355742442,-0.458804789942259
test,29,98,-0.009151174425663437,-0.45922067683991213
test,29,99,-0.009246554186048934,-0.4596440178158325
test,29,100,-0.009341933946434433,-0.4600556285250715
test,29,101,-0.009437313706819932,-0.4604329912680459
test,29,102,-0.00953276683625188,-0.46077927418525755
test,29,103,-0.009628146596637379,-0.4612041710874621
test,29,104,-0.009723526357022878,-0.4615707128603575
test,29,105,-0.009818979486454826,-0.4619400082007717
test,29,106,-0.009914359246840325,-0.46231637270677434
test,29,107,-0.010009739007225824,-0.46270558616562457
test,29,108,-0.010105852458075826,-0.46304748956006603
test,29,109,-0.01020049852799682,-0.4633991926702154
test,29,110,-0.010296685347893273,-0.4637628790958411
test,29,111,-0.010392138477325223,-0.464134727292622
test,29,112,-0.010487518237710722,-0.46448588456248796
test,29,113,-0.010583631688560724,-0.46477028987985597
test,29,114,-0.010679011448946223,-0.4651052412363545
test,29,115,-0.010775198268842675,-0.46546351908664485
test,29,116,-0.010870651398274624,-0.4657854402482793
test,29,117,-0.010966031158660123,-0.46609593566533897
test,29,118,-0.011061410919045622,-0.466444539077453
test,29,119,-0.01115679067943112,-0.46682042191429923
test,29,120,-0.011252170439816618,-0.4670897318490771
test,29,121,-0.011348430628759522,-0.4674154636775639
test,29,122,-0.01144381038914502,-0.4677310566794472
test,29,123,-0.01153919014953052,-0.4680534851559834
test,29,124,-0.011634569909916017,-0.46832951027770975
test,29,125,-0.01173068336076602,-0.4686355341701904
test,29,126,-0.011826063121151519,-0.4689689031500136
test,29,127,-0.011922323310094421,-0.4692899482910834
test,29,128,-0.01201770307047992,-0.46960536820074655
test,29,129,-0.012113816521329923,-0.46988297457812184
test,30,0,0.0,
test,30,1,-5.862034505609967e-05,0.21948608137044967
test,30,2,-0.00011645908551145134,0.18142895370618142
test,30,3,-0.00017452114156701673,0.15456005711226128
test,30,4,-0.0002323598820223684,0.13531618435155413
test,30,5,-0.00028975199127729266,0.12144619676000429
test,30,6,-0.0003471441005322169,0.1126810946163477
test,30,7,-0.0004038662629865,0.10563866513233602
test,30,8,-0.00046125837224142424,0.09986568166554735
test,30,9,-0.0005186504814963485,0.09555926942819626
test,30,10,-0.0005754843017507385,0.0917495296963182
test,30,11,-0.000633434700006197,0.08798083972823696
test,30,12,-0.0006901568624604801,0.08530189609574611
test,30,13,-0.0007469906827148701,0.0830504264304049
test,30,14,-0.0008043827919697943,0.08072145521670576
test,30,15,-0.0008616632434246118,0.07907494523647071
test,30,16,-0.000919055352679536,0.07766630756800431
test,30,17,-0.0009764474619344603,0.07587955625990492
test,30,18,-0.0010332812821888502,0.0744699964067553
test,30,19,-0.0010906733914437744,0.07334998013733614
test,30,20,-0.0011479538428985918,0.07188890386948901
test,30,21,-0.0012047876631529819,0.07090376612033089
test,30,22,-0.0012620681146077992,0.07017759026687598
test,30,23,-0.0013194602238627234,0.06906019007391763
test,30,24,-0.0013762940441171133,0.06821708913429747
test,30,25,-0.0014336861533720377,0.06750890832523486
test,30,26,-0.001491078262626962,0.06655173130050059
test,30,27,-0.0015479120828813518,0.0658144791854208
test,30,28,-0.0016051925343361694,0.06530714616453157
test,30,29,-0.0016620263545905592,0.06452754951832597
test,30,30,-0.0017194184638454834,0.06399956769219685
test,30,31,-0.0017768105731004078,0.06354934881531461
test,30,32,-0.0018340910245552252,0.06305743243243243
test,30,33,-0.001890924844809615,0.06249692839473814
test,30,34,-0.0019483169540645392,0.0620706106870229
test,30,35,-0.0020057090633194634,0.061489973117448936
test,30,36,-0.0020624312257737465,0.060980739761425436
test,30,37,-0.002119823335028671,0.0607686347888374
test,30,38,-0.002176545497482954,0.06033169620613567
test,30,39,-0.002233379317737344,0.05995699521398349
test,30,40,-0.0022913297159928027,0.05966535459697818
test,30,41,-0.0023480518784470858,0.05933825179162982
test,30,42,-0.0024054439877020098,0.05889477278291008
test,30,43,-0.0024622778079564,0.058651764587423855
test,30,44,-0.002518999970410683,0.058322056833558865
test,30,45,-0.0025763920796656073,0.05795253617522884
test,30,46,-0.0026337841889205313,0.057744357363082206
test,30,47,-0.0026906180091749213,0.057486092074498105
test,30,48,-0.0027478984606297387,0.05715284749089186
test,30,49,-0.0028047322808841288,0.0569060773480663
test,30,50,-0.002861454443338412,0.05671431665583712
test,30,51,-0.0029188465525933362,0.05639321285225849
test,30,52,-0.0029755687150476193,0.05618621120599875
test,30,53,-0.0030324025353020093,0.05600915603061548
test,30,54,-0.0030897946445569333,0.05569653263257139
test,30,55,-0.0031466284648113234,0.055453247328770494
test,30,56,-0.003204020574066248,0.0553841392051225
test,30,57,-0.003260742736520531,0.055140035923704894
test,30,58,-0.003317464898974814,0.05488357322324239
test,30,59,-0.0033748570082297383,0.054737286734862535
test,30,60,-0.0034322491174846623,0.05453018619182634
test,30,61,-0.003488524648738518,0.0542626707644206
test,30,62,-0.0035458051001933354,0.05416648459689753
test,30,63,-0.0036026389204477254,0.05397827451857331
test,30,64,-0.0036593610829020085,0.05377190754381509
test,30,65,-0.003716753192156933,0.053649142113951276
test,30,66,-0.003774145301411857,0.053502808158439254
test,30,67,-0.0038308674638661403,0.0532714286869798
test,30,68,-0.00388770128412053,0.053152995186023524
test,30,69,-0.003945093393375454,0.053057794115336884
test,30,70,-0.0040019272136298445,0.05286875725900116
test,30,71,-0.004059319322884769,0.05269787467936973
test,30,72,-0.0041153715385384105,0.05259393656505733
test,30,73,-0.0041722053587928,0.052386928143401325
test,30,74,-0.004229039179047191,0.05221518987341772
test,30,75,-0.004286877919502542,0.052200939645825804
test,30,76,-0.004343823397557039,0.05202864642775622
test,30,77,-0.0044011038490118564,0.0518263489917765
test,30,78,-0.004457937669266246,0.05175469691598724
test,30,79,-0.004514101542719995,0.05160285226032709
test,30,80,-0.004570935362974385,0.051412383430926044
test,30,81,-0.004628327472229309,0.051354481133654185
test,30,82,-0.004685049634683592,0.05123847811999947
test,30,83,-0.004741771797137875,0.051085735190362955
test,30,84,-0.004798605617392266,0.05095796323073745
test,30,85,-0.00485599772664719,0.050881949539089665
test,30,86,-0.00491283154690158,0.05073898458977528
test,30,87,-0.004969553709355863,0.050600246830472345
test,30,88,-0.005026945818610787,0.05054382991834848
test,30,89,-0.00508366798106507,0.050379614170637486
test,30,90,-0.00514050180131946,0.05022506372286129
test,30,91,-0.005197893910574384,0.05016120477476028
test,30,92,-0.0052546160730286675,0.05007132835803299
test,30,93,-0.005311449893283058,0.04995334732913459
test,30,94,-0.0053688420025379815,0.04986816065360005
test,30,95,-0.0054255641649922646,0.049761355591586925
test,30,96,-0.005482397985246655,0.04961016949152543
test,30,97,-0.005539120147700938,0.04953058337387259
test,30,98,-0.005595953967955328,0.04946894769176274
test,30,99,-0.005652676130409611,0.04931568393254364
test,30,100,-0.005709509950664001,0.04919855713162106
test,30,101,-0.005766790402118818,0.04916782582076166
test,30,102,-0.005823735880173315,0.0490366565094154
test,30,103,-0.005880458042627598,0.04889429584103561
test,30,104,-0.005937180205081881,0.048820433646458695
test,30,105,-0.005994014025336271,0.0487704071089068
test,30,106,-0.006051294476791089,0.0486282055874842
test,30,107,-0.006108239954845586,0.04856012979111742
test,30,108,-0.006164962117299869,0.048467709123422124
test,30,109,-0.006221125990753617,0.04834736040533344
test,30,110,-0.006278518100008542,0.04825456948677734
test,30,111,-0.006335351920262932,0.048234874366456015
test,30,112,-0.006392744029517856,0.048115675256733194
test,30,113,-0.006449466191972139,0.04797845218718942
test,30,114,-0.006506188354426423,0.04793904464570414
test,30,115,-0.006563022174680812,0.047847521996556036
test,30,116,-0.006620414283935737,0.04769388356462318
test,30,117,-0.006677248104190126,0.04764311716014746
test,30,118,-0.006733970266644409,0.04759430578801199
test,30,119,-0.006790245797898265,0.04748377918720391
test,30,120,-0.006846967960352548,0.047395979345083605
test,30,121,-0.006904360069607473,0.047332263069623945
test,30,122,-0.006961082232061756,0.0472295608393599
test,30,123,-0.007017916052316145,0.04712349072043974
test,30,124,-0.00707530816157107,0.0470849761293174
test,30,125,-0.007131472035024819,0.046995190220694205
test,30,126,-0.007188194197479102,0.04687257756111006
test,30,127,-0.007245139675533599,0.046811710618516175
test,30,128,-0.007301861837987882,0.046786501610988636
test,30,129,-0.007359253947242806,0.046679987380376486
test,30,130,-0.007415976109697089,0.04658938641932535
test,30,131,-0.0074726982721513725,0.04654496045998152
test,30,132,-0.007529643750205869,0.046447952639368524
test,30,133,-0.007585695965859511,0.04633978154161277
test,30,134,-0.007643088075114436,0.04626599708407581
test,30,135,-0.007700480184369359,0.04619732351392311
test,30,136,-0.007756644057823108,0.04609681448346588
test,30,137,-0.007813477878077499,0.04603793316537529
test,30,138,-0.007870869987332423,0.04601529779578033
test,30,139,-0.007927592149786706,0.045915080527086385
test,30,140,-0.007984425970041096,0.04580501854917178
test,30,141,-0.008040589843494844,0.045761420147495804
test,30,142,-0.008097423663749234,0.04569967474765234
test,30,143,-0.008154145826203517,0.0455590894254636
test,30,144,-0.008211537935458441,0.045536949303302016
test,30,145,-0.008268371755712831,0.04548142713838691
test,30,146,-0.008325093918167116,0.04536752378226265
test,30,147,-0.00838136944942097,0.04531457687195392
test,30,148,-0.008438091611875254,0.045273345386666275
test,30,149,-0.008495483721130178,0.045183827948842174
test,30,150,-0.008552205883584461,0.04508184857651503
test,30,151,-0.00860903970383885,0.04502843257776724
test,30,152,-0.0086652035772926,0.04498919816458069
test,30,153,-0.008722595686547523,0.04485194211782903
test,30,154,-0.008779317849001806,0.04477927570711076
test,30,155,-0.008836151669256198,0.04474590990587181
test,30,156,-0.008892985489510587,0.04466503830817728
test,30,157,-0.00894970765196487,0.04456398856340774
test,30,158,-0.009005983183218725,0.044543996042365926
test,30,159,-0.00906337529247365,0.044472893622832174
test,30,160,-0.009120097454927933,0.04436799858869189
test,30,161,-0.009176819617382216,0.044291826393033064
test,30,162,-0.009233653437636607,0.04426320692127784
test,30,163,-0.009289817311090355,0.04418209670973758
test,30,164,-0.009346651131344745,0.044101243533262946
test,30,165,-0.009403931582799563,0.0440642837168753
test,30,166,-0.009460207114053418,0.043989247944748566
test,30,167,-0.009517599223308342,0.043888818460478284
test,30,168,-0.009574321385762625,0.04383790927391342
test,30,169,-0.009631155206017015,0.04379751958601948
test,31,0,0.0,
test,31,1,-6.927922113981302e-05,0.21481481481481482
test,31,2,-0.00013707581303344326,0.19337748344370861
test,31,3,-0.0002063550341732563,0.18051626591230552
test,31,4,-0.000273477703682258,0.17331918843654687
test,31,5,-0.0003406003731912597,0.16792192638166967
test,31,6,-0.0004084643573233528,0.16457486300159094
test,31,7,-0.00047632834145544593,0.16162764264605592
test,31,8,-0.0005441249333490762,0.1594961882664899
test,31,9,-0.0006119889174811692,0.15742323333529792
test,31,10,-0.0006805268239978908,0.1554577278031187
test,31,11,-0.0007483234158915212,0.15393886799730017
test,31,12,-0.0008161874000236143,0.15273482371653266
test,31,13,-0.0008840513841557073,0.15167462162933953
test,31,14,-0.0009518479760493376,0.15077470924726294
test,31,15,-0.0010204532748045222,0.14976494291470785
test,31,16,-0.0010889911813212437,0.14894110628707785
test,31,17,-0.001156787773214874,0.14813312954240618
test,31,18,-0.0012239778349623384,0.1475501605727586
test,31,19,-0.0012925157414790602,0.1469118919371494
test,31,20,-0.0013610536479957817,0.1464404083255999
test,31,21,-0.0014288502398894121,0.14612587130013133
test,31,22,-0.0014967142240215052,0.1456912136916958
test,31,23,-0.0015652521305382268,0.14531451761667588
test,31,24,-0.0016338574292934112,0.14500696086447307
test,31,25,-0.0017016540211870414,0.1446572901419207
test,31,26,-0.0017701919277037632,0.1443782637075718
test,31,27,-0.0018387298342204847,0.14413104965430548
test,31,28,-0.0019058525037294865,0.14391514347949616
test,31,29,-0.001974457802484671,0.14365135970446774
test,31,30,-0.0020429283167629295,0.14337487845841068
test,31,31,-0.0021107923008950227,0.1431113240149869
test,31,32,-0.002178656285027116,0.14277426947110206
test,31,33,-0.002247935506166929,0.142593098571176
test,31,34,-0.0023164060204451877,0.14239361038312742
test,31,35,-0.002384270004577281,0.14211459485671854
test,31,36,-0.002452133988709374,0.1419563007381433
test,31,37,-0.0025206718952260954,0.14172460755501398
test,31,38,-0.0025885358793581886,0.14155697315707924
test,31,39,-0.0026570063936364476,0.14137457325117994
test,31,40,-0.002725611692391632,0.1412203111117005
test,31,41,-0.0027927343619006334,0.1411400921182011
test,31,42,-0.0028612722684173554,0.14099520080828493
test,31,43,-0.0029304840973187053,0.14094862147659284
test,31,44,-0.0029984154736892614,0.14075422564077833
test,31,45,-0.0030668859879675204,0.14058374198415693
test,31,46,-0.003135491286722705,0.14051292695864756
test,31,47,-0.003203287878616335,0.14038057831651657
test,31,48,-0.0032718257851330566,0.14020953517671242
test,31,49,-0.0033396897692651497,0.140104149750452
test,31,50,-0.00340748636115878,0.1400197345386256
test,31,51,-0.0034760916599139643,0.13990160080716463
test,31,52,-0.003544629566430686,0.13969763124069123
test,31,53,-0.003612426158324316,0.13964266052750113
test,31,54,-0.0036817053794641293,0.13950724011238383
test,31,55,-0.0037488954412115937,0.13944807230426437
test,31,56,-0.003818039877874481,0.13933176078286488
test,31,57,-0.003885229939621946,0.13917688885579732
test,31,58,-0.003954441768523296,0.1391043465534904
test,31,59,-0.004022305752655389,0.139059985073419
test,31,60,-0.00409084365917211,0.1389502908981591
test,31,61,-0.004159381565688832,0.13885893198817187
test,31,62,-0.004226571627436297,0.13872154715043641
test,31,63,-0.004295109533953018,0.1386140281438689
test,31,64,-0.00436364744046974,0.1385807842161983
test,31,65,-0.004432185346986462,0.1385184217829217
test,31,66,-0.004500049331118555,0.13840502238691993
test,31,67,-0.004568519845396813,0.13830730733901364
test,31,68,-0.00463645122176737,0.13827728797690567
test,31,69,-0.004704921736045628,0.13819750409448456
test,31,70,-0.004772785720177721,0.13813071786437056
test,31,71,-0.004841323626694443,0.13805317670268574
test,31,72,-0.004909861533211165,0.13793992807875965
test,31,73,-0.004977725517343258,0.13785158805145722
test,31,74,-0.00504626342385998,0.13779530381788851
test,31,75,-0.005114127407992073,0.13774124172279134
test,31,76,-0.005182665314508794,0.13766694359697565
test,31,77,-0.005251203221025516,0.13758673676812083
test,31,78,-0.005318999812919146,0.13748137869110055
test,31,79,-0.0053876051116743305,0.1374303176841964
test,31,80,-0.005455401703567961,0.13733683540273797
test,31,81,-0.005524680924707774,0.13731231821397688
test,31,82,-0.005591803594216776,0.13722457695667648
test,31,83,-0.005660341500733497,0.1371281716883067
test,31,84,-0.005728879407250219,0.13706366151630386
test,31,85,-0.005797484706005403,0.1369526948574853
test,31,86,-0.0058652812978990335,0.13693998309382924
test,31,87,-0.005933819204415755,0.13685379004123058
test,31,88,-0.006001683188547848,0.13681011559125197
test,31,89,-0.00607022109506457,0.13674602180924955
test,31,90,-0.006138085079196663,0.13667987359086836
test,31,91,-0.006206555593474922,0.13658178170940072
test,31,92,-0.006274419577607015,0.13654217736121124
test,31,93,-0.0063429574841237365,0.13647386409672652
test,31,94,-0.006410080153632738,0.13641495799837414
test,31,95,-0.006479359374772551,0.13632961312017516
test,31,96,-0.006547964673527736,0.13631564692030887
test,31,97,-0.006615761265421366,0.13624228631449953
test,31,98,-0.006684299171938087,0.13622063020181838
test,31,99,-0.0067521631560701805,0.1361436160233285
test,31,100,-0.006819959747963811,0.13609564797469764
test,31,101,-0.006888565046718995,0.13602353930222782
test,31,102,-0.006957035560997254,0.13597319556519794
test,31,103,-0.007024899545129347,0.13594324019352744
test,31,104,-0.007093437451646069,0.13587932723709994
test,31,105,-0.0071612340435396995,0.13580789778269725
test,31,106,-0.0072298393422948835,0.1357698951110221
test,31,107,-0.007297635934188514,0.13571704907299945
test,31,108,-0.007366241232943698,0.13565668627364263
test,31,109,-0.00743477913946042,0.13562424838478804
test,31,110,-0.007502643123592513,0.13554170365510054
test,31,111,-0.007570439715486143,0.1355103992349988
test,31,112,-0.0076383036996182365,0.1354473686704512
test,31,113,-0.007706100291511866,0.1354008153450187
test,31,114,-0.007774638198028589,0.13534702694649808
test,31,115,-0.007842569574399143,0.13528095073266413
test,31,116,-0.007910366166292775,0.13523789479463588
test,31,117,-0.007979645387432588,0.13516112643344463
test,31,118,-0.008047441979326218,0.1350997607182052
test,31,119,-0.00811597988584294,0.13503882399639636
test,31,120,-0.008184517792359661,0.1349963510913554
test,31,121,-0.00825231438425329,0.13494782368396813
test,31,122,-0.008320245760623847,0.13487222768443674
test,31,123,-0.008388783667140569,0.13484450313065016
test,31,124,-0.00845732157365729,0.13476610152080026
test,31,125,-0.00852511816555092,0.1347226822246567
test,31,126,-0.008593723464306105,0.13465856196265263
test,31,127,-0.008661520056199735,0.13460413253535725
test,31,128,-0.00873012535495492,0.13454002612427693
test,31,129,-0.00879792194684855,0.1344922646477946
test,31,130,-0.008866459853365273,0.13444280219825086
test,31,131,-0.008934323837497366,0.1344003241491086
test,31,132,-0.009002120429390996,0.1343689304771977
test,31,133,-0.00907072572814618,0.1342669454998244
test,31,134,-0.00913852232003981,0.13423541901034652
test,31,135,-0.009207060226556532,0.13419309178838934
test,31,136,-0.009274924210688625,0.13412563667232597
test,31,137,-0.009343394724966883,0.13409195696225093
test,31,138,-0.00941132610133744,0.1340123703726498
test,31,139,-0.00947912269323107,0.1339871153016295
test,31,140,-0.009546919285124699,0.13393114430878897
test,32,0,0.0,
test,32,1,-5.93053957384546e-05,0.24578059071729957
test,32,2,-0.00011917668265761965,0.23334211219383724
test,32,3,-0.00017916114781292678,0.22639522639522638
test,32,4,-0.00023971150414894436,0.21982361458470448
test,32,5,-0.00030026186048496195,0.21900652494211745
test,32,6,-0.00036069903858483744,0.2171854449802718
test,32,7,-0.0004218152861015655,0.2166466346153846
test,32,8,-0.00048247882067372516,0.21677402392533193
test,32,9,-0.000543481889954311,0.21580884500788688
test,32,10,-0.0006034663551096182,0.2161593860064133
test,32,11,-0.0006644694243902042,0.21553824836351473
test,32,12,-0.0007251329589623638,0.21569657951210966
test,32,13,-0.0007855701370622394,0.21568072459666007
test,32,14,-0.0008466863845789673,0.21544929059379928
test,32,15,-0.0009072367409149849,0.2155619394618834
test,32,16,-0.0009683529884317129,0.215294194904124
test,32,17,-0.0010295824141845831,0.21548207663782448
test,32,18,-0.0010900195922844585,0.21551170529511354
test,32,19,-0.0011505699486204762,0.21541354423029063
test,32,20,-0.0012116861961372041,0.21529328324883765
test,32,21,-0.0012728024436539321,0.21509868174200164
test,32,22,-0.0013338055129345182,0.21525605825474514
test,32,23,-0.0013944690475066778,0.2150719342315597
test,32,24,-0.0014555852950234058,0.2150923575242931
test,32,25,-0.0015167015425401338,0.21501197428679467
test,32,26,-0.001577817790056862,0.21489456249495031
test,32,27,-0.00163893403757359,0.21506233831910218
test,32,28,-0.0016993712156734655,0.21491540683497767
test,32,29,-0.0017604874631901935,0.21505921553004237
test,32,30,-0.0018216037107069215,0.21489961315619038
test,32,31,-0.0018815881758622287,0.21481443840303538
test,32,32,-0.0019427044233789566,0.21492214036066487
test,32,33,-0.002004386562076395,0.21476531424025458
test,32,34,-0.002064936918412413,0.21483391756875705
test,32,35,-0.002126053165929141,0.21471325062630323
test,32,36,-0.0021866035222651583,0.21467426971371903
test,32,37,-0.0022477197697818863,0.21473167409257315
test,32,38,-0.0023088360172986142,0.21462814827095508
test,32,39,-0.0023698390865792003,0.21471170285806598
test,32,40,-0.0024309553340959283,0.2145510388911494
test,32,41,-0.002491618868668088,0.21452533995748932
test,32,42,-0.002552735116184816,0.2146115867758265
test,32,43,-0.002613851363701544,0.21450634240437558
test,32,44,-0.002674967611218272,0.21461296172568484
test,32,45,-0.002736083858735,0.21454651501895597
test,32,46,-0.002797200106251728,0.21447237786577503
test,32,47,-0.002858316353768456,0.21450589706933523
test,32,48,-0.002919432601285184,0.21437007874015748
test,32,49,-0.002980548848801912,0.21450073382111906
test,32,50,-0.0030409860269017875,0.21436744806155977
test,32,51,-0.0031021022744185155,0.21437246546861813
test,32,52,-0.003163218521935244,0.21436863410153134
test,32,53,-0.003224447947688114,0.21427368796363241
test,32,54,-0.0032849983040241313,0.21440721624432585
test,32,55,-0.003346567264485428,0.21427548887680017
test,32,56,-0.003407683512002156,0.2142709856409103
test,32,57,-0.0034683470465743157,0.2143153125776955
test,32,58,-0.0035294632940910437,0.21424240504610817
test,32,59,-0.0035905795416077716,0.21429206846244173
test,32,60,-0.0036516957891244996,0.2141907377923964
test,32,61,-0.0037128120366412276,0.21423286068281938
test,32,62,-0.0037739282841579556,0.21422524718948938
test,32,63,-0.0038350445316746836,0.21409945598293803
test,32,64,-0.0038961607791914116,0.21413458857489626
test,32,65,-0.0039572770267081395,0.21409019338689492
test,32,66,-0.0040177142048080155,0.21408804631337872
test,32,67,-0.004078830452324743,0.21412680756395996
test,32,68,-0.0041399466998414715,0.21407346233106675
test,32,69,-0.004201062947358199,0.21411077475394374
test,32,70,-0.0042621791948749274,0.21404098034952504
test,32,71,-0.004323295442391655,0.21404442473297114
test,32,72,-0.004385090759325236,0.21403268364505737
test,32,73,-0.004445527937425111,0.21397401887836895
test,32,74,-0.004506644184941839,0.21402077940498565
test,32,75,-0.004567760432458568,0.21398482982534706
test,32,76,-0.004628876679975295,0.21393897125337494
test,32,77,-0.004689992927492024,0.21399118053993635
test,32,78,-0.004751109175008751,0.21388154397863135
test,32,79,-0.00481222542252548,0.21391845031687193
test,32,80,-0.004873341670042207,0.21388367729831145
test,32,81,-0.004934005204614367,0.21383774117890972
test,32,82,-0.004995574165075663,0.213891662186724
test,32,83,-0.005056690412592392,0.2137948040288061
test,32,84,-0.00511780666010912,0.21383011288740622
test,32,85,-0.005178922907625848,0.2138094532523337
test,32,86,-0.0052401523333787175,0.21377357684633175
test,32,87,-0.005301155402659304,0.21382126571283808
test,32,88,-0.0053623848284121735,0.21376308178538417
test,32,89,-0.005423501075928902,0.21377736634492356
test,32,90,-0.005484504145209488,0.21377343968653792
test,32,91,-0.0055456203927262155,0.21371523472865356
test,32,92,-0.005606283927298375,0.2137336656761027
test,32,93,-0.005667966065995814,0.2136662434758076
test,32,94,-0.005729082313512542,0.2136457269179883
test,32,95,-0.00579019856102927,0.2136713895103157
test,32,96,-0.005851314808545998,0.2136141509330826
test,32,97,-0.005912317877826584,0.21365547014049305
test,32,98,-0.005973434125343312,0.2136152622870942
test,32,99,-0.006034663551096182,0.21357432486152705
test,32,100,-0.00609577979861291,0.21364027538726335
test,32,101,-0.0061568960461296385,0.21356686011773324
test,32,102,-0.006217899115410224,0.21357245381445528
test,32,103,-0.0062791285411630945,0.21357210179076344
test,32,104,-0.006339678897499112,0.2135184091952631
test,32,105,-0.0064013610361965505,0.2135211042368392
test,32,106,-0.006462477283713278,0.2134887082561904
test,32,107,-0.0065235935312300064,0.21347443995449017
test,32,108,-0.006584709778746734,0.21351699341641767
test,32,109,-0.006645939204499605,0.2134497715685944
test,32,110,-0.006706942273780191,0.21346690518783543
test,32,111,-0.006767492630116208,0.21346046573192523
test,32,112,-0.006828608877632936,0.21341929075754665
test,32,113,-0.006890856907511085,0.21342763075408527
test,32,114,-0.006951407263847103,0.2133835361699777
test,32,115,-0.00701252351136383,0.21336204929776692
test,32,116,-0.007073752937116701,0.21338713398442977
test,32,117,-0.007134756006397286,0.21332561925648857
test,32,118,-0.007195872253914015,0.21335598315493634
test,32,119,-0.007256988501430743,0.21333609662099892
test,32,120,-0.007318670640128182,0.21329403687977996
test,32,121,-0.007379220996464199,0.21331402130971946
test,32,122,-0.007440450422217069,0.21324364312011837
test,32,123,-0.0075015666697337965,0.21325057059363067
test,32,124,-0.007562682917250525,0.21327042295241522
test,32,125,-0.007623799164767253,0.21321618819341542
test,32,126,-0.007684915412283981,0.2132288330758307
test,32,127,-0.007746484372745277,0.2131899369094297
test,32,128,-0.007807600620262005,0.21317154159919652
test,32,129,-0.007868264154834164,0.21319704038756443
test,32,130,-0.007929833115295461,0.21316967439081982
test,32,131,-0.007990949362812189,0.21315244515475232
test,32,132,-0.008052065610328918,0.21315476687377513
test,32,133,-0.008113295036081788,0.21309677393901374
test,32,134,-0.008174411283598516,0.21312271413691292
test,32,135,-0.008236093422295953,0.21311437178116802
test,32,136,-0.008297209669812683,0.2130700999664335
test,32,137,-0.008357646847912558,0.2131011291039174
test,32,138,-0.008418763095429285,0.21304749556071834
test,32,139,-0.008479992521182155,0.2130372741617655
test,32,140,-0.008541674659879595,0.21305343482839914
test,32,141,-0.008602790907396322,0.21298108769918947
test,32,142,-0.00866390715491305,0.21300795583458662
test,32,143,-0.008725023402429779,0.21298963397853407
test,32,144,-0.008786818719363359,0.21295311110787216
test,32,145,-0.008847934966880086,0.21298062134727777
test,32,146,-0.008909051214396816,0.21293311338487028
test,32,147,-0.008970054283677401,0.21294382632099348
test,32,148,-0.00903128370943027,0.2129356832129676
test,32,149,-0.009092399956946998,0.21286651030771722
test,32,150,-0.009153516204463728,0.21288898528012537
test,32,151,-0.009215085164925023,0.2128905367697905
test,32,152,-0.009275748699497183,0.21283881747007083
test,32,153,-0.00933686494701391,0.21287446199221496
test,32,154,-0.00939854708571135,0.212832796134897
test,32,155,-0.009459663333228077,0.21280564385360917
test,32,156,-0.009520779580744806,0.2128232812988769
test,32,157,-0.009581329937080824,0.21278629462152127
test,32,158,-0.009643012075778262,0.2127891337196752
test,32,159,-0.009704128323294989,0.21278442372741524
test,32,160,-0.009765131392575576,0.21272492940979704
test,32,161,-0.009826360818328446,0.2127383594546942
test,32,162,-0.009888042957025884,0.212742802172709
test,32,163,-0.009948593313361901,0.21270006824532262
test,32,164,-0.01000970956087863,0.21272252582003404
test,32,165,-0.010071391699576068,0.2126968075126329
test,32,166,-0.010132507947092795,0.21266460573646645
test,32,167,-0.010193624194609525,0.21268239345457288
test,32,168,-0.010254740442126252,0.21262633834314057
test,33,0,0.0,
test,33,1,-6.335313848669946e-05,0.17356260075228372
test,33,2,-0.0001279141537796277,0.08480944712828771
test,33,3,-0.0001925355629128674,0.0012493307156880244
test,33,4,-0.00025776091044922144,-0.06316916488222699
test,33,5,-0.00032298625798557554,-0.10773510217181984
test,33,6,-0.000388815543925044,-0.14343055927214343
test,33,7,-0.0004540408914613981,-0.16978824248910634
test,33,8,-0.0005192662389977521,-0.1929589719563617
test,33,9,-0.000585155918777532,-0.2113095238095238
test,33,10,-0.0006504416601541976,-0.22732872676629706
test,33,11,-0.0007156066138502402,-0.24082825822168089
test,33,12,-0.00078149629363002,-0.2528591851322373
test,33,13,-0.0008467216411663742,-0.2635486265775798
test,33,14,-0.0009119469887027283,-0.2726541246791065
test,33,15,-0.0009777762746421967,-0.28120306129747513
test,33,16,-0.0010423976837754365,-0.2883635144198525
test,33,17,-0.0011082269697149049,-0.29544163141612473
test,33,18,-0.0011734523172512589,-0.30134168157423974
test,33,19,-0.001238677664787613,-0.30693600791072184
test,33,20,-0.0013032990739208527,-0.31216277883660376
test,33,21,-0.0013685244214572067,-0.3167139679374089
test,33,22,-0.0014331458305904465,-0.32132483952063656
test,33,23,-0.0014977068458833748,-0.32510624387054593
test,33,24,-0.001562267861176303,-0.3291110912183332
test,33,25,-0.0016268892703095426,-0.3324882366843564
test,33,26,-0.0016915106794427822,-0.3358882713881371
test,33,27,-0.001756132088576022,-0.3389247055078001
test,33,28,-0.0018200287716255243,-0.3417058428475487
test,33,29,-0.0018852541191618783,-0.3443579766536965
test,33,30,-0.0019492715898920038,-0.3469343889376489
test,33,31,-0.002013832605184932,-0.349518939065615
test,33,32,-0.002079057952721286,-0.35159779012946885
test,33,33,-0.0021430150296111,-0.35390577928316697
test,33,34,-0.0022069721065009137,-0.35585450291658105
test,33,35,-0.002271533121793842,-0.3579479147472514
test,33,36,-0.0023355505925239674,-0.35966496961734273
test,33,37,-0.002400775940060321,-0.3613729790973665
test,33,38,-0.002464733016950135,-0.36320941549255925
test,33,39,-0.0025298979706461777,-0.36464621406323217
test,33,40,-0.002593915441376303,-0.36628727306932557
test,33,41,-0.002658536850509543,-0.36763163415145794
test,33,42,-0.0027224335335590453,-0.36925774700167674
test,33,43,-0.0027864510042891707,-0.37047872672943
test,33,44,-0.0028516763518255245,-0.37182792283162486
test,33,45,-0.0029156334287153383,-0.373095991876232
test,33,46,-0.002979590505605152,-0.3742666136836446
test,33,47,-0.003043547582494966,-0.3754989991421218
test,33,48,-0.00310750465938478,-0.37651908020743496
test,33,49,-0.003172730006921134,-0.37771706332225113
test,33,50,-0.003236687083810948,-0.3785632103571006
test,33,51,-0.003300644160700762,-0.37966769983342824
test,33,52,-0.0033646616314308873,-0.3806185439091727
test,33,53,-0.003429162252883504,-0.38158762363682475
test,33,54,-0.003493179723613629,-0.3825649706263069
test,33,55,-0.003558405071149983,-0.38337390148293693
test,33,56,-0.0036223017541994855,-0.3843192226820159
test,33,57,-0.003686319224929611,-0.3850311771864122
test,33,58,-0.003750276301819425,-0.38597027931510786
test,33,59,-0.0038142333787092387,-0.3866728636392633
test,33,60,-0.0038788547878424785,-0.3874824128258668
test,33,61,-0.003942751470891981,-0.38813034931995877
test,33,62,-0.004007372880025221,-0.3889288780580874
test,33,63,-0.0040713299569150345,-0.38971347609740276
test,33,64,-0.004135287033804848,-0.390394730208876
test,33,65,-0.004199908442938088,-0.39113493658948206
test,33,66,-0.00426380512598759,-0.3916213816084275
test,33,67,-0.00432842653512083,-0.3923822058858936
test,33,68,-0.004392444005850955,-0.3929576796558704
test,33,69,-0.004456401082740769,-0.39364230772228154
test,33,70,-0.004520962098033697,-0.39413748338876814
test,33,71,-0.004584919174923511,-0.3947334540029233
test,33,72,-0.004648876251813325,-0.3952904801380145
test,33,73,-0.0047134976609465645,-0.39590285297562483
test,33,74,-0.004777454737836378,-0.39650336438547285
test,33,75,-0.004841411814726192,-0.39696139726970286
test,33,76,-0.0049060332238594325,-0.39754765307710815
test,33,77,-0.00497059423915236,-0.3979705853597218
test,33,78,-0.005034551316042174,-0.3985536221492982
test,33,79,-0.0050985687867723,-0.3990347963406665
test,33,80,-0.005162465469821802,-0.3995590479199296
test,33,81,-0.005226422546711616,-0.4000995817566222
test,33,82,-0.00529037962360143,-0.40056004039635645
test,33,83,-0.005355001032734669,-0.40108587200186596
test,33,84,-0.005419622441867909,-0.40142630339035135
test,33,85,-0.005482915186514297,-0.4019915479413923
test,33,86,-0.005547536595647537,-0.40234607039461756
test,33,87,-0.005611433278697039,-0.4028582201645455
test,33,88,-0.005676054687830279,-0.4032778470338051
test,33,89,-0.005740072158560404,-0.4036941705336427
test,33,90,-0.005804572780013021,-0.40413823596190385
test,33,91,-0.005869194189146261,-0.4045289084290644
test,33,92,-0.005933211659876386,-0.4049986264298281
test,33,93,-0.0059965044045227735,-0.40534977044327
test,33,94,-0.006061125813656014,-0.4058189889420904
test,33,95,-0.006125022496705516,-0.4061482902862447
test,33,96,-0.0061896439058387554,-0.4065817112449237
test,33,97,-0.006252936650485144,-0.4069585657105476
test,33,98,-0.006317558059618383,-0.4073440003511775
test,33,99,-0.006381575530348509,-0.40773714142933964
test,33,100,-0.006446076151801126,-0.40805549580554956
test,33,101,-0.006510697560934365,-0.40844620495783285
test,33,102,-0.006574050699421065,-0.4087419997680328
test,33,103,-0.006638611714713993,-0.40915213532421424
test,33,104,-0.006702629185444118,-0.40949938470129577
test,33,105,-0.006766525868493621,-0.4098614198068276
test,33,106,-0.00683114727762686,-0.41021413460904327
test,33,107,-0.006895104354516674,-0.410489391000191
test,33,108,-0.006958457493003374,-0.4108713945000722
test,33,109,-0.007023078902136613,-0.411132378913303
test,33,110,-0.00708757952358923,-0.4114817566774862
test,33,111,-0.007151596994319356,-0.411763281045625
test,33,112,-0.0072155540712091695,-0.4121219686676301
test,33,113,-0.007280175480342409,-0.41238501767860625
test,33,114,-0.007344132557232223,-0.41273000853761505
test,33,115,-0.007408029240281725,-0.4130596404273724
test,33,116,-0.0074720467110118505,-0.4133607142526029
test,33,117,-0.007536607726304778,-0.41370989980696754
test,33,118,-0.007600564803194592,-0.4139518139272059
test,33,119,-0.007664582273924718,-0.4143228978381896
test,33,120,-0.00772847895697422,-0.4145582950196722
test,33,121,-0.00779310036610746,-0.4148878963624647
test,33,122,-0.0078577217752407,-0.4151541329854285
test,33,123,-0.007921678852130513,-0.4154691591726815
test,33,124,-0.007985635929020327,-0.41576863532483077
test,33,125,-0.008049593005910141,-0.41600739928158137
test,33,126,-0.008113550082799955,-0.4163085366530243
test,33,127,-0.008177446765849458,-0.41654917203331343
test,33,128,-0.008242068174982697,-0.4168784631348118
test,33,129,-0.008306085645712823,-0.4171012209202963
test,33,130,-0.008369982328762324,-0.41741810059563206
test,33,131,-0.008434603737895565,-0.41768634324345405
test,33,132,-0.008498560814785379,-0.41798243470042856
test,33,133,-0.008562517891675192,-0.4182531949559923
test,33,134,-0.008627139300808433,-0.4184717618638695
test,33,135,-0.008691096377698247,-0.4187491535955262
test,33,136,-0.008755657392991174,-0.41893345141700405
test,33,137,-0.008819674863721299,-0.4192345583069381
test,33,138,-0.008883571546770802,-0.41947022654478294
test,33,139,-0.008947589017500927,-0.4197613963420295
test,33,140,-0.009012150032793854,-0.4200123675386678
test,33,141,-0.009076107109683668,-0.4202501716116238
test,33,142,-0.009140728518816909,-0.420494391893427
test,33,143,-0.009204685595706722,-0.42070451451820323
test,33,144,-0.009268642672596536,-0.4209751980941143
test,33,145,-0.009333264081729777,-0.421156270859601
test,33,146,-0.009396556826376164,-0.4214579565920366
test,33,147,-0.009461178235509404,-0.42167735988470345
test,33,148,-0.009525739250802332,-0.42192535323332475
test,33,149,-0.009589696327692146,-0.4221736243432069
test,33,150,-0.009654317736825386,-0.4224216114681875
test,33,151,-0.009718214419874888,-0.42267002339501974
test,33,152,-0.009782835829008128,-0.42285787057017327
test,33,153,-0.009846188967494828,-0.4231396419509246
test,33,154,-0.009910749982787756,-0.42332804938512997
test,33,155,-0.00997476745351788,-0.4236096897624739
test,33,156,-0.010038664136567383,-0.42380353295993106
test,33,157,-0.010103285545700624,-0.4240335086854074
test,34,0,0.0,
test,34,1,-5.82702015576575e-05,0.18234672304439747
test,34,2,-0.00011344944939811118,0.09004489041457618
test,34,3,-0.00016931557584238792,0.004923509759099701
test,34,4,-0.00022689889879622235,-0.06350673356218643
test,34,5,-0.00028390982291353755,-0.11893434823977164
test,34,6,-0.0003416076256346758,-0.16173100652212233
test,34,7,-0.00040045022602885254,-0.19392382103990327
test,34,8,-0.0004586059478192062,-0.2188863906890623
test,34,9,-0.0005180209470499022,-0.2388568740444549
test,34,10,-0.0005774359462805981,-0.25489780790003175
test,34,11,-0.0006368509455112942,-0.2679310676807548
test,34,12,-0.0006969528233458131,-0.27865813286250274
test,34,13,-0.0007562533428092053,-0.2887240718855699
test,34,14,-0.0008157828218072051,-0.2975510049585526
test,34,15,-0.0008757702198744203,-0.30493923120407007
test,34,16,-0.0009350707393378124,-0.3115536264537292
test,34,17,-0.0009951726171723314,-0.3178345339445536
test,34,18,-0.0010545876164030274,-0.3236914194821644
test,34,19,-0.0011145750144702425,-0.3290075909801295
test,34,20,-0.0011741044934682424,-0.33368686199125014
test,34,21,-0.0012334050129316344,-0.33829174664107486
test,34,22,-0.0012935068907661536,-0.34259951298309904
test,34,23,-0.0013534942888333687,-0.3462106185709673
test,34,24,-0.0014129092880640647,-0.34956564026614206
test,34,25,-0.0014710650098544184,-0.352865025466893
test,34,26,-0.0015311668876889374,-0.356080239985307
test,34,27,-0.0015905818869196334,-0.35894664439422225
test,34,28,-0.0016505692849868485,-0.36152592480291085
test,34,29,-0.0017099842842175446,-0.3640505773207195
test,34,30,-0.0017693992834482404,-0.36664366962090256
test,34,31,-0.0018282418838424172,-0.36887701816563084
test,34,32,-0.0018876568830731133,-0.37086795707485365
test,34,33,-0.001947071882303809,-0.37292715487430234
test,34,34,-0.002005914482697986,-0.3750292735476417
test,34,35,-0.0020654439616959856,-0.37685599454007734
test,34,36,-0.002124744481159378,-0.3785796443212316
test,34,37,-0.002184159480390074,-0.3803859674295143
test,34,38,-0.0022430020807842504,-0.3822078774922804
test,34,39,-0.0023024170800149467,-0.3836834152384323
test,34,40,-0.0023612596804091232,-0.3850687622789784
test,34,41,-0.0024205601998725152,-0.38663972854663664
test,34,42,-0.0024794028002666922,-0.38820256685844345
test,34,43,-0.002538932279264692,-0.3894405335309374
test,34,44,-0.002598232798728084,-0.3906163242642976
test,34,45,-0.0026566174800530455,-0.39196175637393765
test,34,46,-0.0027159179995164375,-0.3932749044468309
test,34,47,-0.002774760599910614,-0.39441028886578366
test,34,48,-0.002833603200304791,-0.3953982535940768
test,34,49,-0.0028931326793027907,-0.396498075567843
test,34,50,-0.0029518607999296635,-0.3975688541312479
test,34,51,-0.0030105889205565366,-0.3984894259818731
test,34,52,-0.0030701183995545363,-0.3993992153016184
test,34,53,-0.003128960999948713,-0.40048322255305924
test,34,54,-0.00318780360034289,-0.40141891426490994
test,34,55,-0.0032465317209697626,-0.40222411161136984
test,34,56,-0.0033052598415966358,-0.4030462633451957
test,34,57,-0.0033647893205946354,-0.40394028960102935
test,34,58,-0.003422945042384989,-0.4048256144273592
test,34,59,-0.003482474521382989,-0.40557267174747313
test,34,60,-0.003541775040846381,-0.4062646717513974
test,34,61,-0.003600159722171342,-0.4071472764188677
test,34,62,-0.0036594602416347346,-0.4079307240536717
test,34,63,-0.003718302842028911,-0.40859498274421785
test,34,64,-0.0037771454424230877,-0.4092453378743199
test,34,65,-0.0038359880428172647,-0.41003934270687636
test,34,66,-0.0038948306432114413,-0.41074780283074347
test,34,67,-0.003952986365001795,-0.4113566921947542
test,34,68,-0.004012401364232491,-0.4119436364205061
test,34,69,-0.004070671565790149,-0.41265865706953553
test,34,70,-0.00412997208525354,-0.4132639495574885
test,34,71,-0.004188242286811198,-0.41384088747069353
test,34,72,-0.004247657286041894,-0.414386065991535
test,34,73,-0.004307186765039894,-0.41500003642907624
test,34,74,-0.004365914885666767,-0.4155238341670979
test,34,75,-0.0044241850872244245,-0.41608039488241466
test,34,76,-0.004483027687618601,-0.4165622659733061
test,34,77,-0.004541870288012778,-0.41714277818845036
test,34,78,-0.004600598408639651,-0.4176674782276599
test,34,79,-0.004659441009033828,-0.41814925051514457
test,34,80,-0.0047181691296607,-0.4186078988143134
test,34,81,-0.004770371903551254,-0.419143388220767
test,34,82,-0.004819712683259212,-0.4196702590821497
test,34,83,-0.004868938983199865,-0.42012141570455086
test,34,84,-0.004918050803373215,-0.42049687080345605
test,34,85,-0.004967277103313869,-0.4209913485495361
test,34,86,-0.005016503403254522,-0.42145027256808015
test,34,87,-0.005065729703195176,-0.42184651896798503
test,34,88,-0.00511438360429931,-0.4222165780736924
test,34,89,-0.005164182303076484,-0.4226746793434389
test,34,90,-0.005212836204180618,-0.42312855174534464
test,34,91,-0.005262062504121271,-0.4235023014522251
test,34,92,-0.005311174324294622,-0.4238523618061381
test,34,93,-0.005360400624235275,-0.4242913311470906
test,34,94,-0.00540905452533941,-0.4247264943713334
test,34,95,-0.005458395305047367,-0.42507746356550924
test,34,96,-0.005507507125220717,-0.42547174519382724
test,34,97,-0.005556161026324852,-0.4258846643543926
test,34,98,-0.005605959725102024,-0.4262666427651842
test,34,99,-0.005654613626206159,-0.4265894461741978
test,34,100,-0.005704297845216028,-0.4269141901892096
test,34,101,-0.005753066226087466,-0.427338713503313
test,34,102,-0.005801605647424297,-0.42770791900906685
test,34,103,-0.005851518825968773,-0.4280257015988545
test,34,104,-0.0059000582473056045,-0.42836517785832773
test,34,105,-0.005949284547246258,-0.4287467480767378
test,34,106,-0.005998510847186911,-0.42911038214032743
test,34,107,-0.006047737147127565,-0.4294224500460348
test,34,108,-0.006096276568464396,-0.4297231330588496
test,34,109,-0.00614550286840505,-0.4300741153306853
test,34,110,-0.006194729168345703,-0.4304277940236652
test,34,111,-0.006243383069449837,-0.43065851025548757
test,34,112,-0.006292494889623188,-0.4309116673640963
test,34,113,-0.006341721189563841,-0.43127689559442506
test,34,114,-0.006390375090667976,-0.43159763590067046
test,34,115,-0.006439601390608629,-0.43185586587003844
test,34,116,-0.006488255291712764,-0.4321464978096961
test,34,117,-0.006537481591653418,-0.4324627018561432
test,34,118,-0.006586021012990248,-0.4327825929938606
test,34,119,-0.006635247312930902,-0.43302670158239887
test,34,120,-0.006684473612871555,-0.43329737504494786
test,34,121,-0.00673312751397569,-0.4336137857554825
test,34,122,-0.00678223933414904,-0.43393375690487107
test,34,123,-0.006831580113856997,-0.43417114592492173
test,34,124,-0.006880806413797651,-0.4344226373588602
test,34,125,-0.006929460314901785,-0.43471941624257304
test,34,126,-0.0069786866148424396,-0.4350028541829637
test,34,127,-0.007027798435015789,-0.4352605060349131
test,34,128,-0.007076452336119923,-0.4355040127876386
test,34,129,-0.007125678636060577,-0.4357879258500479
test,34,130,-0.007174218057397408,-0.43606107183113024
test,34,131,-0.007223444357338062,-0.4362870914600663
test,34,132,-0.007272670657278715,-0.43653494483669
test,34,133,-0.007321324558382849,-0.4368256359505904
test,34,134,-0.007369978459486984,-0.43708517094238025
test,34,135,-0.007419777158264157,-0.43729966999826314
test,34,136,-0.007468431059368292,-0.43752914392297776
test,34,137,-0.007516970480705122,-0.43779223103075376
test,34,138,-0.007566196780645776,-0.4380628717077315
test,34,139,-0.007614736201982606,-0.43827906031570757
test,34,140,-0.007663504582854044,-0.43845670670194337
test,34,141,-0.007713188801863914,-0.4387119453873311
test,34,142,-0.007762415101804567,-0.43896195537939525
test,34,143,-0.007811183482676006,-0.4391667505283285
test,34,144,-0.007859722904012836,-0.4393784608095703
test,34,145,-0.00790952160279001,-0.43965637658890905
test,34,146,-0.00795748862529032,-0.4399266904460273
test,34,147,-0.008006714925230975,-0.44010037058793666
test,34,148,-0.008055941225171628,-0.4403189615740624
test,34,149,-0.008104595126275763,-0.4405914382409971
test,34,150,-0.008153249027379897,-0.4408421022705062
test,34,151,-0.008201788448716727,-0.4410067040644494
test,34,152,-0.008251701627261205,-0.44120349587565233
test,34,153,-0.008300927927201858,-0.4414483472298199
test,34,154,-0.008349467348538689,-0.4416720034617049
test,34,155,-0.008398121249642823,-0.44186486440007566
test,34,156,-0.008446775150746958,-0.4420518428651983
test,34,157,-0.008496001450687612,-0.44227680375437634
test,34,158,-0.008544540872024442,-0.4424993166932678
test,34,159,-0.008593194773128577,-0.4426855071540424
test,34,160,-0.00864242107306923,-0.4428682821497121
test,34,161,-0.00869153289324258,-0.4430973331169713
test,34,162,-0.008740186794346714,-0.44332943867559693
test,34,163,-0.008789413094287367,-0.44351108581447535
test,34,164,-0.008838066995391502,-0.44370171924987645
test,34,165,-0.008887865694168676,-0.44394318861186965
test,35,0,0.0,
test,35,1,-5.940551888479028e-05,0.17533512064343162
test,35,2,-0.00012038024015521654,0.11684491978609626
test,35,3,-0.00018157913319501935,0.06418918918918919
test,35,4,-0.00024322636977357532,0.02724252491694352
test,35,5,-0.00030554612166026093,0.002437473505722764
test,35,6,-0.0003671933582388169,-0.014007576424984583
test,35,7,-0.00042839225127861975,-0.02683349664581292
test,35,8,-0.0004894790584337342,-0.035469860489602524
test,35,9,-0.0005512383808969785,-0.04299818893497692
test,35,10,-0.0006128856174755344,-0.049740007353327384
test,35,11,-0.000673972424630649,-0.05584966852673248
test,35,12,-0.0007364042624020229,-0.0608456364112868
test,35,13,-0.0007986119284040203,-0.06532339310900664
test,35,14,-0.0008596987355591349,-0.06967090501121914
test,35,15,-0.0009213459721376908,-0.07368127267652805
test,35,16,-0.0009825448651774936,-0.0769683494637719
test,35,17,-0.0010448646170641792,-0.07988065577804436
test,35,18,-0.0011065118536427352,-0.08285174967329752
test,35,19,-0.0011681590902212912,-0.08559562120086917
test,35,20,-0.0012299184126845354,-0.08799331365737718
test,35,21,-0.0012921260786865328,-0.0899798552562859
test,35,22,-0.0013539974870344653,-0.09225766638184753
test,35,23,-0.0014149722083048916,-0.09413660817651465
test,35,24,-0.0014767315307681358,-0.09599199704238523
test,35,25,-0.00153849085323138,-0.09758897818599312
test,35,26,-0.0016012589486568188,-0.09928949903660886
test,35,27,-0.0016635787005435045,-0.10088304059668038
test,35,28,-0.0017253380230067487,-0.10220201944930885
test,35,29,-0.001787097345469993,-0.10352145606273155
test,35,30,-0.0018493050114719903,-0.10492464408017105
test,35,31,-0.001910391818627105,-0.10618471733974737
test,35,32,-0.0019727115705137905,-0.10719522925017108
test,35,33,-0.0020343588070923465,-0.10830068250758342
test,35,34,-0.002096678558979032,-0.10948088185692822
test,35,35,-0.0021584378814422764,-0.11045256213608137
test,35,36,-0.0022206455474442738,-0.11122692725298589
test,35,37,-0.0022829652993309594,-0.11214400405645229
test,35,38,-0.002345285051217645,-0.11313303073104508
test,35,39,-0.002406932287796201,-0.11403719737053071
test,35,40,-0.0024686916102594453,-0.11471929138986584
test,35,41,-0.0025308992762614426,-0.11549360204327992
test,35,42,-0.0025932190281481283,-0.11637022152762273
test,35,43,-0.002655538780034814,-0.11706341995275305
test,35,44,-0.00271718601661337,-0.11768675269326388
test,35,45,-0.0027795057685000555,-0.1184831928882304
test,35,46,-0.002841825520386741,-0.11910962161182945
test,35,47,-0.0029035848428499854,-0.1197198705731129
test,35,48,-0.0029657925088519828,-0.12021917213692833
test,35,49,-0.0030281122607386684,-0.12084852220675289
test,35,50,-0.003090432012625354,-0.12145892351274788
test,35,51,-0.00315207924920391,-0.12197911029884728
test,35,52,-0.0032143990010905957,-0.12254543633905773
test,35,53,-0.0032767187529772813,-0.12316050061889698
test,35,54,-0.003339038504863967,-0.12361760593935303
test,35,55,-0.003400685741442523,-0.12406285497917456
test,35,56,-0.0034630054933292085,-0.12456422508761981
test,35,57,-0.0035246527299077645,-0.12512672505913836
test,35,58,-0.00358697248179445,-0.1255665754162366
test,35,59,-0.003649852663104577,-0.12591318157755427
test,35,60,-0.0037116119855678214,-0.12638382786743016
test,35,61,-0.003773931737454507,-0.1268623602696476
test,35,62,-0.003835578974033063,-0.12723105596319492
test,35,63,-0.00389845915534319,-0.12762107767808456
test,35,64,-0.003960218477806435,-0.12804560684427962
test,35,65,-0.00402253822969312,-0.12847408498746887
test,35,66,-0.004084745895695118,-0.12880663628191583
test,35,67,-0.004146505218158362,-0.12911669670042875
test,35,68,-0.004208712884160359,-0.12953169604249098
test,35,69,-0.004271032636047045,-0.129905195755304
test,35,70,-0.004333240302049042,-0.13022986113176127
test,35,71,-0.004395560053935728,-0.1305472695157614
test,35,72,-0.004457879805822414,-0.13093439909805082
test,35,73,-0.00451952704240097,-0.13123342742280386
test,35,74,-0.004582519309595785,-0.13156562460448046
test,35,75,-0.004644166546174341,-0.13189351944997538
test,35,76,-0.0047064862980610266,-0.13224158941848205
test,35,77,-0.004768806049947712,-0.13249951011196476
test,35,78,-0.004831574145373151,-0.13277748132337247
test,35,79,-0.004893333467836395,-0.13308395458496877
test,35,80,-0.0049550927902996394,-0.13338579195172073
test,35,81,-0.0050179729716097665,-0.1336660372268681
test,35,82,-0.005080180637611764,-0.13394324288315496
test,35,83,-0.0051425003894984495,-0.1342567927543953
test,35,84,-0.005204820141385135,-0.13453475770243073
test,35,85,-0.005267139893271821,-0.134786626601142
test,35,86,-0.005329459645158506,-0.1350136701265394
test,35,87,-0.005391106881737062,-0.13533438966785255
test,35,88,-0.005453426633623748,-0.13561185524962466
test,35,89,-0.005516194729049187,-0.13581718827620468
test,35,90,-0.005577954051512431,-0.13607624199551518
test,35,91,-0.005639713373975675,-0.13633297895446803
test,35,92,-0.005702593555285802,-0.13656228269042678
test,35,93,-0.0057648012212878,-0.13679147674841308
test,35,94,-0.005826560543751044,-0.1370678588818556
test,35,95,-0.005889440725061171,-0.13733712909230264
test,35,96,-0.005951087961639727,-0.1375291880441437
test,35,97,-0.006014080228834542,-0.13771989555463812
test,35,98,-0.006075727465413098,-0.13795281106382076
test,35,99,-0.006138047217299784,-0.1382051039598239
test,35,100,-0.006200254883301781,-0.1383757696788151
test,35,101,-0.006262574635188467,-0.1386312965661413
test,35,102,-0.006325454816498594,-0.13884031222755291
test,35,103,-0.00638710205307715,-0.13904877309906089
test,35,104,-0.0064494218049638355,-0.13922765752116367
test,35,105,-0.006511741556850521,-0.1394504591063522
test,35,106,-0.006574061308737207,-0.13966984718781428
test,35,107,-0.006636381060623892,-0.13985371661847254
test,35,108,-0.00669858872662589,-0.14003774784057316
test,35,109,-0.006760908478512575,-0.1402524544179523
test,35,110,-0.00682266780097582,-0.140440276248056
test,35,111,-0.006885435896401258,-0.14061065412505386
test,35,112,-0.006947195218864503,-0.14080714574212747
test,35,113,-0.00701007540017463,-0.14103572825361768
test,35,114,-0.007072395152061315,-0.14121134725896195
test,35,115,-0.007134714903948001,-0.141378702318032
test,35,116,-0.007196362140526557,-0.1416085483263711
test,35,117,-0.007259242321836684,-0.14177983575669237
test,35,118,-0.007321449987838681,-0.1419482470711085
test,35,119,-0.007384442255033497,-0.14214876755179254
test,35,120,-0.007446089491612053,-0.14235458239825316
test,35,121,-0.007507848814075297,-0.1424876365776844
test,35,122,-0.007570056480077294,-0.14264712148975156
test,35,123,-0.0076330487472721096,-0.1428456707157288
test,35,124,-0.0076946959838506655,-0.14302064773084583
test,35,125,-0.0077575761651607926,-0.14316430374587755
test,35,126,-0.007819335487624037,-0.14331922337467304
test,35,127,-0.007882103583049476,-0.14353369763205828
test,35,128,-0.007944423334936161,-0.14369375223366582
test,35,129,-0.008006070571514718,-0.1438190837326069
test,35,130,-0.008067829893977961,-0.14400873289109078
test,35,131,-0.00813071007528809,-0.14419490516625666
test,35,132,-0.008193029827174774,-0.14432372619052308
test,35,133,-0.008255910008484902,-0.14449134326024934
test,35,134,-0.008318229760371587,-0.14467197058150405
test,35,135,-0.008379989082834832,-0.1448295511423577
test,35,136,-0.008442196748836828,-0.14494005419391331
test,35,137,-0.008505076930146956,-0.1451210258744973
test,35,138,-0.008567396682033641,-0.14530204249196826
test,35,139,-0.008629043918612198,-0.1454297305887412
test,35,140,-0.008691363670498883,-0.14555930517038473
test,35,141,-0.00875424385180901,-0.14574494358414827
test,35,142,-0.008816003174272254,-0.14589555516514408
test,35,143,-0.008878210840274252,-0.1460154316388575
test,35,144,-0.008940530592160937,-0.14617799913382418
test,35,145,-0.009002850344047623,-0.1463589475231094
test,35,146,-0.00906505801004962,-0.14648132986865056
test,35,147,-0.009127377761936306,-0.14660255957010535
test,35,148,-0.009189697513822991,-0.14676077109449068
test,35,149,-0.00925246560924843,-0.14692187767031603
test,35,150,-0.009314337017596363,-0.1470338586687269
test,35,151,-0.00937654468359836,-0.14717178530622357
test,35,152,-0.009438864435485046,-0.1473490235763908
test,35,153,-0.009501744616795173,-0.1474689907209912
test,35,154,-0.009563391853373729,-0.1475981265522082
test,35,155,-0.009625711605260415,-0.14773938755942365
test,35,156,-0.0096880313571471,-0.14787784713570987
test,35,157,-0.009750351109033786,-0.14798290875512587
test,35,158,-0.009812670860920471,-0.1481323133793321
test,35,159,-0.00987487852692247,-0.1482988395311065
test,35,160,-0.009937198278809154,-0.14842430698085265
test,35,161,-0.010000078460119282,-0.14855933078591346
test,35,162,-0.010062398212005967,-0.14871834346855514
test,35,163,-0.010124045448584524,-0.14884752818623154
test,35,164,-0.010186365200471208,-0.1489540332212862
test,35,165,-0.010248684952357895,-0.14907123716436851
test,35,166,-0.01031100470424458,-0.14922785119155677
test,35,167,-0.010373212370246578,-0.14931850777937136
test,35,168,-0.010435532122133263,-0.14945493343229577
test,35,169,-0.01049841230344339,-0.1496032734170133
test,36,0,0.0,
test,36,1,-5.2963521273647356e-05,0.2044491525423729
test,36,2,-0.00010693779677007423,0.12280701754385964
test,36,3,-0.0001609120722665011,0.04360155973059199
test,36,4,-0.00021609925283026343,-0.022062732589048378
test,36,5,-0.0002712864333940258,-0.0722328446993839
test,36,6,-0.00032586716142412036,-0.11266607617360495
test,36,7,-0.00038044788945421494,-0.14494074749316319
test,36,8,-0.00043502861748430957,-0.17039106145251395
test,36,9,-0.0004906200997371837,-0.1913434247871334
test,36,10,-0.0005452008277672782,-0.20887895241137017
test,36,11,-0.0006002869329087626,-0.223007649849908
test,36,12,-0.0006559794905839147,-0.2352575488454707
test,36,13,-0.0007110655957253991,-0.2468011811023622
test,36,14,-0.0007661517008668835,-0.2564571428571429
test,36,15,-0.0008223496356534253,-0.26483141271873667
test,36,16,-0.0008774357407949097,-0.2727454642475987
test,36,17,-0.0009331282984700618,-0.28016077372354453
test,36,18,-0.0009893262332566037,-0.28648552444233505
test,36,19,-0.00104431126297581,-0.292533453277859
test,36,20,-0.00110010489607324,-0.2984133767829478
test,36,21,-0.0011556963783261143,-0.30352689704310654
test,36,22,-0.001211894313112656,-0.3081669338774717
test,36,23,-0.0012674857953655302,-0.3127440044617959
test,36,24,-0.0013230772776184044,-0.3173393923193442
test,36,25,-0.0013787698352935563,-0.3210848269666767
test,36,26,-0.0014338559404350408,-0.3247356945987083
test,36,27,-0.0014900538752215826,-0.328579351873861
test,36,28,-0.0015456453574744567,-0.33193245205165434
test,36,29,-0.0016013379151496089,-0.3350551599453935
test,36,30,-0.0016574347745138727,-0.338183893287681
test,36,31,-0.0017132284076113028,-0.34110052471692903
test,36,32,-0.0017694263423978446,-0.3436904244289107
test,36,33,-0.0018250178246507188,-0.3462648804696876
test,36,34,-0.0018811146840149826,-0.34889798488664986
test,36,35,-0.0019368072416901347,-0.3512678555042364
test,36,36,-0.0019930051764766765,-0.3534082798001428
test,36,37,-0.0020485966587295507,-0.35571246672068524
test,36,38,-0.0021047945935160927,-0.3579238052299369
test,36,39,-0.0021609925283026343,-0.3597847277519976
test,36,40,-0.0022165840105555085,-0.3617499799191411
test,36,41,-0.0022721754928083826,-0.363776483189216
test,36,42,-0.0023283734275949246,-0.36555136182801184
test,36,43,-0.0023845713623814662,-0.36722136415724177
test,36,44,-0.0024401628446343404,-0.36891052951917225
test,36,45,-0.0024963607794208824,-0.37056610960339
test,36,46,-0.002552558714207424,-0.37201015441227847
test,36,47,-0.002608150196460298,-0.3735296799489377
test,36,48,-0.00266434813124684,-0.3751423022835331
test,36,49,-0.002720546066033382,-0.37655265920223935
test,36,50,-0.002776744000819924,-0.37778873148882364
test,36,51,-0.002832941935606466,-0.3792313672753252
test,36,52,-0.0028891398703930074,-0.38052842009809984
test,36,53,-0.0029447313526458816,-0.3816428051443824
test,36,54,-0.0030009292874324236,-0.3828870849294405
test,36,55,-0.003057531523908077,-0.3841371918542337
test,36,56,-0.0031132240815832293,-0.38520134741999695
test,36,57,-0.0031699273934811607,-0.38628328569279374
test,36,58,-0.003225518875734035,-0.3874175245347182
test,36,59,-0.003281716810520577,-0.38844476744186046
test,36,60,-0.0033379147453071185,-0.3893693049848133
test,36,61,-0.0033941126800936606,-0.39043936731107204
test,36,62,-0.0034503106148802026,-0.3915133490109282
test,36,63,-0.003506508549666744,-0.39238309168878904
test,36,64,-0.0035626054090310082,-0.3932723556806379
test,36,65,-0.00361880334381755,-0.39425630536265116
test,36,66,-0.003674900203181814,-0.39521395847548496
test,36,67,-0.003731098137968356,-0.3960023684926465
test,36,68,-0.0037872960727548975,-0.3969092486004888
test,36,69,-0.0038434940075414395,-0.3977931463206154
test,36,70,-0.003900197319439371,-0.3985048790575836
test,36,71,-0.003955788801692245,-0.39922064976060656
test,36,72,-0.004011986736478787,-0.4001161786171766
test,36,73,-0.004068083595843051,-0.40081679422955446
test,36,74,-0.004124281530629593,-0.4014869349719569
test,36,75,-0.004180479465416134,-0.4022679498362672
test,36,76,-0.004237182777314066,-0.40296611963255113
test,36,77,-0.0042928753349892185,-0.4036632077442719
test,36,78,-0.004349477571464872,-0.404339575942579
test,36,79,-0.004405271204562302,-0.4050832269802047
test,36,80,-0.004461873441037956,-0.4056713816451029
test,36,81,-0.004517565998713107,-0.40623965464729794
test,36,82,-0.004574269310611039,-0.4069302009208874
test,36,83,-0.004630871547086693,-0.40761178599121217
test,36,84,-0.004686665180184123,-0.4081523196567444
test,36,85,-0.004743267416659777,-0.4087782839691574
test,36,86,-0.004799465351446318,-0.40940727436012575
test,36,87,-0.00485566328623286,-0.4099702839669055
test,36,88,-0.0049118612210194024,-0.4104495806514531
test,36,89,-0.004968059155805944,-0.41106490688844693
test,36,90,-0.005023650638058819,-0.411626576394021
test,36,91,-0.005080252874534472,-0.4121072796934866
test,36,92,-0.005136450809321014,-0.4126523234796805
test,36,93,-0.005192648744107555,-0.41320197498961747
test,36,94,-0.005248846678894098,-0.413664014974263
test,36,95,-0.005305549990792029,-0.4141529357290479
test,36,96,-0.005361646850156293,-0.41469411475446477
test,36,97,-0.0054178447849428345,-0.4151955579152287
test,36,98,-0.005474649172263044,-0.41558370466065975
test,36,99,-0.0055302406545159185,-0.4160832339872114
test,36,100,-0.005586842890991572,-0.41663090128755365
test,36,101,-0.005642535448666724,-0.41704026346542017
test,36,102,-0.005699238760564656,-0.4174915582298055
test,36,103,-0.005755436695351198,-0.4180079382442104
test,36,104,-0.005811634630137739,-0.4184412529404482
test,36,105,-0.005867832564924282,-0.41883826925828277
test,36,106,-0.005924434801399935,-0.4193045502859746
test,36,107,-0.005980632736186477,-0.41974788651884837
test,36,108,-0.0060368306709730184,-0.4201359219442402
test,36,109,-0.00609353398287095,-0.4205339738919845
test,36,110,-0.006149731917657492,-0.4210028289922934
test,36,111,-0.006205828777021756,-0.42136911609741007
test,36,112,-0.006262026711808298,-0.4217288824160662
test,36,113,-0.00631822464659484,-0.42214076107085535
test,36,114,-0.006374422581381382,-0.4225588116239445
test,36,115,-0.006431125893279314,-0.42291110654896324
test,36,116,-0.006486717375532187,-0.42331782142493685
test,36,117,-0.006543420687430119,-0.42373487676686145
test,36,118,-0.006599012169682993,-0.42406548431105046
test,36,119,-0.006655816557003202,-0.42436103244890966
test,36,120,-0.006711408039256077,-0.4247793150942215
test,36,121,-0.006767605974042619,-0.425137484477559
test,36,122,-0.006824208210518272,-0.4254484354244192
test,36,123,-0.0068804061453048146,-0.425856442295946
test,36,124,-0.006936604080091356,-0.42623688674999133
test,36,125,-0.006993307391989287,-0.42655000987404157
test,36,126,-0.007048999949664439,-0.4268580433578943
test,36,127,-0.007105602186140094,-0.42724214867651533
test,36,128,-0.007161800120926635,-0.42758077094007063
test,36,129,-0.007217998055713177,-0.42788677549797816
test,36,130,-0.0072741959904997185,-0.4282093199907527
test,36,131,-0.007331000377819929,-0.4285843042787146
test,36,132,-0.0073869961617619145,-0.4288757877617402
test,36,133,-0.007443194096548456,-0.4291536530841182
test,36,134,-0.0074999984838686655,-0.42951321301836765
test,36,135,-0.00755558996612154,-0.4298401844637036
test,36,136,-0.007612293278019471,-0.43015675069851145
test,36,137,-0.007668491212806014,-0.4304776381358323
test,36,138,-0.007724082695058887,-0.4308027380211574
test,36,139,-0.007780786006956819,-0.4310834813499112
test,36,140,-0.007836983941743361,-0.4313635283202601
test,36,141,-0.007893181876529903,-0.4317135004682111
test,36,142,-0.007949885188427834,-0.43198723957545887
test,36,143,-0.008005982047792098,-0.4322658619343603
test,36,144,-0.008062179982578641,-0.43255331996451546
test,36,145,-0.00811898436989885,-0.43289604216947747
test,36,146,-0.008174575852151724,-0.43313750431975767
test,36,147,-0.008231178088627377,-0.43343508551564985
test,36,148,-0.00828737602341392,-0.4337545152539422
test,36,149,-0.008343068581089071,-0.4340204477171039
test,36,150,-0.008399771892987002,-0.434252996958311
test,36,151,-0.008456475204884935,-0.4345708679331134
test,36,152,-0.008512167762560087,-0.43486644159733306
test,36,153,-0.00856876999903574,-0.4350770094376031
test,36,154,-0.008624967933822282,-0.43534759209168733
test,36,155,-0.008681165868608825,-0.4356770310238064
test,36,156,-0.008737869180506756,-0.4359115527813526
test,36,157,-0.008794067115293298,-0.43613747640799805
test,36,158,-0.00885016397465756,-0.43643529371793566
test,36,159,-0.008906968361977772,-0.4367108266148091
test,36,160,-0.008962559844230646,-0.4369208264274259
test,36,161,-0.009019162080706298,-0.4371949105070821
test,36,162,-0.009075461090915119,-0.43751284073511965
test,36,163,-0.009131557950279383,-0.43776018337988093
test,36,164,-0.009187755885065924,-0.4379660484330298
test,36,165,-0.009244560272386133,-0.4382409974101693
test,36,166,-0.009300151754639009,-0.43851467601516114
test,36,167,-0.009356753991114661,-0.43874808728413633
test,36,168,-0.009412446548789814,-0.43897591246940326
test,36,169,-0.009469149860687745,-0.43925310834249265
test,36,170,-0.009525347795474287,-0.43947930219925974
test,36,171,-0.00958154573026083,-0.43968905800650515
test,36,172,-0.009637642589625094,-0.4399732812275653
test,36,173,-0.009694345901523025,-0.44019910872776474
test,36,174,-0.009750543836309567,-0.44040926397896907
test,36,175,-0.009807247148207498,-0.440679110063935
test,36,176,-0.00986293970588265,-0.4409627528141301
test,36,177,-0.009919036565246914,-0.44118128818165825
test,36,178,-0.009975234500033455,-0.4414087242937376
test,36,179,-0.010031937811931388,-0.4416729654824893
test,36,180,-0.010088135746717929,-0.44190111437230056
test,36,181,-0.010144333681504471,-0.44210495090623236
test,36,182,-0.010200430540868735,-0.4423433203922448
test,36,183,-0.010256628475655278,-0.44260255725661174
test,36,184,-0.010312725335019542,-0.44279411249751965
test,36,185,-0.010369529722339751,-0.4430242345087796
test,36,186,-0.010426131958815404,-0.44325897187196894
test,36,187,-0.010482329893601946,-0.443481606541938
test,36,188,-0.010538527828388489,-0.4436555356265637
test,37,0,0.0,
test,37,1,-6.458482765566106e-05,0.1342964151952916
test,37,2,-0.00012622776167870199,0.045442395081529
test,37,3,-0.00018650237308191956,-0.02046991812032752
test,37,4,-0.0002453402457343226,-0.058878504672897194
test,37,5,-0.0003019888021950084,-0.0834667520546483
test,37,6,-0.00036014251353749983,-0.10001778093883357
test,37,7,-0.0004174752313080973,-0.11181354253941655
test,37,8,-0.00047487636520968584,-0.1212848194055711
test,37,9,-0.0005322774991112745,-0.12862726519009832
test,37,10,-0.0005904312104537658,-0.13353226408056695
test,37,11,-0.0006477639282243634,-0.13819484795661438
test,37,12,-0.0007059176395668547,-0.14260993033677952
test,37,13,-0.0007625661960275404,-0.14643837299799287
test,37,14,-0.0008207199073700319,-0.14953413196425175
test,37,15,-0.0008773684638307177,-0.1524292862973347
test,37,16,-0.0009347011816013152,-0.1548977216031931
test,37,17,-0.0009914181541929921,-0.15736914600550964
test,37,18,-0.001048135126784669,-0.15943014216888837
test,37,19,-0.0011054678445552664,-0.16137973514012935
test,37,20,-0.0011621164010159521,-0.16288160833953835
test,37,21,-0.0012195859510485318,-0.1644720182324639
test,37,22,-0.0012762345075092176,-0.1659375981825652
test,37,23,-0.0013335672252798151,-0.1672715504288125
test,37,24,-0.001390284197871492,-0.1685126932789863
test,37,25,-0.001447001170463169,-0.16972828166858017
test,37,26,-0.0015036497269238548,-0.17095362721845098
test,37,27,-0.001560982444694452,-0.17191559719707109
test,37,28,-0.001617699417286129,-0.1729269079659119
test,37,29,-0.0016751005511877178,-0.17386444839401213
test,37,30,-0.0017310649463384918,-0.17478789166976638
test,37,31,-0.0017877135027991775,-0.17551377200349658
test,37,32,-0.0018443620592598633,-0.17628210449421414
test,37,33,-0.0019018316092924432,-0.1770633783544487
test,37,34,-0.001958480165753129,-0.1776350739039405
test,37,35,-0.0020151287222138145,-0.17818656467231278
test,37,36,-0.0020717772786745005,-0.17884967243109248
test,37,37,-0.0021284942512661774,-0.1794455849208286
test,37,38,-0.002185142807726863,-0.1802132982961296
test,37,39,-0.00224185978031854,-0.18084381979626302
test,37,40,-0.002298508336779226,-0.1814065881540688
test,37,41,-0.0023551568932399115,-0.18189707653847648
test,37,42,-0.0024111212883906855,-0.18233546184485047
test,37,43,-0.0024685224222922744,-0.1827230626736647
test,37,44,-0.0025252393948839514,-0.1832269276723108
test,37,45,-0.002581135373903734,-0.18362891901778233
test,37,46,-0.002638536507805323,-0.184223284160953
test,37,47,-0.0026951850642660084,-0.1845797559873475
test,37,48,-0.0027519020368576854,-0.1850610565436687
test,37,49,-0.0028085505933183714,-0.18537779800212356
test,37,50,-0.0028652675659100483,-0.18579513479650453
test,37,51,-0.002921916122370734,-0.18614551889247424
test,37,52,-0.002977880517521508,-0.1864912047860665
test,37,53,-0.003034529073982194,-0.1868426851499429
test,37,54,-0.003090493469132968,-0.18713013388907457
test,37,55,-0.003147210441724645,-0.18743726353177362
test,37,56,-0.0032038589981853304,-0.18778141144130053
test,37,57,-0.0032605759707770073,-0.18812978449961817
test,37,58,-0.0033172245272376933,-0.18856562365581558
test,37,59,-0.003373873083698379,-0.18888938869146688
test,37,60,-0.0034298374788491533,-0.18917747385927355
test,37,61,-0.003486486035309839,-0.1894784470006787
test,37,62,-0.0035439555853424187,-0.18975096523443855
test,37,63,-0.0036006041418031043,-0.190018870467718
test,37,64,-0.0036572526982637903,-0.1902179321325505
test,37,65,-0.003713901254724476,-0.19053023498865065
test,37,66,-0.0037706182273161528,-0.19082195525964524
test,37,67,-0.0038272667837768387,-0.1911411756318962
test,37,68,-0.0038839837563685157,-0.19140085382700248
test,37,69,-0.00393994815151929,-0.1916921112743326
test,37,70,-0.003996596707979976,-0.19190326371252037
test,37,71,-0.004053245264440661,-0.192143262877814
test,37,72,-0.004109893820901347,-0.19237912735849055
test,37,73,-0.004165858216052121,-0.19263900903585993
test,37,74,-0.004222506772512807,-0.19286923098987466
test,37,75,-0.004279223745104484,-0.19309442105635546
test,37,76,-0.004335188140255258,-0.19336819835357041
test,37,77,-0.004391905112846935,-0.19358951387261725
test,37,78,-0.004447801091866718,-0.19378473804875063
test,37,79,-0.004504518064458394,-0.19403396114887558
test,37,80,-0.00456116662091908,-0.1942718040898629
test,37,81,-0.004617815177379766,-0.19450121845766843
test,37,82,-0.004674463733840452,-0.19472342298035358
test,37,83,-0.004731180706432129,-0.1949226766227041
test,37,84,-0.004787145101582903,-0.19515754099603305
test,37,85,-0.004843109496733677,-0.19535429580937755
test,37,86,-0.004899826469325354,-0.1955464787689574
test,37,87,-0.00495647502578604,-0.19577826434334994
test,37,88,-0.005013123582246725,-0.1959422387024811
test,37,89,-0.005069772138707411,-0.19614634815216678
test,37,90,-0.005126489111299089,-0.19637077518968535
test,37,91,-0.005182453506449862,-0.19657392075005248
test,37,92,-0.005239102062910548,-0.19679921566365813
test,37,93,-0.0052950664580613226,-0.1969545695719396
test,37,94,-0.005351783430652999,-0.1971551943103886
test,37,95,-0.0054077478258037735,-0.19732932713787865
test,37,96,-0.005464396382264459,-0.19749749915717452
test,37,97,-0.005520360777415233,-0.19771366060440312
test,37,98,-0.005577009333875919,-0.19786044144636758
test,37,99,-0.005633657890336605,-0.19805354884349075
test,37,100,-0.00569030644679729,-0.19825230664749546
test,37,101,-0.005746270841948065,-0.19842724842015685
test,37,102,-0.005802235237098838,-0.19862889005633202
test,37,103,-0.005858883793559524,-0.19881634250865338
test,37,104,-0.0059156007661512015,-0.19902157333863868
test,37,105,-0.005971565161301975,-0.19919054524508492
test,37,106,-0.0060282821338936525,-0.1993613549685182
test,37,107,-0.0060841781129134355,-0.19951310452882204
test,37,108,-0.006140895085505112,-0.19967283659514265
test,37,109,-0.006197543641965798,-0.1998695571758155
test,37,110,-0.0062535080371165725,-0.20004340591767344
test,37,111,-0.006310156593577258,-0.20020360660908965
test,37,112,-0.006366873566168935,-0.20039694757734083
test,37,113,-0.0064228379613197085,-0.20060001126781724
test,37,114,-0.006478733940339492,-0.2007604315006655
test,37,115,-0.006536203490372072,-0.20095768826232172
test,37,116,-0.0065914153080819425,-0.20115342047252738
test,37,117,-0.00664813228067362,-0.20132219713251898
test,37,118,-0.006704780837134306,-0.2014665353888207
test,37,119,-0.0067607452322850795,-0.20161649844858948
test,37,120,-0.006816709627435854,-0.20180464556973218
test,37,121,-0.00687335818389654,-0.20191245330667648
test,37,122,-0.006930006740357225,-0.2020698351958951
test,37,123,-0.006985286974198088,-0.20223071415632252
test,37,124,-0.007041935530658773,-0.20241553540945592
test,37,125,-0.0070978999258095475,-0.20258719474412407
test,37,126,-0.0071545484822702335,-0.20276955593635662
test,37,127,-0.007211197038730919,-0.20290732889158086
test,37,128,-0.0072678455951916045,-0.20308854065210813
test,37,129,-0.0073231258290324674,-0.2032570476836716
test,37,130,-0.007379090224183241,-0.20338948468080245
test,37,131,-0.007435738780643927,-0.20354179406083334
test,37,132,-0.007492387337104613,-0.20369737767507284
test,37,133,-0.007547667570945475,-0.203833926983076
test,37,134,-0.007605068704847064,-0.20400318291046282
test,37,135,-0.0076617856774387405,-0.20416214771852062
test,37,136,-0.007717750072589515,-0.20429386112042938
test,37,137,-0.007773714467740289,-0.204460002090989
test,37,138,-0.007829678862891064,-0.204619104548757
test,38,0,0.0,
test,38,1,-6.552510321624098e-05,0.3387358184764992
test,38,2,-0.00013105020643248196,0.34132543103448276
test,38,3,-0.00019657530964872294,0.34414769671984224
test,38,4,-0.0002607747604877568,0.34582829504232165
test,38,5,-0.0003256686006672324,0.34608359299452024
test,38,6,-0.0003911937038834734,0.34783387039026137
test,38,7,-0.00045539315472250717,0.34922581634217387
test,38,8,-0.0005209813842424247,0.3500368954182599
test,38,9,-0.0005865064874586656,0.35089706145317995
test,38,10,-0.0006513372013344648,0.35099195710455766
test,38,11,-0.0007161679152102639,0.35154764806239336
test,38,12,-0.0007804304923529743,0.3518113190691026
test,38,13,-0.0008459555955692153,0.3521626190574362
test,38,14,-0.0009108494357486909,0.3526416539050536
test,38,15,-0.0009763745389649318,0.3528760271525545
test,38,16,-0.0010412052528407311,0.35296678274845966
test,38,17,-0.0011060359667165302,0.3530913216108905
test,38,18,-0.0011716241962364477,0.3532125107877273
test,38,19,-0.0012364549101122467,0.3534419574899927
test,38,20,-0.0013013487502917223,0.3538436822234718
test,38,21,-0.0013662425904711981,0.35383516931864545
test,38,22,-0.0014317676936874391,0.3536555685358255
test,38,23,-0.0014965984075632382,0.3538038923549679
test,38,24,-0.0015614922477427138,0.35380325674771357
test,38,25,-0.001626322961618513,0.3540181152437849
test,38,26,-0.001691848064834754,0.3540723050317055
test,38,27,-0.001757373168050995,0.3540126454323826
test,38,28,-0.0018222670082304706,0.35399583309440524
test,38,29,-0.0018871608484099462,0.3539344504318299
test,38,30,-0.0019526859516261872,0.3540670709953621
test,38,31,-0.002017579791805663,0.35427239772138786
test,38,32,-0.0020824736319851388,0.3542297209170108
test,38,33,-0.002147241219557261,0.3542727420139452
test,38,34,-0.0022128294490771786,0.35425289165158547
test,38,35,-0.002277660162952978,0.35420456456272836
test,38,36,-0.002343185266169219,0.35415799797895736
test,38,37,-0.002408079106348694,0.35420672903141853
test,38,38,-0.0024736042095649356,0.354374604068417
test,38,39,-0.002538498049744411,0.35439270283245317
test,38,40,-0.002603391889923887,0.35430038510911427
test,38,41,-0.0026689169931401278,0.3543080054274084
test,38,42,-0.0027338108333196036,0.3542865875401151
test,38,43,-0.002798578420891726,0.3543752720940357
test,38,44,-0.002864103524107967,0.3544305336088489
test,38,45,-0.0029289973642874427,0.35444918527674446
test,38,46,-0.0029945224675036837,0.3544614311457304
test,38,47,-0.0030600475707199246,0.3543828509011469
test,38,48,-0.003124310147862635,0.3543567632608042
test,38,49,-0.003189835251078876,0.3543722168864053
test,38,50,-0.003254665964954675,0.3544819619880852
test,38,51,-0.0033202541944745926,0.35440410161779046
test,38,52,-0.0033850849083503914,0.35441645244215936
test,38,53,-0.003450673137870309,0.35449666054601586
test,38,54,-0.0035161351147828734,0.3544509357362115
test,38,55,-0.003581028954962349,0.3543319334266605
test,38,56,-0.00364655405817859,0.3544019782884749
test,38,57,-0.0037113847720543895,0.35444201600270153
test,38,58,-0.003776278612233865,0.35450984007005576
test,38,59,-0.003841803715450106,0.3544709848127877
test,38,60,-0.003906697555629582,0.35445068163592625
test,38,61,-0.003972222658845823,0.3544109656272458
test,38,62,-0.004037116499025298,0.3543527748077122
test,38,63,-0.004102641602241539,0.35434627655963613
test,38,64,-0.004167472316117338,0.35442699632475777
test,38,65,-0.0042323661562968145,0.35445588525560895
test,38,66,-0.004297891259513055,0.3544277140149521
test,38,67,-0.004362721973388854,0.3544073530350418
test,38,68,-0.00442761581356833,0.3544352556442991
test,38,69,-0.0044925096537478055,0.3543921352927961
test,38,70,-0.004558034756964047,0.3543758638331666
test,38,71,-0.004623559860180287,0.35443314336477727
test,38,72,-0.004688453700359763,0.3544639277813247
test,38,73,-0.004753978803576004,0.35447755729662445
test,38,74,-0.004818809517451803,0.3544754557799544
test,38,75,-0.004883703357631279,0.3544042189281642
test,38,76,-0.00494922846084752,0.35440563178215523
test,38,77,-0.005014753564063761,0.354374761392427
test,38,78,-0.00507958427793956,0.35439707272951526
test,38,79,-0.0051444781181190355,0.35441445098437185
test,38,80,-0.005209371958298512,0.3543999358648887
test,38,81,-0.005274897061514752,0.354416849217451
test,38,82,-0.005340422164730994,0.35438772583882994
test,38,83,-0.005405316004910469,0.3543873431251972
test,38,84,-0.00547084110812671,0.354339776298879
test,38,85,-0.005535734948306186,0.35435660123486284
test,38,86,-0.005600565662181985,0.35439789209411005
test,38,87,-0.005666153891701903,0.35437820571884887
test,38,88,-0.005730921479274025,0.35442084742777674
test,38,89,-0.0057964465824902655,0.3544154822594107
test,38,90,-0.0058607091596329765,0.35436731785523423
test,38,91,-0.005926234262849217,0.3543450430452298
test,38,92,-0.0059917593660654585,0.3543489120459113
test,38,93,-0.006056653206244934,0.35433378536787186
test,38,94,-0.006121547046424409,0.3543199208668266
test,38,95,-0.006187703412677416,0.3543497091944066
test,38,96,-0.006252597252856891,0.3543969807287666
test,38,97,-0.006318122356073133,0.35436671239140377
test,38,98,-0.006382953069948931,0.3543171842198533
test,38,99,-0.006448478173165173,0.3542883359421385
test,38,100,-0.006513372013344648,0.35430659976595436
test,38,101,-0.006578202727220447,0.3542878003100316
test,38,102,-0.006643096567399923,0.3543232836524609
test,38,103,-0.006708621670616164,0.3543354880212494
test,38,104,-0.006773515510795639,0.3543646919796537
test,38,105,-0.006839040614011881,0.3543708589050716
test,38,106,-0.006904565717228121,0.3543336458679894
test,38,107,-0.006969459557407597,0.35431387922037066
test,38,108,-0.007034984660623838,0.35429767317596883
test,38,109,-0.007099815374499638,0.35427481776692793
test,38,110,-0.007164709214679113,0.3543258511563291
test,38,111,-0.007230234317895354,0.35431247773723684
test,38,112,-0.007295065031771153,0.3543305584046943
test,38,113,-0.007360590134987394,0.3543365911551792
test,38,114,-0.00742548397516687,0.35431498727508776
test,38,115,-0.0074903778153463454,0.3542858204829185
test,38,116,-0.007555902918562586,0.35426444781192856
test,38,117,-0.007620796758742062,0.3542362122741242
test,38,118,-0.007686321861958303,0.3542521303666676
test,38,119,-0.007751152575834102,0.3542360705787276
test,38,120,-0.007816046416013578,0.35425933099140255
test,38,121,-0.00788157151922982,0.3542788009378436
test,38,122,-0.007947096622446059,0.3542935717945462
test,38,123,-0.00801192733632186,0.35429308614840654
test,38,124,-0.008076821176501334,0.3542573267727731
test,38,125,-0.008142346279717575,0.35423523076002494
test,38,126,-0.008207240119897052,0.3542050051306405
test,38,127,-0.008272765223113291,0.35422179405738996
test,38,128,-0.008338290326329533,0.35417614478247983
test,38,129,-0.008403184166509009,0.35421895319268776
test,38,130,-0.008468078006688485,0.35422120486086855
test,38,131,-0.008533603109904725,0.3542286893469165
test,38,132,-0.008598370697476848,0.35422442578164526
test,38,133,-0.008663958926996765,0.35421428313202197
test,38,134,-0.008729484030213007,0.3542202394479063
test,38,135,-0.008794377870392483,0.3541786207524248
test,38,136,-0.008859208584268282,0.3541498902083096
test,38,137,-0.008924102424447756,0.3541539121449044
test,38,138,-0.008989627527663998,0.3541672312272321
test,38,139,-0.009055152630880239,0.3541785170722708
test,38,140,-0.009120046471059715,0.35419210574516147
test,38,141,-0.00918494031123919,0.35420305449365197
test,38,142,-0.009250465414455431,0.35419017952537885
test,38,143,-0.009315990517671673,0.3541763952137416
test,38,144,-0.009380821231547471,0.3541546874014609
test,38,145,-0.009445715071726948,0.3541539255056552
test,38,146,-0.009511177048639512,0.3541182626131054
test,38,147,-0.009576765278159429,0.3541149579001305
test,38,148,-0.009641595992035228,0.3541116978462449
test,38,149,-0.009706489832214704,0.35410489633339665
test,38,150,-0.009772014935430945,0.35413357644997473
test,39,0,0.0,
test,39,1,-5.3263564281661045e-05,0.3432518597236982
test,39,2,-0.00010714888223197961,0.34290271132376393
test,39,3,-0.00016030882090219774,0.3424317617866005
test,39,4,-0.00021357238518385877,0.3443233182664185
test,39,5,-0.0002667323238540769,0.34745582286565896
test,39,6,-0.00031999588813573797,0.34830463341026097
test,39,7,-0.00037439933414327114,0.3482889733840304
test,39,8,-0.00042755927281348924,0.3489084132055378
test,39,9,-0.0004814445907638078,0.34974553201562314
test,39,10,-0.000535744411159898,0.34995737425404944
test,39,11,-0.0005890079754415591,0.3499660885573103
test,39,12,-0.0006426860421689918,0.3503597761392911
test,39,13,-0.0006965713601193103,0.3511030919379972
test,39,14,-0.0007503530524581861,0.3510508681084374
test,39,15,-0.0008046528728542763,0.35122644863135444
test,39,16,-0.0008579164371359373,0.351686441807759
test,39,17,-0.000911698129474813,0.352199284683441
test,39,18,-0.0009654798218136886,0.35198245718011023
test,39,19,-0.0010192615141525643,0.3519007243528553
test,39,20,-0.0010735613345486544,0.35232607767819035
test,39,21,-0.001127446652498973,0.35271101173840136
test,39,22,-0.0011817464728950634,0.3524276082844255
test,39,23,-0.0012354245396224962,0.3525754060324826
test,39,24,-0.0012893098575728146,0.3528417682113315
test,39,25,-0.0013430915499116902,0.3530717670665585
test,39,26,-0.0013968732422505658,0.35293151584825094
test,39,27,-0.0014517948163153137,0.35302257541612303
test,39,28,-0.0015054728830427465,0.3532888465204957
test,39,29,-0.001559358200993065,0.35348255043439847
test,39,30,-0.0016136580213891552,0.3533724862075102
test,39,31,-0.001667336088116588,0.3534153146636354
test,39,32,-0.0017212214060669064,0.35362231788300463
test,39,33,-0.0017755212264629967,0.35371970358864835
test,39,34,-0.0018294065444133152,0.3536765398749882
test,39,35,-0.0018837063648094055,0.3536950021358394
test,39,36,-0.0019380061852054958,0.35382242131181585
test,39,37,-0.001992306005601586,0.35383771613312937
test,39,38,-0.002045569569883247,0.353880315934452
test,39,39,-0.0020993512622221227,0.3538659582043768
test,39,40,-0.002153754708229656,0.3541082538919597
test,39,41,-0.002208054528625746,0.3542024907508728
test,39,42,-0.0022623543490218364,0.35413063383864074
test,39,43,-0.002316032415749269,0.35409420649905593
test,39,44,-0.0023704358617568024,0.35425366611634457
test,39,45,-0.002424217554095678,0.3543447293447293
test,39,46,-0.0024781028720459964,0.3542295721651879
test,39,47,-0.0025324026924420867,0.35426090514400016
test,39,48,-0.002586702512838177,0.3543827627654365
test,39,49,-0.0026410023332342674,0.35444832097688617
test,39,50,-0.0026942658975159283,0.35441198469856605
test,39,51,-0.0027485657179120186,0.35437442386658846
test,39,52,-0.002802865538308109,0.3544774585953232
test,39,53,-0.0028567508562584274,0.35453629032258066
test,39,54,-0.0029110506766545177,0.3544940040368861
test,39,55,-0.002965350497050608,0.3545240824574015
test,39,56,-0.0030192358150009264,0.3546158836774415
test,39,57,-0.0030735356353970168,0.35466151740687274
test,39,58,-0.003127835455793107,0.35454511956962304
test,39,59,-0.00318151352252054,0.35449457535636014
test,39,60,-0.003235916968528073,0.35459969721257456
test,39,61,-0.0032896986608669486,0.35470759311818917
test,39,62,-0.003343998481263039,0.3546618861289711
test,39,63,-0.003398298301659129,0.35464662572524003
test,39,64,-0.003452701747666662,0.35471427140042083
test,39,65,-0.0035064834400055376,0.3548010522854324
test,39,66,-0.0035602651323444136,0.35481102438708423
test,39,67,-0.0036145649527405035,0.3547203522317583
test,39,68,-0.0036689683987480366,0.354735783219641
test,39,69,-0.0037226464654754694,0.3548282164874996
test,39,70,-0.0037765317834257883,0.35481654527964823
test,39,71,-0.003830831603821878,0.35476538154666026
test,39,72,-0.0038851314242179685,0.35476017280028505
test,39,73,-0.003939016742168287,0.35483776502284176
test,39,74,-0.003993316562564377,0.3548936907788306
test,39,75,-0.0040476163829604676,0.3548341124159161
test,39,76,-0.004101916203356558,0.3548051363553255
test,39,77,-0.0041556978956954335,0.3548633379141854
test,39,78,-0.004210101341702967,0.35489441010812517
test,39,79,-0.004264401162099057,0.3548967607501421
test,39,80,-0.004317664726380718,0.3548542262366051
test,39,81,-0.004371964546776809,0.35487489442567566
test,39,82,-0.004426264367172899,0.354986312084474
test,39,83,-0.004480564187568988,0.35494880546075086
test,39,84,-0.004534864007965079,0.3549249172817511
test,39,85,-0.004589267453972612,0.3549141671382758
test,39,86,-0.004642531018254273,0.35499950278440734
test,39,87,-0.0046968308386503635,0.3549829825402091
test,39,88,-0.004751234284657896,0.354944120505345
test,39,89,-0.0048055341050539865,0.35491814108800884
test,39,90,-0.004859315797392862,0.35497089915666946
test,39,91,-0.0049136156177889525,0.3550190895741557
test,39,92,-0.004967397310127828,0.35500063909643387
test,39,93,-0.005021697130523918,0.35495625984297224
test,39,94,-0.005075996950920009,0.3549762871472926
test,39,95,-0.005130400396927542,0.35504490108257747
test,39,96,-0.005184182089266418,0.3550420402026839
test,39,97,-0.005238481909662508,0.35495034773120543
test,39,98,-0.0052927817300585985,0.35499143639477676
test,39,99,-0.0053466670480089165,0.35503936242589174
test,39,100,-0.005400966868405007,0.3550825350667123
test,39,101,-0.005455266688801097,0.3550258277584893
test,39,102,-0.005509048381139973,0.35497091347413656
test,39,103,-0.005563451827147506,0.3550031139713515
test,39,104,-0.005617751647543597,0.35506918601065035
test,39,105,-0.005671429714271029,0.3550489262694865
test,39,106,-0.005725315032221348,0.3550218869142477
test,39,107,-0.005779614852617438,0.35502243183021753
test,39,108,-0.0058339146730135285,0.3550568249316913
test,39,109,-0.005888214493409618,0.35509627551570916
test,39,110,-0.005942617939417152,0.35506351875431313
test,39,111,-0.005996399631756027,0.35502172049432185
test,39,112,-0.0060506994521521175,0.3550385672827249
test,39,113,-0.00610510289815965,0.35508898750106443
test,39,114,-0.006159299092944298,0.3550889105642257
test,39,115,-0.006213184410894616,0.35502705517023375
test,39,116,-0.0062674842312907065,0.35502811319015576
test,39,117,-0.006321265923629582,0.35509252912954076
test,39,118,-0.006375669369637116,0.3551222341023178
test,39,119,-0.006429969190033206,0.3551044979962981
test,39,120,-0.006484269010429296,0.35505658023701325
test,39,121,-0.006538050702768172,0.3550536380184861
test,39,122,-0.006592454148775705,0.3551214296356673
test,39,123,-0.006646132215503138,0.3551037084688005
test,39,124,-0.0067005356615106705,0.3550807119205298
test,39,125,-0.006754939107518204,0.3550404174329584
test,39,126,-0.006809135302302851,0.3550746775288527
test,39,127,-0.006862916994641727,0.3551198073652483
test,39,128,-0.006917216815037817,0.35511114452547426
test,39,129,-0.006971102132988136,0.3550675983720024
test,39,130,-0.007025401953384226,0.35505946995245696
test,39,131,-0.007079701773780317,0.35511096962721717
test,39,132,-0.007134001594176406,0.3551164900683711
test,39,133,-0.00718840504018394,0.3550892426435118
test,39,134,-0.007242808486191472,0.3550544224201219
test,39,135,-0.007295968424861691,0.35504950495049503
test,39,136,-0.0073503718708692245,0.3551283563313284
test,39,137,-0.007404671691265314,0.35513581017795814
test,39,138,-0.007458971511661404,0.3550994157484464
test,39,139,-0.0075132713320574945,0.35506354432716863
test,39,140,-0.007567571152453585,0.3550794378246257
test,39,141,-0.0076219745984611184,0.35512225458075475
test,39,142,-0.007675134537131336,0.3551246328789818
test,39,143,-0.00772953798313887,0.3550992327595232
test,39,144,-0.00778383780353496,0.35506939648450553
test,39,145,-0.007838241249542494,0.35508160210034145
test,39,146,-0.007892541069938584,0.35513074049659415
test,39,147,-0.007946840890334674,0.35515222056523477
test,39,148,-0.008001140710730765,0.35509649636196794
test,39,149,-0.008055440531126853,0.3550769363265775
test,39,150,-0.008109843977134388,0.35509627929193194
test,39,151,-0.008163003915804606,0.3551487252124646
test,39,152,-0.008217407361812139,0.355136241794888
test,39,153,-0.008271810807819671,0.35508694922836054
test,39,154,-0.008326110628215762,0.3550685388108829
test,39,155,-0.008379788694943194,0.35508686233113934
test,39,156,-0.008434192140950727,0.3551259640102828
test,39,157,-0.008488595586958261,0.35511841594409216
test,39,158,-0.008542895407354352,0.355082371096341
test,39,159,-0.008596573474081784,0.35505589260011566
test,39,160,-0.008650873294477874,0.3550780336196237
test,39,161,-0.008705276740485407,0.35511597629991765
test,39,162,-0.00875968018649294,0.355104896951453
test,39,163,-0.008813358253220374,0.35508739239974807
test,39,164,-0.00886827982728512,0.35507199123584954
test,39,165,-0.008922061519623997,0.35508960689632824
test,39,166,-0.00897646496563153,0.35510887772194305
test,39,167,-0.00903076478602762,0.35512151388043933
test,39,168,-0.009084442852755052,0.3550980654278785
test,39,169,-0.009138846298762587,0.35505366273477446
test,39,170,-0.009193146119158675,0.3550623435121227
test,39,171,-0.00924754956516621,0.3550977522608728
test,39,172,-0.0093018493855623,0.3551060760564081
test,39,173,-0.009355631077901175,0.35508957604381747
test,39,174,-0.009409930898297265,0.35504867974627524
test,39,175,-0.009464334344304798,0.3550671938691324
test,39,176,-0.009518012411032232,0.3550998085862729
test,39,177,-0.009572312231428322,0.3551057401812689
test,39,178,-0.009626715677435855,0.3550695466698711
test,39,179,-0.009681119123443388,0.3550397323295692
test,39,180,-0.00973479719017082,0.35504800836581424
test,39,181,-0.00978909701056691,0.3550819265290687
test,39,182,-0.009843500456574445,0.35508191711915005
test,40,0,0.0,
test,40,1,-8.572041300588341e-05,0.09795704557359874
test,40,2,-0.00017544933453362467,0.0005232862375719519
test,40,3,-0.0002691867645832238,-0.06157592624804314
test,40,4,-0.0003670097898570242,-0.10302556077203964
test,40,5,-0.00046722250290347065,-0.13002191380569758
test,40,6,-0.0005675123026522605,-0.14732453092425296
test,40,7,-0.0006684958827221411,-0.16108630952380953
test,40,8,-0.0007704045032201428,-0.16993166287015946
test,40,9,-0.0008706172162665892,-0.17680388529139685
test,40,10,-0.0009716007963364698,-0.18202621177449552
test,40,11,-0.0010727385498110374,-0.18664901664145234
test,40,12,-0.0011728741761551404,-0.19049269835767213
test,40,13,-0.0012739348429273644,-0.193848984162534
test,40,14,-0.001374918422997245,-0.19624953583364277
test,40,15,-0.0014760561764718125,-0.19840582221452088
test,40,16,-0.001576268889518259,-0.20079277405939308
test,40,17,-0.0016781004233139172,-0.2025440313111546
test,40,18,-0.0017791610900861413,-0.2040315360845583
test,40,19,-0.0018801446701560219,-0.2057174121187252
test,40,20,-0.001981205336928246,-0.207038153654226
test,40,21,-0.002081495136677036,-0.20831580249969064
test,40,22,-0.0021824787167469164,-0.2095116592246084
test,40,23,-0.0022834622968167973,-0.21051323193744492
test,40,24,-0.0023853709173147987,-0.21167298321602598
test,40,25,-0.0024863544973846795,-0.2124412657490956
test,40,26,-0.002587492250859247,-0.2130921447131721
test,40,27,-0.0026884758309291277,-0.21396530812621528
test,40,28,-0.0027895364977013515,-0.21471663789422882
test,40,29,-0.00289136803149701,-0.2154019857342557
test,40,30,-0.0029924286982692338,-0.21624103399286185
test,40,31,-0.003094260232064892,-0.21687009590235395
test,40,32,-0.003195243812134773,-0.21740754576017932
test,40,33,-0.0032971524326327745,-0.21808359845024727
test,40,34,-0.0033981360127026553,-0.21852786058243523
test,40,35,-0.0034992737661772226,-0.21910037274090793
test,40,36,-0.0036002573462471034,-0.21965059197227838
test,40,37,-0.003702936833768539,-0.2200589970501475
test,40,38,-0.00380392041383842,-0.2205626906295734
test,40,39,-0.0039058290343364213,-0.22098431440489358
test,40,40,-0.004006812614406302,-0.22133288288873584
test,40,41,-0.004107873281178526,-0.2217771072881936
test,40,42,-0.004210475681997619,-0.22218922463929516
test,40,43,-0.004311613435472186,-0.22248543595445866
test,40,44,-0.004413367882565501,-0.22306874557051737
test,40,45,-0.004515276503063503,-0.22334896398789586
test,40,46,-0.004617108036859161,-0.2236885218118341
test,40,47,-0.004718168703631385,-0.22408111813879428
test,40,48,-0.004820848191152821,-0.22416985156393793
test,40,49,-0.004921831771222702,-0.22450971033400155
test,40,50,-0.005024511258744137,-0.2248287617839956
test,40,51,-0.005125494838814018,-0.22512075325575234
test,40,52,-0.005228174326335454,-0.2255014641654257
test,40,53,-0.005329234993107678,-0.22586117294058813
test,40,54,-0.005430295659879902,-0.22611691786491117
test,40,55,-0.0055329751474013375,-0.22652241696981149
test,40,56,-0.005634806681196996,-0.22673868255470794
test,40,57,-0.005735790261266877,-0.22698178237321517
test,40,58,-0.005838469748788312,-0.22729390681003583
test,40,59,-0.005940301282583971,-0.22742248062015505
test,40,60,-0.006042209903081973,-0.22766488228262563
test,40,61,-0.006144812303901065,-0.22800425985090522
test,40,62,-0.0062458729706732895,-0.22824091537784483
test,40,63,-0.006348552458194725,-0.22851651116555713
test,40,64,-0.006450383991990384,-0.22871550023141946
test,40,65,-0.006551444658762607,-0.2289433078294518
test,40,66,-0.006625756239821664,-0.2291792978008047
test,40,67,-0.006699296953857288,-0.22937188774956177
test,40,68,-0.006773685621618689,-0.229607042963914
test,40,69,-0.0068480742893800885,-0.2298892127401583
test,40,70,-0.006921615003415712,-0.22999599103178964
test,40,71,-0.006995155717451335,-0.23023773275559198
test,40,72,-0.0070695443852127355,-0.23052993229685448
test,40,73,-0.007143085099248358,-0.23068325811182142
test,40,74,-0.007217473767009759,-0.2309620786516854
test,40,75,-0.007292633301794594,-0.2311753457306765
test,40,76,-0.007366174015830217,-0.23133098567472393
test,40,77,-0.007440562683591618,-0.2315842753500928
test,40,78,-0.0075141033976272404,-0.23177215189873418
test,40,79,-0.007588492065388641,-0.23192343112748323
test,40,80,-0.0076628036464476985,-0.23219830330115754
test,40,81,-0.007736421447185665,-0.23233509116337556
test,40,82,-0.007810733028244722,-0.23255386565272496
test,40,83,-0.007885121696006123,-0.2327654752289902
test,40,84,-0.007959510363767523,-0.23288196613818146
test,40,85,-0.008033051077803147,-0.233086154090684
test,40,86,-0.008107439745564547,-0.23333393755928966
test,40,87,-0.008181751326623604,-0.23345736452628246
test,40,88,-0.008256139994385004,-0.23365435145875282
test,40,89,-0.008330451575444061,-0.23379535024930231
test,40,90,-0.008404917329907806,-0.2339553359044826
test,40,91,-0.008479228910966863,-0.23420012790644557
test,40,92,-0.008551998757979053,-0.23432266809748384
test,40,93,-0.008627158292763887,-0.23453589527262975
test,40,94,-0.008700776093501852,-0.23471435283712447
test,40,95,-0.00877508767456091,-0.234801205511221
test,40,96,-0.008849399255619967,-0.2350480087465766
test,40,97,-0.008923787923381369,-0.23520368535233147
test,40,98,-0.008998176591142769,-0.2353296714949208
test,40,99,-0.009072488172201826,-0.23555529897080357
test,40,100,-0.00914695392666557,-0.23567249638889756
test,40,101,-0.009220494640701193,-0.23587696328344848
test,40,102,-0.00929480622176025,-0.236055218786613
test,40,103,-0.009369117802819307,-0.23616295728323816
test,40,104,-0.009443583557283051,-0.23634356171501084
test,40,105,-0.009517895138342109,-0.2365131676612927
test,40,106,-0.009591435852377731,-0.23666022919995686
test,40,107,-0.00966667247386491,-0.23686025055841506
test,40,108,-0.009740213187900533,-0.23701415850015153
test,40,109,-0.009814601855661933,-0.23714804593098912
test,40,110,-0.00988891343672099,-0.23737211521203133
test,40,111,-0.009963302104482392,-0.2374932130085563
test,40,112,-0.010038461639267226,-0.23762959526846805
test,40,113,-0.010112079440005193,-0.23778368337808511
test,40,114,-0.01018639102106425,-0.23791706354451034
test,40,115,-0.01026077968882565,-0.2381240653983944
test,40,116,-0.01033516835658705,-0.23824303987960874
test,40,117,-0.010408709070622675,-0.2383999502648839
test,40,118,-0.010483020651681732,-0.23861835153222966
test,40,119,-0.010558257273168909,-0.23872745053524963
test,40,120,-0.010631797987204532,-0.2389067120399354
test,40,121,-0.010706109568263589,-0.23906173518020765
test,40,122,-0.01078049823602499,-0.23919190542704324
test,41,0,0.0,
test,41,1,-9.033785847239449e-05,0.058823529411764705
test,41,2,-0.00018152876565557646,-0.04180820486020381
test,41,3,-0.0002745963800024909,-0.10787021056265102
test,41,4,-0.0003693700917709803,-0.14978087135859758
test,41,5,-0.00046337605969976097,-0.17911828177987874
test,41,6,-0.0005572114178863842,-0.20032503635274998
test,41,7,-0.0006520704345259523,-0.21647748077627244
test,41,8,-0.000745052744001788,-0.22951344430217668
test,41,9,-0.0008389734070594899,-0.23975677672330512
test,41,10,-0.0009328940701171919,-0.2491307015749642
test,41,11,-0.0010269000380459725,-0.2565376933438618
test,41,12,-0.0011198823475218082,-0.2628622494574237
test,41,13,-0.0012147413641613763,-0.26796512997722455
test,41,14,-0.0013085767223479994,-0.27277696793002915
test,41,15,-0.0014025826902767803,-0.27712973984016326
test,41,16,-0.0014964180484634034,-0.2807749912367356
test,41,17,-0.0015894856628103178,-0.2840994273035291
test,41,18,-0.0016834063258680198,-0.2868346545866365
test,41,19,-0.0017773269889257216,-0.2895188542616532
test,41,20,-0.0018712476519834236,-0.29186724739563435
test,41,21,-0.0019651683150411253,-0.2940505930004123
test,41,22,-0.002059942026809615,-0.2959200203651848
test,41,23,-0.0021530096411565293,-0.29747437855545966
test,41,24,-0.0022469303042142313,-0.29906462765393343
test,41,25,-0.002341789320853799,-0.30050684959390966
test,41,26,-0.0024356246790404224,-0.3020880217608266
test,41,27,-0.002529630646969203,-0.3035670542124404
test,41,28,-0.0026234660051558264,-0.30497265674678875
test,41,29,-0.002717471973084607,-0.3061177956291437
test,41,30,-0.002810454282560443,-0.30726844237974943
test,41,31,-0.0029053132992000108,-0.30818693305775635
test,41,32,-0.002999148657386634,-0.30922871579750216
test,41,33,-0.0030931546253154148,-0.3101349685689634
test,41,34,-0.003186989983502038,-0.31114865875175696
test,41,35,-0.0032809959514308188,-0.31206971677559914
test,41,36,-0.003374831309617442,-0.31290327135132084
test,41,37,-0.00346969032625701,-0.3135490783220241
test,41,38,-0.003563610989314712,-0.31438314944834506
test,41,39,-0.003657531652372414,-0.3151125820911081
test,41,40,-0.003751452315430116,-0.31582758489271695
test,41,41,-0.003845372978487818,-0.31645867671297384
test,41,42,-0.003940231995127386,-0.317090873899158
test,41,43,-0.004034152658185088,-0.3177183634408856
test,41,44,-0.00412807332124279,-0.31827050741788376
test,41,45,-0.004222847033011279,-0.3189375895971374
test,41,46,-0.004315914647358194,-0.3195962808365909
test,41,47,-0.004410688359126683,-0.3202247798130437
test,41,48,-0.004503755973473598,-0.3207453337283616
test,41,49,-0.004598529685242087,-0.32118278678330087
test,41,50,-0.004692450348299788,-0.3216494845360825
test,41,51,-0.0047873093649393565,-0.3221881472040784
test,41,52,-0.00488114472312598,-0.32269278467292273
test,41,53,-0.0049751506910547605,-0.3231137724550898
test,41,54,-0.005068986049241384,-0.32353936704338176
test,41,55,-0.0051629920171701645,-0.3239850082159408
test,41,56,-0.0052577657289386535,-0.3243640187847908
test,41,57,-0.005351686391996356,-0.3247593006581936
test,41,58,-0.005446545408635924,-0.3252575469798951
test,41,59,-0.005540380766822547,-0.32570145324075267
test,41,60,-0.005634386734751327,-0.3260008798944127
test,41,61,-0.0057282220929379506,-0.3263626529083798
test,41,62,-0.005823081109577519,-0.32683018682560216
test,41,63,-0.005917001772635221,-0.32722907485437597
test,41,64,-0.006010922435692923,-0.3275864803565481
test,41,65,-0.006105781452332491,-0.32791186138938555
test,41,66,-0.006199616810519114,-0.32826317651220377
test,41,67,-0.006293622778447895,-0.3285588765508779
test,41,68,-0.006388396490216384,-0.3289128033672647
test,41,69,-0.006482317153274087,-0.32929824819450776
test,41,70,-0.006576237816331788,-0.3296484233417905
test,41,71,-0.00667015847938949,-0.3299383907257315
test,41,72,-0.006765017496029058,-0.33019246897309945
test,41,73,-0.006858852854215681,-0.33048349876275473
test,41,74,-0.006952858822144462,-0.33083985272237343
test,41,75,-0.007047632533912952,-0.3311843378139777
test,41,76,-0.0071415531969706535,-0.3314975400369829
test,41,77,-0.007236412213610222,-0.3317629539823942
test,41,78,-0.007330247571796845,-0.33204547819752317
test,41,79,-0.007424253539725626,-0.3322908974153155
test,41,80,-0.007519027251494115,-0.3325956270292208
test,41,81,-0.007612947914551816,-0.332876146099504
test,41,82,-0.007706868577609519,-0.33311474598500407
test,41,83,-0.00780078924066722,-0.333427045262862
test,41,84,-0.007896501306017576,-0.33370169749451983
test,41,85,-0.007990421969075278,-0.3339956916871043
test,41,86,-0.00808434263213298,-0.33433209078469306
test,41,87,-0.008178263295190683,-0.3346062358620368
test,41,88,-0.008272183958248384,-0.33481648838067135
test,41,89,-0.008367042974887951,-0.33503718266518506
test,41,90,-0.008460963637945655,-0.3353300836831873
test,41,91,-0.008556590398424931,-0.33562388189463477
test,41,92,-0.008650596366353711,-0.335894778620568
test,41,93,-0.008744431724540334,-0.33606892602993704
test,41,94,-0.008839290741179904,-0.3363455386092783
test,41,95,-0.008933211404237605,-0.3365806527378906
test,41,96,-0.009027132067295307,-0.33683543300847796
test,41,97,-0.009121991083934874,-0.337118301155879
test,41,98,-0.009215826442121497,-0.33731585782956724
test,41,99,-0.009310685458761066,-0.3375349566179408
test,41,100,-0.009405544475400634,-0.3377531462645397
test,41,101,-0.009499379833587257,-0.33799543161223927
test,41,102,-0.009593385801516039,-0.33829428694990826
test,41,103,-0.009689097866866394,-0.338564382266941
test,41,104,-0.00978208017634223,-0.33875937247101723
test,41,105,-0.009876939192981798,-0.33893304489748616
test,41,106,-0.009971712904750287,-0.33915896611758406
test,41,107,-0.010065633567807989,-0.33941076691273325
test,41,108,-0.010160492584447556,-0.3396514253258793
test,41,109,-0.01025432794263418,-0.3398650251391841
test,41,110,-0.010349186959273749,-0.3400664555941139
test,41,111,-0.01044310762233145,-0.3403117450139523
test,41,112,-0.01053788133409994,-0.3405376290549624
test,42,0,0.0,
test,42,1,-6.030565690256229e-05,0.17481402763018067
test,42,2,-0.00012107520347360583,0.09334394059931053
test,42,3,-0.00018184475004464937,0.022241835834068843
test,42,4,-0.00024261429661569294,-0.0318446088794926
test,42,5,-0.0003034998156038568,-0.07089276281035393
test,42,6,-0.00036438533459202065,-0.10038677918424754
test,42,7,-0.0004244590466603423,-0.12481169026815306
test,42,8,-0.00048592442773410773,-0.1446060685842164
test,42,9,-0.0005472738363907528,-0.16160729952623268
test,42,10,-0.0006074635208761949,-0.1766964755391899
test,42,11,-0.0006689289019499602,-0.19012333875131465
test,42,12,-0.0007296984485210037,-0.20194497984930787
test,42,13,-0.0007904679950920473,-0.21318832376485808
test,42,14,-0.0008519333761658127,-0.22304372302495779
test,42,15,-0.0009127029227368563,-0.232186000910396
test,42,16,-0.0009734724693078998,-0.24042532243772768
test,42,17,-0.0010337781262104622,-0.24786113599159898
test,42,18,-0.0010945476727815056,-0.25497229512977543
test,42,19,-0.0011547373572669477,-0.26156736001767905
test,42,20,-0.0012156228762551114,-0.26753948680274964
test,42,21,-0.0012756965883234331,-0.272965748120019
test,42,22,-0.0013364661348944768,-0.27818043105092505
test,42,23,-0.001396771791797039,-0.2829779956675408
test,42,24,-0.0014575413383680826,-0.2877837743352197
test,42,25,-0.0015177310228535244,-0.2920608285264814
test,42,26,-0.0015779207073389665,-0.295906432748538
test,42,27,-0.0016386902539100101,-0.29972043177758795
test,42,28,-0.0016994598004810536,-0.30319537260627843
test,42,29,-0.001759765457383616,-0.3064816320630274
test,42,30,-0.0018199551418690578,-0.3098057709774331
test,42,31,-0.0018801448263544998,-0.3127809890815671
test,42,32,-0.0019402185384228216,-0.31580240040607144
test,42,33,-0.0020011040574109853,-0.3186392786843609
test,42,34,-0.002061873603982029,-0.3213108187224602
test,42,35,-0.002122063288467471,-0.3238757949869061
test,42,36,-0.0021816731108673113,-0.3263690857242624
test,42,37,-0.002242442657438355,-0.32857769663000863
test,42,38,-0.0023027483143409173,-0.3307380663653401
test,42,39,-0.0023635178609119605,-0.3327828573730213
test,42,40,-0.002424287407483004,-0.33490831511851626
test,42,41,-0.0024838972298828446,-0.33681938911022574
test,42,42,-0.0025446667764538883,-0.3386389131247663
test,42,43,-0.002605436323024932,-0.3404589445492726
test,42,44,-0.002665046145424772,-0.34220012134334216
test,42,45,-0.0027258156919958156,-0.343839408248238
test,42,46,-0.002786121348898378,-0.3453473952467092
test,42,47,-0.00284631103338382,-0.3469735435595938
test,42,48,-0.0029070805799548635,-0.3484650270364556
test,42,49,-0.0029672702644403053,-0.34991082965794895
test,42,50,-0.0030274599489257476,-0.35133013793247797
test,42,51,-0.0030882294954967912,-0.3526418385144147
test,42,52,-0.003148419179982233,-0.3539562120175474
test,42,53,-0.0032087248368847954,-0.3552179578298981
test,42,54,-0.0032694943834558387,-0.3564100328421542
test,42,55,-0.0033295680955241604,-0.3576000837003148
test,42,56,-0.0033898737524267228,-0.3587729213178765
test,42,57,-0.0034500634369121646,-0.35991373376772356
test,42,58,-0.0035108329834832083,-0.3609956260991117
test,42,59,-0.0035710226679686505,-0.36210274367270956
test,42,60,-0.0036312123524540924,-0.36311256777252837
test,42,61,-0.003691402036939534,-0.36413285777975923
test,42,62,-0.0037515917214249765,-0.3650572734787523
test,42,63,-0.0038117814059104183,-0.3660028721081772
test,42,64,-0.003872550952481462,-0.36690171341727473
test,42,65,-0.003932856609384024,-0.36786426824559143
test,42,66,-0.003992930321452346,-0.36872628168054444
test,42,67,-0.004053815840440509,-0.3696113625721867
test,42,68,-0.004114005524925951,-0.37040767681117076
test,42,69,-0.004174195209411394,-0.37126338362215944
test,42,70,-0.004234384893896836,-0.3720478616136116
test,42,71,-0.004295850274970601,-0.37288310311312695
test,42,72,-0.004355923987038923,-0.3736294854852529
test,42,73,-0.004415533809438763,-0.3743411629905471
test,42,74,-0.004476419328426927,-0.37508035518758964
test,42,75,-0.004536609012912369,-0.37577624600115694
test,42,76,-0.0045966827249806904,-0.3765010935802028
test,42,77,-0.004656292547380531,-0.37718762304318904
test,42,78,-0.004717178066368695,-0.3778153039958721
test,42,79,-0.004777367750854137,-0.37849746931754275
test,42,80,-0.00483813729742518,-0.379161657868604
test,42,81,-0.004898442954327743,-0.37982810463420613
test,42,82,-0.004959212500898786,-0.38044794574680996
test,42,83,-0.005019286212967108,-0.3810249403408912
test,42,84,-0.005078896035366948,-0.3816151309649723
test,42,85,-0.005139665581937992,-0.38218350169385235
test,42,86,-0.005199971238840554,-0.3827400556615583
test,42,87,-0.005260160923325996,-0.3833133109082172
test,42,88,-0.0053209304698970394,-0.38382332856303036
test,42,89,-0.005381120154382481,-0.38441349507380485
test,42,90,-0.005440729976782322,-0.3849530290186607
test,42,91,-0.005501499523353366,-0.38544047222573125
test,42,92,-0.005561689207838808,-0.3859692964769894
test,42,93,-0.0056218788923242495,-0.38646680749696616
test,42,94,-0.005682648438895293,-0.3869884715011506
test,42,95,-0.0057429540957978555,-0.38746810102076734
test,42,96,-0.005803143780283297,-0.3879594657842892
test,42,97,-0.005862637630266018,-0.38844871511750034
test,42,98,-0.005923523149254181,-0.38888474250986244
test,42,99,-0.005983712833739624,-0.3893688093340862
test,42,100,-0.006044482380310667,-0.38978774090075596
test,42,101,-0.006104672064796109,-0.3902334314369508
test,42,102,-0.006164861749281551,-0.39071022858225735
test,42,103,-0.0062251674061841135,-0.3912055586549678
test,42,104,-0.006285241118252435,-0.3916469938218896
test,42,105,-0.006346010664823478,-0.3920270243378241
test,42,106,-0.00640631632172604,-0.39243668905567025
test,42,107,-0.006467085868297084,-0.3928540045498482
test,42,108,-0.006526695690696925,-0.39328293600700337
test,42,109,-0.006586769402765247,-0.39368207172842107
test,42,110,-0.00664777089417053,-0.3941060269341083
test,42,111,-0.006707844606238852,-0.39447741036850203
test,42,112,-0.0067680342907242945,-0.39486729873291393
test,42,113,-0.006828223975209736,-0.39524844002773285
test,42,114,-0.0068889935217807795,-0.3956283101508238
test,42,115,-0.006949299178683342,-0.39600601323456613
test,42,116,-0.007009372890751663,-0.3963791574179547
test,42,117,-0.007070258409739827,-0.3967333565453393
test,42,118,-0.007129868232139668,-0.3970797169122366
test,42,119,-0.007190637778710711,-0.39738520212238376
test,42,120,-0.0072502476011105516,-0.3977369657933676
test,42,121,-0.007311017147681596,-0.3981164974794558
test,42,122,-0.0073712068321670375,-0.39846495640150853
test,42,123,-0.007431512489069599,-0.39880439351417446
test,42,124,-0.007491586201137921,-0.3991332985192797
test,42,125,-0.007552355747708965,-0.39948196269295844
test,42,126,-0.007612661404611527,-0.3998159860083055
test,42,127,-0.007672271227011368,-0.4001636459326996
test,42,128,-0.007733040773582411,-0.40050424076272534
test,42,129,-0.007793114485650733,-0.4008395435538518
test,42,130,-0.007854000004638897,-0.40113672879177376
test,42,131,-0.007913609827038736,-0.40147800923157867
test,42,132,-0.00797437937360978,-0.40176268611845123
test,42,133,-0.008035148920180825,-0.4020634746148652
test,42,134,-0.008094758742580664,-0.40237302004792797
test,42,135,-0.00815564426156883,-0.40269037830060606
test,42,136,-0.008215717973637151,-0.402969947327201
test,42,137,-0.008276023630539713,-0.4032676052043873
test,42,138,-0.008336097342608035,-0.4035601460378715
test,42,139,-0.008396982861596198,-0.4038364746801686
test,42,140,-0.008456592683996038,-0.40415066194294236
test,42,141,-0.008517362230567082,-0.4044322663062596
test,42,142,-0.008577551915052524,-0.4047310910775475
test,42,143,-0.008638321461623567,-0.40499877695714237
test,42,144,-0.008697931284023408,-0.40526567666337954
test,42,145,-0.008758700830594452,-0.4055533152831384
test,42,146,-0.008818310652994292,-0.4058513072830253
test,42,147,-0.008879080199565336,-0.4060969589783474
test,42,148,-0.008939385856467898,-0.4063852527539974
test,42,149,-0.00899945956853622,-0.4066646345522516
test,42,150,-0.009059765225438781,-0.4069431151791463
test,42,151,-0.009120534772009825,-0.4072267414324187
test,42,152,-0.009180144594409665,-0.40748207269829934
test,42,153,-0.009240914140980709,-0.40775592646677494
test,42,154,-0.009300523963380549,-0.408035632569633
test,42,155,-0.009361293509951593,-0.4082625812904768
test,42,156,-0.009421483194437036,-0.4085412372513853
test,42,157,-0.009481672878922476,-0.40880860712694583
test,42,158,-0.00954186256340792,-0.40905802248482787
test,42,159,-0.009602748082396083,-0.4093159301157515
test,42,160,-0.009662357904795924,-0.4095768454087841
test,42,161,-0.009723127451366966,-0.4098505749734964
test,42,162,-0.009783201163435288,-0.4101015894086678
test,42,163,-0.009844086682423453,-0.4103403225186684
test,43,0,0.0,
test,43,1,-6.243134732080204e-05,0.246684350132626
test,43,2,-0.0001261257565816203,0.22809346787041954
test,43,3,-0.00018915856196909673,0.21374180981051885
test,43,4,-0.0002529131170365824,0.20489296636085627
test,43,5,-0.00031654738049073324,0.19891500904159132
test,43,6,-0.0003797004774915445,0.19622273452739847
test,43,7,-0.00044333474094569535,0.19533505546269564
test,43,8,-0.0005064276921398392,0.19440010641127958
test,43,9,-0.0005701221014006575,0.1928828988591358
test,43,10,-0.0006338766564681432,0.1921562366964666
test,43,11,-0.0006969094618556196,0.19129172714078374
test,43,12,-0.000759942267243096,0.1908921603405463
test,43,13,-0.0008236968223105818,0.1905132192846034
test,43,14,-0.0008873310857647325,0.18990421164664742
test,43,15,-0.0009504240369588764,0.18905878596516124
test,43,16,-0.0010141184462196947,0.18873070782331028
test,43,17,-0.001077812855480513,0.18851740545955423
test,43,18,-0.0011409058066746568,0.18821511988883305
test,43,19,-0.0012039386120621333,0.1878309101605177
test,43,20,-0.001267693167129619,0.18737026983873542
test,43,21,-0.0013313274305837698,0.18707551951343132
test,43,22,-0.0013944203817779137,0.18681956742633182
test,43,23,-0.0014581147910387319,0.1866583368041094
test,43,24,-0.0015218693461062176,0.1864993125471238
test,43,25,-0.0015849021514936941,0.18636634590820064
test,43,26,-0.0016479349568811704,0.1860108081552444
test,43,27,-0.0017116895119486562,0.1857641284421754
test,43,28,-0.001775323775402807,0.185713199513382
test,43,29,-0.0018384167265969508,0.18565896452364783
test,43,30,-0.0019021111358577692,0.18541777541245344
test,43,31,-0.0019658055451185876,0.18512859252137487
test,43,32,-0.0020288984963127313,0.18487227248536456
test,43,33,-0.002091931301700208,0.1848238045318926
test,43,34,-0.0021556858567676933,0.184759638714525
test,43,35,-0.002219320120221844,0.18467831455377645
test,43,36,-0.002282413071415988,0.1844147780192487
test,43,37,-0.002345506022610132,0.18423475258918298
test,43,38,-0.0024092004318709503,0.18420684052774589
test,43,39,-0.0024728948411317686,0.18418646542665704
test,43,40,-0.0025353261884525705,0.1840438554473362
test,43,41,-0.002599020597713389,0.18397653075794748
test,43,42,-0.002662715006974207,0.1838157027725683
test,43,43,-0.0027257478123616833,0.1836118331476668
test,43,44,-0.0027895023674291692,0.18358633202298155
test,43,45,-0.00285313663088332,0.18357716461864157
test,43,46,-0.0029162897278841313,0.1835157461184256
test,43,47,-0.002979923991338282,0.18337466453782655
test,43,48,-0.0030436785464057676,0.18317089667254322
test,43,49,-0.003106711351793244,0.18310379284876396
test,43,50,-0.0031704057610540625,0.18305586306735927
test,43,51,-0.003233498712248206,0.18304009350280717
test,43,52,-0.0032965315176356827,0.18297663278779133
test,43,53,-0.003359564323023159,0.1829282988551918
test,43,54,-0.0034233188780906447,0.18274917205488092
test,43,55,-0.0034869531415447955,0.1826248512235952
test,43,56,-0.0035501062385456072,0.18265282846715328
test,43,57,-0.003613740501999758,0.18261949447696949
test,43,58,-0.00367617184932056,0.18250807517251505
test,43,59,-0.0037399264043880454,0.1823987876163672
test,43,60,-0.0038042824175222056,0.182370578008019
test,43,61,-0.003867315222909682,0.18220682795745832
test,43,62,-0.003930348028297158,0.1822224129790978
test,43,63,-0.003993440979491302,0.1822659266205405
test,43,64,-0.004057135388752121,0.18222188957912333
test,43,65,-0.004120829798012939,0.182137534596551
test,43,66,-0.004184524207273757,0.1819948552121217
test,43,67,-0.004247557012661234,0.18193589387139056
test,43,68,-0.004311311567728719,0.1818914709266376
test,43,69,-0.0043743443731161956,0.18188619867794859
test,43,70,-0.00443743732431034,0.1818679480551078
test,43,71,-0.004501131733571158,0.1817779743476338
test,43,72,-0.0045641645389586346,0.18169050522970026
test,43,73,-0.00462791909402612,0.18164652017322583
test,43,74,-0.004690951899413596,0.18161483356828448
test,43,75,-0.0047546463086744145,0.18159173970123835
test,43,76,-0.004817739259868559,0.1816119160498323
test,43,77,-0.004881433669129377,0.18153542028103983
test,43,78,-0.004945128078390195,0.18143111553866414
test,43,79,-0.005008160883777672,0.18137353975504264
test,43,80,-0.005071915438845157,0.18135490609594646
test,43,81,-0.0051349482442326335,0.1812996911755043
test,43,82,-0.005198041195426778,0.18130602124994322
test,43,83,-0.005261735604687596,0.18124222487271235
test,43,84,-0.0053247684100750725,0.181175948805677
test,43,85,-0.005388522965142558,0.18114195192506372
test,43,86,-0.005452157228596708,0.18110143636014828
test,43,87,-0.005514588575917511,0.18110298840730432
test,43,88,-0.005578343130984997,0.18106602638152205
test,43,89,-0.005641977394439147,0.18101468688704972
test,43,90,-0.005705130491439958,0.18095964613492288
test,43,91,-0.005768764754894109,0.1808749561352205
test,43,92,-0.005832519309961595,0.18088048131435844
test,43,93,-0.0058955521153490715,0.1808114913585899
test,43,94,-0.005957983462669874,0.1808087785654429
test,43,95,-0.006021677871930692,0.18079140358445428
test,43,96,-0.00608537228119151,0.18074466669623454
test,43,97,-0.006148405086578986,0.18065843621399177
test,43,98,-0.006212159641646472,0.18062336731313372
test,43,99,-0.0062758540509072905,0.1806261189335656
test,43,100,-0.006338285398228093,0.18058726787909754
test,43,101,-0.006402581265555585,0.18056689975707307
test,43,102,-0.006465674216749729,0.18054214824284484
test,43,103,-0.006528767167943873,0.1804859395830965
test,43,104,-0.006592461577204691,0.18043877650237708
test,43,105,-0.0066561559864655095,0.1804058129691864
test,43,106,-0.006719188791852986,0.18037898415376272
test,43,107,-0.006782281743047129,0.18035942559551937
test,43,108,-0.006845976152307948,0.18036349658482737
test,43,109,-0.006909008957695424,0.1803076171875
test,43,110,-0.00697276351276291,0.18027163157971135
test,43,111,-0.007035796318150387,0.18020100116994955
test,43,112,-0.007099550873217873,0.18018086516848594
test,43,113,-0.007163185136672023,0.18018679967783413
test,43,114,-0.007226278087866167,0.1801803063620787
test,43,115,-0.007289371039060311,0.1801377344169428
test,43,116,-0.0073530053025144615,0.18010304974008157
test,43,117,-0.007416098253708606,0.18005067621356793
test,43,118,-0.007479792662969424,0.1799914300534494
test,43,119,-0.007543487072230242,0.17995151797055298
test,43,120,-0.007606580023424386,0.17994367196682412
test,43,121,-0.007670274432685204,0.17994598541430243
test,43,122,-0.007732705780006006,0.17993630573248406
test,43,123,-0.007796400189266825,0.17988472422954763
test,43,124,-0.007860094598527642,0.17982153051107172
test,43,125,-0.007923187549721787,0.17978250502435536
test,43,126,-0.007986881958982605,0.17977604028064662
test,43,127,-0.008049914764370081,0.17977796497227705
test,43,128,-0.008113007715564224,0.1797628997584089
test,43,129,-0.008176040520951701,0.17978265174769778
test,43,130,-0.008239795076019187,0.17971340839303993
test,43,131,-0.008303429339473338,0.1796652175679519
test,43,132,-0.00836658243647415,0.17962210286930855
test,43,133,-0.0084302166999283,0.17959717792442184
test,43,134,-0.008493309651122443,0.17957405230211942
test,43,135,-0.008557004060383263,0.17956774742950862
test,43,136,-0.00862003686577074,0.1795358484658735
test,43,137,-0.008683791420838225,0.17951118691214807
test,43,138,-0.008746824226225702,0.1794893551373033
test,43,139,-0.008810518635486519,0.17945075394971627
test,43,140,-0.008873611586680662,0.1793974969205736
test,43,141,-0.008937245850134813,0.17939851951395364
test,43,142,-0.009000398947135625,0.1793948207813431
test,43,143,-0.009064033210589776,0.1793796245291727
test,43,144,-0.009127787765657262,0.17936767249663654
test,43,145,-0.009190219112978064,0.17932444535803957
test,43,146,-0.009253853376432215,0.17927396541164806
test,43,147,-0.0093176079314997,0.17924255041819037
test,43,148,-0.009380640736887177,0.17924161889623327
test,43,149,-0.009444335146147995,0.17922256990583965
test,43,150,-0.00950742809734214,0.17921341536976715
test,43,151,-0.009571122506602957,0.17918160316671425
test,43,152,-0.0096342154577971,0.17914958137385015
test,43,153,-0.009697248263184577,0.17911958699766226
test,43,154,-0.009761002818252063,0.17907084447946692
test,43,155,-0.00982403562363954,0.17903708205851954
test,43,156,-0.009887730032900357,0.17904835991183715
test,43,157,-0.009951424442161176,0.17903333525441312
test,44,0,0.0,
test,44,1,-6.821602225936278e-05,0.15943544171458443
test,44,2,-0.00013636701494555172,0.09916274201988488
test,44,3,-0.0002038677119000022,0.05357766143106457
test,44,4,-0.00027279905946427725,0.025503531258174207
test,44,5,-0.00034029975641872775,0.006900156821745948
test,44,6,-0.0004084507491049167,-0.006789102619897293
test,44,7,-0.00047530115032762873,-0.01677477074479982
test,44,8,-0.0005421515515503408,-0.025686159462807223
test,44,9,-0.0006096522485047913,-0.03272895788680994
test,44,10,-0.0006757222948494171,-0.03815679733110926
test,44,11,-0.0007425726960721292,-0.04325784137212167
test,44,12,-0.0008094230972948413,-0.0474950073803942
test,44,13,-0.0008755581732126411,-0.05075918432755098
test,44,14,-0.0009424085744353531,-0.05359666741054824
test,44,15,-0.0010085436503531528,-0.056151310081554745
test,44,16,-0.0010746787262709526,-0.05833550234252993
test,44,17,-0.0011408138021887523,-0.06041213754248446
test,44,18,-0.001206948878106552,-0.06221631154413253
test,44,19,-0.0012730839540243519,-0.06416541147473641
test,44,20,-0.0013399343552470638,-0.06583773378768566
test,44,21,-0.0014060044015916898,-0.06710927242549608
test,44,22,-0.0014722045070826634,-0.0681941784303989
test,44,23,-0.0015384046125736372,-0.0694466429976708
test,44,24,-0.0016044746589182629,-0.07058339112343967
test,44,25,-0.0016706747644092365,-0.07172425269902025
test,44,26,-0.0017367448107538624,-0.07264871784614153
test,44,27,-0.001802944916244836,-0.07337788648575776
test,44,28,-0.0018683646668577235,-0.07413184772516249
test,44,29,-0.001934564772348697,-0.07486688538697359
test,44,30,-0.002000634818693323,-0.07551780916890545
test,44,31,-0.002066834924184297,-0.07622641509433963
test,44,32,-0.0021329049705289226,-0.07705554562734554
test,44,33,-0.0021991050760198964,-0.0776937618147448
test,44,34,-0.002265240151937696,-0.07821912362780173
test,44,35,-0.002331375227855496,-0.07873828652895139
test,44,36,-0.0023975753333464692,-0.07921106586964682
test,44,37,-0.0024629950839593568,-0.07978028461851847
test,44,38,-0.0025291301598771567,-0.08029217048749795
test,44,39,-0.0025952652357949563,-0.08076446363600016
test,44,40,-0.00266146534128593,-0.08115693459109691
test,44,41,-0.002726885091898817,-0.08153227953200066
test,44,42,-0.002793020167816617,-0.08193719220965627
test,44,43,-0.0028585049480026785,-0.08239161701253339
test,44,44,-0.0029245749943473042,-0.08272603791413216
test,44,45,-0.002990775099838278,-0.08318032218950286
test,44,46,-0.0030569101757560776,-0.08356398061433139
test,44,47,-0.003122394955942139,-0.08393131585639574
test,44,48,-0.003188465002286765,-0.08418591055247004
test,44,49,-0.0032546651077777385,-0.08449628844114528
test,44,50,-0.0033208001836955384,-0.08481252078483538
test,44,51,-0.0033862849638816,-0.0851052990860834
test,44,52,-0.003451704714494487,-0.08539936644982063
test,44,53,-0.0035179048199854607,-0.08568879476847359
test,44,54,-0.0035833245705983482,-0.08595869979407633
test,44,55,-0.0036487443212112358,-0.08619500628229715
test,44,56,-0.0037155947224339477,-0.08648493171021378
test,44,57,-0.0037817297983517473,-0.08678966655120235
test,44,58,-0.0038478648742695473,-0.08706128957127757
test,44,59,-0.003913349654455609,-0.08723679691421626
test,44,60,-0.003979484730373409,-0.08748246540706232
test,44,61,-0.004045619806291208,-0.08772676944042244
test,44,62,-0.0041111045864772695,-0.08802728384923494
test,44,63,-0.00417658936666333,-0.08828525720317319
test,44,64,-0.00424272444258113,-0.08853422522405507
test,44,65,-0.00430885951849893,-0.08869440115094114
test,44,66,-0.00437499459441673,-0.08887611970844288
test,44,67,-0.004440414345029617,-0.08909394021633776
test,44,68,-0.004506614450520591,-0.08935406241644066
test,44,69,-0.004572034201133479,-0.0895524635586074
test,44,70,-0.004638169277051278,-0.08978240864428415
test,44,71,-0.004704304352969078,-0.09000914578379367
test,44,72,-0.004770504458460051,-0.09017381077785554
test,44,73,-0.004836574504804678,-0.09033396668161084
test,44,74,-0.004902124314563913,-0.09051215814005728
test,44,75,-0.0049675440651768005,-0.09075608134315953
test,44,76,-0.005033744170667774,-0.09096687764001476
test,44,77,-0.0050998142170124,-0.09116851400854073
test,44,78,-0.005164583671893549,-0.09131170249607075
test,44,79,-0.005230783777384522,-0.09148113567323751
test,44,80,-0.005296853823729148,-0.09162981864931725
test,44,81,-0.0053637042249518605,-0.09187043485510174
test,44,82,-0.005429904330442834,-0.09202341285426512
test,44,83,-0.005494673785323983,-0.0921954302808043
test,44,84,-0.005560743831668609,-0.09231330501295441
test,44,85,-0.005626293641427844,-0.09243902886160728
test,44,86,-0.00569236368777247,-0.09263263432547351
test,44,87,-0.005758563793263443,-0.0928510872031237
test,44,88,-0.005823983543876331,-0.09304741498887374
test,44,89,-0.005890183649367305,-0.09317933783491979
test,44,90,-0.005956253695711931,-0.093277315773983
test,44,91,-0.006021738475897992,-0.09341468426099264
test,44,92,-0.006087873551815792,-0.09358346129527595
test,44,93,-0.006153293302428679,-0.0937602966553671
test,44,94,-0.0062194934079196525,-0.09395858197409716
test,44,95,-0.0062856284838374524,-0.09406998802735667
test,44,96,-0.006351113264023513,-0.09422693017241845
test,44,97,-0.00641718331036814,-0.09438548772260476
test,44,98,-0.006482733120127375,-0.09455191054109915
test,44,99,-0.006548803166472001,-0.09472723362063991
test,44,100,-0.006614287946658062,-0.09489259597806216
test,44,101,-0.006680423022575862,-0.09499935724386167
test,44,102,-0.006746623128066835,-0.09508558975977842
test,44,103,-0.006812693174411461,-0.09522609011334758
test,44,104,-0.006878177954597523,-0.09537339891638161
test,44,105,-0.006944313030515323,-0.0954981155592486
test,44,106,-0.007010448106433122,-0.09564007466598728
test,44,107,-0.0070759328866191835,-0.09575464601018263
test,44,108,-0.0071420679625369835,-0.09591998653619599
test,44,109,-0.007207552742723044,-0.09606506296185126
test,44,110,-0.007272972493335932,-0.09623828003285839
test,44,111,-0.007339172598826905,-0.09637742522562143
test,44,112,-0.007405307674744705,-0.09651363895599274
test,44,113,-0.007470727425357593,-0.09661527149061329
test,44,114,-0.007536862501275393,-0.09672658363929558
test,44,115,-0.007602347281461454,-0.0968697505554251
test,44,116,-0.007668482357379254,-0.09703600574802691
test,44,117,-0.007733902107992141,-0.09717851642425668
test,44,118,-0.007799451917751376,-0.09730455255572425
test,44,119,-0.007865586993669176,-0.09736907561998438
test,44,120,-0.007931722069586975,-0.09752213461654968
test,44,121,-0.007997857145504775,-0.09765256201184448
test,44,122,-0.008063992221422575,-0.09775520975211115
test,44,123,-0.008129411972035462,-0.0978887242423091
test,44,124,-0.008194896752221525,-0.09796687535333655
test,44,125,-0.008261031828139323,-0.09810779935611175
test,44,126,-0.008327166904057123,-0.0982654671782213
test,44,127,-0.008392651684243186,-0.0984132046234172
test,44,128,-0.008458786760160984,-0.09854526867500182
test,44,129,-0.008524271540347047,-0.0986366765014873
test,44,130,-0.008591121941569758,-0.09875103348284718
test,44,131,-0.008655891396450907,-0.0988973094668083
test,44,132,-0.008721311147063794,-0.099028011061242
test,44,133,-0.008787446222981594,-0.09915984102568107
test,44,134,-0.008853581298899394,-0.09924634311731086
test,44,135,-0.008919781404390368,-0.09937307692307693
test,44,136,-0.008984550859271516,-0.09948153691090682
test,44,137,-0.009050620905616143,-0.0996175987932949
test,44,138,-0.009116821011107116,-0.09974942246769958
test,44,139,-0.00918302111659809,-0.09985581735869355
test,44,140,-0.009248440867210977,-0.09994066162290462
test,44,141,-0.009314575943128777,-0.10005486594665852
test,44,142,-0.009380711019046577,-0.10020109689213894
test,44,143,-0.009446130769659463,-0.10033112101892327
test,44,144,-0.009511615549845526,-0.1004402395537752
test,44,145,-0.009577100330031587,-0.10055141793182469
test,45,0,0.0,
test,45,1,-8.29687795363714e-05,0.3317358892438765
test,45,2,-0.00016498844052704553,0.33608521970705724
test,45,3,-0.00024716628794200254,0.33587786259541985
test,45,4,-0.0003300559742662325,0.33789893617021277
test,45,5,-0.0004130247538026039,0.33822434875066454
test,45,6,-0.0004951235080054195,0.33923983343669706
test,45,7,-0.0005780131943296494,0.3395352369380316
test,45,8,-0.0006610610670781623,0.3398857750033205
test,45,9,-0.0007430807280688364,0.3402974504249292
test,45,10,-0.0008260495076052078,0.3399713238808348
test,45,11,-0.000907357329686609,0.3406227371469949
test,45,12,-0.0009910379481322534,0.34014688965578266
test,45,13,-0.001073136702335069,0.3406027934329821
test,45,14,-0.0011553145497500258,0.3408435745713852
test,45,15,-0.0012373342107407,0.34090828643233867
test,45,16,-0.0013203820834892129,0.34099807551927797
test,45,17,-0.001402401744479887,0.3410787345013898
test,45,18,-0.001484579591894844,0.3412864600230041
test,45,19,-0.001567469278219074,0.34112946041858777
test,45,20,-0.0016495680324218895,0.3415171461938635
test,45,21,-0.0017325368119582608,0.34131237045649865
test,45,22,-0.0018146355661610766,0.3415046084061188
test,45,23,-0.001896734320363892,0.3415720483707191
test,45,24,-0.0019797030999002636,0.34145694192578174
test,45,25,-0.002061801854103079,0.3415923566878981
test,45,26,-0.0021439006083058946,0.3414997652150834
test,45,27,-0.0022259993625087103,0.34179280518969923
test,45,28,-0.0023080981167115256,0.3416423399173522
test,45,29,-0.0023909878030357557,0.3416727672035139
test,45,30,-0.002473086557238571,0.34168347309202846
test,45,31,-0.0025551853114413868,0.34170518746789935
test,45,32,-0.0026373631588563437,0.3418970693115287
test,45,33,-0.0027193828198470178,0.3417823310870579
test,45,34,-0.002801560667261975,0.3418924825174825
test,45,35,-0.0028836594214647904,0.34175410929823496
test,45,36,-0.0029666282010011617,0.3419031473428171
test,45,37,-0.0030487269552039774,0.341800292590574
test,45,38,-0.003130825709406793,0.3419494484010613
test,45,39,-0.003212133531488194,0.3418606866333737
test,45,40,-0.003295023217812424,0.34198795340568366
test,45,41,-0.00337712197201524,0.3418801206300721
test,45,42,-0.003459220726218055,0.34191176470588236
test,45,43,-0.0035421895057544265,0.34200881122505644
test,45,44,-0.0036242091667451006,0.34193579508453725
test,45,45,-0.003706387014160058,0.34207081962573843
test,45,46,-0.003788406675150732,0.3419580338912665
test,45,47,-0.003870584522565689,0.34199950328509177
test,45,48,-0.003952762369980646,0.3419446839556941
test,45,49,-0.00403478203097132,0.3420072336646958
test,45,50,-0.004117750810507691,0.342010590994471
test,45,51,-0.004198188607255537,0.3420932168123179
test,45,52,-0.004281157386791908,0.34200940729932966
test,45,53,-0.004363256140994724,0.3420196418024007
test,45,54,-0.00444535489519754,0.34205199756322835
test,45,55,-0.0045274536494003545,0.3420638825379369
test,45,56,-0.00460955240360317,0.34208731241473395
test,45,57,-0.004691651157805986,0.3420143898284576
test,45,58,-0.004772958979887387,0.3420510990971212
test,45,59,-0.004855057734090203,0.34205273001942305
test,45,60,-0.004937947420414432,0.3421371413413502
test,45,61,-0.0050192552424958336,0.34208283323766286
test,45,62,-0.005101353996698649,0.34212980789800196
test,45,63,-0.005183452750901465,0.34208288069794274
test,45,64,-0.005265551505104281,0.3421698332172817
test,45,65,-0.005347650259307096,0.34213168139859457
test,45,66,-0.005429749013509911,0.34215666572886944
test,45,67,-0.005511847767712727,0.3420727554915034
test,45,68,-0.005593155589794128,0.34217794282861064
test,45,69,-0.005675254343996944,0.3421238774757043
test,45,70,-0.005756562166078345,0.3421523304281925
test,45,71,-0.005839451852402575,0.3421675944259723
test,45,72,-0.00592155060660539,0.3421601349808065
test,45,73,-0.006003649360808206,0.34213566835010717
test,45,74,-0.006084957182889607,0.3421843076812789
test,45,75,-0.006167055937092423,0.3422124770123073
test,45,76,-0.006249154691295239,0.34219802463965376
test,45,77,-0.00633212347083161,0.34215584290329915
test,45,78,-0.006413352199700869,0.3421403408549938
test,45,79,-0.006495450953903685,0.3422010340428389
test,45,80,-0.006577549708106501,0.3421898933101697
test,45,81,-0.006658857530187902,0.3422531337184172
test,45,82,-0.006740956284390717,0.3421673965496051
test,45,83,-0.006822264106472118,0.3422125647088899
test,45,84,-0.006905153792796348,0.3421172280528928
test,45,85,-0.00698646161487775,0.3422157874701231
test,45,86,-0.007068560369080565,0.3421781420967254
test,45,87,-0.007150659123283381,0.3422331428989519
test,45,88,-0.007232757877486196,0.34217981483267434
test,45,89,-0.007314065699567597,0.3422475191465268
test,45,90,-0.007396164453770413,0.34219149663472304
test,45,91,-0.007478263207973229,0.3422396306917535
test,45,92,-0.007560361962176044,0.34216200634188526
test,45,93,-0.007639138801468919,0.3422400419765479
test,45,94,-0.007716333776518965,0.34221499952036744
test,45,95,-0.007795110615811841,0.3422495421858949
test,45,96,-0.007872226497649746,0.3422343775899221
test,45,97,-0.007950212404821206,0.34225520001749743
test,45,98,-0.008028119218780525,0.3421801768647104
test,45,99,-0.008105314193830572,0.3422391993828219
test,45,100,-0.008183221007789891,0.34220687606742406
test,45,101,-0.00826112782174921,0.3422046243442369
test,45,102,-0.008338322796799255,0.34219393485585925
test,45,103,-0.008416308703970716,0.34223819650774195
test,45,104,-0.008495085543263592,0.34220524563076593
test,45,105,-0.008573071450435052,0.3422096059722903
test,45,106,-0.008650108239060816,0.3421907130098914
test,45,107,-0.008728094146232277,0.34219226289311294
test,45,108,-0.00880521002807018,0.3421906843126182
test,45,109,-0.008883195935241641,0.34222101124907556
test,45,110,-0.008961181842413101,0.3422320150041705
test,45,111,-0.00903908865637242,0.342205722858467
test,45,112,-0.009117865495665296,0.3422243898743288
test,45,113,-0.009194269538593928,0.3422097487257948
test,45,114,-0.009272097259341106,0.3422204647484357
test,45,115,-0.009350083166512566,0.34221533551924666
test,45,116,-0.009428069073684027,0.342225574909706
test,45,117,-0.009506054980855489,0.3421948444589492
test,45,118,-0.009584040888026949,0.3422289736007119
test,45,119,-0.009661077676652712,0.34220623821811036
test,45,120,-0.009739063583824172,0.34223353528925654
test,46,0,0.0,
test,46,1,-7.32758750864091e-05,0.10222457627118645
test,46,2,-0.0001432138035853679,0.0010604453870625664
test,46,3,-0.00020822428712190006,-0.06431608788093551
test,46,4,-0.0002732347706584322,-0.10571923743500866
test,46,5,-0.00033578153171375105,-0.13306279367791543
test,46,6,-0.0003983282927690699,-0.15250311776233744
test,46,7,-0.0004607955789056399,-0.1669468215158924
test,46,8,-0.0005240576142296981,-0.177623219420852
test,46,9,-0.0005857301511787799,-0.18676741833759744
test,46,10,-0.0006491511363403358,-0.19479267116682739
test,46,11,-0.0007116184224769058,-0.2023571811230702
test,46,12,-0.0007732909594259876,-0.20837799214005
test,46,13,-0.0008357582455625576,-0.21341966347740018
test,46,14,-0.0008974307825116395,-0.21828422544925094
test,46,15,-0.0009599775435669584,-0.22255203490451328
test,46,16,-0.0010207758564098031,-0.2266308904913634
test,46,17,-0.001083322617465122,-0.22982445061884313
test,46,18,-0.0011449156794954552,-0.23293268513823853
test,46,19,-0.001207382965632025,-0.23571630404068947
test,46,20,-0.001269929726687344,-0.23853506605090752
test,46,21,-0.0013307280395301888,-0.24085630978566677
test,46,22,-0.0013932748005855077,-0.24282819404770625
test,46,23,-0.0014558215616408264,-0.24495468560216763
test,46,24,-0.0015166198744836713,-0.24681546486377579
test,46,25,-0.0015791666355389903,-0.24873194635488308
test,46,26,-0.00164163392167556,-0.25026868386243384
test,46,27,-0.001703306458624642,-0.2518163179999602
test,46,28,-0.0017657737447612121,-0.25326295585412667
test,46,29,-0.001827446281710294,-0.254740588333426
test,46,30,-0.0018899930427656126,-0.2559177164155034
test,46,31,-0.0019525398038209316,-0.257132451135122
test,46,32,-0.0020141328658512645,-0.25837995866727154
test,46,33,-0.0020766796269065836,-0.2596750802522446
test,46,34,-0.0021399416622306417,-0.2605690606860993
test,46,35,-0.0022016141991797237,-0.2616318377381684
test,46,36,-0.0022632867361288053,-0.2625375341729037
test,46,37,-0.002326707721290361,-0.2636199779056922
test,46,38,-0.002387506034133206,-0.264449005591337
test,46,39,-0.0024499733202697762,-0.2651338565300746
test,46,40,-0.002513314830512583,-0.2659664600115655
test,46,41,-0.0025749873674616648,-0.26678913528408343
test,46,42,-0.002637454653598235,-0.2674847568786186
test,46,43,-0.0026991271905473166,-0.26832991341774687
test,46,44,-0.0027616739516026357,-0.2691000244558572
test,46,45,-0.0028233464885517173,-0.26980653801085686
test,46,46,-0.0028858137746882876,-0.2705067614992279
test,46,47,-0.0029483605357436063,-0.27098908899396634
test,46,48,-0.003010827821880176,-0.27161531907260417
test,46,49,-0.0030732951080167463,-0.27224803136634707
test,46,50,-0.0031349676449658284,-0.2728358787252591
test,46,51,-0.003197514406021147,-0.2733930625468283
test,46,52,-0.0032591869429702287,-0.2738611545269172
test,46,53,-0.003322528453213036,-0.27423302292045376
test,46,54,-0.0033834062409746294,-0.2748641778398046
test,46,55,-0.003446668276298688,-0.27543210601522894
test,46,56,-0.0035083408132477695,-0.2758136762981333
test,46,57,-0.0035708080993843397,-0.2762860893627872
test,46,58,-0.0036333548604396584,-0.27670317430852054
test,46,59,-0.003695901621494977,-0.2772166105499439
test,46,60,-0.0037583689076315474,-0.2775793686401895
test,46,61,-0.003820041444580629,-0.2780317740511915
test,46,62,-0.003882508730717199,-0.2784729881114691
test,46,63,-0.0039449760168537695,-0.2788356351702448
test,46,64,-0.004007522777909088,-0.27926972909305064
test,46,65,-0.004070069538964407,-0.27961594539068196
test,46,66,-0.004131742075913489,-0.28003557354177033
test,46,67,-0.004194209362050058,-0.2804372287413599
test,46,68,-0.0042566766481866285,-0.2808154084962144
test,46,69,-0.004319223409241947,-0.28111293217825645
test,46,70,-0.004380895946191029,-0.2814288791776943
test,46,71,-0.004444237456433836,-0.28183073165551664
test,46,72,-0.004505909993382918,-0.2822156562067547
test,46,73,-0.0045683772795194885,-0.28246707735438414
test,46,74,-0.0046300498164685705,-0.2827904945594818
test,46,75,-0.00469251710260514,-0.28316480422854845
test,46,76,-0.00475498438874171,-0.28346763619869736
test,46,77,-0.004817531149797029,-0.2837206374078375
test,46,78,-0.004879203686746111,-0.28403707233525327
test,46,79,-0.004942545196988918,-0.28430282905009646
test,46,80,-0.005004217733938,-0.28464941518695835
test,46,81,-0.00506668502007457,-0.28491813308859715
test,46,82,-0.005129231781129889,-0.28519246056512915
test,46,83,-0.0051917785421852075,-0.2854778409533453
test,46,84,-0.0052534510791342895,-0.2857949115909776
test,46,85,-0.005316713114458347,-0.2861262517429332
test,46,86,-0.005378385651407429,-0.2863398590446359
test,46,87,-0.005440932412462748,-0.2866741806831975
test,46,88,-0.00550260494941183,-0.28693267046672094
test,46,89,-0.0055650722355484,-0.2872009395583107
test,46,90,-0.005626665297578733,-0.28741962906644
test,46,91,-0.005690086282740289,-0.28763862655353517
test,46,92,-0.0057525535688768585,-0.28794578796628734
test,46,93,-0.0058142261058259405,-0.288242144723653
test,46,94,-0.005876693391962511,-0.2884282454913381
test,46,95,-0.0059392401530178295,-0.28867271695972774
test,46,96,-0.0060009126899669115,-0.2889330459382999
test,46,97,-0.00606345945102223,-0.28919692213672604
test,46,98,-0.0061259267371588004,-0.2894221674768493
test,46,99,-0.006188394023295371,-0.2896008883663205
test,46,100,-0.006250066560244452,-0.28992099334964483
test,46,101,-0.0063126133212997705,-0.29019193519985914
test,46,102,-0.00637516008235509,-0.29036024897230234
test,46,103,-0.006436832619304171,-0.29058286108974457
test,46,104,-0.006498425681334505,-0.2908040318192418
test,46,105,-0.006561767191577312,-0.2910577618996289
test,46,106,-0.006623439728526394,-0.2912632713663914
test,46,107,-0.006686701763850451,-0.29144754075238266
test,46,108,-0.006748374300799533,-0.2916826791106231
test,46,109,-0.006810921061854852,-0.2919571947106588
test,46,110,-0.006873467822910171,-0.29218609118350386
test,46,111,-0.006935140359859253,-0.2923673871765112
test,46,112,-0.006997607645995823,-0.2925899543730628
test,46,113,-0.007060074932132393,-0.2928644347552307
test,46,114,-0.007121747469081475,-0.2930559167750325
test,46,115,-0.007185168454243031,-0.2932520801593812
test,46,116,-0.007246840991192113,-0.29341481550329956
test,46,117,-0.007308513528141195,-0.2936547065572486
test,46,118,-0.0073717755634652524,-0.2938824926900585
test,46,119,-0.0074334481004143345,-0.2940502240283422
test,46,120,-0.007495915386550905,-0.2942326095453749
test,46,121,-0.007558382672687475,-0.2944754113699857
test,47,0,0.0,
test,47,1,-5.66260149404235e-05,0.21923696937130574
test,47,2,-0.00011357560710907799,0.14630225080385853
test,47,3,-0.00017030948112557848,0.06483790523690773
test,47,4,-0.00022736693237030998,-0.0008007473642065928
test,47,5,-0.00028507153807150345,-0.056710372028568386
test,47,6,-0.0003421289893162349,-0.09940534303718825
test,47,7,-0.00039918644056096645,-0.13406292749658003
test,47,8,-0.0004563517508817749,-0.16161616161616163
test,47,9,-0.0005140563565829684,-0.18322413080691813
test,47,10,-0.0005717609622841619,-0.201571792693288
test,47,11,-0.0006289262726049703,-0.2158745476477684
test,47,12,-0.0006858758647736248,-0.2291095587585109
test,47,13,-0.0007430411750944334,-0.2399640992167102
test,47,14,-0.0008007457807956268,-0.2501514692517419
test,47,15,-0.0008584503864968203,-0.2587029510514225
test,47,16,-0.0009166942875783987,-0.267130319589336
test,47,17,-0.0009742910342035152,-0.27400760266716523
test,47,18,-0.0010314563445243236,-0.280737885786578
test,47,19,-0.0010891609502255172,-0.28652640378988437
test,47,20,-0.0011474048513070957,-0.2920890347510785
test,47,21,-0.001204462302551827,-0.2973156899810964
test,47,22,-0.0012627062036334057,-0.30187136190888536
test,47,23,-0.0013205186684106761,-0.30650318603206733
test,47,24,-0.0013781154150357925,-0.3103813092351774
test,47,25,-0.0014352807253566009,-0.31432198011423734
test,47,26,-0.0014935246264381795,-0.31761140602436594
test,47,27,-0.0015511213730632959,-0.32135513561147555
test,47,28,-0.0016088259787644893,-0.3241630633862654
test,47,29,-0.0016671777389221448,-0.3273429810811796
test,47,30,-0.0017253137809276464,-0.32998625938061515
test,47,31,-0.0017830183866288398,-0.33285034860133306
test,47,32,-0.0018406151332539561,-0.33552414294207017
test,47,33,-0.0018995061887919966,-0.33794969499991995
test,47,34,-0.001957750089873575,-0.3402840361726592
test,47,35,-0.002015346836498692,-0.3424595508331321
test,47,36,-0.00207359073758027,-0.3448022889003008
test,47,37,-0.0021318346386618487,-0.3465848262079794
test,47,38,-0.002189647103439119,-0.3487470291456448
test,47,39,-0.0022478910045206973,-0.35033511610588314
test,47,40,-0.002306134905602276,-0.35228892760969427
test,47,41,-0.0023643788066838546,-0.3538986543042946
test,47,42,-0.0024226227077654328,-0.35558237172235213
test,47,43,-0.0024808666088470114,-0.3571498723237085
test,47,44,-0.0025391105099285896,-0.35863475496370945
test,47,45,-0.0025973544110101682,-0.3602261530521278
test,47,46,-0.0026555983120917464,-0.36152319324453014
test,47,47,-0.00271438150855371,-0.3630361554008534
test,47,48,-0.0027725175505592115,-0.36420404573438875
test,47,49,-0.002830869310716867,-0.36557078707343077
test,47,50,-0.0028890053527223683,-0.36670043476425646
test,47,51,-0.0029473571128800237,-0.36800182066454257
test,47,52,-0.0030056010139616024,-0.36912588263939616
test,47,53,-0.003063844915043181,-0.3703231842657934
test,47,54,-0.003122628111505144,-0.3714065232043605
test,47,55,-0.003180872012586723,-0.37249937664230776
test,47,56,-0.0032397630681247633,-0.3736437613019892
test,47,57,-0.0032980069692063415,-0.3746171569217103
test,47,58,-0.00335625087028792,-0.37561263923619004
test,47,59,-0.0034149262076738065,-0.3764960358959233
test,47,60,-0.003473817263211847,-0.37754321823119447
test,47,61,-0.0035320611642934256,-0.37832043912348184
test,47,62,-0.003590952219831466,-0.37921503593145384
test,47,63,-0.0036490882618369675,-0.38002142474558115
test,47,64,-0.0037078714582989307,-0.3809311981020166
test,47,65,-0.0037661153593805093,-0.3817866238421983
test,47,66,-0.0038250064149185498,-0.38248284785508335
test,47,67,-0.003883250316000128,-0.383320876440738
test,47,68,-0.003942033512462091,-0.3840596561400245
test,47,69,-0.00400027741354367,-0.38487158724580994
test,47,70,-0.004059707764462095,-0.38548356736814365
test,47,71,-0.004118490960924059,-0.38627354919164475
test,47,72,-0.0041767348620056375,-0.38686302352476176
test,47,73,-0.004234978763087216,-0.3876295804337155
test,47,74,-0.004293761959549179,-0.3882531385967286
test,47,75,-0.004353084451391528,-0.3889833485561723
test,47,76,-0.004411975506929568,-0.38960300622599386
test,47,77,-0.004470219408011147,-0.39020351184529267
test,47,78,-0.00452900260447311,-0.3908459028795688
test,47,79,-0.004587785800935073,-0.3914101837340358
test,47,80,-0.0046466768564731135,-0.392063377081783
test,47,81,-0.004705999348315462,-0.3926062750403247
test,47,82,-0.004764243249397041,-0.39327243058500044
test,47,83,-0.004823134304935081,-0.3937143800058388
test,47,84,-0.004881809642320968,-0.3943361677577947
test,47,85,-0.00494134785231547,-0.39485654086881083
test,47,86,-0.004999483894320971,-0.3954750355235435
test,47,87,-0.005058914245239397,-0.3959946482301019
test,47,88,-0.005117158146320975,-0.3965023999616964
test,47,89,-0.005175941342782939,-0.39706247854851884
test,47,90,-0.0052353716937013645,-0.3974954649189537
test,47,91,-0.005293615594782943,-0.3980369575156401
test,47,92,-0.005352398791244906,-0.3984315521337188
test,47,93,-0.00541118198770687,-0.3989943602636407
test,47,94,-0.00547007304324491,-0.3993905000924334
test,47,95,-0.005529395535087259,-0.39990688238913186
test,47,96,-0.005587639436168837,-0.4003817547554795
test,47,97,-0.0056464226326308,-0.40078382838283827
test,47,98,-0.005705205829092764,-0.4012529079606935
test,47,99,-0.005764636180011189,-0.4016358569635602
test,47,100,-0.005822880081092768,-0.4020996325116617
test,47,101,-0.005882310432011193,-0.4025083141335057
test,47,102,-0.005940985769397079,-0.4029646604627637
test,47,103,-0.00599987682493512,-0.4033406422660758
test,47,104,-0.006058660021397083,-0.4037782074774492
test,47,105,-0.006117011781554739,-0.40413712887667824
test,47,106,-0.006176334273397087,-0.40458477766410744
test,47,107,-0.006235656765239436,-0.4049904313987868
test,47,108,-0.0062945478207774765,-0.40536140761319883
test,47,109,-0.006353331017239439,-0.40578716335311643
test,47,110,-0.006412114213701403,-0.40612858154535186
test,47,111,-0.006470897410163367,-0.4065475513068548
test,47,112,-0.006530327761081792,-0.40685723952875275
test,47,113,-0.006588571662163371,-0.4072883771623397
test,47,114,-0.006647894154005719,-0.4075455670255397
test,47,115,-0.006706785209543759,-0.40792267701544993
test,47,116,-0.0067661077013861076,-0.40824622531939603
test,47,117,-0.006824351602467686,-0.40863088009068094
test,47,118,-0.006883674094310035,-0.40895509075502834
test,47,119,-0.00694310444522846,-0.4093254854444066
test,47,120,-0.007001887641690424,-0.40965620066654973
test,47,121,-0.007060778697228464,-0.4099555540092719
test,47,122,-0.007119561893690427,-0.4103205548462786
test,47,123,-0.007178345090152391,-0.41061138229468364
test,47,124,-0.007237775441070816,-0.41097866814904715
test,47,125,-0.00729655863753278,-0.4112424914654218
test,47,126,-0.0073553418339947435,-0.41161584525569395
test,47,127,-0.007414125030456706,-0.41187705335725205
test,47,128,-0.007473555381375132,-0.41219340756908734
test,47,129,-0.007532338577837095,-0.412516365327123
test,47,130,-0.007590582478918674,-0.41280505079120966
test,47,131,-0.0076494735344567145,-0.41315357213139114
test,47,132,-0.007708796026299063,-0.4133934371998294
test,47,133,-0.007768118518141411,-0.4137530013488764
test,47,134,-0.007827009573679452,-0.41402541724085135
test,47,135,-0.007885792770141415,-0.41436231567790005
test,47,136,-0.007944575966603378,-0.41457338913687597
test,47,137,-0.008004006317521803,-0.41486612576843773
test,47,138,-0.008062789513983768,-0.41516727150742583
test,47,139,-0.008121680569521807,-0.41542723495083905
test,47,140,-0.008181003061364156,-0.41575862328097996
test,47,141,-0.00823978625782612,-0.4160091327267233
test,47,142,-0.008299216608744546,-0.4163064214406105
test,47,143,-0.008357460509826123,-0.41652045008956917
test,47,144,-0.008416783001668472,-0.41684230520559756
test,47,145,-0.00847610549351082,-0.4170596514648055
test,47,146,-0.008534996549048861,-0.41736317260858286
test,47,147,-0.00859431904089121,-0.417582338944845
test,47,148,-0.00865321009642925,-0.41785602592897964
test,47,149,-0.008711453997510828,-0.41810274838154005
test,47,150,-0.008770776489353177,-0.41835235540595034
test,47,151,-0.008829020390434756,-0.4186291139990038
test,47,152,-0.008888342882277104,-0.41884074017687845
test,47,153,-0.00894777323319553,-0.41912586150593817
test,47,154,-0.009006556429657493,-0.4193429410559388
test,47,155,-0.009065447485195532,-0.41965791375572153
test,47,156,-0.009124230681657497,-0.41984290193169943
test,47,157,-0.009183661032575922,-0.42012353618994025
test,47,158,-0.009242336369961808,-0.42036766443547235
test,47,159,-0.00930122742549985,-0.4205937607493451
test,47,160,-0.009360549917342196,-0.4208142565562213
test,47,161,-0.009419872409184545,-0.420986617977051
test,47,162,-0.0094782241693422,-0.42127268654826866
test,47,163,-0.009537654520260626,-0.4214706726845116
test,47,164,-0.009596977012102974,-0.42174589178356714
test,47,165,-0.009655868067641016,-0.42193390889766363
test,47,166,-0.009714543405026902,-0.4221803379951534
test,47,167,-0.009773973755945327,-0.4223946296214664
test,47,168,-0.009832217657026906,-0.42265450163539336
test,47,169,-0.009891648007945331,-0.42288342050323113
test,47,170,-0.009950431204407294,-0.4231011914335556
test,47,171,-0.01000986155532572,-0.42334136921600946
test,47,172,-0.010068536892711605,-0.4235255994815295
test,47,173,-0.010127427948249647,-0.42378965220642095
test,47,174,-0.01018621114471161,-0.42396185249874596
test,47,175,-0.010245641495630035,-0.4242029107428283
test,47,176,-0.010304963987472384,-0.42437712851765547
test,48,0,0.0,
test,48,1,-6.302049586808973e-05,0.3400961025093433
test,48,2,-0.00012664812560774102,0.34212629896083135
test,48,3,-0.00019027575534739228,0.346953277669213
test,48,4,-0.00025396409847419974,0.34904780929551205
test,48,5,-0.00031892742273128644,0.35068668157138294
test,48,6,-0.0003826157658580939,0.35197018104366345
test,48,7,-0.0004468505294693067,0.3530038022813688
test,48,8,-0.0005112067198548318,0.35398230088495575
test,48,9,-0.0005761093307247625,0.35490741288528665
test,48,10,-0.0006404048077231315,0.35564430244941425
test,48,11,-0.0007047609981086565,0.35666569851873364
test,48,12,-0.000769602895591431,0.35698123253028086
test,48,13,-0.0008345662198485177,0.3577632117984433
test,48,14,-0.0009001366779771659,0.3579143530843538
test,48,15,-0.0009651000022342527,0.3581215391168536
test,48,16,-0.0010300026131041832,0.35845037608999536
test,48,17,-0.0010949659373612698,0.35867556307364595
test,48,18,-0.0011605363954899181,0.35855866516774154
test,48,19,-0.0012254390063598487,0.35894633599551634
test,48,20,-0.0012904023306169355,0.3592406209228639
test,48,21,-0.0013559727887455838,0.35963488843813385
test,48,22,-0.0014209361130026704,0.3597501936483346
test,48,23,-0.0014858994372597572,0.36002870968488804
test,48,24,-0.0015514091820012493,0.3601908354598913
test,48,25,-0.0016170403535170537,0.36033828980443955
test,48,26,-0.0016825500982585457,0.3603515024887851
test,48,27,-0.0017475134225156325,0.36046075859484406
test,48,28,-0.0018130231672571246,0.3606070980257903
test,48,29,-0.001878654338772929,0.3606178031624764
test,48,30,-0.0019435569496428595,0.3608300493485284
test,48,31,-0.002009127407771508,0.3609001889709672
test,48,32,-0.0020740907320285946,0.3610537877779257
test,48,33,-0.0021402683240288045,0.36120120701618497
test,48,34,-0.002205231648285891,0.3612568725427233
test,48,35,-0.0022708021064145392,0.3612915988252659
test,48,36,-0.002335765430671626,0.3613404349755881
test,48,37,-0.0024013358888002744,0.3614090143521384
test,48,38,-0.0024669063469289227,0.3613326418770236
test,48,39,-0.002532476805057571,0.36146124957323317
test,48,40,-0.002598047263186219,0.36149390852806074
test,48,41,-0.0026630105874433057,0.36162280131985763
test,48,42,-0.002728520332184798,0.361795216476019
test,48,43,-0.0027934836564418846,0.361773813947727
test,48,44,-0.0028596612484420945,0.361864642723124
test,48,45,-0.0029246245726991813,0.36183081420810304
test,48,46,-0.0029901950308278296,0.36189009563948776
test,48,47,-0.0030557654889564775,0.36184583305002155
test,48,48,-0.0031206680998264085,0.36188510491916065
test,48,49,-0.0031862385579550564,0.3619613896256359
test,48,50,-0.003251201882212143,0.362091739991904
test,48,51,-0.0033167723403407915,0.36212298437630547
test,48,52,-0.00338234279846944,0.36214737877204844
test,48,53,-0.003447913256598088,0.3621618362342726
test,48,54,-0.0035134837147267365,0.3621380099423972
test,48,55,-0.0035790541728553844,0.3621133771037902
test,48,56,-0.0036440174971124712,0.36212406551389603
test,48,57,-0.0037095879552411196,0.3621659502896655
test,48,58,-0.0037745512794982064,0.36222554844397103
test,48,59,-0.0038407288714984163,0.36229699108972563
test,48,60,-0.0039056921957555026,0.36237905015534844
test,48,61,-0.003971262653884151,0.3623519960881562
test,48,62,-0.004036833112012799,0.3623398826450399
test,48,63,-0.00410173572288273,0.3623051168453448
test,48,64,-0.004167306181011379,0.36231160379164273
test,48,65,-0.004233544486398744,0.3623341609918791
test,48,66,-0.004299114944527393,0.36235170688402873
test,48,67,-0.0043640782687844795,0.3624402769717543
test,48,68,-0.004429588013525971,0.36248345226811635
test,48,69,-0.004494551337783058,0.3624847539794044
test,48,70,-0.00456006108252455,0.36249705141570093
test,48,71,-0.0046256922540403545,0.362483776829186
test,48,72,-0.0046912627121690025,0.3624533940936261
test,48,73,-0.004756833170297651,0.36248084640642103
test,48,74,-0.004821735781167582,0.36251412612379164
test,48,75,-0.004887974086554948,0.3625555729159269
test,48,76,-0.004952876697424878,0.36259908467139984
test,48,77,-0.005018447155553526,0.36264967729885655
test,48,78,-0.005084017613682174,0.36261822651688463
test,48,79,-0.005148980937939261,0.3626066143006439
test,48,80,-0.00521455139606791,0.362554098142353
test,48,81,-0.005280789701455276,0.36258721255203163
test,48,82,-0.0053456923123252065,0.36262008847085725
test,48,83,-0.005411262770453854,0.3626725537636134
test,48,84,-0.005476833228582502,0.36269269059803044
test,48,85,-0.005542403686711151,0.36269011198355655
test,48,86,-0.005607974144839799,0.3626786079265687
test,48,87,-0.005672937469096886,0.362670666748301
test,48,88,-0.0057385079272255345,0.36262439166121885
test,48,89,-0.005804078385354182,0.3626118442708801
test,48,90,-0.005869041709611269,0.36268510079189403
test,48,91,-0.005935219301611479,0.3627700610509187
test,48,92,-0.006000182625868566,0.3627431681333951
test,48,93,-0.006065753083997214,0.36270382652622896
test,48,94,-0.006131323542125863,0.3627127095929689
test,48,95,-0.0061968940002545105,0.36272701276710273
test,48,96,-0.006261857324511597,0.36267296958398526
test,48,97,-0.006327427782640245,0.36274326758335895
test,48,98,-0.006392998240768894,0.36274941434169833
test,48,99,-0.006458568698897542,0.36278381577531477
test,48,100,-0.006523471309767472,0.3627811839154544
test,48,101,-0.006589041767896121,0.36275848975006725
test,48,102,-0.0066552800732834864,0.36273245217790917
test,48,103,-0.006720850531412135,0.3627313581804736
test,48,104,-0.006785813855669222,0.36277683309090164
test,48,105,-0.006851323600410714,0.3627901077996195
test,48,106,-0.006916894058539362,0.36281224717463734
test,48,107,-0.006981796669409293,0.3628022979121656
test,48,108,-0.0070480956881838145,0.3627589268100217
test,48,109,-0.007112998299053745,0.3627571714802326
test,48,110,-0.007178568757182394,0.36277529199837294
test,48,111,-0.007244139215311042,0.36280837464189913
test,48,112,-0.007309041826180972,0.3628261345153282
test,48,113,-0.007374612284309621,0.36284574919395896
test,48,114,-0.007440182742438269,0.3628369443834426
test,48,115,-0.007505753200566918,0.3627841053835857
test,48,116,-0.007571384372082722,0.3627952041804999
test,48,117,-0.007636286982952652,0.36280115819569136
test,48,118,-0.0077018574410813,0.3628369716338949
test,48,119,-0.007767427899209949,0.36289412902186174
test,48,120,-0.007833666204597314,0.36288013636303107
test,48,121,-0.007898568815467246,0.3628575705015892
test,48,122,-0.007964139273595894,0.3628290378494492
test,48,123,-0.008029709731724542,0.36282105135522535
test,48,124,-0.00809467305598163,0.36283699032629424
test,48,125,-0.008160850647981839,0.3628898576292565
test,48,126,-0.008225813972238925,0.36289732782637
test,48,127,-0.008291384430367574,0.3628768433237707
test,48,128,-0.008356954888496223,0.3628472149976072
test,48,129,-0.008421918212753308,0.3628386915625439
test,48,130,-0.008487488670881957,0.36283106070538873
test,48,131,-0.008553059129010604,0.3628501376357552
test,48,132,-0.008618022453267692,0.362874067856797
test,48,133,-0.008684200045267902,0.3628896284637535
test,48,134,-0.008749770503396549,0.3628677391273239
test,48,135,-0.008815340961525198,0.36283290589859934
test,48,136,-0.008880911419653846,0.3628366761055431
test,48,137,-0.008945874743910932,0.36287854929451513
test,48,138,-0.009012052335911142,0.3629008912339479
test,48,139,-0.00907701566016823,0.3628992082895836
test,48,140,-0.009142586118296877,0.36286125188330365
test,48,141,-0.009207488729166808,0.36283994877393666
test,48,142,-0.009273059187295457,0.36282648081532526
test,48,143,-0.009339297492682823,0.3628450106157112
test,48,144,-0.00940486795081147,0.3628982440825174
test,48,145,-0.009469770561681402,0.3629093580677748
test,48,146,-0.009535401733197205,0.3628967530098504
test,48,147,-0.009600911477938697,0.3628520597283166
test,48,148,-0.009666542649454503,0.3628452352674426
test,48,149,-0.009732052394195995,0.3628628932796151
test,48,150,-0.009797683565711798,0.3628783978126165
test,48,151,-0.00986258617658173,0.36291258505681034
test,48,152,-0.009928156634710378,0.3628781586961169
test,48,153,-0.009994394940097743,0.362865716951442
test,48,154,-0.010059904684839235,0.36284997838305233
test,48,155,-0.010124868009096323,0.3628719097725758
test,48,156,-0.01019043846722497,0.36288675985550495
test,48,157,-0.010255341078094901,0.3629131029241631
test,49,0,0.0,
test,49,1,-5.903496311892075e-05,0.17168998923573736
test,49,2,-0.00011874589909798182,0.08704997313272435
test,49,3,-0.00017890748365046976,0.00733583825371265
test,49,4,-0.0002380551089127472,-0.05632291806356444
test,49,5,-0.00029945597704215905,-0.10610932475884244
test,49,6,-0.0003602935344547873,-0.14344335414808207
test,49,7,-0.00042045511900727525,-0.17427829540247441
test,49,8,-0.0004812926764199035,-0.19746243739565944
test,49,9,-0.0005422428959758885,-0.21750222485909226
test,49,10,-0.0006030804533885167,-0.23328531028226882
test,49,11,-0.0006633547000843614,-0.24768462396353585
test,49,12,-0.0007235162846368494,-0.2592197636185906
test,49,13,-0.0007850298149096179,-0.27081453531293576
test,49,14,-0.0008458673723222462,-0.2804218702406336
test,49,15,-0.0009060289568747341,-0.28944470103385794
test,49,16,-0.0009675424871475027,-0.29717216800452984
test,49,17,-0.001028380044560131,-0.3044622712459263
test,49,18,-0.001089668250546186,-0.3110163973243355
test,49,19,-0.0011511817808189547,-0.3170095868139261
test,49,20,-0.0012120193382315829,-0.3226098535286285
test,49,21,-0.001272856895644211,-0.32764392594471214
test,49,22,-0.0013343704259169797,-0.3324860808520939
test,49,23,-0.0013956586319030348,-0.33679848120022227
test,49,24,-0.0014571721621758035,-0.34092825132005145
test,49,25,-0.0015180097195884317,-0.34480555437236443
test,49,26,-0.0015795232498612003,-0.3486914854404718
test,49,27,-0.0016402481451304718,-0.35191575792234425
test,49,28,-0.0017016490132598836,-0.35518585416864723
test,49,29,-0.0017624865706725118,-0.3580711479863431
test,49,30,-0.0018233241280851402,-0.3609730995812336
test,49,31,-0.0018848376583579087,-0.36344436813186815
test,49,32,-0.0019456752157705369,-0.3661493937428272
test,49,33,-0.0020070760838999486,-0.3684380291911943
test,49,34,-0.002067913641312577,-0.3708834209867268
test,49,35,-0.0021287511987252055,-0.37295867165404617
test,49,36,-0.00218970141828119,-0.37513673318551366
test,49,37,-0.0022509896242672452,-0.3768730765912163
test,49,38,-0.002311376533106447,-0.3789540012602394
test,49,39,-0.002372214090519075,-0.3806853837548771
test,49,40,-0.0024329389857883467,-0.382506683691792
test,49,41,-0.0024938892053443314,-0.38419215447101723
test,49,42,-0.002554614100613603,-0.38578956702389094
test,49,43,-0.002614888347309448,-0.3873134882339841
test,49,44,-0.0026757259047220762,-0.3887800749607061
test,49,45,-0.002736000151417921,-0.3902995484313308
test,49,46,-0.002796725046687192,-0.39159294593813243
test,49,47,-0.0028582385769599606,-0.3929420286574462
test,49,48,-0.0029184001615124486,-0.3940579356811986
test,49,49,-0.002979237718925077,-0.3953867028493894
test,49,50,-0.0030396246277642784,-0.3965150419131101
test,49,51,-0.003100462185176907,-0.3977036905717831
test,49,52,-0.0031606237697293944,-0.3986969551298442
test,49,53,-0.003220898016425239,-0.39990767964837987
test,49,54,-0.0032811722631210837,-0.4009494356570213
test,49,55,-0.0033414465098169283,-0.4020479993811522
test,49,56,-0.003401720756512773,-0.4030066191204262
test,49,57,-0.003461882341065261,-0.40403041470354994
test,49,58,-0.0035227198984778894,-0.4048778251501398
test,49,59,-0.003582994145173734,-0.4058168249905366
test,49,60,-0.0036432683918695787,-0.4066521322982027
test,49,61,-0.003704105949282207,-0.40752621623270774
test,49,62,-0.0037642675338346947,-0.40829488344968357
test,49,63,-0.0038246544426738965,-0.4090912927156566
test,49,64,-0.003884816027226384,-0.40990919890673155
test,49,65,-0.003945090273922229,-0.4106469476732297
test,49,66,-0.004005364520618074,-0.4114439002384482
test,49,67,-0.004065526105170561,-0.41214093001110935
test,49,68,-0.004125913014009763,-0.41293656812691065
test,49,69,-0.004186074598562251,-0.4135794859150589
test,49,70,-0.004245785534541312,-0.4143724035270261
test,49,71,-0.0043059471190938,-0.41497877183655435
test,49,72,-0.004366334027933001,-0.41569142848704566
test,49,73,-0.004426495612485489,-0.416321358608184
test,49,74,-0.004486657197037977,-0.41706058995100503
test,49,75,-0.004547044105877179,-0.41763655179257453
test,49,76,-0.004607205690429666,-0.4182835559907673
test,49,77,-0.004667479937125511,-0.41880099962721085
test,49,78,-0.0047277541838213555,-0.4194249654147841
test,49,79,-0.004787915768373844,-0.419944963634284
test,49,80,-0.004848302677213045,-0.42053404734537675
test,49,81,-0.004907337640331966,-0.42104296129087293
test,49,82,-0.004967499224884453,-0.4216227077972166
test,49,83,-0.005027886133723655,-0.4221412516569438
test,49,84,-0.005088047718276143,-0.4226364476165167
test,49,85,-0.005148209302828631,-0.42317263802913774
test,49,86,-0.005207356928090909,-0.42363265558370927
test,49,87,-0.005268194485503537,-0.4241546779070833
test,49,88,-0.005328468732199381,-0.42457678811926636
test,49,89,-0.005388179668178442,-0.4250968870735625
test,49,90,-0.005447777942014146,-0.4254721103539499
test,49,91,-0.0055080521887099915,-0.4260484619832153
test,49,92,-0.005568213773262479,-0.4264250560317937
test,49,93,-0.005627924709241541,-0.42693714285714285
test,49,94,-0.005687635645220602,-0.42733254940979604
test,49,95,-0.005747797229773089,-0.42778191093633755
test,49,96,-0.00580750816575215,-0.42816655042235435
test,49,97,-0.005867219101731212,-0.4286324739500586
test,49,98,-0.0059273806862836995,-0.429021483337129
test,49,99,-0.0059876549329795446,-0.429434812946165
test,49,100,-0.006047253206815249,-0.4298429263730658
test,49,101,-0.006107527453511093,-0.4302414284737238
test,49,102,-0.006167238389490154,-0.4306857193463187
test,49,103,-0.006226836663325859,-0.43100264124468657
test,49,104,-0.006287110910021703,-0.4314332572076698
test,49,105,-0.0063467091838574075,-0.43178620947908547
test,49,106,-0.006406420119836468,-0.43220483413367555
test,49,107,-0.00646613105581553,-0.4325255735425564
test,49,108,-0.006526292640368018,-0.43294566778833854
test,49,109,-0.006586566887063862,-0.43326346575676333
test,49,110,-0.006646165160899567,-0.43366854073687666
test,49,111,-0.006706552069738768,-0.4339972142846886
test,49,112,-0.006766713654291256,-0.43439115791470995
test,49,113,-0.006825748617410176,-0.43471106242330493
test,49,114,-0.006885459553389238,-0.43503709503038435
test,49,115,-0.006945621137941726,-0.43536890149537805
test,49,116,-0.0070053320739207866,-0.43570532254962124
test,49,117,-0.007065606320616632,-0.4360135128999155
test,49,118,-0.007125204594452336,-0.4363466101198918
test,49,119,-0.007184915530431397,-0.43668863056016854
test,49,120,-0.007245189777127242,-0.4369624018876528
test,49,121,-0.007304224740246162,-0.43733151863722175
test,49,122,-0.007364498986942007,-0.43758599669076026
test,49,123,-0.007424209922921068,-0.43794889070280685
test,49,124,-0.007484371507473556,-0.4382111522379875
test,49,125,-0.0075446457541694005,-0.4385639857554458
test,49,126,-0.007604244028005105,-0.43882984329613534
test,49,127,-0.007663954963984166,-0.4391952652822218
test,49,128,-0.007724229210680011,-0.4394208503821989
test,49,129,-0.007783827484515715,-0.4397649645676262
test,49,130,-0.007843538420494777,-0.4400039225140046
test,49,131,-0.007903700005047264,-0.4403320047197544
test,49,132,-0.007963410941026325,-0.4405974857952259
test,49,133,-0.008022445904145246,-0.4409104161092052
test,49,134,-0.008082720150841091,-0.44115921577332584
test,49,135,-0.008142431086820152,-0.44143243838720847
test,49,136,-0.008202705333515995,-0.4417032477777951
test,49,137,-0.008262416269495058,-0.44194900305113266
test,49,138,-0.008321901881187406,-0.44224122668596194
test,49,139,-0.008381612817166467,-0.44249015104909
test,49,140,-0.008441323753145527,-0.4428030001251949
test,49,141,-0.008501485337698015,-0.4430477969842962
test,49,142,-0.008561196273677076,-0.4433502143161706
test,49,143,-0.008621470520372921,-0.44356917363045495
test,49,144,-0.008681068794208624,-0.4438690831839607
test,49,145,-0.008740216419470903,-0.4440846824408468
test,49,146,-0.008800490666166748,-0.44436684272556637
test,49,147,-0.008860088940002451,-0.4445652723686207
test,49,148,-0.008919687213838156,-0.44484116019621284
test,49,149,-0.008980074122677357,-0.4450697699285371
test,49,150,-0.009040235707229845,-0.4453389980527527
test,49,151,-0.009099946643208906,-0.44558665269288394
test,49,152,-0.009158981606327827,-0.44583187757668924
test,49,153,-0.009219143190880314,-0.44608773823614145
test,49,154,-0.009278290816142593,-0.4463157604347706
test,49,155,-0.009338565062838438,-0.4465869067686278
test,49,156,-0.009398163336674141,-0.4467766423158884
test,49,157,-0.009458437583369986,-0.44704549298156604
test,49,158,-0.009518148519349047,-0.44723663691116367
test,49,159,-0.009577859455328108,-0.44752038100200053
test,49,160,-0.009637345067020455,-0.4476895657917008
test,49,161,-0.009697056002999516,-0.4479397883224438
test,49,162,-0.009756766938978577,-0.448127230950266
test,49,163,-0.009816365212814282,-0.44840470931634124
test,49,164,-0.009875963486649987,-0.44860745067312485
test,49,165,-0.009935674422629048,-0.4488668910786579
test,49,166,-0.00999538535860811,-0.44907268202493744
test,49,167,-0.01005509629458717,-0.4492957298655051
test,49,168,-0.010115257879139658,-0.44952385768512343
test,50,0,0.0,
test,50,1,-6.305511667001597e-05,0.2073170731707317
test,50,2,-0.00012683223849274206,0.16304923239809424
test,50,3,-0.000189887355162758,0.12414036325163111
test,50,4,-0.00025234080087218225,0.09555320275277925
test,50,5,-0.0003153959175421982,0.07415635248069397
test,50,6,-0.00037917303936492425,0.05707480592801694
test,50,7,-0.000442829826995532,0.04467795585122467
test,50,8,-0.0005059451107616072,0.03425019836022216
test,50,9,-0.0005696620654882741,0.02522045855379189
test,50,10,-0.00063271718215829,0.017931764083575774
test,50,11,-0.0006964943039810161,0.011592111592111593
test,50,12,-0.0007601510916116238,0.006173656127353706
test,50,13,-0.0008226647044171072,0.0018730404332423958
test,50,14,-0.0008857799881831824,-0.0025336560278324005
test,50,15,-0.0009494367758137901,-0.006213372872978889
test,50,16,-0.0010125520595798652,-0.009332803812549643
test,50,17,-0.001076269014306532,-0.012399912764432813
test,50,18,-0.0011393241309765481,-0.015062367615909626
test,50,19,-0.0012024995818386824,-0.01736682184372648
test,50,20,-0.0012655546985086983,-0.01972935038796642
test,50,21,-0.0013292716532353652,-0.02184386429562366
test,50,22,-0.0013917250989447896,-0.023834745762711863
test,50,23,-0.0014554420536714563,-0.025519957620286984
test,50,24,-0.0015191590083981233,-0.027126649891846554
test,50,25,-0.0015822742921641985,-0.028667683702008645
test,50,26,-0.0016447277378736226,-0.030017117704597328
test,50,27,-0.0017084446926002896,-0.03125919821039619
test,50,28,-0.0017715599763663647,-0.032512632236331634
test,50,29,-0.0018352167639969724,-0.03368836436048742
test,50,30,-0.0018976702097063965,-0.03466911569912223
test,50,31,-0.001960845660568531,-0.03567460385292559
test,50,32,-0.002023900777238547,-0.03670894459714541
test,50,33,-0.0020876177319652136,-0.03762284025949001
test,50,34,-0.002150733015731289,-0.03852447519753144
test,50,35,-0.0022137881324013047,-0.03939320535335796
test,50,36,-0.002276843249071321,-0.04022667059169856
test,50,37,-0.002340018699933455,-0.04097268964727111
test,50,38,-0.002403073816603471,-0.041765444150048806
test,50,39,-0.0024661289332734873,-0.04253121900180724
test,50,40,-0.0025292442170395625,-0.04316146468125696
test,50,41,-0.0025929611717662292,-0.04377439449944426
test,50,42,-0.002656016288436245,-0.044412480916512106
test,50,43,-0.0027191917392983796,-0.045077573352721535
test,50,44,-0.0027822468559683955,-0.04564505250987571
test,50,45,-0.0028453019726384114,-0.046195876167261334
test,50,46,-0.0029084172564044866,-0.04675405455215628
test,50,47,-0.0029715325401705617,-0.04723894563575278
test,50,48,-0.0030345876568405776,-0.04773417232433626
test,50,49,-0.0030983647786633037,-0.04821023034497675
test,50,50,-0.0031614198953333196,-0.048687431775067035
test,50,51,-0.0032244750120033355,-0.049165679612659226
test,50,52,-0.0032869284577127598,-0.04952311078503301
test,50,53,-0.003350705579535486,-0.049938014876429654
test,50,54,-0.0034137606962055017,-0.050357665021440276
test,50,55,-0.003476875979971577,-0.05074181117533719
test,50,56,-0.0035399310966415932,-0.05112362208449638
test,50,57,-0.003603046380407668,-0.05153901216893343
test,50,58,-0.0036661014970776843,-0.05190118584297174
test,50,59,-0.003729818451804351,-0.052261929353439374
test,50,60,-0.0037923320646098342,-0.05253490405249075
test,50,61,-0.0038553871812798506,-0.05296943269372758
test,50,62,-0.003919104136006517,-0.05331396094184009
test,50,63,-0.003982219419772592,-0.05361032844106144
test,50,64,-0.004045274536442609,-0.053989832922124156
test,50,65,-0.004108329653112625,-0.05428075352348036
test,50,66,-0.004171505103974758,-0.05455873734576078
test,50,67,-0.004234560220644775,-0.05495409288973595
test,50,68,-0.004297615337314791,-0.05519885301084653
test,50,69,-0.004360730621080866,-0.05543610142679424
test,50,70,-0.004423845904846941,-0.05568045053023594
test,50,71,-0.004486901021516957,-0.0559622689382915
test,50,72,-0.004550016305283032,-0.05622888933041923
test,50,73,-0.004613131589049108,-0.0564595732326898
test,50,74,-0.004676788376679715,-0.05671387452923403
test,50,75,-0.004739241822389139,-0.05699591675261738
test,50,76,-0.004802417273251274,-0.05717791239970163
test,50,77,-0.004866074060881881,-0.05739035902516892
test,50,78,-0.0049291893446479565,-0.057634440738753304
test,50,79,-0.00499164279035738,-0.057896078115778744
test,50,80,-0.005055359745084047,-0.058171414948146385
test,50,81,-0.005118414861754063,-0.058421087056053374
test,50,82,-0.0051815903126161975,-0.05865326217581764
test,50,83,-0.005244645429286213,-0.058850938615024224
test,50,84,-0.005307700545956229,-0.05907433804700213
test,50,85,-0.005371477667778956,-0.05926092132408394
test,50,86,-0.005433870946392321,-0.05949572170441875
test,50,87,-0.0054969862301583955,-0.0596828605877553
test,50,88,-0.005560703184885063,-0.05984130615390173
test,50,89,-0.005623818468651138,-0.06004202405966702
test,50,90,-0.005686271914360562,-0.060225219126554784
test,50,91,-0.005749988869087229,-0.06043792900682918
test,50,92,-0.005812382147700594,-0.06065404792205324
test,50,93,-0.00587615926952332,-0.060828054504853485
test,50,94,-0.005939214386193336,-0.060951897878096205
test,50,95,-0.0060023296699594116,-0.06111216443795099
test,50,96,-0.006065444953725486,-0.06133114070182603
test,50,97,-0.006129161908452153,-0.06153367230465913
test,50,98,-0.006191555187065518,-0.0617057046018455
test,50,99,-0.0062547306379276526,-0.06186289670967086
test,50,100,-0.0063183874255582605,-0.06205369440383108
test,50,101,-0.006380840871267684,-0.06220168472730706
test,50,102,-0.006444617993090411,-0.06239580357838427
test,50,103,-0.006507673109760427,-0.06257297008162363
test,50,104,-0.006570126555469851,-0.06276487367563162
test,50,105,-0.006633903677292577,-0.06292662008425196
test,50,106,-0.006696958793962593,-0.06310470973932512
test,50,107,-0.006759412239672017,-0.06327108541101452
test,50,108,-0.006823129194398684,-0.06341662006925847
test,50,109,-0.006886244478164759,-0.06353549540967832
test,50,110,-0.006949901265795367,-0.06370211987248019
test,50,111,-0.007012354711504791,-0.06383090417967147
test,50,112,-0.0070761318333275175,-0.06395709076117546
test,50,113,-0.007138585279036941,-0.06408273094628676
test,50,114,-0.007201640395706957,-0.06422248553704607
test,50,115,-0.007265417517529684,-0.06435773541103368
test,50,116,-0.007327870963239108,-0.06453807760278008
test,50,117,-0.0073909260799091235,-0.064699277396454
test,50,118,-0.00745470320173185,-0.06483962920566516
test,50,119,-0.007517096480345215,-0.06498524377812696
test,50,120,-0.007580813435071882,-0.06513198552132074
test,50,121,-0.0076439287188379565,-0.06526754483887773
test,50,122,-0.007706382164547381,-0.06541824781389209
test,50,123,-0.007770099119274048,-0.06555386165732152
test,50,124,-0.007833214403040124,-0.06568812982985249
test,50,125,-0.00789693135776679,-0.06582421168164694
test,50,126,-0.007959384803476214,-0.06594834109674273
test,50,127,-0.00802310175820288,-0.06607133919484809
test,50,128,-0.008085555203912305,-0.06619104569023666
test,50,129,-0.008149272158638973,-0.06630587423728534
test,50,130,-0.008211725604348396,-0.0664183939143296
test,50,131,-0.008274780721018412,-0.06654671168348059
test,50,132,-0.008338557842841139,-0.06666800425352622
test,50,133,-0.008401011288550562,-0.06679225144568525
test,50,134,-0.008464066405220579,-0.0669457390080678
test,50,135,-0.008527843527043305,-0.06707262048157317
test,50,136,-0.008590296972752728,-0.0672132105232411
test,50,137,-0.008653953760383337,-0.06732958829010295
test,50,138,-0.008717069044149412,-0.06745963207326294
test,50,139,-0.008780184327915486,-0.06757307746535227
test,50,140,-0.008843239444585503,-0.06769195845865729
test,50,141,-0.00890701656640823,-0.06779387236855945
test,50,142,-0.008969470012117653,-0.06789409684662842
test,50,143,-0.00903318696684432,-0.06799611831724608
test,50,144,-0.009095580245457684,-0.06811268496687792
test,50,145,-0.00915935736728041,-0.06824125889452229
test,50,146,-0.009222412483950428,-0.06834003867208899
test,50,147,-0.00928486592965985,-0.06845697072769986
test,50,148,-0.009348643051482577,-0.06857099913038188
test,50,149,-0.009411698168152594,-0.06870185591343574
test,50,150,-0.009474753284822609,-0.06883280133329567
test,50,151,-0.009537928735684743,-0.06893745681324732
test,50,152,-0.009601585523315352,-0.06907678101642943
test,50,153,-0.009664038969024775,-0.06919625857640355
test,50,154,-0.009727816090847502,-0.06929010912667705
test,50,155,-0.009790871207517518,-0.06939712761704295
test,50,156,-0.009853324653226941,-0.06949574924627211
test,50,157,-0.009917041607953609,-0.06958880263943568
test,50,158,-0.009980156891719685,-0.0696914335517825
test,51,0,0.0,
test,51,1,-5.5728212763310495e-05,0.2579957356076759
test,51,2,-0.00011188102143338908,0.24613745338305806
test,51,3,-0.00016920146884707987,0.23617021276595745
test,51,4,-0.00022546042649385046,0.22629969418960244
test,51,5,-0.00028171938414062105,0.2223639455782313
test,51,6,-0.00033787219281069966,0.21948627103631532
test,51,7,-0.00039360040557401017,0.2167046317388003
test,51,8,-0.0004497532142440887,0.21571362157136215
test,51,9,-0.0005053752780307073,0.21385577717455448
test,51,10,-0.0005615280867007858,0.21260553284128922
test,51,11,-0.0006172562994640963,0.2121519231697312
test,51,12,-0.0006734091081341748,0.21103838669732886
test,51,13,-0.0007296680657809454,0.21084853679441656
test,51,14,-0.0007852901295675639,0.21040663963315268
test,51,15,-0.0008415490872143345,0.2094059405940594
test,51,16,-0.0008965342571408009,0.20923525706898266
test,51,17,-0.0009523686188808034,0.20867775039770423
test,51,18,-0.00100841527857419,0.2082412889163795
test,51,19,-0.0010646742362209606,0.2080857118941994
test,51,20,-0.001119871704100811,0.20744117023531905
test,51,21,-0.0011759183637941974,0.2072672218016654
test,51,22,-0.0012317527255342,0.20707593747742106
test,51,23,-0.0012877993852275867,0.20653275592002213
test,51,24,-0.001343421449014205,0.20659515295987285
test,51,25,-0.0013991496617775155,0.20632667330550672
test,51,26,-0.001454877874540826,0.20597641211578024
test,51,27,-0.0015110306832109047,0.20601329750720773
test,51,28,-0.0015671834918809832,0.20561207124758915
test,51,29,-0.0016223809597608336,0.2055532229504007
test,51,30,-0.0016786399174076043,0.20542409965944983
test,51,31,-0.0017342619811942226,0.20506778677048115
test,51,32,-0.001789247151120689,0.2050976694950297
test,51,33,-0.0018455061087674597,0.2049234223398284
test,51,34,-0.0019011281725540782,0.20467563192628566
test,51,35,-0.001957387130200849,0.20476536042573779
test,51,36,-0.0020124784491040073,0.204470965181734
test,51,37,-0.0020681005128906256,0.20435534838497504
test,51,38,-0.0021242533215607043,0.2043157455102325
test,51,39,-0.002179981534324015,0.20404177404041773
test,51,40,-0.002235709747087325,0.2040913478703569
test,51,41,-0.0022913318108739437,0.2039421067567916
test,51,42,-0.002346953874660562,0.20376246600181325
test,51,43,-0.002403212832307333,0.20381758252570473
test,51,44,-0.0024588348960939512,0.20355971108894472
test,51,45,-0.0025144569598805695,0.20349219778153788
test,51,46,-0.0025700790236671883,0.20348061979861143
test,51,47,-0.0026257010874538066,0.2033387329013679
test,51,48,-0.002681429300217117,0.2032513161662665
test,51,49,-0.002737582108887196,0.2032775566128319
test,51,50,-0.002793204172673814,0.20309130122214233
test,51,51,-0.0028489323854371247,0.20312176112101488
test,51,52,-0.0029046605982004352,0.20304733637592626
test,51,53,-0.0029602826619870536,0.20286010610714428
test,51,54,-0.0030159047257736723,0.20285401088360802
test,51,55,-0.003072163683420443,0.20270387132109194
test,51,56,-0.003127785747207061,0.20271201155011181
test,51,57,-0.00318340781099368,0.20270345441397342
test,51,58,-0.003238392980920146,0.20253994861796915
test,51,59,-0.0032941211936834565,0.20245025165230784
test,51,60,-0.003349849406446767,0.202448045086298
test,51,61,-0.0034060022151168458,0.2023073325365068
test,51,62,-0.0034617304278801563,0.202321102949948
test,51,63,-0.0035173524916667746,0.20224398752222186
test,51,64,-0.003572974555453393,0.2021757791864765
test,51,65,-0.0036285966192400117,0.20220080295174161
test,51,66,-0.00368421868302663,0.20205690503821683
test,51,67,-0.0037398407468132483,0.2020151054067265
test,51,68,-0.0037960997044600192,0.20200403914867174
test,51,69,-0.0038518279172233298,0.2018983466013472
test,51,70,-0.003907449981009948,0.20188027223203103
test,51,71,-0.003963072044796566,0.2018403219447606
test,51,72,-0.004018163363699725,0.20171198462587928
test,51,73,-0.004074422321346496,0.20172176806771322
test,51,74,-0.004130044385133114,0.20171845339194724
test,51,75,-0.004185666448919732,0.20158138945411788
test,51,76,-0.004241288512706351,0.20162029960256803
test,51,77,-0.0042975474703531216,0.2015265709759493
test,51,78,-0.00435316953413974,0.20143514757649608
test,51,79,-0.00440836700201959,0.20143836806715948
test,51,80,-0.004463989065806209,0.20137674320373292
test,51,81,-0.0045196111295928276,0.20134534409260973
test,51,82,-0.004576294683146366,0.2013701099693528
test,51,83,-0.004631492151026217,0.20129122539197913
test,51,84,-0.004687751108672987,0.20124062772997806
test,51,85,-0.004742736278599453,0.20124465865050184
test,51,86,-0.004798358342386072,0.20110367010208027
test,51,87,-0.004854086555149383,0.20113345387910633
test,51,88,-0.004909814767912693,0.2010893690537606
test,51,89,-0.004965436831699311,0.20100591926548914
test,51,90,-0.0050210588954859295,0.2009947097394752
test,51,91,-0.0050773178531327,0.2009536073504333
test,51,92,-0.005132939916919319,0.200885839194942
test,51,93,-0.005188561980705937,0.20087400681044268
test,51,94,-0.005244184044492556,0.20081417221146017
test,51,95,-0.0052998061082791745,0.2007688974321937
test,51,96,-0.005355534321042485,0.2007641771351604
test,51,97,-0.005411156384829103,0.20071275061889604
test,51,98,-0.005466884597592414,0.20065484781250673
test,51,99,-0.005522506661379032,0.20066846843965394
test,51,100,-0.0055781287251656505,0.20061216950762573
test,51,101,-0.005633750788952269,0.20058103080717302
test,51,102,-0.00568947900171558,0.20059497633028947
test,51,103,-0.005744994916525506,0.2004887720754369
test,51,104,-0.005801253874172277,0.20049624266164673
test,51,105,-0.0058568759379588956,0.20047039430702274
test,51,106,-0.005912604150722206,0.20037037405788588
test,51,107,-0.005968332363485517,0.20036887994634472
test,51,108,-0.006023954427272135,0.20034297607473164
test,51,109,-0.006079576491058753,0.20029626187225885
test,51,110,-0.006135198554845372,0.20029740490238404
test,51,111,-0.00619082061863199,0.20025383485523332
test,51,112,-0.006247079576278761,0.20019880434731402
test,51,113,-0.006302701640065379,0.20020450948074203
test,51,114,-0.0063577929589685375,0.20016383351922729
test,51,115,-0.0064140519166153084,0.20011102496226527
test,51,116,-0.006469673980401927,0.200109155410015
test,51,117,-0.006525402193165237,0.20005411011408217
test,51,118,-0.006581024256951856,0.20000983596296312
test,51,119,-0.006636646320738474,0.200023053324112
test,51,120,-0.006692268384525093,0.1999639498639327
test,51,121,-0.006747890448311711,0.1999476805022672
test,51,122,-0.006803087916191561,0.199929084761007
test,51,123,-0.00685870997997818,0.19988677400262478
test,51,124,-0.00691496893762495,0.19984684761337532
test,51,125,-0.0069711217462950295,0.1998522926294022
test,51,126,-0.00702684995905834,0.19979318169448665
test,51,127,-0.007081835128984806,0.19976656379412755
test,51,128,-0.0071374571927714245,0.199774987327583
test,51,129,-0.007193185405534735,0.1996933205209462
test,51,130,-0.007249338214204814,0.19967377014591076
test,51,131,-0.007305066426968124,0.19967385395905055
test,51,132,-0.007360688490754742,0.1995924075924076
test,51,133,-0.007416416703518053,0.19959627045913328
test,51,134,-0.0074720387673046715,0.19958511613992685
test,51,135,-0.00752766083109129,0.19953427676150437
test,51,136,-0.007583282894877908,0.19951598641038767
test,51,137,-0.007638904958664527,0.19952569048224034
test,51,138,-0.007694527022451146,0.1994488631368937
test,51,139,-0.007750255235214456,0.19945056612937498
test,51,140,-0.007805983447977767,0.1994266145772507
test,51,141,-0.007862136256647846,0.19934839773921695
test,51,142,-0.007917864469411156,0.1993381394364157
test,51,143,-0.007973380384221082,0.19933096552665258
test,51,144,-0.008029108596984393,0.1992579923308783
test,51,145,-0.00808473066077101,0.19927619255460383
test,51,146,-0.00814035272455763,0.19926599141730122
test,51,147,-0.008195974788344247,0.19919924229378336
test,51,148,-0.008251703001107558,0.19920395386210657
test,51,149,-0.008307325064894178,0.19918451715203941
test,51,150,-0.008363053277657488,0.1991323118895772
test,51,151,-0.008419206086327565,0.19911291167533965
test,51,152,-0.008474828150114185,0.1990951796110105
test,51,153,-0.008530556362877495,0.19904180884431116
test,51,154,-0.008586178426664114,0.1990466798159106
test,51,155,-0.008641800490450732,0.1990276563387757
test,51,156,-0.00869742255423735,0.19895479099200206
test,51,157,-0.00875251387314051,0.19896279775899828
test,51,158,-0.00880824208590382,0.19897472181986878
test,51,159,-0.008863864149690438,0.19889429470661002
test,51,160,-0.008919486213477056,0.19889724905494968
test,51,161,-0.008976275916007286,0.1988772582568026
test,51,162,-0.009031897979793905,0.198820396976779
test,51,163,-0.009086989298697064,0.19881213485763086
test,51,164,-0.009142717511460374,0.19881615710836245
test,51,165,-0.0091982334262703,0.1987536750607184
test,51,166,-0.00925396163903361,0.19875101646676155
test,51,167,-0.009309689851796922,0.19872568025814763
test,51,168,-0.009365842660467,0.19866988472125013
test,51,169,-0.009421570873230312,0.1986546693456801
test,51,170,-0.00947719293701693,0.19865203946490992
test,51,171,-0.009532815000803548,0.19859765535869559
test,51,172,-0.009588437064590167,0.19859664826389634
test,51,173,-0.009644059128376785,0.19859928440378158
test,51,174,-0.009699681192163403,0.19855400950256957
test,51,175,-0.009755409404926713,0.19852249993974305
test,51,176,-0.009811031468713332,0.19851293542473009
test,51,177,-0.009866759681476643,0.1984766477910797
test,51,178,-0.00992291249014672,0.19847219712744624
test,51,179,-0.009978640702910031,0.1984530464851873
test,52,0,0.0,
test,52,1,-7.081655382162436e-05,0.18001046572475143
test,52,2,-0.00014225918719569926,0.13204592901878914
test,52,3,-0.0002130061766226069,0.10410149461244352
test,52,4,-0.00028590966228573297,0.09106283335501496
test,52,5,-0.00035818706839640854,0.08183612005400354
test,52,6,-0.0004325514063485858,0.07522238535279385
test,52,7,-0.0005062896647483125,0.07147080561714708
test,52,8,-0.0005798887943586059,0.06734680699941886
test,52,9,-0.0006536270527583326,0.06381148950808394
test,52,10,-0.0007287565990523938,0.06190721649484536
test,52,11,-0.0008031905013992878,0.060176079423058915
test,52,12,-0.000878320047693349,0.05828365570184844
test,52,13,-0.0009526148212508096,0.05732257298836933
test,52,14,-0.0010270487235977035,0.05633285593624913
test,52,15,-0.0011021782698917649,0.055325271487787334
test,52,16,-0.0011766121722386587,0.054383768339272526
test,52,17,-0.0012517417185327199,0.053729990939293266
test,52,18,-0.001326175620879614,0.052982776320292004
test,52,19,-0.0014005399588317912,0.052261985145172184
test,52,20,-0.0014756695051258524,0.051835132986226884
test,52,21,-0.0015493381991308626,0.05146430228865929
test,52,22,-0.0016244677454249237,0.05067362826907836
test,52,23,-0.0016989016477718176,0.0501772140612113
test,52,24,-0.0017733355501187117,0.04989640515197471
test,52,25,-0.0018483955320180562,0.04957152814793554
test,52,26,-0.001923594642706834,0.04913961326946958
test,52,27,-0.0019979589806590112,0.04903691052282
test,52,28,-0.0020723233186111887,0.04876129834961759
test,52,29,-0.0021474528649052496,0.04827939513849633
test,52,30,-0.002222582411199311,0.04802390098164746
test,52,31,-0.002297016313546205,0.047861355713790084
test,52,32,-0.002370685007551215,0.04761142674241818
test,52,33,-0.002445884118239993,0.047324975173783514
test,52,34,-0.0025209441001393376,0.04716299241055295
test,52,35,-0.0025953084380915146,0.046912027149586026
test,52,36,-0.002669742340438409,0.046740799726977984
test,52,37,-0.00274487188673247,0.046498436678564514
test,52,38,-0.0028193057890793637,0.04638821168325633
test,52,39,-0.002893739691426258,0.04616797900262467
test,52,40,-0.002968869237720319,0.04595524736768036
test,52,41,-0.0030424683673306125,0.04585678802780863
test,52,42,-0.0031169022696775064,0.04570265857640666
test,52,43,-0.0031920318159715678,0.045432909705364365
test,52,44,-0.0032657005099765777,0.04529438442663938
test,52,45,-0.0033408996206653555,0.04520493434142459
test,52,46,-0.003416029166959417,0.04499905464170921
test,52,47,-0.0034903239405168775,0.04489942528735632
test,52,48,-0.0035655230512056553,0.04481461350726306
test,52,49,-0.0036398873891578328,0.044608462349539094
test,52,50,-0.0037143212915047266,0.044452401657373776
test,52,51,-0.0037887551938516205,0.044392734275483695
test,52,52,-0.003863119531803798,0.04436138297349137
test,52,53,-0.003938249078097859,0.04418903139264449
test,52,54,-0.004012613416050036,0.04397404934413032
test,52,55,-0.004086351674449763,0.044012349123100675
test,52,56,-0.004161481220743824,0.043874550203664126
test,52,57,-0.0042351499147488345,0.04363274205270383
test,52,58,-0.004310279461042896,0.04351161191345289
test,52,59,-0.004384643798995073,0.04351895991332611
test,52,60,-0.004459077701341967,0.04336523792071866
test,52,61,-0.004534207247636028,0.04318229450475752
test,52,62,-0.004608641149982922,0.04316054270279187
test,52,63,-0.004683005487935099,0.0430738513233826
test,52,64,-0.0047581350342291604,0.04291032851847117
test,52,65,-0.0048324993721813375,0.04280792284819785
test,52,66,-0.004906933274528231,0.042738949227646685
test,52,67,-0.004981367176875125,0.04269818981043377
test,52,68,-0.005055731514827303,0.04252631578947368
test,52,69,-0.005130165417174197,0.042407042399632465
test,52,70,-0.005204529755126374,0.04241379562203735
test,52,71,-0.005278963657473268,0.042254433907238986
test,52,72,-0.005354093203767329,0.042127312102815354
test,52,73,-0.00542776189777234,0.042123913637223113
test,52,74,-0.005502126235724517,0.042038577389670324
test,52,75,-0.005577255782018578,0.0418992699834366
test,52,76,-0.0056509940404183044,0.041799237200917515
test,52,77,-0.005726123586712366,0.04177261410788382
test,52,78,-0.005800487924664543,0.04170271333071176
test,52,79,-0.005874921827011437,0.041587938397825805
test,52,80,-0.005949981808910781,0.04150053672749578
test,52,81,-0.0060237200673105085,0.04143079826072688
test,52,82,-0.006098153969657402,0.041336018003079476
test,52,83,-0.006173283515951464,0.04122631980883404
test,52,84,-0.0062468826455617564,0.04115449212569676
test,52,85,-0.006322012191855818,0.04106557623500406
test,52,86,-0.006395750450255545,0.04098043993794985
test,52,87,-0.006470114788207722,0.04086248935107664
test,52,88,-0.006544479126159899,0.0408668227148906
test,52,89,-0.006618913028506793,0.040792065561343155
test,52,90,-0.006694042574800854,0.04065151463522677
test,52,91,-0.006767780833200582,0.04056885134489983
test,52,92,-0.006842145171152759,0.0405224473469297
test,52,93,-0.006916509509104936,0.040464937348867885
test,52,94,-0.0069909434114518295,0.04033341126703894
test,52,95,-0.007066072957745891,0.04027954119950935
test,52,96,-0.007139741651750901,0.04021571894781113
test,52,97,-0.007214871198044963,0.04012623748030832
test,52,98,-0.007288539892049972,0.04001627144101342
test,52,99,-0.007362973794396866,0.03995725502950332
test,52,100,-0.0074381033406909275,0.039914141156028
test,52,101,-0.007511772034695938,0.039798401991691164
test,52,102,-0.007586832016595282,0.039692759403355996
test,52,103,-0.007661265918942176,0.03966954450729384
test,52,104,-0.007735004177341903,0.03963203388747746
test,52,105,-0.00780936851529408,0.03953100131899795
test,52,106,-0.007883732853246258,0.03942876979152604
test,52,107,-0.007957471111645985,0.03938922109928739
test,52,108,-0.008032600657940045,0.039317468804860624
test,52,109,-0.008106964995892222,0.039247218562607544
test,52,110,-0.008181398898239116,0.039146089340054355
test,52,111,-0.008255763236191293,0.03909706587846393
test,52,112,-0.008330197138538187,0.03904784935688311
test,52,113,-0.008404631040885081,0.03895099582134911
test,52,114,-0.00847899537883726,0.03886876692187696
test,52,115,-0.008553359716789437,0.038815494203227
test,52,116,-0.00862779361913633,0.03876177302402622
test,52,117,-0.008702227521483225,0.03868814940666233
test,52,118,-0.008776591859435402,0.03858079491421197
test,52,119,-0.008850956197387579,0.03851438975583363
test,52,120,-0.008924694455787306,0.03844434129785848
test,52,121,-0.008999824002081366,0.038350922981413675
test,52,122,-0.009073492696086377,0.03830430666901226
test,52,123,-0.009148622242380437,0.03826995858103701
test,52,124,-0.009222290936385448,0.038213174541033935
test,52,125,-0.009296724838732342,0.03810290769211902
test,52,126,-0.009370323968342635,0.03804834922398725
test,52,127,-0.009445453514636697,0.038025919264829545
test,52,128,-0.009519887416983591,0.037944111776447104
test,52,129,-0.009593625675383317,0.03787575705961807
test,52,130,-0.009668685657282662,0.0377889494640604
test,52,131,-0.009742354351287673,0.037761386729491794
test,52,132,-0.009816788253634566,0.03768793645386557
test,52,133,-0.009891917799928627,0.037569633869914326
test,52,134,-0.009965586493933637,0.03751072470399817
test,52,135,-0.010039255187938648,0.03747468821559017
test,52,136,-0.010113689090285542,0.03742095949444133
test,52,137,-0.010188053428237719,0.037337759212293
test,53,0,0.0,
test,53,1,-7.68275622307194e-05,0.13553895410885805
test,53,2,-0.00015444309945867693,0.07887771307570143
test,53,3,-0.0002321374341863583,0.041908786758232085
test,53,4,-0.00031069854141100163,0.02146996838777661
test,53,5,-0.0003883140786389592,0.010105263157894737
test,53,6,-0.0004676631608608406,0.0016653519151547025
test,53,7,-0.0005461454705857601,-0.004583364640468855
test,53,8,-0.0006238398053134415,-0.008811152025249869
test,53,9,-0.0007022433175386372,-0.012393312288086052
test,53,10,-0.0007808044247632805,-0.01530692756824996
test,53,11,-0.000858419961991238,-0.018125298900047822
test,53,12,-0.0009378478417128433,-0.020078032528166236
test,53,13,-0.001016330151437763,-0.021485797523670795
test,53,14,-0.0010948124611626824,-0.023071431255401495
test,53,15,-0.0011732947708876019,-0.02475889882517973
test,53,16,-0.0012525650556097594,-0.025877942917269497
test,53,17,-0.001331047365334679,-0.027079722703639515
test,53,18,-0.0014095296750595986,-0.028122898821878562
test,53,19,-0.001488011984784518,-0.029077012544653984
test,53,20,-0.0015665730920091613,-0.029593581480994346
test,53,21,-0.0016450554017340808,-0.030062379437332466
test,53,22,-0.0017236165089587242,-0.0308980031089322
test,53,23,-0.0018020200211839197,-0.03184480234260615
test,53,24,-0.0018805811284085632,-0.032139960099094554
test,53,25,-0.0019582754631362444,-0.03285209192692987
test,53,26,-0.002036757772861164,-0.033409555416152335
test,53,27,-0.0021152400825860834,-0.033928362630081456
test,53,28,-0.002193722392311003,-0.03437259213320554
test,53,29,-0.0022722047020359223,-0.03474805392752808
test,53,30,-0.002350687011760842,-0.03531145297945866
test,53,31,-0.0024300360939827235,-0.035662756946684096
test,53,32,-0.0025084396062079193,-0.03607959217234007
test,53,33,-0.0025870007134325625,-0.03651730186573114
test,53,34,-0.002665483023157482,-0.036896028724425045
test,53,35,-0.0027440441303821254,-0.03716510809754337
test,53,36,-0.002822447642607321,-0.037522108371215994
test,53,37,-0.0029010087498319644,-0.03783084209178957
test,53,38,-0.002978624287059922,-0.038235171926714766
test,53,39,-0.003057185394284565,-0.038415349948050896
test,53,40,-0.003135667704009485,-0.0386376193859026
test,53,41,-0.003214150013734404,-0.038865357463740216
test,53,42,-0.0032926323234593238,-0.039214212333057705
test,53,43,-0.003371114633184243,-0.03947674347458975
test,53,44,-0.003450384917906401,-0.03970342023439369
test,53,45,-0.0035280792526340824,-0.03995650038588367
test,53,46,-0.0036065615623590017,-0.040231528615060796
test,53,47,-0.003685910644580883,-0.04052934458899662
test,53,48,-0.0037627382068116024,-0.04067090550317913
test,53,49,-0.003842087289033484,-0.04089522745822415
test,53,50,-0.00392049080125868,-0.04124308054976742
test,53,51,-0.003999051908483323,-0.04140229244689302
test,53,52,-0.004077534218208243,-0.041658234508438904
test,53,53,-0.004155228552935924,-0.04184578117088765
test,53,54,-0.004233710862660844,-0.042046694730277515
test,53,55,-0.0043121931723857625,-0.04231321151822443
test,53,56,-0.004390754279610406,-0.04246023170376495
test,53,57,-0.004469236589335326,-0.0425993446254673
test,53,58,-0.004546930924063007,-0.04286336339060544
test,53,59,-0.004625334436288203,-0.04309245436141656
test,53,60,-0.004704683518510084,-0.043231203633876426
test,53,61,-0.004783165828235004,-0.04341338025739226
test,53,62,-0.004860860162962685,-0.043628062493104885
test,53,63,-0.0049393424726876045,-0.04386096774732341
test,53,64,-0.005017824782412524,-0.0439983229338792
test,53,65,-0.005096307092137444,-0.04418597121719845
test,53,66,-0.005174789401862363,-0.044330537929275216
test,53,67,-0.0052532717115872825,-0.04452331781168285
test,53,68,-0.005330966046314964,-0.044704061895551254
test,53,69,-0.005409448356039883,-0.04481959313142404
test,53,70,-0.005487930665764803,-0.044974559010319194
test,53,71,-0.005566412975489723,-0.04516286789768517
test,53,72,-0.005644974082714366,-0.04539741922284411
test,53,73,-0.005722589619942323,-0.04549058045173472
test,53,74,-0.005801071929667243,-0.04562096986328639
test,53,75,-0.005879554239392163,-0.0457966541577526
test,53,76,-0.0059581153466168055,-0.04599761878391848
test,53,77,-0.006037385631338963,-0.04612504526417196
test,53,78,-0.006115946738563607,-0.04628593010237803
test,53,79,-0.006193562275791565,-0.046465480502876626
test,53,80,-0.006272123383016207,-0.04664176650841038
test,53,81,-0.006350605692741127,-0.04676793983360719
test,53,82,-0.006428221229969084,-0.0469607056936648
test,53,83,-0.006506782337193728,-0.04709058758659154
test,53,84,-0.0065852646469186475,-0.047249567896595776
test,53,85,-0.006663746956643567,-0.04742395643159947
test,53,86,-0.006742229266368486,-0.0475561345884483
test,53,87,-0.006820711576093406,-0.04771636214131105
test,53,88,-0.0068991938858183255,-0.04783167458680773
test,53,89,-0.006977676195543245,-0.048026572418113686
test,53,90,-0.007055370530270926,-0.04814171912167809
test,53,91,-0.007133852839995846,-0.048258999791912324
test,53,92,-0.007212335149720766,-0.048414023372287146
test,53,93,-0.007290817459445684,-0.04856680693181304
test,53,94,-0.007369299769170604,-0.04874746106973595
test,53,95,-0.007447782078895524,-0.04884314496260083
test,53,96,-0.007525476413623205,-0.049023958624392544
test,53,97,-0.007604825495845086,-0.04917908343635457
test,53,98,-0.007683307805570006,-0.049299629689260986
test,53,99,-0.007761002140297688,-0.049418002348178565
test,53,100,-0.007839405652522884,-0.049517969000646915
test,53,101,-0.007917966759747527,-0.04968209913508053
test,53,102,-0.007995582296975483,-0.04986001041543134
test,53,103,-0.008074143404200127,-0.04997829916515612
test,53,104,-0.008152625713925048,-0.05010922992900055
test,53,105,-0.008231108023649967,-0.05027697917397097
test,53,106,-0.008308723560877924,-0.050407577012954154
test,53,107,-0.008387284668102566,-0.05054407124531863
test,53,108,-0.008465766977827487,-0.05068462467375638
test,53,109,-0.008544249287552406,-0.05080477072718851
test,53,110,-0.008622731597277326,-0.05094898886073529
test,53,111,-0.008701292704501968,-0.05108513873952406
test,53,112,-0.008779775014226889,-0.05119537250924935
test,53,113,-0.00885746934895457,-0.05131534248232792
test,53,114,-0.008935951658679489,-0.051432261635684304
test,53,115,-0.009013567195907447,-0.05158900727056564
test,53,116,-0.00909212830313209,-0.0517230437265977
test,53,117,-0.009170610612857009,-0.051846724973258665
test,53,118,-0.00924909292258193,-0.051990356807051476
test,53,119,-0.009326708459809888,-0.05209645134350518
test,53,120,-0.00940526956703453,-0.05223121954639464
test,54,0,0.0,
test,54,1,-6.344828420476437e-05,0.3390101117615753
test,54,2,-0.00012623123845123283,0.34249866524292577
test,54,3,-0.00018907467723936454,0.3447171824973319
test,54,4,-0.00025246247690246566,0.34703135423615744
test,54,5,-0.00031585027656556673,0.34841049711969274
test,54,6,-0.000379963890728627,0.3474320241691843
test,54,7,-0.00044335169039172814,0.3483625285605484
test,54,8,-0.0005067999745964925,0.3485009993337775
test,54,9,-0.0005701877742595936,0.3485081695477149
test,54,10,-0.000633636058464358,0.34798359171061743
test,54,11,-0.000697023858127459,0.34826617590081366
test,54,12,-0.0007611374722905194,0.3486193731687827
test,54,13,-0.0008239204265369878,0.34850657598230017
test,54,14,-0.0008873082262000889,0.348719509874805
test,54,15,-0.0009500911804465573,0.34862417894549974
test,54,16,-0.0010141443100679544,0.348698662051521
test,54,17,-0.0010775925942727188,0.34871264799849655
test,54,18,-0.0011403755485191872,0.3487058127495933
test,54,19,-0.0012037633481822884,0.3487544483985765
test,54,20,-0.0012672116323870527,0.3488632128214685
test,54,21,-0.001330659916591817,0.34882364871716864
test,54,22,-0.001394047716254918,0.3488203266787659
test,54,23,-0.0014574960004596826,0.34874678886343125
test,54,24,-0.001520278954706151,0.34877118268121726
test,54,25,-0.0015837272389109154,0.3487916533588843
test,54,26,-0.0016471150385740164,0.34878388338383426
test,54,27,-0.0017105028382371176,0.34881428768554473
test,54,28,-0.001773951122441882,0.34882615720939075
test,54,29,-0.0018367945612300137,0.3487812935907789
test,54,30,-0.0019001823608931147,0.34884504843345276
test,54,31,-0.001963570160556216,0.34875695350594055
test,54,32,-0.00202701844476098,0.34883991683991683
test,54,33,-0.0020904667289657446,0.34870818953004545
test,54,34,-0.0021538545286288457,0.34882046304848074
test,54,35,-0.002217242328291947,0.3488580725602895
test,54,36,-0.0022807510970383744,0.34881589450965317
test,54,37,-0.0023441388967014756,0.34880978065444085
test,54,38,-0.002407526696364577,0.3488124579879005
test,54,39,-0.002470974980569341,0.34880611270296086
test,54,40,-0.0025344232647741055,0.3489111492463849
test,54,41,-0.0025972062190205737,0.3488559228542875
test,54,42,-0.002660594018683675,0.34888700257186656
test,54,43,-0.0027233769729301436,0.34890483851008536
test,54,44,-0.0027874905870932036,0.34892186385129825
test,54,45,-0.0028502735413396723,0.34896590868778604
test,54,46,-0.002913661341002773,0.3489762868710237
test,54,47,-0.002977049140665874,0.3489907052044062
test,54,48,-0.003040557909412302,0.3490566037735849
test,54,49,-0.003103945709075403,0.3490465641560247
test,54,50,-0.003167333508738504,0.34896986208070835
test,54,51,-0.0032307817929432686,0.3490245174752217
test,54,52,-0.0032942300771480327,0.34902996070726916
test,54,53,-0.003357617876811134,0.34906181292479443
test,54,54,-0.0034204008310576026,0.3490427534018465
test,54,55,-0.0034837886307207033,0.3490698371852296
test,54,56,-0.003547902244883764,0.3490546318289786
test,54,57,-0.0036100803537135995,0.34901239638563214
test,54,58,-0.003674072998793333,0.34898035941986444
test,54,59,-0.003737581767539761,0.34896429827488257
test,54,60,-0.0038009695672028623,0.34896073493420354
test,54,61,-0.0038637525214493306,0.3489607410444051
test,54,62,-0.003927140321112432,0.3489465779875563
test,54,63,-0.003990588605317196,0.34899119139915713
test,54,64,-0.00405403688952196,0.34895456623851684
test,54,65,-0.004117424689185061,0.3489649414326291
test,54,66,-0.004180812488848162,0.34897500181379937
test,54,67,-0.00424432125759459,0.34896573629253186
test,54,68,-0.0043077090572576915,0.34900478828279036
test,54,69,-0.004371096856920793,0.3490373271853868
test,54,70,-0.004434545141125557,0.34901007030210907
test,54,71,-0.0044973280953720255,0.34906671262541866
test,54,72,-0.00456077637957679,0.34905270002660127
test,54,73,-0.00462416417923989,0.34906567938664257
test,54,74,-0.0046875519789029915,0.3490473793946366
test,54,75,-0.0047510607476494195,0.3490388025821097
test,54,76,-0.004814448547312521,0.3490371220765402
test,54,77,-0.004877836346975622,0.3490219922201571
test,54,78,-0.004941284631180386,0.3490304142310499
test,54,79,-0.00500473291538515,0.3489992996444349
test,54,80,-0.005067515869631619,0.3489346420876227
test,54,81,-0.005131568999253016,0.34897865353037766
test,54,82,-0.005194291468957821,0.3489518792211921
test,54,83,-0.005257134907745953,0.34896257315189316
test,54,84,-0.005320583191950717,0.3489366283709324
test,54,85,-0.005383970991613818,0.34896384245147805
test,54,86,-0.005447419275818583,0.34899258278637313
test,54,87,-0.005510867560023347,0.34901668215840714
test,54,88,-0.005574255359686448,0.34900310735487927
test,54,89,-0.0056376431593495495,0.34902835145523126
test,54,90,-0.005701091443554313,0.3490329597578853
test,54,91,-0.005764539727759078,0.34901463289155993
test,54,92,-0.005827322682005546,0.34903543671354553
test,54,93,-0.005890710481668647,0.3490054973657264
test,54,94,-0.005954158765873412,0.34898436217718337
test,54,95,-0.006017607050078176,0.34898723756937017
test,54,96,-0.0060809948497412775,0.3489977888734338
test,54,97,-0.006144382649404379,0.3489497065759886
test,54,98,-0.006207891418150806,0.3489547426077421
test,54,99,-0.006271279217813907,0.3489494330700199
test,54,100,-0.006334062172060376,0.34894558764071243
test,54,101,-0.006397449971723476,0.348954190873992
test,54,102,-0.006460898255928241,0.34895450301731107
test,54,103,-0.0065243465401330055,0.348968017850502
test,54,104,-0.006587734339796107,0.34897258697331335
test,54,105,-0.006651122139459208,0.3489993413386026
test,54,106,-0.006714630908205636,0.3490065593680523
test,54,107,-0.006778018707868736,0.34897630435431104
test,54,108,-0.006841406507531837,0.34896780009161976
test,54,109,-0.006904854791736602,0.3489414038478433
test,54,110,-0.006968303075941366,0.3489464189852542
test,54,111,-0.007031690875604468,0.3489029685508066
test,54,112,-0.007094473829850936,0.34891442196710254
test,54,113,-0.0071579221140557,0.3489037761697841
test,54,114,-0.007221370398260465,0.3488868045153131
test,54,115,-0.007284758197923566,0.34891036345889637
test,54,116,-0.007348145997586666,0.34892477309937764
test,54,117,-0.007411654766333094,0.3489392465149269
test,54,118,-0.007474377236037899,0.3489531675472923
test,54,119,-0.007537220674826032,0.3489545846726064
test,54,120,-0.007601213319905765,0.3489469041064312
test,54,121,-0.0076646616041105295,0.3489219703497881
test,54,122,-0.007728109888315294,0.34891032293510776
test,54,123,-0.007791497687978395,0.3489135511997647
test,54,124,-0.007854885487641496,0.3488948759309469
test,54,125,-0.007918394256387924,0.34886967179626854
test,54,126,-0.00798111672609273,0.34885625744129295
test,54,127,-0.008044565010297494,0.34886253680890367
test,54,128,-0.00810861813991889,0.348867268185842
test,54,129,-0.008172066424123655,0.3488731726427349
test,54,130,-0.008234849378370122,0.34887261120432134
test,54,131,-0.008297632332616591,0.34888915058902836
test,54,132,-0.008361020132279693,0.34888688278819335
test,54,133,-0.008425133746442753,0.3488818581433765
test,54,134,-0.008488521546105854,0.3488864186748184
test,54,135,-0.008551909345768955,0.3488588361389572
test,54,136,-0.008615418114515383,0.3488322061544359
test,54,137,-0.008678805914178484,0.3488372093023256
test,54,138,-0.008742193713841585,0.34882080381166786
test,54,139,-0.00880564199804635,0.34882563884710915
test,54,140,-0.008869090282251114,0.34882280520428016
test,54,141,-0.008931873236497582,0.3488258907686039
test,54,142,-0.008994656190744051,0.3488528913730838
test,54,143,-0.009058648835823784,0.34884715825812646
test,54,144,-0.009121492274611917,0.3488616087096262
test,54,145,-0.009184880074275018,0.34884121935202206
test,54,146,-0.009248933203896414,0.3488274645834548
test,54,147,-0.009312381488101179,0.34880758513371696
test,54,148,-0.009375829772305944,0.34879064868964477
test,54,149,-0.009438612726552411,0.34879253959413337
test,54,150,-0.00950139568079888,0.3487878057084492
test,54,151,-0.009564783480461981,0.348789853796019
test,54,152,-0.009628231764666746,0.34879325792361965
test,54,153,-0.009691619564329847,0.3488105255105944
test,54,154,-0.009755672693951244,0.3488101365519004
test,54,155,-0.009819120978156008,0.34881214692174106
test,54,156,-0.009882569262360773,0.34879351265822783
test,54,157,-0.00994535221660724,0.34876936421668947
test,55,0,0.0,
test,55,1,-5.5549775055458974e-05,0.26017130620985013
test,55,2,-0.00010981763222502274,0.24584004294149223
test,55,3,-0.00016355135694213016,0.23529411764705882
test,55,4,-0.00021739190814972886,0.22946404524643146
test,55,5,-0.0002700573679619236,0.2254372705679119
test,55,6,-0.0003232569602265747,0.22244236311239193
test,55,7,-0.00037581559354827823,0.2200247218788628
test,55,8,-0.00042794692090801663,0.21983225108225107
test,55,9,-0.0004811465131726677,0.21823869104908566
test,55,10,-0.0005332778405324061,0.2169627383015598
test,55,11,-0.0005854091678921446,0.2166929444225463
test,55,12,-0.0006374336687613917,0.21618935766555245
test,55,13,-0.0006900991285735865,0.21521521521521522
test,55,14,-0.0007422304559333249,0.21470633813730047
test,55,15,-0.0007942549568025721,0.2147146060912971
test,55,16,-0.0008457453252193629,0.2140822140822141
test,55,17,-0.0008978766525791013,0.21353085789087195
test,55,18,-0.0009494738474863833,0.2134499396863691
test,55,19,-0.0010020324808080868,0.2131672191107555
test,55,20,-0.0010541638081678253,0.2128294920867606
test,55,21,-0.001105654176584616,0.21253265058059845
test,55,22,-0.0011577855039443545,0.2125222200276516
test,55,23,-0.0012098100048136017,0.21236597232062726
test,55,24,-0.0012614071997208837,0.21195590665248196
test,55,25,-0.0013139658330425872,0.2118163447121966
test,55,26,-0.001365456201459378,0.2117273373176746
test,55,27,-0.0014170533963666601,0.2114668652271035
test,55,28,-0.0014686505912739423,0.2111902497719642
test,55,29,-0.0015212092245956456,0.2111377604557038
test,55,30,-0.0015726995930124366,0.21106401478100206
test,55,31,-0.001624830920372175,0.21076807096898614
test,55,32,-0.0016763212887889658,0.21069614986158522
test,55,33,-0.0017284526161487042,0.21069622650832606
test,55,34,-0.001779942984565495,0.21052631578947367
test,55,35,-0.0018320743119252334,0.21026310067405957
test,55,36,-0.0018835646803420242,0.21029265198876507
test,55,37,-0.0019356960077017626,0.2101814442077426
test,55,38,-0.0019871863761185536,0.21012574927397318
test,55,39,-0.002039317703478292,0.20992765441391711
test,55,40,-0.0020908080718950828,0.20995691588403986
test,55,41,-0.002142939399254821,0.20988423746568893
test,55,42,-0.002194429767671612,0.20968284789644012
test,55,43,-0.00224656109503135,0.20961195615066572
test,55,44,-0.002298051463448141,0.20962360675184738
test,55,45,-0.002349541831864932,0.20949734171097148
test,55,46,-0.0024016731592246703,0.2093193692522282
test,55,47,-0.0024531635276414613,0.20928779675135362
test,55,48,-0.0025052948550011995,0.20932313792126878
test,55,49,-0.0025567852234179905,0.20916425297688407
test,55,50,-0.0026083824183252727,0.20902664491571507
test,55,51,-0.002659765960251572,0.20903352384201995
test,55,52,-0.0027118972876113106,0.20897083276686085
test,55,53,-0.002763494482518593,0.20877666396478664
test,55,54,-0.0028150916774258745,0.20873908621262627
test,55,55,-0.0028665820458426655,0.208772519627425
test,55,56,-0.0029186065467119125,0.20872504078937146
test,55,57,-0.00297063104758116,0.20859691808596917
test,55,58,-0.0030216941100359856,0.2085423601669089
test,55,59,-0.0030731844784527766,0.2085488048818709
test,55,60,-0.003125315805812515,0.2085044280676946
test,55,61,-0.003176806174229306,0.20833296183029146
test,55,62,-0.003228937501589044,0.20830555458086247
test,55,63,-0.003280427870005835,0.20831714623639205
test,55,64,-0.0033325591973655732,0.20823985315113197
test,55,65,-0.003384049565782364,0.2081764479475208
test,55,66,-0.0034355399341991547,0.20818842610143232
test,55,67,-0.0034876712615588934,0.20812598936558835
test,55,68,-0.003538627497523228,0.2080323790783801
test,55,69,-0.003590117865940019,0.20797893724528807
test,55,70,-0.003642249193299757,0.2079441793967272
test,55,71,-0.0036932054292640915,0.20795060177275895
test,55,72,-0.00374533675662383,0.20779946814940167
test,55,73,-0.003797361257493077,0.20784310803460326
test,55,74,-0.0038483174934574116,0.20781970141354444
test,55,75,-0.003899914688364694,0.20775038621379927
test,55,76,-0.003951405056781485,0.20768680217578014
test,55,77,-0.004003429557650731,0.20769605730715704
test,55,78,-0.004055026752558014,0.20767519543644566
test,55,79,-0.0041070512534272605,0.20761264735044618
test,55,80,-0.004158114315882087,0.20750380765883378
test,55,81,-0.004210245643241825,0.2075296835545049
test,55,82,-0.004261095052715668,0.20749772786073942
test,55,83,-0.004313226380075407,0.20745479213229076
test,55,84,-0.004364716748492197,0.20738917851245023
test,55,85,-0.004416207116908989,0.2074112
test,55,86,-0.0044683384442687265,0.2073742338273526
test,55,87,-0.004519401506723552,0.2072932819768896
test,55,88,-0.004571319181102308,0.20724997836380946
test,55,89,-0.00462291637600959,0.20729322021466468
test,55,90,-0.004673872611973925,0.2072629682910023
test,55,91,-0.004726003939333663,0.2071364948798728
test,55,92,-0.004777494307750454,0.20711350264612838
test,55,93,-0.004829091502657736,0.20717611549170548
test,55,94,-0.004880047738622071,0.20710329700855937
test,55,95,-0.0049321790659818095,0.20703004203364983
test,55,96,-0.004984203566851056,0.20700871555993788
test,55,97,-0.0050351598028153905,0.2070195510986977
test,55,98,-0.005087291130175129,0.2069811593076573
test,55,99,-0.0051381405396489725,0.20689655172413793
test,55,100,-0.005190271867008711,0.20687103881620106
test,55,101,-0.005241334929463537,0.20687203408546143
test,55,102,-0.005293359430332783,0.20683475301760693
test,55,103,-0.005344849798749575,0.2067577631877796
test,55,104,-0.0053964469936568565,0.20677749761981984
test,55,105,-0.005447937362073648,0.20678649333423144
test,55,106,-0.005498893598037982,0.20672274945978822
test,55,107,-0.00555102492539772,0.20667002252492742
test,55,108,-0.0056025152938145115,0.20663946400685104
test,55,109,-0.005654112488721793,0.20667348823279844
test,55,110,-0.005705602857138584,0.20661173375011127
test,55,111,-0.005757093225555375,0.2065669710470981
test,55,112,-0.005809224552915113,0.20656455992577588
test,55,113,-0.005860180788879447,0.20657213702785335
test,55,114,-0.005912205289748695,0.20648973182965766
test,55,115,-0.0059632683522035206,0.20643421488385297
test,55,116,-0.006014758720620312,0.20646601659420188
test,55,117,-0.0060667832214895585,0.20647225412828252
test,55,118,-0.006117739457453893,0.20641097760030985
test,55,119,-0.006169229825870684,0.20633055500944142
test,55,120,-0.006220827020777966,0.20633495651858502
test,55,121,-0.006272958348137705,0.20633742968528684
test,55,122,-0.006323914584102039,0.20630970538652965
test,55,123,-0.006376045911461777,0.2062671963055037
test,55,124,-0.0064270021474261115,0.2062650010311495
test,55,125,-0.006479026648295359,0.20624273632252252
test,55,126,-0.006530089710750185,0.20619758694844845
test,55,127,-0.006582114211619432,0.2061487314385598
test,55,128,-0.0066330704475837665,0.20616540842005032
test,55,129,-0.006685201774943505,0.20615391104456207
test,55,130,-0.006736692143360296,0.20610246107483676
test,55,131,-0.00678764837932463,0.20604837202347576
test,55,132,-0.006839138747741421,0.20604881426916688
test,55,133,-0.006891163248610668,0.20606139948942856
test,55,134,-0.006942226311065494,0.20601611226611227
test,55,135,-0.006993716679482284,0.20595952552729266
test,55,136,-0.007045207047899076,0.20595095681815453
test,55,137,-0.0070968042428063574,0.2059504565511818
test,55,138,-0.00714840143771364,0.20593337959750174
test,55,139,-0.007199891806130431,0.20587037877957504
test,55,140,-0.007250741215604274,0.20587663725756927
test,55,141,-0.0073028725429640125,0.20587667775522334
test,55,142,-0.007353935605418838,0.20583682040434695
test,55,143,-0.007406066932778576,0.20576864535768646
test,55,144,-0.007456916342252419,0.2057550966425454
test,55,145,-0.007509047669612158,0.20575652957069948
test,55,146,-0.007560003905576492,0.20572088776251793
test,55,147,-0.00761202840644574,0.2056650428653923
test,55,148,-0.007663091468900565,0.20564142535700106
test,55,149,-0.007715115969769812,0.2056591508352141
test,55,150,-0.0077660722057341465,0.20562436062076922
test,55,151,-0.007818203533093886,0.2055835642700897
test,55,152,-0.00786915976905822,0.20555394457511286
test,55,153,-0.007920116005022555,0.20557669737169684
test,55,154,-0.007972247332382292,0.20555747934672763
test,55,155,-0.008023096741856136,0.2055167232475434
test,55,156,-0.008075228069215875,0.20546325332514764
test,55,157,-0.008126718437632666,0.20549649753388952
test,55,158,-0.008178422459030438,0.2054837454236109
test,55,159,-0.008229271868504282,0.20543481980902836
test,55,160,-0.00828140319586402,0.20539540451929747
test,55,161,-0.008332359431828355,0.2054051861666171
test,55,162,-0.008383849800245145,0.20539262284894677
test,55,163,-0.008435981127604884,0.20535094279151755
test,55,164,-0.008486937363569218,0.2053084072455545
test,55,165,-0.008537893599533553,0.20530325516968437
test,55,166,-0.008589918100402799,0.20530606758958456
test,55,167,-0.008640981162857626,0.2052775985557967
test,55,168,-0.008692471531274417,0.2052157463583388
test,55,169,-0.008743961899691207,0.20520482486363256
test,55,170,-0.008795452268107998,0.20520880682727582
test,55,171,-0.00884704946301528,0.20519560699748907
test,55,172,-0.008898646657922562,0.20515903273672986
test,55,173,-0.008949496067396406,0.20512610804587578
test,55,174,-0.009000986435813197,0.20511729879683116
test,55,175,-0.009052690457210969,0.2051105036803463
test,55,176,-0.00910418082562776,0.2050765125490475
test,55,177,-0.009155671194044552,0.20504416643351053
test,56,0,0.0,
test,56,1,-7.691850253680741e-05,0.37318255250403876
test,56,2,-0.0001544969350286494,0.3817204301075269
test,56,3,-0.0002314887631160162,0.387941862551588
test,56,4,-0.00030760068459667026,0.3925636535093628
test,56,5,-0.00038444586158291826,0.3940504419055831
test,56,6,-0.0004605577830635723,0.39735872787709997
test,56,7,-0.0005366697045442264,0.3977981368850566
test,56,8,-0.0006135148815304744,0.3998651836872262
test,56,9,-0.0006888935475055344,0.399748322147651
test,56,10,-0.0007658120500423418,0.40160707544626006
test,56,11,-0.0008427305525791493,0.40169641106099235
test,56,12,-0.0009188424740598032,0.4027690371302706
test,56,13,-0.0009956876510460514,0.40265560165975106
test,56,14,-0.0010710663170211115,0.403654164899973
test,56,15,-0.0011479114940073595,0.40327338129496404
test,56,16,-0.0012240234154880134,0.40417566109012415
test,56,17,-0.0013009419180248208,0.4041850569967929
test,56,18,-0.0013778604205616283,0.40468407952739377
test,56,19,-0.001453165760986129,0.40460900204591954
test,56,20,-0.0015300842635229362,0.40517194838848997
test,56,21,-0.0016061961850035904,0.40515866892969193
test,56,22,-0.0016830413619898384,0.4055321028863145
test,56,23,-0.0017599598645266458,0.40549868519909843
test,56,24,-0.0018352652049511465,0.40582318925365074
test,56,25,-0.0019121837074879539,0.4057335436064724
test,56,26,-0.0019891022100247614,0.4059825508932281
test,56,27,-0.002065214131505415,0.4059374249819957
test,56,28,-0.002142059308491663,0.4061577637594768
test,56,29,-0.0022181712299723173,0.4062208977463215
test,56,30,-0.0022942831514529715,0.40637773016187406
test,56,31,-0.002371201653989779,0.40619282440885884
test,56,32,-0.002447313575470433,0.4064720876449636
test,56,33,-0.0025242320780072404,0.40651910546478504
test,56,34,-0.0026003439994878945,0.40666709037752635
test,56,35,-0.0026771891764741425,0.40654760986000277
test,56,36,-0.0027533010979547963,0.4067292973557043
test,56,37,-0.0028294130194354505,0.40662597827356617
test,56,38,-0.002906404847522817,0.40686399954505387
test,56,39,-0.002983250024509065,0.406774260580453
test,56,40,-0.0030586286904841255,0.40700266111929106
test,56,41,-0.0031354738674703735,0.40691345659651296
test,56,42,-0.0032123190444566215,0.4071095900985513
test,56,43,-0.003288504291487835,0.40701926339201566
test,56,44,-0.003365349468474083,0.407154523461581
test,56,45,-0.0034422679710108903,0.4070485110470701
test,56,46,-0.0035176466369859502,0.40718464393957193
test,56,47,-0.0035944918139721982,0.4071561616115161
test,56,48,-0.0036713369909584462,0.40728398536448074
test,56,49,-0.0037474489124391004,0.40725219462702367
test,56,50,-0.003824440740526467,0.40731093072774244
test,56,51,-0.0038996727554004083,0.40731792605779316
test,56,52,-0.003976664583487775,0.40740394308816347
test,56,53,-0.0040535097604740234,0.4074043863495009
test,56,54,-0.004129621681954678,0.4074155616712534
test,56,55,-0.0042065401844914845,0.40746600110054243
test,56,56,-0.004283385361477733,0.4073884637283948
test,56,57,-0.004358764027452793,0.4075113542624707
test,56,58,-0.004435682529989601,0.4074640078274239
test,56,59,-0.004511794451470254,0.4075760351777208
test,56,60,-0.004588639628456502,0.40751984001873653
test,56,61,-0.00466548480544275,0.4076325326292099
test,56,62,-0.0047416700524739635,0.40755463730592534
test,56,63,-0.004818515229460212,0.4076562084437924
test,56,64,-0.004894700476491425,0.4076348127190575
test,56,65,-0.00497081239797208,0.4077388129828442
test,56,66,-0.005047657574958327,0.4076491544162811
test,56,67,-0.005124576077495135,0.40775610307049387
test,56,68,-0.005200614673425229,0.40775657178286684
test,56,69,-0.005277606501512596,0.4077506384445454
test,56,70,-0.005353645097442691,0.4078272687959474
test,56,71,-0.005429830344473904,0.4078236109207741
test,56,72,-0.005506675521460152,0.4078470235816122
test,56,73,-0.005582787442940806,0.4078017860580839
test,56,74,-0.005659705945477614,0.4078908920901148
test,56,75,-0.005735744541407709,0.40781156526815765
test,56,76,-0.005812736369495075,0.40791111553699844
test,56,77,-0.005888115035470135,0.40785464552998496
test,56,78,-0.005964960212456383,0.4079703364868143
test,56,79,-0.0060410721339370374,0.40790365073391044
test,56,80,-0.006117917310923285,0.4079725373860511
test,56,81,-0.006194029232403939,0.4080066210137092
test,56,82,-0.006270874409390188,0.40796265896639705
test,56,83,-0.006347866237477554,0.407991663138698
test,56,84,-0.006423978158958208,0.40796637876662073
test,56,85,-0.0065008233359444565,0.4080215230208552
test,56,86,-0.006576202001919516,0.40794428065852417
test,56,87,-0.006653047178905764,0.4080633334576141
test,56,88,-0.006729965681442572,0.4080210848369796
test,56,89,-0.006806150928473785,0.40808664961698976
test,56,90,-0.006882996105460033,0.4080604080063436
test,56,91,-0.006959841282446281,0.40808602917149395
test,56,92,-0.007035953203926935,0.4080895099635073
test,56,93,-0.007112871706463742,0.4080759459820832
test,56,94,-0.007188910302393837,0.40813615082879917
test,56,95,-0.007265095549425051,0.40812238207976687
test,56,96,-0.007342014051961858,0.40819878015127026
test,56,97,-0.007418125973442512,0.4081187887030338
test,56,98,-0.00749497115042876,0.40816855717879685
test,56,99,-0.00757034981640382,0.4081406398479569
test,56,100,-0.0076471949933900685,0.4081621618699007
test,56,101,-0.007723306914870723,0.40822149537213
test,56,102,-0.00780022541740753,0.4082133542545748
test,56,103,-0.007876410664438744,0.4082459722929451
test,56,104,-0.007953255841424992,0.40822385010112144
test,56,105,-0.008030101018411239,0.40827214023090314
test,56,106,-0.008107019520948047,0.4082063628897742
test,56,107,-0.008183131442428701,0.40824978776731213
test,56,108,-0.008259316689459914,0.40825777639819966
test,56,109,-0.00833535528539001,0.4082376752353834
test,56,110,-0.008412273787926815,0.4082905680410547
test,56,111,-0.00848838570940747,0.40827451152322913
test,56,112,-0.008565230886393719,0.4083145047602495
test,56,113,-0.008642149388930525,0.40826502438067347
test,56,114,-0.008718261310411179,0.4082940434291786
test,56,115,-0.008794446557442393,0.4083383878991344
test,56,116,-0.008871291734428641,0.4083245153200356
test,56,117,-0.008948136911414889,0.4083707688610356
test,56,118,-0.00902351557738995,0.4083164541880138
test,56,119,-0.009100360754376197,0.4083545764775913
test,56,120,-0.009176472675856851,0.4083428715628577
test,56,121,-0.009253391178393659,0.4083301678099792
test,56,122,-0.009329576425424872,0.40837185800463627
test,56,123,-0.00940642160241112,0.40835769712690423
test,56,124,-0.009483266779397368,0.4084244771224728
test,56,125,-0.009559378700878023,0.4083537020613874
test,56,126,-0.009635490622358677,0.4083989613956782
test,56,127,-0.009712482450446043,0.4084086641431023
test,56,128,-0.00978932762743229,0.4083725174585873
test,56,129,-0.009866172804418538,0.40844515428566636
test,57,0,0.0,
test,57,1,-7.940575792198002e-05,0.16154661016949154
test,57,2,-0.00015968848706598992,0.11049431667988369
test,57,3,-0.0002415657093409633,0.07693661971830985
test,57,4,-0.00032519687405999645,0.06031410848620826
test,57,5,-0.00040795106755699975,0.04981491274457959
test,57,6,-0.0004923794788415147,0.041512427287149656
test,57,7,-0.0005768078901260296,0.035498489425981876
test,57,8,-0.0006604390548450627,0.028958677685950413
test,57,9,-0.0007440702195640959,0.024337193580624302
test,57,10,-0.0008276216596265809,0.020159796814646278
test,57,11,-0.0009111730996890659,0.017272071205196055
test,57,12,-0.000995681235630129,0.014025492876990254
test,57,13,-0.001079232675692614,0.011766621880216604
test,57,14,-0.001162784115755099,0.00945000945000945
test,57,15,-0.0012464950051306802,0.007339967534758981
test,57,16,-0.001330843691758647,0.005921270261329805
test,57,17,-0.0014144748564776802,0.004141753861484803
test,57,18,-0.0014981060211967134,0.002970675608106121
test,57,19,-0.00158245470782468,0.0015880976262119693
test,57,20,-0.0016669628437657432,0.0005558496559025939
test,57,21,-0.0017505142838282282,-0.00042860024203307783
test,57,22,-0.0018341454485472613,-0.0012513235152565214
test,57,23,-0.0019177766132662945,-0.002140834695333901
test,57,24,-0.0020013280533287795,-0.0031990469046463397
test,57,25,-0.0020857564646132943,-0.003833852280188939
test,57,26,-0.0021693876293323276,-0.00460275758131199
test,57,27,-0.0022529390693948126,-0.005099939193032699
test,57,28,-0.0023364905094572976,-0.0059207415113969545
test,57,29,-0.002420201398832879,-0.006374079959089
test,57,30,-0.002504550085460846,-0.006937701908309354
test,57,31,-0.0025881812501798787,-0.007431832160185881
test,57,32,-0.002671812414898912,-0.007944257791165324
test,57,33,-0.002755363854961397,-0.008442069109409858
test,57,34,-0.002839792266245912,-0.008754575901549965
test,57,35,-0.002923423430964945,-0.009291486335159348
test,57,36,-0.00300697487102743,-0.009593031810022658
test,57,37,-0.003091483006968493,-0.01009276756571036
test,57,38,-0.003175034447030978,-0.01041173027067711
test,57,39,-0.0032594628583154928,-0.010770212823751511
test,57,40,-0.0033422170518124963,-0.011097426933110855
test,57,41,-0.003426645463097011,-0.011446436876647202
test,57,42,-0.003510196903159496,-0.011766634717247641
test,57,43,-0.0035939077925350774,-0.012060511986596693
test,57,44,-0.0036774592325975624,-0.012351921409997111
test,57,45,-0.0037610106726600474,-0.012560773187987805
test,57,46,-0.0038446418373790808,-0.012932275412554557
test,57,47,-0.003929070248663596,-0.013141433836374497
test,57,48,-0.004012621688726081,-0.013541252814196795
test,57,49,-0.004096332578101661,-0.013730471917400941
test,57,50,-0.004179884018164146,-0.014017948908125749
test,57,51,-0.004263435458226631,-0.014189701559205127
test,57,52,-0.004347943594167695,-0.014507518643791515
test,57,53,-0.00443149503423018,-0.014683686015013544
test,57,54,-0.004515046474292665,-0.014882908691343975
test,57,55,-0.004598677639011698,-0.015170925763603264
test,57,56,-0.004682308803730731,-0.015383305423892374
test,57,57,-0.004766737215015246,-0.01564315391264744
test,57,58,-0.0048503683797342795,-0.015820241139934233
test,57,59,-0.004933122573231283,-0.01598433893982525
test,57,60,-0.005016674013293768,-0.016150966055596766
test,57,61,-0.005100225453356253,-0.016442568271836565
test,57,62,-0.005183856618075286,-0.016544746017638612
test,57,63,-0.005267487782794319,-0.016836970690887684
test,57,64,-0.005351916194078834,-0.01697988244059939
test,57,65,-0.005435547358797867,-0.017126135085345377
test,57,66,-0.005519098798860352,-0.017292593246736564
test,57,67,-0.005602650238922837,-0.01751735918890277
test,57,68,-0.00568628140364187,-0.017687392862708432
test,57,69,-0.005770709814926385,-0.017885117493472585
test,57,70,-0.005853464008423388,-0.018060706986602074
test,57,71,-0.005937095173142421,-0.018172319862681443
test,57,72,-0.006020726337861455,-0.01839068617350093
test,57,73,-0.00610427777792394,-0.0185099155076798
test,57,74,-0.006188706189208455,-0.01875349077004597
test,57,75,-0.006272337353927487,-0.018842197479229075
test,57,76,-0.006355091547424491,-0.01905565394430422
test,57,77,-0.006439519958709006,-0.01913138028091473
test,57,78,-0.006523151123428039,-0.019327445652173914
test,57,79,-0.006606702563490524,-0.019425290440288696
test,57,80,-0.006690254003553009,-0.019619532098667302
test,57,81,-0.0067738851682720425,-0.019737789001269185
test,57,82,-0.006857516332991075,-0.019988109239896086
test,57,83,-0.00694106777305356,-0.020092064687893048
test,57,84,-0.007024698937772593,-0.020225215279311107
test,57,85,-0.007108330102491627,-0.020361722953384995
test,57,86,-0.007191881542554112,-0.02047569166307228
test,57,87,-0.007275512707273145,-0.020624333790162937
test,57,88,-0.00735906414733563,-0.02081150413700907
test,57,89,-0.007442695312054663,-0.020875509086145713
test,57,90,-0.007526246752117148,-0.02103267365793053
test,57,91,-0.007609877916836181,-0.021168304031586486
test,57,92,-0.007694306328120696,-0.021283336213351767
test,57,93,-0.007777060521617699,-0.021452991452991454
test,57,94,-0.007860691686336732,-0.021563752600334874
test,57,95,-0.007944243126399218,-0.021722273977340556
test,57,96,-0.00802787429111825,-0.02184917554967955
test,57,97,-0.008110628484615254,-0.021984626059212073
test,57,98,-0.008195056895899768,-0.02205206406887079
test,57,99,-0.008278688060618803,-0.02220414106160204
test,57,100,-0.008362239500681287,-0.022274276205264638
test,57,101,-0.008445870665400321,-0.022478984982526838
test,57,102,-0.008529422105462805,-0.02260670771309069
test,57,103,-0.008613053270181838,-0.022737095579155348
test,57,104,-0.008696604710244324,-0.02282918874847126
test,57,105,-0.008779358903741326,-0.02297551028648725
test,57,106,-0.008863069793116908,-0.023023963921623525
test,57,107,-0.008947418479744874,-0.023199833579332137
test,57,108,-0.009030172673241878,-0.023284800840117578
test,57,109,-0.009114601084526393,-0.023465115939844506
test,57,110,-0.009198232249245425,-0.023540975076245585
test,57,111,-0.00928098644274243,-0.023687200985494514
test,57,112,-0.009364537882804915,-0.023769413501670437
test,57,113,-0.009448169047523948,-0.0239246567953811
test,57,114,-0.009532597458808462,-0.024008219700315678
test,57,115,-0.009615351652305466,-0.02415824062381905
test,57,116,-0.00969890309236795,-0.024265324025000912
test,57,117,-0.009781737010521502,-0.024402839372511358
test,57,118,-0.009866165421806017,-0.024461233032995265
test,57,119,-0.009949716861868503,-0.024602503006279784
test,57,120,-0.010033348026587535,-0.024706625385903003
test,57,121,-0.01011610222008454,-0.024861914752892015
test,57,122,-0.010199733384803572,-0.02490996528939263
test,58,0,0.0,
test,58,1,-5.305086786112763e-05,0.23372465314834578
test,58,2,-0.00010495525331268275,0.21936864633493847
test,58,3,-0.00015623428472265287,0.20092790863668808
test,58,4,-0.000207096413438233,0.19297775395336372
test,58,5,-0.0002569162854178381,0.18597168597168598
test,58,6,-0.00030652770605024823,0.18310363343475927
test,58,7,-0.00035634757802985333,0.17982186732186733
test,58,8,-0.0004059589986622635,0.17795698924731182
test,58,9,-0.0004562999990098561,0.1757532281205165
test,58,10,-0.0005060156453158637,0.17448869752421958
test,58,11,-0.0005558355172954688,0.17286609240407205
test,58,12,-0.0006060722919694639,0.1724694903086863
test,58,13,-0.0006557879382754715,0.1711136890951276
test,58,14,-0.0007055035845814792,0.1708743842364532
test,58,15,-0.0007557403592554743,0.1700919804541535
test,58,16,-0.0008059771339294694,0.1695748837836017
test,58,17,-0.0008551716518674895,0.16888635210553019
test,58,18,-0.0009054084265414847,0.16863355897681662
test,58,19,-0.0009562705552570648,0.16821793416572078
test,58,20,-0.0010059862015630724,0.16770923209663502
test,58,21,-0.001056327201910665,0.16733436055469955
test,58,22,-0.0011055217198486852,0.1670344759943112
test,58,23,-0.0011557584945226802,0.16674484052532834
test,58,24,-0.001205474140828688,0.16653178670982827
test,58,25,-0.0012562320438706705,0.1661343232044199
test,58,26,-0.001306573044218263,0.16598870994521003
test,58,27,-0.0013562886905242708,0.16576727825078946
test,58,28,-0.0014065254651982658,0.1656001850281397
test,58,29,-0.0014568664655458586,0.16545075560187597
test,58,30,-0.0015072074658934512,0.1652274035693725
test,58,31,-0.0015568188865258614,0.164995124669174
test,58,32,-0.0016070556611998564,0.16488410540166673
test,58,33,-0.0016572924358738514,0.1647690092919775
test,58,34,-0.001707633436221444,0.16456540379180032
test,58,35,-0.0017573490825274517,0.16447104556813624
test,58,36,-0.0018082112112430319,0.16435192128865825
test,58,37,-0.0018584479859170269,0.16429280252174422
test,58,38,-0.0019086847605910221,0.1640378548895899
test,58,39,-0.001958504632570627,0.16404519273371732
test,58,40,-0.0020092625356126098,0.16381358678042984
test,58,41,-0.0020589781819186173,0.16385669125395153
test,58,42,-0.0021098403106341976,0.16363636363636364
test,58,43,-0.002159555956940205,0.1636148996558913
test,58,44,-0.0022103138599821877,0.16341409529420428
test,58,45,-0.002260133731961793,0.16339022107006554
test,58,46,-0.0023108916350037755,0.16322265533273847
test,58,47,-0.002360607281309783,0.16326108442319626
test,58,48,-0.0024104271532893883,0.16300580636449566
test,58,49,-0.002461185056331371,0.16312088008994907
test,58,50,-0.0025115260566789636,0.16292535378632386
test,58,51,-0.0025617628313529587,0.16298430317537654
test,58,52,-0.0026125207343949412,0.16273996509598604
test,58,53,-0.0026622363807009487,0.16267123287671234
test,58,54,-0.002712473155374944,0.16257202304737517
test,58,55,-0.002762293027354549,0.16255451223824305
test,58,56,-0.0028131551560701294,0.16243488327223615
test,58,57,-0.0028633919307441244,0.16246493289862765
test,58,58,-0.002913107577050132,0.16232931577280602
test,58,59,-0.0029638654800921145,0.16227748882865725
test,58,60,-0.0030142064804397073,0.16224247226624405
test,58,61,-0.0030645474807873,0.16217604648279038
test,58,62,-0.003114784255461295,0.16212071038918033
test,58,63,-0.0031644999017673026,0.1619669994168296
test,58,64,-0.0032147366764412977,0.162006551176848
test,58,65,-0.0032650776767888905,0.1619258200196173
test,58,66,-0.0033153144514628855,0.16192939943676732
test,58,67,-0.003366072354504868,0.16178771310140158
test,58,68,-0.0034157880008108756,0.16184603648846227
test,58,69,-0.003466024775484871,0.1616939967736378
test,58,70,-0.0035163657758324634,0.1617340558566069
test,58,71,-0.003566706776180056,0.16157019132711303
test,58,72,-0.0036174646792220388,0.16159827084146378
test,58,73,-0.0036671803255280463,0.16147275230580188
test,58,74,-0.0037174171002020413,0.16149667017174904
test,58,75,-0.003767758100549634,0.1613637673641132
test,58,76,-0.003818099100897227,0.16139582503839373
test,58,77,-0.003868335875571222,0.16130028352468911
test,58,78,-0.0039190937786132045,0.16126529311515386
test,58,79,-0.003969434778960797,0.16120558740235044
test,58,80,-0.004019671553634792,0.16115914617670898
test,58,81,-0.004069908328308787,0.16112934646278654
test,58,82,-0.004120145102982782,0.16109346373354072
test,58,83,-0.004170486103330375,0.1610740002864695
test,58,84,-0.004220827103677968,0.16100517254690033
test,58,85,-0.004271063878351963,0.16097858705050608
test,58,86,-0.004321300653025958,0.16090841680596227
test,58,87,-0.004371016299331966,0.16090840197284237
test,58,88,-0.004421774202373948,0.16083469460445352
test,58,89,-0.0044721152027215405,0.16085155993830683
test,58,90,-0.004522873105763523,0.16072200605274536
test,58,91,-0.004572692977743128,0.16077728023185375
test,58,92,-0.004622929752417124,0.16063959772545702
test,58,93,-0.0046731665270911184,0.16068107856810784
test,58,94,-0.004724028655806699,0.16059518881376203
test,58,95,-0.004774265430480694,0.16060030265448463
test,58,96,-0.0048240853024602995,0.16053775305695048
test,58,97,-0.004874843205502282,0.1605192779139737
test,58,98,-0.00492455885180829,0.16049723147514947
test,58,99,-0.004974795626482284,0.16044853527247316
test,58,100,-0.0050256577551978645,0.16038826975668286
test,58,101,-0.005075373401503872,0.1603309146171793
test,58,102,-0.005125714401851465,0.1603238694772094
test,58,103,-0.00517595117652546,0.16024557905231673
test,58,104,-0.005226187951199455,0.1602743997505457
test,58,105,-0.005277050079915035,0.1601857285521615
test,58,106,-0.005326765726221043,0.16023006557276742
test,58,107,-0.005377523629263026,0.16017053605706089
test,58,108,-0.00542776040393702,0.1601473355487048
test,58,109,-0.005478101404284614,0.16008647962472602
test,58,110,-0.005527817050590621,0.16010849483077164
test,58,111,-0.005578053825264616,0.1600311647837943
test,58,112,-0.005628915953980196,0.16002123449640462
test,58,113,-0.0056791527286541915,0.1599445135367837
test,58,114,-0.005729389503328186,0.15993855082358965
test,58,115,-0.005779209375307791,0.15990148338942262
test,58,116,-0.005830071504023372,0.15987139462280417
test,58,117,-0.005880308278697366,0.15986473126426373
test,58,118,-0.005930545053371362,0.15979697849767752
test,58,119,-0.005980886053718954,0.15978669670597212
test,58,120,-0.00603112282839295,0.15972072072072072
test,58,121,-0.006081359603066945,0.15971124036202167
test,58,122,-0.006131700603414537,0.15963527128691815
test,58,123,-0.006181937378088532,0.15967479674796747
test,58,124,-0.006232799506804112,0.159590235396687
test,58,125,-0.00628251515311012,0.15960216216216216
test,58,126,-0.006332751927784115,0.15954525954525955
test,58,127,-0.006382988702458111,0.1595403277293041
test,58,128,-0.006432704348764118,0.15950303634321236
test,58,129,-0.006483566477479698,0.15947470311675033
test,58,130,-0.006533803252153693,0.15947874392921296
test,58,131,-0.006584144252501286,0.15941239580754313
test,58,132,-0.006634381027175281,0.15940735159218974
test,58,133,-0.0066847220275228734,0.15932922566695387
test,58,134,-0.006734958802196869,0.15934487070878212
test,58,135,-0.0067851955768708635,0.15926035668810212
test,58,136,-0.006836057705586444,0.159300125602175
test,58,137,-0.006886294480260439,0.15922255014914538
test,58,138,-0.006936114352240045,0.15921501038035177
test,58,139,-0.006986351126914039,0.15917522886543412
test,58,140,-0.007037109029956022,0.1591567241978455
test,58,141,-0.007087345804630017,0.15912158017421174
test,58,142,-0.00713768680497761,0.15911132767888414
test,58,143,-0.007187923579651605,0.159102421616881
test,58,144,-0.00723774345163121,0.159028455589759
test,58,145,-0.007287980226305205,0.15901278753308729
test,58,146,-0.0073382170009792,0.15895407993246397
test,58,147,-0.007388453775653195,0.15898209097929614
test,58,148,-0.0074386905503271905,0.15892438398994807
test,58,149,-0.007489552679042771,0.15891824428754908
test,58,150,-0.007539789453716765,0.1588822096325448
test,58,151,-0.007589609325696371,0.15887040762990384
test,58,152,-0.007640367228738353,0.15884114462930427
test,58,153,-0.0076907082290859465,0.1587981316204165
test,58,154,-0.007740945003759941,0.1587918954211657
test,58,155,-0.0077911817784339366,0.1587449951870091
test,58,156,-0.007841418553107932,0.15873697925690802
test,58,157,-0.007891238425087536,0.1586645731757706
test,58,158,-0.007941475199761532,0.15868779766792576
test,58,159,-0.007991711974435527,0.15862448829713446
test,58,160,-0.008041531846415132,0.15861957116695838
test,58,161,-0.008092289749457115,0.15856099067880838
test,58,162,-0.008142630749804708,0.15857443187506257
test,58,163,-0.008192867524478703,0.15854653515259656
test,58,164,-0.008243104299152697,0.15853562057462323
test,58,165,-0.008293966427868277,0.1585127714506638
test,58,166,-0.008343577848500688,0.15843705831395613
test,58,167,-0.008394023074521877,0.15847231574040505
test,58,168,-0.008444259849195872,0.15839876431973227
test,58,169,-0.008494496623869868,0.15841565155082404
test,58,170,-0.008544733398543863,0.15836237820235582
test,58,171,-0.008595595527259444,0.15834666430608335
test,58,172,-0.00864583230193344,0.15831127930147915
test,58,173,-0.008695652173913044,0.15827927150910615
test,58,174,-0.008745888948587039,0.15825809217844117
test,58,175,-0.008796125723261035,0.1582186194795245
test,58,176,-0.008846362497935028,0.15822874238989537
test,58,177,-0.008897224626650609,0.1581644807975419
test,58,178,-0.008946940272956616,0.1581888644564042
test,58,179,-0.008997281273304208,0.15811950323765342
test,58,180,-0.009048039176346192,0.15812489487974243
test,58,181,-0.009098275951020187,0.15808338162115665
test,58,182,-0.00914861695136778,0.15807421313403752
test,59,0,0.0,
test,59,1,-5.7174186944685974e-05,0.18874868559411145
test,59,2,-0.00011534947833003766,0.14586070959264127
test,59,3,-0.00017385847119561124,0.11000175162024874
test,59,4,-0.00023147759344725976,0.08588312541037427
test,59,5,-0.00028976411865935206,0.06940361192776144
test,59,6,-0.000348161877698185,0.056288785945284504
test,59,7,-0.00040644840291027736,0.046502920473266436
test,59,8,-0.0004652910972560728,0.03938659151975883
test,59,9,-0.000524245025428609,0.034006871251382985
test,59,10,-0.000583198953601145,0.029396352965835256
test,59,11,-0.0006425978170806438,0.024955946087536315
test,59,12,-0.0007022191482136237,0.021607228600113493
test,59,13,-0.0007622854146535662,0.018691588785046728
test,59,14,-0.0008211281089993616,0.01600718079138305
test,59,15,-0.0008811943754393041,0.013472949389179756
test,59,16,-0.0009412606418792466,0.011188536657179312
test,59,17,-0.0010007707391854858,0.00935960591133005
test,59,18,-0.0010601696026649845,0.007790244753212022
test,59,19,-0.001120235869104927,0.005893206289758489
test,59,20,-0.0011803021355448694,0.0042641134306492965
test,59,21,-0.001240368401984812,0.002764908085487969
test,59,22,-0.0013004346684247544,0.0018072432406724848
test,59,23,-0.0013611683378251407,0.0006368122995747004
test,59,24,-0.0014217907733987862,-0.0006538654344935812
test,59,25,-0.0014818570398387287,-0.0017365106596648324
test,59,26,-0.0015424794754123744,-0.0026352846509756587
test,59,27,-0.001602545741852317,-0.003389830508474576
test,59,28,-0.001663279411252703,-0.004277175943220022
test,59,29,-0.0017233456776926455,-0.005247592599271468
test,59,30,-0.0017845242823999945,-0.006013805605912704
test,59,31,-0.001844590548839937,-0.0065278996019162
test,59,32,-0.001905324218240323,-0.007206942197381968
test,59,33,-0.001965835419987228,-0.007875637815738598
test,59,34,-0.0020265690893876143,-0.00848995662739549
test,59,35,-0.00208719152496126,-0.009039294785596893
test,59,36,-0.0021484813634953495,-0.009557840915693451
test,59,37,-0.002208547629935292,-0.010119569211634679
test,59,38,-0.002269726234642641,-0.01077443857331572
test,59,39,-0.0023310160731767303,-0.01115520755121742
test,59,40,-0.0023916385087503758,-0.01150386948337168
test,59,41,-0.002452372178150762,-0.011899144230891862
test,59,42,-0.002513550782858111,-0.012413157698149855
test,59,43,-0.002574061984605016,-0.012853564219179416
test,59,44,-0.002635463056965846,-0.01321591138683876
test,59,45,-0.0026966416616731946,-0.013537853698216256
test,59,46,-0.0027572640972468405,-0.013901992656837893
test,59,47,-0.00281855393578093,-0.014308284563519437
test,59,48,-0.0028797325404882786,-0.01462016973341613
test,59,49,-0.0029409111451956277,-0.01490960319323785
test,59,50,-0.003001644814596014,-0.01519715510929819
test,59,51,-0.0030628234193033625,-0.015514448021984782
test,59,52,-0.003124113257837452,-0.01588977724141399
test,59,53,-0.0031854030963715412,-0.016133011002022794
test,59,54,-0.003246025531945187,-0.01643472113270771
test,59,55,-0.003307204136652536,-0.016706285062280116
test,59,56,-0.0033690501443203284,-0.016987457858216832
test,59,57,-0.0034303399828544178,-0.017230622431004112
test,59,58,-0.003491518587561767,-0.017465240834580637
test,59,59,-0.0035521410231354124,-0.017684445665759545
test,59,60,-0.003613987030803205,-0.017920959503512718
test,59,61,-0.003675721804644257,-0.018167788399708493
test,59,62,-0.0037370116431783462,-0.018423694355634665
test,59,63,-0.0037988576508461392,-0.018604612549188902
test,59,64,-0.003860036255553488,-0.01879683886205572
test,59,65,-0.003920769924953874,-0.019030223051916702
test,59,66,-0.003981948529661223,-0.019288833239557164
test,59,67,-0.004043683303502275,-0.019547991724891682
test,59,68,-0.004105529311170067,-0.01971417143560396
test,59,69,-0.004166930383530897,-0.01986885494447182
test,59,70,-0.004228665157371949,-0.020063215942971148
test,59,71,-0.004289954995906039,-0.020266984926844363
test,59,72,-0.004351133600613388,-0.02044359848017029
test,59,73,-0.004412312205320737,-0.02061552792805704
test,59,74,-0.004474158212988529,-0.02078959459937087
test,59,75,-0.004535336817695878,-0.021021062909750313
test,59,76,-0.004597182825363671,-0.021233979874179205
test,59,77,-0.004659028833031463,-0.021345108695652173
test,59,78,-0.004720207437738812,-0.021467948975896343
test,59,79,-0.004781608510099642,-0.02163966123467908
test,59,80,-0.004843232050113953,-0.021827550580019093
test,59,81,-0.004904633122474783,-0.021984977362706916
test,59,82,-0.004966367896315836,-0.02209292681837611
test,59,83,-0.0050282139039836285,-0.022236789027833805
test,59,84,-0.005089503742517718,-0.022408370441877122
test,59,85,-0.00515123851635877,-0.02258193568241268
test,59,86,-0.005212528354892859,-0.022733494339438994
test,59,87,-0.005274819297867614,-0.02282717853427384
test,59,88,-0.005336109136401704,-0.022983995624360896
test,59,89,-0.005397955144069496,-0.02314357599699022
test,59,90,-0.0054592449826035856,-0.023298803669212793
test,59,91,-0.0055209797564446375,-0.02341077516572092
test,59,92,-0.00558282576411243,-0.023521249310456606
test,59,93,-0.005644560537953482,-0.02366807313642757
test,59,94,-0.0057064065456212745,-0.023845173356191452
test,59,95,-0.005767696384155364,-0.02397933613477775
test,59,96,-0.005829431157996417,-0.024122651638607145
test,59,97,-0.005891277165664209,-0.02419789846160485
test,59,98,-0.005953123173332002,-0.024314583945113325
test,59,99,-0.006014969180999794,-0.024444514915118072
test,59,100,-0.006076147785707143,-0.02458780499290988
test,59,101,-0.006137993793374936,-0.024691102188835645
test,59,102,-0.006200395970176431,-0.024777108619150705
test,59,103,-0.006261685808710521,-0.024907542875721368
test,59,104,-0.0063228644134178695,-0.025061383030107874
test,59,105,-0.006385377824046106,-0.02517616337595806
test,59,106,-0.006447001364060417,-0.02530508273764859
test,59,107,-0.00650884737172821,-0.025391484658496267
test,59,108,-0.006570693379396002,-0.02551977091802373
test,59,109,-0.006632539387063795,-0.02564102564102564
test,59,110,-0.006694941563865291,-0.025755809804714445
test,59,111,-0.00675623140239938,-0.025858980161424152
test,59,112,-0.006817966176240433,-0.02593658595845287
test,59,113,-0.006880368353041929,-0.026049385002963842
test,59,114,-0.006941546957749277,-0.02619788654162191
test,59,115,-0.00700339296541707,-0.026320100475072352
test,59,116,-0.007065906376045306,-0.026373011648155333
test,59,117,-0.007127752383713099,-0.026457156403615886
test,59,118,-0.007189487157554151,-0.0265788540003548
test,59,119,-0.007251333165221943,-0.026729407625665155
test,59,120,-0.007313067939062995,-0.02684739376177517
test,59,121,-0.007374913946730788,-0.026924158214571486
test,59,122,-0.00743675995439858,-0.027003839306779916
test,59,123,-0.007498605962066373,-0.027099475370495653
test,59,124,-0.007560896905041128,-0.027201667975047902
test,59,125,-0.0076234103156693645,-0.02733583426839276
test,59,126,-0.007685256323337157,-0.027409948827008705
test,59,127,-0.007746434928044506,-0.027503502843484712
test,59,128,-0.007808837104846002,-0.027579016232571453
test,59,129,-0.007870571878687053,-0.027686153271907724
test,59,130,-0.007932417886354846,-0.02780774929141974
test,59,131,-0.007994263894022639,-0.02790363178712693
test,59,132,-0.008056109901690431,-0.027969421579356394
test,59,133,-0.008118512078491928,-0.0280544482179188
test,59,134,-0.008179801917026016,-0.028197015858136082
test,59,135,-0.008242092860000771,-0.028282428838385013
test,59,136,-0.008304606270629008,-0.028366911043121862
test,59,137,-0.00836634104447006,-0.02844677404566154
test,59,138,-0.008428187052137853,-0.02853339199563067
test,59,139,-0.008490589228939348,-0.02863307564569393
test,59,140,-0.00855243523660714,-0.028750028039689245
test,59,141,-0.008614281244274933,-0.028821417832602652
test,59,142,-0.008676572187249688,-0.02887978857119688
test,59,143,-0.008738418194917481,-0.028945615332245007
test,59,144,-0.008800264202585274,-0.029046563192904655
test,59,145,-0.008862555145560029,-0.02917499945851894
test,59,146,-0.008924401153227821,-0.02924737659134338
test,59,147,-0.008986247160895616,-0.029308816146020645
test,59,148,-0.009048760571523852,-0.02939740968926174
test,59,149,-0.009111051514498607,-0.02950227643190377
test,59,150,-0.0091728975221664,-0.029623296634271455
test,59,151,-0.009234743529834192,-0.029687147933096455
test,59,152,-0.009297145706635687,-0.02976090033438827
test,59,153,-0.00935888048047674,-0.02983369085864236
test,59,154,-0.009421393891104976,-0.029907920721406647
test,59,155,-0.009483239898772769,-0.030019249603188004
test,59,156,-0.009545530841747524,-0.030108919595460675
test,59,157,-0.009607376849415317,-0.03016744130218787
test,59,158,-0.009669779026216812,-0.030245101612144425
test,59,159,-0.009732181203018308,-0.030311510275032427
test,59,160,-0.0097940272106861,-0.030410102893785478
test,59,161,-0.009856429387487596,-0.030504418621286115
test,59,162,-0.009918164161328649,-0.030568292344032237
test,59,163,-0.009980677571956885,-0.030625058208806632
test,59,164,-0.010042412345797936,-0.030713052249215576
test,59,165,-0.010104814522599433,-0.030818723469057546
test,59,166,-0.010167327933227669,-0.03092331610465868
test,59,167,-0.01022906270706872,-0.030992758847685025
test,59,168,-0.010291464883870217,-0.03103577215505422
test,59,169,-0.01035331089153801,-0.03111835257966992
test,59,170,-0.010415601834512764,-0.031200344891297655
test,59,171,-0.010478115245141001,-0.0313026174804837
test,60,0,0.0,
test,60,1,-8.160393468009933e-05,0.09485956544780075
test,60,2,-0.00016001534901488945,-0.004510480233483683
test,60,3,-0.00023515637665448474,-0.07410682702511497
test,60,4,-0.00031021953794419443,-0.128711558854719
test,60,5,-0.0003853605655837897,-0.16585365853658537
test,60,6,-0.000458788533525902,-0.19575784357048165
test,60,7,-0.0005331508976666414,-0.2185535781900795
test,60,8,-0.0006074353954574951,-0.23518506257035027
test,60,9,-0.0006808633633996075,-0.24922026716883422
test,60,10,-0.0007543691976916053,-0.2599438589057783
test,60,11,-0.0008278750319836032,-0.2693103614225901
test,60,12,-0.0009013808662756011,-0.27673649393605293
test,60,13,-0.0009748867005675989,-0.2836792836792837
test,60,14,-0.001048392534859597,-0.2886453806914793
test,60,15,-0.001121820502801709,-0.29344146685472494
test,60,16,-0.001195326337093707,-0.2978716372529579
test,60,17,-0.0012687543050358193,-0.3017042980655595
test,60,18,-0.0013422601393278171,-0.3051101321585903
test,60,19,-0.001415765973619815,-0.30803894297635603
test,60,20,-0.0014892718079118129,-0.31079866800570854
test,60,21,-0.0015626997758539252,-0.3137615140685559
test,60,22,-0.0016370621399946646,-0.31587290150587216
test,60,23,-0.001710490107936777,-0.31815675824680695
test,60,24,-0.0017839180758788891,-0.32000880475456744
test,60,25,-0.0018582804400196285,-0.32203676315233465
test,60,26,-0.0019317862743116264,-0.3240366450669321
test,60,27,-0.0020052142422537387,-0.3255418198888976
test,60,28,-0.002079576606394478,-0.32722300801508725
test,60,29,-0.0021538611041853318,-0.3285937955141276
test,60,30,-0.002227289072127444,-0.33021258623116995
test,60,31,-0.002300794906419442,-0.3314827744759115
test,60,32,-0.002375079404210296,-0.33283296493022335
test,60,33,-0.0024485852385022935,-0.33396247540747614
test,60,34,-0.0025228697362931476,-0.33493231495280673
test,60,35,-0.0025963755705851453,-0.33609783313479197
test,60,36,-0.0026698814048771433,-0.33702758964435453
test,60,37,-0.002744165902667997,-0.3381922950749526
test,60,38,-0.002817671736959995,-0.33926711748614913
test,60,39,-0.0028919562347508487,-0.34012961184094814
test,60,40,-0.0029654620690428464,-0.3411117560151963
test,60,41,-0.0030397465668337005,-0.3417876261066502
test,60,42,-0.003114031064624554,-0.34262027383494537
test,60,43,-0.0031875368989165522,-0.34336506845953774
test,60,44,-0.003261821396707406,-0.34401524960437346
test,60,45,-0.0033361058944982596,-0.34476250761944954
test,60,46,-0.0034096117287902576,-0.34544995871938355
test,60,47,-0.0034838962265811113,-0.3462837648273463
test,60,48,-0.003557402060873109,-0.34687822780915545
test,60,49,-0.003631686558663963,-0.34761315322103226
test,60,50,-0.0037051923929559607,-0.34822003058910395
test,60,51,-0.0037794768907468148,-0.34881027475879756
test,60,52,-0.0038537613885376684,-0.34950914770191877
test,60,53,-0.003927267222829666,-0.34998656729783784
test,60,54,-0.00400155172062052,-0.35054637071179556
test,60,55,-0.004075057554912518,-0.3510349654372357
test,60,56,-0.0041493420527033715,-0.3515847159187209
test,60,57,-0.00422284788699537,-0.3521336527876708
test,60,58,-0.004297132384786223,-0.35255722623225033
test,60,59,-0.004371416882577077,-0.3530794252216185
test,60,60,-0.004444922716869075,-0.3535294065957241
test,60,61,-0.004518428551161073,-0.35408509865947574
test,60,62,-0.004592713048951927,-0.3544958247589245
test,60,63,-0.004666218883243925,-0.35498799133032627
test,60,64,-0.0047405033810347785,-0.35549954283737367
test,60,65,-0.004814787878825632,-0.3558938506707327
test,60,66,-0.004889072376616486,-0.3562985208140315
test,60,67,-0.004962578210908484,-0.3566932603188091
test,60,68,-0.0050368627086993375,-0.3570470631099948
test,60,69,-0.005110368542991336,-0.3575248281130634
test,60,70,-0.005184653040782189,-0.35789156626506025
test,60,71,-0.005258158875074187,-0.3583678560292218
test,60,72,-0.005332443372865041,-0.35864512492405
test,60,73,-0.005405949207157039,-0.35905415162454873
test,60,74,-0.005479455041449036,-0.3594535690374781
test,60,75,-0.005554518202738746,-0.35979676310814707
test,60,76,-0.0056288027005296,-0.3601550634886511
test,60,77,-0.005702308534821598,-0.36046050019849146
test,60,78,-0.005776593032612452,-0.36087482348807826
test,60,79,-0.0058508775304033055,-0.3612341561040694
test,60,80,-0.0059243833646953035,-0.36156253087842954
test,60,81,-0.005998667862486157,-0.3619205621157412
test,60,82,-0.006073030226626897,-0.36219971465662393
test,60,83,-0.006146458194569009,-0.3626003149126371
test,60,84,-0.006220742692359863,-0.36288870626760433
test,60,85,-0.006294248526651861,-0.3631973417478256
test,60,86,-0.006368533024442714,-0.36360572769550326
test,60,87,-0.006441260195235856,-0.36385880756837946
test,60,88,-0.006516323356525566,-0.36418015903429773
test,60,89,-0.00659060785431642,-0.3644151584581047
test,60,90,-0.006664113688608418,-0.3647625682788176
test,60,91,-0.0067383981863992715,-0.36506962336797616
test,60,92,-0.006812682684190125,-0.36535289670813004
test,60,93,-0.006887045048330865,-0.3657052534969492
test,60,94,-0.006959694352774121,-0.3659492180931562
test,60,95,-0.007033978850564975,-0.36626256128130613
test,60,96,-0.007108263348355829,-0.3665874553407276
test,60,97,-0.007181769182647827,-0.36685821673763797
test,60,98,-0.00725605368043868,-0.3671478106604306
test,60,99,-0.0073295595147306785,-0.36743067270492197
test,60,100,-0.007404700542370274,-0.3677622602346421
test,60,101,-0.007478128510312386,-0.36798072208718874
test,60,102,-0.0075524130081032394,-0.3682348505585654
test,60,103,-0.007626775372243979,-0.3685289935865307
test,60,104,-0.0077002812065359765,-0.3687766876199835
test,60,105,-0.007773709174478089,-0.3690661341949208
test,60,106,-0.007848071538618828,-0.3692713665232127
test,60,107,-0.007922356036409683,-0.369568642123608
test,60,108,-0.007995784004351794,-0.3698385602107009
test,60,109,-0.008070146368492534,-0.37007934897116956
test,60,110,-0.008143574336434646,-0.3703987473004228
test,60,111,-0.008217080170726644,-0.3706014948392455
test,60,112,-0.008291364668517497,-0.37088195042115213
test,60,113,-0.008365649166308352,-0.37109269393196415
test,60,114,-0.008440011530449092,-0.3713758992390255
test,60,115,-0.00851437389458983,-0.3716153085153158
test,60,116,-0.0085869453326832,-0.3718573342111835
test,60,117,-0.008660451166975199,-0.3721695522603067
test,60,118,-0.008734735664766053,-0.3723542907133484
test,60,119,-0.008808241499058051,-0.3726320727993768
test,60,120,-0.00888330466034776,-0.3728724291394914
test,60,121,-0.008957589158138613,-0.3730799531658738
test,60,122,-0.009031951522279353,-0.3733590050206568
test,61,0,0.0,
test,61,1,-9.504008691723632e-05,0.021750951604132682
test,61,2,-0.0001927296726604028,-0.10762942779291552
test,61,3,-0.00028768429187357687,-0.19130751045644662
test,61,4,-0.0003835790558314358,-0.24627375905920962
test,61,5,-0.0004794738197892948,-0.28460103171989903
test,61,6,-0.0005753685837471537,-0.3108566193311956
test,61,7,-0.0006721180247456353,-0.3310794873810834
test,61,8,-0.0007671581116628716,-0.3485359972442301
test,61,9,-0.0008630528756207305,-0.36444989273674533
test,61,10,-0.0009598023166192121,-0.3775104833370117
test,61,11,-0.001057577370066441,-0.38968337598474584
test,61,12,-0.0011534721340243,-0.4008097165991903
test,61,13,-0.0012502215750227815,-0.41090013168514505
test,61,14,-0.0013461163389806403,-0.4198193222612332
test,61,15,-0.0014420111029384993,-0.42786124613345117
test,61,16,-0.0015387605439369809,-0.4352734051367026
test,61,17,-0.0016355954526395247,-0.4420652456459579
test,61,18,-0.0017324303613420685,-0.4484736922840927
test,61,19,-0.0018283251252999276,-0.4545190267158929
test,61,20,-0.0019242198892577866,-0.459887879373671
test,61,21,-0.0020218240072968907,-0.46468577438864056
test,61,22,-0.0021177187712547495,-0.4692064448125282
test,61,23,-0.0022145536799572933,-0.47348839442164137
test,61,24,-0.00231036297621109,-0.47761194029850745
test,61,25,-0.0024062577401689493,-0.4814111621335217
test,61,26,-0.00250223797183087,-0.48487678560057734
test,61,27,-0.002598047268084667,-0.4883212424644937
test,61,28,-0.002693942032042526,-0.4916553368406534
test,61,29,-0.002789836796000385,-0.4946357237968423
test,61,30,-0.0028866717047029288,-0.49734350583693354
test,61,31,-0.0029825664686607876,-0.49977763942008363
test,61,32,-0.003078461232618647,-0.5022572196567647
test,61,33,-0.0031743559965765056,-0.5048363654588283
test,61,34,-0.0032693106157896798,-0.5071246778089387
test,61,35,-0.0033661455244922236,-0.5092824413056828
test,61,36,-0.0034611001437053978,-0.5113199748955256
test,61,37,-0.003556140230622634,-0.513290149653786
test,61,38,-0.003652034994580493,-0.5154849934754241
test,61,39,-0.0037487844355789746,-0.5172394310493382
test,61,40,-0.003843824522496211,-0.5189826353984495
test,61,41,-0.00393971928645407,-0.5206802520048897
test,61,42,-0.004034673905667244,-0.5223947133791367
test,61,43,-0.00412971399258448,-0.5240613635199508
test,61,44,-0.004226548901287024,-0.5254069745617438
test,61,45,-0.004322358197540821,-0.5269435439476421
test,61,46,-0.004418338429202742,-0.5283355271030274
test,61,47,-0.004513293048415916,-0.5296397789020049
test,61,48,-0.00460824766762909,-0.5309737557183641
test,61,49,-0.004704142431586949,-0.532276903034523
test,61,50,-0.004800037195544808,-0.533466863293201
test,61,51,-0.0048950772824620445,-0.5347409533262845
test,61,52,-0.004990972046419903,-0.5358385967139577
test,61,53,-0.0050859266656330775,-0.536998017499974
test,61,54,-0.005181821429590936,-0.5380000203726152
test,61,55,-0.0052767760488041104,-0.5389953899538995
test,61,56,-0.005372670812761969,-0.54007601724629
test,61,57,-0.005467710899679206,-0.5411919073025306
test,61,58,-0.005562750986596442,-0.5421707307823581
test,61,59,-0.005657705605809616,-0.5430746863991351
test,61,60,-0.00575454051451216,-0.5439667179825526
test,61,61,-0.0058494951337253335,-0.5449162242791863
test,61,62,-0.005944449752938508,-0.5458479272888495
test,61,63,-0.006039489839855744,-0.5468276891126604
test,61,64,-0.00613452992677298,-0.5475292682717332
test,61,65,-0.006229484545986154,-0.5483767304586086
test,61,66,-0.006325379309944014,-0.5491339107261826
test,61,67,-0.006420333929157187,-0.5498872072515484
test,61,68,-0.006515374016074424,-0.550704373338075
test,61,69,-0.0066104141029916606,-0.5514379694008394
test,61,70,-0.006706308866949519,-0.5522008431266339
test,61,71,-0.006801178018458631,-0.5529120390077783
test,61,72,-0.006896218105375868,-0.5536536039989316
test,61,73,-0.0069921128693337265,-0.5542985744177995
test,61,74,-0.007086212811506278,-0.554959944761636
test,61,75,-0.007182193043168199,-0.5556532249203384
test,61,76,-0.007276207517636688,-0.5563057527433602
test,61,77,-0.007372102281594547,-0.556931681981622
test,61,78,-0.007467142368511783,-0.5575117784178539
test,61,79,-0.007562096987724957,-0.558136624369894
test,61,80,-0.007657137074642194,-0.5587786993298912
test,61,81,-0.007753031838600053,-0.5594019122533397
test,61,82,-0.007847131780772605,-0.5599590092564065
test,61,83,-0.007943026544730463,-0.5605161290322581
test,61,84,-0.008037981163943638,-0.5610583712537267
test,61,85,-0.008132935783156811,-0.5616358702674764
test,61,86,-0.008228916014818732,-0.5622872832923598
test,61,87,-0.008323015956991284,-0.5628404607858608
test,61,88,-0.008417970576204458,-0.5633779086818967
test,61,89,-0.008512925195417633,-0.5638777663295965
test,61,90,-0.00860881995937549,-0.5643993240069064
test,61,91,-0.008703005369252104,-0.5648467149761369
test,61,92,-0.008798900133209964,-0.5653455715163849
test,61,93,-0.008892914607678453,-0.5658924797203954
test,61,94,-0.00898795469459569,-0.5664081208312405
test,61,95,-0.009082994781512926,-0.5668400369856681
test,61,96,-0.0091779494007261,-0.5673559721380288
test,61,97,-0.009272904019939273,-0.5678015982613814
test,61,98,-0.009368798783897132,-0.568200532138356
test,61,99,-0.009462984193773746,-0.568706819114369
test,61,100,-0.009557938812986921,-0.5691419286843492
test,61,101,-0.009652893432200094,-0.5695892957103494
test,61,102,-0.009747933519117331,-0.570024808020363
test,61,103,-0.009842973606034568,-0.5704579607584009
test,61,104,-0.009937928225247741,-0.570877444823255
test,61,105,-0.010032028167420293,-0.5713083433087824
test,61,106,-0.010127922931378151,-0.5717133433780166
test,61,107,-0.010222963018295388,-0.5722258127391541
test,61,108,-0.010317917637508561,-0.5726409293485718
test,61,109,-0.010412017579681113,-0.573062108204728
test,61,110,-0.01050705766659835,-0.5734598575106268
test,62,0,0.0,
test,62,1,-6.125873780023806e-05,0.18480603448275862
test,62,2,-0.00012251747560047612,0.08899107384365702
test,62,3,-0.00018501262829209516,-0.006499368116988626
test,62,4,-0.0002486317945213332,-0.08247562296858071
test,62,5,-0.0003133749742881903,-0.13789736356732124
test,62,6,-0.00037834295676257123,-0.1779507603186097
test,62,7,-0.00044252412976061883,-0.2076116504854369
test,62,8,-0.0005068177041124283,-0.2305493159076986
test,62,9,-0.0005709988771104759,-0.24781923915677248
test,62,10,-0.000634618043339714,-0.2614318454654589
test,62,11,-0.0006989116176915234,-0.2732555252048671
test,62,12,-0.0007625307839207615,-0.283546726204037
test,62,13,-0.0008273863650413805,-0.29228761471752124
test,62,14,-0.0008915675380394281,-0.2994679602535013
test,62,15,-0.0009564231191600471,-0.3059442475612875
test,62,16,-0.0010212787002806662,-0.3117675279281749
test,62,17,-0.0010860218800475233,-0.31704483103637476
test,62,18,-0.0011508774611681423,-0.32153095455931685
test,62,19,-0.0012157330422887613,-0.32557601688300425
test,62,20,-0.0012800266166405707,-0.3295598175523438
test,62,21,-0.001345893809945047,-0.333132624744751
test,62,22,-0.0014108617924194278,-0.336225
test,62,23,-0.001475604972186285,-0.33912294552501254
test,62,24,-0.001540348151953142,-0.34208715596330275
test,62,25,-0.001605316134427523,-0.3448967005858773
test,62,26,-0.0016706213209631896,-0.3474373371188847
test,62,27,-0.0017354769020838086,-0.3494438207980406
test,62,28,-0.0018008944899732373,-0.3515386584237365
test,62,29,-0.0018657500710938563,-0.3535474546941259
test,62,30,-0.0019310552576295228,-0.35556168413311273
test,62,31,-0.0019964728455189513,-0.3572712549166177
test,62,32,-0.00206189043340838,-0.3589093543046358
test,62,33,-0.0021261840077601893,-0.36057949678800855
test,62,34,-0.002191601595649618,-0.3622366946551248
test,62,35,-0.0022570191835390467,-0.36372530455090574
test,62,36,-0.002322436771428475,-0.3649770575326489
test,62,37,-0.0023871799511953323,-0.3663585178990128
test,62,38,-0.0024525975390847607,-0.36776192346293146
test,62,39,-0.002518015126974189,-0.3690925070166983
test,62,40,-0.00258298310944857,-0.37015635152135146
test,62,41,-0.002648400697337999,-0.37116920254667096
test,62,42,-0.0027137058838736655,-0.3722804614655218
test,62,43,-0.0027785614649942845,-0.3734158485905073
test,62,44,-0.002843979052883713,-0.374405794914359
test,62,45,-0.0029093966407731414,-0.3754181836072026
test,62,46,-0.00297481422866257,-0.3763944211121674
test,62,47,-0.0030402318165519983,-0.3775165215752335
test,62,48,-0.0031056494044414272,-0.3784292009875176
test,62,49,-0.0031710669923308557,-0.3791634173080618
test,62,50,-0.003236484580220284,-0.3800170604982995
test,62,51,-0.0033012277599871413,-0.38089858347093075
test,62,52,-0.0033673197559991415,-0.38162465105376436
test,62,53,-0.00343273734388857,-0.382369854563324
test,62,54,-0.0034981549317779984,-0.38306323319614505
test,62,55,-0.0035628981115448555,-0.3838021426483779
test,62,56,-0.0036289901075568553,-0.3845704555804146
test,62,57,-0.0036937332873237124,-0.38520348611003036
test,62,58,-0.0037597128819819507,-0.38574351326029177
test,62,59,-0.0038256924766401886,-0.386374531201534
test,62,60,-0.0038905480577608076,-0.38707560337576147
test,62,61,-0.003955403638881427,-0.3877309762840099
test,62,62,-0.004021383233539665,-0.3882874015748031
test,62,63,-0.004086913222782855,-0.3888345795133293
test,62,64,-0.004152218409318522,-0.3894274120829576
test,62,65,-0.004217748398561713,-0.390086059695376
test,62,66,-0.004283615591866188,-0.3906487827439768
test,62,67,-0.004348358771633046,-0.3911436974441821
test,62,68,-0.004413888760876236,-0.39160285401733963
test,62,69,-0.004479868355534474,-0.392158282642979
test,62,70,-0.004545285943423903,-0.39262484929246777
test,62,71,-0.004610703531313331,-0.39308144127515465
test,62,72,-0.00467612111920276,-0.3935887942737258
test,62,73,-0.004741538707092189,-0.39416280538373166
test,62,74,-0.004806956294981617,-0.39466908867087513
test,62,75,-0.004872935889639855,-0.3951159535148988
test,62,76,-0.0049377914707604735,-0.39548840303209726
test,62,77,-0.005003209058649902,-0.3959823071428056
test,62,78,-0.005069188653308141,-0.39638972196299965
test,62,79,-0.005134606241197569,-0.3967896684157956
test,62,80,-0.005199911427733236,-0.3971657809732208
test,62,81,-0.005266003423745236,-0.3975778784136133
test,62,82,-0.005331421011634664,-0.398024754958448
test,62,83,-0.005396838599524093,-0.3984582722201014
test,62,84,-0.005462256187413521,-0.3988458051237252
test,62,85,-0.00552767377530295,-0.39921773312664743
test,62,86,-0.005593091363192379,-0.3996379388375251
test,62,87,-0.005659183359204378,-0.4000345138342952
test,62,88,-0.005724488545740045,-0.4003627195116557
test,62,89,-0.005789906133629474,-0.4006886122775445
test,62,90,-0.005855323721518902,-0.40104684863952933
test,62,91,-0.00592130331617714,-0.401459630935863
test,62,92,-0.005986720904066568,-0.4017510021706139
test,62,93,-0.006052138491955997,-0.4020409506092345
test,62,94,-0.006118230487967997,-0.4023697355649724
test,62,95,-0.006183535674503663,-0.4027829835082459
test,62,96,-0.006249065663746854,-0.40312867683283776
test,62,97,-0.006314932857051331,-0.40340632045111663
test,62,98,-0.006380350444940759,-0.40371129571690584
test,62,99,-0.0064457680328301875,-0.40406873794921666
test,62,100,-0.0065111856207196155,-0.4044323487998041
test,62,101,-0.006577277616731616,-0.40472490411321255
test,62,102,-0.006642695204621045,-0.40495276969839183
test,62,103,-0.006708112792510473,-0.40526065479857754
test,62,104,-0.006773979985814949,-0.4056138698126034
test,62,105,-0.006839397573704378,-0.4059744542769733
test,62,106,-0.006905489569716377,-0.40627659015704604
test,62,107,-0.006971469164374616,-0.40655863956622645
test,62,108,-0.007036324745495235,-0.40687272821015186
test,62,109,-0.0071023043401534725,-0.40712435696369365
test,62,110,-0.007167721928042901,-0.4073779703747203
test,62,111,-0.00723313951593233,-0.40760288783307164
test,62,112,-0.007299119110590568,-0.40787170561909497
test,62,113,-0.007364536698479997,-0.4081848920083199
test,62,114,-0.007429954286369425,-0.40849770602979474
test,62,115,-0.007495933881027663,-0.40873423362331196
test,62,116,-0.007561913475685901,-0.4089599400685754
test,62,117,-0.00762733106357533,-0.40926383552120976
test,62,118,-0.007692748651464758,-0.4095475963399779
test,62,119,-0.007758840647476758,-0.40976744839339474
test,62,120,-0.007824820242134996,-0.4100041324040841
test,62,121,-0.007890237830024426,-0.4102995081876623
test,62,122,-0.00795554301656009,-0.4106029533340337
test,62,123,-0.00802096060444952,-0.410876981556068
test,62,124,-0.00808705260046152,-0.411074707762003
test,62,125,-0.008152470188350948,-0.4112915810264344
test,62,126,-0.008218449783009186,-0.4115464063446848
test,62,127,-0.008283867370898616,-0.4118150459488638
test,62,128,-0.008349284958788044,-0.41203520246643704
test,62,129,-0.008415264553446282,-0.41224586799178997
test,62,130,-0.00848068214133571,-0.41251055910741774
test,62,131,-0.008547223742762757,-0.41277224099338705
test,62,132,-0.008612641330652187,-0.41299197134856847
test,62,133,-0.008678058918541615,-0.4131965694452595
test,62,134,-0.008743476506431043,-0.41343069337826877
test,62,135,-0.008808894094320473,-0.4136778893808234
test,62,136,-0.008874986090332472,-0.413890790719794
test,62,137,-0.0089404036782219,-0.41410622199248653
test,62,138,-0.009006383272880138,-0.41431324931205726
test,62,139,-0.009071688459415805,-0.4145821882910821
test,62,140,-0.009137780455427805,-0.4148110674707818
test,62,141,-0.009203198043317234,-0.41502157635974574
test,62,142,-0.009269177637975471,-0.41520787101588735
test,62,143,-0.00933515723263371,-0.415446840543081
test,62,144,-0.009400574820523139,-0.4156770240225584
test,62,145,-0.009465992408412567,-0.4158803186680874
test,62,146,-0.009532084404424566,-0.4160464583174142
test,62,147,-0.009597951597729044,-0.4162473532023406
test,62,148,-0.009663369185618472,-0.41648605556665397
test,62,149,-0.009729461181630471,-0.4167009876968467
test,62,150,-0.0097948787695199,-0.41686565054711266
test,62,151,-0.009860296357409329,-0.4170546244568591
test,62,152,-0.009926163550713804,-0.4173044522018743
test,62,153,-0.009992255546725805,-0.417540379194276
test,62,154,-0.010058235141384042,-0.4177415614719054
test,62,155,-0.010123652729273472,-0.41793656107913124
test,62,156,-0.01018963232393171,-0.4181580142868896
test,62,157,-0.010255049911821138,-0.41835766306607947
test,62,158,-0.010320467499710566,-0.41854452466057274
test,62,159,-0.010386559495722567,-0.41871296998287144
test,62,160,-0.010451977083611995,-0.4188755062105627
test,62,161,-0.01051784427691647,-0.4190903733490484
test,62,162,-0.0105832618648059,-0.41932583185761435
test,62,163,-0.0106493538608179,-0.4194922509022922
test,62,164,-0.010714771448707328,-0.41965972248220845
test,62,165,-0.010780751043365566,-0.4198516924784
test,62,166,-0.010846168631254994,-0.42007586202258373
test,62,167,-0.010912148225913233,-0.42024354290413046
test,62,168,-0.01097812782057147,-0.4204057219757763
test,63,0,0.0,
test,63,1,-6.292070803604288e-05,0.20225321888412018
test,63,2,-0.0001263162893402823,0.15142549757934373
test,63,3,-0.00018852468747403037,0.10801581595974119
test,63,4,-0.0002502582123395819,0.07584155738813032
test,63,5,-0.00031056711740054375,0.05518811666485959
test,63,6,-0.0003715883323638004,0.04084774929807083
test,63,7,-0.0004313036458395166,0.03066147859922179
test,63,8,-0.0004923248608027733,0.02258152544685496
test,63,9,-0.0005520401742784894,0.015853732612525057
test,63,10,-0.0006118742060712548,0.009966049720731575
test,63,11,-0.0006715895195469709,0.005133572567783094
test,63,12,-0.0007313048330226871,0.0010521981792396724
test,63,13,-0.000791732456400698,-0.002705559078418939
test,63,14,-0.0008514477698764142,-0.005895067793279623
test,63,15,-0.0009105694917668847,-0.008921032343331253
test,63,16,-0.0009709971151448957,-0.011575031004547334
test,63,17,-0.0010301188370353662,-0.013856887879279571
test,63,18,-0.0010898341505110824,-0.016042452685500443
test,63,19,-0.0011496681823038478,-0.017853508185281034
test,63,20,-0.0012092647774625148,-0.01962301696976397
test,63,21,-0.0012685052176700344,-0.021337688680487868
test,63,22,-0.0013282205311457504,-0.02276672284973963
test,63,23,-0.0013880545629385158,-0.02405547930361916
test,63,24,-0.0014471762848289862,-0.025119479140211946
test,63,25,-0.0015068915983047024,-0.026186252771618627
test,63,26,-0.0015660133201951729,-0.027472058698063306
test,63,27,-0.001625728633670889,-0.02864363942712721
test,63,28,-0.0016855626654636545,-0.0296164139161463
test,63,29,-0.001744684387354125,-0.030421381119215822
test,63,30,-0.0018043997008298411,-0.031174793587322745
test,63,31,-0.0018635214227203116,-0.03186665471816471
test,63,32,-0.001922643144610782,-0.03273933583437543
test,63,33,-0.0019817648665012523,-0.03340858548419705
test,63,34,-0.0020415988982940177,-0.034263378254612065
test,63,35,-0.002100601901867439,-0.03494747548591135
test,63,36,-0.0021604359336602043,-0.035534877969612196
test,63,37,-0.002219557655550675,-0.036010288653901115
test,63,38,-0.002278679377441145,-0.0366723807012146
test,63,39,-0.0023383946909168616,-0.037291910567944946
test,63,40,-0.0023976351311243813,-0.037799682566201656
test,63,41,-0.0024566381346978025,-0.03825982989592674
test,63,42,-0.002515878574905322,-0.038683487881561666
test,63,43,-0.002575000296795793,-0.039125476270703195
test,63,44,-0.0026353092018567546,-0.039608851507973705
test,63,45,-0.002694430923747225,-0.04006342756621491
test,63,46,-0.0027535526456376955,-0.04062685590313549
test,63,47,-0.002812674367528166,-0.040931093394077446
test,63,48,-0.0028719148077356853,-0.0412357957846304
test,63,49,-0.002930917811309107,-0.04156420765027322
test,63,50,-0.0029900395331995773,-0.04199908503587329
test,63,51,-0.0030498735649923427,-0.04232717406763158
test,63,52,-0.0031089952868828133,-0.0427228434676225
test,63,53,-0.0031681170087732836,-0.04295266677196862
test,63,54,-0.0032272387306637542,-0.043249054185358994
test,63,55,-0.0032863604525542245,-0.04359432411035099
test,63,56,-0.003345482174444695,-0.04383892162434321
test,63,57,-0.00340401030474992,-0.04424067869668293
test,63,58,-0.003463844336542685,-0.04455912653328455
test,63,59,-0.0035228473401161067,-0.04480437725418177
test,63,60,-0.0035820877803236263,-0.04512363148879124
test,63,61,-0.0036412095022140966,-0.04534131912009817
test,63,62,-0.003700212505787518,-0.045621654742381376
test,63,63,-0.0037594529459950374,-0.04586936277770387
test,63,64,-0.003818574667885508,-0.04617762100998812
test,63,65,-0.003878289981361224,-0.04636547306882174
test,63,66,-0.0039368181116664494,-0.04661501333672044
test,63,67,-0.003995939833556919,-0.0468587064427593
test,63,68,-0.004055180273764439,-0.04708551512112519
test,63,69,-0.0041141832773378606,-0.0473316211201763
test,63,70,-0.0041733643583868555,-0.04753005071682441
test,63,71,-0.0042325454394358504,-0.047754047754047756
test,63,72,-0.004291607802167797,-0.04790823735895066
test,63,73,-0.004351382474802037,-0.04812862898901537
test,63,74,-0.004409910605107262,-0.04832944128294073
test,63,75,-0.004468972967839208,-0.04858278461756437
test,63,76,-0.004527501098144432,-0.04879448909299656
test,63,77,-0.004587869362363919,-0.04896811733170615
test,63,78,-0.004646397492669144,-0.049154462915417606
test,63,79,-0.004705519214559614,-0.04934250125693082
test,63,80,-0.004764047344864839,-0.049477254449456276
test,63,81,-0.00482316906675531,-0.04969227262366081
test,63,82,-0.00488294373938955,-0.049941999317639034
test,63,83,-0.004942006102121497,-0.05016012135513231
test,63,84,-0.005001187183170492,-0.0502458328336731
test,63,85,-0.005059715313475716,-0.05043881306497593
test,63,86,-0.0051187776762076625,-0.05058669634315391
test,63,87,-0.005177899398098132,-0.05076426237101464
test,63,88,-0.005237080479147127,-0.050984906788446985
test,63,89,-0.005296142841879074,-0.05115787619970062
test,63,90,-0.0053553239229280685,-0.051284124624465854
test,63,91,-0.005413852053233293,-0.051418657873366636
test,63,92,-0.005473626725867534,-0.051532024950555304
test,63,93,-0.005532748447758005,-0.05170825682550194
test,63,94,-0.0055918701696484755,-0.05189421015010722
test,63,95,-0.005650991891538945,-0.05205146794452402
test,63,96,-0.005710113613429416,-0.05226379215809797
test,63,97,-0.005769235335319887,-0.05235599071690009
test,63,98,-0.005827763465625111,-0.052487513857617976
test,63,99,-0.005886885187515582,-0.05262115820854995
test,63,100,-0.005946600500991298,-0.05281552093018046
test,63,101,-0.006005781582040293,-0.052948842367946766
test,63,102,-0.0060636567616017475,-0.05310701577120766
test,63,103,-0.006122778483492218,-0.053209193051914856
test,63,104,-0.006181900205382689,-0.05334683522485497
test,63,105,-0.006241021927273159,-0.0534700584745401
test,63,106,-0.006300143649163629,-0.05362852718422485
test,63,107,-0.006359324730212624,-0.0537732934702362
test,63,108,-0.006418446452103095,-0.05390066506884137
test,63,109,-0.00647762753315209,-0.054065446021938704
test,63,110,-0.00653609630429879,-0.0541986093777857
test,63,111,-0.006594624434604015,-0.054294051128791244
test,63,112,-0.006653093205750716,-0.054445934316648986
test,63,113,-0.006712808519226432,-0.05459153057631557
test,63,114,-0.006771930241116902,-0.05474744992011798
test,63,115,-0.006831111322165897,-0.054873026934566596
test,63,116,-0.006889639452471122,-0.05501901122314393
test,63,117,-0.006948701815203068,-0.05511350843828293
test,63,118,-0.0070072299455082926,-0.055237045727666974
test,63,119,-0.0070664110265572875,-0.05535013636170944
test,63,120,-0.007126185699191529,-0.05545953924627716
test,63,121,-0.007184595111179704,-0.05563688248156246
test,63,122,-0.007243776192228699,-0.05575875093046123
test,63,123,-0.007302957273277694,-0.05589484622536598
test,63,124,-0.0073613666852658695,-0.05596220358523408
test,63,125,-0.0074206071254733896,-0.05608977233992932
test,63,126,-0.007479016537461565,-0.05623362003372771
test,63,127,-0.007538791210095806,-0.0563666303191372
test,63,128,-0.00759731934040103,-0.05649418062193097
test,63,129,-0.00765578811154773,-0.05661828945481099
test,63,130,-0.007714909833438201,-0.05673333649644797
test,63,131,-0.007774684506072442,-0.05681044778036033
test,63,132,-0.007833212636377667,-0.056929841330529536
test,63,133,-0.007892334358268136,-0.057030821773411476
test,63,134,-0.007950862488573362,-0.05716282554017803
test,63,135,-0.008009984210463832,-0.05729703233524974
test,63,136,-0.008068452981610533,-0.05741149302047465
test,63,137,-0.008127634062659529,-0.05753784684411767
test,63,138,-0.008186102833806228,-0.05763869132290185
test,63,139,-0.008245283914855224,-0.057717914988742104
test,63,140,-0.008304405636745693,-0.0578372336205964
test,63,141,-0.008363467999477639,-0.057970092015387616
test,63,142,-0.008421996129782864,-0.05809622001271978
test,63,143,-0.008481770802417105,-0.05822150217908937
test,63,144,-0.008540239573563806,-0.05832122446912532
test,63,145,-0.00859876770386903,-0.05841229064544459
test,63,146,-0.0086578894257595,-0.05851952892355574
test,63,147,-0.008716417556064724,-0.058625519523393343
test,63,148,-0.00877494568636995,-0.058768674397358577
test,63,149,-0.008834660999845666,-0.05886029716316864
test,63,150,-0.008893842080894662,-0.058970944672192466
test,63,151,-0.00895231085204136,-0.05908319058889975
test,63,152,-0.009010838982346586,-0.05919984052920678
test,63,153,-0.009069960704237056,-0.059274824977354326
test,63,154,-0.009129082426127528,-0.05936600473674622
test,63,155,-0.009187610556432753,-0.059498597158113856
test,63,156,-0.009246138686737976,-0.05959712230215827
test,63,157,-0.009305854000213692,-0.05970720060618624
test,63,158,-0.009364382130518918,-0.05983576862697742
test,63,159,-0.009422910260824143,-0.05990999735286332
test,63,160,-0.009482031982714613,-0.06000701508242722
test,64,0,0.0,
test,64,1,-7.550841053417376e-05,0.35205183585313177
test,64,2,-0.00014940862976893813,0.35173160173160173
test,64,3,-0.00022246646308496428,0.3555595602811317
test,64,4,-0.00029636668231972866,0.3572296476306197
test,64,5,-0.0003694245156357548,0.35717372515125323
test,64,6,-0.000443248154332452,0.3591796347935594
test,64,7,-0.0005163059876484782,0.36041313396022817
test,64,8,-0.0005894404015025714,0.3611111111111111
test,64,9,-0.0006616558488998593,0.36209377623216216
test,64,10,-0.0007356326486726908,0.3622140699179974
test,64,11,-0.0008078480960699787,0.36289650438790017
test,64,12,-0.0008809059293860049,0.3630684882257775
test,64,13,-0.0009531979573213598,0.36313845898510433
test,64,14,-0.001026332371175453,0.36378692755074526
test,64,15,-0.0010977054326540027,0.3634696958803652
test,64,16,-0.001171605651888767,0.3638630543199892
test,64,17,-0.001243897679824122,0.3642100589839538
test,64,18,-0.0013161131272214099,0.3641836643004762
test,64,19,-0.0013892475410755031,0.3643610985020427
test,64,20,-0.001461462988472791,0.36455525606469
test,64,21,-0.0015345208217888173,0.3646608820660266
test,64,22,-0.0016068128497241723,0.36496618641576006
test,64,23,-0.0016783390722788561,0.36467610387175403
test,64,24,-0.0017513969055948822,0.36489825254930147
test,64,25,-0.0018236889335302372,0.3650769695140356
test,64,26,-0.001895904380927525,0.36523830254783674
test,64,27,-0.0019690387947816183,0.3653423837093232
test,64,28,-0.002040488436798235,0.3653760998055486
test,64,29,-0.002113469689576194,0.36527702916194266
test,64,30,-0.002185761717511549,0.3655604865515569
test,64,31,-0.002258053745446904,0.3654351038859428
test,64,32,-0.002330345773382259,0.3656087864699144
test,64,33,-0.002403403606698285,0.365758055823221
test,64,34,-0.0024756956346336403,0.36564833457520174
test,64,35,-0.002547987662568995,0.36577403409353393
test,64,36,-0.0026202796905043504,0.3657364433931191
test,64,37,-0.0026925717184397052,0.3656532696257666
test,64,38,-0.0027647871658369933,0.3658657664813344
test,64,39,-0.0028378449991530194,0.36585635511822995
test,64,40,-0.002910060446550307,0.36585365853658536
test,64,41,-0.0029831948604044003,0.3660120409075374
test,64,42,-0.003054644502421017,0.3659065535693662
test,64,43,-0.003127702335737043,0.3659380326882583
test,64,44,-0.0031992285582917272,0.3661052244747964
test,64,45,-0.0032722863916077533,0.3659512288602501
test,64,46,-0.003344578419543108,0.3660222612770943
test,64,47,-0.0034168704474784634,0.3660768551540658
test,64,48,-0.0034899282807944894,0.36596155573520167
test,64,49,-0.003562143728191777,0.36608223155949576
test,64,50,-0.003633593370208394,0.3661097337501347
test,64,51,-0.003706727784062487,0.36610445332149727
test,64,52,-0.0037789432314597753,0.36619645318767424
test,64,53,-0.00385123525939513,0.36623413602342986
test,64,54,-0.003924293092711156,0.36612703609070585
test,64,55,-0.003996585120646511,0.3662171961664347
test,64,56,-0.004068877148581867,0.36620599387908304
test,64,57,-0.004141092595979154,0.3662039751129938
test,64,58,-0.004213384623914509,0.3662618359552859
test,64,59,-0.004285676651849864,0.36623063431745106
test,64,60,-0.004357892099247152,0.3661930082995006
test,64,61,-0.004430184127182507,0.3663335718892747
test,64,62,-0.004503241960498533,0.36627810954355405
test,64,63,-0.0045747681830532174,0.36628056187657193
test,64,64,-0.0046478260163692435,0.36635480964370826
test,64,65,-0.004720118044304598,0.3663040413923484
test,64,66,-0.004792410072239953,0.36627090410243013
test,64,67,-0.004865467905555979,0.36633097923135083
test,64,68,-0.004936917547572596,0.3663131697419314
test,64,69,-0.005009975380888623,0.3662899232193209
test,64,70,-0.005081425022905239,0.3663548523694037
test,64,71,-0.005154482856221265,0.3663503871261576
test,64,72,-0.00522677488415662,0.3663290741281355
test,64,73,-0.005299066912091975,0.3664513271069438
test,64,74,-0.00537135894002733,0.36638941894509913
test,64,75,-0.005444416773343356,0.3663552745041679
test,64,76,-0.005515866415359973,0.36644139192840375
test,64,77,-0.005588924248675999,0.3663857664795554
test,64,78,-0.005662058662530093,0.3663605773549185
test,64,79,-0.005734350690465447,0.3663956010969969
test,64,80,-0.005805723751943997,0.3664382869500192
test,64,81,-0.0058780157798793515,0.3663468448087723
test,64,82,-0.005950307807814707,0.36640880201384185
test,64,83,-0.006022599835750062,0.3664326855020422
test,64,84,-0.006095657669066088,0.36642969882842075
test,64,85,-0.006167949697001443,0.3664141013854104
test,64,86,-0.006240165144398731,0.3664627802915408
test,64,87,-0.006312457172334086,0.3663901777251919
test,64,88,-0.006384749200269441,0.36645639392454676
test,64,89,-0.006456964647666729,0.3664714751993799
test,64,90,-0.006529256675602084,0.36641655638260284
test,64,91,-0.00660231450891811,0.3664005496067469
test,64,92,-0.006674606536853465,0.36648233198987723
test,64,93,-0.00674689856478882,0.366486047926748
test,64,94,-0.006818348206805437,0.3664333098256417
test,64,95,-0.006891406040121463,0.3664554340857903
test,64,96,-0.006964540453975556,0.366424898389958
test,64,97,-0.007035913515454106,0.3664331234963691
test,64,98,-0.00710820554338946,0.36644357309018516
test,64,99,-0.007180497571324816,0.3664815722140563
test,64,100,-0.007253555404640842,0.36644335814339535
test,64,101,-0.007325081627195525,0.36647527161732374
test,64,102,-0.007398139460511552,0.3664982880331403
test,64,103,-0.007470431488446907,0.3663938800925102
test,64,104,-0.007542646935844195,0.36642016510595077
test,64,105,-0.007615704769160221,0.36649163599780316
test,64,106,-0.007687996797095576,0.36644532123899204
test,64,107,-0.0077602888250309305,0.36642221058145624
test,64,108,-0.00783250427242822,0.36647304809525233
test,64,109,-0.007904796300363573,0.36647630349328786
test,64,110,-0.007977088328298928,0.3664104184733879
test,64,111,-0.008049380356234283,0.3664339331319978
test,64,112,-0.008121672384169639,0.36648028025330587
test,64,113,-0.008193887831566927,0.3664464741373143
test,64,114,-0.008266103278964215,0.36644808691499975
test,64,115,-0.008339237692818307,0.36646780671374946
test,64,116,-0.008410687334834924,0.3664523263053235
test,64,117,-0.00848374516815095,0.3664068689772078
test,64,118,-0.008555271390705634,0.36644910226136046
test,64,119,-0.008628329224021661,0.3664690510373688
test,64,120,-0.008699778866038278,0.36643206510754694
test,64,121,-0.008773679085273042,0.36639868160256556
test,64,122,-0.008845205307827725,0.36645123098739635
test,64,123,-0.008918186560605685,0.3664375008215793
test,65,0,0.0,
test,65,1,-6.279719877350241e-05,0.17750533049040512
test,65,2,-0.0001261383578828677,0.1125703564727955
test,65,3,-0.0001889355566563701,0.0603401969561325
test,65,4,-0.0002497382341983753,0.02229983879634605
test,65,5,-0.0003099365113671996,-0.003654735031710201
test,65,6,-0.00036953038816284287,-0.02257255463991401
test,65,7,-0.000428398984510669,-0.0360733747793384
test,65,8,-0.00048678406055995037,-0.045515574650913
test,65,9,-0.0005450482565345956,-0.05260960334029228
test,65,10,-0.0006027684921733778,-0.05836909871244635
test,65,11,-0.0006603678477375239,-0.06327077747989276
test,65,12,-0.0007193573241599862,-0.06733645903103372
test,65,13,-0.0007776819601719494,-0.07093717816683831
test,65,14,-0.0008359461561465946,-0.07436152316868022
test,65,15,-0.0008936663917853769,-0.07729899407861882
test,65,16,-0.0009525954281705212,-0.07947595334380535
test,65,17,-0.0010108596241451663,-0.08141253419703783
test,65,18,-0.0010691842601571295,-0.0831824254119044
test,65,19,-0.0011268440557585938,-0.08479770573846543
test,65,20,-0.001185833532181056,-0.08653050327059138
test,65,21,-0.0012434933277825203,-0.08820763110399349
test,65,22,-0.0013017575237571654,-0.08946895999611848
test,65,23,-0.0013600821597691288,-0.09070663016749408
test,65,24,-0.001418406795781092,-0.09199617701318041
test,65,25,-0.0014766709917557372,-0.0930946946263626
test,65,26,-0.0015349956277677004,-0.09409158959004123
test,65,27,-0.0015926554233691647,-0.09493158528639406
test,65,28,-0.0016509800593811279,-0.09563694510012945
test,65,29,-0.001709304695393091,-0.09642384592766834
test,65,30,-0.0017682337317782354,-0.09729326513213982
test,65,31,-0.0018264979277528804,-0.09808065707854356
test,65,32,-0.0018848830038021619,-0.09872001864212121
test,65,33,-0.001942542799403626,-0.09940444487483659
test,65,34,-0.002000806995378271,-0.10007203933974379
test,65,35,-0.0020591316313902344,-0.10066021662407204
test,65,36,-0.002117456267402198,-0.10116081330868762
test,65,37,-0.002176324863750024,-0.1016746755675769
test,65,38,-0.0022347099397993053,-0.10210942095974451
test,65,39,-0.0022923697354007696,-0.1026939243408483
test,65,40,-0.0023506339313754147,-0.1031078707892076
test,65,41,-0.0024082937269768786,-0.1035234572707806
test,65,42,-0.002466618362988842,-0.1039930071701842
test,65,43,-0.0025249429990008053,-0.1044713334818004
test,65,44,-0.0025832071949754504,-0.10476616530444455
test,65,45,-0.0026415922710247316,-0.10515739328817807
test,65,46,-0.002699856466999377,-0.10552973010476653
test,65,47,-0.0027581206629740222,-0.1058284291534631
test,65,48,-0.0028165057390233035,-0.10619390581717451
test,65,49,-0.0028741655346247678,-0.10658388868387349
test,65,50,-0.002931825330226232,-0.1069795145610415
test,65,51,-0.002990089526200877,-0.10730074654877592
test,65,52,-0.00304841416221284,-0.10757306174202916
test,65,53,-0.0031067387982248035,-0.10785838257571957
test,65,54,-0.003164398593826268,-0.10807510904991187
test,65,55,-0.003223327630211412,-0.10834219429676172
test,65,56,-0.0032816522662233753,-0.10853942184459106
test,65,57,-0.0033393120618248396,-0.10883332245217732
test,65,58,-0.0033976366978368026,-0.1091415687496563
test,65,59,-0.003455961333848766,-0.10941033379881977
test,65,60,-0.003514225529823411,-0.10967593330852779
test,65,61,-0.0035725501658353744,-0.10985056419640134
test,65,62,-0.0036302099614368387,-0.11005855272745978
test,65,63,-0.0036878697570383026,-0.11032556883853169
test,65,64,-0.003746194393050266,-0.11051228606306208
test,65,65,-0.003804458589024911,-0.11079406089544429
test,65,66,-0.0038627832250368744,-0.11095185563938835
test,65,67,-0.003920503460675657,-0.11117985326194725
test,65,68,-0.003978163256277121,-0.11137942622246189
test,65,69,-0.004036427452251766,-0.11161597880582531
test,65,70,-0.00409475208826373,-0.11181034220994139
test,65,71,-0.004153076724275693,-0.11200173634499379
test,65,72,-0.004210736519877157,-0.11219512195121951
test,65,73,-0.004269000715851802,-0.11237844290455948
test,65,74,-0.004326720951490584,-0.11257583916711542
test,65,75,-0.004385045587502547,-0.11275628037462629
test,65,76,-0.004443309783477192,-0.11296140939597316
test,65,77,-0.004501634419489156,-0.11313125737430052
test,65,78,-0.004559354655127938,-0.11328247394591649
test,65,79,-0.004617618851102584,-0.11342452487592301
test,65,80,-0.004675883047077229,-0.11356075144930905
test,65,81,-0.00473426812312651,-0.11371641076429653
test,65,82,-0.004791927918727974,-0.11389830069255039
test,65,83,-0.004849587714329438,-0.11409297175517309
test,65,84,-0.004907851910304083,-0.11421831818727984
test,65,85,-0.004965511705905547,-0.11441784888444473
test,65,86,-0.005023836341917511,-0.11452272418436299
test,65,87,-0.005082160977929474,-0.11472497145613403
test,65,88,-0.005140425173904119,-0.1148527521080683
test,65,89,-0.005197480569132403,-0.11500632624316647
test,65,90,-0.005256470045554865,-0.11514128561648686
test,65,91,-0.00531473424152951,-0.11528494385170313
test,65,92,-0.005371789636757793,-0.11541414806219004
test,65,93,-0.005430053832732438,-0.11555814458189129
test,65,94,-0.00548843890878172,-0.11571037093539001
test,65,95,-0.005546098704383184,-0.1158729182622696
test,65,96,-0.005604362900357829,-0.11601635326595079
test,65,97,-0.005662687536369793,-0.11618293611033546
test,65,98,-0.005720347331971257,-0.1162925549787022
test,65,99,-0.0057773422871622215,-0.11640469931870608
test,65,100,-0.005835727363211503,-0.11649804827531267
test,65,101,-0.005893991559186148,-0.11660164260250491
test,65,102,-0.005952255755160793,-0.11678338062635045
test,65,103,-0.006009975990799576,-0.11695797886053107
test,65,104,-0.006068300626811539,-0.11708086744723982
test,65,105,-0.006125295582002505,-0.11721776599941333
test,65,106,-0.0061836202180144675,-0.11735767388734145
test,65,107,-0.0062419448540264304,-0.11745467719442776
test,65,108,-0.006299665089665213,-0.11755479728201548
test,65,109,-0.006357929285639858,-0.117651643956408
test,65,110,-0.006415589081241322,-0.11776916355701879
test,65,111,-0.006473913717253286,-0.11788118120368732
test,65,112,-0.006532177913227931,-0.11803191640670188
test,65,113,-0.006590502549239894,-0.11817113857431512
test,65,114,-0.006648162344841359,-0.1183021574691657
test,65,115,-0.0067058221404428225,-0.11842275371687136
test,65,116,-0.006763481936044286,-0.11853265770405057
test,65,117,-0.006821867012093568,-0.11865106738309614
test,65,118,-0.006880131208068213,-0.11872857027151072
test,65,119,-0.006937791003669677,-0.11886436344653112
test,65,120,-0.006996115639681641,-0.11895828540077517
test,65,121,-0.0070538358753204225,-0.11908397616477547
test,65,122,-0.007112100071295068,-0.11921962173500561
test,65,123,-0.007169155466523351,-0.1193642653958881
test,65,124,-0.007227419662497996,-0.11946324817065078
test,65,125,-0.007285079458099461,-0.11957712858586975
test,65,126,-0.007343404094111424,-0.11969290927171293
test,65,127,-0.0074011243297502066,-0.11979700099910957
test,65,128,-0.007459388525724852,-0.11987557030277893
test,65,129,-0.0075170483213263155,-0.11994979113937074
test,65,130,-0.0075753729573382785,-0.12006566856974835
test,65,131,-0.007633093192977061,-0.12020068570316995
test,65,132,-0.007691357388951706,-0.12034072810926465
test,65,133,-0.00774841278417999,-0.1204686065541053
test,65,134,-0.007806676980154635,-0.12057366982290718
test,65,135,-0.0078643367757561,-0.12068707873563671
test,65,136,-0.007922661411768062,-0.12076772345093019
test,65,137,-0.007980381647406845,-0.12083249376133422
test,65,138,-0.00803864584338149,-0.12092862226154527
test,65,139,-0.008096305638982953,-0.12103713378934222
test,65,140,-0.008154630274994917,-0.12112571380902906
test,65,141,-0.008212290070596382,-0.12124828697498607
test,65,142,-0.008269949866197845,-0.12137003917815593
test,65,143,-0.008328274502209809,-0.12147850071088903
test,65,144,-0.008385934297811273,-0.12158914128567531
test,65,145,-0.008444198493785918,-0.12167638628051794
test,65,146,-0.0085019187294247,-0.12178680764112595
test,65,147,-0.008559638965063482,-0.12186966240200486
test,65,148,-0.008617298760664947,-0.12195629328618106
test,65,149,-0.008675562956639592,-0.12205601017459984
test,65,150,-0.008733222752241056,-0.12215396374908877
test,65,151,-0.00879154738825302,-0.12225413308117115
test,65,152,-0.008849207183854483,-0.12235426408294542
test,65,153,-0.008907531819866447,-0.12246398934251061
test,65,154,-0.00896458721509473,-0.122573484806706
test,65,155,-0.009022851411069375,-0.12266835607759875
test,65,156,-0.00908051120667084,-0.1227552041156576
test,65,157,-0.009138231442309621,-0.12283631741223562
test,66,0,0.0,
test,66,1,-8.004462160234079e-05,0.0774869109947644
test,66,2,-0.00015839436190030092,-0.0452418096723869
test,66,3,-0.00023836194344335168,-0.14177171472975306
test,66,4,-0.00031909992557930275,-0.2110494384923196
test,66,5,-0.0004015327890196344,-0.26318500206015655
test,66,6,-0.0004831182118077758,-0.3020047978067169
test,66,7,-0.0005647036345959172,-0.33184283829350536
test,66,8,-0.0006471364980362489,-0.3543866385102707
test,66,9,-0.0007295693614765806,-0.37294010683032164
test,66,10,-0.0008103073436125317,-0.3880375932168761
test,66,11,-0.0008927402070528634,-0.4000649531409483
test,66,12,-0.0009734781891888144,-0.4107499468876142
test,66,13,-0.0010550636119769558,-0.41936116010190083
test,66,14,-0.0011366490347650973,-0.426940141101171
test,66,15,-0.0012183114976125286,-0.4333593405475084
test,66,16,-0.0012998198803413799,-0.43952830488541367
test,66,17,-0.0013814823431888114,-0.44485645933014356
test,66,18,-0.0014629907259176627,-0.44961896697713805
test,66,19,-0.0015438057481129037,-0.4538917994226451
test,66,20,-0.0016261615714939454,-0.45796527566250383
test,66,21,-0.001707824034341377,-0.46159236438323065
test,66,22,-0.0017885620164773278,-0.46472053126729385
test,66,23,-0.0018702244793247593,-0.46784399320942743
test,66,24,-0.001952580302705801,-0.4706279968737458
test,66,25,-0.002033395324901042,-0.4733118449593545
test,66,26,-0.0021141333070369933,-0.47561427096120495
test,66,27,-0.0021957187298251345,-0.47794931437468346
test,66,28,-0.0022773041526132757,-0.47993489465593636
test,66,29,-0.0023588895754014173,-0.4821590671042525
test,66,30,-0.002441322438841749,-0.48394878456114304
test,66,31,-0.00252213746103699,-0.4856368740615003
test,66,32,-0.0026036458437658414,-0.4874551404676458
test,66,33,-0.0026844608659610824,-0.4889948192881886
test,66,34,-0.0027660462887492236,-0.4904506916555109
test,66,35,-0.0028484791521895553,-0.49170073530473973
test,66,36,-0.0029292171343255065,-0.4931747324663652
test,66,37,-0.003010802557113648,-0.4944880814152039
test,66,38,-0.0030923879799017893,-0.4959172274383594
test,66,39,-0.0031739734026899305,-0.49706533991526414
test,66,40,-0.003254788424885172,-0.4982885147339304
test,66,41,-0.0033371442482662134,-0.49922375554460324
test,66,42,-0.003418729671054355,-0.5002886280546469
test,66,43,-0.0034994676531903057,-0.5012449789762984
test,66,44,-0.0035811301160377372,-0.5022322197100983
test,66,45,-0.003662715538825879,-0.5031137442353654
test,66,46,-0.00374353056102112,-0.5039949075903244
test,66,47,-0.003825038943749971,-0.5049300766900818
test,66,48,-0.003906701406597403,-0.5057466429720607
test,66,49,-0.003988209789326254,-0.5066587016304291
test,66,50,-0.004069872252173685,-0.5074185473777706
test,66,51,-0.004151457674961827,-0.5082320813709582
test,66,52,-0.004232272697157068,-0.508921727487071
test,66,53,-0.004313781079885919,-0.5097331822984589
test,66,54,-0.00439544354273335,-0.5103606128550074
test,66,55,-0.0044769519254622015,-0.5110191953190202
test,66,56,-0.0045577669476574425,-0.5116997514140578
test,66,57,-0.004639352370445584,-0.5123127427818038
test,66,58,-0.004721785233885916,-0.5129288608343332
test,66,59,-0.0048025232160218674,-0.5134652365283535
test,66,60,-0.0048841856788692985,-0.5141560569771839
test,66,61,-0.00496569406159815,-0.5146671074926644
test,66,62,-0.005047356524445581,-0.5152998576946534
test,66,63,-0.005128864907174432,-0.5158879402091718
test,66,64,-0.005211297770614764,-0.5165634894381173
test,66,65,-0.005292112792810005,-0.5170448376940614
test,66,66,-0.005372927815005246,-0.5175342130987293
test,66,67,-0.005454436197734098,-0.5180237106577601
test,66,68,-0.005536098660581529,-0.5185179695085345
test,66,69,-0.005617607043310381,-0.5190470626040723
test,66,70,-0.005698422065505622,-0.5195194114301758
test,66,71,-0.005780007488293763,-0.5200034066472203
test,66,72,-0.005861669951141194,-0.5204344418318217
test,66,73,-0.005943178333870046,-0.5209463469846922
test,66,74,-0.006024840796717477,-0.5213815453536584
test,66,75,-0.006106349179446328,-0.5218203190596138
test,66,76,-0.00618801164229376,-0.5222575727447472
test,66,77,-0.006269520025022611,-0.5227466014209267
test,66,78,-0.006350412087277143,-0.5231834267558702
test,66,79,-0.006431920470005994,-0.5235587406434501
test,66,80,-0.006513582932853425,-0.5239920928709929
test,66,81,-0.006595091315582276,-0.5243510429943731
test,66,82,-0.0066767537784297075,-0.5248427750208814
test,66,83,-0.006758262161158559,-0.5252035578638256
test,66,84,-0.006839924624005991,-0.5256147418144325
test,66,85,-0.0069206626061419415,-0.5259799885073133
test,66,86,-0.0070023250689893735,-0.5264202532831372
test,66,87,-0.007084680892370415,-0.5267723826610337
test,66,88,-0.007165495914565656,-0.527176711560687
test,66,89,-0.007247004297294507,-0.5275945557604625
test,66,90,-0.007327819319489748,-0.5278947868942331
test,66,91,-0.00740940474227789,-0.5283085672556678
test,66,92,-0.0074918376057182216,-0.5285964432284542
test,66,93,-0.007572575587854172,-0.5289831930498796
test,66,94,-0.007655778851887405,-0.5292917501151321
test,66,95,-0.007736516834023355,-0.5296495671247974
test,66,96,-0.007818179296870786,-0.5300008388909861
test,66,97,-0.007898917279006738,-0.5303808634288086
test,66,98,-0.00798050270179488,-0.5307582480792145
test,66,99,-0.008062935565235211,-0.531035219000366
test,66,100,-0.008143750587430451,-0.5314749016094777
test,66,101,-0.008225258970159303,-0.5317143170335529
test,66,102,-0.008306921433006735,-0.5320788601199874
test,66,103,-0.008388429815735586,-0.5323454546342846
test,66,104,-0.008469244837930828,-0.5327059392766421
test,66,105,-0.008550830260718968,-0.5330045814403742
test,66,106,-0.0086324927235664,-0.5333001044336846
test,66,107,-0.008714001106295251,-0.5336123389447945
test,66,108,-0.008795663569142683,-0.533917848041705
test,66,109,-0.008877171951871534,-0.5342820479680951
test,66,110,-0.008958834414718966,-0.5345752587598736
test,66,111,-0.009041190238100008,-0.5348876208432856
test,66,112,-0.009122005260295248,-0.535146862633241
test,66,113,-0.00920359068308339,-0.5354773797758011
test,66,114,-0.009285176105871531,-0.5357459633825068
test,66,115,-0.009366761528659673,-0.5360859466245566
test,66,116,-0.009449117352040714,-0.5363913895682643
test,66,117,-0.009529932374235954,-0.5366485956638192
test,66,118,-0.009611517797024096,-0.53698043879504
test,66,119,-0.009693180259871528,-0.5372097839731858
test,66,120,-0.00977468864260038,-0.5375674814740301
test,66,121,-0.009855503664795621,-0.5377903955906009
test,66,122,-0.009937089087583761,-0.5381298285827363
test,67,0,0.0,
test,67,1,-6.455675681360905e-05,0.23024236037934667
test,67,2,-0.00013056422726347898,0.2081578947368421
test,67,3,-0.00019705526892543586,0.19276476756378888
test,67,4,-0.00026366720339041446,0.18442033721082213
test,67,5,-0.00033076270906748004,0.17945234113712374
test,67,6,-0.0003979791075475674,0.1755134006265228
test,67,7,-0.00046453059561103516,0.17257066149601014
test,67,8,-0.0005317469940911225,0.17027803158856547
test,67,9,-0.0005982984821545903,0.16901653611836379
test,67,10,-0.0006648499702180579,0.1679548777940255
test,67,11,-0.0007320059222966344,0.1671415004748338
test,67,12,-0.0007986178567616131,0.16582476920397143
test,67,13,-0.0008657133624386786,0.164897893552018
test,67,14,-0.0009329297609187659,0.16425265044049575
test,67,15,-0.0009994812489822337,0.16394870722698446
test,67,16,-0.0010666372010608102,0.1633286503087529
test,67,17,-0.0011338535995408974,0.16282287822878228
test,67,18,-0.0011997401771877457,0.16208288560392647
test,67,19,-0.001266956575667833,0.16172261970280682
test,67,20,-0.0013335080637313008,0.16157285157781903
test,67,21,-0.001400724462211388,0.16120116530962875
test,67,22,-0.0014678804142899645,0.16086708499714775
test,67,23,-0.0015344923487549433,0.16057298772169168
test,67,24,-0.0016015878544320087,0.1603399433427762
test,67,25,-0.0016681997888969874,0.16018828451882844
test,67,26,-0.0017354161873770746,0.16005551756044575
test,67,27,-0.0018019072290390316,0.15969935298903568
test,67,28,-0.0018691236275191188,0.1594343675863486
test,67,29,-0.0019362795795976953,0.15932539682539681
test,67,30,-0.002002831067661163,0.15931718714582135
test,67,31,-0.0020700474661412504,0.15913002395977457
test,67,32,-0.0021372638646213376,0.15891333485893622
test,67,33,-0.002203150442268186,0.15871984275433534
test,67,34,-0.0022703063943467624,0.1586454134227775
test,67,35,-0.0023374623464253387,0.15857595504274527
test,67,36,-0.0024046787449054263,0.15839339688444548
test,67,37,-0.0024706257689537854,0.15827277097531317
test,67,38,-0.0025377817210323617,0.15812006993295796
test,67,39,-0.0026043936554973404,0.1579723947364891
test,67,40,-0.002671489161174406,0.15792571279100184
test,67,41,-0.002738705559654493,0.15773289270539598
test,67,42,-0.002805257047717961,0.1575734927752865
test,67,43,-0.0028724129997965376,0.1575111630227154
test,67,44,-0.002939024934261516,0.15752300777627168
test,67,45,-0.0030061808863400927,0.15739664232897735
test,67,46,-0.00307339728482018,0.15731346678798908
test,67,47,-0.0031399487728836478,0.15718992808958746
test,67,48,-0.003207165171363735,0.15710937925772522
test,67,49,-0.0032742606770408004,0.157117536516614
test,67,50,-0.003340872611505779,0.15704658658072077
test,67,51,-0.0034080285635843554,0.15686294624538366
test,67,52,-0.0034745800516478233,0.15678797452434373
test,67,53,-0.003541131539711291,0.15674176160483347
test,67,54,-0.0036082874917898675,0.15672538418309012
test,67,55,-0.0036755038902699546,0.15669206693493917
test,67,56,-0.0037427202887500423,0.15654286381686522
test,67,57,-0.0038099366872301295,0.15650960629343028
test,67,58,-0.0038764277288920864,0.15648651818173617
test,67,59,-0.003943039663357065,0.15642542323279798
test,67,60,-0.004009530705019022,0.15636173367053283
test,67,61,-0.004076747103499109,0.15626769141033778
test,67,62,-0.004143903055577686,0.15620410850227032
test,67,63,-0.0042104545436411536,0.15621002973372536
test,67,64,-0.00427767094212124,0.15617565059561284
test,67,65,-0.004344826894199817,0.15604070066975786
test,67,66,-0.004411378382263285,0.15599159630554565
test,67,67,-0.004477929870326753,0.1559620130580113
test,67,68,-0.00454514626880684,0.15595348944585952
test,67,69,-0.004612302220885416,0.1558995048040829
test,67,70,-0.004678914155350395,0.1557949346649523
test,67,71,-0.004746009661027461,0.15578107956722975
test,67,72,-0.004813226059507548,0.15577374506711628
test,67,73,-0.0048797775475710155,0.1557341208684869
test,67,74,-0.004946933499649592,0.15563789616597604
test,67,75,-0.005013545434114571,0.1555823786333254
test,67,76,-0.005080036475776528,0.15558967509174407
test,67,77,-0.005147252874256615,0.15557594291539245
test,67,78,-0.005214469272736702,0.1555006910247293
test,67,79,-0.005280960314398659,0.15544147843942505
test,67,80,-0.005348781176893855,0.1553812744469591
test,67,81,-0.005415997575373943,0.15539117514051295
test,67,82,-0.0054825490634374105,0.1553129167916377
test,67,83,-0.005549100551500878,0.15528263583290253
test,67,84,-0.005615652039564346,0.15522386200108396
test,67,85,-0.005682807991642922,0.1551901399346192
test,67,86,-0.00575002439012301,0.15520399160303022
test,67,87,-0.005816575878186478,0.15516619149012956
test,67,88,-0.0058837318302650534,0.15506383687255818
test,67,89,-0.005950343764730032,0.15504741969813673
test,67,90,-0.006017499716808609,0.15506494714686078
test,67,91,-0.006084051204872077,0.15501040840032662
test,67,92,-0.006151872067367272,0.1549343040782663
test,67,93,-0.00621908846584736,0.15485635191249453
test,67,94,-0.006284975043494208,0.15488974620193618
test,67,95,-0.006352191441974296,0.1548474165473174
test,67,96,-0.006418682483636253,0.15480681173956654
test,67,97,-0.0064858988821163395,0.1547338379451545
test,67,98,-0.006553115280596427,0.15473011940107226
test,67,99,-0.006619606322258384,0.1547484379790462
test,67,100,-0.006686822720738471,0.15469150661991732
test,67,101,-0.0067540391192185585,0.15461497808312868
test,67,102,-0.006821195071297135,0.15459046250929892
test,67,103,-0.006887746559360603,0.1545859604021765
test,67,104,-0.00695429804742407,0.154567640325056
test,67,105,-0.007021453999502647,0.15449330402755143
test,67,106,-0.007088005487566115,0.15442643022176583
test,67,107,-0.007155221886046202,0.15443190265659845
test,67,108,-0.007223042748541398,0.1543877160425035
test,67,109,-0.007290198700619975,0.15435394202425418
test,67,110,-0.007356145724668334,0.1543292102759277
test,67,111,-0.0074233016767469105,0.15434697543290604
test,67,112,-0.007490518075226997,0.15430800859732735
test,67,113,-0.007557069563290465,0.1542604676580511
test,67,114,-0.007624225515369042,0.15419503215648112
test,67,115,-0.00769077700343251,0.15419865391878917
test,67,116,-0.0077579934019125964,0.15418380973004187
test,67,117,-0.007825149353991173,0.1541348170876253
test,67,118,-0.007891761288456152,0.15408700434179073
test,67,119,-0.007958917240534729,0.15403356318603997
test,67,120,-0.008026073192613305,0.15406252861933772
test,67,121,-0.008093289591093391,0.1540218152880016
test,67,122,-0.00815984107915686,0.1539438238877164
test,67,123,-0.008226997031235436,0.15391259211354857
test,67,124,-0.008294213429715524,0.15392114659036235
test,67,125,-0.008360764917778991,0.15390380018169866
test,67,126,-0.008427920869857568,0.15383976409021058
test,67,127,-0.008495137268337656,0.1538011430831929
test,67,128,-0.008562353666817742,0.15380998716239974
test,67,129,-0.00862824024446459,0.1538018409810993
test,67,130,-0.008695456642944677,0.15373994114639733
test,67,131,-0.008762612595023254,0.153688205333067
test,67,132,-0.008829164083086722,0.15367201623901805
test,67,133,-0.008896320035165299,0.15368513002522202
test,67,134,-0.008963536433645386,0.15362775039640075
test,67,135,-0.009030087921708854,0.15359209827537418
test,67,136,-0.00909730432018894,0.15354571585788662
test,67,137,-0.009164399825866006,0.1535496686211968
test,67,138,-0.009230407296315876,0.15349288756243054
test,67,139,-0.009298228158811072,0.15344909377047206
test,67,140,-0.009365384110889649,0.15347119424632547
test,67,141,-0.009431935598953117,0.15345643500046396
test,67,142,-0.009499091551031694,0.15341070329516432
test,67,143,-0.009565643039095162,0.15334955808889458
test,67,144,-0.009632859437575247,0.15334210411548357
test,67,145,-0.009700075836055335,0.15333780876896647
test,67,146,-0.009767171341732401,0.15329139559474525
test,67,147,-0.00983378327619738,0.15322971106332683
test,67,148,-0.009900999674677467,0.1532317092575502
test,67,149,-0.009967490716339424,0.15322096286435816
test,67,150,-0.010034707114819512,0.15320231246140373
test,67,151,-0.010101863066898087,0.15313913390056666
test,67,152,-0.010169079465378175,0.15312815251185258
test,67,153,-0.010236235417456751,0.15311075158111487
test,67,154,-0.01030284735192173,0.15308938171586253
test,67,155,-0.010369942857598796,0.15303400680676355
test,67,156,-0.010435950328048666,0.15301959837093992
test,68,0,0.0,
test,68,1,-5.717711891839579e-05,0.2364402317008952
test,68,2,-0.00011435423783679159,0.22450592885375495
test,68,3,-0.00017086391956936954,0.20955559458984718
test,68,4,-0.00022870847567358317,0.19902721177862495
test,68,5,-0.0002857743550610093,0.19354160092563374
test,68,6,-0.0003441751088200712,0.18831566961548568
test,68,7,-0.00040179718586234555,0.18594700097590272
test,68,8,-0.00045964174196655916,0.1830468442461619
test,68,9,-0.000516818860884955,0.18127222902454668
test,68,10,-0.0005744409379272293,0.1800157356412274
test,68,11,-0.0006322854940314429,0.17832634388105223
test,68,12,-0.0006899075710737173,0.17770887015766257
test,68,13,-0.000747752127177931,0.1766176174158436
test,68,14,-0.0008049292460963267,0.1760457980992292
test,68,15,-0.0008619951254837529,0.17574974688405545
test,68,16,-0.0009197284420569969,0.17484210870774566
test,68,17,-0.0009775729981612105,0.17463054187192117
test,68,18,-0.001035195075203485,0.17392062799825556
test,68,19,-0.0010923721941218808,0.17365318937975102
test,68,20,-0.0011502167502260943,0.1733113587610527
test,68,21,-0.0012078388272683687,0.1728939371294774
test,68,22,-0.0012655721438416126,0.17276876991108364
test,68,23,-0.0013227492627600084,0.17228677323267924
test,68,24,-0.0013798151421474346,0.17213882655395543
test,68,25,-0.0014376596982516483,0.17190245126746423
test,68,26,-0.0014953930148248922,0.17163368725868725
test,68,27,-0.0015524588942123184,0.1715264869888476
test,68,28,-0.001610303450316532,0.17110372638339183
test,68,29,-0.001668036766889776,0.17111856097473055
test,68,30,-0.0017251026462772022,0.17085365853658538
test,68,31,-0.001782279765195598,0.17074363167388776
test,68,32,-0.0018401243212998117,0.17074684391892994
test,68,33,-0.001897746398342086,0.1705173478598236
test,68,34,-0.0019544785591366033,0.17040896306883674
test,68,35,-0.0020121006361788775,0.17015495775236616
test,68,36,-0.00207039015040697,0.17012321669593486
test,68,37,-0.0021268998321395476,0.16991895173816046
test,68,38,-0.0021847443882437615,0.1698951044144132
test,68,39,-0.002242477704817005,0.16990811433469957
test,68,40,-0.0023002110213902493,0.16964204092826454
test,68,41,-0.002357388140308645,0.1697178164214281
test,68,42,-0.002415121456881889,0.16951239227488094
test,68,43,-0.002472298575800285,0.16945220454269402
test,68,44,-0.002529364455187711,0.1693947558963524
test,68,45,-0.002587209011291925,0.16919684308263697
test,68,46,-0.002644831088334199,0.16920037693434303
test,68,47,-0.0027015632491287165,0.16903145520605325
test,68,48,-0.0027591853261709908,0.16911996692668385
test,68,49,-0.0028163624450893866,0.16902008845313582
test,68,50,-0.0028742070011936,0.16893641908263013
test,68,51,-0.0029318290782358743,0.16889698880914109
test,68,52,-0.00298900619715427,0.16880039360986435
test,68,53,-0.0030467395137275142,0.16877321222748723
test,68,54,-0.0031038053931149406,0.1686165686881188
test,68,55,-0.0031609825120333364,0.16865868593181882
test,68,56,-0.00321882706813755,0.16857012334399268
test,68,57,-0.003276449145179824,0.1684222096026672
test,68,58,-0.0033330700664433717,0.16843990782746454
test,68,59,-0.0033908033830166158,0.16830658148547967
test,68,60,-0.0034479805019350116,0.16835602731978944
test,68,61,-0.0035057138185082557,0.16820566362290437
test,68,62,-0.0035634471350814998,0.16820187255826485
test,68,63,-0.0036206242539998956,0.1681222345591038
test,68,64,-0.0036778013729182914,0.16807229898370338
test,68,65,-0.003735534689491535,0.1680224854446898
test,68,66,-0.0037926005688789614,0.16793995760969282
test,68,67,-0.0038497776877973572,0.16794172639451543
test,68,68,-0.003907622243901571,0.16784623178838448
test,68,69,-0.003965244320943845,0.16787448749565034
test,68,70,-0.004022421439862241,0.1677950935798971
test,68,71,-0.004079598558780637,0.16773382537803883
test,68,72,-0.00413744311488485,0.16780839295681738
test,68,73,-0.004195065191927125,0.1676509280178454
test,68,74,-0.00425224231084552,0.16768933463106372
test,68,75,-0.004309419429763916,0.16755970606246173
test,68,76,-0.004366596548682312,0.16759715154886248
test,68,77,-0.004424329865255556,0.16754551246424748
test,68,78,-0.0044820631818288,0.167479609519795
test,68,79,-0.004539240300747196,0.16748911657649446
test,68,80,-0.004596306180134622,0.16737990240847533
test,68,81,-0.004654039496707866,0.1674290647630338
test,68,82,-0.004711216615626262,0.16731368930185198
test,68,83,-0.004768949932199506,0.16732055731603038
test,68,84,-0.004826127051117902,0.16726409761006913
test,68,85,-0.004883860367691146,0.16721510749849589
test,68,86,-0.004941037486609541,0.16721884443149962
test,68,87,-0.004998214605527938,0.16710853057258365
test,68,88,-0.0050558366825702115,0.1671311669829222
test,68,89,-0.005113013801488608,0.16704483492515787
test,68,90,-0.005170858357592821,0.16706769096970575
test,68,91,-0.005228035476511217,0.16700497717837565
test,68,92,-0.005285657553553491,0.16698617239697358
test,68,93,-0.005343502109657705,0.16695186745737417
test,68,94,-0.005400011791390283,0.16688037390440347
test,68,95,-0.005457745107963527,0.1668982638450258
test,68,96,-0.005514810987350953,0.16681522708002697
test,68,97,-0.005572655543455166,0.16684686429236123
test,68,98,-0.005629832662373563,0.1667704856064357
test,68,99,-0.005687009781291958,0.1667694383396314
test,68,100,-0.005744631858334233,0.16669623291244912
test,68,101,-0.005801808977252628,0.16668733017181706
test,68,102,-0.005859653533356842,0.16666751919466796
test,68,103,-0.005916719412744268,0.1665957511473118
test,68,104,-0.0059744527293175125,0.16662569669848945
test,68,105,-0.006032297285421726,0.1665432718346741
test,68,106,-0.006088806967154304,0.16654033567948023
test,68,107,-0.006146540283727547,0.16647325564386367
test,68,108,-0.006203606163114974,0.1664428427886845
test,68,109,-0.006261450719219188,0.1664177747144922
test,68,110,-0.006319184035792432,0.1663607518390461
test,68,111,-0.006376249915179858,0.1663885768538407
test,68,112,-0.006433427034098253,0.16631576005440604
test,68,113,-0.0064912715902024675,0.16635810876319834
test,68,114,-0.006548893667244741,0.1662487072239866
test,68,115,-0.006605514588508289,0.1662697278587533
test,68,116,-0.006663247905081533,0.16620719120325606
test,68,117,-0.006720425023999929,0.16618214894015462
test,68,118,-0.006778158340573173,0.1661508943491985
test,68,119,-0.006835224219960599,0.16610552895996633
test,68,120,-0.006893068776064813,0.16610804630680212
test,68,121,-0.006950802092638057,0.16604440612200905
test,68,122,-0.007007867972025483,0.1660637624642961
test,68,123,-0.007065712528129696,0.16598738702823287
test,68,124,-0.007122222209862274,0.16599917545202897
test,68,125,-0.007180066765966488,0.16591688714914074
test,68,126,-0.007237132645353914,0.16592904782999301
test,68,127,-0.007294865961927158,0.1658965164565697
test,68,128,-0.007352599278500402,0.16586248492159228
test,68,129,-0.007409776397418798,0.165847819845612
test,68,130,-0.007466953516337194,0.16578323308602544
test,68,131,-0.00752401939572462,0.1658006124098607
test,68,132,-0.007581196514643016,0.16571627287564264
test,68,133,-0.007639041070747229,0.16573192350532606
test,68,134,-0.007696663147789504,0.16568505708646858
test,68,135,-0.007753840266707899,0.16569361961910134
test,68,136,-0.007811017385626296,0.16565476030667858
test,68,137,-0.007868750702199539,0.1656189914142664
test,68,138,-0.007926484018772783,0.16559195059077886
test,68,139,-0.007984217335346027,0.16553841073519257
test,68,140,-0.008040838256609575,0.1655576336987057
test,68,141,-0.00809857157318282,0.16549953573714213
test,68,142,-0.008155637452570245,0.16552245987929812
test,68,143,-0.008213482008674458,0.16544230292242373
test,68,144,-0.008270659127592854,0.1654580622727075
test,68,145,-0.008328281204635128,0.1653752904697156
test,68,146,-0.008385458323553524,0.1653567498821075
test,68,147,-0.008443302879657739,0.16532426889587487
test,68,148,-0.008500924956700013,0.16531398344358025
test,68,149,-0.008557545877963561,0.16529154166856277
test,68,150,-0.008615279194536803,0.16523870788274975
test,68,151,-0.0086724563134552,0.1652522028676138
test,68,152,-0.008730189630028444,0.16518603158916922
test,68,153,-0.00878725550941587,0.16520025771526553
test,68,154,-0.008845100065520084,0.16511325457895307
test,68,155,-0.00890227718443848,0.16513282971886198
test,68,156,-0.008959899261480754,0.16508359996389205
test,68,157,-0.009017743817584967,0.16508485949765303
test,68,158,-0.009074920936503363,0.1650442492482084
test,68,159,-0.009132543013545638,0.16501290752178863
test,68,160,-0.009189163934809185,0.165010724507292
test,68,161,-0.00924689725138243,0.16496328138413147
test,68,162,-0.009304074370300825,0.16495824453186872
test,68,163,-0.00936180768687407,0.164895148749912
test,68,164,-0.009418873566261496,0.16490278510961717
test,68,165,-0.009476718122365708,0.16483394915591743
test,68,166,-0.009533895241284104,0.16485753692352645
test,68,167,-0.009591517318326378,0.1648017738082226
test,68,168,-0.009648249479120897,0.164803576140438
test,68,169,-0.00970587155616317,0.16475235303193952
test,68,170,-0.009763716112267385,0.16472681535110592
test,68,171,-0.009821338189309659,0.16470512886983094
test,69,0,0.0,
test,69,1,-7.294082205097566e-05,0.10587583148558759
test,69,2,-0.00014263807175478213,0.013165266106442577
test,69,3,-0.00020901263759075673,-0.04392716350666416
test,69,4,-0.0002711942928316102,-0.07682548632647307
test,69,5,-0.000332584832865837,-0.10054225033890646
test,69,6,-0.00039318425769343715,-0.11812953709814274
test,69,7,-0.00045283434427308535,-0.1314576764491875
test,69,8,-0.0005117724271667696,-0.14185602038649395
test,69,9,-0.0005715016252670805,-0.15072372561359346
test,69,10,-0.000631309934888054,-0.15889386297954328
test,69,11,-0.0006909600214677022,-0.16572194166752552
test,69,12,-0.0007498189928407238,-0.17164179104477612
test,69,13,-0.0008096273024616973,-0.17569099311186678
test,69,14,-0.0008684862738347189,-0.18015464960932756
test,69,15,-0.0009282154719350298,-0.1845427059712774
test,69,16,-0.0009871535548287142,-0.1879030543547587
test,69,17,-0.0010460125262017356,-0.19081295660006004
test,69,18,-0.0011057417243020464,-0.193359375
test,69,19,-0.0011654709224023575,-0.19581567480451262
test,69,20,-0.001224329893775379,-0.19823626155503885
test,69,21,-0.0012841382033963525,-0.20023226294325763
test,69,22,-0.0013437882899760007,-0.20221706625418923
test,69,23,-0.001402726372869685,-0.2040740832079706
test,69,24,-0.0014624555709699958,-0.20570996407638495
test,69,25,-0.0015213145423430175,-0.2074388417373939
test,69,26,-0.0015802526252367017,-0.20882070530726257
test,69,27,-0.0016399818233370125,-0.21009162743779422
test,69,28,-0.0016996319099166607,-0.21149793304693199
test,69,29,-0.0017577788776037184,-0.21275096865093343
test,69,30,-0.0018175080757040292,-0.21363172032840225
test,69,31,-0.001876367047077051,-0.2147277454319089
test,69,32,-0.0019360962451773617,-0.21587825254083967
test,69,33,-0.0019958254432776725,-0.21684612473769307
test,69,34,-0.0020538932994440674,-0.21764391612127687
test,69,35,-0.002113701609065041,-0.21859439118939872
test,69,36,-0.0021725605804380627,-0.21959027898247882
test,69,37,-0.0022322106670177107,-0.2204934634505616
test,69,38,-0.0022902785231841056,-0.22112655012699836
test,69,39,-0.002350086832805079,-0.2217321046425296
test,69,40,-0.00240981603090539,-0.22261178140525195
test,69,41,-0.002467883887071785,-0.22321329639889198
test,69,42,-0.002527613085172096,-0.2237712122236495
test,69,43,-0.002586472056545118,-0.22435448722181867
test,69,44,-0.002645331027918139,-0.225132309281012
test,69,45,-0.0027043482223324863,-0.22573967484600627
test,69,46,-0.0027632071937055075,-0.22621869906652836
test,69,47,-0.002822066165078529,-0.2266739182982838
test,69,48,-0.0028817953631788402,-0.22735718427873178
test,69,49,-0.002939863219345235,-0.22793145825121153
test,69,50,-0.002999592417445546,-0.22833768889898876
test,69,51,-0.0030584513888185674,-0.2288025132849838
test,69,52,-0.003118259698439541,-0.2292017219903411
test,69,53,-0.003176327554605936,-0.22979362101313322
test,69,54,-0.0032351865259789576,-0.23025685814401314
test,69,55,-0.003294124608872642,-0.23055544075711865
test,69,56,-0.0033529835802456635,-0.23102839398429095
test,69,57,-0.0034119216631393477,-0.23146791094627064
test,69,58,-0.0034707806345123694,-0.23189158468231882
test,69,59,-0.0035296396058853907,-0.23221269627203545
test,69,60,-0.0035884985772584124,-0.2326127730519296
test,69,61,-0.00364664554494547,-0.2330270784025047
test,69,62,-0.003705583627839154,-0.23336236534494614
test,69,63,-0.0037652337144188025,-0.23368221600649644
test,69,64,-0.0038233015705851974,-0.23399625165433502
test,69,65,-0.003882160541958219,-0.23439071532897787
test,69,66,-0.003940307509645276,-0.23471040209489025
test,69,67,-0.004000036707745587,-0.23494671101758197
test,69,68,-0.004058104563911982,-0.23529903596123777
test,69,69,-0.004116963535285004,-0.23568238376979744
test,69,70,-0.004176692733385315,-0.23595779418573481
test,69,71,-0.004234839701072373,-0.23623869743154388
test,69,72,-0.004293698672445394,-0.2365164235450216
test,69,73,-0.004352557643818416,-0.23685337944679427
test,69,74,-0.004411416615191437,-0.2371317031185159
test,69,75,-0.004469484471357832,-0.23738028617575468
test,69,76,-0.00452763143904489,-0.23769148450537692
test,69,77,-0.004586569521938574,-0.23803439004933968
test,69,78,-0.004644637378104969,-0.23829489357668385
test,69,79,-0.004704287464684617,-0.23847100922319261
test,69,80,-0.004762355320851012,-0.2387730724382128
test,69,81,-0.004820423177017407,-0.2390025000702267
test,69,82,-0.004879361259911091,-0.2392388642622769
test,69,83,-0.004937429116077486,-0.2394637459647295
test,69,84,-0.004997158314177797,-0.2397735276588828
test,69,85,-0.005055226170344192,-0.24001713451936335
test,69,86,-0.0051140851417172135,-0.24018258798623976
test,69,87,-0.005172152997883608,-0.24046378100538202
test,69,88,-0.005230220854050003,-0.24073140137848986
test,69,89,-0.005289079825423025,-0.24093774373793297
test,69,90,-0.005348017908316709,-0.24109982234417182
test,69,91,-0.005406164876003767,-0.24134869120424218
test,69,92,-0.005465023847376789,-0.24158811450060616
test,69,93,-0.005523091703543184,-0.24180362977739162
test,69,94,-0.005581950674916205,-0.24199934614406626
test,69,95,-0.0056400185310826,-0.2422376248300155
test,69,96,-0.005698086387248995,-0.24243969242991043
test,69,97,-0.00575615424341539,-0.24262889531711151
test,69,98,-0.005815013214788412,-0.2427779907307384
test,69,99,-0.005873081070954807,-0.24304900765816526
test,69,100,-0.005931148927121202,-0.24331324032490337
test,69,101,-0.005990957236742175,-0.2434639509916084
test,69,102,-0.00604902509290857,-0.24366164956163114
test,69,103,-0.006107884064281591,-0.24389596896311608
test,69,104,-0.006165951920447986,-0.2440541028742836
test,69,105,-0.006224019776614381,-0.24425432247360973
test,69,106,-0.006282087632780776,-0.244454708529813
test,69,107,-0.006340155488947171,-0.24465277629982762
test,69,108,-0.006399884687047482,-0.24476940026673555
test,69,109,-0.006457082316486588,-0.24495680244037482
test,69,110,-0.006515150172652983,-0.24516690044979528
test,69,111,-0.0065732971403400405,-0.24533073430967708
test,69,112,-0.006632235223233724,-0.24552733928162893
test,69,113,-0.006690223967879457,-0.24571287472977127
test,69,114,-0.0067482918240458515,-0.2459289895902016
test,69,115,-0.006807229906939536,-0.24608436867098793
test,69,116,-0.006864506647899304,-0.24625535737956022
test,69,117,-0.0069225745040657,-0.24644065321618924
test,69,118,-0.006981433475438721,-0.24665897672263595
test,69,119,-0.007039501331605116,-0.24681620873993176
test,69,120,-0.007097569187771511,-0.24695770209211376
test,70,0,0.0,
test,70,1,-5.2523843033115456e-05,0.1833508956796628
test,70,2,-0.00010566804641701574,0.12335958005249344
test,70,3,-0.00015881224980091602,0.06713286713286713
test,70,4,-0.00021257681353560113,0.022001047668936617
test,70,5,-0.0002657210169195014,-0.009633507853403141
test,70,6,-0.0003182448599526169,-0.03278688524590164
test,70,7,-0.0003719060302955045,-0.04959665371974903
test,70,8,-0.00042391290636963264,-0.062973608570682
test,70,9,-0.0004764367494027481,-0.07242339832869081
test,70,10,-0.0005285470188686736,-0.0810443864229765
test,70,11,-0.0005811742552935866,-0.08773262438283327
test,70,12,-0.0006326641644087273,-0.09380438565958928
test,70,13,-0.0006852914008336402,-0.09922069574997991
test,70,14,-0.000736781309948781,-0.10392420173082662
test,70,15,-0.0007882712190639217,-0.10774481125504945
test,70,16,-0.0008397611281790625,-0.11135784729932728
test,70,17,-0.0008912510372942032,-0.11464224243914434
test,70,18,-0.0009432579133683314,-0.11753774680603948
test,70,19,-0.000994747822483472,-0.12012325978099378
test,70,20,-0.0010462377315986128,-0.12262720284474193
test,70,21,-0.001097831034105551,-0.12491283992429525
test,70,22,-0.0011493209432206918,-0.12702715556189662
test,70,23,-0.0012001904919850476,-0.12902638762511373
test,70,24,-0.001251163434141201,-0.13070213693850852
test,70,25,-0.0013026533432563417,-0.13228089275993468
test,70,26,-0.0013536262854124952,-0.13386492690588378
test,70,27,-0.0014051161945276358,-0.13533222140335907
test,70,28,-0.0014560891366837893,-0.13669010923238067
test,70,29,-0.00150757904579893,-0.13791857818878012
test,70,30,-0.0015585519879550834,-0.1390703034959662
test,70,31,-0.0016094215367194393,-0.14026843368606107
test,70,32,-0.0016604978722673902,-0.14146277553961548
test,70,33,-0.001711987781382531,-0.14240335440424384
test,70,34,-0.0017628573301468869,-0.14345184865398256
test,70,35,-0.0018143472392620275,-0.14449204589712095
test,70,36,-0.001865320181418181,-0.14542488420194016
test,70,37,-0.0019156727632235495,-0.14622253720765416
test,70,38,-0.001967266065730488,-0.14697438162544169
test,70,39,-0.0020182390078866412,-0.14769181104056817
test,70,40,-0.002069108556650997,-0.14851926658447656
test,70,41,-0.002119564531848163,-0.14924876500550308
test,70,42,-0.0021705374740043164,-0.14991503398640543
test,70,43,-0.0022220273831194573,-0.15056388224381195
test,70,44,-0.0022730003252756105,-0.15122160717694216
test,70,45,-0.0023238698740399664,-0.15181987867475502
test,70,46,-0.0023753597831551072,-0.15245725764112397
test,70,47,-0.0024258157583522733,-0.1530710279956208
test,70,48,-0.0024762717335494394,-0.15355329949238578
test,70,49,-0.0025271412823137953,-0.15409843093543685
test,70,50,-0.002578217617861746,-0.15462834572881212
test,70,51,-0.002629087166626102,-0.15515181477361678
test,70,52,-0.002680163502174053,-0.15559147388625114
test,70,53,-0.0027305160839794216,-0.15617318214257395
test,70,54,-0.0027819025997027646,-0.15660634364662385
test,70,55,-0.0028329789352507157,-0.15699573931485125
test,70,56,-0.0028838484840150716,-0.15741470555117668
test,70,57,-0.0029349248195630223,-0.15785882873580173
test,70,58,-0.002985277401368391,-0.15827911781229045
test,70,59,-0.003036250343524544,-0.15867868723942558
test,70,60,-0.0030871198922889,-0.1590068859180348
test,70,61,-0.003138196227836851,-0.15942503576291342
test,70,62,-0.003189065776601207,-0.15978157644824312
test,70,63,-0.0032400387187573603,-0.1601408638760932
test,70,64,-0.0032910116609135135,-0.1604778022411357
test,70,65,-0.0033414676361106796,-0.1608315806503802
test,70,66,-0.0033918202179160483,-0.16114537023758305
test,70,67,-0.0034427931600722016,-0.16151262087153084
test,70,68,-0.0034937661022283553,-0.16181475064967207
test,70,69,-0.0035447390443845085,-0.16215927800475638
test,70,70,-0.003595091626189877,-0.16246393363789371
test,70,71,-0.003645547601387043,-0.16274521424761454
test,70,72,-0.0036965205435431966,-0.16300885472982846
test,70,73,-0.003744701864120818,-0.16333736884584343
test,70,74,-0.00379246961113125,-0.1635551890347073
test,70,75,-0.003840133964749884,-0.16384910001543232
test,70,76,-0.0038877983183685186,-0.16408218647024617
test,70,77,-0.003934945705028166,-0.16435473069932077
test,70,78,-0.003983230418997585,-0.16460239078226613
test,70,79,-0.0040308947726162185,-0.16485492766365598
test,70,80,-0.004078662519626651,-0.16511866547387255
test,70,81,-0.004126326873245285,-0.16540405681094636
test,70,82,-0.004173991226863919,-0.1656611814237671
test,70,83,-0.004221758973874351,-0.16588248722273655
test,70,84,-0.0042695267208847825,-0.1661445149001228
test,70,85,-0.004317087681111619,-0.16640245714851878
test,70,86,-0.004364338461163064,-0.16660545966458562
test,70,87,-0.004412002814781699,-0.16682599803961906
test,70,88,-0.00445977056179213,-0.16701761102603369
test,70,89,-0.004507434915410764,-0.16726605938719982
test,70,90,-0.0045550992690293985,-0.16744659444535437
test,70,91,-0.00460286701603983,-0.16764055864758223
test,70,92,-0.004650531369658465,-0.16786082179237724
test,70,93,-0.004698195723277099,-0.16805561846098102
test,70,94,-0.004745963470287531,-0.16828732747804265
test,70,95,-0.0047936278239061655,-0.1684976000177366
test,70,96,-0.004841292177524799,-0.16869069167900827
test,70,97,-0.004889059924535231,-0.16889786434752396
test,70,98,-0.004936207311194878,-0.16906691313973735
test,70,99,-0.00498397505820531,-0.1692572851169768
test,70,100,-0.0050321563787829315,-0.16940172740678322
test,70,101,-0.005079924125793363,-0.16961808814634044
test,70,102,-0.005127588479411998,-0.1698060598550096
test,70,103,-0.005174632472679847,-0.16999560232769817
test,70,104,-0.005221883252731292,-0.17016793954986528
test,70,105,-0.005269547606349925,-0.17032696918924883
test,70,106,-0.005317315353360358,-0.17051282051282052
test,70,107,-0.0053650831003707895,-0.1707165783825296
test,70,108,-0.005412127093638639,-0.17085971261620705
test,70,109,-0.005459791447257273,-0.17103889576244974
test,70,110,-0.005508179554618489,-0.17121949350599594
test,70,111,-0.005555843908237124,-0.17136212624584718
test,70,112,-0.005602887901504974,-0.17150678745801937
test,70,113,-0.005651172615474392,-0.17169579082822028
test,70,114,-0.005698423395525837,-0.1718490035863497
test,70,115,-0.005746087749144472,-0.17205296192788747
test,70,116,-0.005793752102763105,-0.1721973420055776
test,70,117,-0.005840899489422752,-0.1723693809725387
test,70,118,-0.005888667236433184,-0.17252958249609288
test,70,119,-0.0059364349834436165,-0.17266938833343665
test,70,120,-0.005983478976711466,-0.17283321770135332
test,70,121,-0.0060311433303301,-0.1729814476090933
test,70,122,-0.006078394110381544,-0.17313141435433152
test,70,123,-0.006126058464000179,-0.1732830641360696
test,70,124,-0.00617382621101061,-0.1734156126750986
test,70,125,-0.006221490564629245,-0.1735893284765085
test,70,126,-0.006268637951288892,-0.17373810041659
test,70,127,-0.006316302304907526,-0.17388020682042643
test,70,128,-0.006364587018876945,-0.17403012360725667
test,70,129,-0.006412251372495579,-0.17416919293027514
test,70,130,-0.006459398759155226,-0.1743089510001865
test,70,131,-0.006506546145814873,-0.17447212565984294
test,70,132,-0.006554313892825305,-0.17460748454695013
test,70,133,-0.006602495213402927,-0.174742198584371
test,70,134,-0.006649745993454371,-0.17488651650919276
test,70,135,-0.006696893380114018,-0.17500937090023114
test,70,136,-0.006744557733732653,-0.17518836625220924
test,70,137,-0.0067917051203923,-0.1752995405890003
test,70,138,-0.006839472867402731,-0.1754293484904046
test,70,139,-0.006887654187980353,-0.17555995479403222
test,70,140,-0.00693438800107281,-0.175679848177909
test,70,141,-0.006981948961299647,-0.17581168588391882
test,70,142,-0.007029716708310078,-0.17595432033680583
test,70,143,-0.007076864094969725,-0.17608110599078342
test,70,144,-0.007124631841980157,-0.17620742172626894
test,70,145,-0.007172296195598791,-0.17635509533297458
test,70,146,-0.007219960549217426,-0.17647441175196082
test,70,147,-0.007267107935877073,-0.1765942184922172
test,70,148,-0.0073148756828875046,-0.1767245678783647
test,70,149,-0.007362643429897936,-0.17683526655862308
test,70,150,-0.007410307783516571,-0.1769643371833897
test,70,151,-0.00745693820321723,-0.17706747489419947
test,70,152,-0.0075051195237948514,-0.17720149020750514
test,70,153,-0.0075522669104544984,-0.1773167453561705
test,70,154,-0.0075994142971141454,-0.17743492820017667
test,70,155,-0.007647182044124578,-0.1775695847706135
test,70,156,-0.007694846397743212,-0.17768583867391363
test,70,157,-0.007742510751361846,-0.17777688215379656
test,70,158,-0.007789658138021493,-0.17790489667325252
test,70,159,-0.007837425885031925,-0.17801995171261042
test,70,160,-0.007885090238650558,-0.17816463205631872
test,70,161,-0.007932341018702004,-0.17827781599030493
test,70,162,-0.007980005372320638,-0.1783877394236904
test,70,163,-0.008027669725939272,-0.17851411859098792
test,70,164,-0.00807481711259892,-0.17862012193553367
test,70,165,-0.008122584859609351,-0.17873420310792065
test,70,166,-0.008169732246268997,-0.17884918416103288
test,70,167,-0.008217499993279429,-0.17896166235078634
test,70,168,-0.008264647379939077,-0.1790842368954714
test,70,169,-0.008311794766598723,-0.17920023966596557
test,70,170,-0.008359976087176346,-0.17930645091238498
test,70,171,-0.008406503113485207,-0.17941078500314595
test,70,172,-0.008454270860495638,-0.17952067311820044
test,70,173,-0.008502038607506071,-0.1796192868640554
test,70,174,-0.008549185994165718,-0.17974926039090158
test,70,175,-0.00859695374117615,-0.17986955840335628
test,70,176,-0.008643997734444,-0.1799645177531107
test,70,177,-0.008691662088062633,-0.18007628583348234
test,70,178,-0.008739429835073064,-0.18019165920930205
test,70,179,-0.008787197582083496,-0.18030680739968058
test,70,180,-0.008834344968743144,-0.18042173617460205
test,70,181,-0.00888190592896998,-0.1805205856296918
test,70,182,-0.008929156709021425,-0.1806314739996638
test,71,0,0.0,
test,71,1,-5.3911685442720005e-05,0.20855614973262032
test,71,2,-0.00010623149040976914,0.12439678284182305
test,71,3,-0.00015791454318654993,0.039412396990326046
test,71,4,-0.00020906696913810708,-0.03446418955304254
test,71,5,-0.00025979489362948534,-0.09181034482758621
test,71,6,-0.00030924931374032695,-0.1382596188421431
test,71,7,-0.00035934048604143685,-0.1764615147308345
test,71,8,-0.0004089010315173232,-0.2085077650236327
test,71,9,-0.00045846157699320946,-0.23483483483483483
test,71,10,-0.0005073853702788274,-0.25594980527909994
test,71,11,-0.0005563091635644454,-0.27393486175341925
test,71,12,-0.0006058697090403316,-0.28925768918553263
test,71,13,-0.0006554302545162179,-0.30271485676215854
test,71,14,-0.000704354047801836,-0.31414868105515587
test,71,15,-0.0007539145932777223,-0.32363347534117987
test,71,16,-0.0008028383865633402,-0.3327240725697265
test,71,17,-0.0008517621798489581,-0.3411929645679327
test,71,18,-0.0009018533521500681,-0.34854322176739705
test,71,19,-0.0009508832708007307,-0.3549840328467153
test,71,20,-0.0009998070640863488,-0.36087781089135734
test,71,21,-0.001049367609562235,-0.3666718274242659
test,71,22,-0.0010988220296730767,-0.3720437524635396
test,71,23,-0.0011483825751489628,-0.37667295004712537
test,71,24,-0.0011979431206248492,-0.3808491418247516
test,71,25,-0.0012467607885454225,-0.3849022243420197
test,71,26,-0.0012963213340213087,-0.3890255597715048
test,71,27,-0.001345881879497195,-0.3925875361387729
test,71,28,-0.0013954424249730812,-0.39590351182870637
test,71,29,-0.0014443662182586992,-0.3990503252822852
test,71,30,-0.0014939267637345856,-0.4020383823051068
test,71,31,-0.001543381183845427,-0.4049951028403526
test,71,32,-0.001593472356146537,-0.40763079425318516
test,71,33,-0.0016430329016224234,-0.4101215905356556
test,71,34,-0.001692487321733265,-0.41267461886840595
test,71,35,-0.0017420478672091513,-0.4151072003965795
test,71,36,-0.0017920329141452164,-0.417326866885562
test,71,37,-0.0018421240864463263,-0.4193510566579711
test,71,38,-0.001891154005096989,-0.4212734381688975
test,71,39,-0.001941245177398099,-0.4232405527903679
test,71,40,-0.001991336349699209,-0.42500067774554723
test,71,41,-0.002041427522000319,-0.4267879813796022
test,71,42,-0.0020915186943014285,-0.42834641602974594
test,71,43,-0.0021409731144122705,-0.42993694829760404
test,71,44,-0.0021910642867133804,-0.43161708525374015
test,71,45,-0.002240518706824222,-0.43309876126668917
test,71,46,-0.002290609879125332,-0.43441463529633645
test,71,47,-0.002340701051426442,-0.4358199312397609
test,71,48,-0.0023901554715372833,-0.43707921015769735
test,71,49,-0.0024402466438383933,-0.4385056326494478
test,71,50,-0.0024903378161395032,-0.43977615339565757
test,71,51,-0.002541065740630881,-0.440945049336509
test,71,52,-0.002591156912931991,-0.44213643663058666
test,71,53,-0.002641248085233101,-0.44333947206875385
test,71,54,-0.0026912331321691666,-0.44447791769596917
test,71,55,-0.002741324304470276,-0.4455201514315009
test,71,56,-0.002791415476771386,-0.4464434417181478
test,71,57,-0.002841506649072496,-0.4474970984988299
test,71,58,-0.0028921284481988295,-0.4485892186009985
test,71,59,-0.0029422196204999394,-0.4495358882455657
test,71,60,-0.0029923107928010494,-0.45041299907820775
test,71,61,-0.0030424019651021593,-0.451340492106386
test,71,62,-0.003093023764228493,-0.45225893341262485
test,71,63,-0.0031436455633548264,-0.45313710302091403
test,71,64,-0.0031937367356559363,-0.45389542173574166
test,71,65,-0.0032442524094172254,-0.45461370347508384
test,71,66,-0.0032943435817183353,-0.45547303736321515
test,71,67,-0.0033444347540194453,-0.4563081654123169
test,71,68,-0.0033951626785108232,-0.4571180251008659
test,71,69,-0.0034456783522721123,-0.4578193019125898
test,71,70,-0.0034957695245732222,-0.45853084239551384
test,71,71,-0.0035464974490646006,-0.4592452311498694
test,71,72,-0.00359658862136571,-0.4600063254917317
test,71,73,-0.003647104295126999,-0.4605992186687661
test,71,74,-0.003697195467428109,-0.46122736064708986
test,71,75,-0.0037479233919194875,-0.46192493421623343
test,71,76,-0.003798439065680776,-0.46265515765444426
test,71,77,-0.0038491669901721546,-0.4632954529452354
test,71,78,-0.0038992581624732645,-0.46380165978564575
test,71,79,-0.003950410588424822,-0.4643695356785023
test,71,80,-0.004000501760725931,-0.46505292547063687
test,71,81,-0.004051654186677489,-0.46565202259524
test,71,82,-0.004101745358978599,-0.46621666292030833
test,71,83,-0.0041518365312797085,-0.4667807503396384
test,71,84,-0.004202988957231266,-0.4672982845636544
test,71,85,-0.0042530801295323755,-0.467900557419289
test,71,86,-0.004304232555483933,-0.46841826571522227
test,71,87,-0.0043543237277850425,-0.4689248638476589
test,71,88,-0.0044054761537366,-0.46940258972242416
test,71,89,-0.0044555673260377095,-0.46995334332249145
test,71,90,-0.0045068258773543115,-0.47054678182935206
test,71,91,-0.004556917049655422,-0.47103046477547567
test,71,92,-0.004607538848781755,-0.4714755412046148
test,71,93,-0.004658160647908089,-0.4719405003380663
test,71,94,-0.004708782447034422,-0.47246378483114965
test,71,95,-0.004759404246160756,-0.47294752698970627
test,71,96,-0.004809495418461865,-0.47335998464161894
test,71,97,-0.004860117217588199,-0.4738303864809889
test,71,98,-0.004910845142079578,-0.4743022445435136
test,71,99,-0.004961997568031134,-0.4747974156811213
test,71,100,-0.0050125132417924234,-0.47517426796613293
test,71,101,-0.005062604414093533,-0.47553854905706955
test,71,102,-0.0051137568400450905,-0.47598018897001776
test,71,103,-0.005164484764536468,-0.4764142503815187
test,71,104,-0.005215106563662802,-0.4768389672389172
test,71,105,-0.005266365114979404,-0.47719881477198817
test,71,106,-0.005316456287280514,-0.47761415350002556
test,71,107,-0.005366971961041803,-0.4780560452252143
test,71,108,-0.005417699885533181,-0.47849019863694303
test,71,109,-0.005468852311484739,-0.47885152808027764
test,71,110,-0.005518943483785848,-0.4791972565211821
test,71,111,-0.005569459157547137,-0.47958516030116893
test,71,112,-0.005620717708863739,-0.48004297245504346
test,71,113,-0.005671339507990073,-0.48044068414438784
test,71,114,-0.005721961307116406,-0.48076941362162573
test,71,115,-0.00577258310624274,-0.48113412070769435
test,71,116,-0.005823311030734118,-0.4815399710320983
test,71,117,-0.005873826704495407,-0.48188791817600685
test,71,118,-0.005925085255812009,-0.48222520255001744
test,71,119,-0.005975176428113118,-0.48252477592363185
test,71,120,-0.006026328854064676,-0.482860781674811
test,71,121,-0.006076420026365785,-0.4832309153125392
test,71,122,-0.006127041825492119,-0.48359483279434234
test,71,123,-0.006177663624618452,-0.4839131814096124
test,71,124,-0.006228285423744787,-0.48423555326346335
test,71,125,-0.006279543975061388,-0.48458730392709426
test,71,126,-0.006330165774187722,-0.4849291618996826
test,71,127,-0.006380787573314056,-0.48524404086265605
test,71,128,-0.006431939999265612,-0.4855160208643815
test,71,129,-0.006482561798391946,-0.48583046974114247
test,71,130,-0.006532652970693056,-0.4861810511572067
test,71,131,-0.006583805396644613,-0.4865099654992678
test,71,132,-0.006633896568945723,-0.48678473778850656
test,71,133,-0.006685155120262325,-0.4870920425375871
test,71,134,-0.00673514016719839,-0.487406682465605
test,71,135,-0.006786398718514992,-0.48775719916829235
test,71,136,-0.006837020517641326,-0.48803841096545403
test,71,137,-0.006887748442132704,-0.4883078870342536
test,71,138,-0.006938264115893993,-0.4886320799170672
test,71,139,-0.00698941654184555,-0.48894390082258
test,71,140,-0.00703950771414666,-0.4892319125547694
test,71,141,-0.007090660140098217,-0.4894775677732258
test,71,142,-0.007141388064589595,-0.4897234921046807
test,71,143,-0.007192540490541153,-0.4900454717696097
test,71,144,-0.007242631662842262,-0.49036688617121355
test,71,145,-0.00729378408879382,-0.4906277326437417
test,71,146,-0.007344512013285198,-0.4908477520208431
test,71,147,-0.007395027687046487,-0.49113488248650883
test,71,148,-0.007445755611537865,-0.4914546812530205
test,71,149,-0.007496908037489422,-0.49173036780589274
test,71,150,-0.007547529836615756,-0.49196263437752863
test,71,151,-0.007598151635742089,-0.49218817281469784
test,71,152,-0.007649304061693646,-0.4924784691724177
test,71,153,-0.007699395233994756,-0.49277199742185895
test,71,154,-0.007750123158486134,-0.4930195410629719
test,71,155,-0.007801275584437692,-0.4932079086091419
test,71,156,-0.007851897383564024,-0.4934772188917524
test,71,157,-0.007902519182690358,-0.4937708787719831
test,71,158,-0.007953247107181738,-0.4940400666634661
test,71,159,-0.008003338279482847,-0.4942717917263
test,71,160,-0.008054490705434405,-0.4945277102395481
test,71,161,-0.008105006379195694,-0.49480581103045845
test,71,162,-0.00815615880514725,-0.49509364548494983
test,71,163,-0.00820624997744836,-0.49534816469391624
test,71,164,-0.008256977901939739,-0.49558793893482833
test,71,165,-0.008307493575701028,-0.49583151369082606
test,71,166,-0.008358858252382674,-0.49613728862792966
test,71,167,-0.008409373926143963,-0.4963778107247947
test,71,168,-0.008460526352095519,-0.4965880433170153
test,71,169,-0.00851061752439663,-0.49678298363441104
test,71,170,-0.008561345448888008,-0.4970313500903502
test,71,171,-0.008612497874839566,-0.49728638821915466
test,71,172,-0.008662589047140675,-0.4975274033009953
test,71,173,-0.008713741473092233,-0.49772957873507784
test,71,174,-0.00876446939758361,-0.49796837198875366
test,71,175,-0.0088149850713449,-0.49824624405224427
test,71,176,-0.008865712995836278,-0.49851784587444015
test,71,177,-0.008916865421787835,-0.49870529756730614
test,71,178,-0.008966956594088945,-0.4989149721666773
test,71,179,-0.009018109020040502,-0.4991540889734968
test,72,0,0.0,
test,72,1,-7.09143104508897e-05,0.2477211796246649
test,72,2,-0.0001396926476954273,0.23384285331187987
test,72,3,-0.0002083285867262081,0.2252236135957066
test,72,4,-0.00027774771593265133,0.22243116185359302
test,72,5,-0.00034574286300152653,0.21958041958041957
test,72,6,-0.0004143788020323073,0.2183938986092418
test,72,7,-0.0004830147410630881,0.2168795199261425
test,72,8,-0.0005517930783076258,0.2157774184855834
test,72,9,-0.0006196458271627441,0.21448684920016775
test,72,10,-0.0006883529653004032,0.21370793787748057
test,72,11,-0.0007562769132624,0.213060103931758
test,72,12,-0.0008249128522931808,0.21260338007910823
test,72,13,-0.0008936911895377185,0.21237652527600231
test,72,14,-0.0009623271285684993,0.2122263336416898
test,72,15,-0.0010303222756373744,0.21176470588235294
test,72,16,-0.0010989582146681551,0.21160202360876898
test,72,17,-0.0011676653528058143,0.21126492252984505
test,72,18,-0.0012363724909434737,0.21081356643776053
test,72,19,-0.0013050084299742544,0.2105741640387511
test,72,20,-0.0013730035770431297,0.2104623856182687
test,72,21,-0.0014416395160739104,0.21035041262822327
test,72,22,-0.0015110586452803537,0.2101943653676254
test,72,23,-0.0015797657834180129,0.21008403361344538
test,72,24,-0.0016476897313800096,0.21002902071944388
test,72,25,-0.0017163968695176688,0.20982268201550722
test,72,26,-0.001785104007655328,0.20967808930425752
test,72,27,-0.0018530279556173248,0.2095116195352186
test,72,28,-0.001921735093754984,0.2094158035834828
test,72,29,-0.001990371032785765,0.20917284272466574
test,72,30,-0.002059078170923424,0.20911479894884624
test,72,31,-0.002127002118885421,0.20908314896433985
test,72,32,-0.0021956380579162015,0.20892046509273166
test,72,33,-0.002265128386229523,0.20888292475370668
test,72,34,-0.002332340343122736,0.20883502239730597
test,72,35,-0.0024009762821535167,0.20871846308155234
test,72,36,-0.002469683420291176,0.20861399060892002
test,72,37,-0.002539102549497619,0.20857964414473587
test,72,38,-0.0026070264974596157,0.20846479633893295
test,72,39,-0.002675733635597275,0.20837256965601286
test,72,40,-0.00274372878266615,0.2082551341425543
test,72,41,-0.002812364721696931,0.20818294385752298
test,72,42,-0.002881000660727712,0.20810883793897153
test,72,43,-0.002948995807796587,0.20810410229356646
test,72,44,-0.003017702945934246,0.20806225910195664
test,72,45,-0.003087050876033811,0.20803427830720853
test,72,46,-0.0031550460231026863,0.20798205856797314
test,72,47,-0.0032237531612403455,0.20786981704514113
test,72,48,-0.003292389100271126,0.2078138362515191
test,72,49,-0.0033610962384087854,0.2077073159977513
test,72,50,-0.0034298033765464446,0.20768923312916573
test,72,51,-0.0034984393155772253,0.2076021224092098
test,72,52,-0.003566363263539222,0.20756814026923717
test,72,53,-0.0036351416007837597,0.20752947890869436
test,72,54,-0.0037037775398145404,0.20750187546886723
test,72,55,-0.003771701487776537,0.2074424725744198
test,72,56,-0.0038404086259141964,0.2074170524691358
test,72,57,-0.003909115764051856,0.20737462567757098
test,72,58,-0.003977751703082636,0.2073535300855863
test,72,59,-0.004046458841220296,0.20723623979199474
test,72,60,-0.004115165979357955,0.20718246966041268
test,72,61,-0.004183089927319952,0.20718510909606122
test,72,62,-0.004251725866350732,0.20710023086640242
test,72,63,-0.00432050420359527,0.2070547281597517
test,72,64,-0.004389140142626051,0.20700365459440753
test,72,65,-0.004457064090588048,0.20695444043681333
test,72,66,-0.004525771228725707,0.20695694876411852
test,72,67,-0.004594478366863366,0.20687403250773995
test,72,68,-0.004663114305894147,0.20687463756027422
test,72,69,-0.004731821444031806,0.20682177582238645
test,72,70,-0.004799816591100682,0.20683428253924155
test,72,71,-0.004868452530131462,0.20675015597181856
test,72,72,-0.004937088469162243,0.20668777384310666
test,72,73,-0.00500586680640678,0.206646735832581
test,72,74,-0.005073790754368777,0.20659926269299558
test,72,75,-0.005141714702330774,0.20656722437896588
test,72,76,-0.005210350641361555,0.20651810782954827
test,72,77,-0.005279840969674876,0.20644731303493757
test,72,78,-0.005347764917636873,0.20642989722137572
test,72,79,-0.005416400856667654,0.20640846803971444
test,72,80,-0.005485107994805313,0.20635681632487693
test,72,81,-0.00555303194276731,0.20636254501800722
test,72,82,-0.005621739080904969,0.20639699584952895
test,72,83,-0.005691229409218291,0.20634331758243188
test,72,84,-0.0057591533571802874,0.20629091797754254
test,72,85,-0.005827789296211069,0.20627526247553193
test,72,86,-0.005896496434348727,0.20619107143978843
test,72,87,-0.0059644203823107245,0.2061670671658936
test,72,88,-0.006033127520448383,0.20614379726942345
test,72,89,-0.006101763459479164,0.20608676123361921
test,72,90,-0.006170470597616823,0.20600593030095676
test,72,91,-0.00623839454557882,0.20600667276159718
test,72,92,-0.006307101683716479,0.20596007046388726
test,72,93,-0.00637573762274726,0.20598554731974814
test,72,94,-0.00644444476088492,0.20589181857888325
test,72,95,-0.006513151899022579,0.205870812553667
test,72,96,-0.006581859037160238,0.2058557063030719
test,72,97,-0.006648999794946572,0.2057909510124975
test,72,98,-0.006717706933084232,0.2057982039790299
test,72,99,-0.0067864140712218905,0.2057613393285895
test,72,100,-0.006855050010252672,0.20573712927448545
test,72,101,-0.00692375714839033,0.20572849807445442
test,72,102,-0.00699246428652799,0.2057010296173891
test,72,103,-0.00706110022555877,0.205663603558241
test,72,104,-0.0071290241735207675,0.20559145593949343
test,72,105,-0.007197802510765305,0.20557001883084142
test,72,106,-0.007266438449796086,0.20552574040946134
test,72,107,-0.007335145587933745,0.2054953599450666
test,72,108,-0.007403852726071404,0.20545039817519709
test,72,109,-0.007472488665102185,0.20538949163127035
test,72,110,-0.007539700621995398,0.2053798136661215
test,72,111,-0.007608336561026179,0.2053597068028171
test,72,112,-0.007677114898270716,0.20531446404368106
test,72,113,-0.007745750837301497,0.20529712673901612
test,72,114,-0.007813674785263494,0.20528677784254348
test,72,115,-0.007882381923401153,0.2052407080311173
test,72,116,-0.007951089061538812,0.20522540983606558
test,72,117,-0.008019725000569593,0.20521404263768128
test,72,118,-0.008088432138707252,0.20518819333482893
test,72,119,-0.00815713927684491,0.20515439580893235
test,72,120,-0.008224351233738124,0.20515210041283433
test,72,121,-0.008292987172768905,0.2051032481303717
test,72,122,-0.008361694310906564,0.20508108299604105
test,72,123,-0.008430401449044223,0.2050370929982299
test,72,124,-0.008499037388075004,0.20500431331201366
test,72,125,-0.008567744526212662,0.2049373752042113
test,72,126,-0.008636451664350323,0.20493339107393227
test,72,127,-0.008705087603381104,0.20488006159631442
test,72,128,-0.0087730115513431,0.20482853223593964
test,72,129,-0.008841718689480759,0.20483128609539444
test,72,130,-0.008909642637442755,0.20478082351181076
test,72,131,-0.008978349775580416,0.2047385351369185
test,72,132,-0.009046985714611195,0.20473707475197275
test,72,133,-0.009115764051855733,0.20470544269913032
test,73,0,0.0,
test,73,1,-6.416184888262629e-05,0.13740053050397877
test,73,2,-0.0001270209191077373,0.037350993377483446
test,73,3,-0.0001898148503999726,-0.050387596899224806
test,73,4,-0.0002499380854443016,-0.11570901423299948
test,73,5,-0.0003086282639653638,-0.16267087276550998
test,73,6,-0.0003673835814193018,-0.19797220522681583
test,73,7,-0.0004261388988732398,-0.2250878373327353
test,73,8,-0.0004842428269984201,-0.24629351446672326
test,73,9,-0.0005422816161907247,-0.2631182234591523
test,73,10,-0.0006010369336446627,-0.2770537948290242
test,73,11,-0.0006584243335082097,-0.2891098484848485
test,73,12,-0.0007157465944388809,-0.2995359729389826
test,73,13,-0.0007731339943024278,-0.3090094415106417
test,73,14,-0.0008305213941659748,-0.3167860988378569
test,73,15,-0.000887843655096646,-0.32418857598115625
test,73,16,-0.0009445796656314354,-0.33065039594963
test,73,17,-0.0010013156761662246,-0.33679452724163206
test,73,18,-0.0010579865477681383,-0.342339744513971
test,73,19,-0.0011140060300412942,-0.3474911911720521
test,73,20,-0.0011706769016432078,-0.35196907590930315
test,73,21,-0.0012259798556547303,-0.3562269931071967
test,73,22,-0.0012827158661895197,-0.3601942663145983
test,73,23,-0.0013380188202010421,-0.36397871284896044
test,73,24,-0.001394038302474198,-0.36734517481308615
test,73,25,-0.0014499926458144783,-0.37072685031530034
test,73,26,-0.001504709349430119,-0.37372347215573637
test,73,27,-0.001560663692770399,-0.37667326048128447
test,73,28,-0.0016159666467819218,-0.37940550050930644
test,73,29,-0.0016719861290550777,-0.3820584343596896
test,73,30,-0.001727354221999476,-0.3845781549789985
test,73,31,-0.0017826571760109985,-0.3869343370974488
test,73,32,-0.0018379601300225212,-0.3891679901468253
test,73,33,-0.0018926768336381618,-0.3913494483387295
test,73,34,-0.001948631176978442,-0.3933676037646628
test,73,35,-0.0020039341309899647,-0.39538812650048905
test,73,36,-0.002058650834605605,-0.39711264155836673
test,73,37,-0.0021139537886171278,-0.39884482202688876
test,73,38,-0.0021692567426286505,-0.4006142506142506
test,73,39,-0.0022238431683785395,-0.40229854478703875
test,73,40,-0.0022785598719941803,-0.4039272142458789
test,73,41,-0.0023331462977440693,-0.4054816708213648
test,73,42,-0.0023885143906884677,-0.4069352308243462
test,73,43,-0.002443882483632866,-0.4082703863696696
test,73,44,-0.0024991202987115126,-0.4096516262943133
test,73,45,-0.0025538370023271534,-0.41099950411126357
test,73,46,-0.002609139956338676,-0.4122863428668133
test,73,47,-0.002663791521021441,-0.4135912895602818
test,73,48,-0.002719159613965839,-0.4147573067482673
test,73,49,-0.002773029511454095,-0.4159666091083403
test,73,50,-0.00282768107613686,-0.4171347293888018
test,73,51,-0.0028816161125579916,-0.41817237904251964
test,73,52,-0.00293698420550239,-0.4193390575079872
test,73,53,-0.0029923522984467883,-0.42044163172538107
test,73,54,-0.00304628733486792,-0.42140384615384613
test,73,55,-0.003100873760617809,-0.4223147440073262
test,73,56,-0.0031555904642334496,-0.423272720528917
test,73,57,-0.0032101768899833387,-0.4242087425520672
test,73,58,-0.003264828454666104,-0.4251712558764271
test,73,59,-0.0033194800193488685,-0.4260776943459009
test,73,60,-0.003374066445098758,-0.42697854805478125
test,73,61,-0.003428066620452765,-0.4279072143879011
test,73,62,-0.00348271818513553,-0.42876294533632736
test,73,63,-0.003537369749818295,-0.4295939571857374
test,73,64,-0.0035920213145010597,-0.4303596071109668
test,73,65,-0.003646672879183825,-0.43117381399624316
test,73,66,-0.00370132444386659,-0.43188581505565965
test,73,67,-0.0037546080909589634,-0.43267955608292036
test,73,68,-0.003809194516708853,-0.4334021091242549
test,73,69,-0.0038638460813916176,-0.43410806007019237
test,73,70,-0.003917846256745625,-0.43482069938377016
test,73,71,-0.003972432682495514,-0.4355139776445528
test,73,72,-0.004026432857849521,-0.4362335684224964
test,73,73,-0.0040810844225322865,-0.43689389516255356
test,73,74,-0.004135019458953418,-0.4375987805649019
test,73,75,-0.004189671023636183,-0.4382351106521302
test,73,76,-0.004242954670728557,-0.43884454112029986
test,73,77,-0.004297606235411321,-0.4394258554106241
test,73,78,-0.004352192661161211,-0.4400527887384025
test,73,79,-0.004406909364776852,-0.4406236426098746
test,73,80,-0.004460844401197983,-0.4412382122222439
test,73,81,-0.004514779437619115,-0.44179403400884565
test,73,82,-0.00456943100230188,-0.4423715916296766
test,73,83,-0.004622714649394254,-0.4429310712092924
test,73,84,-0.004676714824748261,-0.44346426471043426
test,73,85,-0.00473130125049815,-0.44402772764259973
test,73,86,-0.004785236286919282,-0.44453448150746233
test,73,87,-0.004839171323340413,-0.4450561932089909
test,73,88,-0.004894539416284811,-0.4455601787276295
test,73,89,-0.004947823063377185,-0.44606519630188063
test,73,90,-0.0050017580997983166,-0.4465667604852366
test,73,91,-0.005056474803413958,-0.4470802085238705
test,73,92,-0.005110409839835089,-0.4475441443377077
test,73,93,-0.005164344876256221,-0.44804170535524507
test,73,94,-0.005218279912677352,-0.4485132569992861
test,73,95,-0.005272214949098484,-0.44901837299088193
test,73,96,-0.005326931652714124,-0.4494789380415874
test,73,97,-0.005380866689135256,-0.4499372472458513
test,73,98,-0.005435518253818021,-0.45036737380815867
test,73,99,-0.005489518429172028,-0.45078594289498164
test,73,100,-0.005542736937331526,-0.45121595887488686
test,73,101,-0.005596737112685534,-0.4516202153418165
test,73,102,-0.005650672149106665,-0.45203187332292655
test,73,103,-0.00570532371378943,-0.4524428996519165
test,73,104,-0.005759258750210562,-0.4528720104072851
test,73,105,-0.0058132589255645685,-0.45329606335895645
test,73,106,-0.0058665425726569425,-0.45370906770091807
test,73,107,-0.005921128998406832,-0.4541382345931802
test,73,108,-0.005974412645499206,-0.45449858086651473
test,73,109,-0.006028347681920338,-0.4549083269671505
test,73,110,-0.0060823478572743445,-0.4553011700471709
test,73,111,-0.006136348032628352,-0.4556554275506042
test,73,112,-0.006189631679720726,-0.45603126582925546
test,73,113,-0.0062435667161418575,-0.45638285622164393
test,73,114,-0.006297501752562989,-0.4567902361960249
test,73,115,-0.0063514367889841205,-0.45714311578623384
test,73,116,-0.006405371825405252,-0.4575046668581275
test,73,117,-0.0064593720007592595,-0.4578361495955794
test,73,118,-0.006513372176113267,-0.4582061371777452
test,73,119,-0.006567307212534399,-0.45856517935258095
test,73,120,-0.006621958777217163,-0.45892692915025424
test,73,121,-0.006675893813638294,-0.4592463204450315
test,73,122,-0.006729177460730668,-0.4596086965798289
test,73,123,-0.006782395968890167,-0.45997697490942335
test,73,124,-0.006836396144244174,-0.46031639404829877
test,73,125,-0.006890396319598181,-0.4606394808851275
test,73,126,-0.006944331356019313,-0.46095903146499184
test,73,127,-0.006998266392440444,-0.4612877570430619
test,73,128,-0.007052266567794452,-0.46159634572440805
test,73,129,-0.007106201604215583,-0.461959768166481
test,73,130,-0.007160201779569591,-0.4622701585610554
test,73,131,-0.007214136815990722,-0.46258530439310175
test,73,132,-0.007268071852411854,-0.46285076404831216
test,73,133,-0.007321355499504228,-0.4631426882406599
test,73,134,-0.007375290535925359,-0.46342932415261645
test,73,135,-0.007429290711279367,-0.46373787437563885
test,73,136,-0.007483225747700498,-0.46404833374173
test,73,137,-0.007536509394792872,-0.4643344469910337
test,73,138,-0.007590509570146879,-0.46466022421541586
test,73,139,-0.007643793217239253,-0.4649158955531413
test,73,140,-0.007697076864331627,-0.4652383343562276
test,73,141,-0.007751011900752758,-0.4655493344757796
test,73,142,-0.00780494693717389,-0.4658300358294124
test,73,143,-0.007858230584266265,-0.466124286213728
test,73,144,-0.007912165620687396,-0.4663942281612209
test,73,145,-0.00796544926777977,-0.4667025823366735
test,73,146,-0.008018732914872144,-0.4669767574585872
test,74,0,0.0,
test,74,1,-6.197644701714489e-05,0.1762820512820513
test,74,2,-0.00012286558794626968,0.1030157459300774
test,74,3,-0.00018363391708783668,0.03770900035574529
test,74,4,-0.00024506671106097155,-0.014035556743750835
test,74,5,-0.0003058954460963174,-0.052986512524084775
test,74,6,-0.00036732824006945226,-0.08322171622466291
test,74,7,-0.0004287610340425871,-0.10767345688466841
test,74,8,-0.0004908582928472898,-0.12593039629853148
test,74,9,-0.0005522306809266457,-0.1417581106870229
test,74,10,-0.0006137238807935594,-0.15578348190312533
test,74,11,-0.0006758211395982622,-0.16673992673992674
test,74,12,-0.0007378579925091859,-0.17649957442996014
test,74,13,-0.0007999552513138886,-0.18517905880406915
test,74,14,-0.0008613880452870234,-0.19258547829427583
test,74,15,-0.0009234853040917261,-0.19932541533603645
test,74,16,-0.0009855825628964287,-0.20570717097957397
test,74,17,-0.0010469549509757848,-0.2106897316478155
test,74,18,-0.0011096562687182762,-0.21534823860405256
test,74,19,-0.0011710890626914112,-0.21995291180892407
test,74,20,-0.0012338507863276817,-0.22371364653243847
test,74,21,-0.0012952835803008165,-0.22776650658722616
test,74,22,-0.0013579244921495292,-0.2312690006864764
test,74,23,-0.001420021750954232,-0.23426319123477934
test,74,24,-0.0014815149508211457,-0.23736169829990106
test,74,25,-0.0015442162685636372,-0.2399585384814719
test,74,26,-0.00160631352736834,-0.24240976865888608
test,74,27,-0.0016682899743854847,-0.2450139030586729
test,74,28,-0.0017310516980217554,-0.2471205602608377
test,74,29,-0.0017924844919948901,-0.24920812371902365
test,74,30,-0.0018551858097373818,-0.25126098861507423
test,74,31,-0.0019178871274798733,-0.2530204501473178
test,74,32,-0.0019793199214530083,-0.2546117980944658
test,74,33,-0.0020420816450892787,-0.2565001556432983
test,74,34,-0.0021041184980002026,-0.2580824706200404
test,74,35,-0.0021661553509111264,-0.25959919034595713
test,74,36,-0.002228252609715829,-0.26100085633159564
test,74,37,-0.0022909539274583207,-0.26236769779545055
test,74,38,-0.0023530511862630233,-0.2636419287331122
test,74,39,-0.002415752504005515,-0.2650074222055743
test,74,40,-0.00247718529797865,-0.26606509916393845
test,74,41,-0.002539886615721141,-0.2672325034979804
test,74,42,-0.002601983874525844,-0.26840897961287663
test,74,43,-0.0026640207274367675,-0.26924287242746553
test,74,44,-0.002726722045179259,-0.2703763394559748
test,74,45,-0.002788819303983962,-0.2713624060150376
test,74,46,-0.002850916562788665,-0.272140948838961
test,74,47,-0.0029130138215933674,-0.27315353509752194
test,74,48,-0.00297565473344208,-0.27400196279709865
test,74,49,-0.0030370875274152147,-0.27471956677902415
test,74,50,-0.0030998492510514856,-0.2755965210610114
test,74,51,-0.003162490162900198,-0.2763618986938515
test,74,52,-0.0032245874217049007,-0.2770289975835347
test,74,53,-0.0032866846805096033,-0.27783739588124073
test,74,54,-0.003348781939314306,-0.27852177314995935
test,74,55,-0.003410879198119009,-0.2791687186053383
test,74,56,-0.0034728556451361537,-0.2798904894117192
test,74,57,-0.003535617368772424,-0.2805083215314279
test,74,58,-0.003597654221683348,-0.28115424856139304
test,74,59,-0.0036597514804880505,-0.28181250459187424
test,74,60,-0.0037224527982305422,-0.28230693507455273
test,74,61,-0.003784550057035245,-0.2829362329655491
test,74,62,-0.0038466473158399474,-0.28352038318998674
test,74,63,-0.003908684168750872,-0.28402453396646793
test,74,64,-0.003971385486493363,-0.28461219270537824
test,74,65,-0.004033422339404287,-0.28509247369211016
test,74,66,-0.004096123657146778,-0.28550780576337165
test,74,67,-0.004157616857013692,-0.28613958304681625
test,74,68,-0.004220318174756183,-0.28663435786251756
test,74,69,-0.004282415433560886,-0.2870116504701825
test,74,70,-0.004345116751303378,-0.28751752069571684
test,74,71,-0.004406549545276513,-0.2879426451051354
test,74,72,-0.004469190457125225,-0.2883926151251393
test,74,73,-0.004531287715929928,-0.28884499134838887
test,74,74,-0.00459398903367242,-0.2892392451060837
test,74,75,-0.0046554822335393336,-0.2896498380754106
test,74,76,-0.004718183551281825,-0.29010672297682916
test,74,77,-0.004780884869024317,-0.29038867765103504
test,74,78,-0.004842317662997452,-0.2908174614208258
test,74,79,-0.004905018980739943,-0.2912462765446334
test,74,80,-0.004967055833650867,-0.29154297642769034
test,74,81,-0.00502915309245557,-0.2920156112974381
test,74,82,-0.005091250351260272,-0.2923648675457275
test,74,83,-0.005153951669002764,-0.29269185036129153
test,74,84,-0.005216048927807466,-0.2930831902284084
test,74,85,-0.00527808578071839,-0.2933967079239505
test,74,86,-0.005340183039523093,-0.29371740624665
test,74,87,-0.005402823951371806,-0.2941216805884553
test,74,88,-0.005464317151238719,-0.294396065598018
test,74,89,-0.005527018468981211,-0.29470945254229025
test,74,90,-0.005589719786723703,-0.29503504215302845
test,74,91,-0.005651817045528406,-0.29534929461619613
test,74,92,-0.005713914304333108,-0.29568057348684484
test,74,93,-0.005775951157244032,-0.29598698291799586
test,74,94,-0.0058379880101549556,-0.2962373129763945
test,74,95,-0.005900085268959659,-0.29655723665429634
test,74,96,-0.00596278658670215,-0.29687385234277447
test,74,97,-0.006024883845506853,-0.2971257618967735
test,74,98,-0.006087585163249344,-0.29744838656113354
test,74,99,-0.006149682422054047,-0.2976900149031297
test,74,100,-0.006211719274964971,-0.29795012828649386
test,74,101,-0.006274420592707462,-0.298258805332073
test,74,102,-0.006335853386680597,-0.2985002393235122
test,74,103,-0.006398554704423088,-0.2987818044883105
test,74,104,-0.006460651963227791,-0.29908038662361575
test,74,105,-0.006522749222032494,-0.2993293930438736
test,74,106,-0.006584786074943417,-0.29960183422383263
test,74,107,-0.006647547798579689,-0.2998849111991036
test,74,108,-0.006708920186659044,-0.30010146878579036
test,74,109,-0.0067716215044015355,-0.3003872303572673
test,74,110,-0.006833718763206239,-0.30062390569899633
test,74,111,-0.00689642008094873,-0.3008323598844569
test,74,112,-0.006957913280815644,-0.3010715185335891
test,74,113,-0.007020554192664357,-0.3012559532954371
test,74,114,-0.007083315916300627,-0.30146054528927746
test,74,115,-0.007144748710273762,-0.30176208336281934
test,74,116,-0.007206785563184686,-0.3019400946661428
test,74,117,-0.007269486880927177,-0.30218829846925765
test,74,118,-0.007330980080794091,-0.30244705406325006
test,74,119,-0.007393681398536582,-0.3026590554699397
test,74,120,-0.007455114192509718,-0.3028969845497172
test,74,121,-0.00751775510435843,-0.30310082733571
test,74,122,-0.0075805168279947,-0.3032941814801802
test,74,123,-0.007641949621967835,-0.30354976598100497
test,74,124,-0.007704650939710327,-0.30376584050969685
test,74,125,-0.0077667481985150295,-0.3039631896514303
test,74,126,-0.007829449516257522,-0.3042382953801633
test,74,127,-0.007890882310230656,-0.30440411187161937
test,74,128,-0.00795291916314158,-0.30459241422872624
test,74,129,-0.008015620480884071,-0.3048086953595585
test,74,130,-0.008077717739688774,-0.30496504226233956
test,74,131,-0.008139814998493478,-0.3051623940120703
test,74,132,-0.008202516316235968,-0.3053674859513033
test,74,133,-0.008263949110209104,-0.305525181969514
test,74,134,-0.008326650427951596,-0.30574318851848253
test,74,135,-0.00838808322192473,-0.3059607600381064
test,74,136,-0.008450784539667222,-0.30611805170398093
test,74,137,-0.008513485857409714,-0.3063681123024942
test,74,138,-0.008575583116214416,-0.3065316555249705
test,74,139,-0.008637680375019118,-0.3067255925447312
test,74,140,-0.008699717227930042,-0.3069322665922429
test,74,141,-0.008761814486734744,-0.30707679517821884
test,74,142,-0.008823851339645668,-0.3072707469474328
test,74,143,-0.00888655265738816,-0.3074692796368963
test,74,144,-0.00894931438102443,-0.30759345310103375
test,74,145,-0.009010747174997566,-0.30782186259062005
test,74,146,-0.009073448492740057,-0.3080151210464299
test,74,147,-0.00913548534565098,-0.3081378821496738
test,74,148,-0.009196918139624116,-0.3083557318920029
test,74,149,-0.009259619457366608,-0.30852079023281564
test,74,150,-0.00932111265723352,-0.30867668128337605
test,74,151,-0.009383813974976013,-0.30888526287036905
test,74,152,-0.009445911233780715,-0.3090364435494525
test,74,153,-0.009507948086691639,-0.30920067822101777
test,74,154,-0.009569984939602563,-0.30941506494971066
test,74,155,-0.009632686257345055,-0.30955157091986263
test,74,156,-0.009694179457211969,-0.30974331855913273
test,74,157,-0.00975688077495446,-0.30989912817428217
test,74,158,-0.009819582092696951,-0.31002572813366264
test,75,0,0.0,
test,75,1,-6.976209496928432e-05,0.32802547770700635
test,75,2,-0.00014088142914030568,0.33156357844438544
test,75,3,-0.0002120686252714139,0.3353399433427762
test,75,4,-0.00028393444100339066,0.33638292230177674
test,75,5,-0.0003565467382963228,0.33736473583704646
test,75,6,-0.0004283446920682127,0.33722266419163793
test,75,7,-0.0004995997501594078,0.337122934667273
test,75,8,-0.0005713977039312977,0.3376657824933687
test,75,9,-0.0006440100012242298,0.3380489242558208
test,75,10,-0.0007158079549961197,0.3382493368700265
test,75,11,-0.0007877416326881832,0.3383012588626827
test,75,12,-0.0008603539299811153,0.33835816276910835
test,75,13,-0.0009321518837530052,0.3386254183331973
test,75,14,-0.0010047641810459374,0.33898048133409137
test,75,15,-0.0010773764783388695,0.3388043862752034
test,75,16,-0.0011499887756318016,0.33872732698875885
test,75,17,-0.0012217867294036916,0.3389306782359
test,75,18,-0.001293720407095755,0.33911044300999205
test,75,19,-0.0013662648424286005,0.33917851059671067
test,75,20,-0.001439555759322401,0.33924070782373383
test,75,21,-0.0015114215750543778,0.33911835291145637
test,75,22,-0.00158403387234731,0.3392900207398833
test,75,23,-0.0016565783076801551,0.3393615058128806
test,75,24,-0.0017291227430130006,0.3393974225778642
test,75,25,-0.0018017350403059325,0.33933876580935407
test,75,26,-0.0018743473375988646,0.33948941901516233
test,75,27,-0.00194689177293171,0.3397001316591012
test,75,28,-0.0020187575886636867,0.33967483988327585
test,75,29,-0.0020920485055574874,0.3395225464190981
test,75,30,-0.0021646608028504195,0.3396293152235427
test,75,31,-0.00223795171974422,0.33976827369033563
test,75,32,-0.0023105640170371523,0.3397828069302827
test,75,33,-0.002382361970809042,0.33974822746346406
test,75,34,-0.0024556528877028427,0.3397150837117134
test,75,35,-0.002528265184995775,0.339795964771332
test,75,36,-0.002600877482288707,0.3399207156225592
test,75,37,-0.002673489779581639,0.33978981777516526
test,75,38,-0.0027459663529543978,0.3398115183246073
test,75,39,-0.002819325131808285,0.33986261307216215
test,75,40,-0.0028911909475402616,0.340026525198939
test,75,41,-0.0029644818644340627,0.34003571151308126
test,75,42,-0.0030363476801660394,0.3398888467853985
test,75,43,-0.0031088921154988846,0.33988871479155613
test,75,44,-0.0031815044127918167,0.3399766098793118
test,75,45,-0.0032547953296856173,0.3400646013108879
test,75,46,-0.0033274076269785495,0.3400415177026871
test,75,47,-0.0033999520623113947,0.34001535058016163
test,75,48,-0.00347249649764424,0.34010455233695475
test,75,49,-0.0035457874145380405,0.3401214719542694
test,75,50,-0.0036183997118309726,0.34007066238024
test,75,51,-0.0036916906287247733,0.3400389020064698
test,75,52,-0.0037643029260177054,0.34014813001163
test,75,53,-0.0038369152233106375,0.34014974075631094
test,75,54,-0.003910206140204439,0.34009843119148897
test,75,55,-0.003982750575537284,0.3400136950630262
test,75,56,-0.004055295010870129,0.3401627310012977
test,75,57,-0.004127907308163061,0.3401768264308981
test,75,58,-0.004200519605455993,0.34013169928662884
test,75,59,-0.0042730640407888385,0.3401217417887232
test,75,60,-0.004346422819642726,0.3402323443080949
test,75,61,-0.004418899393015484,0.34027566415931126
test,75,62,-0.0044915116903084164,0.3402551400189943
test,75,63,-0.004564123987601349,0.3402409963202169
test,75,64,-0.004637414904495149,0.34029044129836544
test,75,65,-0.004709959339827994,0.34030294127248395
test,75,66,-0.0047825716371209265,0.34024819559870756
test,75,67,-0.004855116072453772,0.3402188370914619
test,75,68,-0.004927728369746704,0.34034121492483754
test,75,69,-0.0050010192866405045,0.3403393322519392
test,75,70,-0.005073631583933437,0.3402902504641734
test,75,71,-0.005146922500827237,0.34028929633448396
test,75,72,-0.005218720454599127,0.3403792879877402
test,75,73,-0.005292079233453015,0.34039909310234573
test,75,74,-0.005365302288386728,0.3403201410742575
test,75,75,-0.005437235966078792,0.3403165801423055
test,75,76,-0.005510526882972593,0.34040860200043277
test,75,77,-0.005583139180265525,0.3404039847334555
test,75,78,-0.005656430097159325,0.34035159304974666
test,75,79,-0.0057289745324921705,0.3403723872128704
test,75,80,-0.005802265449385971,0.3404457057228297
test,75,81,-0.005874131265117948,0.340410622482727
test,75,82,-0.0059474221820117485,0.34036084174844583
test,75,83,-0.006020034479304681,0.34043137881450714
test,75,84,-0.006093325396198481,0.34047336381318044
test,75,85,-0.006165937693491413,0.34042659411155346
test,75,86,-0.006239160748425127,0.3403936420213783
test,75,87,-0.006311773045718059,0.3404506987293613
test,75,88,-0.006384317481050905,0.3405005605989367
test,75,89,-0.0064569297783438374,0.34047156429175957
test,75,90,-0.006530220695237638,0.3404749415016827
test,75,91,-0.00660283299253057,0.3405149549108418
test,75,92,-0.006676123909424371,0.34050588391307607
test,75,93,-0.006748668344757216,0.3404876657635819
test,75,94,-0.006821280642050148,0.3404792000541724
test,75,95,-0.006894503696983862,0.34055490722697146
test,75,96,-0.006967862475837749,0.34050900089511665
test,75,97,-0.007039728291569726,0.3404933640295953
test,75,98,-0.007113019208463527,0.3405357423154157
test,75,99,-0.007185563643796372,0.34058262206719925
test,75,100,-0.007258175941089304,0.3405242833803654
test,75,101,-0.007331466857983105,0.340512578120897
test,75,102,-0.007404757774876905,0.34059305022517605
test,75,103,-0.007478048691770706,0.34058616622978005
test,75,104,-0.007549914507502683,0.34055054855936223
test,75,105,-0.007623205424396483,0.34057923425494185
test,75,106,-0.007696496341290284,0.34062612594579444
test,75,107,-0.007768430018982348,0.34060589836255745
test,75,108,-0.007841653073916061,0.340566292576312
test,75,109,-0.007915011852769948,0.3406117999727483
test,75,110,-0.00798680980654184,0.34062590413733246
test,75,111,-0.00806010072343564,0.34058577005968566
test,75,112,-0.00813339164032944,0.34060932697453483
test,75,113,-0.008205325318021504,0.3406608365840034
test,75,114,-0.008278616234915305,0.3406554036134207
test,75,115,-0.008351907151809106,0.34059628795985386
test,75,116,-0.008425198068702906,0.34064959234719305
test,75,117,-0.008496996022474796,0.340668706789074
test,75,118,-0.008570286939368597,0.3406230333543109
test,75,119,-0.008643645718222483,0.3406553241184415
test,75,120,-0.008716190153555329,0.3406946059081727
test,75,121,-0.008788802450848262,0.34065852172350153
test,75,122,-0.008862093367742062,0.34064921174598484
test,75,123,-0.008935384284635863,0.34068004916018024
test,75,124,-0.009007996581928794,0.34070221066319895
test,75,125,-0.009081287498822595,0.34070280110499584
test,75,126,-0.00915383193415544,0.340690473885168
test,75,127,-0.00922712285104924,0.3407202910233011
test,75,128,-0.009299735148342174,0.34069709137773135
test,75,129,-0.009372958203275886,0.3406949013157895
test,75,130,-0.00944557050056882,0.34075932839627066
test,75,131,-0.00951886141746262,0.34075117827122103
test,75,132,-0.00959215233435642,0.3406951091608299
test,75,133,-0.009664018150088396,0.3407485692635945
test,75,134,-0.009737376928942285,0.3407512963622689
test,75,135,-0.009809853502315042,0.34071076360921754
test,75,136,-0.00988321228116893,0.3407370428583129
test,75,137,-0.009956503198062731,0.340783788387976
test,75,138,-0.010029047633395577,0.34075403673709415
test,75,139,-0.010101659930688508,0.3407476942215303
test,75,140,-0.010174950847582308,0.34077803793200123
test,76,0,0.0,
test,76,1,-6.821922488524097e-05,0.07399577167019028
test,76,2,-0.00013573078146254374,-0.06387490060959448
test,76,3,-0.00020409154000937236,-0.16530829199149538
test,76,4,-0.0002723107648946133,-0.23473866205612448
test,76,5,-0.0003420868600573183,-0.28335816131091723
test,76,6,-0.00041405672697463164,-0.3159528243327126
test,76,7,-0.000486026593891945,-0.33880404224602995
test,76,8,-0.0005572180256705263,-0.35682936560712863
test,76,9,-0.0006292586594186335,-0.3735666154391772
test,76,10,-0.000701157759505153,-0.3869525887298462
test,76,11,-0.0007731983932532601,-0.3985388039481324
test,76,12,-0.0008451682601705735,-0.40929056302409156
test,76,13,-0.0009171381270878868,-0.41866754076866347
test,76,14,-0.0009891079940052003,-0.4267666197343887
test,76,15,-0.0010596625243066372,-0.43384965184027285
test,76,16,-0.0011323400595318887,-0.44053171641791045
test,76,17,-0.0012036022581412638,-0.4463053569188308
test,76,18,-0.0012763505601973092,-0.4514944163038005
test,76,19,-0.0013475419919758906,-0.4567170044349632
test,76,20,-0.001418733423754472,-0.46102752880921893
test,76,21,-0.0014907740575025791,-0.4646141340242849
test,76,22,-0.0015626731575890986,-0.4685469007663207
test,76,23,-0.0016347137913372057,-0.4720727407682316
test,76,24,-0.001705905223115787,-0.4752056926840116
test,76,25,-0.0017779458568638943,-0.4781077215379032
test,76,26,-0.0018498449569504139,-0.48107320277538285
test,76,27,-0.0019211779223905828,-0.4838269603384871
test,76,28,-0.0019930770224771024,-0.48610210851412666
test,76,29,-0.0020643392210864774,-0.4886045655375552
test,76,30,-0.0021363090880037908,-0.49076446722186634
test,76,31,-0.002208278954921104,-0.49272392236554324
test,76,32,-0.0022795411535304795,-0.49459441422803563
test,76,33,-0.0023522894555865247,-0.4964651448724378
test,76,34,-0.0024241885556730443,-0.4981706838344979
test,76,35,-0.002495521521113213,-0.499588163514338
test,76,36,-0.0025674206211997327,-0.5011789479928225
test,76,37,-0.002638682819809108,-0.5027055105839574
test,76,38,-0.0027106526867264214,-0.5040746360928455
test,76,39,-0.0027834009887824666,-0.5054760014237604
test,76,40,-0.0028545924205610478,-0.5068942963546325
test,76,41,-0.002926633054309155,-0.508066931440849
test,76,42,-0.0029986029212264683,-0.509210175050532
test,76,43,-0.0030705727881437817,-0.5105421312737477
test,76,44,-0.003142542655061095,-0.511539581614328
test,76,45,-0.0032145125219784085,-0.5125180948764803
test,76,46,-0.0032857747205877834,-0.5135458259819853
test,76,47,-0.0033584522558130353,-0.5145064182665
test,76,48,-0.0034304928895611425,-0.5153564635082372
test,76,49,-0.0035023919896476617,-0.5162738496071829
test,76,50,-0.003573654188257037,-0.5172667862634547
test,76,51,-0.003646402490313082,-0.5181160558190174
test,76,52,-0.0037176646889224576,-0.5187999260734748
test,76,53,-0.003790342224147709,-0.5196184105813497
test,76,54,-0.0038616044227570844,-0.5203476300646616
test,76,55,-0.00393435272481313,-0.5210060377798055
test,76,56,-0.004005544156591711,-0.5217660742887652
test,76,57,-0.004078292458647756,-0.522540158291575
test,76,58,-0.00415026232556507,-0.5231822826056941
test,76,59,-0.004222232192482383,-0.523825035742078
test,76,60,-0.004294980494538428,-0.5245760148061146
test,76,61,-0.0043661719263170095,-0.5251785339214451
test,76,62,-0.004438920228373055,-0.5256500774926812
test,76,63,-0.004510111660151636,-0.5262850170318776
test,76,64,-0.0045828599622076815,-0.5269545488668497
test,76,65,-0.0046547590622942015,-0.527452220406219
test,76,66,-0.004727507364350247,-0.5280096412048271
test,76,67,-0.004800255666406292,-0.5286267448530818
test,76,68,-0.0048714470981848735,-0.5290931357156314
test,76,69,-0.00494348773193298,-0.5295528392387436
test,76,70,-0.0050162360339890254,-0.5300711458833757
test,76,71,-0.005087427465767607,-0.5305987429705591
test,76,72,-0.005160175767823652,-0.5310039588986255
test,76,73,-0.005232924069879697,-0.531474616301431
test,76,74,-0.005305530838274155,-0.5319979225875326
test,76,75,-0.005377571472022263,-0.5323559762302957
test,76,76,-0.005450319774078308,-0.5327939658260118
test,76,77,-0.005522218874164828,-0.5332506169074223
test,76,78,-0.005594259507912935,-0.5336982926745817
test,76,79,-0.0056662293748302485,-0.5341188552279544
test,76,80,-0.0057389069100555,-0.5345755859335909
test,76,81,-0.005811655212111545,-0.5349647815401241
test,76,82,-0.005883695845859652,-0.5353102748018068
test,76,83,-0.0059563026142541095,-0.5356906318923333
test,76,84,-0.006028343248002217,-0.5361327132255769
test,76,85,-0.006101091550058262,-0.5364827616518174
test,76,86,-0.006173769085283514,-0.5368724790567794
test,76,87,-0.0062457389522008275,-0.5372304861217605
test,76,88,-0.00631919492256481,-0.5375924802910855
test,76,89,-0.006391943224620856,-0.5379158996744156
test,76,90,-0.006463913091538169,-0.5383301809039863
test,76,91,-0.0065366613935942145,-0.53864422682226
test,76,92,-0.006609338928819466,-0.5389425084682845
test,76,93,-0.006682087230875512,-0.5393120463608457
test,76,94,-0.006754835532931557,-0.5396431632786289
test,76,95,-0.00682680539984887,-0.5398765425164432
test,76,96,-0.006899482935074122,-0.5402654719686948
test,76,97,-0.006972231237130167,-0.5406246905702309
test,76,98,-0.007044979539186213,-0.5408823865709106
test,76,99,-0.007117657074411464,-0.5412945405938566
test,76,100,-0.0071904053764675095,-0.5415579495552603
test,76,101,-0.007263082911692761,-0.5417795880416925
test,76,102,-0.007336538882056745,-0.5420173561889617
test,76,103,-0.007408579515804851,-0.5423130914949055
test,76,104,-0.007481257051030104,-0.5426161722910232
test,76,105,-0.007553934586255355,-0.5429050534820499
test,76,106,-0.007625975220003462,-0.543234359978457
test,76,107,-0.007698652755228713,-0.5434764181753816
test,76,108,-0.007772179492423491,-0.543715698527414
test,76,109,-0.007844927794479536,-0.5439839853558022
test,76,110,-0.007917534562873994,-0.5443077266311965
test,76,111,-0.007990282864930039,-0.5445208113044314
test,76,112,-0.008063031166986085,-0.5448275205060542
test,76,113,-0.00813577946904213,-0.5451129061955593
test,76,114,-0.008209235439406113,-0.5452958656028452
test,76,115,-0.008281983741462159,-0.5455578646577478
test,76,116,-0.008354590509856617,-0.5458554846305256
test,76,117,-0.008427338811912662,-0.5461032358667354
test,76,118,-0.008497893342214098,-0.5463221233177065
test,76,119,-0.00856165425675933,-0.546600083378534
test,76,120,-0.008626193606443292,-0.5468042923567955
test,76,121,-0.008690025287819316,-0.5470480355505396
test,76,122,-0.008754564637503279,-0.5472754062952259
test,76,123,-0.008818396318879302,-0.5474975172491554
test,76,124,-0.008883006435394058,-0.5477188061910129
test,76,125,-0.008946767349939289,-0.5479873518731091
test,76,126,-0.009011377466454045,-0.5482188591385332
test,76,127,-0.009075138380999275,-0.5484407484407484
test,76,128,-0.009139677730683238,-0.5486802736963171
test,76,129,-0.009203509412059262,-0.5489284813502416
test,76,130,-0.009268119528574018,-0.549101263277958
test,76,131,-0.009331880443119249,-0.5493220960058629
test,76,132,-0.009396490559634004,-0.5495884632324122
test,76,133,-0.00946032224101003,-0.5497968824564992
test,77,0,0.0,
test,77,1,-7.9761752605951e-05,0.16456361724500526
test,77,2,-0.00016040440810212835,0.12595319484617407
test,77,3,-0.0002427287872978288,0.09681372549019608
test,77,4,-0.00032833653181164565,0.08045073375262055
test,77,5,-0.0004148251792156889,0.06723217090794847
test,77,6,-0.0005005130058104354,0.059557028252528774
test,77,7,-0.0005870016532144787,0.05258047651056838
test,77,8,-0.0006742911214278187,0.048582995951417005
test,77,9,-0.000760779768831862,0.04556271402867259
test,77,10,-0.0008481493191261315,0.0423343947382158
test,77,11,-0.0009355188694204011,0.04052194543297746
test,77,12,-0.0010220075168244445,0.03855348372234537
test,77,13,-0.0011084961642284876,0.03723169508525577
test,77,14,-0.0011949848116325308,0.03587661128082855
test,77,15,-0.0012814734590365741,0.03490474203865943
test,77,16,-0.0013687629272499142,0.03428720422397497
test,77,17,-0.0014552515746539573,0.03317695397540858
test,77,18,-0.0015417402220580007,0.03254763421555568
test,77,19,-0.0016274280486527472,0.03171119767378065
test,77,20,-0.0017139166960567903,0.03121661411783099
test,77,21,-0.0018012061642701303,0.030521849177398943
test,77,22,-0.0018868939908648769,0.03014801657785672
test,77,23,-0.0019725818174596236,0.029607647698441465
test,77,24,-0.0020590704648636667,0.02915255708951984
test,77,25,-0.002144758291458413,0.028739345184752935
test,77,26,-0.002231166856781527,0.028234775464400938
test,77,27,-0.00231765550418557,0.027916578241660717
test,77,28,-0.002404224233670543,0.02730959556498121
test,77,29,-0.0024897518961034303,0.027319754283866796
test,77,30,-0.002576320625588403,0.026703706919003384
test,77,31,-0.0026611275492929233,0.02648027421197661
test,77,32,-0.0027476161966969665,0.026040818983757038
test,77,33,-0.0028341048441010096,0.025772951815785736
test,77,34,-0.0029197926706957564,0.025533805103697578
test,77,35,-0.003004519512319347,0.025237344126662897
test,77,36,-0.00309100815972339,0.025069073760650377
test,77,37,-0.0031766959863181368,0.02464531021281387
test,77,38,-0.00326318463372218,0.02461184273635454
test,77,39,-0.0033488724603169266,0.024155105419876886
test,77,40,-0.0034344802048307433,0.024046974273513176
test,77,41,-0.0035192871285352634,0.023711549696461682
test,77,42,-0.0036057757759393066,0.023630345032792373
test,77,43,-0.0036914636025340533,0.023360581289736605
test,77,44,-0.0037771514291288,0.02306508875739645
test,77,45,-0.0038618782707523906,0.022863754700607464
test,77,46,-0.003947566097347137,0.022606096967364358
test,77,47,-0.004033253923941884,0.02258879312254891
test,77,48,-0.004119742571345926,0.02228031543893523
test,77,49,-0.004204549495050447,0.022176176814366167
test,77,50,-0.0042901572395642636,0.02194128856907809
test,77,51,-0.004374964163268784,0.02178751556980377
test,77,52,-0.004460651989863531,0.021628116551516974
test,77,53,-0.0045462597343773475,0.021464497622696373
test,77,54,-0.004631146740162797,0.021289314846597372
test,77,55,-0.00471763538756684,0.021043763075437583
test,77,56,-0.004802362229190431,0.020909259947936035
test,77,57,-0.004888050055785177,0.020688521295932627
test,77,58,-0.004973737882379924,0.020501956841765107
test,77,59,-0.005058464724003515,0.020357019951114916
test,77,60,-0.005144152550598261,0.020287038161845097
test,77,61,-0.005229039556383711,0.020039943328269295
test,77,62,-0.005313766398007302,0.019968762071108273
test,77,63,-0.0053994542246020485,0.01974282266995025
test,77,64,-0.005484261148306568,0.019612628222336108
test,77,65,-0.005569948974901315,0.019367395814143484
test,77,66,-0.005653874995715609,0.019278553004188587
test,77,67,-0.005738681919420129,0.019162030273832096
test,77,68,-0.005824369746014875,0.018941452994724873
test,77,69,-0.005909176669719396,0.018861803339293663
test,77,70,-0.0059939835934239155,0.018697149316892137
test,77,71,-0.006079671420018662,0.018536306376987995
test,77,72,-0.006164398261642253,0.018322222382901186
test,77,73,-0.006249285267427703,0.018227848101265823
test,77,74,-0.006334893011941519,0.018045081044574515
test,77,75,-0.00641969993564604,0.01796311592040146
test,77,76,-0.00650458694143149,0.017809317012692564
test,77,77,-0.00658931378305508,0.017673267661435902
test,77,78,-0.006675001609649827,0.017499015596948685
test,77,79,-0.006758927630464121,0.017415656299420136
test,77,80,-0.006844615457058867,0.0172565248794581
test,77,81,-0.006928541477873161,0.017121262757397362
test,77,82,-0.007013428483658611,0.016969166015959776
test,77,83,-0.0070981553252822014,0.01683434105220904
test,77,84,-0.007183042331067651,0.01676985145109413
test,77,85,-0.007267769172691242,0.016559901032544126
test,77,86,-0.007352656178476692,0.016464392724191156
test,77,87,-0.0074374631021812115,0.016257292445774122
test,77,88,-0.007521469205076435,0.01620841417822157
test,77,89,-0.007606196046700026,0.016037526173570252
test,77,90,-0.007691083052485476,0.015905883441686138
test,77,91,-0.007775809894109066,0.0157538869884563
test,77,92,-0.007860696899894515,0.01565055025886214
test,77,93,-0.007945423741518106,0.015504309862308295
test,77,94,-0.008029509926494259,0.01543931154404191
test,77,95,-0.00811423676811785,0.015248980844255468
test,77,96,-0.008198242871013074,0.015139520003470377
test,77,97,-0.008283049794717594,0.015025892833185757
test,77,98,-0.008367856718422113,0.014877885544920484
test,77,99,-0.008452663642126634,0.014790939300887561
test,77,100,-0.008537550647912085,0.01466837398627898
test,77,101,-0.008621476668726378,0.014570137145861143
test,77,102,-0.008706283592430898,0.014416648805331864
test,77,103,-0.008791090516135419,0.014342242908473446
test,77,104,-0.008875016536949712,0.014169311004114156
test,77,105,-0.008959903542735162,0.014094352343935908
test,77,106,-0.009043829563549455,0.013916784113062823
test,77,107,-0.00912783566644468,0.013859835180338396
test,77,108,-0.009212642590149199,0.013664165184574676
test,77,109,-0.00929736943177279,0.013571592298288509
test,77,110,-0.009381455616748942,0.013401349599189863
test,77,111,-0.009466182458372533,0.013360156814195811
test,77,112,-0.009550268643348687,0.013175689806617125
test,77,113,-0.00963419466416298,0.01309146521226415
test,77,114,-0.00971892150578657,0.012958134905233936
test,77,115,-0.009803808511572022,0.012876857413132131
test,77,116,-0.009887734532386314,0.012725763388750533
test,77,117,-0.009971660553200609,0.012643698615510552
test,77,118,-0.010056547558986058,0.012487869430966034
test,78,0,0.0,
test,78,1,-8.696279335435141e-05,0.14420555846879915
test,78,2,-0.00017475459331837252,0.09667277966989783
test,78,3,-0.0002634583005530303,0.07064555420219244
test,78,4,-0.0003529910143973578,0.05726184279021343
test,78,5,-0.0004425237282416853,0.048618325368792854
test,78,6,-0.0005320564420860127,0.04246670126275731
test,78,7,-0.0006215891559303402,0.0376925355450237
test,78,8,-0.000710292863164998,0.035050210560414644
test,78,9,-0.0007989136697386888,0.03189407023603915
test,78,10,-0.000889275390192686,0.02962195753495598
test,78,11,-0.0009779790974273439,0.02729668674698795
test,78,12,-0.0010674289106107043,0.02549061893465603
test,78,13,-0.0011579564323866355,0.024036930913721746
test,78,14,-0.001247489146230963,0.02342768457615845
test,78,15,-0.0013370218600752904,0.02251568857320185
test,78,16,-0.0014256426666489812,0.021558550696531887
test,78,17,-0.0015151753804933086,0.020808615496942594
test,78,18,-0.001604708094337636,0.019967247967362888
test,78,19,-0.0016951527154526003,0.019346938775510206
test,78,20,-0.0017846854292969277,0.018819636532843884
test,78,21,-0.0018742181431412553,0.018389502966445925
test,78,22,-0.0019645798635952523,0.017902873387684138
test,78,23,-0.00205328357082991,0.017191397559495718
test,78,24,-0.0021436452912839076,0.01681739879414298
test,78,25,-0.002233178005128235,0.0165371258475277
test,78,26,-0.0023227107189725624,0.016198274834042216
test,78,27,-0.0024122434328168896,0.015846283395850876
test,78,28,-0.002502688053931854,0.01563076695947442
test,78,29,-0.002593132675046818,0.015322393856789067
test,78,30,-0.0026826653888911457,0.014949536702145981
test,78,31,-0.002772198102735473,0.014531395813891481
test,78,32,-0.0028625598231894703,0.014528783133697092
test,78,33,-0.002952092537033798,0.014292647035802063
test,78,34,-0.003042537158148762,0.013993345184374858
test,78,35,-0.003132898878602759,0.01372592428603055
test,78,36,-0.0032233434997177234,0.013357053700807735
test,78,37,-0.0033119643062914142,0.013107385641898965
test,78,38,-0.0034024089274063783,0.012966008399363932
test,78,39,-0.0034927706478603752,0.012712369400267489
test,78,40,-0.0035831323683143726,0.012586979254076244
test,78,41,-0.003672747982819667,0.012431826483443124
test,78,42,-0.0037631097032736643,0.012208766213807095
test,78,43,-0.0038535543243886283,0.011996397478234765
test,78,44,-0.003943916044842626,0.011805156248166446
test,78,45,-0.004032619752077284,0.01164631907472003
test,78,46,-0.00412298147253128,0.011572956772593084
test,78,47,-0.0042134260936462446,0.011315448333443192
test,78,48,-0.004303870714761209,0.011143020016563948
test,78,49,-0.004395061441824876,0.010978243691724175
test,78,50,-0.00448550606293984,0.010800094991275258
test,78,51,-0.004575038776784167,0.010749967102266401
test,78,52,-0.004665483397899132,0.010562890896455871
test,78,53,-0.004755016111743459,0.010451061177181038
test,78,54,-0.0048453778321974564,0.010343278303014082
test,78,55,-0.004935739552651453,0.010154666266236205
test,78,56,-0.005027096081037054,0.009954375777685608
test,78,57,-0.005116628794881382,0.009861182798619977
test,78,58,-0.005207902422606016,0.009744073467644337
test,78,59,-0.005297352235789376,0.009579382020506
test,78,60,-0.005387879757565307,0.009479732984653499
test,78,61,-0.005478241478019304,0.009365878421253014
test,78,62,-0.005568603198473301,0.0092232646028086
test,78,63,-0.005659047819588266,0.009035355024738687
test,78,64,-0.005749409540042263,0.008950458005418657
test,78,65,-0.005839025154547557,0.008860447944868325
test,78,66,-0.005929386875001555,0.008764728418517737
test,78,67,-0.0060206605027261885,0.008580187008025634
test,78,68,-0.006111105123841152,0.008445766493147775
test,78,69,-0.00620063783768548,0.008308778437560765
test,78,70,-0.006290999558139477,0.00818971236491766
test,78,71,-0.006382190285203144,0.008117732558139535
test,78,72,-0.006472717806979075,0.00800498788860382
test,78,73,-0.006562167620162436,0.007873960093017338
test,78,74,-0.00665344124788707,0.0077532892213940585
test,78,75,-0.006743885869002033,0.007663309669253206
test,78,76,-0.006834330490116998,0.00748781448141963
test,78,77,-0.0069255212171806645,0.0073839803808579355
test,78,78,-0.007015965838295629,0.007289082911664517
test,78,79,-0.0071064104594105925,0.007229151701168941
test,78,80,-0.00719677217986459,0.0071383432853144866
test,78,81,-0.007287133900318587,0.0070376786487656995
test,78,82,-0.007378490428704188,0.006932648875803671
test,78,83,-0.007468852149158186,0.006737229407633455
test,78,84,-0.007558384863002513,0.006656922831280168
test,78,85,-0.007649658490727147,0.006590685649783345
test,78,86,-0.007740103111842111,0.0064961550919538855
test,78,87,-0.007830464832296108,0.006403339222824347
test,78,88,-0.007921738460020741,0.006324587934632248
test,78,89,-0.008012183081135707,0.006195197997137111
test,78,90,-0.008103373808199373,0.006057584301859111
test,78,91,-0.008193901329975304,0.005934364903927903
test,78,92,-0.008285092057038972,0.005830576890732747
test,78,93,-0.008375453777492967,0.005762266306548131
test,78,94,-0.008466810305878569,0.005673120710182538
test,78,95,-0.008557172026332566,0.005553625328440208
test,78,96,-0.008648528554718166,0.005501028756842711
test,78,97,-0.008738890275172164,0.0053963241197080136
test,78,98,-0.008829251995626161,0.005252078728554889
test,78,99,-0.008919696616741125,0.005193600983502373
test,78,100,-0.009010970244465758,0.0050641005806697816
test,78,101,-0.009101331964919756,0.004957875925453153
test,78,102,-0.00919260559264439,0.004893881636821404
test,78,103,-0.009283050213759355,0.004796283130901481
test,78,104,-0.009374240940823021,0.004710385656627761
test,78,105,-0.009464768462598952,0.004581997122132569
test,78,106,-0.00955595918966262,0.00449486301369863
test,78,107,-0.009646403810777584,0.004399787962025926
test,78,108,-0.009736848431892547,0.004277972737472845
test,78,109,-0.009828039158956215,0.004224359368569442
test,78,110,-0.009918483780071178,0.004124987109415283
test,78,111,-0.010009757407795812,0.004045874926259168
test,78,112,-0.010101031035520446,0.003936065407739548
test,78,113,-0.010191475656635411,0.0038190578744684346
test,78,114,-0.010282666383699077,0.0037402536317093908
test,79,0,0.0,
test,79,1,-6.200631612429284e-05,0.15310492505353318
test,79,2,-0.00012353930159114833,0.046499198289684664
test,79,3,-0.00018483562172928516,-0.05075690115761353
test,79,4,-0.00024826192982589006,-0.1270519151207794
test,79,5,-0.0003121615685799323,-0.18339912514669796
test,79,6,-0.00037606120733397455,-0.2255425115617218
test,79,7,-0.00044114417273161013,-0.2559097148086015
test,79,8,-0.0005062271381292458,-0.27937545873090014
test,79,9,-0.0005720200995130374,-0.2967072085434589
test,79,10,-0.0006372213975750323,-0.3108108108108108
test,79,11,-0.0007028960262944647,-0.32279218886621974
test,79,12,-0.0007686889876782564,-0.33272451888809695
test,79,13,-0.000834481949062048,-0.3411595394736842
test,79,14,-0.0008995649144596836,-0.34881766436184436
test,79,15,-0.0009653578758434752,-0.35544144915133363
test,79,16,-0.001030440841241111,-0.3614594829604361
test,79,17,-0.0010962338026249026,-0.36685347270323027
test,79,18,-0.0011614351006868973,-0.37188829075335333
test,79,19,-0.0012271097294063297,-0.3763243913435528
test,79,20,-0.0012929026907901214,-0.38046272493573263
test,79,21,-0.001357985656187757,-0.384283709656844
test,79,22,-0.0014237786175715487,-0.3876860128108332
test,79,23,-0.0014889799156335437,-0.39116351688299583
test,79,24,-0.0015546545443529758,-0.3942954144423846
test,79,25,-0.0016199741750793303,-0.39715186479936515
test,79,26,-0.0016856488037987625,-0.39945966012209205
test,79,27,-0.0017508501018607574,-0.4018750993167011
test,79,28,-0.0018165247305801898,-0.404103684119777
test,79,29,-0.0018817260286421848,-0.40630087316856595
test,79,30,-0.0019468089940398205,-0.4085527257118329
test,79,31,-0.0020120102921018152,-0.41064658530251885
test,79,32,-0.0020776849208212476,-0.4125392059844686
test,79,33,-0.002142886218883243,-0.41424295660094995
test,79,34,-0.0022085608476026747,-0.4159166271909048
test,79,35,-0.002273880478329029,-0.4174337260677467
test,79,36,-0.002338253447740509,-0.41886308378454973
test,79,37,-0.0024040464091243004,-0.4204453088713423
test,79,38,-0.002468656043864499,-0.42179726368159204
test,79,39,-0.0025344490052482903,-0.4230917555023001
test,79,40,-0.002599531970645926,-0.42435637447791463
test,79,41,-0.0026646149360435617,-0.4253947454628841
test,79,42,-0.002730407897427353,-0.426599460130234
test,79,43,-0.0027950175321675517,-0.42774306423394154
test,79,44,-0.002860100497565187,-0.4288
test,79,45,-0.002925893458948979,-0.42981691368788144
test,79,46,-0.002990384761024818,-0.43067288256394076
test,79,47,-0.003055467726422453,-0.4316019395270116
test,79,48,-0.0031206690244844483,-0.43260918253079506
test,79,49,-0.003185751989882084,-0.43359297860669227
test,79,50,-0.003250361624622282,-0.4344680027524514
test,79,51,-0.0033154445900199178,-0.43525976216580925
test,79,52,-0.0033805275554175535,-0.4359981802390504
test,79,53,-0.0034457288534795482,-0.436752457569517
test,79,54,-0.0035109301515415434,-0.43765870368341914
test,79,55,-0.003576013116939179,-0.4384532655455612
test,79,56,-0.0036405044190150177,-0.43918717768964094
test,79,57,-0.0037064157130631686,-0.4398150768940466
test,79,58,-0.0037714986784608043,-0.44045731452891596
test,79,59,-0.00383658164385844,-0.44102713690600986
test,79,60,-0.003901191278598638,-0.4417522723605658
test,79,61,-0.003965564248010118,-0.4424721796024902
test,79,62,-0.004030765546072113,-0.44310068103934414
test,79,63,-0.004095966844134108,-0.4436911937979201
test,79,64,-0.0041603398135455875,-0.4442529943265392
test,79,65,-0.004224949448285786,-0.44478101102393486
test,79,66,-0.004290742409669577,-0.44538452133512657
test,79,67,-0.004355352044409775,-0.445965585630435
test,79,68,-0.004420435009807411,-0.4465578491799128
test,79,69,-0.0044855179752050466,-0.4470583648485321
test,79,70,-0.004550600940602683,-0.44757453938923436
test,79,71,-0.004615802238664677,-0.44799757511461374
test,79,72,-0.00467970187741872,-0.4485613930199537
test,79,73,-0.004744903175480715,-0.4490185527799686
test,79,74,-0.00480998614087835,-0.4495375487173521
test,79,75,-0.0048750691062759855,-0.44995049575985424
test,79,76,-0.004940270404337981,-0.45037913920178985
test,79,77,-0.00500476170641382,-0.45079527030804495
test,79,78,-0.005069963004475815,-0.45126595377716455
test,79,79,-0.005134454306551654,-0.4516647594136559
test,79,80,-0.005199063941291852,-0.45209874882281714
test,79,81,-0.005264146906689487,-0.45253849935557594
test,79,82,-0.005328638208765326,-0.4529089417555373
test,79,83,-0.005394431170149118,-0.4533029021967477
test,79,84,-0.005458922472224957,-0.45370560196812054
test,79,85,-0.005524005437622593,-0.4541131927340876
test,79,86,-0.005588615072362791,-0.4545238363433835
test,79,87,-0.005653224707102989,-0.4548536362061713
test,79,88,-0.005718307672500625,-0.45518650121398563
test,79,89,-0.0057833906378982605,-0.4555234386338348
test,79,90,-0.005848000272638459,-0.4558768126775303
test,79,91,-0.005912491574714298,-0.4562105960421571
test,79,92,-0.005977692872776293,-0.4565546773995402
test,79,93,-0.006042065842187772,-0.45690608054537984
test,79,94,-0.006107267140249767,-0.45725786134713603
test,79,95,-0.006171758442325606,-0.4575687358718252
test,79,96,-0.006236959740387601,-0.4578955630557393
test,79,97,-0.00630145104246344,-0.45825958129185834
test,79,98,-0.0063659423445392785,-0.45862601121466584
test,79,99,-0.006431143642601274,-0.4589857341684064
test,79,100,-0.006495634944677113,-0.45929450263189053
test,79,101,-0.006560836242739108,-0.4595347845780821
test,79,102,-0.006625919208136743,-0.45983125168194267
test,79,103,-0.006691120506198738,-0.4601034644928672
test,79,104,-0.006755611808274577,-0.460407081752739
test,79,105,-0.006820103110350416,-0.46071159455206245
test,79,106,-0.006885304408412411,-0.46103460882281255
test,79,107,-0.00694979571048825,-0.4612854060090241
test,79,108,-0.007014997008550245,-0.4615928991841637
test,79,109,-0.00708007997394788,-0.4618453668315903
test,79,110,-0.007144571276023719,-0.46213014566645955
test,79,111,-0.0072097725740857144,-0.4624399941812539
test,79,112,-0.0072742638761615535,-0.4627014142850964
test,79,113,-0.0073387551782373925,-0.46297434138767035
test,79,114,-0.007403956476299388,-0.4632319960717844
test,79,115,-0.007469039441697023,-0.4634569842651615
test,79,116,-0.007533589910105042,-0.46374350408314774
test,79,117,-0.00759808121218088,-0.46403286426011714
test,79,118,-0.007663223343910696,-0.4643103125840985
test,79,119,-0.007728365475640511,-0.46453818912061223
test,79,120,-0.007793507607370327,-0.4647329517931789
test,79,121,-0.007858058075778345,-0.4649858324177413
test,79,122,-0.007921957714532387,-0.46525078639590234
test,79,123,-0.007987099846262202,-0.46552893556503666
test,79,124,-0.008051591148338042,-0.46575455441203917
test,79,125,-0.00811620078307824,-0.46597773902559797
test,79,126,-0.008181283748475876,-0.4661856797464353
test,79,127,-0.008245775050551714,-0.4664070148374492
test,79,128,-0.008311568011935506,-0.4666576963346382
test,79,129,-0.008376059314011345,-0.46694537276941245
test,79,130,-0.008440668948751543,-0.4671789415286271
test,79,131,-0.008505751914149179,-0.46739581493000915
test,79,132,-0.008570243216225017,-0.4676052777505953
test,79,133,-0.008635444514287013,-0.46781053355725066
test,79,134,-0.008699935816362851,-0.46802477367114637
test,79,135,-0.008765077948092666,-0.46829937288453183
test,79,136,-0.008829628416500685,-0.4685303615525866
test,79,137,-0.008894711381898322,-0.46871808167947326
test,79,138,-0.008958611020652364,-0.4688862542606878
test,79,139,-0.009023812318714358,-0.4690845591224653
test,79,140,-0.009088895284111994,-0.4693035736252922
test,79,141,-0.009153504918852192,-0.46955180811188385
test,79,142,-0.009218587884249828,-0.46976691301876067
test,79,143,-0.009283138352657845,-0.4699612731316826
test,79,144,-0.009348280484387662,-0.4701907552472642
test,79,145,-0.009413422616117478,-0.47033890441566734
test,79,146,-0.009477263088539339,-0.47055701157814417
test,79,147,-0.009542464386601335,-0.47076137932044415
test,79,148,-0.009606955688677173,-0.4709775245353822
test,79,149,-0.009672097820406988,-0.47116336186658
test,79,150,-0.009737239952136803,-0.4713557923438453
test,79,151,-0.009801139590890845,-0.4715597245783854
test,79,152,-0.009866340888952841,-0.4717753356370022
test,79,153,-0.009931423854350478,-0.47199682033857765
test,79,154,-0.009995974322758495,-0.4722244547802173
test,79,155,-0.010060524791166514,-0.4724107641938833
test,79,156,-0.01012560775656415,-0.4725739852150306
test,79,157,-0.010190809054626144,-0.4727450341908173
test,79,158,-0.010254649527048007,-0.4729030148631527
test,79,159,-0.010319199995456026,-0.4731154409798725
test,79,160,-0.010384342127185841,-0.4733047013994222
test,80,0,0.0,
test,80,1,-6.675233636325966e-05,0.3421750663129973
test,80,2,-0.00013211924687747055,0.346072186836518
test,80,3,-0.00019880860933850072,0.34893166166342926
test,80,4,-0.0002654979717995309,0.3520921610169492
test,80,5,-0.0003321873342605611,0.3535952557449963
test,80,6,-0.0003982469576992963,0.3536262572789836
test,80,7,-0.00046424360723580215,0.35452415148537303
test,80,8,-0.0005316256826213567,0.3547811136093109
test,80,9,-0.0005983150450823869,0.35503967087863647
test,80,10,-0.0006650044075434171,0.3554803216250529
test,80,11,-0.0007317567439066767,0.35600230858022314
test,80,12,-0.0007970606805186581,0.35602186563216365
test,80,13,-0.0008637500429796883,0.35613428280773146
test,80,14,-0.0009311321183652428,0.35652469672347986
test,80,15,-0.000997821480826273,0.3566214071592312
test,80,16,-0.0010638811042650083,0.3566870557116879
test,80,17,-0.0011305074928238089,0.3566783858622943
test,80,18,-0.0011972598291870686,0.3568930555147383
test,80,19,-0.0012646419045726231,0.3570175682824289
test,80,20,-0.001330638554109129,0.3570672873465933
test,80,21,-0.0013973279165701593,0.3571644498186215
test,80,22,-0.0014640172790311894,0.35717033759738387
test,80,23,-0.0015307066414922195,0.35717571297148115
test,80,24,-0.0015973960039532497,0.35716647197549095
test,80,25,-0.0016633926534897554,0.35731364126869936
test,80,26,-0.0017301449898530152,0.357356501922803
test,80,27,-0.0017967713784118157,0.35737377299711987
test,80,28,-0.0018635237147750755,0.3574100665054414
test,80,29,-0.0019301501033338762,0.3573747765495604
test,80,30,-0.001996902439697136,0.3575257441105939
test,80,31,-0.002063591802158166,0.3574280741271629
test,80,32,-0.0021302811646191962,0.3573967235878531
test,80,33,-0.0021970335009824558,0.3574588823699144
test,80,34,-0.0022630301505189615,0.3573439955193926
test,80,35,-0.002329719512979992,0.35740841494377945
test,80,36,-0.002396408875441022,0.3574703185611849
test,80,37,-0.002463098237902052,0.35746147027707087
test,80,38,-0.0025297876003630825,0.35749982599011626
test,80,39,-0.0025964769628241124,0.35750613700785266
test,80,40,-0.002663166325285143,0.3575339204951202
test,80,41,-0.0027298556877461727,0.3574930333367737
test,80,42,-0.002796545050207203,0.3574711919904288
test,80,43,-0.002862541699743709,0.3575470537581498
test,80,44,-0.0029292940361069684,0.35756278778989387
test,80,45,-0.0029959833985679987,0.3575466929957568
test,80,46,-0.0030626727610290286,0.35764224276712203
test,80,47,-0.003129362123490059,0.35759062721573837
test,80,48,-0.0031960514859510894,0.35758443991404487
test,80,49,-0.0032627408484121193,0.357549196342793
test,80,50,-0.0033294302108731496,0.3576128813846219
test,80,51,-0.0033961195733341796,0.35761994648302187
test,80,52,-0.00346280893579521,0.35762094641331327
test,80,53,-0.0035288685592339453,0.3576653991636476
test,80,54,-0.003595557921694975,0.3576710973543211
test,80,55,-0.0036622472841560056,0.35767799267159717
test,80,56,-0.0037289366466170355,0.3576394136315551
test,80,57,-0.0037956889829802954,0.3576671461049506
test,80,58,-0.003862315371539096,0.3576522516278476
test,80,59,-0.003929067707902355,0.3576282430566762
test,80,60,-0.003995694096461156,0.3576478885656352
test,80,61,-0.004062446432824416,0.3576476505120401
test,80,62,-0.004128443082360922,0.35765290017659557
test,80,63,-0.004195132444821952,0.35766221117678665
test,80,64,-0.0042618218072829825,0.3576600105792119
test,80,65,-0.004328511169744012,0.35768401350856494
test,80,66,-0.004394570793182747,0.3576844163754688
test,80,67,-0.004461889894666073,0.3576672877127609
test,80,68,-0.004528579257127103,0.35769182898749147
test,80,69,-0.004594575906663609,0.3577041313063944
test,80,70,-0.004661328243026868,0.3577176795955841
test,80,71,-0.004728017605487899,0.35766542994650813
test,80,72,-0.004794706967948929,0.35767023957330824
test,80,73,-0.0048614593043121886,0.35766195938063805
test,80,74,-0.004928085692870989,0.35769579917227184
test,80,75,-0.004994838029234248,0.3577262148247408
test,80,76,-0.005061464417793049,0.35765539416632447
test,80,77,-0.005128216754156309,0.35767867447036517
test,80,78,-0.00519484314271511,0.3576664609709291
test,80,79,-0.005261595479078369,0.35769091712529627
test,80,80,-0.005327592128614875,0.3576713279777844
test,80,81,-0.00539497420400043,0.35770680006007927
test,80,82,-0.0054609708535369355,0.3577215843117017
test,80,83,-0.00552703047697567,0.35771368120523084
test,80,84,-0.005593719839436701,0.35769475387744565
test,80,85,-0.005660409201897731,0.35767713350508407
test,80,86,-0.005727098564358761,0.35767927325062887
test,80,87,-0.005793787926819792,0.35769915916317585
test,80,88,-0.005860477289280822,0.3577065714577661
test,80,89,-0.005927166651741852,0.3577078739829909
test,80,90,-0.005993856014202882,0.35770747503717243
test,80,91,-0.006060545376663912,0.35771124325015546
test,80,92,-0.006127234739124942,0.357712872994883
test,80,93,-0.006193987075488202,0.3577172886831299
test,80,94,-0.006259983725024708,0.3577477786718737
test,80,95,-0.006326736061387967,0.3577056062537931
test,80,96,-0.006393992188969063,0.35771744041256653
test,80,97,-0.006460114786310028,0.3577376310781261
test,80,98,-0.006526741174868829,0.35773116863490145
test,80,99,-0.0065934935112320885,0.357715671765391
test,80,100,-0.0066601198997908884,0.3577228031757618
test,80,101,-0.006726872236154148,0.35771144278606964
test,80,102,-0.006793498624712949,0.3577214270898154
test,80,103,-0.006859558248151684,0.3577180243008124
test,80,104,-0.006926247610612715,0.3576932270713708
test,80,105,-0.006993629685998269,0.35770129765454983
test,80,106,-0.0070603190484593,0.3577060109180547
test,80,107,-0.0071256229850712805,0.3577078225104801
test,80,108,-0.007193005060456835,0.3576885780611795
test,80,109,-0.00725906468389557,0.35766727970612927
test,80,110,-0.007325754046356601,0.3576790102085467
test,80,111,-0.007392443408817631,0.3576694162103949
test,80,112,-0.007459132771278661,0.3576741616015642
test,80,113,-0.007525885107641921,0.35765975771873654
test,80,114,-0.007592511496200722,0.35765058508022235
test,80,115,-0.007659263832563981,0.3576349921810321
test,80,116,-0.0077258902211227816,0.3576252251430656
test,80,117,-0.0077926425574860415,0.35761625331151276
test,80,118,-0.007859268946044842,0.3576212077745105
test,80,119,-0.007925328569483577,0.3576187788085004
test,80,120,-0.007992017931944607,0.3576148139658919
test,80,121,-0.008058770268307867,0.3576065431877494
test,80,122,-0.008125396656866669,0.3576067634944721
test,80,123,-0.008192148993229927,0.3575968418879868
test,80,124,-0.008258775381788729,0.35760934014136475
test,80,125,-0.008325527718151988,0.35761376427078306
test,80,126,-0.008392154106710788,0.3576295164411682
test,80,127,-0.008458906443074048,0.3576268715770184
test,80,128,-0.008525595805535078,0.357622790270994
test,80,129,-0.008592285167996108,0.3576439715439654
test,80,130,-0.008658974530457138,0.3576264566108977
test,80,131,-0.008724971179993645,0.3576400665406916
test,80,132,-0.008791660542454675,0.3576176985618516
test,80,133,-0.008858412878817935,0.3576377013322728
test,80,134,-0.008925039267376735,0.3576193446013689
test,80,135,-0.008991791603739994,0.3575948251205761
test,80,136,-0.009057788253276501,0.3576034536403236
test,80,137,-0.009124540589639761,0.35758712950415233
test,80,138,-0.009191166978198561,0.35757979946647045
test,80,139,-0.009257919314561821,0.3575679624950531
test,80,140,-0.00932454570312062,0.35756870508761457
test,80,141,-0.00939129803948388,0.3575605931583469
test,80,142,-0.009457924428042682,0.3575414208236486
test,80,143,-0.00952467676440594,0.3575584513580393
test,80,144,-0.009591366126866972,0.35752355415159137
test,80,145,-0.009658055489328002,0.3575368250563593
test,80,146,-0.009724744851789032,0.3575242911899604
test,80,147,-0.009790741501325537,0.35752605956368894
test,80,148,-0.009857430863786569,0.3575232118478704
test,80,149,-0.009924183200149827,0.35754550876096897
test,80,150,-0.009990809588708629,0.35754182064374174
test,81,0,0.0,
test,81,1,-5.9134371360566904e-05,0.16802168021680217
test,81,2,-0.00011744743200779259,0.08353675074586385
test,81,3,-0.00017529117224739473,0.009219088937093275
test,81,4,-0.00023254826197746745,-0.04618093174431202
test,81,5,-0.00029027467211516374,-0.08661758336942399
test,81,6,-0.0003475317618452364,-0.11493734787703958
test,81,7,-0.00040478885157530913,-0.13706876591803657
test,81,8,-0.0004607553101844171,-0.15463012958963282
test,81,9,-0.0005174257494049604,-0.1687260076775432
test,81,10,-0.0005739788585235978,-0.180072287856719
test,81,11,-0.0006293586666231763,-0.19008872114112052
test,81,12,-0.0006847384747227549,-0.1988411785842616
test,81,13,-0.0007400009527204275,-0.20631762218629524
test,81,14,-0.0007947941103104766,-0.21299361096143485
test,81,15,-0.0008494699377986197,-0.21903290702687167
test,81,16,-0.0009042630953886688,-0.2240775653110692
test,81,17,-0.0009583522723672827,-0.2292848315852847
test,81,18,-0.0010131454299573317,-0.2341393344505626
test,81,19,-0.0010660613059168865,-0.23819109724978735
test,81,20,-0.0011201504828955004,-0.24209534069485592
test,81,21,-0.0011737703394664907,-0.2457611902013595
test,81,22,-0.0012278595164451043,-0.24928394819946634
test,81,23,-0.0012807753924046594,-0.2522132184177245
test,81,24,-0.0013342779188737436,-0.25511761537080263
test,81,25,-0.0013870764647313926,-0.25779970697233473
test,81,26,-0.001440578991200477,-0.260281351648124
test,81,27,-0.0014941988477714671,-0.2625730644163824
test,81,28,-0.0015471147237310222,-0.2650454055718024
test,81,29,-0.0015999132695886712,-0.26712239704270613
test,81,30,-0.0016529464756501319,-0.26914719773017043
test,81,31,-0.001705745021507781,-0.2712105940009037
test,81,32,-0.001758660897467336,-0.27315430591800655
test,81,33,-0.001812280754038326,-0.2749551020408163
test,81,34,-0.0018646099794883517,-0.27666048590310466
test,81,35,-0.0019174085253460006,-0.2782524361520344
test,81,36,-0.001969737750796026,-0.2796970422703868
test,81,37,-0.0020225362966536753,-0.2812763974250677
test,81,38,-0.0020748655221037005,-0.28267343581598503
test,81,39,-0.0021277813980632556,-0.2839850766892359
test,81,40,-0.002180110623513281,-0.2852888864934785
test,81,41,-0.002233026499472836,-0.28667954936835327
test,81,42,-0.002285825045330485,-0.28787023253426414
test,81,43,-0.002337567620270981,-0.2889930681775449
test,81,44,-0.002390483496230536,-0.2900807311127173
test,81,45,-0.002442812721680561,-0.29118002898863216
test,81,46,-0.0024944379665191516,-0.2921564261522776
test,81,47,-0.002547353842478706,-0.2931467568962551
test,81,48,-0.0025989790873172966,-0.29408395017353894
test,81,49,-0.002651894963276851,-0.2950004401021037
test,81,50,-0.0027035202081154416,-0.29590692458648726
test,81,51,-0.0027564360840749967,-0.29692785859269283
test,81,52,-0.0028081786590154925,-0.2978712373368173
test,81,53,-0.0028610945349750476,-0.2986927107177374
test,81,54,-0.002913306430323167,-0.29950571671076937
test,81,55,-0.0029656356557731926,-0.3003029500867673
test,81,56,-0.0030172609006117825,-0.30096002927270804
test,81,57,-0.003069590126061808,-0.3017189998202477
test,81,58,-0.0031219193515118334,-0.30249186424918645
test,81,59,-0.003173544596350424,-0.30316630408950473
test,81,60,-0.003225873821800449,-0.30391557601035524
test,81,61,-0.0032774990666390395,-0.3046126913113058
test,81,62,-0.0033298282920890647,-0.30529071992762447
test,81,63,-0.003381453536927655,-0.30597864707745787
test,81,64,-0.0034337827623776803,-0.3066200328684
test,81,65,-0.0034854080072162707,-0.30717142714885565
test,81,66,-0.003537737232666296,-0.30778975587030966
test,81,67,-0.0035900664581163216,-0.3082887162352562
test,81,68,-0.0036416917029549116,-0.3088230627657549
test,81,69,-0.003693316947793502,-0.30933525130362044
test,81,70,-0.003745646173243527,-0.309920699142256
test,81,71,-0.0037972714180821176,-0.3105405528623315
test,81,72,-0.003849600643532143,-0.31103418303885866
test,81,73,-0.0039019298689821685,-0.3116108577889781
test,81,74,-0.0039535551138207585,-0.31217556138815983
test,81,75,-0.004005180358659348,-0.312701872513686
test,81,76,-0.004056805603497939,-0.31316910407496806
test,81,77,-0.004108665508540341,-0.3135970290438987
test,81,78,-0.00416087740388846,-0.31408234415207104
test,81,79,-0.004211915998217521,-0.31455754992760154
test,81,80,-0.004264245223667546,-0.3149584524901527
test,81,81,-0.004315870468506137,-0.31543360379444957
test,81,82,-0.004367495713344727,-0.3158535461879631
test,81,83,-0.004419238288285223,-0.3163212233115752
test,81,84,-0.004470863533123813,-0.3167118500340481
test,81,85,-0.004522606108064309,-0.3171732050004127
test,81,86,-0.004574231352902899,-0.3175557382295543
test,81,87,-0.004626560578352925,-0.31799967744736807
test,81,88,-0.004677599172681985,-0.31840036305209063
test,81,89,-0.004729811068030105,-0.31880639371301056
test,81,90,-0.004781436312868695,-0.3191630986219552
test,81,91,-0.004832592237299662,-0.31955161472079713
test,81,92,-0.004884217482138252,-0.3199401619148187
test,81,93,-0.004935960057078748,-0.3203275529865125
test,81,94,-0.004988171952426868,-0.320689932361824
test,81,95,-0.005039797197265458,-0.3210383677921901
test,81,96,-0.005090953121696424,-0.32144182437675
test,81,97,-0.0051432823471464495,-0.32178867941327044
test,81,98,-0.005194203611373605,-0.322106434307494
test,81,99,-0.00524653283682363,-0.3225141623366356
test,81,100,-0.005297688761254597,-0.32281483960466584
test,81,101,-0.005349314006093187,-0.32318389772532924
test,81,102,-0.005400939250931777,-0.3235004604197758
test,81,103,-0.0054525644957703675,-0.32380717789610497
test,81,104,-0.005503720420201334,-0.3241823551700691
test,81,105,-0.005555345665039924,-0.32446494028615347
test,81,106,-0.00560708823998042,-0.32475898981977075
test,81,107,-0.00565871348481901,-0.3250525954664474
test,81,108,-0.005709752079148071,-0.32539063671535257
test,81,109,-0.005761494654088567,-0.32567964458884535
test,81,110,-0.005813237229029063,-0.3260107777025236
test,81,111,-0.005864862473867653,-0.3263394420450566
test,81,112,-0.005915901068196713,-0.32663616950508795
test,81,113,-0.00596764364313721,-0.3269580838895551
test,81,114,-0.0060192688879758,-0.32721124519294525
test,81,115,-0.00607089413281439,-0.32748356807511736
test,81,116,-0.00612251937765298,-0.327748067265221
test,81,117,-0.006173675302083947,-0.32804020378779486
test,81,118,-0.006224596566311102,-0.32829258025549984
test,81,119,-0.006276339141251598,-0.3285692896130235
test,81,120,-0.006327377735580658,-0.3288549535889279
test,81,121,-0.006379002980419248,-0.3291343150379295
test,81,122,-0.006430745555359745,-0.3294430576946908
test,81,123,-0.006481784149688806,-0.3296868278035804
test,81,124,-0.006533409394527396,-0.3299295437325275
test,81,125,-0.006584565318958362,-0.33017991749281844
test,81,126,-0.006636894544408387,-0.330413504351888
test,81,127,-0.006687933138737449,-0.3307014299016544
test,81,128,-0.006738971733066509,-0.3309652978746741
test,81,129,-0.006789892997293664,-0.33124175893174823
test,81,130,-0.00684163557223416,-0.33150011215325953
test,81,131,-0.006893378147174656,-0.33173808198849936
test,81,132,-0.006944299411401811,-0.3319588134948394
test,81,133,-0.006995455335832778,-0.3322194793172332
test,81,134,-0.007047080580671368,-0.33243735542785297
test,81,135,-0.007098236505102334,-0.3326893075723029
test,81,136,-0.007149861749940924,-0.33292699390887937
test,81,137,-0.0072009003442699854,-0.3331796017958997
test,81,138,-0.007251938938599046,-0.3334350786569617
test,81,139,-0.007303564183437636,-0.33367004413501583
test,81,140,-0.007355424088480038,-0.33390938056920666
test,81,141,-0.007405758702197663,-0.33412872288270623
test,81,142,-0.007457383947036253,-0.3343348292386096
test,81,143,-0.007508422541365314,-0.33456450230183277
test,81,144,-0.007559578465796281,-0.3348097752707852
test,81,145,-0.007610617060125341,-0.3350007076719084
test,81,146,-0.007661655654454402,-0.3352334519520297
test,81,147,-0.007713984879904427,-0.33544833971386795
test,81,148,-0.007765023474233489,-0.3357004448369357
test,81,149,-0.007816062068562548,-0.33591897985370556
test,81,150,-0.00786710066289161,-0.3361394159795485
test,81,151,-0.007918139257220671,-0.3363223085809938
test,81,152,-0.007969881832161166,-0.33652889507945083
test,81,153,-0.008020333775980697,-0.33673516215462496
test,81,154,-0.008071372370309759,-0.3369446276006229
test,81,155,-0.008122997615148349,-0.3371652182397257
test,81,156,-0.00817403620947741,-0.33738080894114714
test,81,157,-0.00822507480380647,-0.33763360958307964
test,81,158,-0.00827670004864506,-0.33784582987204337
test,81,159,-0.008328442623585557,-0.33802797763419823
test,81,160,-0.008379481217914616,-0.33821245797156246
test,81,161,-0.008430637142345584,-0.3383958345914102
test,81,162,-0.008481089086165116,-0.3386047566176201
test,82,0,0.0,
test,82,1,-5.378285865764028e-05,0.19659936238044634
test,82,2,-0.0001093786226632909,0.13525026624068157
test,82,3,-0.00016578012237916835,0.06751954513148543
test,82,4,-0.0002227859238777159,0.013603627634035742
test,82,5,-0.00028089961197782533,-0.027125160187953867
test,82,6,-0.00033840899829526465,-0.0584566031010515
test,82,7,-0.0003965226863953741,-0.08128342245989305
test,82,8,-0.0004546363744954836,-0.10029419630917358
test,82,9,-0.0005132536474144847,-0.11326360827192775
test,82,10,-0.0005713673355145942,-0.12554806972516308
test,82,11,-0.0006294810236147036,-0.13391642371234208
test,82,12,-0.0006874939947510348,-0.14206822837801727
test,82,13,-0.0007461112676700359,-0.1487630475877373
test,82,14,-0.0008042249557701454,-0.15465018692301824
test,82,15,-0.0008627415117253682,-0.1601053605752118
test,82,16,-0.000920955916789256,-0.16492024294200094
test,82,17,-0.000978968887925587,-0.16990138810376232
test,82,18,-0.0010370825760256965,-0.17373509698084108
test,82,19,-0.0010962034337635895,-0.1779413417237892
test,82,20,-0.001154317121863699,-0.18133304872191686
test,82,21,-0.0012128336778189218,-0.18485772357723576
test,82,22,-0.0012710480828828097,-0.18798195838789467
test,82,23,-0.0013296653558018108,-0.19105709912333596
test,82,24,-0.0013886854965759253,-0.19378639050624472
test,82,25,-0.0014468999016398131,-0.19626247973376568
test,82,26,-0.0015055171745588143,-0.19885967430985685
test,82,27,-0.001564537315332929,-0.20091630791105494
test,82,28,-0.0016231545882519302,-0.20320651966944667
test,82,29,-0.0016817718611709313,-0.20526489944483253
test,82,30,-0.0017403891340899327,-0.20737081526760964
test,82,31,-0.0017996107087916039,-0.2091271751839879
test,82,32,-0.001858227981710605,-0.21085240331767763
test,82,33,-0.0019172481224847197,-0.2125577339233229
test,82,34,-0.0019759661123674994,-0.21412450630054541
test,82,35,-0.002035086970105392,-0.21586895627816344
test,82,36,-0.0020937042430243936,-0.21727547214492926
test,82,37,-0.0021528251007622862,-0.21883999539223592
test,82,38,-0.0022114423736812874,-0.2200100947787561
test,82,39,-0.0022705632314191804,-0.22136320174839502
test,82,40,-0.002329784806120852,-0.22268683747935866
test,82,41,-0.0023888049468949665,-0.22381583391794632
test,82,42,-0.0024480265215966377,-0.22518135240704104
test,82,43,-0.0025071473793345307,-0.22621878715814506
test,82,44,-0.0025662682370724238,-0.22751040960588748
test,82,45,-0.002625489811774095,-0.22846796525526022
test,82,46,-0.00268450995254821,-0.2295848672177074
test,82,47,-0.002743731527249881,-0.23054787692028822
test,82,48,-0.0028033559698066655,-0.23148600079868661
test,82,49,-0.0028629804123634505,-0.23246262169680112
test,82,50,-0.0029215976852824516,-0.23332481472016356
test,82,51,-0.0029808192599841228,-0.23427354531599057
test,82,52,-0.003039940117722016,-0.23497614611273776
test,82,53,-0.003099665277242579,-0.23591330025511742
test,82,54,-0.003158685418016694,-0.23667192429022083
test,82,55,-0.003218511294501035,-0.23748136964558775
test,82,56,-0.00327753143527515,-0.23827085392745798
test,82,57,-0.003337256594795713,-0.23897656177047344
test,82,58,-0.0033963774525336055,-0.23980031934222842
test,82,59,-0.0034560018950903905,-0.2404741285992639
test,82,60,-0.0035152234697920616,-0.2412141425251468
test,82,61,-0.0035748479123488466,-0.24180349322119662
test,82,62,-0.003634472354905631,-0.24249394880950337
test,82,63,-0.003694197514426194,-0.24309028247060413
test,82,64,-0.003753318372164087,-0.24376818824311966
test,82,65,-0.0038125399468657587,-0.2444044207941056
test,82,66,-0.003872667974241435,-0.244924615012497
test,82,67,-0.003932393133761998,-0.2455803167241133
test,82,68,-0.003991513991499891,-0.24608763693270735
test,82,69,-0.004051239151020454,-0.24674583590376312
test,82,70,-0.004110863593577239,-0.24724088656471374
test,82,71,-0.004169883734351353,-0.24776692044841436
test,82,72,-0.004230112478690809,-0.2482967560777359
test,82,73,-0.00428993835517515,-0.24880110779097733
test,82,74,-0.004349562797731935,-0.24933858630010927
test,82,75,-0.00440918724028872,-0.2497694675765013
test,82,76,-0.004468811682845504,-0.250314993700126
test,82,77,-0.004529040427184959,-0.25067013015723877
test,82,78,-0.004588161284922852,-0.25117300452834307
test,82,79,-0.004648390029262307,-0.2515991758352748
test,82,80,-0.00470811518878287,-0.25208117237160566
test,82,81,-0.004767739631339654,-0.25261360651431575
test,82,82,-0.004827364073896439,-0.2529676573993591
test,82,83,-0.004887592818235894,-0.25345415395657633
test,82,84,-0.0049472172607926785,-0.2537961778599562
test,82,85,-0.005006942420313242,-0.25421756107328797
test,82,86,-0.005066667579833805,-0.25457963808180883
test,82,87,-0.0051262920223905896,-0.2550251870690077
test,82,88,-0.005186520766730045,-0.2554485126134729
test,82,89,-0.005246145209286829,-0.2557516941353635
test,82,90,-0.005305769651843614,-0.25618994717123844
test,82,91,-0.005365998396183068,-0.25650766191717417
test,82,92,-0.005425622838739853,-0.2568934620498295
test,82,93,-0.005485347998260417,-0.2572595125633313
test,82,94,-0.005545476025636093,-0.2576458741132144
test,82,95,-0.005605201185156656,-0.2580161218092253
test,82,96,-0.005665329212532333,-0.25830074338322456
test,82,97,-0.005725155089016674,-0.2586947940879786
test,82,98,-0.005784779531573459,-0.2590104511465874
test,82,99,-0.005845411143768027,-0.25940249444068453
test,82,100,-0.0059051363032885905,-0.2596834918001404
test,82,101,-0.005965365047628045,-0.26002948299462986
test,82,102,-0.00602498949018483,-0.2603351023344559
test,82,103,-0.0060847146497053925,-0.26062714891947425
test,82,104,-0.006145346261899961,-0.26098738163895535
test,82,105,-0.006205071421420524,-0.26122184410954463
test,82,106,-0.006265199448796201,-0.2616049840986386
test,82,107,-0.006325025325280542,-0.26181933829594806
test,82,108,-0.0063856569374751105,-0.26216498296607
test,82,109,-0.0064452813800318955,-0.2624190275501444
test,82,110,-0.00650551012437135,-0.26274578040716895
test,82,111,-0.0065657388687108045,-0.26304999664709205
test,82,112,-0.00662596761305026,-0.26329431199977216
test,82,113,-0.006685592055607044,-0.2636422663241397
test,82,114,-0.006745820799946499,-0.26388150469634647
test,82,115,-0.006806049544285954,-0.2641837414009912
test,82,116,-0.006866177571661631,-0.2643775093039031
test,82,117,-0.006925902731182193,-0.26466124414958875
test,82,118,-0.006986534343376762,-0.2649467907764672
test,82,119,-0.0070462595028973245,-0.2652030951232152
test,82,120,-0.007106991832055672,-0.2655147970937445
test,82,121,-0.007167220576395126,-0.2657334668986485
test,82,122,-0.007227449320734581,-0.2660444119082479
test,82,123,-0.007287577348110258,-0.2662811403281296
test,82,124,-0.0073472017906670425,-0.26653404559992455
test,82,125,-0.007407934119825389,-0.26680729450190527
test,82,126,-0.007468162864164844,-0.2670407560543414
test,82,127,-0.007527787306721628,-0.26731852695202296
test,82,128,-0.007588620352843753,-0.2675177752674596
test,82,129,-0.007648244795400538,-0.26775015040754263
test,82,130,-0.007708977124558885,-0.2679735354972726
test,82,131,-0.007769105151934561,-0.26823785292852564
test,82,132,-0.007829333896274016,-0.26849815964755436
test,82,133,-0.007889562640613471,-0.268710881607661
test,82,134,-0.007949791384952927,-0.26893996493260236
test,82,135,-0.008009919412328603,-0.26915413874298133
test,82,136,-0.00807065174148695,-0.26943701827619093
test,82,137,-0.008130276184043734,-0.26958174904942966
test,82,138,-0.00819050492838319,-0.26985948910732444
test,82,139,-0.008251337974505314,-0.2700546824213223
test,82,140,-0.008310962417062098,-0.2702649343549012
test,82,141,-0.008371090444437774,-0.27049971350161345
test,82,142,-0.008431822773596121,-0.2706658282052434
test,82,143,-0.008492555102754469,-0.2709357042499573
test,82,144,-0.008552783847093922,-0.27110386015163035
test,82,145,-0.0086129118744696,-0.2713316960521975
test,82,146,-0.008673140618809054,-0.2715497469875132
test,82,147,-0.008733369363148509,-0.2717484054785011
test,82,148,-0.008794000975343077,-0.2719796597022215
test,82,149,-0.008854834021465202,-0.27214810587144184
test,82,150,-0.00891496204884088,-0.27243092317395523
test,82,151,-0.008975190793180333,-0.2725845623174123
test,82,152,-0.00903592312233868,-0.2728417077520193
test,82,153,-0.009096151866678136,-0.2730051759474763
test,82,154,-0.00915577630923492,-0.27321419943539094
test,82,155,-0.009216508638393267,-0.27343176721507095
test,82,156,-0.009276636665768943,-0.27356909239574817
test,82,157,-0.009337469711891068,-0.27381484340090184
test,82,158,-0.009397597739266744,-0.27398163409465504
test,82,159,-0.009458330068425091,-0.2742016351688315
test,82,160,-0.009518558812764547,-0.27439413265306123
test,82,161,-0.009579291141922892,-0.2745740108667666
test,82,162,-0.009639519886262347,-0.27479463559299794
test,82,163,-0.009700252215420693,-0.2749455508170638
test,82,164,-0.009760480959760148,-0.27518892503921083
test,82,165,-0.009821112571954716,-0.27532450800399394
test,82,166,-0.009881341316294171,-0.2755061532354109
test,82,167,-0.009942073645452519,-0.2756845173691111
test,82,168,-0.010002201672828195,-0.27585726939137034
test,82,169,-0.01006243041716765,-0.2760657098652847
test,82,170,-0.010123162746325996,-0.27621369845884525
test,82,171,-0.010183391490665451,-0.27644141120310284
test,82,172,-0.010244123819823798,-0.2765899597103097
test,82,173,-0.010304352564163252,-0.27678489147196333
test,82,174,-0.010364984176357821,-0.2769803068803753
test,82,175,-0.010425212920697275,-0.2771360202123266
test,82,176,-0.010485945249855622,-0.27734365564385616
test,82,177,-0.010546173994195078,-0.2774792085747741
test,82,178,-0.010606906323353423,-0.2776961750200026
test,82,179,-0.010667537935547993,-0.2778292364327277
test,82,180,-0.010728370981670118,-0.2780021492424511
test,82,181,-0.010788499009045794,-0.27819403177883995
test,82,182,-0.01084862703642147,-0.2783571979164233
test,82,183,-0.010909963667362486,-0.2785518070469896
test,82,184,-0.010970192411701942,-0.278691365298307
test,82,185,-0.011030320439077618,-0.278890344225378
test,82,186,-0.011091153485199743,-0.27903388929838696
test,82,187,-0.011151281512575419,-0.2792191185246228
test,83,0,0.0,
test,83,1,-6.897857824761502e-05,0.1592920353982301
test,83,2,-0.00013937673434504067,0.06830031282586027
test,83,3,-0.0002097103641765658,-0.012878524190741385
test,83,4,-0.0002821733607828068,-0.07569825110937092
test,83,5,-0.0003545718311231474,-0.12108559498956159
test,83,6,-0.0004269057751975875,-0.1545351769719106
test,83,7,-0.0004993687718038286,-0.17993594995159007
test,83,8,-0.0005724125048031739,-0.19949182357156817
test,83,9,-0.0006441657124845097,-0.2145793526721093
test,83,10,-0.0007164996565589498,-0.22617621007659042
test,83,11,-0.000788188337974385,-0.23554755930116944
test,83,12,-0.0008599415456557207,-0.24353410866169067
test,83,13,-0.0009316947533370565,-0.25009010452124464
test,83,14,-0.0010033834347524917,-0.2558744794765021
test,83,15,-0.001075072116167927,-0.26106870229007634
test,83,16,-0.0011468253238492627,-0.26589482584799506
test,83,17,-0.0012185785315305985,-0.27000887583019617
test,83,18,-0.0012902672129460337,-0.27376239054417245
test,83,19,-0.001361955894361469,-0.2769626628709077
test,83,20,-0.0014337091020428048,-0.27979301557583797
test,83,21,-0.0015061075723831455,-0.28247468620800636
test,83,22,-0.001577860780064481,-0.28507289869798436
test,83,23,-0.001648839672555011,-0.28730280703340416
test,83,24,-0.0017212381428953515,-0.2895130031831273
test,83,25,-0.0017923460879176825,-0.29152549419027624
test,83,26,-0.001864034769333118,-0.2935944838612971
test,83,27,-0.0019364332396734584,-0.29537626753381696
test,83,28,-0.002008121921088894,-0.2970982225685554
test,83,29,-0.0020805203914292343,-0.2986745477341931
test,83,30,-0.00215227359911057,-0.29996883980195965
test,83,31,-0.002223962280526005,-0.3011592066470115
test,83,32,-0.002295715488207341,-0.302414643645333
test,83,33,-0.0023674041696227764,-0.3037259653208295
test,83,34,-0.002439157377304112,-0.30490821905256404
test,83,35,-0.002510846058719547,-0.3059819932066628
test,83,36,-0.0025833090553257884,-0.30696467195385724
test,83,37,-0.0026542879478163185,-0.3079221671974299
test,83,38,-0.002726686418156659,-0.3088311617361851
test,83,39,-0.0027990848884969994,-0.3097836212173635
test,83,40,-0.002870838096178335,-0.31062620811333236
test,83,41,-0.002942591303859671,-0.3114455315217254
test,83,42,-0.003014215459009206,-0.31228377977661365
test,83,43,-0.0030853234040315366,-0.3128507125876404
test,83,44,-0.003157721874371877,-0.3135273447633422
test,83,45,-0.0032301203447122175,-0.314218517621831
test,83,46,-0.0033025188150525584,-0.3148308955375368
test,83,47,-0.0033735622338089888,-0.3154525386313466
test,83,48,-0.003445896177883429,-0.3160647517776481
test,83,49,-0.0035176493855647644,-0.3166858969609078
test,83,50,-0.003590047855905105,-0.3172624110532539
test,83,51,-0.003661155800927436,-0.3178319011542177
test,83,52,-0.003732779956076971,-0.3182239775005236
test,83,53,-0.0038051784264173114,-0.318724436877434
test,83,54,-0.003876931634098647,-0.3192198363615411
test,83,55,-0.003949330104438988,-0.3196813274878612
test,83,56,-0.0040210833121203235,-0.3201540769273505
test,83,57,-0.004092771993535758,-0.32059492404257256
test,83,58,-0.004165170463876099,-0.32103555241679554
test,83,59,-0.004236859145291535,-0.32149667396022813
test,83,60,-0.004309257615631875,-0.3219624310919868
test,83,61,-0.004381656085972216,-0.3223955943093162
test,83,62,-0.004452764030994547,-0.32270929658955044
test,83,63,-0.004525162501334887,-0.32305122677681053
test,83,64,-0.004596851182750323,-0.3234336529739536
test,83,65,-0.004668539864165757,-0.32381438448472477
test,83,66,-0.004740938334506098,-0.32411355872305336
test,83,67,-0.004812691542187434,-0.3244267722870316
test,83,68,-0.004885090012527775,-0.3247540146486087
test,83,69,-0.00495684322020911,-0.3251085372632085
test,83,70,-0.005028531901624545,-0.32544624018123536
test,83,71,-0.005100865845698985,-0.3258005416018861
test,83,72,-0.005173328842305227,-0.32611903236718803
test,83,73,-0.005244372261061657,-0.3264357208774047
test,83,74,-0.005316770731401997,-0.32674383591381134
test,83,75,-0.005389169201742338,-0.3270184747612928
test,83,76,-0.0054602126204987686,-0.3272246311598353
test,83,77,-0.005532546564573209,-0.32748132696319227
test,83,78,-0.005604299772254544,-0.32774242404113135
test,83,79,-0.005676698242594885,-0.32804066240367274
test,83,80,-0.005748451450276221,-0.3283185783396261
test,83,81,-0.005820204657957556,-0.3286003018906542
test,83,82,-0.005891828813107091,-0.32891070717792226
test,83,83,-0.005964291809713332,-0.3291846377589554
test,83,84,-0.006036625753787772,-0.3294499300000617
test,83,85,-0.006108378961469109,-0.3296806435884934
test,83,86,-0.006180132169150444,-0.32993205474171167
test,83,87,-0.006251820850565879,-0.330163682590341
test,83,88,-0.00632421932090622,-0.3303548303548304
test,83,89,-0.00639526273966265,-0.33055720454889365
test,83,90,-0.006467661210002991,-0.3307684338958079
test,83,91,-0.006539414417684327,-0.33096555335473443
test,83,92,-0.0066111030990997615,-0.3312033779028853
test,83,93,-0.006682791780515197,-0.3314583901849511
test,83,94,-0.006755190250855538,-0.331695115097687
test,83,95,-0.006826943458536874,-0.33192136595577654
test,83,96,-0.006898696666218209,-0.33213927342173694
test,83,97,-0.006966320192881914,-0.33235449580078696
test,83,98,-0.007029943091059789,-0.33256006890684364
test,83,99,-0.007092856200312758,-0.3327648889702613
test,83,100,-0.007156414572224734,-0.33294838997006765
test,83,101,-0.007220037470402609,-0.33310602603608547
test,83,102,-0.007283660368580484,-0.3332977961894028
test,83,103,-0.007347283266758359,-0.33353443031738134
test,83,104,-0.007410131849745428,-0.33374493382858167
test,83,105,-0.007474400010582308,-0.33394977709393614
test,83,106,-0.007538022908760183,-0.334139335853923
test,83,107,-0.007601645806938058,-0.33434471011231603
test,83,108,-0.007664623442456928,-0.3345159217957446
test,83,109,-0.007728181814368903,-0.33468872020444806
test,83,110,-0.007792514501471683,-0.334896024551197
test,83,111,-0.007855363084458751,-0.33504512698523753
test,83,112,-0.007918985982636626,-0.3352039495580785
test,83,113,-0.007982608880814502,-0.33535688595868285
test,83,114,-0.00804545746380157,-0.3355116758553665
test,83,115,-0.008109080361979446,-0.3356847668524404
test,83,116,-0.008172703260157321,-0.3358891393122531
test,83,117,-0.008236326158335196,-0.3360456987106309
test,83,118,-0.008299239267588167,-0.33623908150864923
test,83,119,-0.008362862165766042,-0.33641761827079936
test,83,120,-0.008427130326602921,-0.3366061568194368
test,83,121,-0.00849004343585589,-0.3367415475574227
test,83,122,-0.00855431159669277,-0.33689748811948406
test,83,123,-0.008617934494870645,-0.33704938178084154
test,83,124,-0.008680847604123616,-0.33720721510479934
test,83,125,-0.00874440597603559,-0.3373694039894157
test,83,126,-0.008808028874213465,-0.3375139673984488
test,83,127,-0.008871006509732335,-0.3376820808777378
test,83,128,-0.008935274670569215,-0.3378325919935301
test,83,129,-0.00899889756874709,-0.33798488179877706
test,83,130,-0.009061746151734159,-0.3381348812950643
test,83,131,-0.009125369049912034,-0.33828775972217284
test,83,132,-0.00918899194808991,-0.3384723964868256
test,83,133,-0.009252614846267784,-0.3386450927514914
test,83,134,-0.00931617321817976,-0.33876368692428016
test,83,135,-0.009379086327432729,-0.33890748216387384
test,83,136,-0.009442709225610604,-0.33904142169454116
test,83,137,-0.009506332123788479,-0.3392012571963916
test,83,138,-0.00956924523304145,-0.3393323232929317
test,83,139,-0.009632803604953423,-0.33948636231635854
test,83,140,-0.009696426503131298,-0.339612458691586
test,83,141,-0.009760694663968178,-0.3397549060987202
test,83,142,-0.009823672299487048,-0.339909987062918
test,83,143,-0.009887230671399024,-0.340037634797713
test,83,144,-0.009950853569576899,-0.3402149656637092
test,83,145,-0.010013766678829868,-0.3403578017993583
test,83,146,-0.010077389577007743,-0.34050682261208576
test,83,147,-0.010141012475185618,-0.3406468463775054
test,83,148,-0.010204506320831691,-0.3408093698103313
test,84,0,0.0,
test,84,1,-5.5312274092606415e-05,0.329073482428115
test,84,2,-0.00011083810908904529,0.3307569296375267
test,84,3,-0.0001657232613739868,0.3317906728373087
test,84,4,-0.0002210355354665932,0.33449012279765084
test,84,5,-0.0002770952727226132,0.3366431774503523
test,84,6,-0.00033251432726713587,0.3386436454254183
test,84,7,-0.0003879333818116585,0.34025339642802627
test,84,8,-0.00044388633861576227,0.34043263453064493
test,84,9,-0.0004987714909007038,0.3406717303584144
test,84,10,-0.0005541905454452264,0.3407755581668625
test,84,11,-0.0006101435022493302,0.3414918414918415
test,84,12,-0.0006656693372457691,0.3420115709835336
test,84,13,-0.0007204477090787944,0.34245562130177515
test,84,14,-0.0007765074463348143,0.34228597588890586
test,84,15,-0.0008312858181678397,0.34224770315504593
test,84,16,-0.0008867048727123623,0.3421790506709393
test,84,17,-0.0009415900249973038,0.34256001005404046
test,84,18,-0.0009970090795418263,0.34273930330544183
test,84,19,-0.0010530688167978465,0.3430226020465535
test,84,20,-0.0011073132863712906,0.34294871794871795
test,84,21,-0.0011627323409158132,0.3428629565571269
test,84,22,-0.0012187920781718332,0.34304584304584307
test,84,23,-0.0012735704500048586,0.34315637917421393
test,84,24,-0.0013283488218378838,0.3433716168091168
test,84,25,-0.0013838746568343226,0.3433547008547009
test,84,26,-0.0014392937113788453,0.3432363576594346
test,84,27,-0.0014940720832118705,0.3432324951031795
test,84,28,-0.0015501318204678906,0.3432343234323432
test,84,29,-0.0016049101923009158,0.34351341892464404
test,84,30,-0.0016604360272973546,0.34358362564769146
test,84,31,-0.0017153211795822962,0.34349961230292064
test,84,32,-0.0017706334536749027,0.34351055838410816
test,84,33,-0.001825518605959844,0.34354259073396576
test,84,34,-0.001881044440956283,0.3437185771744595
test,84,35,-0.0019363567150488894,0.34378290929625616
test,84,36,-0.001991241867333831,0.34371986052377773
test,84,37,-0.0020461270196187723,0.3436800692990688
test,84,38,-0.002101012171903714,0.34368893824591984
test,84,39,-0.002156431226448237,0.3437979399517861
test,84,40,-0.0022112095982812618,0.34384306184314195
test,84,41,-0.0022662015310181195,0.34384323739788675
test,84,42,-0.002321620585562642,0.3437714634580652
test,84,43,-0.002376505737847584,0.34375194106612667
test,84,44,-0.002431924792392106,0.343819051550397
test,84,45,-0.002487343846936629,0.3438787260057693
test,84,46,-0.0025422289992215706,0.3439514115502085
test,84,47,-0.002597541273314177,0.3439151635012105
test,84,48,-0.0026524264255991183,0.3438056445868946
test,84,49,-0.002707845480143641,0.3438896762237
test,84,50,-0.0027628374128804986,0.3439496570439539
test,84,51,-0.0028181496869731054,0.3440586540979314
test,84,52,-0.0028730348392580467,0.3439583354733998
test,84,53,-0.0029284538938025694,0.3438725218460546
test,84,54,-0.0029833390460875108,0.34388168958353943
test,84,55,-0.0030387581006320334,0.34398127464501466
test,84,56,-0.003093643252916975,0.34404837986588704
test,84,57,-0.0031490623074614974,0.34397578506433263
test,84,58,-0.003203413557486858,0.3439586652790186
test,84,59,-0.0032587258315794642,0.3439780526230013
test,84,60,-0.003313610983864406,0.3440379633009553
test,84,61,-0.0033690300384089287,0.3440285829378076
test,84,62,-0.00342391519069387,0.3440286740821795
test,84,63,-0.0034793342452383927,0.34395773979107314
test,84,64,-0.0035347532997829154,0.3439581351094196
test,84,65,-0.0035896384520678567,0.34402222149173267
test,84,66,-0.003643989702093217,0.34405173320815496
test,84,67,-0.0036993019761858235,0.34407290470723306
test,84,68,-0.0037541871284707653,0.3440119407675085
test,84,69,-0.003809712963467204,0.34399894711579404
test,84,70,-0.0038650252375598106,0.34400921834817577
test,84,71,-0.0039199103898447515,0.34410737931864693
test,84,72,-0.003975329444389274,0.3440887339095597
test,84,73,-0.004030214596674216,0.3440218942315432
test,84,74,-0.004085633651218739,0.3440434854795747
test,84,75,-0.004139878120792183,0.3441047848321249
test,84,76,-0.004195403955788621,0.34416227956112544
test,84,77,-0.004250289108073563,0.34411183183599847
test,84,78,-0.004305601382166169,0.344012601445057
test,84,79,-0.004360486534451111,0.34403970599173694
test,84,80,-0.00441601236944755,0.34406153805062734
test,84,81,-0.004470790741280576,0.3440892124665321
test,84,82,-0.004526209795825098,0.34406900011074415
test,84,83,-0.004581094948110039,0.3440255377209129
test,84,84,-0.004636514002654562,0.34401887404373843
test,84,85,-0.004690865252679923,0.34407129031447176
test,84,86,-0.004746177526772529,0.3441162769030094
test,84,87,-0.00480106267905747,0.3440825223344488
test,84,88,-0.004856588514053909,0.34400645850531736
test,84,89,-0.004911473666338851,0.34401877404524256
test,84,90,-0.004966785940431457,0.34408015004392106
test,84,91,-0.005022311775427896,0.34410293737819625
test,84,92,-0.00507655624500134,0.3440942001637355
test,84,93,-0.0051319752995458625,0.3440303736975726
test,84,94,-0.005186860451830804,0.34406273974938195
test,84,95,-0.005242279506375327,0.34409775133688336
test,84,96,-0.005297164658660269,0.34409655180088694
test,84,97,-0.005352476932752875,0.34404445252138094
test,84,98,-0.005406934963230151,0.34401861976114817
test,84,99,-0.005462247237322758,0.3440708785901981
test,84,100,-0.0055171323896076995,0.34409004225404777
test,84,101,-0.005572551444152222,0.344055596397235
test,84,102,-0.005627436596437163,0.34404834849460847
test,84,103,-0.005682321748722105,0.34406377064144056
test,84,104,-0.00573710012055513,0.3441008783193795
test,84,105,-0.005792625955551569,0.34409657923119186
test,84,106,-0.005847938229644176,0.3440520464830325
test,84,107,-0.005902823381929117,0.34401677400029956
test,84,108,-0.005957708534214058,0.3440713427210541
test,84,109,-0.006013234369210497,0.3440838609766138
test,84,110,-0.006068119521495439,0.3440882668596209
test,84,111,-0.0061234317955880455,0.34405694018681693
test,84,112,-0.006178316947872986,0.34403109648495256
test,84,113,-0.006233736002417509,0.34404190144839847
test,84,114,-0.006288621154702451,0.34409337762929154
test,84,115,-0.006343399526535476,0.3440635451505017
test,84,116,-0.006398284678820418,0.3440323457085755
test,84,117,-0.006453703733364941,0.3440414933591449
test,84,118,-0.006508695666101798,0.3440622184799388
test,84,119,-0.006564007940194404,0.3440677281358154
test,84,120,-0.006618893092479346,0.3440214028480745
test,84,121,-0.006674418927475785,0.3439945965274743
test,84,122,-0.006728663397049229,0.34402735755288266
test,84,123,-0.006784082451593751,0.3440488495513728
test,84,124,-0.006838860823426777,0.34402543358577375
test,84,125,-0.006894386658423216,0.3439698127398443
test,84,126,-0.006949165030256241,0.34398422926911987
test,84,127,-0.0070041569629930986,0.34400841219768663
test,84,128,-0.007058935334826124,0.34404487160760716
test,84,129,-0.007114354389370647,0.3439809849560857
test,84,130,-0.007169773443915169,0.34396071744088097
test,84,131,-0.007225192498459692,0.34397860072907577
test,84,132,-0.007279543748485052,0.34403175939265423
test,84,133,-0.0073343221203180774,0.3440022813260609
test,84,134,-0.0073898479553145165,0.3439358665667405
test,84,135,-0.007445267009859039,0.34395353070123375
test,84,136,-0.007499511479432484,0.3439866457187746
test,84,137,-0.0075549305339770055,0.3439934495262604
test,84,138,-0.007609815686261947,0.3439535810918043
test,84,139,-0.00766523474080647,0.3439271371750283
test,84,140,-0.007720653795350993,0.3439634318506139
test,84,141,-0.007775005045376353,0.34399542349700896
test,84,142,-0.007829783417209378,0.34395913192968464
test,84,143,-0.007885309252205817,0.34393852797358226
test,84,144,-0.007940194404490758,0.34394788679623245
test,84,145,-0.007994972776323784,0.3439542303073171
test,84,146,-0.008050391830868307,0.34393270842022844
test,84,147,-0.008105276983153248,0.34390897991220676
test,84,148,-0.00816069603769777,0.343911066195048
test,84,149,-0.008216115092242293,0.343941691672851
test,84,150,-0.008271000244527234,0.34395398942326527
test,84,151,-0.008325885396812177,0.3439120683189823
test,84,152,-0.008380770549097118,0.34390573053214596
test,84,153,-0.008436082823189724,0.34394028266577287
test,84,154,-0.008490434073215085,0.34396148336229715
test,84,155,-0.008545853127759608,0.3439134840057071
test,84,156,-0.008600738280044548,0.34389371137021246
test,84,157,-0.008655623432329491,0.3439069368645971
test,84,158,-0.008710935706422097,0.34391893947846197
test,84,159,-0.008765820858707038,0.34390170973193257
test,84,160,-0.008821346693703477,0.3438767640548472
test,84,161,-0.008875591163276922,0.343879707630085
test,84,162,-0.008931116998273361,0.34390239881295853
test,84,163,-0.008985895370106385,0.34388805138624895
test,84,164,-0.009041314424650908,0.34385402620075955
test,84,165,-0.009096199576935849,0.3438561276850608
test,84,166,-0.009151084729220792,0.3438839475344
test,84,167,-0.009206397003313398,0.3438719500492598
test,84,168,-0.009261282155598339,0.34383038527699433
test,84,169,-0.009316807990594778,0.34383573767590053
test,84,170,-0.009372120264687384,0.34387343084730315
test,84,171,-0.009426578295164662,0.3438764194117739
test,84,172,-0.009481356666997686,0.34381502531134506
test,84,173,-0.009536241819282627,0.34381214104860125
test,84,174,-0.009591020191115653,0.3438327945451922
test,84,175,-0.009646546026112092,0.34385111292902404
test,84,176,-0.009701431178397033,0.3438115558900925
test,84,177,-0.00975674345248964,0.3437884787174968
test,85,0,0.0,
test,85,1,-6.332625741639275e-05,0.21789473684210525
test,85,2,-0.00012539675335427344,0.18468823993685873
test,85,3,-0.0001881250291142319,0.15787629227264763
test,85,4,-0.00025145128653062467,0.1405880808611184
test,85,5,-0.00031411976412493967,0.13009667927700713
test,85,6,-0.0003762500582284638,0.12394884372810092
test,85,7,-0.00043957631564485656,0.11966068613467458
test,85,8,-0.0005022447932391715,0.11555643148075154
test,85,9,-0.00056497306899913,0.11224608918982022
test,85,10,-0.0006277013447590884,0.110580204778157
test,85,11,-0.0006903698223534035,0.10915946732852846
test,85,12,-0.0007536960797697962,0.10755839384130872
test,85,13,-0.0008164243555297547,0.10590894413948983
test,85,14,-0.0008790928331240697,0.1042829842245288
test,85,15,-0.0009424788887061058,0.10331445353471785
test,85,16,-0.0010045493846439866,0.10247419301982631
test,85,17,-0.001067815843894736,0.1014246947082768
test,85,18,-0.0011305441196546944,0.10052401746724891
test,85,19,-0.0011932723954146528,0.09979318902523093
test,85,20,-0.0012559408730089677,0.09910948140387638
test,85,21,-0.001319326928591004,0.0985936564931179
test,85,22,-0.001381995406185319,0.097805911189377
test,85,23,-0.0014453216636017116,0.096834391570515
test,85,24,-0.00150804993936167,0.0962058438726559
test,85,25,-0.0015707184169559852,0.09600251151109251
test,85,26,-0.0016334466927159436,0.09564342489184023
test,85,27,-0.0016961151703102585,0.09516060289046456
test,85,28,-0.001758843446070217,0.09453981656174695
test,85,29,-0.001821511923664532,0.09412528399870172
test,85,30,-0.0018848979792465681,0.0939923662791711
test,85,31,-0.001946968475184449,0.09371469045651551
test,85,32,-0.002010234934435198,0.09331307983797203
test,85,33,-0.0020730230083608,0.09280815951600387
test,85,34,-0.002135691485955115,0.0924682270135698
test,85,35,-0.0021983599635494303,0.0922158370027614
test,85,36,-0.002261088239309389,0.09198688182029255
test,85,37,-0.0023238165150693472,0.09176254676360557
test,85,38,-0.002386484992663662,0.09139888397152203
test,85,39,-0.002449153470257977,0.09115740988699052
test,85,40,-0.002511941544183579,0.09093163810095684
test,85,41,-0.0025740120401214596,0.0906926103732379
test,85,42,-0.002637278499372209,0.09054526020110121
test,85,43,-0.0027000067751321672,0.09027567036088419
test,85,44,-0.0027627350508921257,0.09005824367445225
test,85,45,-0.002825403528486441,0.0898736966632259
test,85,46,-0.0028874740244243216,0.0896519647880933
test,85,47,-0.0029501425020186365,0.08949921735365624
test,85,48,-0.003013528557600673,0.08923913043478261
test,85,49,-0.0030755990535385534,0.08896175794225364
test,85,50,-0.003137669549476434,0.0888262910798122
test,85,51,-0.0032009958068928267,0.08875025567600736
test,85,52,-0.003263724082652785,0.08862143322802267
test,85,53,-0.0033263925602471005,0.08839186436675293
test,85,54,-0.0033890610378414154,0.08825091495504891
test,85,55,-0.0034518491117670174,0.08805293794201854
test,85,56,-0.003513919607704898,0.0879389966854121
test,85,57,-0.003577186066955647,0.08780755510838745
test,85,58,-0.0036393163610591714,0.08768066441360466
test,85,59,-0.003701327058831409,0.08748243901145993
test,85,60,-0.0037641151327570104,0.08731006802366494
test,85,61,-0.0038267836103513257,0.08717830411155542
test,85,62,-0.0038894520879456406,0.08707348033322966
test,85,63,-0.003952180363705599,0.0869406966836798
test,85,64,-0.00401425085964348,0.08679401993355482
test,85,65,-0.004076979135403438,0.08662086436479369
test,85,66,-0.004140245594654188,0.08650376978644456
test,85,67,-0.004202375888757712,0.08644970644270772
test,85,68,-0.004265044366352027,0.08631059555460208
test,85,69,-0.004327772642111985,0.08616341754375369
test,85,70,-0.004390500917871944,0.08604535204768886
test,85,71,-0.004453169395466259,0.08593354511639509
test,85,72,-0.004515299689569783,0.08586001085187195
test,85,73,-0.00457731038734202,0.0857801340002426
test,85,74,-0.0046406366447584125,0.08569176303324207
test,85,75,-0.004703364920518371,0.08553691461585468
test,85,76,-0.004766093196278329,0.08542393322871768
test,85,77,-0.0048281636922162105,0.08534424455566077
test,85,78,-0.004890832169810525,0.08523550422271924
test,85,79,-0.004952902665748406,0.08518057121011384
test,85,80,-0.005015571143342721,0.08504669855836507
test,85,81,-0.005078359217268323,0.08496072406566987
test,85,82,-0.005141027694862638,0.08485929801391781
test,85,83,-0.005203098190800518,0.08478233596788358
test,85,84,-0.005265826466560477,0.08469786179113728
test,85,85,-0.005328494944154792,0.08459295916117494
test,85,86,-0.00539122321991475,0.08451019679295879
test,85,87,-0.005453891697509066,0.08437245703891628
test,85,88,-0.005515962193446946,0.08427777120548917
test,85,89,-0.005578690469206905,0.08418916389837645
test,85,90,-0.005640760965144785,0.0840981511360942
test,85,91,-0.005703489240904744,0.0840229917927307
test,85,92,-0.005766815498321137,0.08391600479713981
test,85,93,-0.005828885994259017,0.0838164521544488
test,85,94,-0.005891614270018976,0.08375731471690592
test,85,95,-0.005953684765956857,0.08372819150393032
test,85,96,-0.006016353243551172,0.08361068048524008
test,85,97,-0.006079021721145487,0.08347951098880467
test,85,98,-0.006141152015249011,0.08340191461232552
test,85,99,-0.006203880291008969,0.08332369790297997
test,85,100,-0.006266548768603284,0.08325962308917031
test,85,101,-0.006328619264541165,0.08322344020440121
test,85,102,-0.0063919455219575575,0.08315098468271334
test,85,103,-0.0064540160178954385,0.0830256345498169
test,85,104,-0.0065167442936553965,0.08293314924865439
test,85,105,-0.006578814789593278,0.08287957985483192
test,85,106,-0.0066414832671875925,0.08284584126734851
test,85,107,-0.0067042115429475505,0.08276371697764641
test,85,108,-0.0067662820388854315,0.08265179319712164
test,85,109,-0.00682901031464539,0.08252327573453971
test,85,110,-0.006891678792239705,0.08244712290938666
test,85,111,-0.006954407067999663,0.08240007497305656
test,85,112,-0.007016477563937544,0.08235463482819952
test,85,113,-0.007079803821353937,0.0822965714364618
test,85,114,-0.007141874317291817,0.08218859350977002
test,85,115,-0.007204542794886133,0.08209191472426487
test,85,116,-0.007267330868811734,0.08203725705575109
test,85,117,-0.00732999934640605,0.08196393409104041
test,85,118,-0.00739206984234393,0.08192234806751575
test,85,119,-0.007454738319938245,0.0818540951082444
test,85,120,-0.007516808815876126,0.08177831321124295
test,85,121,-0.007579596889801728,0.08166764795626744
test,85,122,-0.007641607587573965,0.0816124728817966
test,85,123,-0.007704335863333924,0.0815443930567416
test,85,124,-0.007766406359271804,0.08147467911220695
test,85,125,-0.00782907483686612,0.08144139497350315
test,85,126,-0.007892460892448156,0.0813495256605471
test,85,127,-0.007953873608563958,0.08125468233791434
test,85,128,-0.008016601884323916,0.08118767643534597
test,85,129,-0.008079270361918231,0.08112476020054489
test,85,130,-0.008141340857856113,0.08108345897436924
test,85,131,-0.008204009335450428,0.08104214620207953
test,85,132,-0.008267395391032464,0.0809529248207063
test,85,133,-0.008329465886970344,0.08087022459174022
test,85,134,-0.008392134364564659,0.08079620750120262
test,85,135,-0.008454922438490262,0.08073515311839384
test,85,136,-0.008516933136262499,0.08067271858576207
test,85,137,-0.008579661412022457,0.0806169490239229
test,85,138,-0.008642329889616772,0.08055852706754456
test,85,139,-0.008704400385554653,0.08044395249349329
test,85,140,-0.008767188459480255,0.08038077841265598
test,85,141,-0.00882985693707457,0.08034193705350232
test,85,142,-0.00889192743301245,0.08030380673499268
test,85,143,-0.008954595910606765,0.0802378494686187
test,85,144,-0.009017324186366724,0.08015895359161487
test,85,145,-0.009079454480470248,0.0800811492802661
test,85,146,-0.009142122958064563,0.08000939779365435
test,85,147,-0.009204791435658877,0.07994428083027219
test,85,148,-0.009267459913253192,0.07989760409021796
test,85,149,-0.009329590207356717,0.07985211279886992
test,85,150,-0.009392318483116675,0.0797677367498389
test,85,151,-0.00945498696071099,0.0797104940735948
test,85,152,-0.009517057456648872,0.07966344493714379
test,85,153,-0.009579725934243187,0.07960574134077833
test,85,154,-0.009643111989825223,0.07956876771494129
test,85,155,-0.009704524705941025,0.0795150913729579
test,85,156,-0.009767252981700983,0.07944692601586208
test,85,157,-0.009829323477638865,0.07935315397013996
test,86,0,0.0,
test,86,1,-5.9208894732336885e-05,0.237413884472708
test,86,2,-0.00011762833753490928,0.21288441145281017
test,86,3,-0.0001762733380317001,0.19143665958952583
test,86,4,-0.00023604612699958306,0.17669722332934767
test,86,5,-0.0002951422428848107,0.1688118285288799
test,86,6,-0.0003549150318526937,0.16366379692908495
test,86,7,-0.0004144622631263582,0.1593607305936073
test,86,8,-0.0004736711578586951,0.15656229180546302
test,86,9,-0.0005333311679794688,0.15484864640720336
test,86,10,-0.0005925400627118057,0.15290666666666666
test,86,11,-0.0006516361785970334,0.15129025999223905
test,86,12,-0.0007107322944822611,0.14999110636784063
test,86,13,-0.000769941189214598,0.1494436917518578
test,86,14,-0.0008284734108642796,0.14871306005719734
test,86,15,-0.0008881334209850533,0.1480532422236458
test,86,16,-0.0009466656426347349,0.1470529337160403
test,86,17,-0.0010058745373670718,0.1465552448870598
test,86,18,-0.0010649706532522994,0.14611208354347763
test,86,19,-0.001124066769137527,0.14568456564520663
test,86,20,-0.001183162885022755,0.14501655806003633
test,86,21,-0.0012418078855195456,0.1446996870945585
test,86,22,-0.0013009040014047733,0.14450838979140865
test,86,23,-0.001360000117290001,0.14417113789979794
test,86,24,-0.0014190962331752286,0.14356314418646068
test,86,25,-0.0014781923490604562,0.14332734889287851
test,86,26,-0.001537288464945684,0.14320064119690087
test,86,27,-0.001596497359678021,0.14289672095462372
test,86,28,-0.0016557062544103579,0.14256541405042272
test,86,29,-0.0017141256972129301,0.14234901678922246
test,86,30,-0.0017732218130981578,0.14207844953507429
test,86,31,-0.0018324307078304946,0.1419335930765783
test,86,32,-0.0018909629294801764,0.14160208444681988
test,86,33,-0.001950059045365404,0.14136473332145577
test,86,34,-0.0020091551612506317,0.14129853796572867
test,86,35,-0.0020678001617474226,0.1410965180207697
test,86,36,-0.002126219604549995,0.14084632516703785
test,86,37,-0.0021854284992823317,0.1406509585241473
test,86,38,-0.0022439607209320134,0.1405621360042765
test,86,39,-0.002303056836817241,0.14041147525254602
test,86,40,-0.0023615890584669226,0.1402320049180766
test,86,41,-0.0024207979531992597,0.14002216572136383
test,86,42,-0.002479894069084487,0.13988773341140232
test,86,43,-0.002538426290734169,0.13984657656873595
test,86,44,-0.0025969585123838505,0.1396996281805147
test,86,45,-0.002656054628269078,0.13945420631809055
test,86,46,-0.002715263523001415,0.13929405748422263
test,86,47,-0.0027737957446510968,0.13925605733136162
test,86,48,-0.002832891860536324,0.13911135368747007
test,86,49,-0.002891987976421552,0.13893526247449453
test,86,50,-0.0029505201980712338,0.13882264877292413
test,86,51,-0.0030097290928035704,0.13874153439708134
test,86,52,-0.003068148535606143,0.13867524882783583
test,86,53,-0.003126793536102934,0.1385088781275222
test,86,54,-0.0031858896519881613,0.13831651698632577
test,86,55,-0.003244421873637843,0.13828070311892354
test,86,56,-0.0033029540952875247,0.13826719627239048
test,86,57,-0.003362050211172752,0.13815326597810487
test,86,58,-0.003420695211669543,0.13801432693814708
test,86,59,-0.0034791146544721156,0.1378450885493139
test,86,60,-0.0035383235492044522,0.13782162687272176
test,86,61,-0.003596855770854134,0.13780770039974752
test,86,62,-0.003655951886739362,0.13762797236573143
test,86,63,-0.0037150480026245892,0.13754233475651678
test,86,64,-0.0037730163300387248,0.13747002347986664
test,86,65,-0.0038321124459239526,0.1373897591154403
test,86,66,-0.00389120856180918,0.13730351644790148
test,86,67,-0.0039498535623059714,0.13710700859612576
test,86,68,-0.004008385783955653,0.13710825370610671
test,86,69,-0.00406748189984088,0.13708864879946678
test,86,70,-0.004126014121490562,0.13698211516276654
test,86,71,-0.004184659121987353,0.13682926094423187
test,86,72,-0.00424375523787258,0.1367177925502284
test,86,73,-0.004302174680675153,0.1366906474820144
test,86,74,-0.004360819681171944,0.13665731961147087
test,86,75,-0.004419239123974516,0.13654710119090066
test,86,76,-0.004477884124471307,0.1364484008303719
test,86,77,-0.004537544134592081,0.13639962771055886
test,86,78,-0.004596076356241762,0.13638638810227435
test,86,79,-0.00465517247212699,0.1362894763564973
test,86,80,-0.004713817472623781,0.13618039724296535
test,86,81,-0.004772236915426353,0.1361175305381314
test,86,82,-0.00483144581015869,0.13611875660374897
test,86,83,-0.004889978031808372,0.13608216865451406
test,86,84,-0.004948510253458053,0.1359914424338126
test,86,85,-0.005007606369343281,0.13583936875090452
test,86,86,-0.005065574696757416,0.13579655704263893
test,86,87,-0.005124783591489753,0.13577848544835303
test,86,88,-0.005183203034292326,0.13570169573937885
test,86,89,-0.005241848034789116,0.13558975714998286
test,86,90,-0.005300267477591689,0.13551596263104096
test,86,91,-0.00535891247808848,0.13550923966708986
test,86,92,-0.005418008593973707,0.13544955088514868
test,86,93,-0.0054771047098589355,0.13536238885629823
test,86,94,-0.005535636931508617,0.1353093810103677
test,86,95,-0.005594169153158298,0.13524804765577933
test,86,96,-0.00565270137480798,0.13522217579050008
test,86,97,-0.0057112335964576615,0.13514720722608536
test,86,98,-0.005770442491189998,0.13504898616379662
test,86,99,-0.0058295386070752265,0.13498589844720832
test,86,100,-0.005888070828724908,0.13491770570898257
test,86,101,-0.005946603050374589,0.13490768888559354
test,86,102,-0.0060058119451069265,0.13482757174022486
test,86,103,-0.006063667493673952,0.13476669003661293
test,86,104,-0.006122199715323634,0.13471281394499565
test,86,105,-0.006181295831208862,0.13470169593413928
test,86,106,-0.006240391947094089,0.13463391987566042
test,86,107,-0.00629903694759088,0.13454549090381895
test,86,108,-0.006357569169240562,0.13449565368136904
test,86,109,-0.006415424717807588,0.13445815297939795
test,86,110,-0.0064746336125399255,0.13442750504534734
test,86,111,-0.006533165834189607,0.1343781324697355
test,86,112,-0.006591698055839288,0.13428922142246463
test,86,113,-0.006650906950571626,0.13421636898140038
test,86,114,-0.006709326393374198,0.13421833061170862
test,86,115,-0.006767858615023879,0.13416041009610463
test,86,116,-0.0068270675097562164,0.13409763791147472
test,86,117,-0.0068854869525587885,0.13399752186655572
test,86,118,-0.006944131953055579,0.13396046785746668
test,86,119,-0.007003228068940807,0.13394021128343447
test,86,120,-0.0070617602905904886,0.13391077964167422
test,86,121,-0.00712029251224017,0.13382289875191766
test,86,122,-0.007178824733889852,0.13376014032010525
test,86,123,-0.007238484744010626,0.13371258578847106
test,86,124,-0.007297129744507416,0.1336655234150866
test,86,125,-0.007355098071921552,0.13363662820556715
test,86,126,-0.007413517514724124,0.1335812879202809
test,86,127,-0.007472726409456462,0.13350632063589682
test,86,128,-0.007531258631106143,0.13347599304533905
test,86,129,-0.007589678073908715,0.13345083564882013
test,86,130,-0.007648999747488162,0.13341508882679495
test,86,131,-0.007707419190290734,0.13334122874364965
test,86,132,-0.007765387517704869,0.13326092066760153
test,86,133,-0.007824483633590097,0.13324966512604536
test,86,134,-0.007883128634086889,0.13321062970119935
test,86,135,-0.00794154807688946,0.1331579030800691
test,86,136,-0.008000644192774688,0.13308156802580595
test,86,137,-0.008058612520188824,0.13302118154269113
test,86,138,-0.008117257520685614,0.1329983756101154
test,86,139,-0.008176353636570842,0.13296357310013548
test,86,140,-0.00823544975245607,0.13291729403761932
test,86,141,-0.008293981974105752,0.1328392981817078
test,86,142,-0.008352514195755433,0.13279254297060442
test,86,143,-0.008411610311640661,0.13276190404926613
test,86,144,-0.00847025531213745,0.13274382314694408
test,86,145,-0.008528223639551587,0.1326952312074742
test,86,146,-0.008587319755436815,0.1326131249908386
test,86,147,-0.008645851977086496,0.13256270177213716
test,86,148,-0.008704948092971725,0.13252598282873926
test,86,149,-0.008763480314621406,0.13251368082386566
test,86,150,-0.008822125315118196,0.13246325221057437
test,86,151,-0.008879868084838113,0.13238561269359828
test,86,152,-0.00893918975841756,0.13234750592235642
test,86,153,-0.008997609201220131,0.13231221149811162
test,86,154,-0.00905670531710536,0.13229428686576705
test,86,155,-0.00911535031760215,0.13223562712507983
test,86,156,-0.009174446433487377,0.13217428883050603
test,86,157,-0.00923286587628995,0.13211533808399192
test,86,158,-0.009290834203704086,0.1320873561194323
test,86,159,-0.009350043098436423,0.13205997954019275
test,86,160,-0.009408575320086104,0.1320222182836008
test,86,161,-0.00946654364750024,0.13193620535521414
test,86,162,-0.009525639763385468,0.13187985520266343
test,86,163,-0.00958417198503515,0.13185200747118703
test,86,164,-0.009643380879767486,0.13183557746579969
test,86,165,-0.009701236428334512,0.13178845099927686
test,86,166,-0.009759768649984193,0.13172340212931238
test,86,167,-0.009818864765869422,0.13167962166699776
test,86,168,-0.009877509766366213,0.13163828852070553
test,87,0,0.0,
test,87,1,-7.90608318079841e-05,0.13333333333333333
test,87,2,-0.0001562594170423326,0.07404371584699454
test,87,3,-0.00023176505084610328,0.04389799635701275
test,87,4,-0.00030896363608045175,0.02655590358164238
test,87,5,-0.00038616222131480026,0.015862668405041285
test,87,6,-0.00046429192983596656,0.007588761405727708
test,87,7,-0.0005441992373592396,0.0012359029816159431
test,87,8,-0.0006222442983088769,-0.004924779059569588
test,87,9,-0.0007003740068300433,-0.010063495866778483
test,87,10,-0.0007794348386380274,-0.013677975228863758
test,87,11,-0.0008584110228744826,-0.017115751381485647
test,87,12,-0.00093645608382412,-0.02029024455791454
test,87,13,-0.0010145857923452863,-0.023260618079656254
test,87,14,-0.0010927155008664524,-0.02608662293321057
test,87,15,-0.0011708452093876188,-0.028412954016818752
test,87,16,-0.0012488902703372562,-0.030181086519114688
test,87,17,-0.0013279511021452404,-0.031929326392175425
test,87,18,-0.0014059961630948777,-0.0334802811867032
test,87,19,-0.001484125871616044,-0.03489618596253667
test,87,20,-0.0015622555801372104,-0.03649713275095128
test,87,21,-0.0016403006410868478,-0.037869701686783885
test,87,22,-0.001718514997179543,-0.038915812288434846
test,87,23,-0.0017974065338444692,-0.04008478129221596
test,87,24,-0.0018756208899371645,-0.040992569120567694
test,87,25,-0.001953665950886802,-0.04185408902026303
test,87,26,-0.0020317110118364392,-0.042899804345587475
test,87,27,-0.0021089942446423167,-0.043667949073890454
test,87,28,-0.002187970428878772,-0.04445846718678293
test,87,29,-0.0022661001373999383,-0.04518772843061247
test,87,30,-0.002344229845921104,-0.0457618954166741
test,87,31,-0.002422274906870742,-0.04649677129735143
test,87,32,-0.002500489262963437,-0.04714598698844346
test,87,33,-0.0025776878481977854,-0.047873116779916645
test,87,34,-0.0026557329091474228,-0.04830864644493066
test,87,35,-0.002733862617668589,-0.04885022322793713
test,87,36,-0.0028119923261897555,-0.04942474061301543
test,87,37,-0.002890037387139393,-0.049924072601055754
test,87,38,-0.002968167095660559,-0.05040620644016727
test,87,39,-0.0030462968041817255,-0.05083071519708049
test,87,40,-0.003123495389416074,-0.051279993579969506
test,87,41,-0.0032016250979372404,-0.051780610979890646
test,87,42,-0.0032806012821736956,-0.052290329155202285
test,87,43,-0.003358730990694862,-0.05267676076489543
test,87,44,-0.0034359295759292105,-0.0529726443768997
test,87,45,-0.0035140592844503764,-0.05332921218749628
test,87,46,-0.0035921889929715427,-0.053636014746415155
test,87,47,-0.0036693875782058912,-0.05400698847016242
test,87,48,-0.0037475172867270576,-0.05434322270022067
test,87,49,-0.003826493470963513,-0.054628224582701064
test,87,50,-0.0039037767037693903,-0.05503370065261581
test,87,51,-0.003981821764719028,-0.05533762664932559
test,87,52,-0.004059020349953376,-0.055706437874205296
test,87,53,-0.004137150058474542,-0.05593177574809507
test,87,54,-0.00421443329128042,-0.05625334310676149
test,87,55,-0.004293324827945346,-0.05643514286270009
test,87,56,-0.0043715391840380416,-0.05672614044471613
test,87,57,-0.00444873776927239,-0.057043925417812266
test,87,58,-0.0045267828302220274,-0.05732360725582596
test,87,59,-0.004604912538743193,-0.057529304045907406
test,87,60,-0.00468304224726436,-0.0577370499460693
test,87,61,-0.004760240832498709,-0.05801167949774652
test,87,62,-0.004838285893448346,-0.0582820762774006
test,87,63,-0.004915569126254223,-0.05858681902692056
test,87,64,-0.004993698834775389,-0.058860399812796685
test,87,65,-0.0050708974200097375,-0.058997292871777574
test,87,66,-0.005149873604246193,-0.05922300199354933
test,87,67,-0.00522715683705207,-0.05944759319869083
test,87,68,-0.005304355422286419,-0.05965864401447223
test,87,69,-0.005383331606522874,-0.059879543287677604
test,87,70,-0.005460614839328751,-0.06007931110890378
test,87,71,-0.0055378134245631,-0.0602663773880552
test,87,72,-0.005615858485512737,-0.06051984519042914
test,87,73,-0.005693988194033904,-0.06072506667448199
test,87,74,-0.005771271426839781,-0.06086252628992274
test,87,75,-0.005850162963504707,-0.061030051488311726
test,87,76,-0.005927361548739056,-0.06123368169182589
test,87,77,-0.006004644781544933,-0.0614433562547753
test,87,78,-0.006081928014350811,-0.06168657514708504
test,87,79,-0.006159973075300448,-0.06185259908196011
test,87,80,-0.006237171660534797,-0.06197015484181531
test,87,81,-0.006315301369055963,-0.06216159108317266
test,87,82,-0.006393431077577129,-0.062361397375355475
test,87,83,-0.006470629662811478,-0.06258900552236979
test,87,84,-0.006548759371332644,-0.06273041584687972
test,87,85,-0.006626042604138522,-0.06286731855878985
test,87,86,-0.006703156541801341,-0.06304496548292804
test,87,87,-0.0067821327260377965,-0.06325464158367146
test,87,88,-0.0068594159588436735,-0.06340793328551804
test,87,89,-0.006936614544078022,-0.06357801363029916
test,87,90,-0.007014744252599188,-0.06369638728924863
test,87,91,-0.0070919428378335364,-0.06389744433733807
test,87,92,-0.007169141423067885,-0.06412022906310863
test,87,93,-0.007247271131589052,-0.06427030913012222
test,87,94,-0.007324554364394929,-0.06439590078581549
test,87,95,-0.007403530548631384,-0.06448961207139238
test,87,96,-0.0074806444862942035,-0.06468579196915586
test,87,97,-0.0075579277191000814,-0.06485622122356703
test,87,98,-0.007636057427621247,-0.06502494241957843
test,87,99,-0.007713256012855596,-0.06513869528101057
test,87,100,-0.007790454598089944,-0.06531983290275303
test,87,101,-0.007868584306611111,-0.06549772018365628
test,87,102,-0.007945867539416987,-0.06566368989874095
test,87,103,-0.008023912600366626,-0.06578523726929987
test,87,104,-0.008101111185600973,-0.06591954082104981
test,87,105,-0.008178394418406851,-0.0660614767042618
test,87,106,-0.00825643947935649,-0.06624986123305782
test,87,107,-0.008333722712162366,-0.06637539741256923
test,87,108,-0.008410921297396715,-0.06651379554560627
test,87,109,-0.008489051005917882,-0.06664180276381909
test,87,110,-0.00856624959115223,-0.0667956934867391
test,87,111,-0.008644379299673396,-0.06695387343626516
test,87,112,-0.008721577884907744,-0.06707485982290402
test,87,113,-0.008798776470142093,-0.06721766215077585
test,87,114,-0.00887597505537644,-0.06735705102337672
test,88,0,0.0,
test,88,1,-6.349559956661562e-05,0.10563002680965147
test,88,2,-0.00012483880592758327,-0.016666666666666666
test,88,3,-0.00018618201228855091,-0.10846181427034779
test,88,4,-0.00024544008773154705,-0.17056766209308583
test,88,5,-0.0003046981631745432,-0.21060002154475924
test,88,6,-0.00036321635345309787,-0.23798832510103277
test,88,7,-0.00042173454373165253,-0.25787568358622814
test,88,8,-0.0004789074882566772,-0.272010246730484
test,88,9,-0.0005360131704940254,-0.2831953940266283
test,88,10,-0.0005924462298546085,-0.2929582028296792
test,88,11,-0.0006496191743796332,-0.3002651998821334
test,88,12,-0.0007053123485757748,-0.3071206593703554
test,88,13,-0.0007624852931007995,-0.312985986943324
test,88,14,-0.0008181784672969412,-0.3179956730026271
test,88,15,-0.0008745442643698478,-0.32312630743706267
test,88,16,-0.0009310445860181075,-0.3272997936191088
test,88,17,-0.0009867377602142493,-0.3308277860942128
test,88,18,-0.001043103557287156,-0.3342462455232191
test,88,19,-0.0010981241086065326,-0.3371642046426738
test,88,20,-0.0011546244302547922,-0.33998265394622723
test,88,21,-0.001210317604450934,-0.34261960703312594
test,88,22,-0.0012666834015238407,-0.34469071275363034
test,88,23,-0.0013217039528432173,-0.3468651224229844
test,88,24,-0.001378204274491477,-0.34893289925845544
test,88,25,-0.0014338974486876187,-0.3505416494800599
test,88,26,-0.0014889180000069954,-0.3524302655754134
test,88,27,-0.001545283797079902,-0.3539726908922718
test,88,28,-0.00160104423356372,-0.3555288321663402
test,88,29,-0.0016568046700475383,-0.3572084137181816
test,88,30,-0.0017117579590792385,-0.35860707688964544
test,88,31,-0.0017681910184398216,-0.3598520699688015
test,88,32,-0.0018238841926359634,-0.361071956252229
test,88,33,-0.0018796446291197814,-0.3619789522225333
test,88,34,-0.0019360776884803648,-0.3630884821357206
test,88,35,-0.0019917708626765065,-0.36407548342005125
test,88,36,-0.002047464036872648,-0.3650230310352639
test,88,37,-0.0021031572110687896,-0.3659877141933398
test,88,38,-0.0021589176475526077,-0.36701632869184425
test,88,39,-0.0022146108217487494,-0.36779861934314206
test,88,40,-0.002270371258232568,-0.36865651346206146
test,88,41,-0.0023260644324287092,-0.3693177294801369
test,88,42,-0.002381757606624851,-0.37004222688531385
test,88,43,-0.002438190665985434,-0.3709416200622517
test,88,44,-0.002493211217304811,-0.37156212900672736
test,88,45,-0.002549644276665394,-0.3722322324743328
test,88,46,-0.0026046648279847706,-0.372916247648569
test,88,47,-0.0026603580021809124,-0.37338891783915235
test,88,48,-0.002716051176377054,-0.37414240840071217
test,88,49,-0.002771811612860872,-0.3746653484264433
test,88,50,-0.0028275720493446906,-0.3752150151327106
test,88,51,-0.002883265223540832,-0.3757672149696316
test,88,52,-0.0029389583977369738,-0.37633755627682963
test,88,53,-0.0029946515719331155,-0.3768774013272791
test,88,54,-0.0030504120084169336,-0.3774049126769653
test,88,55,-0.0031068450677775167,-0.3778303614744116
test,88,56,-0.0031618656190968934,-0.3783245004132834
test,88,57,-0.0032182314161698002,-0.3787835358862646
test,88,58,-0.003273251967489177,-0.3791727311141368
test,88,59,-0.0033297522891374367,-0.3796630510039234
test,88,60,-0.0033847055781691367,-0.38015088378680173
test,88,61,-0.00344113863752972,-0.3804871950566132
test,88,62,-0.0034961591888490965,-0.38091849196517213
test,88,63,-0.0035518523630452383,-0.381294964028777
test,88,64,-0.00360754553724138,-0.38163013407107893
test,88,65,-0.003663305973725198,-0.38203245490511634
test,88,66,-0.003719066410209016,-0.38239227340267457
test,88,67,-0.003774759584405158,-0.3827774931485683
test,88,68,-0.0038304527586012996,-0.38321741081444916
test,88,69,-0.0038861459327974414,-0.38351101634683726
test,88,70,-0.003941166484116818,-0.38386865746002585
test,88,71,-0.003996926920600636,-0.38427176716197964
test,88,72,-0.004052620094796778,-0.3845198988782755
test,88,73,-0.004109053154157361,-0.3848628955796609
test,88,74,-0.004164073705476738,-0.3851785293424464
test,88,75,-0.004219094256796114,-0.3854701103149572
test,88,76,-0.004275460053869021,-0.38583620195065976
test,88,77,-0.004330480605188398,-0.3861203918681692
test,88,78,-0.004386980926836657,-0.3863479129833192
test,88,79,-0.004442001478156034,-0.3866662986627658
test,88,80,-0.004497022029475411,-0.38693169428696034
test,88,81,-0.0045533878265483175,-0.38726503031975396
test,88,82,-0.004608408377867694,-0.38757844910115946
test,88,83,-0.004664841437228277,-0.387852155464034
test,88,84,-0.004719861988547654,-0.3881471769875319
test,88,85,-0.004775555162743796,-0.3883978396685097
test,88,86,-0.0048305757140631725,-0.38863106106715356
test,88,87,-0.004885596265382549,-0.3889056017247647
test,88,88,-0.004942029324743132,-0.38914946744902196
test,88,89,-0.004997049876062509,-0.3893661082995331
test,88,90,-0.005052743050258651,-0.3896539815448746
test,88,91,-0.0051084362244547925,-0.3898513294063363
test,88,92,-0.005162111530020639,-0.3900717207041669
test,88,93,-0.005212154672051954,-0.390365614096813
test,88,94,-0.005263677584412153,-0.39054078358793465
test,88,95,-0.005313720726443469,-0.3907814365757325
test,88,96,-0.005364503753639226,-0.39104475916173853
test,88,97,-0.0054152867808349835,-0.39128381303660886
test,88,98,-0.005466069808030741,-0.3915484962489704
test,88,99,-0.005516852835226497,-0.3918131232438984
test,88,100,-0.005566895977257813,-0.39197879338275
test,88,101,-0.005618418889618012,-0.3922684755135988
test,88,102,-0.005669134654526093,-0.3924959757851898
test,88,103,-0.005719984944009527,-0.39266081282901355
test,88,104,-0.005770028086040842,-0.39293375923798735
test,88,105,-0.005821550998401041,-0.3931588408266747
test,88,106,-0.005871594140432357,-0.3933085616649855
test,88,107,-0.005922377167628114,-0.39355253162298165
test,88,108,-0.005972487571947106,-0.3937050432393114
test,88,109,-0.006023943222019628,-0.393910880434837
test,88,110,-0.00607405362633862,-0.3941583755740941
test,88,111,-0.006124769391246701,-0.3943524207421971
test,88,112,-0.0061748797955656935,-0.3945226299560115
test,88,113,-0.006226335445638216,-0.39474192458114044
test,88,114,-0.006276445849957207,-0.39489415469734895
test,88,115,-0.0063265562542762,-0.3951006813307775
test,88,116,-0.006377272019184281,-0.39533013165754927
test,88,117,-0.006427382423503273,-0.395494718186694
test,88,118,-0.00647816545069903,-0.39574190624609823
test,88,119,-0.006528948477894788,-0.39593163757090516
test,88,120,-0.006579731505090544,-0.39605644306808
test,88,121,-0.00662977464712186,-0.3962801941082027
test,88,122,-0.006680624936605294,-0.39649573261285764
test,88,123,-0.00673066807863661,-0.39663151169342853
test,88,124,-0.0067821909909968085,-0.39684523704733904
test,88,125,-0.006832234133028124,-0.39700399060417924
test,88,126,-0.006882949897936205,-0.3971541810148788
test,88,127,-0.006933060302255197,-0.3973613528438514
test,88,128,-0.006983170706574189,-0.3975192092852696
test,88,129,-0.0070338864714822695,-0.39770082844643023
test,88,130,-0.007084736760965703,-0.3979578127099288
test,88,131,-0.007135452525873784,-0.39807835735386643
test,88,132,-0.007186302815357218,-0.3982260632249261
test,88,133,-0.007236345957388534,-0.3984133563709939
test,88,134,-0.007286389099419849,-0.3985473299141678
test,88,135,-0.0073372393889032834,-0.3987432624228186
test,88,136,-0.007387955153811364,-0.3989331171202993
test,88,137,-0.007438065558130356,-0.3990564496527432
test,88,138,-0.007488848585326113,-0.39925709674356785
test,88,139,-0.0075388917273574284,-0.39943758885860386
test,88,140,-0.007589002131676421,-0.3995656005552826
test,88,141,-0.007639112535995413,-0.39974910172221534
test,88,142,-0.007689828300903494,-0.39993156530899415
test,89,0,0.0,
test,89,1,-5.8276923037800106e-05,0.19444444444444445
test,89,2,-0.00011824917474579077,0.12346338856226617
test,89,3,-0.00017949292295642432,0.054960742326909354
test,89,4,-0.00024116050333460552,-0.0021470746108427268
test,89,5,-0.00030282808371278675,-0.043674698795180725
test,89,6,-0.00036333012563021194,-0.07523792422337942
test,89,7,-0.0004244679157989586,-0.09893666204345816
test,89,8,-0.00048549974792581836,-0.11754385964912281
test,89,9,-0.0005461077478851304,-0.13229291716686675
test,89,10,-0.0006060799995931211,-0.14500270124257159
test,89,11,-0.0006666879995524332,-0.15522153453187937
test,89,12,-0.0007260245030091024,-0.16396542409508374
test,89,13,-0.00078610271275898,-0.171875
test,89,14,-0.0008455451742575361,-0.17892137952318493
test,89,15,-0.0009055174259655267,-0.1853265173878609
test,89,16,-0.0009649598874640828,-0.1910931174089069
test,89,17,-0.001024402348962639,-0.19638095238095238
test,89,18,-0.0010843746006706297,-0.20089928057553957
test,89,19,-0.0011432872719597512,-0.20531455825573472
test,89,20,-0.0012027297334583074,-0.20905904556484228
test,89,21,-0.0012621721949568634,-0.2124339031777812
test,89,22,-0.0013216146564554196,-0.21581500171476165
test,89,23,-0.0013810571179539756,-0.218916893094725
test,89,24,-0.0014404995794525318,-0.22194289818638893
test,89,25,-0.0014993062926997665,-0.22471135619507152
test,89,26,-0.0015588547122402094,-0.2273348519362187
test,89,27,-0.0016182971737387654,-0.22971410343315124
test,89,28,-0.0016771038869860002,-0.2317598216345045
test,89,29,-0.001736652306526443,-0.23372045564172017
test,89,30,-0.0017955649778155648,-0.23559157909837536
test,89,31,-0.001854901481272234,-0.2373534105891333
test,89,32,-0.0019138141525613555,-0.23913700977921162
test,89,33,-0.001972726823850477,-0.2409096833050958
test,89,34,-0.0020320633273071464,-0.24253825724041989
test,89,35,-0.002090975998596268,-0.24404250092126276
test,89,36,-0.002150418460094824,-0.24553704698787987
test,89,37,-0.0022094370894258325,-0.2467185503542804
test,89,38,-0.0022687735928825017,-0.24802804557405783
test,89,39,-0.002327686264171623,-0.2493183132729226
test,89,40,-0.0023865989354607446,-0.25049675098007623
test,89,41,-0.002445935438917414,-0.2517286537454165
test,89,42,-0.0025048481102065354,-0.2529082402270345
test,89,43,-0.0025637607814956572,-0.253919904124638
test,89,44,-0.002623203242994213,-0.2548426445474506
test,89,45,-0.002682115914283335,-0.25577234996660625
test,89,46,-0.0027415583757818907,-0.25667825397195715
test,89,47,-0.0028004710470710126,-0.25751141552511414
test,89,48,-0.002859807550527682,-0.2583659327148765
test,89,49,-0.0029182963896492555,-0.25927304576308297
test,89,50,-0.0029771031028964904,-0.2601270168211466
test,89,51,-0.003036545564395046,-0.2609418049508907
test,89,52,-0.003095458235684168,-0.2617206030979931
test,89,53,-0.0031542649489314026,-0.2623537982111781
test,89,54,-0.003213177620220524,-0.2629728924635091
test,89,55,-0.003271984333467759,-0.26363813608890624
test,89,56,-0.0033308970047568804,-0.2643843222854079
test,89,57,-0.003390445424297323,-0.2650427913100724
test,89,58,-0.003449252137544558,-0.26570673370178
test,89,59,-0.0035081648088336795,-0.266297238372093
test,89,60,-0.0035676072703322357,-0.26677504644847794
test,89,61,-0.003626519941621357,-0.2673202958902184
test,89,62,-0.0036858564450780265,-0.2678352261923283
test,89,63,-0.0037443452841996005,-0.2683881064162754
test,89,64,-0.0038036817876562694,-0.2689705980845221
test,89,65,-0.0038632302071967125,-0.26951862842070556
test,89,66,-0.003921507130234513,-0.2700368512475852
test,89,67,-0.003980419801523635,-0.2704855114181539
test,89,68,-0.004039226514770869,-0.2708953695388445
test,89,69,-0.004098668976269425,-0.27134827971680536
test,89,70,-0.004157581647558546,-0.27172000061215434
test,89,71,-0.004216494318847668,-0.272178636089318
test,89,72,-0.00427540699013679,-0.2726055520842631
test,89,73,-0.004334319661425911,-0.27305406793338716
test,89,74,-0.004393126374673146,-0.2735009335243802
test,89,75,-0.004451933087920381,-0.27390472382475584
test,89,76,-0.004510845759209502,-0.27423764162110364
test,89,77,-0.004570394178749946,-0.27455807290580103
test,89,78,-0.00462920089199718,-0.27497013880308085
test,89,79,-0.004688113563286301,-0.2753409060102475
test,89,80,-0.004747556024784857,-0.2757060634453219
test,89,81,-0.004806468696073979,-0.27607244365126576
test,89,82,-0.0048653813673631,-0.27642557747803037
test,89,83,-0.004924188080610336,-0.27679596496433223
test,89,84,-0.004983630542108892,-0.27705906344795944
test,89,85,-0.005042543213398013,-0.27738591563487963
test,89,86,-0.005101455884687135,-0.2776823393210591
test,89,87,-0.0051607923881438035,-0.2779849139257017
test,89,88,-0.005219705059432925,-0.278353588068562
test,89,89,-0.005278087940512612,-0.2786872428973514
test,89,90,-0.005336894653759847,-0.2790187332738626
test,89,91,-0.00539644307330029,-0.2792841010680845
test,89,92,-0.005455779576756959,-0.27953204807502124
test,89,93,-0.005514692248046081,-0.2798494579103653
test,89,94,-0.005573604919335202,-0.2801323145944592
test,89,95,-0.005633047380833758,-0.28042790026926845
test,89,96,-0.005691430261913446,-0.2806981359257938
test,89,97,-0.0057507667653701145,-0.2809965685030508
test,89,98,-0.005810315184910557,-0.2812312295914467
test,89,99,-0.005869227856199679,-0.28148748716285604
test,89,100,-0.005928034569446914,-0.28168878424657534
test,89,101,-0.00598747703094547,-0.2819172044036153
test,89,102,-0.006046389702234592,-0.28218081478916834
test,89,103,-0.006105302373523713,-0.2824594030191894
test,89,104,-0.006164215044812835,-0.2827303782359962
test,89,105,-0.0062235515482695035,-0.283004158004158
test,89,106,-0.006282464219558625,-0.2832064767519331
test,89,107,-0.006341376890847747,-0.28341066821336425
test,89,108,-0.006400289562136868,-0.28363222035073815
test,89,109,-0.006459626065593538,-0.2838842042230708
test,89,110,-0.006518538736882659,-0.28409334085559207
test,89,111,-0.006577451408171781,-0.28435237755564335
test,89,112,-0.006636364079460903,-0.28460884434976164
test,89,113,-0.006695700582917572,-0.28482900318133614
test,89,114,-0.0067546132542066935,-0.2850372122270087
test,89,115,-0.00681405571570525,-0.2852271881512355
test,89,116,-0.006873074345036258,-0.2854145338166256
test,89,117,-0.006931881058283493,-0.2856097806307666
test,89,118,-0.006990687771530727,-0.28582891336869304
test,89,119,-0.00705023619107117,-0.28605527186421176
test,89,120,-0.0071095726945278395,-0.2862663813853972
test,89,121,-0.0071684853658169605,-0.2864639052208125
test,89,122,-0.007227398037106082,-0.2866425233030226
test,89,123,-0.007287370288814073,-0.2868051871243814
test,89,124,-0.007346282960103195,-0.28697385107796364
test,89,125,-0.007405195631392316,-0.2871868822155089
test,89,126,-0.007464638092890872,-0.2874007725941334
test,89,127,-0.007523444806138107,-0.28758180945241363
test,89,128,-0.0075823574774272285,-0.28775824028882796
test,89,129,-0.007641905896967671,-0.2879662338093106
test,89,130,-0.007701242400424341,-0.2881322460935893
test,89,131,-0.007760155071713462,-0.2883167573040681
test,89,132,-0.007818431994751263,-0.2884718237954004
test,89,133,-0.00787851020450114,-0.2886745108131801
test,89,134,-0.007937316917748375,-0.2888611272979812
test,89,135,-0.007996229589037496,-0.2890919031130902
test,89,136,-0.008055142260326617,-0.28924290568174665
test,89,137,-0.008114584721825174,-0.28939663652972314
test,89,138,-0.008173391435072409,-0.2895371188516331
test,89,139,-0.00823293985461285,-0.28969208216785236
test,89,140,-0.008292276358069521,-0.28984804150017957
test,89,141,-0.008351189029358642,-0.2900213538249138
test,89,142,-0.008410631490857199,-0.29020084889067993
test,89,143,-0.008470073952355755,-0.2903756614745975
test,89,144,-0.008528986623644876,-0.29054109258365207
test,89,145,-0.008587899294933997,-0.2906979317263152
test,89,146,-0.00864681196622312,-0.2908506188350005
test,89,147,-0.008706148469679788,-0.29098714007675935
test,89,148,-0.008765696889220232,-0.29115072066831194
test,89,149,-0.008824609560509353,-0.29130746868607116
test,89,150,-0.008883946063966022,-0.2914907877474189
test,89,151,-0.008942858735255143,-0.2916507302423753
test,89,152,-0.009002830986963134,-0.29179962215428346
test,89,153,-0.009061743658252255,-0.2919545773872561
test,89,154,-0.009120656329541378,-0.29207525418078784
test,89,155,-0.0091795690008305,-0.292226856691403
test,89,156,-0.009238905504287168,-0.29237508912411564
test,89,157,-0.009298453923827612,-0.2925593149910423
test,89,158,-0.00935779042728428,-0.2927089291334852
test,89,159,-0.009416703098573401,-0.2928517378802401
test,89,160,-0.009475615769862524,-0.2929736847382176
test,89,161,-0.009535588021570514,-0.2930988100022252
test,89,162,-0.009594500692859637,-0.2932235278584632
test,89,163,-0.009653413364148758,-0.29336854363836173
test,89,164,-0.009713385615856747,-0.29352404924617875
test,89,165,-0.00977229828714587,-0.2936816828105607
test,89,166,-0.009831210958434991,-0.29382831373812207
test,89,167,-0.009891183210142982,-0.2939626411203822
test,89,168,-0.009950095881432103,-0.29408544484087706
test,89,169,-0.010008902594679339,-0.2942302459643994
test,89,170,-0.010068345056177895,-0.2943572484509169
test,89,171,-0.01012778751767645,-0.29451127419864226
test,89,172,-0.010186594230923685,-0.29466917022096767
test,89,173,-0.010246672440673562,-0.2947979737101565
test,89,174,-0.010305479153920797,-0.29491824386406446
test,89,175,-0.010365027573461241,-0.295038039659018
test,89,176,-0.01042436407691791,-0.295151642195508
test,89,177,-0.01048327674820703,-0.29529505943480294
test,89,178,-0.010542825167747474,-0.295433176830349
test,89,179,-0.010601737839036595,-0.2955698868201818
test,90,0,0.0,
test,90,1,-5.546491299222305e-05,0.19597457627118645
test,90,2,-0.00011146417004024786,0.14028586553732134
test,90,3,-0.00016639473897666916,0.09410310734463277
test,90,4,-0.00022068409504612832,0.06235107227958697
test,90,5,-0.0002762558768495117,0.03852667231160034
test,90,6,-0.0003305452329189709,0.02054673721340388
test,90,7,-0.0003849414577995904,0.008165734159987902
test,90,8,-0.00043933768268020993,-0.0017200317544323895
test,90,9,-0.0004930926946938673,-0.010529411764705883
test,90,10,-0.0005468477067075248,-0.017573576116874868
test,90,11,-0.0006011370627769839,-0.02329162656400385
test,90,12,-0.0006544645995459999,-0.02894458171549594
test,90,13,-0.0007082196115596574,-0.03438442108693881
test,90,14,-0.0007614402795175129,-0.038362590799031475
test,90,15,-0.0008153021603423307,-0.04235551787480571
test,90,16,-0.0008690571723559881,-0.04620123203285421
test,90,17,-0.0009222778403138438,-0.04938271604938271
test,90,18,-0.0009760328523275012,-0.05203180212014134
test,90,19,-0.0010288260450407153,-0.05480216529940287
test,90,20,-0.0010819398441874108,-0.05747309262499337
test,90,21,-0.0011346261680894646,-0.05957371584423456
test,90,22,-0.0011878468360473201,-0.06152659241043445
test,90,23,-0.001241067504005176,-0.06372232472324724
test,90,24,-0.0012937538279072297,-0.0655893536121673
test,90,25,-0.0013469744958650855,-0.06715340860854062
test,90,26,-0.0013996608197671392,-0.06880715218811234
test,90,27,-0.0014518127996133914,-0.07045409868291724
test,90,28,-0.001505033467571247,-0.0717345971563981
test,90,29,-0.0015576129226621406,-0.07316760635571502
test,90,30,-0.0016097649025083927,-0.07462211051718645
test,90,31,-0.0016624512264104465,-0.07568178703576812
test,90,32,-0.0017144963374455383,-0.07689116075281309
test,90,33,-0.0017672895301587526,-0.07809934648939253
test,90,34,-0.001819868985249646,-0.0792137991375539
test,90,35,-0.0018720209650958982,-0.08008500303582271
test,90,36,-0.0019246004201867917,-0.08111458763799516
test,90,37,-0.001976752400033044,-0.082124493723609
test,90,38,-0.0020289043798792958,-0.08288111888111888
test,90,39,-0.002081056359725548,-0.0837467291757523
test,90,40,-0.002133635814816442,-0.08465770171149144
test,90,41,-0.0021857877946626935,-0.0853364449630494
test,90,42,-0.0022372985616419838,-0.08611828447009975
test,90,43,-0.002289450541488236,-0.08697480030664985
test,90,44,-0.0023414956525233278,-0.08765166529704646
test,90,45,-0.0023936476323695795,-0.08820192853091322
test,90,46,-0.0024456927434046713,-0.08895003352678675
test,90,47,-0.002498485936117886,-0.0896417498359246
test,90,48,-0.0025493554902302137,-0.09006493362586708
test,90,49,-0.002601507470076466,-0.09073145313619488
test,90,50,-0.0026536594499227176,-0.09139075666014129
test,90,51,-0.0027057045609578095,-0.09185078550416223
test,90,52,-0.00275732219674826,-0.09239174920193173
test,90,53,-0.002809367307783352,-0.09302278887661881
test,90,54,-0.0028614124188184433,-0.09354552621206148
test,90,55,-0.0029124957105530922,-0.09394895214505486
test,90,56,-0.0029645408215881837,-0.09455247001577617
test,90,57,-0.0030161584573786342,-0.09496909372724047
test,90,58,-0.0030683104372248864,-0.09535477003266894
test,90,59,-0.0031203555482599782,-0.09579055626725366
test,90,60,-0.003171866315239268,-0.09627736967245111
test,90,61,-0.00322401829508552,-0.09667341524713767
test,90,62,-0.00327552906206481,-0.09704619611883909
test,90,63,-0.0033271466978552606,-0.09749357760951866
test,90,64,-0.0033786574648345504,-0.09786533118147181
test,90,65,-0.0034307025758696422,-0.09820609436435125
test,90,66,-0.003482320211660093,-0.09858814037918516
test,90,67,-0.0035338309786393826,-0.09901131739572737
test,90,68,-0.003585341745618673,-0.09928267134444305
test,90,69,-0.0036374937254649246,-0.09968974778501528
test,90,70,-0.003689004492444215,-0.10010194300321044
test,90,71,-0.003740622128234665,-0.10031804134537489
test,90,72,-0.003792132895213955,-0.10068941030268959
test,90,73,-0.0038437505310044053,-0.10111334850872584
test,90,74,-0.0038952612979836956,-0.10135456102722078
test,90,75,-0.003947306409018787,-0.10157093346968922
test,90,76,-0.003998924044809238,-0.10190636389122512
test,90,77,-0.0040497935989215654,-0.10216943149272936
test,90,78,-0.004101518103523176,-0.102420335186374
test,90,79,-0.004153563214558268,-0.10277279531753632
test,90,80,-0.004204539637481756,-0.10305124926748709
test,90,81,-0.004256050404461046,-0.10324914496185214
test,90,82,-0.0043075611714403364,-0.10354618223400384
test,90,83,-0.0043591788072307866,-0.10387326203895086
test,90,84,-0.004411223918265878,-0.10409742483825954
test,90,85,-0.004462307210000527,-0.10433774211747007
test,90,86,-0.004513176764112854,-0.10464194104016158
test,90,87,-0.004564794399903305,-0.10487407516291831
test,90,88,-0.0046164120356937555,-0.10507320972254182
test,90,89,-0.004667922802673046,-0.10531925085021794
test,90,90,-0.004718792356785373,-0.10558601660291557
test,90,91,-0.004770409992575823,-0.1057812811112803
test,90,92,-0.0048225619724220755,-0.1060348023541406
test,90,93,-0.004872897182478602,-0.10624398294594967
test,90,94,-0.004924514818269052,-0.10641024187238482
test,90,95,-0.00497549124119254,-0.10670204887682054
test,90,96,-0.00502700200817183,-0.10695647346213635
test,90,97,-0.005078512775151121,-0.10708084227184808
test,90,98,-0.005130130410941571,-0.10727417109041859
test,90,99,-0.005181106833865059,-0.10754975017229497
test,90,100,-0.005232617600844349,-0.10775471476849927
test,90,101,-0.005284235236634799,-0.10793793212645801
test,90,102,-0.005335211659558288,-0.10817802677927481
test,90,103,-0.005386722426537578,-0.10836283460654618
test,90,104,-0.005437805718272226,-0.10852649600688927
test,90,105,-0.005489316485251516,-0.10874002315237921
test,90,106,-0.0055408272522308065,-0.10895849679119642
test,90,107,-0.005591803675154295,-0.10909099968112244
test,90,108,-0.005642780098077783,-0.10930928262543688
test,90,109,-0.005693863389812431,-0.10951379377812562
test,90,110,-0.005745374156791721,-0.1096532469924484
test,90,111,-0.0057968849237710115,-0.10984033355108942
test,90,112,-0.00584796821550566,-0.11003361040494349
test,90,113,-0.00589947898248495,-0.11018572695872104
test,90,114,-0.005950348536597278,-0.1103549244125131
test,90,115,-0.006001431828331926,-0.11056140806409734
test,90,116,-0.0060529425953112165,-0.11070965606641477
test,90,117,-0.006103919018234705,-0.11087006061710952
test,90,118,-0.006154895441158193,-0.11105487215177288
test,90,119,-0.006206513076948643,-0.11119426394801703
test,90,120,-0.006257489499872131,-0.11135010221313661
test,90,121,-0.0063084659227956195,-0.11156165156376714
test,90,122,-0.006359442345719108,-0.11174788857997167
test,90,123,-0.006410418768642596,-0.1118405078219848
test,90,124,-0.006461395191566084,-0.11202677012275375
test,90,125,-0.006512905958545374,-0.1121839453181667
test,90,126,-0.006563348037413061,-0.11229491542642353
test,90,127,-0.006614858804392351,-0.11245684912522363
test,90,128,-0.006666476440182801,-0.11264917661177412
test,90,129,-0.006716918519050488,-0.11277878389441563
test,90,130,-0.006768429286029777,-0.11292096107135824
test,90,131,-0.006819405708953266,-0.11311259141028356
test,90,132,-0.006870382131876754,-0.1132568777680794
test,90,133,-0.006921999767667205,-0.11337803909615216
test,90,134,-0.006972441846534891,-0.11354824327444409
test,90,135,-0.007023418269458379,-0.11367426128326102
test,90,136,-0.0070743946923818675,-0.11378880233461204
test,90,137,-0.007125371115305356,-0.11396308698699478
test,90,138,-0.007176347538228844,-0.1141220311726868
test,90,139,-0.007227858305208134,-0.11422792621988194
test,90,140,-0.00727830038407582,-0.11439970734161008
test,90,141,-0.007329383675810469,-0.114569381068053
test,90,142,-0.007380253229922797,-0.1146849310951143
test,90,143,-0.007431336521657446,-0.11482584169054441
test,90,144,-0.007482847288636735,-0.11495939296935206
test,90,145,-0.007533289367504422,-0.11508175971034544
test,90,146,-0.007583731446372108,-0.11519065055802838
test,90,147,-0.007635242213351399,-0.11535809172607035
test,90,148,-0.007686218636274887,-0.11546448245032158
test,90,149,-0.007737195059198375,-0.1155945167805423
test,90,150,-0.007788278350933023,-0.11577973819009675
test,90,151,-0.00783914790504535,-0.11588477249918724
test,90,152,-0.007889589983913039,-0.11598842924144129
test,90,153,-0.007941100750892327,-0.11613607511055929
test,90,154,-0.007991542829760015,-0.11624635300803204
test,90,155,-0.008042626121494662,-0.11635681333057908
test,90,156,-0.00809306820036235,-0.11653872993719469
test,90,157,-0.008144578967341639,-0.11664253325991339
test,90,158,-0.008195021046209327,-0.11673849604150342
test,90,159,-0.008245890600321654,-0.11687823477682976
test,90,160,-0.00829633267918934,-0.1170156701333529
test,90,161,-0.00834741597092399,-0.1171164899858788
test,90,162,-0.008397858049791675,-0.11726548550118271
test,90,163,-0.008448834472715163,-0.11739551818527104
test,90,164,-0.008499810895638652,-0.11749793349431467
test,90,165,-0.00855078731856214,-0.11763868672165616
test,90,166,-0.008601763741485628,-0.11777131870181147
test,90,167,-0.008652205820353314,-0.11787209562466043
test,90,168,-0.008703182243276803,-0.11799634011513388
test,90,169,-0.008754693010256094,-0.11813788965038056
test,90,170,-0.00880513508912378,-0.11822588950428896
test,90,171,-0.008855577167991466,-0.1183512298664003
test,90,172,-0.008906553590914953,-0.11847674967104446
test,90,173,-0.008957530013838443,-0.11856907478602151
test,90,174,-0.009007972092706129,-0.11868415724339348
test,90,175,-0.009058948515629618,-0.11883525708289612
test,90,176,-0.009109390594497304,-0.11891950913248935
test,90,177,-0.009160367017420791,-0.11902162439303918
test,91,0,0.0,
test,91,1,-6.635563475045871e-05,0.24203821656050956
test,91,2,-0.00013271126950091742,0.22433862433862434
test,91,3,-0.00019842763994742179,0.21173154835300334
test,91,4,-0.0002641440103939262,0.20656905421448357
test,91,5,-0.00032909326367568537,0.20402996096634665
test,91,6,-0.00039417036981823544,0.2021978021978022
test,91,7,-0.0004584803587960403,0.2005726341169379
test,91,8,-0.0005235574649385904,0.20022415611814345
test,91,9,-0.0005885067182203495,0.19892189605671765
test,91,10,-0.0006529445600589453,0.1981753941886832
test,91,11,-0.0007166152847327958,0.19802502276976175
test,91,12,-0.0007809252737106008,0.19756558421584566
test,91,13,-0.0008452352626884056,0.1968682812056306
test,91,14,-0.0009096731045270013,0.19674539495988247
test,91,15,-0.0009739830935048062,0.1966037337833562
test,91,16,-0.0010376538181786567,0.19590720358531602
test,91,17,-0.0011013245428525072,0.1956757762819121
test,91,18,-0.0011656345318303122,0.19578719165641295
test,91,19,-0.001230072373668908,0.19528778375978242
test,91,20,-0.001293103834038804,0.19520105471324983
test,91,21,-0.0013574138230166089,0.19510296333500754
test,91,22,-0.001421723811994414,0.1948372561238675
test,91,23,-0.00148475527236431,0.19454253611556982
test,91,24,-0.0015484259970381606,0.19443162590370713
test,91,25,-0.0016120967217120113,0.19449014892629624
test,91,26,-0.0016764706371202114,0.19419819454305712
test,91,27,-0.0017402052882244574,0.19403480672695667
test,91,28,-0.001803876012898308,0.1939694138918186
test,91,29,-0.0018675467375721586,0.1938575117285522
test,91,30,-0.001931217462246009,0.19359375549382932
test,91,31,-0.0019948881869198596,0.19351161920315743
test,91,32,-0.00205855891159371,0.1935824117870033
test,91,33,-0.0021222296362675606,0.19334888775249298
test,91,34,-0.002185261096637457,0.19319362794521397
test,91,35,-0.0022489318213113076,0.19317411286069464
test,91,36,-0.0023132418102891125,0.19303333919259388
test,91,37,-0.002376912534962963,0.19290743749821831
test,91,38,-0.002439943995332859,0.1929055179304985
test,91,39,-0.0025036147200067096,0.19287926115235351
test,91,40,-0.0025672854446805605,0.1926454300933495
test,91,41,-0.0026310200957848063,0.19260650339576044
test,91,42,-0.0026946908204586568,0.1925718518890549
test,91,43,-0.0027583615451325072,0.1924548665620094
test,91,44,-0.002821329079072008,0.1922592863392825
test,91,45,-0.002884360539441904,0.19226306969331192
test,91,46,-0.002948734454850105,0.1922935821887969
test,91,47,-0.0030117019887896056,0.19214110993918448
test,91,48,-0.0030754366398938514,0.19201019600949285
test,91,49,-0.0031384041738333522,0.19205269502324782
test,91,50,-0.0032014356342032484,0.1919624492379094
test,91,51,-0.003265809549611449,0.19188012533479487
test,91,52,-0.0033294163478549037,0.19183569979716025
test,91,53,-0.00339315099895915,0.19182280420700704
test,91,54,-0.003456182459329046,0.19168676934496195
test,91,55,-0.0035198531840028966,0.19160034519129351
test,91,56,-0.0035828207179423974,0.1915865407253242
test,91,57,-0.003646491442616248,0.19153621257540432
test,91,58,-0.003710226093720494,0.19147465856807724
test,91,59,-0.003773193627659995,0.19135642458100557
test,91,60,-0.0038368643523338454,0.19137061191484875
test,91,61,-0.0038998958127037416,0.19132509704582984
test,91,62,-0.003963566537377592,0.19117409389008447
test,91,63,-0.0040272372620514425,0.1912471328835239
test,91,64,-0.004090268722421339,0.19116132275263076
test,91,65,-0.00415393944709519,0.19108161394228038
test,91,66,-0.00421761017176904,0.19103170544617745
test,91,67,-0.004280641632138936,0.19106129420747306
test,91,68,-0.004344312356812787,0.1909555533150821
test,91,69,-0.004407343817182683,0.1908816448198112
test,91,70,-0.004471014541856533,0.19087909107347356
test,91,71,-0.00453404600222643,0.19084332338042395
test,91,72,-0.004598355991204234,0.19075766898127802
test,91,73,-0.004661387451574131,0.19068053749458172
test,91,74,-0.004724418911944027,0.19066419612314708
test,91,75,-0.004788089636617878,0.19064227150632146
test,91,76,-0.004851121096987774,0.19053071307630387
test,91,77,-0.00491415255735767,0.19051271865539773
test,91,78,-0.004977823282031521,0.1905193338787432
test,91,79,-0.005041494006705371,0.19048064085447264
test,91,80,-0.005104525467075268,0.1903964560233101
test,91,81,-0.0051681322653187225,0.19036147716026877
test,91,82,-0.005231163725688619,0.19038614905713772
test,91,83,-0.005295537641096819,0.1903040315150745
test,91,84,-0.00535850517503632,0.19024240179305754
test,91,85,-0.005422239826140565,0.1902105798702024
test,91,86,-0.005485271286510462,0.19021075933454748
test,91,87,-0.005548878084753917,0.19013038655278808
test,91,88,-0.005611909545123813,0.19006184380842803
test,91,89,-0.005675580269797664,0.19011614126570278
test,91,90,-0.005739250994471514,0.1900690851346838
test,91,91,-0.005802282454841411,0.1899720092491177
test,91,92,-0.005865249988780912,0.18992834623101176
test,91,93,-0.005928984639885158,0.18991670021718052
test,91,94,-0.005991952173824658,0.1898903195040534
test,91,95,-0.006054983634194554,0.18982141964994476
test,91,96,-0.006118654358868405,0.1898099318831026
test,91,97,-0.00618296434784621,0.18980280863140384
test,91,98,-0.006245995808216106,0.1897691988957709
test,91,99,-0.0063090272685860024,0.18968961237502197
test,91,100,-0.006372058728955898,0.1896931790615013
test,91,101,-0.006436368717933703,0.18967407763238964
test,91,102,-0.0064994001783036,0.18962013928743157
test,91,103,-0.0065630709029774505,0.18954924327756045
test,91,104,-0.006626102363347346,0.18954099225183563
test,91,105,-0.006689133823717243,0.18957714928604075
test,91,106,-0.006752101357656744,0.18949536560247168
test,91,107,-0.00681583600876099,0.18941936628568895
test,91,108,-0.006878803542700491,0.1894254198141538
test,91,109,-0.006941835003070386,0.18940350571626244
test,91,110,-0.007006144992048192,0.1893319781768671
test,91,111,-0.007069176452418087,0.1892744479495268
test,91,112,-0.007132207912787984,0.18929659432811785
test,91,113,-0.007195814711031439,0.18929148115998842
test,91,114,-0.007258846171401335,0.18922982268666935
test,91,115,-0.007322580822505581,0.18914655453090534
test,91,116,-0.007385548356445082,0.18915306632722645
test,91,117,-0.007448579816814978,0.189153618014802
test,91,118,-0.007512889805792783,0.1890873663182263
test,91,119,-0.007575921266162679,0.18902582237643858
test,91,120,-0.007639591990836529,0.1890425045703839
test,91,121,-0.007702623451206426,0.18902781833316626
test,91,122,-0.0077656549115763225,0.18897236174388146
test,91,123,-0.007829325636250172,0.18891189799392044
test,91,124,-0.007892357096620069,0.18891620168753404
test,91,125,-0.00795602782129392,0.1889090448869389
test,91,126,-0.00801969854596777,0.18884350097100383
test,91,127,-0.008082730006337666,0.1888201904271531
test,91,128,-0.008145761466707563,0.1887915691638377
test,91,129,-0.008208665074216668,0.18880226963343294
test,91,130,-0.008272399725320914,0.18872960628260357
test,91,131,-0.00833543118569081,0.1886923092405853
test,91,132,-0.008399037983934265,0.18868052670267507
test,91,133,-0.008462069444304162,0.1886617395165895
test,91,134,-0.008525100904674057,0.18863365354721154
test,91,135,-0.008589410893651863,0.188578125
test,91,136,-0.00865244235402176,0.18856050500977137
test,91,137,-0.008715473814391654,0.18855468990577076
test,91,138,-0.008779144539065505,0.18851168549286948
test,91,139,-0.008842175999435401,0.18846765229201523
test,91,140,-0.008905846724109252,0.18843014430302504
test,91,141,-0.008968878184479149,0.1884375596055097
test,91,142,-0.00903184571841865,0.18840289073583041
test,91,143,-0.009095580369522896,0.1883278756232115
test,91,144,-0.009158611829892792,0.18832098611716366
test,91,145,-0.009222218628136247,0.18832578691833507
test,91,146,-0.009285250088506143,0.18829461396208969
test,91,147,-0.00934898473961039,0.18823719328454586
test,91,148,-0.009412591537853844,0.18820570011508547
test,91,149,-0.009475622998223741,0.18820827169319848
test,91,150,-0.009538590532163242,0.1881998080526484
test,92,0,0.0,
test,92,1,-6.82530187715621e-05,0.13749338974087785
test,92,2,-0.0001396647525679424,0.01455026455026455
test,92,3,-0.00021045713047710345,-0.09060402684563758
test,92,4,-0.0002819307998622057,-0.16797238082591953
test,92,5,-0.0003559438283849069,-0.2238758371425534
test,92,6,-0.00043125750427076853,-0.26372262126452073
test,92,7,-0.0005078718275197906,-0.2919835716458777
test,92,8,-0.0005857867981319731,-0.3142438569621096
test,92,9,-0.000665064351696038,-0.330964647361876
test,92,10,-0.0007449612611473221,-0.3439283238227295
test,92,11,-0.0008254775264858254,-0.3540989964609492
test,92,12,-0.0009059937918243289,-0.3638020717556573
test,92,13,-0.0009865100571628323,-0.37156697729791865
test,92,14,-0.0010677076139772768,-0.37818459191456905
test,92,15,-0.0011489051707917215,-0.38441817404928075
test,92,16,-0.0012307220834933852,-0.3903171953255426
test,92,17,-0.0013132202876709903,-0.3949701351776171
test,92,18,-0.0013956565562598733,-0.39919833729216153
test,92,19,-0.0014781547604374784,-0.4033710394507288
test,92,20,-0.0015612723205023025,-0.4066033952680123
test,92,21,-0.0016437705246799075,-0.40990245269082853
test,92,22,-0.0017268880847447318,-0.41310375018240186
test,92,23,-0.0018100056448095562,-0.4158678455095393
test,92,24,-0.0018931232048743803,-0.4182016859194505
test,92,25,-0.001976922056415146,-0.42080469368964263
test,92,26,-0.002060101552068692,-0.4231228633798756
test,92,27,-0.0021432191121335165,-0.42488495715645824
test,92,28,-0.0022263366721983406,-0.4269372764313178
test,92,29,-0.002310073588150384,-0.4288221060603262
test,92,30,-0.0023938724396911494,-0.43038788484891777
test,92,31,-0.0024776712912319148,-0.43214699324149136
test,92,32,-0.0025607888512967393,-0.43384914255091106
test,92,33,-0.0026445257672487827,-0.4351794705213578
test,92,34,-0.002728324618789548,-0.4364860390685355
test,92,35,-0.0028127428262175328,-0.43787145395502725
test,92,36,-0.002896541677758298,-0.439092682781526
test,92,37,-0.002980340529299064,-0.4402237713590052
test,92,38,-0.0030640774452511074,-0.44137278974923444
test,92,39,-0.0031478762967918727,-0.4426184418620642
test,92,40,-0.003231675148332638,-0.44352956953198336
test,92,41,-0.0033160933557606228,-0.4446261743385759
test,92,42,-0.0033992109158254473,-0.4456452313430929
test,92,43,-0.003483629123253432,-0.44641453402043846
test,92,44,-0.0035681092662701386,-0.44727246118760444
test,92,45,-0.003651846182222182,-0.4481796391475965
test,92,46,-0.0037362643896501667,-0.4490036400970693
test,92,47,-0.003820063241190932,-0.4497659015644627
test,92,48,-0.0039044814486189168,-0.45051270868976934
test,92,49,-0.003988280300159682,-0.45129379286168136
test,92,50,-0.0040720172161117256,-0.4518955132540986
test,92,51,-0.00415643542353971,-0.45262581711386435
test,92,52,-0.004240234275080476,-0.45330180887090116
test,92,53,-0.004324033126621242,-0.45386485665079523
test,92,54,-0.0044084513340492265,-0.454493024550797
test,92,55,-0.004492869541477211,-0.4551552431165788
test,92,56,-0.0045766683930179766,-0.45569620253164556
test,92,57,-0.00466040530897002,-0.45625771437724366
test,92,58,-0.004744885451986727,-0.45692353278885867
test,92,59,-0.004829923015301931,-0.457396449704142
test,92,60,-0.004913721866842696,-0.45780145018351087
test,92,61,-0.004997458782794739,-0.4583454409369084
test,92,62,-0.005082558281698665,-0.45890915392280035
test,92,63,-0.005166295197650709,-0.45933063312726496
test,92,64,-0.005250775340667415,-0.45979182405775204
test,92,65,-0.0053351935480954,-0.46026301215873305
test,92,66,-0.005418992399636165,-0.4606924510945221
test,92,67,-0.00550341060706415,-0.4611010866514295
test,92,68,-0.005587209458604915,-0.46156520639737025
test,92,69,-0.0056716276660329,-0.4620266965718113
test,92,70,-0.005756045873460885,-0.4624331150536231
test,92,71,-0.0058404640808888695,-0.46282167726309414
test,92,72,-0.0059235816409536944,-0.4632908368912907
test,92,73,-0.006007999848381679,-0.4635755251087765
test,92,74,-0.006092479991398386,-0.4639487503540845
test,92,75,-0.0061768362632376485,-0.4643131015602044
test,92,76,-0.006261316406254355,-0.46461231620117266
test,92,77,-0.00634573461368234,-0.464983804311404
test,92,78,-0.006429533465223105,-0.465418383802186
test,92,79,-0.006513889737062368,-0.46571716319392464
test,92,80,-0.006597688588603133,-0.46599377734172875
test,92,81,-0.006682106796031118,-0.4663768500696887
test,92,82,-0.0067665869390478245,-0.466687646696301
test,92,83,-0.006850323854999868,-0.46694520015546054
test,92,84,-0.0069348039980165746,-0.4672738677385494
test,92,85,-0.007018540913968618,-0.4676598032703925
test,92,86,-0.007103021056985325,-0.46785457501015976
test,92,87,-0.007188058620300529,-0.4682406749281498
test,92,88,-0.007272476827728513,-0.46854911641776453
test,92,89,-0.007356213743680557,-0.4687717135831113
test,92,90,-0.007440074530810044,-0.46906705225797973
test,92,91,-0.007524430802649308,-0.4694059663388805
test,92,92,-0.007608910945666014,-0.4696378048495335
test,92,93,-0.007693267217505277,-0.4698939406206266
test,92,94,-0.007777747360521984,-0.4702200455424472
test,92,95,-0.007862165567949967,-0.47043604289094965
test,92,96,-0.007945964419490734,-0.4706653519485467
test,92,97,-0.008030382626918717,-0.4709966119739826
test,92,98,-0.008114181478459484,-0.4711655094815994
test,92,99,-0.008197918394411526,-0.47135017658245043
test,92,100,-0.008282398537428234,-0.4717004475428178
test,92,101,-0.008366754809267497,-0.471971750720346
test,92,102,-0.008451854308171422,-0.47211425376952004
test,92,103,-0.008535653159712189,-0.47244390590398194
test,92,104,-0.008619452011252953,-0.4726820335616297
test,92,105,-0.008703808283092217,-0.47281940402508504
test,92,106,-0.008788288426108922,-0.4731411460183728
test,92,107,-0.008872025342060967,-0.47338093322606595
test,92,108,-0.008957124840964892,-0.4734977931433012
test,92,109,-0.009041543048392877,-0.47376396951388067
test,92,110,-0.009125961255820861,-0.47406135665512317
test,92,111,-0.009210441398837569,-0.47417992854822993
test,92,112,-0.00929479767067683,-0.4744073871225006
test,92,113,-0.009378658457806319,-0.4746859553718536
test,92,114,-0.009462395373758361,-0.474805643535848
test,92,115,-0.009547494872662288,-0.4750331066948054
test,92,116,-0.00963123178861433,-0.4752946961648907
test,92,117,-0.009715711931631038,-0.47545213695656174
test,92,118,-0.0098000682034703,-0.4755802233785898
test,92,119,-0.009884548346487007,-0.47586917984153976
test,92,120,-0.009968966553914991,-0.47603351003237987
test,92,121,-0.010052765405455757,-0.4762019134542252
test,92,122,-0.01013712167729502,-0.47653772007605333
test,92,123,-0.010220982464424508,-0.4767122328601684
test,92,124,-0.010305338736263771,-0.4768064170287386
test,92,125,-0.010389818879280477,-0.47707338497509055
test,92,126,-0.01047417515111974,-0.47721039906364
test,92,127,-0.010558655294136446,-0.47730672893948317
test,92,128,-0.01064239221008849,-0.47760283938468784
test,92,129,-0.010726872353105196,-0.4777922435592499
test,92,130,-0.010811971852009123,-0.4778698401262096
test,92,131,-0.010896390059437107,-0.4781270545693623
test,92,132,-0.010980188910977873,-0.4783732861349233
test,92,133,-0.011065226474293076,-0.47843826146087154
test,92,134,-0.011149025325833842,-0.4786617333349403
test,92,135,-0.011233443533261826,-0.47892092355544924
test,92,136,-0.011317861740689812,-0.47897839055343777
test,92,137,-0.011402279948117796,-0.4791981860551021
test,92,138,-0.011486078799658562,-0.4794173181655041
test,92,139,-0.011570497007086546,-0.4794949260206058
test,92,140,-0.011654915214514531,-0.47968326975141523
test,92,141,-0.011739333421942515,-0.4799644117242749
test,92,142,-0.01182437098525772,-0.4800386751853186
test,92,143,-0.011908851128274426,-0.48018389108105664
test,92,144,-0.01199258804422647,-0.4804539251060966
test,92,145,-0.012077068187243176,-0.48051808199746754
test,92,146,-0.012161486394671161,-0.4806383088576971
test,92,147,-0.012245285246211926,-0.480923356434338
test,92,148,-0.012329703453639911,-0.4810027105200924
test,92,149,-0.012414121661067895,-0.4810993458855842
test,92,150,-0.01249785857701994,-0.481407955198162
test,92,151,-0.012582338720036647,-0.48151106768279417
test,92,152,-0.01266675692746463,-0.4815701835187416
test,92,153,-0.012750555779005397,-0.481852099538911
test,93,0,0.0,
test,93,1,-6.900563294490799e-05,0.13020277481323372
test,93,2,-0.00013526750314846775,0.02774813233724653
test,93,3,-0.00019851123433654446,-0.054616616260451875
test,93,4,-0.00026182355959315486,-0.11069668309577728
test,93,5,-0.0003243813500958945,-0.15065432492818384
test,93,6,-0.00038913415079171274,-0.17966191698380388
test,93,7,-0.0004531324167336602,-0.2030906749488675
test,93,8,-0.0005178852174294784,-0.22173653884363204
test,93,9,-0.0005826380181252966,-0.23675389591296678
test,93,10,-0.0006480767595064519,-0.2498942246668077
test,93,11,-0.0007128295602022702,-0.2616508119534928
test,93,12,-0.0007775137668295547,-0.2714587551721102
test,93,13,-0.0008430211022792437,-0.28051652724762444
test,93,14,-0.0009084598436603989,-0.2883897953800354
test,93,15,-0.0009738985850415543,-0.29501107478114125
test,93,16,-0.0010393373264227096,-0.30095551894563427
test,93,17,-0.0011047760678038648,-0.30617115581316057
test,93,18,-0.0011709693439388908,-0.31122299631169137
test,93,19,-0.0012364080853200462,-0.3158609601951436
test,93,20,-0.0013019154207697353,-0.3198725879906284
test,93,21,-0.0013680401028362277,-0.3238257556769763
test,93,22,-0.0014334788442173828,-0.3272418494510489
test,93,23,-0.0014989175855985382,-0.3305047917476727
test,93,24,-0.0015651108617335643,-0.3335817133840321
test,93,25,-0.0016313041378685903,-0.33655181118263283
test,93,26,-0.0016967428792497455,-0.3391845979614949
test,93,27,-0.0017629361553847716,-0.34175071064210893
test,93,28,-0.001828374896765927,-0.344165962639632
test,93,29,-0.00189525411358629,-0.34617615077926783
test,93,30,-0.0019606928549674454,-0.34821068857398096
test,93,31,-0.002026886131102471,-0.3500855975727579
test,93,32,-0.0020930794072374975,-0.35186036583363434
test,93,33,-0.0021585181486186524,-0.3536725142475087
test,93,34,-0.0022247114247536787,-0.3552613283482936
test,93,35,-0.002290836106820171,-0.35672804213748704
test,93,36,-0.002357029382955197,-0.358225502924915
test,93,37,-0.0024224681243363525,-0.35979902350403087
test,93,38,-0.0024886614004713784,-0.36112147466456634
test,93,39,-0.0025548546766064047,-0.3623243039474393
test,93,40,-0.0026202934179875596,-0.36363278378662184
test,93,41,-0.002686418100054052,-0.36480620750585796
test,93,42,-0.002753365910942949,-0.36594968191873617
test,93,43,-0.0028194905930094415,-0.36702880859375
test,93,44,-0.0028856838691444673,-0.36802929633915044
test,93,45,-0.0029511912045941564,-0.36913495293966714
test,93,46,-0.0030180018273459857,-0.3699719363891487
test,93,47,-0.0030841951034810116,-0.37089138978206504
test,93,48,-0.0031497024389307007,-0.37173530408544786
test,93,49,-0.0032158271209971933,-0.37263868065967015
test,93,50,-0.003282020397132219,-0.37342330052259326
test,93,51,-0.0033481450791987117,-0.3742940323227751
test,93,52,-0.0034143383553337375,-0.3751425083487192
test,93,53,-0.0034812175721541006,-0.3759576363456399
test,93,54,-0.0035467249076037897,-0.3766891071411224
test,93,55,-0.003613535530355619,-0.3773449943252806
test,93,56,-0.003678288331051437,-0.3780839624585527
test,93,57,-0.003745236141940334,-0.37868428559597317
test,93,58,-0.0038113608240068265,-0.37934838633835805
test,93,59,-0.0038775541001418523,-0.3800257789235077
test,93,60,-0.003943747376276879,-0.38062689019806656
test,93,61,-0.004009186117658034,-0.38119884448724123
test,93,62,-0.004075996740409863,-0.3817382110382745
test,93,63,-0.004142258610613423,-0.38232576722351236
test,93,64,-0.004207697351994578,-0.3829445550557563
test,93,65,-0.004274576568814942,-0.3835585494735993
test,93,66,-0.004340769844949967,-0.38411243167662384
test,93,67,-0.004407580467701797,-0.3846617365105451
test,93,68,-0.004473087803151486,-0.3851480033617851
test,93,69,-0.004539281079286512,-0.3856172398595766
test,93,70,-0.004605405761353004,-0.3860960484136733
test,93,71,-0.004670913096802693,-0.38656821118700385
test,93,72,-0.0047377923136230566,-0.3869840322122631
test,93,73,-0.004803916995689549,-0.3874159820761762
test,93,74,-0.0048701102718245745,-0.3878625164699715
test,93,75,-0.004935617607274264,-0.38833478944609473
test,93,76,-0.005002428230026093,-0.388803056846868
test,93,77,-0.0050686901002296525,-0.3892213123123736
test,93,78,-0.005134814782296145,-0.38965943606698383
test,93,79,-0.0052016939991165086,-0.39005473544534747
test,93,80,-0.005267201334566198,-0.39047001323427283
test,93,81,-0.005333326016632689,-0.39089050225828575
test,93,82,-0.0054002738275215866,-0.3912448787845862
test,93,83,-0.005465643974834208,-0.39166729812331086
test,93,84,-0.0055318372509692345,-0.3920077364611929
test,93,85,-0.00559803052710426,-0.3923249089014533
test,93,86,-0.005664223803239286,-0.392719162472121
test,93,87,-0.005730348485305779,-0.39311142433770646
test,93,88,-0.005796473167372271,-0.39344350156319785
test,93,89,-0.0058627350375758305,-0.39379647784077865
test,93,90,-0.00592954566032766,-0.39415323167572036
test,93,91,-0.005995052995777349,-0.39447105972314994
test,93,92,-0.006061246271912376,-0.3948011413795657
test,93,93,-0.006127370953978867,-0.3951545201002902
test,93,94,-0.006193564230113894,-0.3954893588557286
test,93,95,-0.00625975750624892,-0.3957553127533658
test,93,96,-0.0063266367230692825,-0.39605505889030795
test,93,97,-0.006392829999204309,-0.39635727249157376
test,93,98,-0.006458268740585464,-0.39667035557907904
test,93,99,-0.006524393422651957,-0.39698130781769303
test,93,100,-0.006590586698786982,-0.3973008230603595
test,93,101,-0.0066582204503612165,-0.39759423612587985
test,93,102,-0.006723659191742372,-0.3978839239856189
test,93,103,-0.006789852467877397,-0.3981781469180573
test,93,104,-0.00685597714994389,-0.39845158820507137
test,93,105,-0.006922170426078916,-0.3987307669280967
test,93,106,-0.0069876091674600715,-0.39900567339435034
test,93,107,-0.007053802443595098,-0.39927347853971146
test,93,108,-0.007120750254483994,-0.3995479524477017
test,93,109,-0.007186120401796616,-0.3998183408463971
test,93,110,-0.007252313677931642,-0.4000723819864093
test,93,111,-0.007318438359998135,-0.40036241287698254
test,93,112,-0.007385386170887031,-0.4006107769868959
test,93,113,-0.007450824912268186,-0.4009205695850484
test,93,114,-0.007517018188403213,-0.4011431301918694
test,93,115,-0.007583211464538238,-0.4013854856487006
test,93,116,-0.007650022087290068,-0.40161551034414256
test,93,117,-0.007716283957493628,-0.40185773758897
test,93,118,-0.007781722698874783,-0.40211539229741544
test,93,119,-0.007847847380941275,-0.4023088162805436
test,93,120,-0.007913972063007767,-0.4025619203491544
test,93,121,-0.007980233933211327,-0.4028029657073853
test,93,122,-0.00804711315003169,-0.40306157491672107
test,93,123,-0.008113306426166717,-0.40332606696413364
test,93,124,-0.008179431108233208,-0.4035771602331278
test,93,125,-0.0082455557902997,-0.40381328238902015
test,93,126,-0.00831181766050326,-0.4040414115847703
test,93,127,-0.008377942342569753,-0.40426023206142125
test,93,128,-0.008444135618704779,-0.4044953013709278
test,93,129,-0.008509642954154469,-0.4047177355518841
test,93,130,-0.008575767636220961,-0.4049255210305408
test,93,131,-0.008641892318287454,-0.4051204157090037
test,93,132,-0.008708840129176349,-0.4053640211514279
test,93,133,-0.008774278870557504,-0.4056268381122612
test,93,134,-0.008840403552623997,-0.40582932480960326
test,93,135,-0.008906665422827557,-0.40604285852807137
test,93,136,-0.00897279010489405,-0.4062678062678063
test,93,137,-0.009038914786960542,-0.4064833711695598
test,93,138,-0.009105176657164102,-0.4066866740777557
test,93,139,-0.009171301339230595,-0.4068555070061775
test,94,0,0.0,
test,94,1,-6.100834008604276e-05,0.15092348284960422
test,94,2,-0.00012069693240227927,0.06088560885608856
test,94,3,-0.00017984562790359507,-0.015308815766320606
test,94,4,-0.00023779455270508701,-0.07277770439836218
test,94,5,-0.0002962233857865085,-0.11594968819363703
test,94,6,-0.0003541123220530092,-0.14861172322609079
test,94,7,-0.0004126011436694219,-0.17312778659412076
test,94,8,-0.0004711499538208258,-0.1925009919322841
test,94,9,-0.0005296387754372384,-0.2077922077922078
test,94,10,-0.0005875277117037391,-0.22109994711792702
test,94,11,-0.0006460165333201518,-0.23244749867845643
test,94,12,-0.0007045053549365645,-0.24198520345252775
test,94,13,-0.0007629941765529772,-0.24993903925871738
test,94,14,-0.0008220828835193018,-0.2574888704444277
test,94,15,-0.0008806316936707056,-0.2643455607970147
test,94,16,-0.0009391205152871183,-0.2701392096061226
test,94,17,-0.000997609336903531,-0.2753632186762697
test,94,18,-0.0010560981585199436,-0.28018643918740654
test,94,19,-0.0011152468540212594,-0.2846751804553026
test,94,20,-0.001173735675637672,-0.28874297919468395
test,94,21,-0.0012328843711389879,-0.2924324595761776
test,94,22,-0.0012913731927554006,-0.2958738678295874
test,94,23,-0.0013498620143718133,-0.29917272039782755
test,94,24,-0.001408350835988226,-0.3022944340761884
test,94,25,-0.0014674995314895418,-0.3048215113583681
test,94,26,-0.0015259883531059545,-0.3073322932917317
test,94,27,-0.0015845371632573582,-0.3099446004993758
test,94,28,-0.001643625870223683,-0.31242358694629924
test,94,29,-0.0017021146918400954,-0.31436457066075935
test,94,30,-0.0017612633873414112,-0.3161460161460162
test,94,31,-0.001819752208957824,-0.31809999320698323
test,94,32,-0.0018788409159241485,-0.32002039708519076
test,94,33,-0.0019373897260755524,-0.32165300328559127
test,94,34,-0.001995878547691965,-0.3231857366164704
test,94,35,-0.0020550272431932807,-0.3247489325876481
test,94,36,-0.0021141159501596057,-0.32618195104128606
test,94,37,-0.0021726647603110094,-0.32757443904103745
test,94,38,-0.0022310935933924306,-0.32882041059290945
test,94,39,-0.0022909021627786495,-0.3300517855216312
test,94,40,-0.0023487910990451504,-0.33134787582343894
test,94,41,-0.0024085396798963783,-0.33247816103749506
test,94,42,-0.0024669685129777995,-0.333567064008815
test,94,43,-0.0025255173231292036,-0.3345602621796126
test,94,44,-0.0025846660186305192,-0.33569550669216064
test,94,45,-0.002643154840246932,-0.3366593447679581
test,94,46,-0.0027016436618633446,-0.33754285714285714
test,94,47,-0.0027601324834797573,-0.3384821877971031
test,94,48,-0.0028192811789810733,-0.3394587846199336
test,94,49,-0.002878369885947398,-0.34033446681612906
test,94,50,-0.0029369186960988016,-0.34107345582979437
test,94,51,-0.002996067391600117,-0.3418625501087192
test,94,52,-0.003054496224681539,-0.3427121864451317
test,94,53,-0.0031130450348329426,-0.34347731239092494
test,94,54,-0.0031721937303342586,-0.34408696329168126
test,94,55,-0.00323062256341568,-0.34471557143676074
test,94,56,-0.003289771258916996,-0.3455280738627834
test,94,57,-0.0033489199544183114,-0.3462353895505328
test,94,58,-0.0034067489021498212,-0.3468280354020781
test,94,59,-0.003465897597651137,-0.3474714373491723
test,94,60,-0.003525046293152453,-0.34815729333578505
test,94,61,-0.003582875240883962,-0.34881497812532297
test,94,62,-0.0036420239363852782,-0.34941790513633053
test,94,63,-0.003700512758001691,-0.34997998732530605
test,94,64,-0.003759001579618103,-0.350539664300078
test,94,65,-0.003818150275119419,-0.3510962413428047
test,94,66,-0.00387603921138592,-0.35156946389914684
test,94,67,-0.003935187906887236,-0.3520280970225309
test,94,68,-0.003993676728503649,-0.3526462954952728
test,94,69,-0.004052165550120061,-0.3532187959107552
test,94,70,-0.004110654371736474,-0.3536641181281372
test,94,71,-0.00416980306723779,-0.3540877618653095
test,94,72,-0.004228291888854202,-0.35456010970815005
test,94,73,-0.004286780710470615,-0.35501694256793215
test,94,74,-0.004345269532087028,-0.3553874431378672
test,94,75,-0.004404418227588343,-0.35577899299112864
test,94,76,-0.004462307163854844,-0.3562766464666008
test,94,77,-0.00452145585935616,-0.35675314401069375
test,94,78,-0.00457928480708767,-0.35717555812888807
test,94,79,-0.004637773628704082,-0.3575103359344881
test,94,80,-0.004696862335670407,-0.35791505031211235
test,94,81,-0.0047554111458218105,-0.3583259323605106
test,94,82,-0.004813959955973214,-0.3587126354345432
test,94,83,-0.004872388789054636,-0.35899869047844984
test,94,84,-0.00493093759920604,-0.359426178272284
test,94,85,-0.004989366432287461,-0.35982333137721223
test,94,86,-0.005047915242438865,-0.36015531514811105
test,94,87,-0.005107063937940181,-0.36046371284081447
test,94,88,-0.005165552759556593,-0.3608197601575085
test,94,89,-0.005224041581173006,-0.36126333921271364
test,94,90,-0.005283190276674322,-0.3616190959522601
test,94,91,-0.005341619109755743,-0.36188514659559
test,94,92,-0.005399568034557235,-0.36219627714817226
test,94,93,-0.00545865674152356,-0.3625869309971098
test,94,94,-0.005517145563139972,-0.36289309229815536
test,94,95,-0.005575694373291377,-0.3631943063015273
test,94,96,-0.005634123206372798,-0.36353693880899
test,94,97,-0.0056926720165242015,-0.3638744872225048
test,94,98,-0.005751160838140614,-0.364157421939866
test,94,99,-0.005809649659757027,-0.3644110036480869
test,94,100,-0.005868798355258343,-0.3646924195419495
test,94,101,-0.005926627302989852,-0.3650400968769652
test,94,102,-0.005985176113141257,-0.36535146178666816
test,94,103,-0.0060436649347576695,-0.36558317789397504
test,94,104,-0.006102753641723994,-0.3658543971573932
test,94,105,-0.006160702566525486,-0.36615360004799063
test,94,106,-0.0062197312849568195,-0.3664296396066275
test,94,107,-0.006278280095108223,-0.36667010041254006
test,94,108,-0.006336828905259627,-0.3669244115688743
test,94,109,-0.006395257738341049,-0.36726537294746475
test,94,110,-0.006453806548492452,-0.3675385775224499
test,94,111,-0.006512235381573874,-0.36778022081944345
test,94,112,-0.006570784191725278,-0.3680419521430647
test,94,113,-0.00662927301334169,-0.36833598082657526
test,94,114,-0.006687761834958103,-0.36863259668508286
test,94,115,-0.006746310645109507,-0.36882170924724117
test,94,116,-0.006804139592841017,-0.36906496303468495
test,94,117,-0.006863288288342332,-0.3693349781316586
test,94,118,-0.006921777109958745,-0.36962593959880796
test,94,119,-0.0069802659315751575,-0.36983818256393974
test,94,120,-0.007038814741726561,-0.3700703717148568
test,94,121,-0.007097243574807983,-0.3703367959922795
test,94,122,-0.007155132511074484,-0.3705948652648243
test,94,123,-0.007214281206575799,-0.37083340444778207
test,94,124,-0.007272770028192212,-0.3710384641430216
test,94,125,-0.007330658964458713,-0.3712585912276061
test,94,126,-0.0073891477860751256,-0.3715106834936899
test,94,127,-0.007447636607691538,-0.3717102680545282
test,94,128,-0.007506125429307951,-0.3719705946265083
test,94,129,-0.007564674239459355,-0.3721974736071276
test,94,130,-0.007623762946425679,-0.3724416060456817
test,94,131,-0.00768165188269218,-0.3726454021745227
test,94,132,-0.007740140704308593,-0.37282926751693646
test,94,133,-0.007798629525925005,-0.37305771036703256
test,94,134,-0.00785717833607641,-0.37330330918347365
test,94,135,-0.00791560716915783,-0.3735325672881066
test,94,136,-0.007973556093959323,-0.37373678910021185
test,94,137,-0.008031984927040743,-0.37396626945366934
test,94,138,-0.00809113362254206,-0.3741981115932054
test,94,139,-0.008149622444158473,-0.3744072787677439
test,94,140,-0.008207511380424973,-0.3745900256761062
test,94,141,-0.008266000202041386,-0.3747813530431935
test,94,142,-0.008324489023657799,-0.3750346453608476
test,94,143,-0.008383037833809202,-0.37521742640529016
test,94,144,-0.008440866781540712,-0.3753685138823598
test,94,145,-0.008499415591692115,-0.37558581804627195
test,94,146,-0.008557844424773538,-0.375805083527416
test,94,147,-0.008615793349575029,-0.3760352114687152
test,94,148,-0.008674222182656451,-0.3762210190789217
test,94,149,-0.008732770992807854,-0.37641664260105795
test,94,150,-0.008791199825889277,-0.376642003813122
test,94,151,-0.008849148750690768,-0.3768248397129602
test,94,152,-0.00890757758377219,-0.3769651943963047
test,94,153,-0.008966126393923593,-0.37715937814025113
test,94,154,-0.009023955341655104,-0.3773698055089886
test,94,155,-0.009083104037156418,-0.3775686380717018
test,94,156,-0.009141652847307823,-0.37775146655185404
test,94,157,-0.009200081680389244,-0.37791896579959694
test,95,0,0.0,
test,95,1,-6.560765710884879e-05,0.16539717083786726
test,95,2,-0.00013323790094937692,0.0779467680608365
test,95,3,-0.00020150020314355487,0.0048851094626379595
test,95,4,-0.000269130446984083,-0.04381548510001361
test,95,5,-0.00033739274917826093,-0.07880375463872517
test,95,6,-0.00040565505137243885,-0.10546946216955333
test,95,7,-0.0004745494119202666,-0.12588999295829748
test,95,8,-0.0005434437724680944,-0.14234728894989704
test,95,9,-0.0006117060746622723,-0.15578780100232245
test,95,10,-0.00068072684688083,-0.1664554520910243
test,95,11,-0.0007489259432396429,-0.17580653253725353
test,95,12,-0.0008185155679764854,-0.18467348254582297
test,95,13,-0.0008881683985486929,-0.1922683923705722
test,95,14,-0.0009563674949075059,-0.19917669411019634
test,95,15,-0.0010246930029370487,-0.20529703336539173
test,95,16,-0.0010942194218385264,-0.21092474910580963
test,95,17,-0.0011638090465753688,-0.215907603716791
test,95,18,-0.0012321345546049117,-0.22060688545887594
test,95,19,-0.0013016609735063893,-0.22500219986507494
test,95,20,-0.001369923275700567,-0.22872206879236756
test,95,21,-0.0014395761062727746,-0.23249754048233134
test,95,22,-0.0015084704668206024,-0.23569904490957122
test,95,23,-0.0015767327690147802,-0.23888254030003161
test,95,24,-0.0016463223937516229,-0.24193736445677774
test,95,25,-0.0017152799601348155,-0.24457288796290072
test,95,26,-0.0017841743206826433,-0.24707378586363735
test,95,27,-0.001853068681230471,-0.24954307551715543
test,95,28,-0.0019220262476136636,-0.2517384421153885
test,95,29,-0.0019909838139968565,-0.2539058718757865
test,95,30,-0.002060573438733699,-0.2559123677558281
test,95,31,-0.0021287725350925117,-0.25789082470675684
test,95,32,-0.0021977301014757047,-0.2595761877987068
test,95,33,-0.002267319726212547,-0.26124529138045643
test,95,34,-0.0023362772925957396,-0.2629479433915418
test,95,35,-0.0024051716531435677,-0.2644499139359426
test,95,36,-0.0024741292195267603,-0.26586674592869547
test,95,37,-0.002543023580074588,-0.2674473495865629
test,95,38,-0.0026119811464577806,-0.2688719127790551
test,95,39,-0.0026815707711946232,-0.27015382835993523
test,95,40,-0.0027492010150351512,-0.2714132611332036
test,95,41,-0.002818095375582979,-0.2725859055692405
test,95,42,-0.0028876850003198215,-0.2738096837918106
test,95,43,-0.0029558840966786345,-0.2749533888290749
test,95,44,-0.0030255369272508418,-0.2758833117291477
test,95,45,-0.00309443128779867,-0.2769109099810447
test,95,46,-0.0031633888541818624,-0.2778630830272581
test,95,47,-0.0032316511563760405,-0.2787652123719275
test,95,48,-0.003300608722759233,-0.2797088304927031
test,95,49,-0.0033701351416607107,-0.28051609329378774
test,95,50,-0.0034390927080439034,-0.2814235777232259
test,95,51,-0.003508050274427096,-0.28227372064386586
test,95,52,-0.003576312576621274,-0.2830884753509631
test,95,53,-0.0036452069371691017,-0.2838514689705992
test,95,54,-0.003714859767741309,-0.284650948242423
test,95,55,-0.003783754128289137,-0.28536133415688697
test,95,56,-0.003852016430483315,-0.2861144822006472
test,95,57,-0.003920910791031142,-0.28680884048177446
test,95,58,-0.003989868357414335,-0.28746837545055826
test,95,59,-0.004059457982151178,-0.28814405762304923
test,95,60,-0.004127720284345356,-0.288757072286084
test,95,61,-0.004197246703246833,-0.2892812340287135
test,95,62,-0.004265572211276376,-0.2898916472363188
test,95,63,-0.004335161836013218,-0.29050867593059254
test,95,64,-0.0044034241382073964,-0.2910091352927104
test,95,65,-0.004472318498755224,-0.2915394146699011
test,95,66,-0.004541276065138417,-0.2921443919209282
test,95,67,-0.004609538367332595,-0.29273538651740577
test,95,68,-0.004679127992069438,-0.2932645772838023
test,95,69,-0.004748022352617265,-0.29382494695112926
test,95,70,-0.0048162846548114435,-0.2943899848377969
test,95,71,-0.004885937485383651,-0.29482966765004515
test,95,72,-0.004954136581742464,-0.29533752296543947
test,95,73,-0.005023726206479306,-0.29574780856971744
test,95,74,-0.005092683772862499,-0.29622751550125853
test,95,75,-0.005160946075056677,-0.2966437972344647
test,95,76,-0.005229903641439869,-0.2970815739322148
test,95,77,-0.005299430060341347,-0.29748292193516973
test,95,78,-0.00536838762672454,-0.2979256496911782
test,95,79,-0.005436649928918717,-0.2983846607499892
test,95,80,-0.005505607495301911,-0.29881310064139444
test,95,81,-0.005574501855849738,-0.2992289504886588
test,95,82,-0.005643396216397566,-0.2996368122652102
test,95,83,-0.005713049046969773,-0.29998561909783805
test,95,84,-0.005781311349163951,-0.30042500203026445
test,95,85,-0.005850205709711779,-0.3008226874456558
test,95,86,-0.005918468011905957,-0.30116754155152126
test,95,87,-0.005987425578289149,-0.30153397690211176
test,95,88,-0.006056383144672342,-0.3018636269644334
test,95,89,-0.00612527750522017,-0.30220714157912226
test,95,90,-0.006194171865767997,-0.30258983530720324
test,95,91,-0.006263129432151191,-0.3029359736468706
test,95,92,-0.006331391734345368,-0.3032375346260388
test,95,93,-0.006400349300728561,-0.3035988474879029
test,95,94,-0.006469875719630039,-0.30396939726657546
test,95,95,-0.006538833286013231,-0.30434782608695654
test,95,96,-0.006607095588207409,-0.30465786229135056
test,95,97,-0.006676053154590602,-0.30500797897305926
test,95,98,-0.00674494751513843,-0.3053143856022022
test,95,99,-0.006813209817332608,-0.305597396773563
test,95,100,-0.00688279944206945,-0.3059106795232295
test,95,101,-0.006951061744263628,-0.3062069898381888
test,95,102,-0.0070200193106468205,-0.3065245297761902
test,95,103,-0.0070882816128409985,-0.3068164230913794
test,95,104,-0.007157808031742477,-0.3070606204937014
test,95,105,-0.007226765598125669,-0.307365270110517
test,95,106,-0.007295723164508862,-0.3076547030035402
test,95,107,-0.00736398546670304,-0.30796414961786556
test,95,108,-0.0074328798272508675,-0.30825533261265065
test,95,109,-0.00750183739363406,-0.3085681143669272
test,95,110,-0.007570794960017253,-0.30884660194174757
test,95,111,-0.00763968932056508,-0.3091816940872189
test,95,112,-0.0077079516227592584,-0.3094282618978592
test,95,113,-0.007776845983307086,-0.30970734289531393
test,95,114,-0.00784580354969028,-0.30997036526189015
test,95,115,-0.007914697910238107,-0.3102281453590626
test,95,116,-0.007983655476621299,-0.31046864025070114
test,95,117,-0.008052549837169127,-0.31074249758929356
test,95,118,-0.008120812139363305,-0.31099575043461464
test,95,119,-0.008189769705746497,-0.31127797225401416
test,95,120,-0.008258032007940676,-0.31152110936980576
test,95,121,-0.008327621632677518,-0.3117940747020866
test,95,122,-0.008396515993225346,-0.3120377853875945
test,95,123,-0.008464778295419523,-0.3122807505340766
test,95,124,-0.008533735861802717,-0.31255544982738726
test,95,125,-0.008602693428185908,-0.3127875849929087
test,95,126,-0.008671587788733736,-0.31302821361999383
test,95,127,-0.008740482149281565,-0.3132681551707111
test,95,128,-0.008808744451475743,-0.31349771949828964
test,95,129,-0.008877702017858936,-0.313728956638189
test,95,130,-0.008946659584242128,-0.3139388516817761
test,95,131,-0.009015553944789955,-0.31418473364178856
test,95,132,-0.009084511511173149,-0.31443690872175906
test,95,133,-0.009152710607531962,-0.3146796779200288
test,95,134,-0.009221668173915154,-0.3149087566389759
test,95,135,-0.009289993681944697,-0.31513758754995314
test,95,136,-0.009359520100846175,-0.31539087333204735
test,95,137,-0.009428414461394002,-0.31559753716524225
test,95,138,-0.00949667676358818,-0.31582036254825296
test,95,139,-0.009565697535806737,-0.3160397876024851
test,95,140,-0.009634591896354565,-0.3162603845385985
test,95,141,-0.009703486256902392,-0.316475105085788
test,95,142,-0.009771748559096571,-0.3166830036476997
test,95,143,-0.009840706125479763,-0.3168905360498191
test,95,144,-0.009909663691862957,-0.31709935700617636
test,95,145,-0.009978558052410784,-0.31731960953269045
test,95,146,-0.010046820354604961,-0.3175547878825773
test,95,147,-0.01011508265679914,-0.3177703945785237
test,95,148,-0.010184672281535983,-0.3179906316864892
test,95,149,-0.010253629847919176,-0.31818791046776573
test,95,150,-0.010321892150113353,-0.31840194165154506
test,96,0,0.0,
test,96,1,-6.262649907784239e-05,0.22978039635779324
test,96,2,-0.00012666033521361382,0.21543408360128619
test,96,3,-0.00019245334267179657,0.20758090470230645
test,96,4,-0.00025754268160101476,0.19954405256805685
test,96,5,-0.000324039357588162,0.19453083109919572
test,96,6,-0.0003910051459279523,0.19233175440164446
test,96,7,-0.0004567981533861351,0.18988505747126436
test,96,8,-0.0005238812198140861,0.18813275226282267
test,96,9,-0.0005902606177130725,0.18704178339393218
test,96,10,-0.0006572264060528629,0.18584688019743548
test,96,11,-0.0007231366915992064,0.1845838818195115
test,96,12,-0.0007895160894981929,0.18415407989990168
test,96,13,-0.0008558954873971793,0.18352106283780997
test,96,14,-0.0009228612757369697,0.18285955099226112
test,96,15,-0.0009899443421649207,0.18288104687332404
test,96,16,-0.0010563237400639071,0.18242767590761289
test,96,17,-0.0011228204160510544,0.1820591297762913
test,96,18,-0.001189199813950041,0.18205930561764266
test,96,19,-0.0012555792118490274,0.18170012139691144
test,96,20,-0.0013226622782769786,0.18127933485315811
test,96,21,-0.001389041676175965,0.18129805113534775
test,96,22,-0.0014554210740749514,0.18098488542174548
test,96,23,-0.001521800471973938,0.18058632833453833
test,96,24,-0.0015881798698729245,0.1807759352791311
test,96,25,-0.0016552629363008756,0.18056985925163063
test,96,26,-0.001721642334199862,0.1804695881818932
test,96,27,-0.0017880217320988484,0.18049788409194764
test,96,28,-0.001854401129997835,0.18031687644883806
test,96,29,-0.001921484196425786,0.18019900865576682
test,96,30,-0.0019878635943247724,0.18020241032793333
test,96,31,-0.002053656601782955,0.180109713257307
test,96,32,-0.0021201532777701025,0.180056330472103
test,96,33,-0.002186532675669089,0.1800019507120099
test,96,34,-0.0022534984640088795,0.17992489981382728
test,96,35,-0.0023199951399960265,0.1797992183309066
test,96,36,-0.0023869609283358167,0.17983220826441354
test,96,37,-0.0024533403262348035,0.1796262197155326
test,96,38,-0.0025191333336929862,0.17966202193892677
test,96,39,-0.0025855127315919726,0.1796074439844298
test,96,40,-0.0026514230171383163,0.1795442657689677
test,96,41,-0.0027178024150373028,0.17956166175989532
test,96,42,-0.002784768203377093,0.1795212426232021
test,96,43,-0.0028511476012760793,0.17935697977617807
test,96,44,-0.0029176442772632268,0.17941402392186986
test,96,45,-0.002983320006633249,0.17933830104321907
test,96,46,-0.0030496994045322353,0.1791845493562232
test,96,47,-0.003116782470960186,0.17933293763126656
test,96,48,-0.003183161868859173,0.17930032413099362
test,96,49,-0.003249072154405516,0.17920138394665674
test,96,50,-0.0033154515523045026,0.17919720168671338
test,96,51,-0.003382417340644293,0.1790936441480297
test,96,52,-0.003448210348102476,0.1790972401341243
test,96,53,-0.0035145897460014622,0.17914013544840712
test,96,54,-0.0035816728124294134,0.1790344854993989
test,96,55,-0.003647348541799435,0.17899819538604106
test,96,56,-0.0037144316082273862,0.17900152329491564
test,96,57,-0.0037808110061263727,0.1788524528443959
test,96,58,-0.0038467212916727164,0.1788958576159553
test,96,59,-0.003913100689571703,0.17893808367660566
test,96,60,-0.003979480087470689,0.17881446110649105
test,96,61,-0.004045155816840711,0.17886829628717443
test,96,62,-0.004112238883268662,0.1788681204569055
test,96,63,-0.004178031890726845,0.1787785622429079
test,96,64,-0.004244528566713993,0.17886724120586164
test,96,65,-0.004310907964612979,0.17878427682300696
test,96,66,-0.004376583693983001,0.17869133654713806
test,96,67,-0.0044429630918819876,0.17870527563342836
test,96,68,-0.004509577045957295,0.1786506126764453
test,96,69,-0.004576425556208925,0.17861447422648347
test,96,70,-0.004642335841755268,0.17866860843904495
test,96,71,-0.004708715239654255,0.17860570564897033
test,96,72,-0.004775094637553242,0.17859618007168887
test,96,73,-0.004841474035452228,0.17859820365443133
test,96,74,-0.0049078534333512145,0.1785105750476729
test,96,75,-0.004973763718897558,0.17854102430195373
test,96,76,-0.005040143116796544,0.17853537314591908
test,96,77,-0.005107226183224496,0.1784840735036898
test,96,78,-0.005173605581123482,0.17845571797076526
test,96,79,-0.0052392813104935035,0.17845305368398173
test,96,80,-0.005305191596039848,0.1784037558685446
test,96,81,-0.005371570993938834,0.1784079542669396
test,96,82,-0.005437246723308856,0.1783805005725503
test,96,83,-0.005503743399296003,0.17832369007983967
test,96,84,-0.005570709187635793,0.17833052276559866
test,96,85,-0.0056366194731821365,0.17828938646937398
test,96,86,-0.005702998871081123,0.1782715032630804
test,96,87,-0.00576937826898011,0.17830160169235418
test,96,88,-0.005835757666879097,0.1781875163864957
test,96,89,-0.005902137064778083,0.1782402662390122
test,96,90,-0.0059685164626770695,0.17821286337729234
test,96,91,-0.006034426748223413,0.17815448113207547
test,96,92,-0.006101392536563203,0.1781739921612542
test,96,93,-0.006167185544021386,0.17810677174985431
test,96,94,-0.006233564941920372,0.17808766532145284
test,96,95,-0.006299944339819359,0.17812118747458316
test,96,96,-0.006365854625365703,0.1780286728334684
test,96,97,-0.006432234023264689,0.17803702904683671
test,96,98,-0.006498613421163675,0.17808901713215688
test,96,99,-0.006564992819062662,0.178
test,96,100,-0.006631372216961648,0.17800934744930538
test,96,101,-0.0066972825025079915,0.17796065389131208
test,96,102,-0.006763661900406979,0.17793057009537538
test,96,103,-0.006830041298305965,0.17793788975196537
test,96,104,-0.006896420696204952,0.1779076846873807
test,96,105,-0.006962800094103938,0.17787294497621103
test,96,106,-0.00702859310156212,0.17786237129579946
test,96,107,-0.007095089777549268,0.17778535572617082
test,96,108,-0.00716076550691929,0.17780593232970637
test,96,109,-0.007227848573347241,0.17780786176680533
test,96,110,-0.007293641580805424,0.17772281816008859
test,96,111,-0.00736002097870441,0.1777456577541658
test,96,112,-0.007426986767044201,0.17771006410440682
test,96,113,-0.007492897052590544,0.17764851132532408
test,96,114,-0.00755927645048953,0.17769441136460987
test,96,115,-0.0076250694579477135,0.17762421143006457
test,96,116,-0.0076914488558467,0.1776246096912224
test,96,117,-0.00775841464418649,0.17761715632768
test,96,118,-0.007824324929732833,0.17756626845716936
test,96,119,-0.00789070432763182,0.177579870583726
test,96,120,-0.007956497335090002,0.1775387917542369
test,96,121,-0.008023463123429792,0.17751198506357294
test,96,122,-0.008089373408976136,0.17753889326289954
test,96,123,-0.008155752806875123,0.17747374758416698
test,96,124,-0.00822213220477411,0.1774368738775775
test,96,125,-0.008287807934144131,0.1774450420903967
test,96,126,-0.008354891000572082,0.17737820952348504
test,96,127,-0.008420684008030265,0.17742896376888137
test,96,128,-0.008487180684017413,0.17740420893770437
test,96,129,-0.008552856413387435,0.1773316638726773
test,96,130,-0.008619939479815385,0.17733693274223775
test,96,131,-0.008685732487273569,0.1772847739086623
test,96,132,-0.008752111885172555,0.17729989023944062
test,96,133,-0.008818491283071541,0.17727397437138892
test,96,134,-0.008884284290529725,0.17723288121067954
test,96,135,-0.008951367356957675,0.17724241002933439
test,96,136,-0.009017160364415858,0.17719266402563172
test,96,137,-0.009083539762314845,0.17716134490646446
test,96,138,-0.009149332769773026,0.1771755656917986
test,96,139,-0.009215712167672014,0.177133922711655
test,96,140,-0.009282795234099965,0.17713144569954503
test,96,141,-0.009349174631998951,0.1770965347947708
test,96,142,-0.009414967639457135,0.17706211572109334
test,96,143,-0.009481347037356121,0.17707961978242187
test,96,144,-0.009547843713343267,0.17702102921282994
test,96,145,-0.009614223111242255,0.17701112842281344
test,96,146,-0.009680602509141241,0.17697218740696363
test,96,147,-0.009746981907040228,0.17694579410594408
test,96,148,-0.009812774914498409,0.17695091263769336
test,96,149,-0.009879154312397396,0.1769080615420076
test,96,150,-0.009945650988384543,0.1768731576085401
test,96,151,-0.01001203038628353,0.17688010405339133
test,96,152,-0.010078409784182516,0.17684128026435636
test,96,153,-0.010144202791640699,0.1768326686939046
test,96,154,-0.010210582189539685,0.17681719980486446
test,96,155,-0.010276375196997868,0.176770981557072
test,96,156,-0.01034345826342582,0.17678685682442055
test,96,157,-0.010409251270884002,0.17671668318692962
test,96,158,-0.010475630668782989,0.17671992174763612
test,96,159,-0.010541423676241172,0.17671239811674175
test,96,160,-0.010608506742669123,0.1766613674628888
test,96,161,-0.010674182472039145,0.17668429876575306
test,96,162,-0.010740561869938131,0.17662705918596525
test,97,0,0.0,
test,97,1,-5.290913055618506e-05,0.3315450643776824
test,97,2,-0.00010632798298670717,0.3372591006423983
test,97,3,-0.00015974683541722926,0.33689839572192515
test,97,4,-0.00021377735409695584,0.34098798397863817
test,97,5,-0.00026780787277668237,0.34244235695986336
test,97,6,-0.00032173644708154153,0.3441835645677695
test,97,7,-0.00037525724388693104,0.3444071929289851
test,97,8,-0.00042969554006612725,0.34572837531654005
test,97,9,-0.00048311439249664937,0.34577114427860695
test,97,10,-0.0005376546330507129,0.3463710966641799
test,97,11,-0.0005915832073555721,0.34615384615384615
test,97,12,-0.0006456137260352987,0.34698046181172293
test,97,13,-0.0006996442447150252,0.34680327868852456
test,97,14,-0.0007535728190198843,0.34721376370280144
test,97,15,-0.0008081130595739479,0.34723307522909713
test,97,16,-0.0008621435782536745,0.34733968169408
test,97,17,-0.0009165818744328707,0.3474555026322387
test,97,18,-0.0009706123931125973,0.3473989465585607
test,97,19,-0.0010246429117923238,0.34763106251752174
test,97,20,-0.00107908120797152,0.3475898801597869
test,97,21,-0.0011331117266512466,0.34784152589661643
test,97,22,-0.0011875500228304427,0.3476344971187836
test,97,23,-0.0012420902633845064,0.3477999073645206
test,97,24,-0.00129663050393857,0.3478029294274301
test,97,25,-0.0013506610226182965,0.3480335762069112
test,97,26,-0.0014050993187974927,0.3479596853490659
test,97,27,-0.0014596395593515564,0.3480473372781065
test,97,28,-0.0015135681336564154,0.348069241011984
test,97,29,-0.001568618096084816,0.34838022478513186
test,97,30,-0.0016226486147645426,0.3480916030534351
test,97,31,-0.0016771888553186063,0.34832348495259036
test,97,32,-0.0017317290958726698,0.34807788317523713
test,97,33,-0.001786167392051866,0.3483943843795385
test,97,34,-0.001840809576980797,0.3481910728269381
test,97,35,-0.0018952478731599932,0.34845718459010405
test,97,36,-0.0019496861693391893,0.34820292856086377
test,97,37,-0.0020043283542681206,0.3484255368142306
test,97,38,-0.0020587666504473167,0.3483183856502242
test,97,39,-0.0021138166128757173,0.34847078099399237
test,97,40,-0.002168356853429781,0.3484465269827747
test,97,41,-0.00222228542773464,0.3485104283005636
test,97,42,-0.002277437334537908,0.34848753771647356
test,97,43,-0.0023319775750919717,0.3485227469724362
test,97,44,-0.002386415871271168,0.3485816632781489
test,97,45,-0.0024410580562000987,0.3484629765482642
test,97,46,-0.0024954963523792953,0.3485809528218899
test,97,47,-0.0025499346485584914,0.34850578879398236
test,97,48,-0.0026045768334874222,0.34856585106146987
test,97,49,-0.002659626795915823,0.34847233691164325
test,97,50,-0.002714065092095019,0.34863069125601603
test,97,51,-0.002768503388274215,0.3484560619663027
test,97,52,-0.0028231455732031464,0.34861577524776804
test,97,53,-0.0028775838693823426,0.3485283776996484
test,97,54,-0.0029321241099364063,0.348595090209997
test,97,55,-0.002987276016739674,0.3484657825960701
test,97,56,-0.00304171431291887,0.34859489675628397
test,97,57,-0.0030961526090980667,0.3485196600354908
test,97,58,-0.0031507947940269975,0.34864978980412314
test,97,59,-0.0032052330902061937,0.3485824625990291
test,97,60,-0.0032602830526345943,0.34861766689143625
test,97,61,-0.0033149252375635255,0.3486638856404796
test,97,62,-0.0033693635337427217,0.3486279493079644
test,97,63,-0.0034244134961711223,0.34859904687869675
test,97,64,-0.003478953736725186,0.34856601011445304
test,97,65,-0.0035334939772792492,0.3486421856061847
test,97,66,-0.0035879322734584454,0.3486038746310067
test,97,67,-0.0036425744583873767,0.3486993691503393
test,97,68,-0.0036975224764409097,0.3486089148439824
test,97,69,-0.0037520627169949734,0.34872166761815127
test,97,70,-0.003807112679423374,0.34864338727339095
test,97,71,-0.00386155097560257,0.34871725668361
test,97,72,-0.003916193160531501,0.34858275051381765
test,97,73,-0.003971141178585035,0.34871376071866067
test,97,74,-0.004025681419139098,0.34862108155543725
test,97,75,-0.004080221659693161,0.34864937756391146
test,97,76,-0.0041347619002472255,0.34864891366775463
test,97,77,-0.004189811862675626,0.3486664731013315
test,97,78,-0.004244861825104027,0.3486693053091306
test,97,79,-0.004299300121283223,0.3486194024822456
test,97,80,-0.004353942306212154,0.3486673142689856
test,97,81,-0.004408992268640555,0.3485609147062689
test,97,82,-0.004463430564819751,0.34870436724308046
test,97,83,-0.004517970805373814,0.3485744334286704
test,97,84,-0.004572511045927877,0.3486762898095226
test,97,85,-0.004626949342107074,0.3486254618323001
test,97,86,-0.004681999304535475,0.3486575810464555
test,97,87,-0.004736641489464405,0.3486405794973448
test,97,88,-0.004791589507517939,0.3486518199523389
test,97,89,-0.004846129748072002,0.3486669776454125
test,97,90,-0.004901179710500403,0.34862624040497225
test,97,91,-0.0049556180066796,0.34870037199073534
test,97,92,-0.00501026019160853,0.34863351306319856
test,97,93,-0.005064698487787726,0.3487019825099583
test,97,94,-0.005119748450216127,0.34859071194809016
test,97,95,-0.005174288690770191,0.3486918034623788
test,97,96,-0.00522821726507505,0.3486056439540944
test,97,97,-0.005283369171878318,0.34865294924554185
test,97,98,-0.005338317189931851,0.3486086068689853
test,97,99,-0.005392959374860782,0.3486441734941832
test,97,100,-0.005448009337289183,0.34862580631426565
test,97,101,-0.005502447633468379,0.3486041291220083
test,97,102,-0.00555749759589678,0.34862509783459433
test,97,103,-0.005612037836450843,0.3485867824109957
test,97,104,-0.005666578077004907,0.3486617880354127
test,97,105,-0.005721628039433308,0.3485868375167268
test,97,106,-0.005776066335612504,0.3486538867075706
test,97,107,-0.005831116298040904,0.34858342286419164
test,97,108,-0.005885758482969836,0.3486261136954979
test,97,109,-0.005940196779149032,0.34858694166129567
test,97,110,-0.005995246741577432,0.34859935168609996
test,97,111,-0.0060496850377566285,0.34861531970388554
test,97,112,-0.00610432722268556,0.3485644773481083
test,97,113,-0.00615937718511396,0.34861771770357464
test,97,114,-0.006214427147542361,0.3485555825288043
test,97,115,-0.006268865443721557,0.34860797452889564
test,97,116,-0.006322895962401283,0.3485497738179349
test,97,117,-0.006377436202955347,0.3486108331362239
test,97,118,-0.006432995887258085,0.3485622023379997
test,97,119,-0.006487536127812148,0.3486011233945118
test,97,120,-0.006542484145865682,0.3485865834079882
test,97,121,-0.006597126330794612,0.3485542878757224
test,97,122,-0.006652176293223013,0.3486010416939304
test,97,123,-0.00670661458940221,0.3485401775670203
test,97,124,-0.006760645108081936,0.3485948739077441
test,97,125,-0.006815695070510336,0.3485150369537822
test,97,126,-0.0068702353110644005,0.3485749522731496
test,97,127,-0.006925285273492801,0.34854135413960424
test,97,128,-0.006980335235921202,0.34854444010210955
test,97,129,-0.0070342638102260605,0.34856435643564354
test,97,130,-0.007089313772654461,0.34853980235956805
test,97,131,-0.007143854013208525,0.3485643717196666
test,97,132,-0.0071983942537625885,0.3484865588363355
test,97,133,-0.007252832549941785,0.34856475220268723
test,97,134,-0.007307882512370185,0.3485039832884568
test,97,135,-0.007363034419173453,0.3485253423523568
test,97,136,-0.007417574659727517,0.348541645471549
test,97,137,-0.007472624622155918,0.3485239279055314
test,97,138,-0.007527062918335114,0.34853965340387627
test,97,139,-0.007581603158889177,0.34849389749008436
test,97,140,-0.007636653121317578,0.3485354153521009
test,97,141,-0.007691193361871642,0.34849033816425123
test,97,142,-0.007746243324300042,0.34851823537347665
test,97,143,-0.007800681620479239,0.3484765037733883
test,97,144,-0.007855731582907638,0.34848003311184855
test,97,145,-0.007910781545336039,0.34850742434362636
test,97,146,-0.007965423730264971,0.3484301761905803
test,97,147,-0.008019862026444167,0.34849625693227726
test,97,148,-0.008074911988872568,0.3484323313677549
test,97,149,-0.008128942507552294,0.3485142857142857
test,97,150,-0.008183992469980694,0.348446147296722
test,97,151,-0.00823843076615989,0.3484797225863746
test,97,152,-0.008293480728588291,0.3484620393645103
test,97,153,-0.008348020969142356,0.34841402337228716
test,97,154,-0.008403172875945624,0.3484588804422944
test,97,155,-0.00845761117212482,0.3484138972809668
test,97,156,-0.00851266113455322,0.3484629344103481
test,97,157,-0.008567201375107284,0.3484140810889592
test,97,158,-0.008622251337535684,0.3484241228099719
test,97,159,-0.008676791578089748,0.34844073174160123
test,97,160,-0.008731229874268944,0.34839696687508315
test,97,161,-0.008786279836697344,0.34844889244376287
test,97,162,-0.008840820077251408,0.3483862067153246
test,97,163,-0.008895360317805473,0.34841797359589444
test,97,164,-0.008950410280233873,0.3483627302106452
test,97,165,-0.009005460242662274,0.3483900513429139
test,97,166,-0.00905989853884147,0.3483844082574689
test,97,167,-0.0091145407237704,0.348358070087115
test,97,168,-0.009169590686198801,0.34840393520718116
test,97,169,-0.009224028982377997,0.34834382871536523
test,97,170,-0.009278671167306927,0.3483954976273648
test,97,171,-0.009333619185360461,0.34834048008762813
test,97,172,-0.009388159425914526,0.3483646623519657
test,97,173,-0.009443209388342927,0.34835967248814276
test,97,174,-0.00949774962889699,0.3483324057027872
test,97,175,-0.009552697646950523,0.3483641449768913
test,97,176,-0.009607339831879454,0.3483008828153344
test,97,177,-0.00966177812805865,0.3483468316528076
test,97,178,-0.00971682809048705,0.34832206338672356
test,97,179,-0.009771878052915451,0.348319550056778
test,97,180,-0.009826520237844381,0.3483486856886093
test,97,181,-0.009881468255897915,0.3482754971248486
test,97,182,-0.009936008496451978,0.3483279440055667
test,97,183,-0.009990548737006043,0.3482847456050059
test,97,184,-0.010045496755059577,0.3483056386172114
test,97,185,-0.010100546717487977,0.3483032956160081
test,97,186,-0.010155188902416908,0.3482703772786049
test,98,0,0.0,
test,98,1,-6.023516082672988e-05,0.2400212879191059
test,98,2,-0.00011989555866847188,0.22322614934892374
test,98,3,-0.000178981193525226,0.21130003542330852
test,98,4,-0.00023749206539699225,0.20321637426900585
test,98,5,-0.00029657770025374634,0.19970209596765615
test,98,6,-0.00035554838251350293,0.1966282165039929
test,98,7,-0.000414634017370257,0.19490106544901065
test,98,8,-0.00047360469963001356,0.19412430884018386
test,98,9,-0.0005326903344867677,0.193378346363421
test,98,10,-0.0005924656849255073,0.19259693850338686
test,98,11,-0.0006521260827672493,0.19252971137521221
test,98,12,-0.0007105220020420179,0.1920373665480427
test,98,13,-0.0007701823998837599,0.19169643957127017
test,98,14,-0.000829268034740514,0.19147150812418948
test,98,15,-0.000888928432582256,0.19108484352191404
test,98,16,-0.000948588830423998,0.19072577952861053
test,98,17,-0.0010069847496987667,0.19059141474451638
test,98,18,-0.0010667601001375063,0.1903998575117998
test,98,19,-0.0011264204979792483,0.19026324670941613
test,98,20,-0.0011853911802390048,0.19034257923146813
test,98,21,-0.001244476815095759,0.1902010689742937
test,98,22,-0.0013042521655344985,0.19003887269193392
test,98,23,-0.0013637976107792429,0.19009436154883094
test,98,24,-0.001422883245635997,0.18999465431218818
test,98,25,-0.0014819688804927511,0.18982441882846082
test,98,26,-0.0015417442309314908,0.18963212765519935
test,98,27,-0.0016012896761762351,0.1896510752901105
test,98,28,-0.0016603753110329893,0.18958866440056527
test,98,29,-0.0017200357088747312,0.18967361239166514
test,98,30,-0.0017796961067164734,0.189612148866391
test,98,31,-0.0018393565045582154,0.18956356736242885
test,98,32,-0.0018984421394149696,0.18957132113311606
test,98,33,-0.0019581025372567115,0.18950149098923894
test,98,34,-0.0020177629350984533,0.18936986818510712
test,98,35,-0.0020774233329401955,0.18931267381803735
test,98,36,-0.0021365089677969494,0.18926146577723632
test,98,37,-0.0021955946026537038,0.18924466931694978
test,98,38,-0.0022552550004954455,0.18927173943642148
test,98,39,-0.0023142256827552023,0.18928037524172645
test,98,40,-0.0023740010331939417,0.18926761429736705
test,98,41,-0.002433546478438686,0.1893591483143722
test,98,42,-0.0024933218288774256,0.18929658545283187
test,98,43,-0.00255240746373418,0.1892439943769205
test,98,44,-0.0026119529089789245,0.18917538932856778
test,98,45,-0.002671728259417664,0.18916059392051737
test,98,46,-0.0027312737046624085,0.18909175485521573
test,98,47,-0.0027903593395191624,0.18909566900005692
test,98,48,-0.0028500197373609046,0.18914671659756588
test,98,49,-0.0029096801352026464,0.18916705789870183
test,98,50,-0.0029694554856413862,0.18909954634939655
test,98,51,-0.0030290009308861303,0.18909903389243793
test,98,52,-0.0030880865657428847,0.1890696214903752
test,98,53,-0.003147861916181624,0.18904187023054872
test,98,54,-0.0032074073614263687,0.18901647627634174
test,98,55,-0.003267182711865108,0.18904853160050195
test,98,56,-0.0033262683467218624,0.1890340024266975
test,98,57,-0.0033858137919666065,0.18909684807298804
test,98,58,-0.0034454741898083487,0.18908547497370995
test,98,59,-0.003505134587650091,0.18908012622873518
test,98,60,-0.003564220222506845,0.18903542798034653
test,98,61,-0.003623305857363599,0.18894999517581945
test,98,62,-0.003683541018190329,0.18895735169747493
test,98,63,-0.003742626653047083,0.18895069854346258
test,98,64,-0.003802287050888825,0.18895465489566612
test,98,65,-0.003861947448730567,0.18896471111184282
test,98,66,-0.003921722799169306,0.18896329204228549
test,98,67,-0.003981268244414051,0.18896839213556724
test,98,68,-0.0040403538792708055,0.1889055000393422
test,98,69,-0.004100014277112547,0.18889974564178919
test,98,70,-0.004159674674954289,0.18884769730556086
test,98,71,-0.004219335072796031,0.1888687919210189
test,98,72,-0.004278995470637773,0.18885858458245702
test,98,73,-0.004338770821076513,0.18883261381044175
test,98,74,-0.004398316266321257,0.1888702493202985
test,98,75,-0.004457401901178011,0.18886272831050227
test,98,76,-0.004517062299019753,0.18883905626236525
test,98,77,-0.004576722696861495,0.1888034134578634
test,98,78,-0.004635808331718249,0.18876998010564588
test,98,79,-0.004695468729559991,0.18871285653325387
test,98,80,-0.0047551291274017336,0.1887173587328767
test,98,81,-0.004814904477840473,0.18873246880223024
test,98,82,-0.00487387516010023,0.18874068466869395
test,98,83,-0.0049335355579419714,0.1887547870488569
test,98,84,-0.004993195955783713,0.18874619373415383
test,98,85,-0.005052281590640468,0.18872842195389128
test,98,86,-0.005111941988482209,0.18871258789123266
test,98,87,-0.005171602386323952,0.18863711850020298
test,98,88,-0.005231262784165694,0.1886530860443904
test,98,89,-0.005290348419022448,0.18865179145847988
test,98,90,-0.005349893864267192,0.1886683632212339
test,98,91,-0.005409669214705932,0.18867059093341487
test,98,92,-0.005469329612547673,0.18864511475867524
test,98,93,-0.005529679725971401,0.18859901491438041
test,98,94,-0.005588650408231158,0.18858450608006558
test,98,95,-0.0056483108060728995,0.18855691125606966
test,98,96,-0.005708086156511639,0.18853578456238537
test,98,97,-0.005767631601756384,0.18858545735407703
test,98,98,-0.005826717236613137,0.18859383276269734
test,98,99,-0.005886492587051878,0.18857266412605747
test,98,100,-0.005946038032296622,0.18853415244985766
test,98,101,-0.006005123667153376,0.18851798866105018
test,98,102,-0.00606466911239812,0.18846898462216485
test,98,103,-0.00612444446283686,0.18847161027516834
test,98,104,-0.006184104860678602,0.18848350743580508
test,98,105,-0.006243765258520344,0.18848335652360057
test,98,106,-0.0063028508933770985,0.1884788206189731
test,98,107,-0.00636251129121884,0.1884562482806912
test,98,108,-0.006422171689060582,0.18841764656330057
test,98,109,-0.006481832086902324,0.18839113869358576
test,98,110,-0.006541492484744066,0.1883866887223898
test,98,111,-0.00660057811960082,0.18838804861938122
test,98,112,-0.0066602385174425625,0.18837622683703018
test,98,113,-0.006719898915284304,0.18839481498671543
test,98,114,-0.006778984550141059,0.18838109992254068
test,98,115,-0.006838529995385803,0.1883394298159886
test,98,116,-0.006898305345824542,0.18831747027695375
test,98,117,-0.006958540506651272,0.18827016494222906
test,98,118,-0.0070176261415080265,0.18827499251653165
test,98,119,-0.007077286539349768,0.18827635212319094
test,98,120,-0.00713694693719151,0.18829358796533746
test,98,121,-0.0071960325720482644,0.1882878499712504
test,98,122,-0.007255692969890006,0.1882336942216919
test,98,123,-0.007315353367731749,0.18822910003872578
test,98,124,-0.007375013765573491,0.18820569041124272
test,98,125,-0.007434099400430245,0.188169004435767
test,98,126,-0.007493759798271987,0.18818042417265943
test,98,127,-0.0075534201961137285,0.18818586383021763
test,98,128,-0.007612390878373485,0.18820036795450745
test,98,129,-0.007672166228812225,0.18816227294980625
test,98,130,-0.007731826626653966,0.1881165291569916
test,98,131,-0.007791487024495709,0.18808782552562123
test,98,132,-0.00785114742233745,0.18806232793120087
test,98,133,-0.007910118104597207,0.1880737083137151
test,98,134,-0.007969893455035947,0.18808464408106532
test,98,135,-0.008029438900280692,0.18806817506036086
test,98,136,-0.00808921425071943,0.1880652346732363
test,98,137,-0.008148299885576185,0.18802106529773485
test,98,138,-0.00820784533082093,0.18797776907294864
test,98,139,-0.008267620681259668,0.18797843665768194
test,98,140,-0.008327281079101412,0.18798791910387277
test,98,141,-0.008386941476943154,0.18798042795810763
test,98,142,-0.008446486922187897,0.18797987222253632
test,98,143,-0.008505572557044651,0.1879477486244713
test,98,144,-0.008565347907483391,0.18790863642277028
test,98,145,-0.00862558306831012,0.18787189747072808
test,98,146,-0.008684668703166875,0.1878881418316995
test,98,147,-0.00874421414841162,0.18787936163472777
test,98,148,-0.008803989498850359,0.18789827345518723
test,98,149,-0.008863075133707113,0.1878834686399885
test,98,150,-0.008922620578951858,0.18784412099499362
test,98,151,-0.008982395929390596,0.18781747480583746
test,98,152,-0.00904205632723234,0.1877799532354847
test,98,153,-0.009101027009492096,0.18779277025821506
test,98,154,-0.009160802359930836,0.1877726222129538
test,98,155,-0.009220462757772578,0.18778877431920052
test,98,156,-0.00928012315561432,0.18775711869233594
test,98,157,-0.009339208790471074,0.18773460433052747
test,98,158,-0.009398869188312816,0.18769775934846974
test,98,159,-0.009458529586154557,0.18770114323418122
test,98,160,-0.009518075031399302,0.18769361497132994
test,98,161,-0.009577160666256057,0.1876994786956753
test,98,162,-0.009636936016694795,0.18770402971069083
test,98,163,-0.00969648146193954,0.18767240246946013
test,98,164,-0.009756256812378279,0.18763769530293783
test,98,165,-0.009815917210220022,0.18759853886729774
test,99,0,0.0,
test,99,1,-5.904663910853455e-05,0.20687830687830688
test,99,2,-0.0001180932782170691,0.1655646654324253
test,99,3,-0.00017770876741335446,0.1318758815232722
test,99,4,-0.0002380068767149408,0.1081724411531341
test,99,5,-0.00029762236591122617,0.09446736485771713
test,99,6,-0.0003584893253005633,0.08666901780991007
test,99,7,-0.00041935628468990047,0.08145685355901466
test,99,8,-0.00047965439399148683,0.07721803517122836
test,99,9,-0.000539838733275523,0.07414370483520358
test,99,10,-0.0006007056926648601,0.07157204778517813
test,99,11,-0.0006614588820366471,0.06952051503795523
test,99,12,-0.0007223258414259843,0.06770856262381686
test,99,13,-0.0007831928008153214,0.0662305473162407
test,99,14,-0.0008446286102924094,0.06476801207091663
test,99,15,-0.0009049267195939957,0.06338424720208348
test,99,16,-0.000965111058878032,0.06231649787220005
test,99,17,-0.001025978018267369,0.061471592673082893
test,99,18,-0.0010867312076391562,0.0605856317964651
test,99,19,-0.0011477119370460435,0.05966958211856171
test,99,20,-0.0012084651264178303,0.059018987341772154
test,99,21,-0.0012692183157896175,0.058464552098244554
test,99,22,-0.0013295164250912038,0.057861936720997126
test,99,23,-0.001390383384480541,0.057291547261514475
test,99,24,-0.001451250343869878,0.05686985172981878
test,99,25,-0.0015114346831539142,0.05636148947834521
test,99,26,-0.0015723016425432514,0.05603762874057254
test,99,27,-0.0016331686019325886,0.055594596704926995
test,99,28,-0.0016940355613219258,0.055242899358165974
test,99,29,-0.0017547887506937127,0.054947850419740527
test,99,30,-0.001815086859995299,0.05460421167255036
test,99,31,-0.001875840049367086,0.05423458028111562
test,99,32,-0.0019368207787739734,0.05393746810016958
test,99,33,-0.0019970051180580096,0.05370627584335137
test,99,34,-0.002057189457342046,0.05339407180154635
test,99,35,-0.002118170186748933,0.05314569536423841
test,99,36,-0.0021783545260329693,0.0528518334260045
test,99,37,-0.0022392214854223065,0.052601608655420316
test,99,38,-0.002299974674794093,0.05236748724772677
test,99,39,-0.0023602727840956795,0.052131165253092755
test,99,40,-0.002420570893397266,0.051928216876670485
test,99,41,-0.002481324082769053,0.05176621708413616
test,99,42,-0.00254219104215839,0.05151032588933054
test,99,43,-0.0026018065313546754,0.05133920370347691
test,99,44,-0.0026626734907440127,0.05117770968977403
test,99,45,-0.002722971600045599,0.05098649565848293
test,99,46,-0.002783724789417386,0.050789835164835165
test,99,47,-0.0028440228987189724,0.05060554117792043
test,99,48,-0.0029043210080205587,0.050427819218955686
test,99,49,-0.002965074197392346,0.05026756355977735
test,99,50,-0.003025372306693932,0.05010530749789385
test,99,51,-0.003086125496065719,0.0499762558586088
test,99,52,-0.0031464236053673055,0.04988659835567616
test,99,53,-0.003206721714668892,0.04977649746697129
test,99,54,-0.0032674749040406785,0.04967436237422978
test,99,55,-0.0033277730133422652,0.049478319134679816
test,99,56,-0.0033880711226438515,0.04937296707842142
test,99,57,-0.0034488243120156382,0.04927268529208035
test,99,58,-0.0035091224213172245,0.0491563728115158
test,99,59,-0.0035687379105135103,0.04902835525259194
test,99,60,-0.003629604869902847,0.04888662724385408
test,99,61,-0.0036904718292921843,0.04878238207832105
test,99,62,-0.0037500873184884696,0.04866659308377412
test,99,63,-0.0038108405078602567,0.04859422651125872
test,99,64,-0.003871138617161843,0.04852532363923478
test,99,65,-0.003931436726463429,0.048392974273012174
test,99,66,-0.003992189915835217,0.048328442005869596
test,99,67,-0.004051805405031502,0.04819703040301673
test,99,68,-0.0041127861344383895,0.04807536012013035
test,99,69,-0.004173539323810176,0.04798010618172942
test,99,70,-0.0042338374331117624,0.04785894206549118
test,99,71,-0.004294135542413349,0.04782131684680277
test,99,72,-0.004354319881697385,0.047689709870541885
test,99,73,-0.004415186841086722,0.047591581891983474
test,99,74,-0.0044748023302830075,0.04749000697022717
test,99,75,-0.004535669289672344,0.047388476032083536
test,99,76,-0.00459528477886863,0.04733215608877809
test,99,77,-0.004656151738257967,0.04722977868303419
test,99,78,-0.004716449847559553,0.04712328027691
test,99,79,-0.004776634186843589,0.0470324897241338
test,99,80,-0.0048368185261276255,0.04692485313369603
test,99,81,-0.004897685485516963,0.04685611819280396
test,99,82,-0.0049579835948185495,0.04681714040007958
test,99,83,-0.005018167934102586,0.04673045341855142
test,99,84,-0.005078466043404172,0.046638389584677746
test,99,85,-0.005138650382688208,0.046533801395518735
test,99,86,-0.0051989484919897945,0.04641471563720031
test,99,87,-0.005258563981186079,0.04634043067989354
test,99,88,-0.005319430940575417,0.04624474491535053
test,99,89,-0.005379729049877003,0.04616867412886784
test,99,90,-0.0054399133891610395,0.04608736836565842
test,99,91,-0.005500780348550376,0.04606096355025069
test,99,92,-0.005560395837746662,0.04600495341161935
test,99,93,-0.005621149027118449,0.04593987472486434
test,99,94,-0.005681447136420035,0.04583802182176466
test,99,95,-0.005741745245721621,0.045764486271208035
test,99,96,-0.005801360734917907,0.045714912160495516
test,99,97,-0.005862113924289694,0.04565575904869369
test,99,98,-0.00592195695352108,0.04559317847439243
test,99,99,-0.005982710142892866,0.04549392723310389
test,99,100,-0.006043008252194453,0.045422733467693134
test,99,101,-0.006103192591478489,0.04534726817094836
test,99,102,-0.006163376930762525,0.045268126595991644
test,99,103,-0.0062236750400641114,0.045237888455781305
test,99,104,-0.006283973149365698,0.04517212766388051
test,99,105,-0.006344726338737485,0.0450862185606687
test,99,106,-0.00640434182793377,0.044975055225992204
test,99,107,-0.006465322557340658,0.04490287681337595
test,99,108,-0.006525506896624694,0.04484331150608045
test,99,109,-0.00658569123590873,0.04475457634973353
test,99,110,-0.006646671965315617,0.044672881996431525
test,99,111,-0.006706856304599653,0.04460108362288407
test,99,112,-0.006766471793795939,0.04455594392453114
test,99,113,-0.006826656133079975,0.04447817766126366
test,99,114,-0.006887636862486862,0.044410392271797876
test,99,115,-0.006947252351683148,0.044362697998737204
test,99,116,-0.007008005541054935,0.044302017562958124
test,99,117,-0.0070677348002687705,0.044251568367323996
test,99,118,-0.007128601759658107,0.044192859404192326
test,99,119,-0.0071887860989421435,0.044126490042800046
test,99,120,-0.00724908420824373,0.044069416675435825
test,99,121,-0.0073086996974400156,0.04401859364876441
test,99,122,-0.007369566656829352,0.043937845285997076
test,99,123,-0.00743031984620114,0.04385916131598872
test,99,124,-0.007490049105414975,0.04381919014906247
test,99,125,-0.007550233444699011,0.04375844463058293
test,99,126,-0.007610531554000597,0.04369848255818809
test,99,127,-0.007670715893284634,0.04362848466519457
test,99,128,-0.00773101400258622,0.043559041265378434
test,99,129,-0.007791198341870256,0.0435022003972543
test,99,130,-0.007852065301259594,0.043434445636117126
test,99,131,-0.007911680790455879,0.043343628382204694
test,99,132,-0.007971978899757466,0.043286247249768824
test,99,133,-0.008032163239041502,0.04320237986921796
test,99,134,-0.008092461348343087,0.04315510079077766
test,99,135,-0.008152759457644675,0.04309192450241824
test,99,136,-0.00821294379692871,0.04301857303679403
test,99,137,-0.008273810756318048,0.04296516472924035
test,99,138,-0.008333426245514333,0.04290986450319108
test,99,139,-0.00839429320490367,0.04287725779345637
test,99,140,-0.008454477544187705,0.042818006561369096
test,99,141,-0.008514775653489293,0.04276119402985075
test,99,142,-0.008575073762790878,0.042703914340230825
test,99,143,-0.008635258102074914,0.04263334878553086
test,99,144,-0.00869544244135895,0.04258918263258655
test,99,145,-0.008755740550660538,0.04256407651446983
test,99,146,-0.008816038659962123,0.042517080342471675
test,99,147,-0.00887622299924616,0.04242823347517832
test,99,148,-0.008935952258459995,0.04237258010621583
test,99,149,-0.008996136597744031,0.04227177232844306
test,99,150,-0.009056320937028068,0.04221118570115813
test,99,151,-0.009117187896417404,0.042147329252274254
test,99,152,-0.00917737223570144,0.04209484319134429
test,99,153,-0.009237670345003028,0.042022412411758435
test,99,154,-0.009297968454304613,0.041964157608138666
test,99,155,-0.00935815279358865,0.04189718490560915
test,99,156,-0.009418450902890237,0.04184779126352744
test,99,157,-0.009478066392086522,0.04178255245856594
test,99,158,-0.009538933351475858,0.04172396455910312
test,99,159,-0.009598548840672145,0.04167369775898408
test,99,160,-0.00965884694997373,0.04161666113180747
test,99,161,-0.009719600139345518,0.0415742196052034
test,99,162,-0.009779329398559354,0.04153176177934811
test,99,163,-0.00983951373784339,0.04147664739847081
test,99,164,-0.009900494467250276,0.04142220625455106
test,99,165,-0.009960565036516763,0.041362708838158395
test,99,166,-0.010020863145818348,0.041303142182573006
test,99,167,-0.010081161255119936,0.04123863976436863
test,99,168,-0.010141459364421521,0.04117477594834443
