dataset,split,sim_idx,target_index,rollout_steps,pred_p_ratio,true_p_ratio,final_pos_mse,initial_to_target_mse,pred_to_initial_mse,movement_fraction_mse
one-system CV2 train-sim-0,train,0,10,10,-0.4610966339259556,-0.2799691918358365,0.00018240456120111048,4.493631877267035e-06,0.00024074364046100527,53.574401961787366
one-system CV2 train-sim-0,val,0,10,10,-0.4290216554679537,-0.10762643831950762,9.555795259075239e-05,5.285899533191696e-06,0.0001393226266372949,26.357411025776734
one-system CV2 train-sim-0,val,1,10,10,-0.45020142734281876,0.1381307728435005,0.0002031682524830103,4.597909082804108e-06,0.0002566128969192505,55.8107810089083
one-system CV2 train-sim-0,val,2,10,10,-0.484406510819895,-0.24987958255284987,0.00019887620874214917,4.641675332095474e-06,0.0002597243001218885,55.95486145400793
one-system CV2 train-sim-0,val,3,10,10,-0.46521668105761826,0.15119092424323888,0.00019490468548610806,4.191738298686687e-06,0.0002429438172839582,57.957773117676474
one-system CV2 train-sim-0,val,4,10,10,-0.4552423478349115,0.07406601772798956,0.0001870113192126155,4.122402060602326e-06,0.0002367094566579908,57.420274194071474
one-system CV2 train-sim-0,val,5,10,10,-0.464219273223366,0.35607641676031465,0.00014980258129071444,4.57740588899469e-06,0.0001858036412158981,40.59147161553224
one-system CV2 train-sim-0,val,6,10,10,-0.44775234723232066,-0.23217643172925453,0.00017481482063885778,5.057063390268013e-06,0.0002351234870729968,46.494075499523404
one-system CV2 train-sim-0,val,7,10,10,-0.46667461705623575,-0.2135709818636648,0.00026482201064936817,4.4625676309806295e-06,0.000333882198901847,74.81840646714812
one-system CV2 train-sim-0,val,8,10,10,-0.4444421984597037,0.17189362915349127,0.00010340914013795555,4.4885459828947205e-06,0.00014019475202076137,31.23389011832023
one-system CV2 train-sim-0,val,9,10,10,-0.46152987781063437,-0.3123163089890756,0.00012781273107975721,4.926108431391185e-06,0.00017829646822065115,36.19418262993824
one-system CV2 train-sim-0,val,10,10,10,-0.46521807589356007,-0.04125767676237468,9.537941514281556e-05,4.885444468527567e-06,0.00013620599929708987,27.879960600215615
one-system CV2 train-sim-0,val,11,10,10,-0.4528573286090433,0.3409694908047199,0.00017816273611970246,4.5998285713722e-06,0.00021952077804598957,47.723686793941354
one-system CV2 train-sim-0,val,12,10,10,-0.4632770793869468,0.1416343669250646,0.00023435086768586189,4.2566898628138006e-06,0.000288215815089643,67.708906304751
one-system CV2 train-sim-0,val,13,10,10,-0.4412020164937007,-0.000530307047780665,0.00013364508049562573,4.379174697533017e-06,0.0001789337838999927,40.860161162511744
one-system CV2 train-sim-0,val,14,10,10,-0.42659524843571556,0.06151797603195739,0.00017088951426558197,4.166170583630446e-06,0.0002191666280850768,52.60625403727291
one-system CV2 train-sim-0,val,15,10,10,-0.4806860563512709,-0.21154468039236823,0.00018489813373889774,4.613383225660073e-06,0.0002431931352475658,52.714704881853876
one-system CV2 train-sim-0,val,16,10,10,-0.4513692525202852,0.18927260150055872,0.00020659068832173944,4.489664661377901e-06,0.0002568113850429654,57.20057162668997
one-system CV2 train-sim-0,val,17,10,10,-0.45739427212162476,0.17572879135276778,0.00015901215374469757,4.113865543331485e-06,0.00020208544447086751,49.12300665694945
one-system CV2 train-sim-0,val,18,10,10,-0.4354213527444161,0.07355939478484816,0.00016530971333850175,4.180932137387572e-06,0.00021256257605273277,50.840953420868274
one-system CV2 train-sim-0,val,19,10,10,-0.46661754533698235,-0.07491702228544334,0.00020321705960668623,4.519372851063963e-06,0.0002616098790895194,57.886323547730846
one-system CV2 train-sim-0,test,0,10,10,-0.46607110325423223,-0.10280618935221611,0.00025887752417474985,4.5211736505734734e-06,0.00032560655381530523,72.01814815805731
one-system CV2 train-sim-0,test,1,10,10,-0.4703360504460166,-0.2833164597431662,0.00011716862354660407,5.215643795963842e-06,0.00016744663298595697,32.104691105542244
one-system CV2 train-sim-0,test,2,10,10,-0.4475982857653046,0.34476316078689967,0.00021450476197060198,4.443535544851329e-06,0.00025943104992620647,58.38392588685514
one-system CV2 train-sim-0,test,3,10,10,-0.4416731988883346,-0.284759576202119,9.441535075893626e-05,4.630732746591093e-06,0.00013655466318596154,29.488780860110325
one-system CV2 train-sim-0,test,4,10,10,-0.4655989885154357,0.16661440367931432,0.00018057115084957331,4.459104729903629e-06,0.0002281927881995216,51.174574723310734
one-system CV2 train-sim-0,test,5,10,10,-0.4317665293404325,0.06534791465637396,0.00017564209701959044,4.350496055849362e-06,0.00022577664640266448,51.89675924406403
one-system CV2 train-sim-0,test,6,10,10,-0.441446199644692,-0.18261242429115077,0.00024659119662828743,4.502959654928418e-06,0.00031293529900722206,69.49547031022571
one-system CV2 train-sim-0,test,7,10,10,-0.4419760470514518,-0.26468071451492137,0.00022873407579027116,4.651697508961661e-06,0.0002946924068965018,63.3515843041742
one-system CV2 train-sim-0,test,8,10,10,-0.43583953125408714,-0.2992740275219417,0.00013527034025173634,4.493335381994257e-06,0.0001850726257544011,41.18825104754614
one-system CV2 train-sim-0,test,9,10,10,-0.4678828803268456,0.0917495296963182,0.00023495408822782338,4.224469648761442e-06,0.0002913811767939478,68.97461717576238
one-system CV2 train-sim-0,test,10,10,10,-0.4383772351470871,0.1554577278031187,0.00016336646513082087,4.427062322065467e-06,0.00020972589845769107,47.37360425498651
one-system CV2 train-sim-0,test,11,10,10,-0.46073119504467624,0.2161593860064133,0.00023419821809511632,4.444396381586557e-06,0.0002860899840015918,64.37094251693716
one-system CV2 train-sim-0,test,12,10,10,-0.4368306257521059,-0.22732872676629706,0.0001980865199584514,4.600519332598196e-06,0.0002587590424809605,56.2456157172202
one-system CV2 train-sim-0,test,13,10,10,-0.43427498840445267,-0.25489780790003175,0.00021974946139380336,4.927477675664704e-06,0.0002867087605409324,58.1857046165625
one-system CV2 train-sim-0,test,14,10,10,-0.4486212484047206,-0.049740007353327384,0.0002272564743179828,4.319038907851791e-06,0.0002874128695111722,66.54556155738035
one-system CV2 train-sim-0,test,15,10,10,-0.4767205957883924,-0.20887895241137017,0.0002874304773285985,4.4307930693321396e-06,0.00035846367245540023,80.90282413243732
one-system CV2 train-sim-0,test,16,10,10,-0.42108154245294976,-0.13353226408056695,0.00014970728079788387,4.443779744178755e-06,0.000200388822122477,45.09422916043072
one-system CV2 train-sim-0,test,17,10,10,-0.46742229939623725,0.35099195710455766,0.0001913083833642304,4.62820707980427e-06,0.00023374524607788771,50.50449170648885
one-system CV2 train-sim-0,test,18,10,10,-0.456342493306515,0.34995737425404944,0.0002791662118397653,4.711127530754311e-06,0.0003315864596515894,70.38367301394157
one-system CV2 train-sim-0,test,19,10,10,-0.4706223895413085,-0.18202621177449552,0.00011730378901120275,4.692509719461668e-06,0.0001639497495489195,34.93860627905701
one-system CV2 train-sim-0,test,20,10,10,-0.48677754677754675,-0.2491307015749642,9.280574158765376e-05,5.615087047772249e-06,0.00013885373482480645,24.728687844633825
one-system CV2 train-sim-0,test,21,10,10,-0.4611062873486899,-0.1766964755391899,0.00021172844571992755,4.576653736876324e-06,0.00027388124726712704,59.84312185567649
one-system CV2 train-sim-0,test,22,10,10,-0.47607156140177764,0.1921562366964666,0.00020751735428348184,4.347734375187429e-06,0.00025607342831790447,58.898130893027535
one-system CV2 train-sim-0,test,23,10,10,-0.46292067984113455,-0.03815679733110926,0.00017608384951017797,4.557459760690108e-06,0.00022945493401493877,50.34711134348969
one-system CV2 train-sim-0,test,24,10,10,-0.4645773904888437,0.3399713238808348,0.00012655911268666387,4.857989097217796e-06,0.00016203756968025118,33.35486482936967
one-system CV2 train-sim-0,test,25,10,10,-0.4863381664837387,-0.19479267116682739,0.00011505206202855334,4.824080860998947e-06,0.0001616332883713767,33.50550976003053
one-system CV2 train-sim-0,test,26,10,10,-0.48587041158757177,-0.201571792693288,0.00024695383035577834,4.43101907876553e-06,0.00031268407474271953,70.56707930714495
one-system CV2 train-sim-0,test,27,10,10,-0.46032276438200115,0.35564430244941425,0.000209519435884431,4.683282895712182e-06,0.00025365082547068596,54.16090189702571
one-system CV2 train-sim-0,test,28,10,10,-0.4550246691036533,-0.23328531028226882,0.00021933556126896292,4.510494363785256e-06,0.00028262886917218566,62.66028651790631
one-system CV2 train-sim-0,test,29,10,10,-0.44727410782080484,0.017931764083575774,0.00020268290245439857,4.090886704943841e-06,0.00025560459471307695,62.48146505846238
one-system CV2 train-sim-0,test,30,10,10,-0.46304270316228296,0.21260553284128922,0.00026353428256697953,4.389165496831993e-06,0.0003181096981279552,72.47612293443026
one-system CV2 train-sim-0,test,31,10,10,-0.443855995239512,0.06190721649484536,0.0001494745083618909,4.5718206820311025e-06,0.0001976568892132491,43.23373617651096
one-system CV2 train-sim-0,test,32,10,10,-0.4790687740281931,-0.01530692756824996,0.00011644460028037429,4.454963800526457e-06,0.0001593638735357672,35.77220392159745
one-system CV2 train-sim-0,test,33,10,10,-0.44876953736437425,0.34798359171061743,0.00020676497661042958,4.612251359503716e-06,0.00025129891582764685,54.48508683505205
one-system CV2 train-sim-0,test,34,10,10,-0.4440883849277268,0.2169627383015598,0.0002561072469688952,4.2075962483068e-06,0.00030983120086602867,73.63615294378813
one-system CV2 train-sim-0,test,35,10,10,-0.4589282638454495,0.40160707544626006,0.00014107234892435372,4.743530553241726e-06,0.0001754667900968343,36.990757860075426
one-system CV2 train-sim-0,test,36,10,10,-0.44392242715437075,0.020159796814646278,0.00011372559674782678,4.117318894714117e-06,0.0001537380157969892,37.33935109917297
one-system CV2 train-sim-0,test,37,10,10,-0.46106841959077866,0.17448869752421958,0.00027508483617566526,4.257786713424139e-06,0.0003317090740893036,77.90645619788246
one-system CV2 train-sim-0,test,38,10,10,-0.451236676639295,0.029396352965835256,0.00023536283697467297,4.388479737826856e-06,0.0002946388558484614,67.13916286517127
one-system CV2 train-sim-0,test,39,10,10,-0.47494800893476086,-0.2599438589057783,0.00011173660459462553,4.864566108153667e-06,0.00015843237633816898,32.56865521317821
one-system CV2 train-sim-0,test,40,10,10,-0.4684763667456787,-0.3775104833370117,8.52574230520986e-05,5.373314706957899e-06,0.00012759451055899262,23.74595896900858
one-system CV2 train-sim-0,test,41,10,10,-0.44652381925410256,-0.2614318454654589,0.00022106926189735532,4.485452791413991e-06,0.00028481034678407013,63.496453987711405
one-system CV2 train-sim-0,test,42,10,10,-0.45477288371438934,0.009966049720731575,0.00021172172273509204,4.012563749711262e-06,0.00026612431975081563,66.32276428504483
one-system CV2 train-sim-0,test,43,10,10,-0.4605417577070234,0.3622140699179974,0.00013286981265991926,4.974748208042001e-06,0.0001692504738457501,34.021917646434
one-system CV2 train-sim-0,test,44,10,10,-0.46105443725900963,-0.05836909871244635,0.00020273681730031967,4.47388947577565e-06,0.00026051749591715634,58.23065083028001
one-system CV2 train-sim-0,test,45,10,10,-0.45921524941205594,-0.3880375932168761,0.00010999230289598927,5.457426141219912e-06,0.00015994015848264098,29.306884663928617
one-system CV2 train-sim-0,test,46,10,10,-0.4415097781392273,0.1679548777940255,0.0001977565116249025,4.3102650124637876e-06,0.00024729568394832313,57.37366107031239
one-system CV2 train-sim-0,test,47,10,10,-0.4657612570323364,0.1800157356412274,0.00023986519954632968,4.4699495447275694e-06,0.000294822093565017,65.95647011558954
one-system CV2 train-sim-0,test,48,10,10,-0.4741520467836257,-0.15889386297954328,0.00011307124077575281,4.699278633779613e-06,0.00015811157936695963,33.64592561726672
one-system CV2 train-sim-0,test,49,10,10,-0.4492223117888811,-0.0810443864229765,0.0002668926026672125,4.318894298194209e-06,0.00033243768848478794,76.97286979766669
one-system CV2 train-sim-0,test,50,10,10,-0.4569563223352308,-0.25594980527909994,0.0002481922274455428,4.413369424582925e-06,0.00031507559469901025,71.39116724378579
one-system CV2 train-sim-0,test,51,10,10,-0.4468120380792824,0.21370793787748057,0.00015449838247150183,4.335032826929819e-06,0.00019712813082151115,45.47327291201214
one-system CV2 train-sim-0,test,52,10,10,-0.45318256487137365,-0.2770537948290242,0.0001643012510612607,4.827354132430628e-06,0.0002212815743405372,45.83910114527259
one-system CV2 train-sim-0,test,53,10,10,-0.4534295918445384,-0.15578348190312533,0.00019653835624922067,4.199076556687942e-06,0.00025291016208939254,60.22994786474616
one-system CV2 train-sim-0,test,54,10,10,-0.4437222694629432,0.3382493368700265,0.00016363782924599946,4.592439381667646e-06,0.00020274279813747853,44.14708203809907
one-system CV2 train-sim-0,test,55,10,10,-0.4506537672744265,-0.3869525887298462,0.00014073560305405408,5.192881872062571e-06,0.00019580184016376734,37.705814418227156
one-system CV2 train-sim-0,test,56,10,10,-0.4341791958636642,0.0423343947382158,0.00011253966658841819,4.40247094957158e-06,0.00015260356303770095,34.663161843816674
one-system CV2 train-sim-0,test,57,10,10,-0.42833931491212734,0.02962195753495598,9.935233538271859e-05,4.802416242455365e-06,0.00014043078408576548,29.24169355506895
one-system CV2 train-sim-0,test,58,10,10,-0.47508704963650406,-0.3108108108108108,0.00020566768944263458,4.586298928188626e-06,0.00026796088786795735,58.42638957111969
one-system CV2 train-sim-0,test,59,10,10,-0.4539444195428059,0.3554803216250529,0.00019178212096448988,4.895459369436139e-06,0.00023599025735165924,48.20594750004854
one-system CV2 train-sim-0,test,60,10,10,-0.4884274867344845,-0.180072287856719,0.00021160798496566713,4.479892140807351e-06,0.00027255865279585123,60.84044977625993
one-system CV2 train-sim-0,test,61,10,10,-0.456062002622389,-0.12554806972516308,0.0002801631635520607,4.33555669587804e-06,0.0003483340551611036,80.34355899261485
one-system CV2 train-sim-0,test,62,10,10,-0.47741253667308114,-0.22617621007659042,0.0001784754713298753,4.757584520120872e-06,0.0002365248219575733,49.71531687083178
one-system CV2 train-sim-0,test,63,10,10,-0.46180408353048974,0.3407755581668625,0.0002617034188006073,4.6603422561020125e-06,0.0003122151247225702,66.9940333918119
one-system CV2 train-sim-0,test,64,10,10,-0.4718193183016282,0.110580204778157,0.00020825200772378594,4.530156274995534e-06,0.00026192457880824804,57.81800072857448
one-system CV2 train-sim-0,test,65,10,10,-0.45233128528609773,0.15290666666666666,0.00023197437985800207,4.2292058424209245e-06,0.00028505490627139807,67.40152096929481
one-system CV2 train-sim-0,test,66,10,10,-0.4320360677825569,-0.013677975228863758,9.748922457220033e-05,5.022011464461684e-06,0.00013925346138421446,27.72862275796123
one-system CV2 train-sim-0,test,67,10,10,-0.4448583585820957,-0.2929582028296792,0.00016170683375094086,4.689149136538617e-06,0.00021757087961304933,46.39879715441367
one-system CV2 train-sim-0,test,68,10,10,-0.44576623236492136,-0.14500270124257159,0.00025200669188052416,4.41553174823639e-06,0.0003176783793605864,71.94566758295204
one-system CV2 train-sim-0,test,69,10,10,-0.4506050693911616,-0.017573576116874868,0.00025676580844447017,4.2767287595779635e-06,0.00031940938788466156,74.68544437599114
one-system CV2 train-sim-0,test,70,10,10,-0.4635849390136115,0.1981753941886832,0.00019046863599214703,4.569622433336917e-06,0.00023909815354272723,52.32339367874829
one-system CV2 train-sim-0,test,71,10,10,-0.4635681451490152,-0.3439283238227295,0.00018890485807787627,4.6561967792513315e-06,0.0002493021311238408,53.542009271336255
one-system CV2 train-sim-0,test,72,10,10,-0.43705991456362825,-0.2498942246668077,0.0001577947987243533,5.234465334069682e-06,0.0002155039255740121,41.170188705111265
one-system CV2 train-sim-0,test,73,10,10,-0.46816698548441543,-0.22109994711792702,0.00019983576203230768,4.719953722087666e-06,0.00026144617004320025,55.39168081664176
one-system CV2 train-sim-0,test,74,10,10,-0.46569390608120986,-0.1664554520910243,0.0001817052689148113,4.157969215157209e-06,0.00023597873223479837,56.75336204380153
one-system CV2 train-sim-0,test,75,10,10,-0.4367968430065895,0.18584688019743548,0.0002128421765519306,4.340969553595642e-06,0.0002643682819325477,60.90074548290034
one-system CV2 train-sim-0,test,76,10,10,-0.4561038824349748,0.3463710966641799,0.00028780335560441017,4.637371148419334e-06,0.00034070602850988507,73.46964855854077
one-system CV2 train-sim-0,test,77,10,10,-0.4670034087840057,0.19259693850338686,0.00022703057038597763,4.248712230037199e-06,0.0002782723749987781,65.49569844515963
one-system CV2 train-sim-0,test,78,10,10,-0.4711840479971766,0.07157204778517813,0.00023563081049360335,4.309863015805604e-06,0.0002922613057307899,67.81220300018285
one-system CV2 train-sim-0,train,0,20,20,-0.4602044402340825,-0.36364890974330666,0.00013393154949881136,1.9026365407626145e-05,0.0002451842010486871,12.886549574539991
one-system CV2 train-sim-0,val,0,20,20,-0.4278343614512425,-0.14857946255670212,6.236494664335623e-05,2.2717780666425824e-05,0.00014205936167854816,6.2532235769181
one-system CV2 train-sim-0,val,1,20,20,-0.44927991385885413,0.13331942959931176,0.0001619147224118933,1.84421496669529e-05,0.0002611121453810483,14.158444112886896
one-system CV2 train-sim-0,val,2,20,20,-0.48334830787660976,-0.33547368702678115,0.00014762114733457565,1.9630248061730526e-05,0.0002642467734403908,13.461203985269245
one-system CV2 train-sim-0,val,3,20,20,-0.4642256865738385,0.14155854665120168,0.0001580819662194699,1.678122134762816e-05,0.0002472247288096696,14.7322250084385
one-system CV2 train-sim-0,val,4,20,20,-0.45428171345902413,0.05649087496940191,0.00014791969442740083,1.6598074580542743e-05,0.0002408686705166474,14.511844090579523
one-system CV2 train-sim-0,val,5,20,20,-0.46312795709307325,0.35921784720736144,0.00012563401833176613,1.8408178220852278e-05,0.00018907392222899944,10.27119142158357
one-system CV2 train-sim-0,val,6,20,20,-0.4467258688468104,-0.297578115196386,0.00012402705033309758,2.1868085241294466e-05,0.0002393782342551276,10.946465207804255
one-system CV2 train-sim-0,val,7,20,20,-0.4656225775512081,-0.29167101555161257,0.0002065287553705275,1.837940544646699e-05,0.00033960299333557487,18.477365566841858
one-system CV2 train-sim-0,val,8,20,20,-0.4433667647588733,0.17040207522697795,7.740435830783099e-05,1.7919142919708975e-05,0.00014283973723649979,7.971348734508539
one-system CV2 train-sim-0,val,9,20,20,-0.4602437608821822,-0.3761003828633709,8.91054660314694e-05,2.0469418814172968e-05,0.00018148563685826957,8.866184160177983
one-system CV2 train-sim-0,val,10,20,20,-0.46431579713611265,-0.059184579622326115,6.49013090878725e-05,2.00672002392821e-05,0.00013867014786228538,6.910288740271536
one-system CV2 train-sim-0,val,11,20,20,-0.451918663176968,0.3429058100231549,0.00014939912944100797,1.8343205738347024e-05,0.00022345432080328465,12.181857631141686
one-system CV2 train-sim-0,val,12,20,20,-0.462342872996564,0.12840835317030946,0.00019245110161136836,1.693646117928438e-05,0.0002931773487944156,17.310425459659296
one-system CV2 train-sim-0,val,13,20,20,-0.44023985665371584,-0.008793537279830486,9.911522647598758e-05,1.766948844306171e-05,0.00018222478684037924,10.312963356442477
one-system CV2 train-sim-0,val,14,20,20,-0.4256022824172584,0.03747354887097206,0.00013415428111329675,1.628680001886096e-05,0.00022312838700599968,13.699952522754957
one-system CV2 train-sim-0,val,15,20,20,-0.4795828026467025,-0.2856989765846863,0.0001346889475826174,1.988374424399808e-05,0.00024748817668296397,12.446759204201111
one-system CV2 train-sim-0,val,16,20,20,-0.4504056370215197,0.18395298122440296,0.00016839658201206475,1.8024709788733162e-05,0.00026126878219656646,14.495034053745467
one-system CV2 train-sim-0,val,17,20,20,-0.45608087915090556,0.17108611772432478,0.00012691420852206647,1.6309724742313847e-05,0.0002056848898064345,12.611180939970552
one-system CV2 train-sim-0,val,18,20,20,-0.4342718949732251,0.05750395792524217,0.00012829784827772528,1.687021904217545e-05,0.00021633016876876354,12.823198574241353
one-system CV2 train-sim-0,val,19,20,20,-0.4655570793953669,-0.10976827281803374,0.00015536622959189117,1.8617241948959418e-05,0.0002661445178091526,14.295593221531309
one-system CV2 train-sim-0,test,0,20,20,-0.465256635865456,-0.1542993297025555,0.00020237278658896685,1.8575281501398422e-05,0.0003311510372441262,17.82751110497011
one-system CV2 train-sim-0,test,1,20,20,-0.4694064100855059,-0.345580404685836,7.746896881144494e-05,2.2350732251652516e-05,0.0001705966133158654,7.632708020259704
one-system CV2 train-sim-0,test,2,20,20,-0.44657974691012065,0.34611467422720144,0.0001823472703108564,1.7749134713085368e-05,0.000264025671640411,14.875410881058938
one-system CV2 train-sim-0,test,3,20,20,-0.4404230222500025,-0.3487947705297562,6.271007441682741e-05,1.9685130610014312e-05,0.00013913206930737942,7.067876361287616
one-system CV2 train-sim-0,test,4,20,20,-0.4647533214452102,0.16286176992999687,0.00014462431136053056,1.789997986634262e-05,0.00023225306358654052,12.97504607942306
one-system CV2 train-sim-0,test,5,20,20,-0.4308437838181934,0.052787726519484685,0.0001363628834951669,1.7729509636410512e-05,0.00022988187265582383,12.966059263349448
one-system CV2 train-sim-0,test,6,20,20,-0.4405216847316098,-0.26424926134837495,0.00018947992066387087,1.9051793060498312e-05,0.000318435049848631,16.71417744447735
one-system CV2 train-sim-0,test,7,20,20,-0.44107349577886323,-0.348486065376275,0.0001723580644465983,1.976709063455928e-05,0.0002999175922013819,15.172571307839746
one-system CV2 train-sim-0,test,8,20,20,-0.4348122748982994,-0.3699409319623715,9.664637764217332e-05,1.8575334252091125e-05,0.0001885330129880458,10.149643092792349
one-system CV2 train-sim-0,test,9,20,20,-0.46688976848499336,0.07188890386948901,0.000190465958439745,1.6727355614420958e-05,0.00029652079683728516,17.726698927931512
one-system CV2 train-sim-0,test,10,20,20,-0.43744512366847244,0.1464404083255999,0.00012832209176849574,1.7667392967268825e-05,0.00021355311037041247,12.087414977752958
one-system CV2 train-sim-0,test,11,20,20,-0.45966871105025797,0.21529328324883765,0.00019523924856912345,1.7791091522667557e-05,0.0002910393523052335,16.358712557597798
one-system CV2 train-sim-0,test,12,20,20,-0.4359685415035969,-0.31216277883660376,0.00014729515532962978,1.9497403627610765e-05,0.00026336079463362694,13.507480260637116
one-system CV2 train-sim-0,test,13,20,20,-0.43329812687258856,-0.33368686199125014,0.00016225253057200462,2.1218607798800804e-05,0.00029174561495892704,13.749517297521066
one-system CV2 train-sim-0,test,14,20,20,-0.44768185565251994,-0.08799331365737718,0.00017779231711756438,1.7585467503522523e-05,0.0002925210283137858,16.63424803777274
one-system CV2 train-sim-0,test,15,20,20,-0.4756605335200866,-0.2984133767829478,0.00022603519028052688,1.8588876628200524e-05,0.00036450172774493694,19.608593624854358
one-system CV2 train-sim-0,test,16,20,20,-0.4202011405220275,-0.16288160833953835,0.00010927789116976783,1.835780858527869e-05,0.00020403519738465548,11.114354768263208
one-system CV2 train-sim-0,test,17,20,20,-0.46639614106278665,0.3538436822234718,0.00016151713498402387,1.8663426089915447e-05,0.0002378641365794465,12.744934152683438
one-system CV2 train-sim-0,test,18,20,20,-0.45530549171883666,0.35232607767819035,0.0002410372981103137,1.8867040125769563e-05,0.00033721092040650547,17.873016549422907
one-system CV2 train-sim-0,test,19,20,20,-0.46953278658106656,-0.207038153654226,8.156746480381116e-05,1.9085016901954077e-05,0.00016697942919563502,8.749241881915143
one-system CV2 train-sim-0,test,20,20,20,-0.4857287011676517,-0.29186724739563435,5.796021287096664e-05,2.3802715077181347e-05,0.00014140980783849955,5.940910832229519
one-system CV2 train-sim-0,test,21,20,20,-0.46025180246306485,-0.26753948680274964,0.00015811914636287838,1.9414426787989214e-05,0.0002787663834169507,14.35872335872467
one-system CV2 train-sim-0,test,22,20,20,-0.4750259597586119,0.18737026983873542,0.0001710626092972234,1.7377831682097167e-05,0.000260463246377185,14.988247736656184
one-system CV2 train-sim-0,test,23,20,20,-0.46210231935558405,-0.06583773378768566,0.0001331375679001212,1.8716551494435407e-05,0.00023355595476459712,12.478578376686288
one-system CV2 train-sim-0,test,24,20,20,-0.46352039334869044,0.3415171461938635,0.00010304962779628113,1.9494460502755828e-05,0.00016494478040840477,8.461110292592473
one-system CV2 train-sim-0,test,25,20,20,-0.4855057251908397,-0.23853506605090752,7.890919368946925e-05,1.9977671399828978e-05,0.00016454426804557443,8.236408776199164
one-system CV2 train-sim-0,test,26,20,20,-0.4848588350217571,-0.2920890347510785,0.00018931184604298323,1.8978416846948676e-05,0.0003181337960995734,16.76292594188237
one-system CV2 train-sim-0,test,27,20,20,-0.4594138857732176,0.3592406209228639,0.00017863849643617868,1.8757009456749074e-05,0.00025805694167502224,13.757893670100444
one-system CV2 train-sim-0,test,28,20,20,-0.4540834484034905,-0.3226098535286285,0.00016505552048329264,1.92392853932688e-05,0.0002876706712413579,14.952253441908217
one-system CV2 train-sim-0,test,29,20,20,-0.44623073217726394,-0.01972935038796642,0.00016068885452114046,1.624518699827604e-05,0.0002600900479592383,16.01028341420997
one-system CV2 train-sim-0,test,30,20,20,-0.4619453263625919,0.20744117023531905,0.000221632668399252,1.7661326637608e-05,0.00032352664857171476,18.318366179967345
one-system CV2 train-sim-0,test,31,20,20,-0.4427331138264099,0.051835132986226884,0.00011237860599067062,1.858309769886546e-05,0.00020133666112087667,10.834397170132123
one-system CV2 train-sim-0,test,32,20,20,-0.4777637816475475,-0.029593581480994346,8.391189476242289e-05,1.794587296899408e-05,0.00016231801419053227,9.04486588481801
one-system CV2 train-sim-0,test,33,20,20,-0.44769082915238334,0.3488632128214685,0.0001752408716129139,1.8438575352774933e-05,0.00025577624910511076,13.87180105900196
one-system CV2 train-sim-0,test,34,20,20,-0.44311987019775834,0.2128294920867606,0.00021520256996154785,1.6719781342544593e-05,0.00031517192837782204,18.850242232286025
one-system CV2 train-sim-0,test,35,20,20,-0.4576874023244535,0.40517194838848997,0.0001188251335406676,1.9074381270911545e-05,0.00017863574612420052,9.365218383079101
one-system CV2 train-sim-0,test,36,20,20,-0.4431578341455927,0.0005558496559025939,8.387982961721718e-05,1.642723145778291e-05,0.00015662975783925503,9.534762947839688
one-system CV2 train-sim-0,test,37,20,20,-0.4600889098705693,0.16770923209663502,0.00023139402037486434,1.6948180928011425e-05,0.0003373247745912522,19.903302662631617
one-system CV2 train-sim-0,test,38,20,20,-0.45024291412827827,0.0042641134306492965,0.0001877706527011469,1.762400643201545e-05,0.000299817300401628,17.01186966528708
one-system CV2 train-sim-0,test,39,20,20,-0.4740235585864848,-0.31079866800570854,7.545563858002424e-05,2.0531355403363705e-05,0.0001613868516869843,7.860506455435664
one-system CV2 train-sim-0,test,40,20,20,-0.46735914587085153,-0.459887879373671,5.3503626986639574e-05,2.4152164769475348e-05,0.00013006225344724953,5.385117843002975
one-system CV2 train-sim-0,test,41,20,20,-0.44549276495893625,-0.3295598175523438,0.00016778023564256728,1.8729519069893286e-05,0.00028984434902668,15.47526916975618
one-system CV2 train-sim-0,test,42,20,20,-0.4538198570946491,-0.01962301696976397,0.0001688834890956059,1.5734174667159095e-05,0.0002707810781430453,17.20974146220893
one-system CV2 train-sim-0,test,43,20,20,-0.4594364679527775,0.36455525606469,0.00010894043953157961,2.0011015294585377e-05,0.00017234431288670748,8.612472198416677
one-system CV2 train-sim-0,test,44,20,20,-0.46011406729669535,-0.08653050327059138,0.00015466722834389657,1.867963328550104e-05,0.00026510615134611726,14.19225673728243
one-system CV2 train-sim-0,test,45,20,20,-0.4582727975999547,-0.45796527566250383,7.116537017282099e-05,2.3721724573988467e-05,0.00016287619655486196,6.866119537255746
one-system CV2 train-sim-0,test,46,20,20,-0.4404593373493976,0.16157285157781903,0.00016034480358939618,1.7066682630684227e-05,0.0002517985412850976,14.753806977835778
one-system CV2 train-sim-0,test,47,20,20,-0.46487666937312766,0.1733113587610527,0.00019683458958752453,1.8037331756204367e-05,0.00029987021116539836,16.624976200387895
one-system CV2 train-sim-0,test,48,20,20,-0.4730927417019058,-0.19823626155503885,7.790644303895533e-05,1.984260234166868e-05,0.00016104154929053038,8.115949033174418
one-system CV2 train-sim-0,test,49,20,20,-0.4482672780871274,-0.12262720284474193,0.0002130087959812954,1.7269290765398182e-05,0.00033821817487478256,19.58494876653866
one-system CV2 train-sim-0,test,50,20,20,-0.45602529648496515,-0.36087781089135734,0.00018992566037923098,1.8915292457677424e-05,0.00032065939740277827,16.95238908519374
one-system CV2 train-sim-0,test,51,20,20,-0.4457077147871798,0.2104623856182687,0.00012316773063503206,1.7226702766492963e-05,0.00020065921125933528,11.648149618604338
one-system CV2 train-sim-0,test,52,20,20,-0.45211984261175986,-0.35196907590930315,0.00011732423445209861,2.0771300114574842e-05,0.0002253627753816545,10.849719282786808
one-system CV2 train-sim-0,test,53,20,20,-0.4524347351505412,-0.22371364653243847,0.00015075670671649277,1.7130258129327558e-05,0.0002573795209173113,15.024847785373952
one-system CV2 train-sim-0,test,54,20,20,-0.4426276008209167,0.33924070782373383,0.00013649901666212827,1.8370108591625467e-05,0.00020634924294427037,11.232880955224212
one-system CV2 train-sim-0,test,55,20,20,-0.4495768416178627,-0.46102752880921893,9.695538756204769e-05,2.230028076155577e-05,0.00019936841272283345,8.94017500741657
one-system CV2 train-sim-0,test,56,20,20,-0.4330246259891792,0.03121661411783099,8.303260983666405e-05,1.7731050320435315e-05,0.00015542788605671376,8.765858945060952
one-system CV2 train-sim-0,test,57,20,20,-0.42751069464249336,0.018819636532843884,6.89765001880005e-05,1.9474087821436115e-05,0.00014306434604804963,7.346395238629429
one-system CV2 train-sim-0,test,58,20,20,-0.47382705355853905,-0.38046272493573263,0.00015410887135658413,1.9177939975634217e-05,0.00027268746634945273,14.218809042884958
one-system CV2 train-sim-0,test,59,20,20,-0.45292731873309483,0.3570672873465933,0.00016088035772554576,1.9601540770963766e-05,0.0002402287645963952,12.255606199705069
one-system CV2 train-sim-0,test,60,20,20,-0.48727000661015346,-0.24209534069485592,0.00015971159155014902,1.8961802197736688e-05,0.00027734850300475955,14.626695295759616
one-system CV2 train-sim-0,test,61,20,20,-0.4551633583069437,-0.18133304872191686,0.00022235068900045007,1.786665598046966e-05,0.0003542739723343402,19.828778968017463
one-system CV2 train-sim-0,test,62,20,20,-0.47634902769961857,-0.27979301557583797,0.0001309553044848144,1.9918197722290643e-05,0.00024071258667390794,12.085058599680643
one-system CV2 train-sim-0,test,63,20,20,-0.4608500511874818,0.34294871794871795,0.0002249924000352621,1.8691967852646485e-05,0.0003175509045831859,16.988628863826435
one-system CV2 train-sim-0,test,64,20,20,-0.4708952048198168,0.09910948140387638,0.00016595060878898948,1.8592523701954633e-05,0.0002664717612788081,14.332199627681202
one-system CV2 train-sim-0,test,65,20,20,-0.45123113077721083,0.14501655806003633,0.00019111995061393827,1.6847563529154286e-05,0.0002899934770539403,17.212784302733976
one-system CV2 train-sim-0,test,66,20,20,-0.43093644798423514,-0.03649713275095128,6.642736116191372e-05,2.100569508911576e-05,0.0001419227191945538,6.756392425599474
one-system CV2 train-sim-0,test,67,20,20,-0.44397223635200106,-0.33998265394622723,0.00011750599514925852,1.9193015759810805e-05,0.00022147009440232068,11.539098241458632
one-system CV2 train-sim-0,test,68,20,20,-0.4447765385541202,-0.20905904556484228,0.00019457063172012568,1.8824597646016628e-05,0.0003231459413655102,17.16615395675612
one-system CV2 train-sim-0,test,69,20,20,-0.44974046249716443,-0.05747309262499337,0.00020579221018124372,1.7031870811479166e-05,0.00032501821988262236,19.08294300022321
one-system CV2 train-sim-0,test,70,20,20,-0.4625125436039566,0.19520105471324983,0.0001542622339911759,1.827830601541791e-05,0.0002432965993648395,13.31067546191735
one-system CV2 train-sim-0,test,71,20,20,-0.46255024850857146,-0.4066033952680123,0.00014029219164513052,1.9246195734012872e-05,0.00025382632156834006,13.188389283590475
one-system CV2 train-sim-0,test,72,20,20,-0.43617578362023823,-0.3198725879906284,0.00011007386638084427,2.2768950657336973e-05,0.000219605746679008,9.644965636931676
one-system CV2 train-sim-0,test,73,20,20,-0.4671792278865029,-0.28874297919468395,0.00014807088882662356,2.002749897656031e-05,0.0002660249301698059,13.282983086463013
one-system CV2 train-sim-0,test,74,20,20,-0.4647635688200479,-0.22872206879236756,0.00013900794147048146,1.652019636821933e-05,0.0002402843238087371,14.544883030021557
one-system CV2 train-sim-0,test,75,20,20,-0.4358109604002775,0.18127933485315811,0.0001734936813591048,1.7331140043097548e-05,0.0002691170375328511,15.527947778601675
one-system CV2 train-sim-0,test,76,20,20,-0.4550720100187852,0.3475898801597869,0.00024932113592512906,1.8524451661505736e-05,0.00034650921588763595,18.7055046065245
one-system CV2 train-sim-0,test,77,20,20,-0.4661351122558986,0.19034257923146813,0.000188557940418832,1.6780222722445615e-05,0.00028317750548012555,16.875670255636162
one-system CV2 train-sim-0,test,78,20,20,-0.47015813042261406,0.059018987341772154,0.00019065989181399345,1.737618185870815e-05,0.00029727898072451353,17.10841789881077
one-system CV2 train-sim-0,train,0,30,30,-0.4593004324021416,-0.4001104972375691,9.426254109712318e-05,4.407133747008629e-05,0.0002495787921361625,5.663063715857631
one-system CV2 train-sim-0,val,0,30,30,-0.4266610905975234,-0.1661552028218695,4.0294125938089564e-05,5.263390994514339e-05,0.00014474593626800925,2.7500509922000425
one-system CV2 train-sim-0,val,1,30,30,-0.44838090438108225,0.13164935200305758,0.00012887304183095694,4.153904228587635e-05,0.00026569352485239506,6.396236172800095
one-system CV2 train-sim-0,val,2,30,30,-0.4823301489745474,-0.3727525684931507,0.0001055731117958203,4.533511310000904e-05,0.00026880361838266253,5.929258801884602
one-system CV2 train-sim-0,val,3,30,30,-0.463183315373975,0.13790309512234647,0.00012866148608736694,3.779608232434839e-05,0.0002515514206606895,6.655489278015437
one-system CV2 train-sim-0,val,4,30,30,-0.45329295407498277,0.04893836920454751,0.00011618541611824185,3.749839379452169e-05,0.00024511347874067724,6.536639411378921
one-system CV2 train-sim-0,val,5,30,30,-0.4620007653771222,0.3608208822165959,0.00011002002429449931,4.1521609091432765e-05,0.0001924310636240989,4.634479921054012
one-system CV2 train-sim-0,val,6,30,30,-0.44568102444703145,-0.3265734265734266,8.354837336810306e-05,5.113912993692793e-05,0.0002436258946545422,4.763982002725045
one-system CV2 train-sim-0,val,7,30,30,-0.46456395424581154,-0.3225323159471795,0.00015696354967076331,4.178104063612409e-05,0.00034537192550487816,8.266235599844489
one-system CV2 train-sim-0,val,8,30,30,-0.4422996847302362,0.16987562059958136,5.953776781097986e-05,4.02897312596906e-05,0.00014550265041179955,3.6114078168938604
one-system CV2 train-sim-0,val,9,30,30,-0.45897524824766356,-0.4025103195801192,6.035153637640178e-05,4.691466165240854e-05,0.0001847407838795334,3.937804885992374
one-system CV2 train-sim-0,val,10,30,30,-0.463386491943792,-0.0655287492178266,4.3854775867657736e-05,4.5594217226607725e-05,0.0001411802222719416,3.096450182931359
one-system CV2 train-sim-0,val,11,30,30,-0.4510163850690759,0.3433954223413889,0.00012894856627099216,4.123692633584142e-05,0.00022743902809452266,5.515421451206516
one-system CV2 train-sim-0,val,12,30,30,-0.46135996558120507,0.12259254570772375,0.00015793200873304158,3.8025616959203035e-05,0.00029822008218616247,7.842609957022319
one-system CV2 train-sim-0,val,13,30,30,-0.43922137270410405,-0.01170158315536808,7.261268183356151e-05,3.9951028156792745e-05,0.00018553744303062558,4.644121855949764
one-system CV2 train-sim-0,val,14,30,30,-0.42462940586474596,0.027647048297335504,0.00010452936112415045,3.634540917119011e-05,0.00022712246573064476,6.249000105099319
one-system CV2 train-sim-0,val,15,30,30,-0.47844930448103584,-0.31576697715008284,9.350378240924329e-05,4.64090880996082e-05,0.00025183719117194414,5.426462821924533
one-system CV2 train-sim-0,val,16,30,30,-0.4494128308726353,0.1818407387058469,0.00013827250222675502,4.0630591684021056e-05,0.00026580714620649815,6.542044680856398
one-system CV2 train-sim-0,val,17,30,30,-0.45474232734409364,0.1689806357325539,0.00010203762212768197,3.6604691558750346e-05,0.0002093781076837331,5.719980110956058
one-system CV2 train-sim-0,val,18,30,30,-0.4330806228091628,0.051660912652272684,9.885410690912977e-05,3.810734779108316e-05,0.00022018035815563053,5.77789772625297
one-system CV2 train-sim-0,val,19,30,30,-0.46443084925595896,-0.12455852012448858,0.0001158618979388848,4.261951835360378e-05,0.0002707850653678179,6.353545882925753
one-system CV2 train-sim-0,test,0,30,30,-0.46446013377216266,-0.1766819585201207,0.00015379744581878185,4.241309216013178e-05,0.0003367986937519163,7.940913444375234
one-system CV2 train-sim-0,test,1,30,30,-0.46847492806264446,-0.37367925700992666,4.8653120757080615e-05,5.207998401601799e-05,0.00017372997535858303,3.3358300437486643
one-system CV2 train-sim-0,test,2,30,30,-0.44554173184602563,0.3470418602942527,0.00015819001419004053,3.992187339463271e-05,0.0002686662774067372,6.7298013485223365
one-system CV2 train-sim-0,test,3,30,30,-0.4391751547833034,-0.3775729143937741,4.094014366273768e-05,4.5936925744172186e-05,0.00014171403017826378,3.0849698337996077
one-system CV2 train-sim-0,test,4,30,30,-0.46387091124750235,0.16148462797256363,0.00011674736015265808,4.032889773952775e-05,0.0002363936509937048,5.8616442363612435
one-system CV2 train-sim-0,test,5,30,30,-0.42990971099633324,0.04748682899045992,0.00010497975017642602,4.025057933176868e-05,0.000234007224207744,5.813760400289407
one-system CV2 train-sim-0,test,6,30,30,-0.43960111655002226,-0.2960321158464461,0.00014102179557085037,4.401653495733626e-05,0.00032390595879405737,7.358733691963906
one-system CV2 train-sim-0,test,7,30,30,-0.4401399825021872,-0.38178768357750853,0.00012478523422032595,4.587458897731267e-05,0.0003051105886697769,6.650971604795624
one-system CV2 train-sim-0,test,8,30,30,-0.4337906186616916,-0.4000439085969374,6.673081952612847e-05,4.2778876377269626e-05,0.00019197580695617944,4.487630887336372
one-system CV2 train-sim-0,test,9,30,30,-0.46586608493228976,0.06399956769219685,0.00015327558503486216,3.744265632121824e-05,0.00030166804208420217,8.056801298930575
one-system CV2 train-sim-0,test,10,30,30,-0.436507806215422,0.14337487845841068,0.00010118260979652405,3.972016565967351e-05,0.0002174128167098388,5.473613040102962
one-system CV2 train-sim-0,test,11,30,30,-0.4585773356001931,0.21489961315619038,0.00016422104090452194,4.0048635128187016e-05,0.0002960592682939023,7.392493335822323
one-system CV2 train-sim-0,test,12,30,30,-0.4350688697091511,-0.3469343889376489,0.00010577978537185118,4.5186487113824114e-05,0.0002679757308214903,5.930439561421609
one-system CV2 train-sim-0,test,13,30,30,-0.4322768623595706,-0.36664366962090256,0.00011442863615229726,4.956830161972903e-05,0.00029682659078389406,5.988234034344078
one-system CV2 train-sim-0,test,14,30,30,-0.44674270657940157,-0.10492464408017105,0.00013606349239125848,3.9931401261128485e-05,0.0002976223186124116,7.4533402087778535
one-system CV2 train-sim-0,test,15,30,30,-0.47458547488855496,-0.338183893287681,0.00017294961435254663,4.2922656575683504e-05,0.00037060261820442975,8.6341957318267
one-system CV2 train-sim-0,test,16,30,30,-0.41925017426228967,-0.17478789166976638,7.726080366410315e-05,4.1907613194780424e-05,0.0002077135577565059,4.956463561670378
one-system CV2 train-sim-0,test,17,30,30,-0.4653186427945411,0.3540670709953621,0.00014022174582351,4.212879866827279e-05,0.00024205648514907807,5.745629896904012
one-system CV2 train-sim-0,test,18,30,30,-0.45422281590906116,0.3533724862075102,0.00021143662161193788,4.24610661866609e-05,0.00034292828058823943,8.076299334564755
one-system CV2 train-sim-0,test,19,30,30,-0.4684535627619678,-0.21624103399286185,5.458469604491256e-05,4.323597386246547e-05,0.00017003202810883522,3.932651746198909
one-system CV2 train-sim-0,test,20,30,30,-0.4846280958015423,-0.30726844237974943,3.474431287031621e-05,5.4758067562943324e-05,0.0001439815532648936,2.629412608459742
one-system CV2 train-sim-0,test,21,30,30,-0.4593631723821539,-0.3098057709774331,0.0001130697492044419,4.524388714344241e-05,0.00028366001788526773,6.269576638849456
one-system CV2 train-sim-0,test,22,30,30,-0.47396726887559487,0.18541777541245344,0.00014246368664316833,3.9087019104044884e-05,0.00026494977646507323,6.7784595126021046
one-system CV2 train-sim-0,test,23,30,30,-0.461276669667251,-0.07551780916890545,9.874029638012871e-05,4.258125045453198e-05,0.0002377290657022968,5.582951725575615
one-system CV2 train-sim-0,test,24,30,30,-0.462470871412269,0.34168347309202846,8.85663102963008e-05,4.391522452351637e-05,0.00016791302186902612,3.8235719773927053
one-system CV2 train-sim-0,test,25,30,30,-0.4846788227283045,-0.2559177164155034,5.219865488470532e-05,4.565198105410673e-05,0.00016749567294027656,3.668968335498096
one-system CV2 train-sim-0,test,26,30,30,-0.48384038143743396,-0.32998625938061515,0.00014010313316248357,4.428644751897082e-05,0.0003236193733755499,7.307413249548235
one-system CV2 train-sim-0,test,27,30,30,-0.45847012475377547,0.3608300493485284,0.0001563584664836526,4.222751158522442e-05,0.0002625659108161926,6.217887366776912
one-system CV2 train-sim-0,test,28,30,30,-0.4531342609579182,-0.3609730995812336,0.00011960358096985146,4.470559360925108e-05,0.00029268761863932014,6.547002176004062
one-system CV2 train-sim-0,test,29,30,30,-0.4451747677845339,-0.03466911569912223,0.0001258596166735515,3.651211955002509e-05,0.00026464840630069375,7.248234546835884
one-system CV2 train-sim-0,test,30,30,30,-0.4608166952020168,0.20542409965944983,0.00018761761020869017,3.9869195461506024e-05,0.0003290549211669713,8.253362460867214
one-system CV2 train-sim-0,test,31,30,30,-0.4416083974433857,0.04802390098164746,8.36794642964378e-05,4.205921868560836e-05,0.00020498645608313382,4.873758060400566
one-system CV2 train-sim-0,test,32,30,30,-0.4765334019184789,-0.03531145297945866,5.949682599748485e-05,4.0498147427570075e-05,0.00016528702690266073,4.081347849263289
one-system CV2 train-sim-0,test,33,30,30,-0.4466312149827117,0.34884504843345276,0.00015201747009996325,4.14935166190844e-05,0.00026031307061202824,6.273584208389333
one-system CV2 train-sim-0,test,34,30,30,-0.44206303262025604,0.21106401478100206,0.00018161504704039544,3.752221891772933e-05,0.00032058285432867706,8.543813867500276
one-system CV2 train-sim-0,test,35,30,30,-0.4564223040916938,0.40637773016187406,0.0001054405584000051,4.3003165046684444e-05,0.00018186299712397158,4.229060743006712
one-system CV2 train-sim-0,test,36,30,30,-0.4423265139349481,-0.006937701908309354,6.139704782981426e-05,3.696250496432185e-05,0.00015954120317474008,4.316298457821991
one-system CV2 train-sim-0,test,37,30,30,-0.4591660273830111,0.1652274035693725,0.000195158165297471,3.805864980677143e-05,0.00034305016743019223,9.013724059363673
one-system CV2 train-sim-0,test,38,30,30,-0.4492094930331144,-0.006013805605912704,0.00014780450146645308,3.973766433773562e-05,0.0003050151572097093,7.67571930290984
one-system CV2 train-sim-0,test,39,30,30,-0.4731186860334351,-0.33021258623116995,4.903272201772779e-05,4.725663166027516e-05,0.0001643428549868986,3.4776675614197106
one-system CV2 train-sim-0,test,40,30,30,-0.46627089484080625,-0.49734350583693354,3.4532426070654765e-05,5.78740073251538e-05,0.00013249952462501824,2.2894479015526876
one-system CV2 train-sim-0,test,41,30,30,-0.4444598280421449,-0.35556168413311273,0.00012316351057961583,4.2876610677922145e-05,0.00029489200096577406,6.8776891713975585
one-system CV2 train-sim-0,test,42,30,30,-0.4528274447926589,-0.031174793587322745,0.0001330313680227846,3.505931090330705e-05,0.00027550876257009804,7.858362171747935
one-system CV2 train-sim-0,test,43,30,30,-0.4583746933118574,0.3655604865515569,9.432338993065059e-05,4.512622763286345e-05,0.00017547847528476268,3.8886138835360886
one-system CV2 train-sim-0,test,44,30,30,-0.4591669277476913,-0.09729326513213982,0.00011495386570459232,4.284841998014599e-05,0.0002697463205549866,6.295362131905325
one-system CV2 train-sim-0,test,45,30,30,-0.4573236855882133,-0.48394878456114304,4.4285625335760415e-05,5.5314256314886734e-05,0.00016582866373937577,2.9979371465353366
one-system CV2 train-sim-0,test,46,30,30,-0.4393645440028654,0.15931718714582135,0.00013034901348873973,3.8263799069682136e-05,0.00025628070579841733,6.697732897136142
one-system CV2 train-sim-0,test,47,30,30,-0.4639865066529697,0.17085365853658538,0.00016179541125893593,4.0753078792477027e-05,0.000305017369100824,7.484523332679588
one-system CV2 train-sim-0,test,48,30,30,-0.4720354303970615,-0.21363172032840225,5.237585719441995e-05,4.569960219669156e-05,0.00016396140563301742,3.5878081591897857
one-system CV2 train-sim-0,test,49,30,30,-0.44729833313845474,-0.1390703034959662,0.00016674454673193395,3.8736940041417256e-05,0.0003440020082052797,8.880464172892212
one-system CV2 train-sim-0,test,50,30,30,-0.4551004175780473,-0.4020383823051068,0.00014016687055118382,4.401604746817611e-05,0.0003261671226937324,7.410186544567713
one-system CV2 train-sim-0,test,51,30,30,-0.44459388840819336,0.20911479894884624,9.953631524695083e-05,3.8699901779182255e-05,0.00020427454728633165,5.278425471255758
one-system CV2 train-sim-0,test,52,30,30,-0.4510947876205989,-0.3845781549789985,8.03171205916442e-05,4.8505538870813325e-05,0.00022938763140700758,4.729101804598945
one-system CV2 train-sim-0,test,53,30,30,-0.4514068898155453,-0.25126098861507423,0.00011301889026071876,3.891575397574343e-05,0.0002619081933517009,6.730132827824712
one-system CV2 train-sim-0,test,54,30,30,-0.4415380418158219,0.3396293152235427,0.00011776552855735645,4.1353374399477616e-05,0.00021001750428695232,5.078606216222232
one-system CV2 train-sim-0,test,55,30,30,-0.4484844879889194,-0.49076446722186634,6.419136479962617e-05,5.1787115808110684e-05,0.00020296347793191671,3.9191886778164506
one-system CV2 train-sim-0,test,56,30,30,-0.4318743263737207,0.026703706919003384,6.158066389616579e-05,4.0000126318773255e-05,0.00015825389709789306,3.956334933462942
one-system CV2 train-sim-0,test,57,30,30,-0.42668899830494794,0.014949536702145981,4.75726010336075e-05,4.40251715190243e-05,0.00014572308282367885,3.309994664318537
one-system CV2 train-sim-0,test,58,30,30,-0.47259578242582045,-0.4085527257118329,0.00011150913633173332,4.4013704609824345e-05,0.00027744422550313175,6.303587211361507
one-system CV2 train-sim-0,test,59,30,30,-0.4518989630584665,0.3575257441105939,0.00013885169755667448,4.4129512389190495e-05,0.0002445047430228442,5.540617373391497
one-system CV2 train-sim-0,test,60,30,30,-0.48614611385532625,-0.26914719773017043,0.00011627688945736736,4.392562550492585e-05,0.00028217400540597737,6.423904091572565
one-system CV2 train-sim-0,test,61,30,30,-0.4542529968212631,-0.20737081526760964,0.0001721972948871553,4.0909857489168644e-05,0.0003602644719649106,8.806299852310529
one-system CV2 train-sim-0,test,62,30,30,-0.47530849852431967,-0.29996883980195965,9.284379484597594e-05,4.578682637657039e-05,0.00024494630633853376,5.349711384754882
one-system CV2 train-sim-0,test,63,30,30,-0.4598439065052401,0.34358362564769146,0.00019666552543640137,4.211776104057208e-05,0.0003229756257496774,7.668394942422384
one-system CV2 train-sim-0,test,64,30,30,-0.469912598151314,0.0939923662791711,0.00013203338312450796,4.2427334847161546e-05,0.00027113547548651695,6.390584665834987
one-system CV2 train-sim-0,test,65,30,30,-0.45013782584969286,0.14207844953507429,0.00015771524340379983,3.784590808209032e-05,0.0002949914487544447,7.794540115528169
one-system CV2 train-sim-0,test,66,30,30,-0.42985523747560184,-0.0457618954166741,4.5394197513815016e-05,4.8086723836604506e-05,0.00014457599900197238,3.0065678729379033
one-system CV2 train-sim-0,test,67,30,30,-0.443057532018703,-0.35860707688964544,8.230446110246703e-05,4.359150261734612e-05,0.00022541830549016595,5.171152448423893
one-system CV2 train-sim-0,test,68,30,30,-0.4437703874612141,-0.23559157909837536,0.0001449607516406104,4.396084841573611e-05,0.0003286659193690866,7.476332491604921
one-system CV2 train-sim-0,test,69,30,30,-0.4489045300592718,-0.07462211051718645,0.00016227176820393652,3.8173133361851797e-05,0.00033062390866689384,8.6611676734219
one-system CV2 train-sim-0,test,70,30,30,-0.46144069469113874,0.19359375549382932,0.00012627660180442035,4.114871262572706e-05,0.0002475744695402682,6.016578739464119
one-system CV2 train-sim-0,test,71,30,30,-0.46152293523114646,-0.43038788484891777,0.00010080942593049258,4.383279519970529e-05,0.0002583189052529633,5.893279314632896
one-system CV2 train-sim-0,test,72,30,30,-0.43528568840281323,-0.34821068857398096,7.324595208046958e-05,5.332339060259983e-05,0.00022361981973517686,4.193653426912318
one-system CV2 train-sim-0,test,73,30,30,-0.46617677407942454,-0.3161460161460162,0.00010566598211880773,4.643464490072802e-05,0.0002706824743654579,5.829321510784592
one-system CV2 train-sim-0,test,74,30,30,-0.4638238459978472,-0.2559123677558281,0.00010404719068901613,3.7055131542729214e-05,0.0002445847203489393,6.600562733582593
one-system CV2 train-sim-0,test,75,30,30,-0.43481823436025374,0.18020241032793333,0.00014177260163705796,3.896932321367785e-05,0.00027386719011701643,7.027763572267832
one-system CV2 train-sim-0,test,76,30,30,-0.4540832826669081,0.3480916030534351,0.00021915577235631645,4.166367943980731e-05,0.00035240896977484226,8.458421687983114
one-system CV2 train-sim-0,test,77,30,30,-0.46528524909985514,0.189612148866391,0.00015746682765893638,3.758188904612325e-05,0.00028813997050747275,7.6669900800847515
one-system CV2 train-sim-0,test,78,30,30,-0.4691104560430033,0.05460421167255036,0.00015340722166001797,3.925757118850015e-05,0.000302403059322387,7.703050651563765
one-system CV2 train-sim-0,train,0,40,40,-0.4583908736115281,-0.42006022764946405,6.392694194801152e-05,7.972279854584485e-05,0.00025411645765416324,3.187500467736751
one-system CV2 train-sim-0,val,0,40,40,-0.42546872474543396,-0.17622582690478705,2.966895954159554e-05,9.510664676781744e-05,0.00014752009883522987,1.5511018824516933
one-system CV2 train-sim-0,val,1,40,40,-0.44742428582971566,0.13053558403667812,0.00010406720684841275,7.38977687433362e-05,0.000270441931206733,3.6596765478270323
one-system CV2 train-sim-0,val,2,40,40,-0.48122994967183685,-0.39409143820495324,7.30992978787981e-05,8.18435219116509e-05,0.0002735217858571559,3.34200898823024
one-system CV2 train-sim-0,val,3,40,40,-0.46210709687192303,0.1359349241953355,0.000106734674773179,6.724588456563652e-05,0.0002560386201366782,3.807498730822215
one-system CV2 train-sim-0,val,4,40,40,-0.4522726064132854,0.04414044439609453,9.186808165395632e-05,6.688523717457429e-05,0.0002495248045306653,3.7306409466619863
one-system CV2 train-sim-0,val,5,40,40,-0.4608312798331926,0.3612344226346473,0.00010289219790138304,7.389242091448978e-05,0.00019592013268265873,2.651423924916232
one-system CV2 train-sim-0,val,6,40,40,-0.4446016719090063,-0.34351915291186547,5.418018554337323e-05,9.308532753493637e-05,0.0002480282273609191,2.6645254835444425
one-system CV2 train-sim-0,val,7,40,40,-0.46347701409251196,-0.33996127884464444,0.00011603232269408181,7.465517410309985e-05,0.0003513467963784933,4.706261831139505
one-system CV2 train-sim-0,val,8,40,40,-0.44119783996072653,0.1694200397108634,4.98277076985687e-05,7.158632797654718e-05,0.00014826531696598977,2.0711401346715794
one-system CV2 train-sim-0,val,9,40,40,-0.4576602149759983,-0.4165708839113005,4.161921242484823e-05,8.43360903672874e-05,0.0001881252246676013,2.2306609643428765
one-system CV2 train-sim-0,val,10,40,40,-0.46241836734693875,-0.06922776403177497,3.224590909667313e-05,8.150575013132766e-05,0.00014379005006048828,1.7641706238983617
one-system CV2 train-sim-0,val,11,40,40,-0.4500442855787176,0.3436963036963037,0.00011687260848702863,7.328498031711206e-05,0.00023157538089435548,3.1599296321334016
one-system CV2 train-sim-0,val,12,40,40,-0.4603515297276134,0.11928575311192043,0.0001308499340666458,6.752927583875135e-05,0.00030344893457368016,4.493590828639502
one-system CV2 train-sim-0,val,13,40,40,-0.4381871838845313,-0.013244945485339261,5.4254305723588914e-05,7.127227581804618e-05,0.00018897728295996785,2.6514837752959575
one-system CV2 train-sim-0,val,14,40,40,-0.42360453560165584,0.022034126024452507,8.19760316517204e-05,6.435383693315089e-05,0.00023126245650928468,3.5936078955092325
one-system CV2 train-sim-0,val,15,40,40,-0.4772989097678393,-0.33223973753700886,6.216618203325197e-05,8.425316627835855e-05,0.00025634930352680385,3.042607356498248
one-system CV2 train-sim-0,val,16,40,40,-0.44835949605874825,0.1809927682654472,0.00011633460962912068,7.228551112348214e-05,0.00027051629149354994,3.742330756040985
one-system CV2 train-sim-0,val,17,40,40,-0.453360929094535,0.16762649115590292,8.443578553851694e-05,6.5004569478333e-05,0.0002132234221789986,3.2801297491873886
one-system CV2 train-sim-0,val,18,40,40,-0.4318462694162406,0.04830963241212772,7.700795686105266e-05,6.790345651097596e-05,0.00022418610751628876,3.3015419101684635
one-system CV2 train-sim-0,val,19,40,40,-0.4633163915457062,-0.1326862113233252,8.510107727488503e-05,7.661214476684108e-05,0.00027560439775697887,3.5973982792903705
one-system CV2 train-sim-0,test,0,40,40,-0.4636444385959141,-0.18901920788713242,0.00011368907144060358,7.609016029164195e-05,0.0003426566254347563,4.5032974581917795
one-system CV2 train-sim-0,test,1,40,40,-0.4675378086852485,-0.38987996109727013,3.131749326712452e-05,9.463393507758155e-05,0.00017697540170047432,1.8701050691317935
one-system CV2 train-sim-0,test,2,40,40,-0.44449918493026624,0.347359861067082,0.00014203180035110563,7.095588080119342e-05,0.0002734815061558038,3.8542472176767633
one-system CV2 train-sim-0,test,3,40,40,-0.4378634439653467,-0.39448264571054353,2.9652848752448335e-05,8.382369560422376e-05,0.0001443945657229051,1.722598421389921
one-system CV2 train-sim-0,test,4,40,40,-0.46300021298246447,0.1603154088173475,9.692675666883588e-05,7.17385919415392e-05,0.00024069791834335774,3.3552082892776305
one-system CV2 train-sim-0,test,5,40,40,-0.4289453533980279,0.04405251080633972,8.167696796590462e-05,7.19091622158885e-05,0.0002382854581810534,3.3137009365463537
one-system CV2 train-sim-0,test,6,40,40,-0.43864645168190813,-0.31323114158935056,0.00010168142762267962,7.944491517264396e-05,0.000329566013533622,4.1483588070732145
one-system CV2 train-sim-0,test,7,40,40,-0.4391745137361303,-0.40014449513666833,8.674413402331993e-05,8.312502905027941e-05,0.00031047602533362806,3.735048623511843
one-system CV2 train-sim-0,test,8,40,40,-0.432712443513722,-0.4176185174494523,4.5953140215715393e-05,7.743487367406487e-05,0.0001955435291165486,2.5252643910755372
one-system CV2 train-sim-0,test,9,40,40,-0.46482210708117444,0.05966535459697818,0.00012338657688815147,6.636290345340967e-05,0.0003069975646212697,4.626041789096803
one-system CV2 train-sim-0,test,10,40,40,-0.4355170590866577,0.1412203111117005,8.193134272005409e-05,7.057749462546781e-05,0.0002214166015619412,3.137212545400319
one-system CV2 train-sim-0,test,11,40,40,-0.45745750605075003,0.2145510388911494,0.00014118317631073296,7.122313400031999e-05,0.0003012630913872272,4.22984884919377
one-system CV2 train-sim-0,test,12,40,40,-0.43415559494338407,-0.36628727306932557,7.392533007077873e-05,8.186940976884216e-05,0.0002727573155425489,3.3316145348143795
one-system CV2 train-sim-0,test,13,40,40,-0.43120555355465634,-0.3850687622789784,7.716848631389439e-05,9.014260285766795e-05,0.0003021039010491222,3.351399798451946
one-system CV2 train-sim-0,test,14,40,40,-0.4457767380145955,-0.11471929138986584,0.00010233528882963583,7.143077527871355e-05,0.0003028986102435738,4.24044970899032
one-system CV2 train-sim-0,test,15,40,40,-0.4735088971536622,-0.3617499799191411,0.00012871432409156114,7.758213905617595e-05,0.0003769233589991927,4.858378018248101
one-system CV2 train-sim-0,test,16,40,40,-0.41828915345655465,-0.1814065881540688,5.3851763368584216e-05,7.510138675570488e-05,0.0002115306560881436,2.816601200404268
one-system CV2 train-sim-0,test,17,40,40,-0.46420317952694845,0.35430038510911427,0.00012756056094076484,7.504333916585892e-05,0.0002464120916556567,3.283597110611547
one-system CV2 train-sim-0,test,18,40,40,-0.45311019072720427,0.3541082538919597,0.00019042186613660306,7.551255112048239e-05,0.00034886065986938775,4.619902978946782
one-system CV2 train-sim-0,test,19,40,40,-0.4673070794445709,-0.22133288288873584,3.641699004219845e-05,7.717376865912229e-05,0.0001732008095132187,2.2442963784527525
one-system CV2 train-sim-0,test,20,40,40,-0.48348117763543413,-0.31582758489271695,2.3303755369852297e-05,9.857727127382532e-05,0.00014665027265436947,1.4876682095105702
one-system CV2 train-sim-0,test,21,40,40,-0.45845174491303853,-0.33490831511851626,7.754333637421951e-05,8.234585402533412e-05,0.0002887276641558856,3.5062805234499974
one-system CV2 train-sim-0,test,22,40,40,-0.4728701656845856,0.1840438554473362,0.00012167322711320594,6.947330984985456e-05,0.0002696019073482603,3.8806544258640168
one-system CV2 train-sim-0,test,23,40,40,-0.4604544529819565,-0.08115693459109691,7.29362218407914e-05,7.617935625603423e-05,0.00024206553644035012,3.177573929960532
one-system CV2 train-sim-0,test,24,40,40,-0.46140254213136245,0.34198795340568366,8.314222213812172e-05,7.813550473656505e-05,0.00017100025434046984,2.188508987265131
one-system CV2 train-sim-0,test,25,40,40,-0.4838189673755143,-0.2659664600115655,3.502984327496961e-05,8.189886284526438e-05,0.00017056139768101275,2.082585664263287
one-system CV2 train-sim-0,test,26,40,40,-0.4828123321516812,-0.35228892760969427,0.00010010964615503326,8.060541586019099e-05,0.0003293016052339226,4.085353344061791
one-system CV2 train-sim-0,test,27,40,40,-0.4575301138002174,0.36149390852806074,0.00014264909259509295,7.509338320232928e-05,0.000267244380665943,3.558827279707029
one-system CV2 train-sim-0,test,28,40,40,-0.45213967507990127,-0.382506683691792,8.359055937035009e-05,8.107419853331521e-05,0.0002978836710099131,3.67421049358269
one-system CV2 train-sim-0,test,29,40,40,-0.44409444160991446,-0.04316146468125696,9.817197133088484e-05,6.494170520454645e-05,0.0002693830756470561,4.14807518217426
one-system CV2 train-sim-0,test,30,40,40,-0.4597146580239901,0.2040913478703569,0.00016154161130543798,7.102345261955634e-05,0.0003347917809151113,4.713820133589595
one-system CV2 train-sim-0,test,31,40,40,-0.44043515280774415,0.04595524736768036,6.347164890030399e-05,7.501638901885599e-05,0.0002087682660203427,2.7829687452413507
one-system CV2 train-sim-0,test,32,40,40,-0.4752420130960693,-0.0386376193859026,4.32579945481848e-05,7.21354444976896e-05,0.00016836290888022631,2.3339831070926405
one-system CV2 train-sim-0,test,33,40,40,-0.4454957633417571,0.3489111492463849,0.00013718630361836404,7.377679139608517e-05,0.0002650211681611836,3.59220241414899
one-system CV2 train-sim-0,test,34,40,40,-0.4409847114800702,0.20995691588403986,0.00015537482977379113,6.662368105025962e-05,0.0003261977981310338,4.896123915533224
one-system CV2 train-sim-0,test,35,40,40,-0.4551609234919208,0.40700266111929106,0.00010093535820487887,7.65356671763584e-05,0.00018521639867685735,2.42000109896566
one-system CV2 train-sim-0,test,36,40,40,-0.44151358879771135,-0.011097426933110855,4.6323904825840145e-05,6.573084829142317e-05,0.0001625611330382526,2.4731330458040692
one-system CV2 train-sim-0,test,37,40,40,-0.45819208311313336,0.16381358678042984,0.00016639995737932622,6.75755218253471e-05,0.00034898373996838927,5.164351388515478
one-system CV2 train-sim-0,test,38,40,40,-0.44815947539538215,-0.01150386948337168,0.00011562120198504999,7.073727465467528e-05,0.00031039773602969944,4.388036400115737
one-system CV2 train-sim-0,test,39,40,40,-0.4721621495108365,-0.3411117560151963,3.270597517257556e-05,8.507815800840035e-05,0.000167404577950947,1.9676563511685101
one-system CV2 train-sim-0,test,40,40,40,-0.4651209274435339,-0.5189826353984495,2.9524704586947337e-05,0.00010695280798245221,0.00013501696230378002,1.2623975457094339
one-system CV2 train-sim-0,test,41,40,40,-0.4434037998394434,-0.37015635152135146,8.735548180993646e-05,7.698113768128678e-05,0.00030012178467586637,3.8986405464467757
one-system CV2 train-sim-0,test,42,40,40,-0.4518555883836564,-0.037799682566201656,0.0001039279013639316,6.198895425768569e-05,0.0002804138057399541,4.523609231642863
one-system CV2 train-sim-0,test,43,40,40,-0.4572337603309618,0.36585365853658536,8.898587839212269e-05,8.030630851862952e-05,0.00017873368051368743,2.2256493146142393
one-system CV2 train-sim-0,test,44,40,40,-0.4581759029908684,-0.1031078707892076,8.395215991185978e-05,7.700686546741053e-05,0.0002745614619925618,3.565415373370272
one-system CV2 train-sim-0,test,45,40,40,-0.45630951057759994,-0.4982885147339304,2.971817593788728e-05,0.00010030934208771214,0.00016889118705876172,1.683703467131511
one-system CV2 train-sim-0,test,46,40,40,-0.43824768946395565,0.15792571279100184,0.00010784940968733281,6.791899795643985e-05,0.0002609168295748532,3.8415883247010405
one-system CV2 train-sim-0,test,47,40,40,-0.4630349659011926,0.16964204092826454,0.0001349071244476363,7.26038560969755e-05,0.0003103569324593991,4.274661831251244
one-system CV2 train-sim-0,test,48,40,40,-0.47089535974529295,-0.22261178140525195,3.664147516246885e-05,8.235921268351376e-05,0.00016698810213711113,2.0275582621073056
one-system CV2 train-sim-0,test,49,40,40,-0.44631079967023907,-0.14851926658447656,0.0001279529824387282,6.872602534713224e-05,0.00034998668706975877,5.092491313181446
one-system CV2 train-sim-0,test,50,40,40,-0.45414103979393367,-0.42500067774554723,9.955017594620585e-05,7.988273864611983e-05,0.0003318518283776939,4.154236997905092
one-system CV2 train-sim-0,test,51,40,40,-0.44342032675578186,0.2082551341425543,8.363581582671031e-05,6.874609971418977e-05,0.0002080356061924249,3.026144131191847
one-system CV2 train-sim-0,test,52,40,40,-0.4500081489472336,-0.4039272142458789,5.401007365435362e-05,8.830513979773968e-05,0.000233544094953686,2.6447395416462944
one-system CV2 train-sim-0,test,53,40,40,-0.45036411562346423,-0.26606509916393845,8.324007649207488e-05,6.959394522709772e-05,0.0002666038344614208,3.830848123230317
one-system CV2 train-sim-0,test,54,40,40,-0.4403699031830021,0.340026525198939,0.00010747955820988864,7.355283014476299e-05,0.00021382671548053622,2.9071174427917077
one-system CV2 train-sim-0,test,55,40,40,-0.44734449196780385,-0.5068942963546325,4.272991282050498e-05,9.375312220072374e-05,0.00020669754303526133,2.204700368193879
one-system CV2 train-sim-0,test,56,40,40,-0.4306892804837719,0.024046974273513176,4.824046845897101e-05,7.12277033017017e-05,0.0001611814514035359,2.2629039535475957
one-system CV2 train-sim-0,test,57,40,40,-0.42585338556239505,0.012586979254076244,3.515146454446949e-05,7.848486711736768e-05,0.00014847800775896758,1.8918042829445183
one-system CV2 train-sim-0,test,58,40,40,-0.4713183019924442,-0.42435637447791463,7.802557956892997e-05,7.922769873403013e-05,0.0002823767135851085,3.564116061644754
one-system CV2 train-sim-0,test,59,40,40,-0.45081877814306415,0.3575339204951202,0.00012577467714436352,7.847627421142533e-05,0.00024893772206269205,3.172139918263975
one-system CV2 train-sim-0,test,60,40,40,-0.48503079481305444,-0.2852888864934785,8.196724957088009e-05,7.953386375447735e-05,0.00028718303656205535,3.610827174806887
one-system CV2 train-sim-0,test,61,40,40,-0.45333603372109216,-0.22268683747935866,0.00013022474013268948,7.361015013884753e-05,0.0003664644609671086,4.9784501223793605
one-system CV2 train-sim-0,test,62,40,40,-0.4742231638418079,-0.31062620811333236,6.441229925258085e-05,8.244707714766264e-05,0.0002493440406396985,3.0242920582026644
one-system CV2 train-sim-0,test,63,40,40,-0.45880651524845384,0.34384306184314195,0.00017681659664958715,7.492613076465204e-05,0.00032859735074453056,4.385617506083114
one-system CV2 train-sim-0,test,64,40,40,-0.4689180169144668,0.09093163810095684,0.00010676013334887102,7.608517626067623e-05,0.0002759804774541408,3.6272568589261214
one-system CV2 train-sim-0,test,65,40,40,-0.4489913384789287,0.1402320049180766,0.00013175979256629944,6.721472163917497e-05,0.00030017682001926005,4.46593860241931
one-system CV2 train-sim-0,test,66,40,40,-0.4287382707099996,-0.051279993579969506,3.4520078770583495e-05,8.630832599010319e-05,0.0001473219890613109,1.7069267347185488
one-system CV2 train-sim-0,test,67,40,40,-0.4420709105560032,-0.36865651346206146,5.603787940344773e-05,7.792728865751997e-05,0.00022952120343688875,2.945325153626271
one-system CV2 train-sim-0,test,68,40,40,-0.442750650784886,-0.25049675098007623,0.00010433767602080479,8.001495007192716e-05,0.00033439029357396066,4.179097697034992
one-system CV2 train-sim-0,test,69,40,40,-0.44805876180482684,-0.08465770171149144,0.00012620032066479325,6.768371531507e-05,0.0003364225849509239,4.970510016846228
one-system CV2 train-sim-0,test,70,40,40,-0.46031497664666443,0.1926454300933495,0.00010658433166099712,7.319796714000404e-05,0.000252017576713115,3.4429586853291547
one-system CV2 train-sim-0,test,71,40,40,-0.4604180095278315,-0.44352956953198336,7.037977047730237e-05,7.84825169830583e-05,0.0002629701339174062,3.350684254611412
one-system CV2 train-sim-0,test,72,40,40,-0.43439700398978487,-0.36363278378662184,4.813076157006435e-05,9.69706816249527e-05,0.00022776091645937413,2.348760601067758
one-system CV2 train-sim-0,test,73,40,40,-0.465166733627963,-0.33134787582343894,7.31067921151407e-05,8.405365224462003e-05,0.00027551461244001985,3.2778422481654217
one-system CV2 train-sim-0,test,74,40,40,-0.46282799397148044,-0.2714132611332036,7.657484093215317e-05,6.58462377032265e-05,0.00024903647135943174,3.78209112693509
one-system CV2 train-sim-0,test,75,40,40,-0.43379889483531303,0.1795442657689677,0.00011771306890295818,6.925245543243363e-05,0.00027878760010935366,4.025670979729428
one-system CV2 train-sim-0,test,76,40,40,-0.4529935358095629,0.3484465269827747,0.00019734835950657725,7.406304212054238e-05,0.0003585272643249482,4.840839021187139
one-system CV2 train-sim-0,test,77,40,40,-0.46441825084244504,0.18926761429736705,0.00013376954302657396,6.666249828413129e-05,0.0002932839561253786,4.399534426017658
one-system CV2 train-sim-0,test,78,40,40,-0.4680599477519593,0.051928216876670485,0.00012390541087370366,6.995029252720997e-05,0.00030771660385653377,4.3990752967449716
one-system CV2 train-sim-0,train,0,50,50,-0.4574622369977019,-0.4333727392250666,4.296738188713789e-05,0.00012610366684384644,0.00025882571935653687,2.052483689289063
one-system CV2 train-sim-0,val,0,50,50,-0.4241833203304727,-0.1827149541100303,3.056275090784766e-05,0.00015015881217550486,0.00015040719881653786,1.0016541596023194
one-system CV2 train-sim-0,val,1,50,50,-0.4464656170157011,0.129817909079545,8.746156527195126e-05,0.00011550795170478523,0.0002753550943452865,2.3838626716283393
one-system CV2 train-sim-0,val,2,50,50,-0.4801172618483326,-0.40762190226409034,5.027396036894061e-05,0.00012914437684230506,0.00027841009432449937,2.1558050077895294
one-system CV2 train-sim-0,val,3,50,50,-0.4610102071450015,0.13439970582827726,9.226088150171563e-05,0.0001051049621310085,0.0002606944181025028,2.4803245519232404
one-system CV2 train-sim-0,val,4,50,50,-0.4512433766859345,0.040978167458962,7.505465327994898e-05,0.00010476318129803985,0.00025410015950910747,2.4254719679256413
one-system CV2 train-sim-0,val,5,50,50,-0.45962345952958045,0.36178270358166803,0.00010430015390738845,0.0001155290738097392,0.00019953485752921551,1.727139766201385
one-system CV2 train-sim-0,val,6,50,50,-0.4434911806164044,-0.35488590109769813,3.61421043635346e-05,0.00014781999925617129,0.00025260658003389835,1.7088795921053448
one-system CV2 train-sim-0,val,7,50,50,-0.46239051375300927,-0.35125170210537343,8.356581383850425e-05,0.00011701231414917856,0.00035753712290897965,3.055551251239736
one-system CV2 train-sim-0,val,8,50,50,-0.44004160874172443,0.16903105203032506,4.823460039915517e-05,0.00011180085130035877,0.000151135609485209,1.3518287895606032
one-system CV2 train-sim-0,val,9,50,50,-0.4562953810892357,-0.42598844708653466,3.289214873802848e-05,0.0001327959616901353,0.00019163862452842295,1.4431058150366838
one-system CV2 train-sim-0,val,10,50,50,-0.4613690103271963,-0.07182492998656992,3.008662497450132e-05,0.00012783033889718354,0.00014649912191089243,1.1460434445748013
one-system CV2 train-sim-0,val,11,50,50,-0.4490261215663538,0.3438356018375417,0.00011312322021694854,0.00011446748248999938,0.0002358674246352166,2.060562698719468
one-system CV2 train-sim-0,val,12,50,50,-0.45928379389672663,0.11689527541911604,0.00011115101369796321,0.000105470055132173,0.00030886317836120725,2.9284442676563125
one-system CV2 train-sim-0,val,13,50,50,-0.4371330281161894,-0.014456556249338554,4.400359466671944e-05,0.00011166873446200043,0.00019255513325333595,1.7243423970105098
one-system CV2 train-sim-0,val,14,50,50,-0.42254318231153287,0.01808090694947887,6.64384278934449e-05,0.00010031844431068748,0.00023555564985144883,2.348079173974529
one-system CV2 train-sim-0,val,15,50,50,-0.4761206329525437,-0.3432277455661664,4.079497011844069e-05,0.00013354344991967082,0.00026102919946424663,1.9546387308494813
one-system CV2 train-sim-0,val,16,50,50,-0.4472893465793164,0.18017462326254108,0.00010243557335343212,0.00011300681217107922,0.0002753943554125726,2.436971277409874
one-system CV2 train-sim-0,val,17,50,50,-0.45192985950324066,0.16661544540545287,7.404874486383051e-05,0.00010151515016332269,0.0002172183449147269,2.139762829146734
one-system CV2 train-sim-0,val,18,50,50,-0.43056177976952625,0.046012171169140616,6.274445331655443e-05,0.00010623761045280844,0.00022834748961031437,2.1494034799638877
one-system CV2 train-sim-0,val,19,50,50,-0.4621430956148118,-0.13824484239187348,6.313121411949396e-05,0.00012065690680174157,0.00028059649048373103,2.325573379274471
one-system CV2 train-sim-0,test,0,50,50,-0.46280905473285927,-0.1972742866705715,8.20959176053293e-05,0.00011961291602347046,0.0003487194480840117,2.915399604634552
one-system CV2 train-sim-0,test,1,50,50,-0.46658395214903425,-0.40092539286551954,2.567087358329445e-05,0.00015014481323305517,0.00018035343964584172,1.2011966032146355
one-system CV2 train-sim-0,test,2,50,50,-0.4434257570753701,0.34737863863488455,0.00013385468628257513,0.00011083191930083558,0.00027847985620610416,2.5126322630055244
one-system CV2 train-sim-0,test,3,50,50,-0.4364834562243569,-0.4061926805834571,2.911521187343169e-05,0.00013356455019675195,0.00014718706370331347,1.1019919842989356
one-system CV2 train-sim-0,test,4,50,50,-0.46205667661815963,0.15960190899881993,8.514814544469118e-05,0.00011213359539397061,0.00024516525445505977,2.186367551969552
one-system CV2 train-sim-0,test,5,50,50,-0.42794996439297767,0.04195073029691984,6.648178532486781e-05,0.00011274060670984909,0.0002427314902888611,2.153008550978961
one-system CV2 train-sim-0,test,6,50,50,-0.4376631810531059,-0.32399926847897415,7.153143087634817e-05,0.0001253724767593667,0.00033544242614880204,2.675566717826214
one-system CV2 train-sim-0,test,7,50,50,-0.43817627757561584,-0.411882417147321,5.8409721532370895e-05,0.00013160827802494168,0.0003160429769195616,2.4013913232697024
one-system CV2 train-sim-0,test,8,50,50,-0.43159220691971784,-0.42959839711127745,3.4587315894896165e-05,0.0001226703607244417,0.00019925605738535523,1.6243211172497518
one-system CV2 train-sim-0,test,9,50,50,-0.46374261398259536,0.05671431665583712,0.000100677803857252,0.00010351558012189344,0.00031252854387275875,3.019144978028861
one-system CV2 train-sim-0,test,10,50,50,-0.4345027072321774,0.1400197345386256,7.058224582578987e-05,0.00011024832201655954,0.00022557251213584095,2.0460403207040145
one-system CV2 train-sim-0,test,11,50,50,-0.4563092783505155,0.21436744806155977,0.0001261102588614449,0.00011132964573334903,0.00030665475060231984,2.754475221602729
one-system CV2 train-sim-0,test,12,50,50,-0.4332147782536111,-0.3785632103571006,5.188250361243263e-05,0.0001296404516324401,0.00027771893655881286,2.142224383375404
one-system CV2 train-sim-0,test,13,50,50,-0.43006733582517886,-0.3975688541312479,5.067462916485965e-05,0.0001430138509022072,0.00030758953653275967,2.150767457783437
one-system CV2 train-sim-0,test,14,50,50,-0.4447405213106131,-0.12145892351274788,7.660734263481572e-05,0.00011216603888897225,0.00030837213853374124,2.749246934172151
one-system CV2 train-sim-0,test,15,50,50,-0.47234465205785586,-0.37778873148882364,9.344871068606153e-05,0.00012266480189282447,0.00038347122608684003,3.126171649646401
one-system CV2 train-sim-0,test,16,50,50,-0.41729589717273907,-0.18579513479650453,3.902870594174601e-05,0.0001179530008812435,0.00021549467055592686,1.8269536929619068
one-system CV2 train-sim-0,test,17,50,50,-0.46305346796379115,0.3544819619880852,0.000123476012959145,0.00011739985347958282,0.00025093278964050114,2.1374199558446745
one-system CV2 train-sim-0,test,18,50,50,-0.45195624195624196,0.35441198469856605,0.00017787335673347116,0.00011799202184192836,0.00035500593367032707,3.0087282862727927
one-system CV2 train-sim-0,test,19,50,50,-0.4661327994661328,-0.2248287617839956,2.705461702134926e-05,0.00012094659905415028,0.00017649278743192554,1.4592620942810146
one-system CV2 train-sim-0,test,20,50,50,-0.48229561667683873,-0.3216494845360825,2.3678512661717832e-05,0.00015530175005551428,0.0001494260795880109,0.9621661026652755
one-system CV2 train-sim-0,test,21,50,50,-0.45755623613897983,-0.35133013793247797,5.19000313943252e-05,0.00013078475603833795,0.0002939844271168113,2.247849336742528
one-system CV2 train-sim-0,test,22,50,50,-0.471739449003517,0.18305586306735927,0.00010863578791031614,0.0001085325056919828,0.00027441629208624363,2.528424920595144
one-system CV2 train-sim-0,test,23,50,50,-0.45957657930029383,-0.08481252078483538,5.577032789005898e-05,0.00011949439067393541,0.0002465660509187728,2.0634110900785134
one-system CV2 train-sim-0,test,24,50,50,-0.4602371095220173,0.342010590994471,8.671609248267487e-05,0.00012214892194606364,0.0001742060703691095,1.426177714822832
one-system CV2 train-sim-0,test,25,50,50,-0.48294626192090184,-0.2728358787252591,2.741592106758617e-05,0.00012877059634774923,0.00017374512390233576,1.3492608470425294
one-system CV2 train-sim-0,test,26,50,50,-0.48172277715297235,-0.36670043476425646,6.965512147871777e-05,0.0001280244323424995,0.00033519064891152084,2.6181771930438753
one-system CV2 train-sim-0,test,27,50,50,-0.4565277920250883,0.362091739991904,0.00013748732453677803,0.00011737734166672453,0.0002720840566325933,2.3180287845088143
one-system CV2 train-sim-0,test,28,50,50,-0.45110405721968866,-0.3965150419131101,5.7195273257093504e-05,0.0001283909659832716,0.0003032871463801712,2.362215628315214
one-system CV2 train-sim-0,test,29,50,50,-0.442965068990027,-0.048687431775067035,7.761713641230017e-05,0.00010156075586564839,0.0002742958895396441,2.7008059087557577
one-system CV2 train-sim-0,test,30,50,50,-0.4584823675913414,0.20309130122214233,0.00014340493362396955,0.00011112791253253818,0.0003407317853998393,3.0661224316624613
one-system CV2 train-sim-0,test,31,50,50,-0.4391903510280282,0.044452401657373776,5.174126636120491e-05,0.00011745435040211305,0.00021270794968586415,1.8109840032118338
one-system CV2 train-sim-0,test,32,50,50,-0.4739109308714422,-0.04124308054976742,3.515025309752673e-05,0.00011286859808024019,0.00017155527893919498,1.519955788032677
one-system CV2 train-sim-0,test,33,50,50,-0.44433233416065815,0.34896986208070835,0.00013073223817627877,0.0001152992554125376,0.00026990537298843265,2.3409116739108033
one-system CV2 train-sim-0,test,34,50,50,-0.439883047125129,0.20902664491571507,0.000136429414851591,0.00010401340114185587,0.000332019233610481,3.192081308423571
one-system CV2 train-sim-0,test,35,50,50,-0.45383345993661106,0.40731093072774244,0.00010527795529924333,0.00011966244346695021,0.00018869605264626443,1.5769028876497975
one-system CV2 train-sim-0,test,36,50,50,-0.4406365889565979,-0.014017948908125749,3.862532685161568e-05,0.00010272803046973422,0.00016569836589042097,1.6129810445381711
one-system CV2 train-sim-0,test,37,50,50,-0.4571961565981805,0.16292535378632386,0.00014505459694191813,0.00010551876039244235,0.00035511667374521494,3.365436368134682
one-system CV2 train-sim-0,test,38,50,50,-0.44703842504420005,-0.01519715510929819,9.12027244339697e-05,0.00011061922850785777,0.0003159811021760106,2.8564753744740234
one-system CV2 train-sim-0,test,39,50,50,-0.4711653483433637,-0.34822003058910395,2.64905538642779e-05,0.0001340586313745007,0.00017058388039004058,1.2724572721729825
one-system CV2 train-sim-0,test,40,50,50,-0.46394448669993854,-0.533466863293201,3.8838901673443615e-05,0.00017162332369480282,0.00013763312017545104,0.8019488098261257
one-system CV2 train-sim-0,test,41,50,50,-0.4422852014034324,-0.3800170604982995,6.033863974153064e-05,0.00012110518582630903,0.0003055517445318401,2.5230277501912033
one-system CV2 train-sim-0,test,42,50,50,-0.4508115364566597,-0.04199908503587329,8.149062341544777e-05,9.653249435359612e-05,0.00028549949638545513,2.9575481116200892
one-system CV2 train-sim-0,test,43,50,50,-0.45605203204233113,0.3661097337501347,9.294518531532958e-05,0.00012558109301608056,0.0001821157056838274,1.4501841106010092
one-system CV2 train-sim-0,test,44,50,50,-0.45715165105746824,-0.1069795145610415,6.172339635668322e-05,0.0001211586277349852,0.00027955826953984797,2.3073740167422185
one-system CV2 train-sim-0,test,45,50,50,-0.45523942343863255,-0.5074185473777706,2.7516547561390325e-05,0.00015880638966336846,0.00017207225027959794,1.0835348038850952
one-system CV2 train-sim-0,test,46,50,50,-0.437116362198034,0.15704658658072077,9.283883991884068e-05,0.00010600502719171345,0.0002657308941707015,2.5067763408061654
one-system CV2 train-sim-0,test,47,50,50,-0.46209474948149765,0.16893641908263013,0.00011611564696067944,0.00011359454219928011,0.000315887329634279,2.7808319265912838
one-system CV2 train-sim-0,test,48,50,50,-0.4697436089943316,-0.22833768889898876,3.0745937692699954e-05,0.00012978703307453543,0.00017013985780067742,1.3109156883412825
one-system CV2 train-sim-0,test,49,50,50,-0.4452574318112167,-0.15462834572881212,9.656867041485384e-05,0.00010725094034569338,0.00035619083791971207,3.3210975751972955
one-system CV2 train-sim-0,test,50,50,50,-0.4531361948804794,-0.43977615339565757,6.828870391473174e-05,0.00012659434287343174,0.000337756093358621,2.668018852124439
one-system CV2 train-sim-0,test,51,50,50,-0.4422305732805367,0.20768923312916573,7.543429819634184e-05,0.00010736781405285001,0.00021193957945797592,1.973958223212519
one-system CV2 train-sim-0,test,52,50,50,-0.44890990887068866,-0.4171347293888018,3.8641486753476784e-05,0.00014037181972526014,0.0002378636709181592,1.6945258057045423
one-system CV2 train-sim-0,test,53,50,50,-0.44924445887318126,-0.2755965210610114,6.130662222858518e-05,0.00010920841305050999,0.00027147209038957953,2.485816640005756
one-system CV2 train-sim-0,test,54,50,50,-0.4391532244977443,0.34007066238024,0.0001055569009622559,0.00011494589125504717,0.00021777971414849162,1.8946280877954313
one-system CV2 train-sim-0,test,55,50,50,-0.4461673200433731,-0.5172667862634547,3.2622101571178064e-05,0.00014824823301751167,0.00021057944104541093,1.420451608489232
one-system CV2 train-sim-0,test,56,50,50,-0.4294538239808333,0.02194128856907809,4.2997296986868605e-05,0.00011142349831061438,0.00016422421322204173,1.473874144251289
one-system CV2 train-sim-0,test,57,50,50,-0.4250047005036961,0.010800094991275258,3.170007767039351e-05,0.0001228463079314679,0.00015133585839066654,1.2319121424071782
one-system CV2 train-sim-0,test,58,50,50,-0.47002808988764044,-0.4344680027524514,5.37187370355241e-05,0.00012489115761127323,0.00028749898774549365,2.3019963402080172
one-system CV2 train-sim-0,test,59,50,50,-0.44970281744500196,0.3576128813846219,0.00012165523367002606,0.00012264733959455043,0.00025353566161356866,2.0671925086325635
one-system CV2 train-sim-0,test,60,50,50,-0.4838011584240341,-0.29590692458648726,5.700432666344568e-05,0.00012586380762513727,0.00029238936258479953,2.3230614749525826
one-system CV2 train-sim-0,test,61,50,50,-0.45237437879624515,-0.23332481472016356,9.656286420067772e-05,0.00011603930033743382,0.0003728837473317981,3.213426367165946
one-system CV2 train-sim-0,test,62,50,50,-0.4730805795337871,-0.3172624110532539,4.568102667690255e-05,0.00012992492702323943,0.00025391599046997726,1.9543285209970507
one-system CV2 train-sim-0,test,63,50,50,-0.45775555100449894,0.3439496570439539,0.00016537454212084413,0.00011712947889463976,0.0003344148281030357,2.855086791633798
one-system CV2 train-sim-0,test,64,50,50,-0.4678883743921144,0.0888262910798122,9.018989658216015e-05,0.0001195892327814363,0.0002809973666444421,2.3496878448747855
one-system CV2 train-sim-0,test,65,50,50,-0.44782746154586317,0.13882264877292413,0.00011319082113914192,0.00010495797323528677,0.0003055562556255609,2.9112248093871647
one-system CV2 train-sim-0,test,66,50,50,-0.4275673681796884,-0.05503370065261581,3.3823591365944594e-05,0.00013567646965384483,0.00015017703117337078,1.106876023208163
one-system CV2 train-sim-0,test,67,50,50,-0.4410717422198093,-0.3752150151327106,3.8690759538440034e-05,0.00012222249642945826,0.00023378516198135912,1.9127833975825408
one-system CV2 train-sim-0,test,68,50,50,-0.44169436298468556,-0.2601270168211466,7.307549094548449e-05,0.00012701975356321782,0.0003403273003641516,2.6793257805745188
one-system CV2 train-sim-0,test,69,50,50,-0.4471545772496197,-0.09139075666014129,9.74874128587544e-05,0.00010556144843576476,0.0003424352908041328,3.243942707100199
one-system CV2 train-sim-0,test,70,50,50,-0.45914119370818574,0.1919624492379094,9.513221448287368e-05,0.00011443972471170127,0.0002566257899161428,2.242453750763901
one-system CV2 train-sim-0,test,71,50,50,-0.4593060816961795,-0.4518955132540986,4.893732693744823e-05,0.00012322168913669884,0.0002678085584193468,2.1733881453471002
one-system CV2 train-sim-0,test,72,50,50,-0.4334494435599234,-0.37342330052259326,3.4824937756638974e-05,0.00015381367120426148,0.0002320696657989174,1.5087713854169278
one-system CV2 train-sim-0,test,73,50,50,-0.46408379843782804,-0.34107345582979437,5.051770858699456e-05,0.00013296282850205898,0.00028052262496203184,2.1097823212875455
one-system CV2 train-sim-0,test,74,50,50,-0.4618258945321174,-0.2814235777232259,5.6511340517317876e-05,0.00010290984209859744,0.00025365958572365344,2.46487197483622
one-system CV2 train-sim-0,test,75,50,50,-0.4327152508265057,0.17919720168671338,0.00010133845353266224,0.0001081914160749875,0.000283896632026881,2.624021778494073
one-system CV2 train-sim-0,test,76,50,50,-0.4519180642618282,0.34863069125601603,0.0001838564348872751,0.00011572943185456097,0.0003648633137345314,3.152727079772248
one-system CV2 train-sim-0,test,77,50,50,-0.4634900728507616,0.18909954634939655,0.00011742720380425453,0.00010401582403574139,0.0002986147301271558,2.870858668817038
one-system CV2 train-sim-0,test,78,50,50,-0.4669996116399016,0.05010530749789385,0.00010212501365458593,0.00010946051770588383,0.00031321251299232244,2.861419985550519
one-system CV2 train-sim-0,train,0,60,60,-0.4564815292444418,-0.4427619345692877,3.14552744384855e-05,0.00018319286755286157,0.0002636894932948053,1.4394091692391673
one-system CV2 train-sim-0,val,0,60,60,-0.4228762117896363,-0.18741422388007178,4.2988714994862676e-05,0.00021790787286590785,0.00015340094978455454,0.7039715810495365
one-system CV2 train-sim-0,val,1,60,60,-0.4455095608017946,0.12929403391831137,7.903500954853371e-05,0.0001663951261434704,0.0002804106625262648,1.6852095913223268
one-system CV2 train-sim-0,val,2,60,60,-0.4790090265883254,-0.41733660495204106,3.7044734199298546e-05,0.00018727999122347683,0.0002834473270922899,1.513494982782538
one-system CV2 train-sim-0,val,3,60,60,-0.4598515720277224,0.1333603786342123,8.523030555807054e-05,0.00015139546303544194,0.000265498150838539,1.7536730990174088
one-system CV2 train-sim-0,val,4,60,60,-0.4501532198537142,0.038388672848738654,6.567251693923026e-05,0.00015117674774955958,0.0002588191709946841,1.712030288040365
one-system CV2 train-sim-0,val,5,60,60,-0.4583745403829086,0.3621305995096947,0.00011416355846449733,0.00016645666619297117,0.00020325979858171195,1.2210973776566891
one-system CV2 train-sim-0,val,6,60,60,-0.44234020711935024,-0.3631173351010938,2.9512726541724987e-05,0.00021543163165915757,0.0002573457022663206,1.1945585719439604
one-system CV2 train-sim-0,val,7,60,60,-0.4612211221122112,-0.3592005730158453,5.945764132775366e-05,0.00016884694923646748,0.0003639160131569952,2.1553010865913635
one-system CV2 train-sim-0,val,8,60,60,-0.4388757880552481,0.16872830518598028,5.472487828228623e-05,0.00016093508747871965,0.0001541021920274943,0.9575425374399548
one-system CV2 train-sim-0,val,9,60,60,-0.45485978739815414,-0.43267496097437863,3.417474727029912e-05,0.00019229974714107811,0.00019526618416421115,1.0154261098479591
one-system CV2 train-sim-0,val,10,60,60,-0.46031698385063335,-0.0738232335495508,3.7341073038987815e-05,0.00018457623082213104,0.00014929760072845966,0.8088668842324122
one-system CV2 train-sim-0,val,11,60,60,-0.44800180066904166,0.34383383970292986,0.00011762868234654889,0.00016479664191138,0.00024029651831369847,1.4581396533730269
one-system CV2 train-sim-0,val,12,60,60,-0.45819685077219946,0.11514672624724122,9.881620644591749e-05,0.00015184309449978173,0.00031443836633116007,2.0708111051544202
one-system CV2 train-sim-0,val,13,60,60,-0.4360340514186668,-0.01532411652676871,4.1839990444714203e-05,0.00016116464394144714,0.00019625700952019542,1.2177423330609518
one-system CV2 train-sim-0,val,14,60,60,-0.4214556150307573,0.015272583783977688,5.7899505918612704e-05,0.00014424642722588032,0.00023998550022952259,1.6637188514466374
one-system CV2 train-sim-0,val,15,60,60,-0.4748938146569483,-0.35108677322872384,2.9483710022759624e-05,0.00019425031496211886,0.0002658576413523406,1.368634287178304
one-system CV2 train-sim-0,val,16,60,60,-0.44620667343127307,0.17968805388160228,9.657353075454012e-05,0.00016278510156553239,0.0002804194809868932,1.7226360292806324
one-system CV2 train-sim-0,val,17,60,60,-0.450453634002827,0.16568756634090992,7.081370858941227e-05,0.00014612778613809496,0.00022134518076200038,1.514737112028939
one-system CV2 train-sim-0,val,18,60,60,-0.4292293911072003,0.04441383751296819,5.602204328170046e-05,0.0001531547895865515,0.0002326458488823846,1.5190243120076292
one-system CV2 train-sim-0,val,19,60,60,-0.4609525590494548,-0.14239490668062096,4.996972711523995e-05,0.0001747744536260143,0.000285738700767979,1.634899694090351
one-system CV2 train-sim-0,test,0,60,60,-0.4619703006157189,-0.20305882352941176,5.901758777326904e-05,0.00017303932690992951,0.0003549595130607486,2.0513227796217226
one-system CV2 train-sim-0,test,1,60,60,-0.4655955099458002,-0.4088699716537672,3.178135375492275e-05,0.00021864651353098452,0.00018385157454758883,0.8408621366904856
one-system CV2 train-sim-0,test,2,60,60,-0.4422558455508369,0.34763301368981403,0.0001336445566266775,0.00015960828750394285,0.0002836401981767267,1.7771019450961771
one-system CV2 train-sim-0,test,3,60,60,-0.43504013339020514,-0.4150680693069307,3.948952871724032e-05,0.00019530125427991152,0.00015008151240181178,0.7684615900454511
one-system CV2 train-sim-0,test,4,60,60,-0.46111739110237077,0.15904700579523504,8.1359212344978e-05,0.00016153193428181112,0.00024977707653306425,1.5463015263427682
one-system CV2 train-sim-0,test,5,60,60,-0.4269174442766119,0.04029649116570088,5.934762884862721e-05,0.00016275158850476146,0.0002473278727848083,1.5196648773573873
one-system CV2 train-sim-0,test,6,60,60,-0.4366317448848895,-0.33171947567557875,5.0539842050056905e-05,0.0001818185264710337,0.00034151345607824624,1.8783204479036093
one-system CV2 train-sim-0,test,7,60,60,-0.43713224013909247,-0.4201499389368777,3.9858699892647564e-05,0.0001913831220008433,0.0003217890625819564,1.6813868392247175
one-system CV2 train-sim-0,test,8,60,60,-0.4304332277086088,-0.4384755224209482,3.2730440580053255e-05,0.0001786154170986265,0.00020310183754190803,1.1370901842687007
one-system CV2 train-sim-0,test,9,60,60,-0.4626141591239093,0.05453018619182634,8.512155181961134e-05,0.00014888029545545578,0.0003182364162057638,2.1375321376963448
one-system CV2 train-sim-0,test,10,60,60,-0.43344906021788576,0.1389502908981591,6.70378576614894e-05,0.00015872492804192007,0.00022986468684393913,1.448195249981343
one-system CV2 train-sim-0,test,11,60,60,-0.4551200408649753,0.2141907377923964,0.00011894936324097216,0.00016033151769079268,0.0003122091293334961,1.947272338153793
one-system CV2 train-sim-0,test,12,60,60,-0.43221606847443,-0.3874824128258668,3.9683083741692826e-05,0.0001886653044493869,0.0002828423457685858,1.4991752012594541
one-system CV2 train-sim-0,test,13,60,60,-0.4288944845621848,-0.4062646717513974,3.5013370506931096e-05,0.00020821750513277948,0.00031326134921982884,1.5044909361490204
one-system CV2 train-sim-0,test,14,60,60,-0.4437143327480246,-0.12638382786743016,5.892095578019507e-05,0.0001621393021196127,0.00031401976593770087,1.9367282443712728
one-system CV2 train-sim-0,test,15,60,60,-0.47117905542631366,-0.3893693049848133,6.720976671203971e-05,0.00017820176435634494,0.00039021571865305305,2.189741050334103
one-system CV2 train-sim-0,test,16,60,60,-0.41626458390485566,-0.18917747385927355,3.275627750554122e-05,0.00017047856817953289,0.00021959059813525528,1.288083308536484
one-system CV2 train-sim-0,test,17,60,60,-0.4618787306614691,0.35445068163592625,0.00012790955952368677,0.00016920808411668986,0.0002555982500780374,1.5105557835036465
one-system CV2 train-sim-0,test,18,60,60,-0.45076028166139404,0.35459969721257456,0.00017376488540321589,0.00016992303426377475,0.00036133467801846564,2.1264608390735242
one-system CV2 train-sim-0,test,19,60,60,-0.4649347633889102,-0.22766488228262563,2.6489391530049033e-05,0.00017454018234275281,0.00017989611660595983,1.030685966929319
one-system CV2 train-sim-0,test,20,60,60,-0.48109291566360546,-0.3260008798944127,3.5884400858776644e-05,0.00022500197519548237,0.00015229795826599002,0.6768738724789999
one-system CV2 train-sim-0,test,21,60,60,-0.4565634439506931,-0.36311256777252837,3.619159178924747e-05,0.00019065060769207776,0.00029941031243652105,1.5704660796051724
one-system CV2 train-sim-0,test,22,60,60,-0.47057627660115153,0.182370578008019,0.00010333357931813225,0.00015627386164851487,0.0002793682797346264,1.7876839849454207
one-system CV2 train-sim-0,test,23,60,60,-0.45871348262832917,-0.08748246540706232,4.718454147223383e-05,0.00017256084538530558,0.0002512101491447538,1.4557772279327603
one-system CV2 train-sim-0,test,24,60,60,-0.45910988519457285,0.3421371413413502,9.930159285431728e-05,0.0001759910664986819,0.00017751807172317058,1.0086766064600223
one-system CV2 train-sim-0,test,25,60,60,-0.48199221732610875,-0.2775793686401895,2.9355360311456025e-05,0.00018620856280904263,0.00017703420598991215,0.950730746853254
one-system CV2 train-sim-0,test,26,60,60,-0.480632119089548,-0.37754321823119447,4.8812958993948996e-05,0.00018672704754862934,0.0003412625810597092,1.8276012261739112
one-system CV2 train-sim-0,test,27,60,60,-0.45555200604062906,0.36237905015534844,0.00014078897947911173,0.00016907128156162798,0.00027706389664672315,1.6387401460947162
one-system CV2 train-sim-0,test,28,60,60,-0.4500285002025918,-0.4066521322982027,4.043115404783748e-05,0.00018675845058169216,0.0003088787489105016,1.653894364343055
one-system CV2 train-sim-0,test,29,60,60,-0.4417329809479554,-0.05253490405249075,6.419508281396702e-05,0.00014638200809713453,0.00027936650440096855,1.9084756933761262
one-system CV2 train-sim-0,test,30,60,60,-0.45723589191460307,0.202448045086298,0.0001331695675617084,0.00016021274495869875,0.0003468477225396782,2.1649196674652327
one-system CV2 train-sim-0,test,31,60,60,-0.43790192437131525,0.04336523792071866,4.845601870329119e-05,0.00016937132750172168,0.00021679388009943068,1.279991621351772
one-system CV2 train-sim-0,test,32,60,60,-0.4725874656475835,-0.043231203633876426,3.518487937981263e-05,0.0001627180608920753,0.00017485098214820027,1.074564072295406
one-system CV2 train-sim-0,test,33,60,60,-0.4431139909227559,0.34896073493420354,0.00013253836368676275,0.00016603678523097187,0.00027494473033584654,1.655926606585246
one-system CV2 train-sim-0,test,34,60,60,-0.4387387800864155,0.2085044280676946,0.00012476672418415546,0.00014970316260587424,0.0003380225971341133,2.257952278697214
one-system CV2 train-sim-0,test,35,60,60,-0.4524630989130717,0.40751984001873653,0.00011842463572975248,0.0001724054163787514,0.0001922887604450807,1.1153289988444928
one-system CV2 train-sim-0,test,36,60,60,-0.43976937269372696,-0.016150966055596766,3.8271580706350505e-05,0.00014795853348914534,0.0001689408818492666,1.1418123569172884
one-system CV2 train-sim-0,test,37,60,60,-0.4561734571106524,0.16224247226624405,0.0001310427614953369,0.00015185840311460197,0.000361420854460448,2.379985875313709
one-system CV2 train-sim-0,test,38,60,60,-0.4458829656987087,-0.017920959503512718,7.449009717674926e-05,0.00015939321019686759,0.00032174133230000734,2.0185385055148997
one-system CV2 train-sim-0,test,39,60,60,-0.4701209488561746,-0.3535294065957241,3.039198782062158e-05,0.0001942282251548022,0.00017386849503964186,0.8951762541261271
one-system CV2 train-sim-0,test,40,60,60,-0.4626861051784443,-0.5439667179825526,6.264587864279747e-05,0.00025198518414981663,0.00014033965999260545,0.5569361566478732
one-system CV2 train-sim-0,test,41,60,60,-0.44113921492002317,-0.38707560337576147,4.210502083878964e-05,0.0001752795506035909,0.00031115906313061714,1.7752160024321886
one-system CV2 train-sim-0,test,42,60,60,-0.44976086710436947,-0.04512363148879124,6.561793998116627e-05,0.0001387090451316908,0.0002907425514422357,2.0960605068415243
one-system CV2 train-sim-0,test,43,60,60,-0.45485640470494054,0.3661930082995006,0.00010611915786284953,0.00018092792015522718,0.00018561031902208924,1.0258799131877756
one-system CV2 train-sim-0,test,44,60,60,-0.4561028925829902,-0.10967593330852779,4.823885319638066e-05,0.00017530002514831722,0.0002847151772584766,1.624159363454659
one-system CV2 train-sim-0,test,45,60,60,-0.4541398206123172,-0.5141560569771839,3.770886542042717e-05,0.00023089726164471358,0.00017536012455821037,0.7594725173832535
one-system CV2 train-sim-0,test,46,60,60,-0.43590469142251825,0.15636173367053283,8.526103192707524e-05,0.00015254091704264283,0.0002707046514842659,1.7746363187825231
one-system CV2 train-sim-0,test,47,60,60,-0.4611092700675625,0.16835602731978944,0.00010536059562582523,0.00016372709069401026,0.0003215816104784608,1.9641319534557968
one-system CV2 train-sim-0,test,48,60,60,-0.4685377073556061,-0.2326127730519296,3.465760892140679e-05,0.0001880717754829675,0.0001734053366817534,0.9220168004287154
one-system CV2 train-sim-0,test,49,60,60,-0.4441800415168852,-0.1590068859180348,7.249908230733126e-05,0.00015435587556567043,0.0003625905665103346,2.3490558113291327
one-system CV2 train-sim-0,test,50,60,60,-0.4520993647678562,-0.45041299907820775,4.642873318516649e-05,0.00018425962480250746,0.0003438579151406884,1.8661598573710387
one-system CV2 train-sim-0,test,51,60,60,-0.4410229080098927,0.20718246966041268,7.487779657822102e-05,0.00015455970424227417,0.00021597019804175943,1.3973253837444175
one-system CV2 train-sim-0,test,52,60,60,-0.44775039049106635,-0.42697854805478125,3.436111728660762e-05,0.00020483751723077148,0.00024233266594819725,1.1830482483107987
one-system CV2 train-sim-0,test,53,60,60,-0.44811175928768804,-0.28230693507455273,4.722432277048938e-05,0.00015774936764501035,0.0002764899400062859,1.752716629764768
one-system CV2 train-sim-0,test,54,60,60,-0.4378917928440544,0.3402323443080949,0.00011201143206562847,0.00016555836191400886,0.0002218581357738003,1.340059983735727
one-system CV2 train-sim-0,test,55,60,60,-0.4449328287919097,-0.5245760148061146,3.386776734259911e-05,0.0002153364912373945,0.00021459523122757673,0.9965576665359491
one-system CV2 train-sim-0,test,56,60,60,-0.4281755410352658,0.020287038161845097,4.583903864840977e-05,0.00016059729387052357,0.00016737008991185576,1.0421725415049181
one-system CV2 train-sim-0,test,57,60,60,-0.42411593521267527,0.009479732984653499,3.720448512467556e-05,0.00017711715190671384,0.00015428430924657732,0.8710862137611473
one-system CV2 train-sim-0,test,58,60,60,-0.46865673718408035,-0.4417522723605658,3.8612564821960405e-05,0.00018110605014953762,0.0002927888126578182,1.6166705221391837
one-system CV2 train-sim-0,test,59,60,60,-0.448574116135545,0.3576478885656352,0.00012641724606510252,0.0001766338391462341,0.0002582792367320508,1.4622296496551996
one-system CV2 train-sim-0,test,60,60,60,-0.4826071113228967,-0.30391557601035524,4.142778561799787e-05,0.00018300767987966537,0.00029777121380902827,1.6270968191325323
one-system CV2 train-sim-0,test,61,60,60,-0.4514114383110016,-0.2412141425251468,7.123740942915902e-05,0.00016826808860059828,0.00037949011311866343,2.255270837594302
one-system CV2 train-sim-0,test,62,60,60,-0.4719333936106088,-0.3219624310919868,3.6627196095651016e-05,0.00018825920415110886,0.000258641317486763,1.3738574889499744
one-system CV2 train-sim-0,test,63,60,60,-0.45666352349520667,0.3440379633009553,0.00016233421047218144,0.00016871777188498527,0.000340400350978598,2.0175725839400522
one-system CV2 train-sim-0,test,64,60,60,-0.4668232107871384,0.08731006802366494,8.232324034906924e-05,0.0001729480572976172,0.0002861637622117996,1.6546225883263637
one-system CV2 train-sim-0,test,65,60,60,-0.4466043223288539,0.13782162687272176,0.00010199545067735016,0.00015108191291801631,0.0003111056284978986,2.0591851300341832
one-system CV2 train-sim-0,test,66,60,60,-0.42636753064729455,-0.0577370499460693,4.331197123974562e-05,0.00019628272275440395,0.0001531312009319663,0.7801562907988067
one-system CV2 train-sim-0,test,67,60,60,-0.4400354337870651,-0.38015088378680173,3.0209570468286984e-05,0.00017652202222961932,0.0002381916856393218,1.3493596018828902
one-system CV2 train-sim-0,test,68,60,60,-0.440589390455027,-0.26677504644847794,5.127183976583183e-05,0.00018499186262488365,0.0003464516485109925,1.8727939899362394
one-system CV2 train-sim-0,test,69,60,60,-0.4462214547141605,-0.09627736967245111,7.605896098539233e-05,0.0001518172211945057,0.0003486358327791095,2.2964182194616978
one-system CV2 train-sim-0,test,70,60,60,-0.45786769280398165,0.19137061191484875,9.18659134185873e-05,0.00016487629909534007,0.00026137896929867566,1.5853034713469198
one-system CV2 train-sim-0,test,71,60,60,-0.4581420892221972,-0.45780145018351087,3.64435363735538e-05,0.00017807044787332416,0.0002728173276409507,1.5320752595345164
one-system CV2 train-sim-0,test,72,60,60,-0.4324661810613944,-0.38062689019806656,3.3362157410010695e-05,0.00022391433594748378,0.00023653495009057224,1.0563635824820456
one-system CV2 train-sim-0,test,73,60,60,-0.4630393457910405,-0.34815729333578505,3.789231777773239e-05,0.00019318811246193945,0.00028568253037519753,1.478779034250778
one-system CV2 train-sim-0,test,74,60,60,-0.4607519663837501,-0.288757072286084,4.37612907262519e-05,0.00014830085274297744,0.00025843651383183897,1.7426502211672334
one-system CV2 train-sim-0,test,75,60,60,-0.431610509297837,0.17881446110649105,9.254183532902971e-05,0.00015577759768348187,0.0002891742915380746,1.8563278407055424
one-system CV2 train-sim-0,test,76,60,60,-0.45080541480753233,0.34861766689143625,0.000178567148395814,0.0001666442840360105,0.00037138708285056055,2.2286217916139672
one-system CV2 train-sim-0,test,77,60,60,-0.4625594336263414,0.18903542798034653,0.00010837848822120577,0.0001496511249570176,0.0003041094169020653,2.032122491490864
one-system CV2 train-sim-0,test,78,60,60,-0.4659059451065123,0.04888662724385408,8.80456282175146e-05,0.0001577910443302244,0.00031886622309684753,2.0208131865172634
one-system CV2 train-sim-0,train,0,70,70,-0.45548132734640234,-0.45013056066140217,2.938039142463822e-05,0.0002510483027435839,0.0002686895604711026,1.0702703724133007
one-system CV2 train-sim-0,val,0,70,70,-0.4214818517756148,-0.19133358969139014,6.694801413686946e-05,0.00029835940222255886,0.00015648909902665764,0.5244986344017603
one-system CV2 train-sim-0,val,1,70,70,-0.4445143261458415,0.128826644453039,7.871435809647664e-05,0.00022654549684375525,0.00028559754719026387,1.2606630949157018
one-system CV2 train-sim-0,val,2,70,70,-0.47782743210725337,-0.4246376257314415,3.341366755194031e-05,0.00025628527509979904,0.00028861791361123323,1.1261587834058888
one-system CV2 train-sim-0,val,3,70,70,-0.45869802257389564,0.1325562881147636,8.560731657780707e-05,0.0002061127161141485,0.00027043622685596347,1.3120792930902507
one-system CV2 train-sim-0,val,4,70,70,-0.4490719883010702,0.03629752785244807,6.37340999674052e-05,0.00020612568187061697,0.00026367229293100536,1.2791821501238736
one-system CV2 train-sim-0,val,5,70,70,-0.45710937172994015,0.36229425519233416,0.00013243668945506215,0.00022663241543341428,0.0002070917544187978,0.9137781725652674
one-system CV2 train-sim-0,val,6,70,70,-0.44112567382673773,-0.36945333740319297,3.435062535572797e-05,0.00029599768458865583,0.0002622274332679808,0.8859104206588471
one-system CV2 train-sim-0,val,7,70,70,-0.46005183824454565,-0.36530884357818094,4.360712773632258e-05,0.00023023052199278027,0.00037046082434244454,1.6090864978973627
one-system CV2 train-sim-0,val,8,70,70,-0.4376917652888152,0.168538075059185,6.928006041562185e-05,0.0002189877413911745,0.00015715752670075744,0.7176544481548368
one-system CV2 train-sim-0,val,9,70,70,-0.4534544816082872,-0.43818613074346524,4.549092773231678e-05,0.00026294702547602355,0.00019900003098882735,0.7568065492605197
one-system CV2 train-sim-0,val,10,70,70,-0.45924392225238253,-0.07556731212197768,5.402653550845571e-05,0.0002517821849323809,0.00015218007320072502,0.6044115998182905
one-system CV2 train-sim-0,val,11,70,70,-0.4469457578902856,0.3438142524254101,0.00013037481403443962,0.00022427069779951125,0.0002448520390316844,1.091770086034922
one-system CV2 train-sim-0,val,12,70,70,-0.4570273691087007,0.11366345891611797,9.377775859320536e-05,0.00020664912881329656,0.000320159801049158,1.5492918014593524
one-system CV2 train-sim-0,val,13,70,70,-0.4348884792938431,-0.016240071942989716,4.772739703184925e-05,0.00021970445232000202,0.00020007176499348134,0.9106404666851018
one-system CV2 train-sim-0,val,14,70,70,-0.4203383641674781,0.013041739718864385,5.633188266074285e-05,0.00019612118194345385,0.0002445379795972258,1.2468718430818533
one-system CV2 train-sim-0,val,15,70,70,-0.47367014762530335,-0.35707061874092266,2.824213333951775e-05,0.00026642775628715754,0.0002708204847294837,1.0164875030422569
one-system CV2 train-sim-0,val,16,70,70,-0.44510022515137604,0.1791932543299909,9.8704535048455e-05,0.0002216246648458764,0.0002855808415915817,1.2885787860759186
one-system CV2 train-sim-0,val,17,70,70,-0.4489580027504496,0.16496681363857463,7.472575816791505e-05,0.00019885573419742286,0.00022559806529898196,1.134481065931996
one-system CV2 train-sim-0,val,18,70,70,-0.42784678926456965,0.04302830991421935,5.6790679082041606e-05,0.00020865794795099646,0.00023707255604676902,1.1361779331906674
one-system CV2 train-sim-0,val,19,70,70,-0.45970679001347026,-0.14558470770219475,4.5642751501873136e-05,0.00023897831852082163,0.00029102221014909446,1.2177766248854847
one-system CV2 train-sim-0,test,0,70,70,-0.4611054116440113,-0.2074417631989723,4.446816456038505e-05,0.000236345425946638,0.00036136078415438533,1.5289518834858826
one-system CV2 train-sim-0,test,1,70,70,-0.46458545269582907,-0.41514435895482593,4.971286398358643e-05,0.000300232000881806,0.0001874571607913822,0.6243743513043417
one-system CV2 train-sim-0,test,2,70,70,-0.4410653623331407,0.34769415084375715,0.0001413299178238958,0.00021723072859458625,0.0002889468742068857,1.3301381258364326
one-system CV2 train-sim-0,test,3,70,70,-0.43358059284706696,-0.42202443172067333,6.087559086154215e-05,0.0002692043490242213,0.00015306878776755184,0.5685970093810768
one-system CV2 train-sim-0,test,4,70,70,-0.46013728573072055,0.15852003221860922,8.550163329346105e-05,0.0002199045557063073,0.00025452239788137376,1.157422123720348
one-system CV2 train-sim-0,test,5,70,70,-0.42585363630840267,0.03894491499603924,6.025623588357121e-05,0.00022192386677488685,0.00025205902056768537,1.1357905043325816
one-system CV2 train-sim-0,test,6,70,70,-0.43557543325130527,-0.33770605187319885,3.8677160773659125e-05,0.00024885914172045887,0.00034775445237755775,1.3973947268860514
one-system CV2 train-sim-0,test,7,70,70,-0.43605425167424666,-0.42628611590704213,3.113589991698973e-05,0.00026242079911753535,0.00032769242534413934,1.2487288600831123
one-system CV2 train-sim-0,test,8,70,70,-0.42922912205567454,-0.4453998551135469,4.047415859531611e-05,0.000245327886659652,0.00020706624491140246,0.8440387586213115
one-system CV2 train-sim-0,test,9,70,70,-0.46148157112697835,0.05286875725900116,7.666902092751116e-05,0.00020246578787919134,0.00032410124549642205,1.6007704259141746
one-system CV2 train-sim-0,test,10,70,70,-0.4323886319617376,0.13813071786437056,7.129583536880091e-05,0.0002159861905965954,0.00023427934502251446,1.084695944566594
one-system CV2 train-sim-0,test,11,70,70,-0.4539116702210944,0.21404098034952504,0.00011966318561462685,0.0002182657044613734,0.0003179121995344758,1.4565375734085466
one-system CV2 train-sim-0,test,12,70,70,-0.4312369929013314,-0.39413748338876814,3.74152441509068e-05,0.00025894312420859933,0.00028810789808630943,1.112630037838794
one-system CV2 train-sim-0,test,13,70,70,-0.42764736208970616,-0.4132639495574885,3.0196064471965656e-05,0.00028578232740983367,0.0003190988500136882,1.1165800660447283
one-system CV2 train-sim-0,test,14,70,70,-0.44265983333559905,-0.13022986113176127,4.924536551698111e-05,0.00022143487876746804,0.00031982173095457256,1.4443150633483626
one-system CV2 train-sim-0,test,15,70,70,-0.4699637588314969,-0.3985048790575836,4.999815791961737e-05,0.0002442772965878248,0.0003971343976445496,1.6257523854729914
one-system CV2 train-sim-0,test,16,70,70,-0.4152048653011644,-0.19190326371252037,3.501256651361473e-05,0.00023269199300557375,0.00022380547306966037,0.9618099453224395
one-system CV2 train-sim-0,test,17,70,70,-0.46067271643772584,0.3543758638331666,0.00014082125562708825,0.00023043646069709212,0.00026039735530503094,1.1300180297740396
one-system CV2 train-sim-0,test,18,70,70,-0.44953409277685763,0.35481654527964823,0.00017805139941629022,0.00023129944747779518,0.000367832399206236,1.5902865450707486
one-system CV2 train-sim-0,test,19,70,70,-0.4637036513003723,-0.22999599103178964,3.469951116130687e-05,0.0002380216756137088,0.00018340034876018763,0.7705195263721802
one-system CV2 train-sim-0,test,20,70,70,-0.47982423445867745,-0.3296484233417905,5.995847823214717e-05,0.0003077434084843844,0.00015525684284511954,0.5045009529521657
one-system CV2 train-sim-0,test,21,70,70,-0.45559103664689865,-0.3720478616136116,3.0487226467812434e-05,0.00026199271087534726,0.0003049851511605084,1.164097848911592
one-system CV2 train-sim-0,test,22,70,70,-0.46941168852659526,0.1818679480551078,0.00010574505722615868,0.00021271313016768545,0.0002844517875928432,1.3372554264450196
one-system CV2 train-sim-0,test,23,70,70,-0.4578153766565738,-0.08978240864428415,4.712571535492316e-05,0.00023539723770227283,0.0002559885324444622,1.0874746659866628
one-system CV2 train-sim-0,test,24,70,70,-0.4579599671468517,0.3421523304281925,0.00012082190369255841,0.0002395978954154998,0.00018092902610078454,0.7551361241592945
one-system CV2 train-sim-0,test,25,70,70,-0.48104945640782626,-0.2814288791776943,4.082716623088345e-05,0.00025429396191611886,0.00018042036390397698,0.7094952728900824
one-system CV2 train-sim-0,test,26,70,70,-0.47952046646010643,-0.38548356736814365,3.772199124796316e-05,0.0002566966286394745,0.0003474945551715791,1.3537168641962516
one-system CV2 train-sim-0,test,27,70,70,-0.45456049608298743,0.36249705141570093,0.00015252953744493425,0.00023013571626506746,0.00028217636281624436,1.2261302478196698
one-system CV2 train-sim-0,test,28,70,70,-0.4489347368994073,-0.4143724035270261,3.332751657580957e-05,0.0002561974397394806,0.0003146365634165704,1.2281019035026843
one-system CV2 train-sim-0,test,29,70,70,-0.44056517579010224,-0.05568045053023594,5.7845940318657085e-05,0.00019940976926591247,0.00028458196902647614,1.4271214999852226
one-system CV2 train-sim-0,test,30,70,70,-0.4559750678282595,0.20188027223203103,0.00013076966570224613,0.00021823459246661514,0.0003531254187691957,1.6181001131762176
one-system CV2 train-sim-0,test,31,70,70,-0.43658250618354694,0.04241379562203735,5.3550273150904104e-05,0.00023079916718415916,0.00022101050126366317,0.9575879495583907
one-system CV2 train-sim-0,test,32,70,70,-0.47125278309709456,-0.044974559010319194,4.333242031862028e-05,0.00022167149290908128,0.00017824153474066406,0.8040796423641625
one-system CV2 train-sim-0,test,33,70,70,-0.44188299248913854,0.34901007030210907,0.00014262646436691284,0.00022601516684517264,0.0002801247173920274,1.2394067234608261
one-system CV2 train-sim-0,test,34,70,70,-0.4375718899669225,0.2079441793967272,0.00012030835932819173,0.00020368392870295793,0.0003441897570155561,1.6898228505671873
one-system CV2 train-sim-0,test,35,70,70,-0.4510618256550779,0.4078272687959474,0.00014039003872312605,0.00023475891794078052,0.00019598662038333714,0.8348420673534372
one-system CV2 train-sim-0,test,36,70,70,-0.43886245536488916,-0.018060706986602074,4.5229706302052364e-05,0.00020144920563325286,0.00017227990610990673,0.8552027076420936
one-system CV2 train-sim-0,test,37,70,70,-0.4551468742154155,0.1617340558566069,0.00012435966345947236,0.0002066182205453515,0.0003678821085486561,1.7804920958938764
one-system CV2 train-sim-0,test,38,70,70,-0.44471551799250675,-0.020063215942971148,6.544846837641671e-05,0.00021704974642489105,0.0003276591596659273,1.509603973572538
one-system CV2 train-sim-0,test,39,70,70,-0.4690967296009313,-0.35789156626506025,4.444334263098426e-05,0.00026563822757452726,0.0001772489194991067,0.6672568218720624
one-system CV2 train-sim-0,test,40,70,70,-0.46139779124056274,-0.5522008431266339,0.00010097970516653731,0.000348018656950444,0.00014312664279714227,0.41126140779723414
one-system CV2 train-sim-0,test,41,70,70,-0.4400048068256925,-0.39262484929246777,3.2665531762177125e-05,0.00023952477204147726,0.00031692368793301284,1.3231353284750555
one-system CV2 train-sim-0,test,42,70,70,-0.44867903631686307,-0.04753005071682441,5.629345105262473e-05,0.00018848963372875005,0.0002961292630061507,1.571063920853609
one-system CV2 train-sim-0,test,43,70,70,-0.45361029040858974,0.3663548523694037,0.00012850518396589905,0.00024634404690004885,0.00018920966249424964,0.7680707728692109
one-system CV2 train-sim-0,test,44,70,70,-0.4550066928623861,-0.11181034220994139,4.346279092715122e-05,0.0002394575858488679,0.0002900176914408803,1.2111443052128785
one-system CV2 train-sim-0,test,45,70,70,-0.4530072988759191,-0.5195194114301758,6.036659033270553e-05,0.00031661702087149024,0.00017874511831905693,0.5645467758715559
one-system CV2 train-sim-0,test,46,70,70,-0.4346913695588119,0.1557949346649523,8.508090832037851e-05,0.00020751265401486307,0.00027582040638662875,1.3291739132538545
one-system CV2 train-sim-0,test,47,70,70,-0.46011463815238157,0.1677950935798971,0.00010257492249365896,0.00022299998090602458,0.0003274270275142044,1.4682827603119253
one-system CV2 train-sim-0,test,48,70,70,-0.46729238555325514,-0.23595779418573481,4.835220897803083e-05,0.0002571794611867517,0.00017677369760349393,0.6873554240598129
one-system CV2 train-sim-0,test,49,70,70,-0.4430741823382554,-0.16246393363789371,5.5729753512423486e-05,0.00021003279834985733,0.00036916029057465494,1.757631634082857
one-system CV2 train-sim-0,test,50,70,70,-0.45103646833013433,-0.45853084239551384,3.4027150832116604e-05,0.00025290544726885855,0.0003501317696645856,1.3844374387569744
one-system CV2 train-sim-0,test,51,70,70,-0.439788200945178,0.20683428253924155,8.193471876438707e-05,0.00021032115910202265,0.000220119341975078,1.0465867671844773
one-system CV2 train-sim-0,test,52,70,70,-0.4465630991741776,-0.43482069938377016,4.125029590795748e-05,0.00028181279776617885,0.00024693357408978045,0.8762326482229603
one-system CV2 train-sim-0,test,53,70,70,-0.44696569156448496,-0.28751752069571684,4.093251482117921e-05,0.00021530983212869614,0.0002816455962602049,1.3080944491743332
one-system CV2 train-sim-0,test,54,70,70,-0.436619942530108,0.3402902504641734,0.00012676553160417825,0.00022535247262567282,0.00022605429694522172,1.0031143404435356
one-system CV2 train-sim-0,test,55,70,70,-0.4436697517982962,-0.5300711458833757,4.648966569220647e-05,0.00029503219411708415,0.00021873092919122428,0.7413798682065879
one-system CV2 train-sim-0,test,56,70,70,-0.4268682196156176,0.018697149316892137,5.6711385695962235e-05,0.00021875687525607646,0.0001706104667391628,0.7799090498959014
one-system CV2 train-sim-0,test,57,70,70,-0.423213488814296,0.00818971236491766,5.1621482271002606e-05,0.00024135071726050228,0.00015731646271888167,0.6518168435732549
one-system CV2 train-sim-0,test,58,70,70,-0.46729467866642777,-0.44757453938923436,3.27580637531355e-05,0.000247936841333285,0.00029822802753187716,1.202838698469136
one-system CV2 train-sim-0,test,59,70,70,-0.4473915481006712,0.3577176795955841,0.00014003619435243309,0.00024043121084105223,0.0002631547104101628,1.0945114383844823
one-system CV2 train-sim-0,test,60,70,70,-0.48136781808713763,-0.309920699142256,3.529800596879795e-05,0.00025099809863604605,0.00030330964364111423,1.208414108669888
one-system CV2 train-sim-0,test,61,70,70,-0.4504082287067413,-0.24724088656471374,5.431895988294855e-05,0.00023027996940072626,0.0003862628364004195,1.6773618539450843
one-system CV2 train-sim-0,test,62,70,70,-0.4707234607892164,-0.32544624018123536,3.7235524359857664e-05,0.00025749285123310983,0.00026350608095526695,1.0233529967661639
one-system CV2 train-sim-0,test,63,70,70,-0.45555678152564044,0.34400921834817577,0.0001676199317444116,0.000229693076107651,0.0003465391928330064,1.5087054372966504
one-system CV2 train-sim-0,test,64,70,70,-0.4657450164512422,0.08604535204768886,8.313202124554664e-05,0.000236157065955922,0.00029147224267944694,1.2342304537855722
one-system CV2 train-sim-0,test,65,70,70,-0.4453691329526587,0.13698211516276654,9.809704351937398e-05,0.0002055793593171984,0.00031680744723416865,1.5410469625277459
one-system CV2 train-sim-0,test,66,70,70,-0.42510821664826415,-0.06007931110890378,6.296172796282917e-05,0.0002681212790776044,0.00015617595636285841,0.5824825127648865
one-system CV2 train-sim-0,test,67,70,70,-0.4389626669800603,-0.38386865746002585,3.058352740481496e-05,0.00024084032338578254,0.0002427285653539002,1.007840223520598
one-system CV2 train-sim-0,test,68,70,70,-0.439484940067616,-0.27172000061215434,3.8929316360736266e-05,0.0002538969274610281,0.00035274229594506323,1.3893129762242098
one-system CV2 train-sim-0,test,69,70,70,-0.44528815204618605,-0.10010194300321044,6.183253572089598e-05,0.00020651034719776362,0.0003550012188497931,1.7190480945239413
one-system CV2 train-sim-0,test,70,70,70,-0.4566567236866135,0.19087909107347356,9.674916509538889e-05,0.00022446429647970945,0.00026626596809364855,1.1862285996905426
one-system CV2 train-sim-0,test,71,70,70,-0.4569596079703095,-0.4624331150536231,3.287673098384403e-05,0.00024303053214680403,0.0002779758651740849,1.1437898881206083
one-system CV2 train-sim-0,test,72,70,70,-0.4314693851666297,-0.3860960484136733,4.37581620644778e-05,0.00030724299722351134,0.00024113841936923563,0.7848459413179519
one-system CV2 train-sim-0,test,73,70,70,-0.46194798456169284,-0.3536641181281372,3.5261226003058255e-05,0.0002647559449542314,0.0002909821050707251,1.0990578705268637
one-system CV2 train-sim-0,test,74,70,70,-0.45968505356794037,-0.2943899848377969,3.831261346931569e-05,0.0002020158717641607,0.0002633504627738148,1.3036127333661085
one-system CV2 train-sim-0,test,75,70,70,-0.4304426377597109,0.17866860843904495,9.134744323091581e-05,0.0002119993878295645,0.00029460297082550824,1.3896406675586834
one-system CV2 train-sim-0,test,76,70,70,-0.44964204055624274,0.34864338727339095,0.0001814879069570452,0.00022682927374262363,0.0003780812839977443,1.6668099216626766
one-system CV2 train-sim-0,test,77,70,70,-0.4616198863990148,0.18884769730556086,0.00010656737140379846,0.00020355825836304575,0.0003097509907092899,1.521682260401588
one-system CV2 train-sim-0,test,78,70,70,-0.4647851512840071,0.04785894206549118,8.160597644746304e-05,0.00021495725377462804,0.00032466632546857,1.5103762248887234
one-system CV2 train-sim-0,train,0,80,80,-0.45446851604036315,-0.45577893262110325,3.675419065984897e-05,0.0003297053917776793,0.0002738247567322105,0.830513432782594
one-system CV2 train-sim-0,val,0,80,80,-0.42008091352730587,-0.19440486556373518,0.00010254116932628676,0.00039166788337752223,0.00015967185026966035,0.4076715427691968
one-system CV2 train-sim-0,val,1,80,80,-0.44352937010940763,0.12839416200881035,8.650169911561534e-05,0.0002959446865133941,0.00029092884506098926,0.9830514225090577
one-system CV2 train-sim-0,val,2,80,80,-0.47668015045064227,-0.4304102492017912,3.9365117117995396e-05,0.0003362025017850101,0.0002939276455435902,0.8742577582945732
one-system CV2 train-sim-0,val,3,80,80,-0.45747421739860306,0.1318253152226852,9.333559864899144e-05,0.0002692628186196089,0.00027551723178476095,1.0232279124062345
one-system CV2 train-sim-0,val,4,80,80,-0.447941126985172,0.03449893274237625,6.922031025169417e-05,0.0002696190495043993,0.0002686716616153717,0.9964861982461216
one-system CV2 train-sim-0,val,5,80,80,-0.4558221278994578,0.3624942331222712,0.00015914377581793815,0.00029611389618366957,0.00021104284678585827,0.712708351434326
one-system CV2 train-sim-0,val,6,80,80,-0.43989336098048654,-0.37447228568590446,5.069082180853002e-05,0.0003895881527569145,0.00026725398492999375,0.6859910473118217
one-system CV2 train-sim-0,val,7,80,80,-0.45886387728378125,-0.3700672778061927,3.601130811148323e-05,0.00030109568615444005,0.0003771804040297866,1.252692819505626
one-system CV2 train-sim-0,val,8,80,80,-0.4364718533051615,0.16813124719911152,9.181111818179488e-05,0.00028595238109119236,0.00016030602273531258,0.5606039093767496
one-system CV2 train-sim-0,val,9,80,80,-0.45196870925684485,-0.44276479084573206,6.684090476483107e-05,0.00034473687992431223,0.0002028488670475781,0.5884164963496624
one-system CV2 train-sim-0,val,10,80,80,-0.4581171601463276,-0.07698557129858313,8.014484046725556e-05,0.00032949255546554923,0.00015515259292442352,0.47088345503043033
one-system CV2 train-sim-0,val,11,80,80,-0.44586515981144004,0.34392243102758896,0.00015136103320401162,0.0002929061301983893,0.0002495410153642297,0.8519487632273595
one-system CV2 train-sim-0,val,12,80,80,-0.4558529036956126,0.11252123718093054,9.607090032659471e-05,0.00026991922641173005,0.00032604121952317655,1.2079214358218373
one-system CV2 train-sim-0,val,13,80,80,-0.43375107784782047,-0.017011795197291867,6.166009552543983e-05,0.00028736834065057337,0.000204004580155015,0.7099062467812873
one-system CV2 train-sim-0,val,14,80,80,-0.4191876191409046,0.011266657692825414,6.17019904893823e-05,0.00025597409694455564,0.0002492210769560188,0.9736183462735312
one-system CV2 train-sim-0,val,15,80,80,-0.47238889379099386,-0.36202802737557616,3.707250289153308e-05,0.00035011902218684554,0.00027592433616518974,0.7880872465647958
one-system CV2 train-sim-0,val,16,80,80,-0.443942238267148,0.1787741429501921,0.00010881247726501897,0.00028955042944289744,0.0002908912720158696,1.0046307739054368
one-system CV2 train-sim-0,val,17,80,80,-0.4474237602223744,0.16443971436418567,8.577421249356121e-05,0.0002597049460746348,0.00022998914937488735,0.8855786262491604
one-system CV2 train-sim-0,val,18,80,80,-0.42643719280781434,0.041974083116465,6.505361670861021e-05,0.00027273656451143324,0.00024163885973393917,0.8859789671648869
one-system CV2 train-sim-0,val,19,80,80,-0.45848074628025054,-0.1481677582983619,5.014143243897706e-05,0.0003133233985863626,0.00029645959148183465,0.9461776325017115
one-system CV2 train-sim-0,test,0,80,80,-0.46024612568174017,-0.21105389722411,3.839655619231053e-05,0.0003096061118412763,0.00036793583421967924,1.1883997768374368
one-system CV2 train-sim-0,test,1,80,80,-0.46356799740927984,-0.4201618494027304,7.948037819005549e-05,0.0003949619713239372,0.0001911730651045218,0.4840290432612987
one-system CV2 train-sim-0,test,2,80,80,-0.4398159462082545,0.3477466168213985,0.000156878333655186,0.00028372800443321466,0.00029440948856063187,1.0376469152164056
one-system CV2 train-sim-0,test,3,80,80,-0.43206945024885074,-0.42774649329374426,9.334466449217871e-05,0.00035531772300601006,0.0001561529206810519,0.43947405538904305
one-system CV2 train-sim-0,test,4,80,80,-0.4591623553722147,0.1581052686530154,9.757858060766011e-05,0.0002872816112358123,0.0002594114630483091,0.9029866615283417
one-system CV2 train-sim-0,test,5,80,80,-0.42478035864724994,0.03780851857774935,6.915954145370051e-05,0.00029029633151367307,0.0002569305070210248,0.8850628793044989
one-system CV2 train-sim-0,test,6,80,80,-0.4344919699834173,-0.3423929853817292,3.596580063458532e-05,0.00032649064087308943,0.00035416637547314167,1.084767313776722
one-system CV2 train-sim-0,test,7,80,80,-0.43495033788987936,-0.43116065521182106,3.222999657737091e-05,0.00034481738111935556,0.0003337551897857338,0.9679186956941922
one-system CV2 train-sim-0,test,8,80,80,-0.42800172890451066,-0.4511984117683553,5.7855497288983315e-05,0.00032284297049045563,0.0002111510984832421,0.6540365372133276
one-system CV2 train-sim-0,test,9,80,80,-0.4602998001332445,0.051412383430926044,7.526621629949659e-05,0.00026425678515806794,0.00033012728090398014,1.249266998788739
one-system CV2 train-sim-0,test,10,80,80,-0.4312850386795703,0.13733683540273797,8.328972035087645e-05,0.000282045773928985,0.00023882424284238368,0.8467570334966839
one-system CV2 train-sim-0,test,11,80,80,-0.4526632560938911,0.21388367729831145,0.00012820643314626068,0.00028510281117632985,0.0003237740893382579,1.135639764484857
one-system CV2 train-sim-0,test,12,80,80,-0.43018452217020103,-0.3995590479199296,4.5117947593098506e-05,0.0003405835886951536,0.00029352057026699185,0.8618165408131674
one-system CV2 train-sim-0,test,13,80,80,-0.4263782370009127,-0.4186078988143134,3.6218942113919184e-05,0.00037568254629150033,0.00032510876189917326,0.8653815970649705
one-system CV2 train-sim-0,test,14,80,80,-0.4415744488822733,-0.13338579195172073,4.759657531394623e-05,0.0002900392864830792,0.00032578251557424664,1.1232358192732372
one-system CV2 train-sim-0,test,15,80,80,-0.4687310995524374,-0.4056713816451029,4.1855739254970104e-05,0.00032089074375107884,0.0004042352957185358,1.2597287506432686
one-system CV2 train-sim-0,test,16,80,80,-0.41413973515699826,-0.1942718040898629,4.577699655783363e-05,0.00030458380933851004,0.00022814531985204667,0.7490395512076916
one-system CV2 train-sim-0,test,17,80,80,-0.459443705441882,0.3543999358648887,0.00016223177954088897,0.0003011378285009414,0.0002653402043506503,0.8811254490062208
one-system CV2 train-sim-0,test,18,80,80,-0.4483052440323288,0.3548542262366051,0.00019064846856053919,0.0003021016309503466,0.00037450995296239853,1.2396819963674839
one-system CV2 train-sim-0,test,19,80,80,-0.46244297934560863,-0.23219830330115754,5.1697337767109275e-05,0.00031142192892730236,0.00018700984946917742,0.6005031505434949
one-system CV2 train-sim-0,test,20,80,80,-0.4785513156617147,-0.3325956270292208,9.590770059730858e-05,0.00040351576171815395,0.0001583080884302035,0.392321944887937
one-system CV2 train-sim-0,test,21,80,80,-0.4545740914475892,-0.379161657868604,3.4810440411092713e-05,0.00034484939533285797,0.0003107129887212068,0.9010106815507047
one-system CV2 train-sim-0,test,22,80,80,-0.4682160042773124,0.18135490609594646,0.00011578443081816658,0.0002778009802568704,0.00028968037804588675,1.042762260154849
one-system CV2 train-sim-0,test,23,80,80,-0.45689180940610846,-0.09162981864931725,5.5622665968257934e-05,0.0003080158494412899,0.00026090876781381667,0.8470627998107214
one-system CV2 train-sim-0,test,24,80,80,-0.4567627089216036,0.3421898933101697,0.00015129227540455759,0.00031304897856898606,0.00018444776651449502,0.5891977905746419
one-system CV2 train-sim-0,test,25,80,80,-0.48006029751588675,-0.28464941518695835,6.180373748065904e-05,0.00033302773954346776,0.0001839098840719089,0.55223593182965
one-system CV2 train-sim-0,test,26,80,80,-0.47836705080617475,-0.392063377081783,3.64196821465157e-05,0.0003380852867849171,0.0003538939927238971,1.0467595206207159
one-system CV2 train-sim-0,test,27,80,80,-0.45354829053432827,0.362554098142353,0.00017270093667320907,0.000300614774459973,0.00028743562870658934,0.9561593545192223
one-system CV2 train-sim-0,test,28,80,80,-0.4477890663448639,-0.42053404734537675,3.5915458283852786e-05,0.0003367894096300006,0.0003205609100405127,0.9518141036343255
one-system CV2 train-sim-0,test,29,80,80,-0.43929750033856263,-0.058171414948146385,5.858770600752905e-05,0.0002606637717690319,0.0002899510145653039,1.1123563991939116
one-system CV2 train-sim-0,test,30,80,80,-0.4546720656126686,0.20137674320373292,0.0001362134062219411,0.00028524655499495566,0.0003595807356759906,1.2605962434229905
one-system CV2 train-sim-0,test,31,80,80,-0.43518952917882614,0.04150053672749578,6.700582162011415e-05,0.0003017328563146293,0.0002253593411296606,0.7468836635234352
one-system CV2 train-sim-0,test,32,80,80,-0.4698891368642607,-0.04664176650841038,5.957144821877591e-05,0.00028977362671867013,0.0001817316806409508,0.6271505198690389
one-system CV2 train-sim-0,test,33,80,80,-0.44062504475859005,0.3489346420876227,0.00016091918223537505,0.0002951900823973119,0.00028545595705509186,0.9670242127947971
one-system CV2 train-sim-0,test,34,80,80,-0.43636527574725154,0.20750380765883378,0.0001230272901011631,0.00026595540111884475,0.0003505304630380124,1.3180046788422788
one-system CV2 train-sim-0,test,35,80,80,-0.4496705756658442,0.4079725373860511,0.00017110318003688008,0.00030671677086502314,0.00019979846547357738,0.6514103057035074
one-system CV2 train-sim-0,test,36,80,80,-0.43794353489969895,-0.019619532098667302,5.947919635218568e-05,0.0002631778479553759,0.00017572067736182362,0.667687948385453
one-system CV2 train-sim-0,test,37,80,80,-0.4540771891407669,0.16115914617670898,0.00012493219401221722,0.00026980467373505235,0.0003745169669855386,1.3881040747029962
one-system CV2 train-sim-0,test,38,80,80,-0.4435221462248489,-0.021827550580019093,6.404739542631432e-05,0.0002835995692294091,0.0003337398520670831,1.1767995733347345
one-system CV2 train-sim-0,test,39,80,80,-0.46802532397943103,-0.36156253087842954,6.863880844321102e-05,0.0003483603068161756,0.00018072829698212445,0.5187970427339531
one-system CV2 train-sim-0,test,40,80,80,-0.46006089234597375,-0.5587786993298912,0.00015397844254039228,0.00045995149412192404,0.00014599526184611022,0.3174144745954663
one-system CV2 train-sim-0,test,41,80,80,-0.43880223836170973,-0.3971657809732208,3.2004092645365745e-05,0.0003138626052532345,0.0003228489076718688,1.0286313255170487
one-system CV2 train-sim-0,test,42,80,80,-0.4475749326370177,-0.049477254449456276,5.348899503587745e-05,0.00024593400303274393,0.00030166940996423364,1.2266274945480762
one-system CV2 train-sim-0,test,43,80,80,-0.45232149546046413,0.3664382869500192,0.00016004708595573902,0.0003218427882529795,0.0001929205027408898,0.599424656330182
one-system CV2 train-sim-0,test,44,80,80,-0.45391663992583875,-0.11356075144930905,4.738527422887273e-05,0.000313629861921072,0.0002954720985144377,0.9421044817116174
one-system CV2 train-sim-0,test,45,80,80,-0.4518555488217889,-0.5239920928709929,9.551033144816756e-05,0.00041609432082623243,0.00018223120423499495,0.4379564803315294
one-system CV2 train-sim-0,test,46,80,80,-0.4334503057178854,0.1553812744469591,9.22752806218341e-05,0.0002709164982661605,0.0002810807782225311,1.0375181283584463
one-system CV2 train-sim-0,test,47,80,80,-0.4590675916327778,0.16737990240847533,0.00010776521958177909,0.0002914325741585344,0.00033343868562951684,1.144136638096371
one-system CV2 train-sim-0,test,48,80,80,-0.46599615549299883,-0.2387730724382128,7.18533992767334e-05,0.0003372032952029258,0.0001802465703804046,0.5345338344690075
one-system CV2 train-sim-0,test,49,80,80,-0.44193825149521904,-0.16511866547387255,4.624244320439175e-05,0.00027428989415057003,0.00037590606370940804,1.3704699725577798
one-system CV2 train-sim-0,test,50,80,80,-0.4499480078115093,-0.46505292547063687,3.1129300623433664e-05,0.00033262750366702676,0.0003565750957932323,1.071995225476538
one-system CV2 train-sim-0,test,51,80,80,-0.4385342982699753,0.20635681632487693,9.654511814005673e-05,0.0002746614918578416,0.00022439935128204525,0.8170033220317215
one-system CV2 train-sim-0,test,52,80,80,-0.4453484893807957,-0.4412382122222439,5.9385962231317535e-05,0.00037139622145332396,0.0002516645472496748,0.6776174142668365
one-system CV2 train-sim-0,test,53,80,80,-0.44576705340422323,-0.29154297642769034,4.246842217980884e-05,0.00028183660469949245,0.0002869462769012898,1.0181299097299499
one-system CV2 train-sim-0,test,54,80,80,-0.43525247907174724,0.3404457057228297,0.00014985265443101525,0.0002943976141978055,0.00023037621576804668,0.7825342484374112
one-system CV2 train-sim-0,test,55,80,80,-0.44238312909291316,-0.5345755859335909,7.05040292814374e-05,0.0003874321701005101,0.00022299257398117334,0.5755654568471255
one-system CV2 train-sim-0,test,56,80,80,-0.4255593725575731,0.0172565248794581,7.563541294075549e-05,0.00028594688046723604,0.00017394796304870397,0.6083226463756964
one-system CV2 train-sim-0,test,57,80,80,-0.42230375443011225,0.0071383432853144866,7.498800550820306e-05,0.00031555560417473316,0.00016043719369918108,0.5084276481755713
one-system CV2 train-sim-0,test,58,80,80,-0.4658907849829352,-0.45209874882281714,3.6164914490655065e-05,0.00032543958513997495,0.0003038208233192563,0.9335705832730208
one-system CV2 train-sim-0,test,59,80,80,-0.4462189667076942,0.3576713279777844,0.00016246447921730578,0.0003140551852993667,0.00026816915487870574,0.85389182357578
one-system CV2 train-sim-0,test,60,80,80,-0.4801161182920705,-0.3149584524901527,3.862043013214134e-05,0.00032993516651913524,0.0003090101818088442,0.9365784953115102
one-system CV2 train-sim-0,test,61,80,80,-0.4493765281173594,-0.25208117237160566,4.5787892304360867e-05,0.00030214613070711493,0.0003932107356376946,1.301392590126706
one-system CV2 train-sim-0,test,62,80,80,-0.4695075519543408,-0.3283185783396261,4.749902291223407e-05,0.0003376777458470315,0.00026851758593693376,0.7951888723474618
one-system CV2 train-sim-0,test,63,80,80,-0.45441153766982295,0.34406153805062734,0.0001812543923733756,0.00030006750603206456,0.00035284465411677957,1.1758842494564385
one-system CV2 train-sim-0,test,64,80,80,-0.46465317898637326,0.08504669855836507,9.263436368200928e-05,0.0003092645201832056,0.0002969387569464743,0.9601449166253225
one-system CV2 train-sim-0,test,65,80,80,-0.44410631638085557,0.13618039724296535,0.00010146121348952875,0.00026844165404327214,0.0003226717235520482,1.202018087327216
one-system CV2 train-sim-0,test,66,80,80,-0.4238458636798886,-0.06197015484181531,9.283328836318105e-05,0.00035127397859469056,0.00015931208326946944,0.4535265717854041
one-system CV2 train-sim-0,test,67,80,80,-0.4378463114436046,-0.38693169428696034,3.9811940951040015e-05,0.00031516875606030226,0.00024740290245972574,0.7849854965077482
one-system CV2 train-sim-0,test,68,80,80,-0.4383313870836718,-0.2757060634453219,3.6048841138835996e-05,0.00033378208172507584,0.00035920730442740023,1.0761731204111376
one-system CV2 train-sim-0,test,69,80,80,-0.44433824925628207,-0.10305124926748709,5.483410495799035e-05,0.00026958525995723903,0.00036153619294054806,1.3410829397641921
one-system CV2 train-sim-0,test,70,80,80,-0.455359565807327,0.1903964560233101,0.00010975493933074176,0.0002932682109531015,0.0002712987770792097,0.925087571535651
one-system CV2 train-sim-0,test,71,80,80,-0.45574482059482846,-0.46599377734172875,3.819372068392113e-05,0.00031811289954930544,0.00028328533517196774,0.8905182266211759
one-system CV2 train-sim-0,test,72,80,80,-0.43044085785160296,-0.39047001323427283,6.60113655612804e-05,0.00040386777254752815,0.00024587626103311777,0.6088038653893396
one-system CV2 train-sim-0,test,73,80,80,-0.4608184910523758,-0.35791505031211235,4.2642779590096325e-05,0.0003477255522739142,0.0002964316518045962,0.8524873995198597
one-system CV2 train-sim-0,test,74,80,80,-0.45854261074030256,-0.29881310064139444,4.0133421862265095e-05,0.0002640831226017326,0.0002684042265173048,1.0163626659401817
one-system CV2 train-sim-0,test,75,80,80,-0.429242710299979,0.1784037558685446,9.765230061020702e-05,0.0002768792037386447,0.0003001862205564976,1.0841775637286688
one-system CV2 train-sim-0,test,76,80,80,-0.44848042008272854,0.3486673142689856,0.00019260987755842507,0.00029627286130562425,0.0003849590430036187,1.2993395389208768
one-system CV2 train-sim-0,test,77,80,80,-0.46065413064789235,0.1887173587328767,0.00011198532592970878,0.00026573246577754617,0.00031555083114653826,1.1874756448114878
one-system CV2 train-sim-0,test,78,80,80,-0.4636555917279424,0.04692485313369603,8.27821422717534e-05,0.00028095219749957323,0.00033062740112654865,1.1768101622591896
one-system CV2 train-sim-0,train,0,90,90,-0.4534191310828144,-0.4607018641541378,5.356359179131687e-05,0.00041918031638488173,0.000279115280136466,0.6658597010079758
one-system CV2 train-sim-0,val,0,90,90,-0.4186077772443591,-0.1971235591411719,0.00014972595090512186,0.0004978216602467,0.00016296205285470933,0.3273502659043642
one-system CV2 train-sim-0,val,1,90,90,-0.4425282920908434,0.12795216395642017,0.00010235987429041415,0.0003746392612811178,0.00029642184381373227,0.7912193794107084
one-system CV2 train-sim-0,val,2,90,90,-0.4754698937509229,-0.43526072442294306,5.491804768098518e-05,0.00042706014937721193,0.0002993973612319678,0.701066024700697
one-system CV2 train-sim-0,val,3,90,90,-0.45621620058416956,0.13121399102707515,0.00010839610331458971,0.00034081313060596585,0.0002807595592457801,0.8237932580431673
one-system CV2 train-sim-0,val,4,90,90,-0.44679417517930886,0.03305096010924339,8.212425746023655e-05,0.0003416717518121004,0.00027383308042772114,0.801450746148641
one-system CV2 train-sim-0,val,5,90,90,-0.4544835172051484,0.36264977177634083,0.000194237451069057,0.0003748801245819777,0.00021512483363039792,0.5738496642634225
one-system CV2 train-sim-0,val,6,90,90,-0.43862351206847233,-0.37866809372224275,7.852243288652971e-05,0.0004961654194630682,0.0002724435180425644,0.5490981583065435
one-system CV2 train-sim-0,val,7,90,90,-0.4576658756056561,-0.3739855410447761,3.662009839899838e-05,0.00038157287053763866,0.00038409631815738976,1.006613278392134
one-system CV2 train-sim-0,val,8,90,90,-0.43524414153673796,0.1679524194479732,0.00012235807662364095,0.00036181622999720275,0.0001635612570680678,0.45205616417299
one-system CV2 train-sim-0,val,9,90,90,-0.45047541195198554,-0.44672483639763166,9.825063170865178e-05,0.0004377715231385082,0.0002068283938569948,0.47245739598177466
one-system CV2 train-sim-0,val,10,90,90,-0.456941491685354,-0.07846251588310038,0.00011566687317099422,0.0004177415103185922,0.00015822773275431246,0.37876947549129
one-system CV2 train-sim-0,val,11,90,90,-0.4447511728590608,0.34380849702627775,0.0001804599305614829,0.00037066725781187415,0.0002543828741181642,0.6862836378369084
one-system CV2 train-sim-0,val,12,90,90,-0.45462804617357844,0.11142534623180841,0.00010560767259448767,0.00034161904477514327,0.0003321022668387741,0.9721421329345581
one-system CV2 train-sim-0,val,13,90,90,-0.4325533978168436,-0.017717993018581856,8.360704669030383e-05,0.0003641424118541181,0.0002080704871332273,0.5713986626105613
one-system CV2 train-sim-0,val,14,90,90,-0.4180179239017693,0.009663946001579741,7.397064473479986e-05,0.00032378677860833704,0.0002540512359701097,0.7846251074921694
one-system CV2 train-sim-0,val,15,90,90,-0.47110369744471314,-0.3661053614596694,5.598868665401824e-05,0.0004453419824130833,0.00028119119815528393,0.6314050982385511
one-system CV2 train-sim-0,val,16,90,90,-0.44276168946374406,0.17840558647336147,0.000126855171401985,0.0003665270924102515,0.0002963680599350482,0.808584320428148
one-system CV2 train-sim-0,val,17,90,90,-0.44586693467978017,0.16383404759288425,0.0001038516202243045,0.00032862366060726345,0.00023453398898709565,0.7136856444046069
one-system CV2 train-sim-0,val,18,90,90,-0.42500211804031207,0.04099201144628592,8.077002712525427e-05,0.0003454109246376902,0.00024636025773361325,0.7132381756368199
one-system CV2 train-sim-0,val,19,90,90,-0.4572296153254132,-0.1505021579139971,6.346125155687332e-05,0.00039782674866728485,0.00030206935480237007,0.7592987545817345
one-system CV2 train-sim-0,test,0,90,90,-0.4593567656807269,-0.21397374840283423,4.0842645830707625e-05,0.000392787012970075,0.00037470750976353884,0.9539712296752704
one-system CV2 train-sim-0,test,1,90,90,-0.462527949259289,-0.42439810617507806,0.00012112417607568204,0.0005028704181313515,0.00019501254428178072,0.38779879915474125
one-system CV2 train-sim-0,test,2,90,90,-0.4385638500217871,0.3478348846620801,0.00018027127953246236,0.00035905593540519476,0.0003000471042469144,0.835655603097916
one-system CV2 train-sim-0,test,3,90,90,-0.43051586704767636,-0.43271085872374504,0.00013702778960578144,0.0004538673092611134,0.00015934542170725763,0.3510837164427389
one-system CV2 train-sim-0,test,4,90,90,-0.4581166998984237,0.15773661071606715,0.00011755830200854689,0.0003636691835708916,0.00026446342235431075,0.7272087773770849
one-system CV2 train-sim-0,test,5,90,90,-0.4236645486170601,0.03683612071824513,8.607644849689677e-05,0.0003678913344629109,0.0002619613369461149,0.7120617215095743
one-system CV2 train-sim-0,test,6,90,90,-0.43338555488058317,-0.34627545439874724,4.241155693307519e-05,0.00041472766315564513,0.0003607715480029583,0.8698998886591335
one-system CV2 train-sim-0,test,7,90,90,-0.4337798014124144,-0.43529628397643033,4.317156708566472e-05,0.0004385740321595222,0.0003399983688723296,0.7752359782866995
one-system CV2 train-sim-0,test,8,90,90,-0.4267454723090215,-0.45582042527629474,8.488052117172629e-05,0.00041118141962215304,0.00021537118300329894,0.5237862722523065
one-system CV2 train-sim-0,test,9,90,90,-0.4591128127269127,0.05022506372286129,8.090867777355015e-05,0.00033429876202717423,0.0003363354771863669,1.0060924998550462
one-system CV2 train-sim-0,test,10,90,90,-0.4301610564434209,0.13667987359086836,0.00010299890709575266,0.00035689366632141173,0.00024351659521926194,0.6823225464582929
one-system CV2 train-sim-0,test,11,90,90,-0.45139105142152935,0.21377343968653792,0.0001445841626264155,0.00036088365595787764,0.0003298156661912799,0.9139113416368626
one-system CV2 train-sim-0,test,12,90,90,-0.42915914529196925,-0.40413823596190385,6.285984272835776e-05,0.00043371604988351464,0.00029909959994256496,0.6896207784399394
one-system CV2 train-sim-0,test,13,90,90,-0.42505364879273344,-0.42312855174534464,5.307743413140997e-05,0.0004780171439051628,0.0003313123306725174,0.693097172134581
one-system CV2 train-sim-0,test,14,90,90,-0.44044552407137993,-0.13607624199551518,5.397362110670656e-05,0.00036797724897041917,0.0003319222014397383,0.9020182697936869
one-system CV2 train-sim-0,test,15,90,90,-0.46745881393731564,-0.411626576394021,4.277795596863143e-05,0.00040808081394061446,0.0004115449555683881,1.008488861787748
one-system CV2 train-sim-0,test,16,90,90,-0.41301008010785556,-0.19637077518968535,6.503192707896233e-05,0.0003862064331769943,0.0002326280518900603,0.6023412141958011
one-system CV2 train-sim-0,test,17,90,90,-0.45818558685272237,0.35436731785523423,0.00019205249554943293,0.0003812313370872289,0.00027044524904340506,0.7093993141007843
one-system CV2 train-sim-0,test,18,90,90,-0.4470024338151294,0.35497089915666946,0.0002116278192261234,0.0003823618753813207,0.0003813895455095917,0.9974570428321095
one-system CV2 train-sim-0,test,19,90,90,-0.4611590735732612,-0.2339553359044826,7.747903146082535e-05,0.00039474762161262333,0.000190740916877985,0.4831971275691796
one-system CV2 train-sim-0,test,20,90,90,-0.4772170269205263,-0.3353300836831873,0.00014382902008946985,0.0005125562893226743,0.00016146423877216876,0.31501757394400187
one-system CV2 train-sim-0,test,21,90,90,-0.45352663034998336,-0.3849530290186607,4.916750549455173e-05,0.0004391886468511075,0.00031661594402976334,0.7209110397088694
one-system CV2 train-sim-0,test,22,90,90,-0.4670023872416764,0.18095964613492288,0.00013347943604458123,0.00035158844548277557,0.000295069970889017,0.8392482024938233
one-system CV2 train-sim-0,test,23,90,90,-0.4559520521872831,-0.093277315773983,7.262286817422137e-05,0.0003904329496435821,0.0002659895399119705,0.6812681669279876
one-system CV2 train-sim-0,test,24,90,90,-0.45556128588619565,0.34219149663472304,0.0001906611432787031,0.00039630208630114794,0.00018808736058417708,0.47460603182707056
one-system CV2 train-sim-0,test,25,90,90,-0.4790359205421159,-0.28741962906644,9.230512659996748e-05,0.0004224518488626927,0.0001875173911685124,0.44387873238888387
one-system CV2 train-sim-0,test,26,90,90,-0.477198613429195,-0.3974954649189537,4.497238842304796e-05,0.0004308602656237781,0.00036048347828909755,0.8366598339422352
one-system CV2 train-sim-0,test,27,90,90,-0.45249913506414646,0.36268510079189403,0.0002012967597693205,0.0003805095620919019,0.00029285927303135395,0.7696502327597792
one-system CV2 train-sim-0,test,28,90,90,-0.446616531310109,-0.4254721103539499,4.817907029064372e-05,0.0004284541355445981,0.0003266732092015445,0.7624461572446204
one-system CV2 train-sim-0,test,29,90,90,-0.4380181045317818,-0.060225219126554784,6.637566548306495e-05,0.00033010708284564316,0.0002954931405838579,0.8951432911908448
one-system CV2 train-sim-0,test,30,90,90,-0.45333844482780655,0.2009947097394752,0.000149461324326694,0.0003612270811572671,0.00036623363848775625,1.0138598615431866
one-system CV2 train-sim-0,test,31,90,90,-0.43376633601007714,0.04065151463522677,8.880501991370693e-05,0.0003821823338512331,0.000229855693760328,0.6014294052895726
one-system CV2 train-sim-0,test,32,90,90,-0.4685086048934718,-0.04814171912167809,8.389069989789277e-05,0.00036702066427096725,0.00018533602997194976,0.5049743734187082
one-system CV2 train-sim-0,test,33,90,90,-0.43932977221619246,0.3490329597578853,0.00018747171270661056,0.0003736367798410356,0.00029095716308802366,0.7787166006831873
one-system CV2 train-sim-0,test,34,90,90,-0.4351483663426372,0.2072629682910023,0.00013294008385855705,0.00033651982084847987,0.0003570667468011379,1.0610571047519648
one-system CV2 train-sim-0,test,35,90,90,-0.4482000134327356,0.4080604080063436,0.00021053734235465527,0.000388284504879266,0.00020373934239614755,0.5247166442026798
one-system CV2 train-sim-0,test,36,90,90,-0.4369989262705798,-0.02103267365793053,8.09719567769207e-05,0.000333119387505576,0.00017927688895724714,0.5381760884579144
one-system CV2 train-sim-0,test,37,90,90,-0.45298955597479623,0.16072200605274536,0.00013275670062284917,0.0003414074599277228,0.00038134431815706193,1.1169771106870188
one-system CV2 train-sim-0,test,38,90,90,-0.4422668271919264,-0.023298803669212793,7.027627725619823e-05,0.00035904612741433084,0.0003400069836061448,0.9469729866039878
one-system CV2 train-sim-0,test,39,90,90,-0.4669193045028979,-0.3647625682788176,0.0001029925188049674,0.0004423657665029168,0.00018432163051329553,0.41667245630337485
one-system CV2 train-sim-0,test,40,90,90,-0.45869382360009614,-0.5643993240069064,0.0002216407301602885,0.0005877470248378813,0.00014895616914145648,0.2534358539416566
one-system CV2 train-sim-0,test,41,90,90,-0.4375896982207805,-0.40104684863952933,4.0121401980286464e-05,0.00039834005292505026,0.00032895608455874026,0.8258172436921252
one-system CV2 train-sim-0,test,42,90,90,-0.44646481324774856,-0.051284124624465854,5.714903454645537e-05,0.0003109742538072169,0.0003073823172599077,0.9884494085817924
one-system CV2 train-sim-0,test,43,90,90,-0.4510042819935549,0.36641655638260284,0.0002006989234359935,0.00040741334669291973,0.00019675857038237154,0.4829458140719054
one-system CV2 train-sim-0,test,44,90,90,-0.45274447325472134,-0.11514128561648686,5.996966501697898e-05,0.00039787826244719326,0.0003011006338056177,0.7567657301850714
one-system CV2 train-sim-0,test,45,90,90,-0.45063139223974374,-0.5278947868942331,0.00014317553723230958,0.0005293138674460351,0.00018583297787699848,0.3510827682895435
one-system CV2 train-sim-0,test,46,90,90,-0.43216856174088353,0.15506494714686078,0.00010681881394702941,0.00034278229577466846,0.00028650491731241345,0.835821805396713
one-system CV2 train-sim-0,test,47,90,90,-0.45802461818109974,0.16706769096970575,0.00012091517419321463,0.0003689885197672993,0.00033963561872951686,0.9204503677884242
one-system CV2 train-sim-0,test,48,90,90,-0.4646567584141986,-0.24109982234417182,0.00010510082211112604,0.00042807013960555196,0.00018383761926088482,0.4294567694683941
one-system CV2 train-sim-0,test,49,90,90,-0.4407694487917288,-0.16744659444535437,4.4003983930451795e-05,0.00034714661887846887,0.00038284939364530146,1.1028463848565715
one-system CV2 train-sim-0,test,50,90,90,-0.4488244386081755,-0.47054678182935206,3.776318044401705e-05,0.00042346137342974544,0.00036320899380370975,0.857714579400636
one-system CV2 train-sim-0,test,51,90,90,-0.43723104798265766,0.20600593030095676,0.00011872484174091369,0.00034755253000184894,0.00022882460325490683,0.6583885413053662
one-system CV2 train-sim-0,test,52,90,90,-0.44410368098613984,-0.4465667604852366,8.876808715285733e-05,0.0004735722322948277,0.00025654389173723757,0.5417207222942144
one-system CV2 train-sim-0,test,53,90,90,-0.4445542161824075,-0.29503504215302845,5.177889033802785e-05,0.0003573755675461143,0.0002924124419223517,0.8182216930222013
one-system CV2 train-sim-0,test,54,90,90,-0.43387346040369035,0.3404749415016827,0.00018115183047484607,0.00037259820965118706,0.00023484158737119287,0.6302810407785991
one-system CV2 train-sim-0,test,55,90,90,-0.44105206552535053,-0.5383301809039863,0.00010592882608762011,0.0004925851826556027,0.0002273954451084137,0.4616367952492801
one-system CV2 train-sim-0,test,56,90,90,-0.4241778017726189,0.015905883441686138,0.00010256861423840746,0.0003621299401856959,0.00017739662143867463,0.48987007632593915
one-system CV2 train-sim-0,test,57,90,90,-0.4213728845788173,0.006057584301859111,0.00010724129242589697,0.00039971055230125785,0.00016366018098779023,0.40944673600821324
one-system CV2 train-sim-0,test,58,90,90,-0.4644559375316905,-0.4558768126775303,4.886779061052948e-05,0.0004136204079259187,0.000309587485389784,0.7484821335151154
one-system CV2 train-sim-0,test,59,90,90,-0.44496316505475064,0.35770747503717243,0.00019371062808204442,0.0003975072468165308,0.00027334297192282975,0.6876427388731129
one-system CV2 train-sim-0,test,60,90,90,-0.47879568485542356,-0.3191630986219552,5.142682493897155e-05,0.00041980374953709543,0.00031489357934333384,0.7500971101152794
one-system CV2 train-sim-0,test,61,90,90,-0.448336867615874,-0.25618994717123844,4.565680865198374e-05,0.0003838804259430617,0.0004003575595561415,1.0429225678089764
one-system CV2 train-sim-0,test,62,90,90,-0.46824728529482834,-0.3307684338958079,6.740914250258356e-05,0.00042884054710157216,0.0002736943424679339,0.638219366890017
one-system CV2 train-sim-0,test,63,90,90,-0.4532420423177208,0.34408015004392106,0.0002031846233876422,0.00037983295624144375,0.0003593387082219124,0.946044049936246
one-system CV2 train-sim-0,test,64,90,90,-0.4635313404185261,0.0840981511360942,0.00011075524525949731,0.00039222955820150673,0.00030257858452387154,0.7714323874806567
one-system CV2 train-sim-0,test,65,90,90,-0.44282817304633654,0.13551596263104096,0.00011206386989215389,0.0003396601532585919,0.00032871862640604377,0.9677868400294277
one-system CV2 train-sim-0,test,66,90,90,-0.422551122003523,-0.06369638728924863,0.0001328871730947867,0.00044575976789928973,0.00016255419177468866,0.3646677055238741
one-system CV2 train-sim-0,test,67,90,90,-0.4366977695110141,-0.3896539815448746,5.7888195442501456e-05,0.00039958313573151827,0.0002522317226976156,0.6312371572835628
one-system CV2 train-sim-0,test,68,90,90,-0.4371249575423633,-0.2790187332738626,4.260615605744533e-05,0.0004246525058988482,0.0003658682981040329,0.8615710328368634
one-system CV2 train-sim-0,test,69,90,90,-0.44334320268981786,-0.10558601660291557,5.500101178768091e-05,0.0003410976496525109,0.00036826118594035506,1.0796356595113357
one-system CV2 train-sim-0,test,70,90,90,-0.4540499372797324,0.1900690851346838,0.0001308887149207294,0.0003712806210387498,0.0002764943055808544,0.7447043823814259
one-system CV2 train-sim-0,test,71,90,90,-0.45449723850674284,-0.46906705225797973,5.241067992756143e-05,0.0004034187295474112,0.0002887639857362956,0.7157922143581561
one-system CV2 train-sim-0,test,72,90,90,-0.4293664982510688,-0.39415323167572036,0.00010013623250415549,0.0005138205015100539,0.0002507657918613404,0.4880416237272963
one-system CV2 train-sim-0,test,73,90,90,-0.4597119691874014,-0.3616190959522601,6.001785004627891e-05,0.00044212231296114624,0.0003020500880666077,0.6831821855893346
one-system CV2 train-sim-0,test,74,90,90,-0.45738519129870897,-0.30258983530720324,4.9188718548975885e-05,0.0003345127624925226,0.0002736181195359677,0.8179601803446406
one-system CV2 train-sim-0,test,75,90,90,-0.4280389630183869,0.17821286337729234,0.00011148285557283089,0.0003504028427414596,0.0003059447917621583,0.8731230299632468
one-system CV2 train-sim-0,test,76,90,90,-0.4473031694203717,0.34862624040497225,0.00021185017249081284,0.0003749784955289215,0.00039204242057166994,1.0455064096907187
one-system CV2 train-sim-0,test,77,90,90,-0.45965441356263753,0.1886683632212339,0.00012462273298297077,0.00033618425368331373,0.0003215282631572336,0.9564048870061412
one-system CV2 train-sim-0,test,78,90,90,-0.46251634223095267,0.04608736836565842,9.153166320174932e-05,0.00035574674257077277,0.00033676938619464636,0.9466548695878754
one-system CV2 train-sim-0,train,0,100,100,-0.4523218012237191,-0.46487262289199854,7.982046372490004e-05,0.0005195323610678315,0.00028457093867473304,0.5477443947665441
one-system CV2 train-sim-0,val,0,100,100,-0.4171171770339474,-0.19957046441556248,0.00020857795607298613,0.0006169537082314491,0.00016636888904031366,0.26966186736639347
one-system CV2 train-sim-0,val,1,100,100,-0.4415197158526159,0.12766566406128035,0.00012628846161533147,0.00046259252121672034,0.0003020753210876137,0.6530051983829938
one-system CV2 train-sim-0,val,2,100,100,-0.47422357219489764,-0.4393669157226641,8.00597554189153e-05,0.0005288817919790745,0.00030503017478622496,0.5767454645107042
one-system CV2 train-sim-0,val,3,100,100,-0.4549178273479179,0.13062472932005198,0.0001307552884100005,0.0004207755846437067,0.0002861668763216585,0.6800938237991432
one-system CV2 train-sim-0,val,4,100,100,-0.44561310365114326,0.03172989080784792,0.0001023949371301569,0.00042226456571370363,0.0002791578881442547,0.6610971196989434
one-system CV2 train-sim-0,val,5,100,100,-0.4531335083427475,0.36276686227205374,0.00023766851518303156,0.00046289130114018917,0.00021933528478257358,0.47383756022701035
one-system CV2 train-sim-0,val,6,100,100,-0.43733159022406215,-0.38222767165720184,0.00011786462710006163,0.0006158828618936241,0.00027780659729614854,0.45107051110659346
one-system CV2 train-sim-0,val,7,100,100,-0.45644531010743206,-0.37734224918907006,4.542215174296871e-05,0.00047156173968687654,0.00039121389272622764,0.8296133036280658
one-system CV2 train-sim-0,val,8,100,100,-0.433975513975514,0.1676109193729469,0.00016080436762422323,0.00044654603698290884,0.0001669262273935601,0.3738163897308287
one-system CV2 train-sim-0,val,9,100,100,-0.44894552144731015,-0.45031916445102593,0.00013974208559375256,0.0005420530796982348,0.00021094018302392215,0.3891504188876746
one-system CV2 train-sim-0,val,10,100,100,-0.4557499591656338,-0.07971978547374547,0.00016059933113865554,0.0005165072507224977,0.00016140715160872787,0.31249735871655093
one-system CV2 train-sim-0,val,11,100,100,-0.4436111567593409,0.34381897866260036,0.00021775053755845875,0.00045756061444990337,0.00025937927421182394,0.5668741277560777
one-system CV2 train-sim-0,val,12,100,100,-0.4533770995195426,0.11052939344092075,0.00012238904309924692,0.0004217526293359697,0.0003383410512469709,0.8022262997617192
one-system CV2 train-sim-0,val,13,100,100,-0.4313353846153846,-0.018478559793530917,0.00011351535067660734,0.00045000307727605104,0.00021227530669420958,0.47171967796120395
one-system CV2 train-sim-0,val,14,100,100,-0.4168126094570928,0.008305996800413685,9.312383190263063e-05,0.0003995395090896636,0.00025903384084813297,0.6483309784264696
one-system CV2 train-sim-0,val,15,100,100,-0.4697818055876241,-0.36968904063691627,8.50074429763481e-05,0.0005522074643522501,0.00028662141994573176,0.5190466236850749
one-system CV2 train-sim-0,val,16,100,100,-0.4415510776885512,0.17814169879037617,0.00015283112588804215,0.0004525828699115664,0.00030201137997210026,0.667306254943128
one-system CV2 train-sim-0,val,17,100,100,-0.44425406250493504,0.16336690789799047,0.00012900771980639547,0.0004056734615005553,0.00023923060507513583,0.5897122384842233
one-system CV2 train-sim-0,val,18,100,100,-0.42350195620838765,0.040181781111504576,0.00010391444084234536,0.0004266326723154634,0.0002512375358492136,0.5888848936150909
one-system CV2 train-sim-0,val,19,100,100,-0.4559185399294364,-0.15244785215150708,8.560639980714768e-05,0.0004925160319544375,0.0003078482113778591,0.6250521635940128
one-system CV2 train-sim-0,test,0,100,100,-0.4584715325275618,-0.21644295302013422,5.176948616281152e-05,0.00048590541700832546,0.00038167295861057937,0.7854881737283448
one-system CV2 train-sim-0,test,1,100,100,-0.4615140341901452,-0.4281988789990987,0.00017468440637458116,0.0006240864167921245,0.00019898457685485482,0.3188413839827796
one-system CV2 train-sim-0,test,2,100,100,-0.43728291028671257,0.3479035934455906,0.00021149074018467218,0.0004432816058397293,0.0003058630973100662,0.6899972687354246
one-system CV2 train-sim-0,test,3,100,100,-0.4288956478871929,-0.4371280371280371,0.00019198792870156467,0.0005649353261105716,0.00016265413432847708,0.28791638053209956
one-system CV2 train-sim-0,test,4,100,100,-0.4570945291426357,0.15728043847057288,0.00014534845831803977,0.0004490292340051383,0.0002696774317882955,0.6005787850000198
one-system CV2 train-sim-0,test,5,100,100,-0.42253334120146346,0.035893008457639854,0.00011093523789895698,0.0004547043063212186,0.00026715692365542054,0.5875399021769805
one-system CV2 train-sim-0,test,6,100,100,-0.43225123723948267,-0.349707375849901,5.7981524150818586e-05,0.0005136284744367003,0.0003675803018268198,0.715654057594738
one-system CV2 train-sim-0,test,7,100,100,-0.43258530425403174,-0.4385987417753048,6.39260106254369e-05,0.0005437283543869853,0.000346431159414351,0.6371401392243509
one-system CV2 train-sim-0,test,8,100,100,-0.42543004220488556,-0.4600556285250715,0.00012160922051407397,0.0005104602314531803,0.00021973648108541965,0.43046738520623423
one-system CV2 train-sim-0,test,9,100,100,-0.45790279122086486,0.04919855713162106,9.355098882224411e-05,0.0004125522100366652,0.0003427336923778057,0.8307644076063623
one-system CV2 train-sim-0,test,10,100,100,-0.42899594569691013,0.13609564797469764,0.0001304015313507989,0.00044052297016605735,0.0002483610878698528,0.5637869184806228
one-system CV2 train-sim-0,test,11,100,100,-0.4500866460116578,0.21364027538726335,0.00016872274863999337,0.0004455522575881332,0.00033603704650886357,0.7542034425499308
one-system CV2 train-sim-0,test,12,100,100,-0.4280753314987974,-0.40805549580554956,9.064836194738746e-05,0.0005383362295106053,0.00030485246679745615,0.5662863654459847
one-system CV2 train-sim-0,test,13,100,100,-0.42366728617079596,-0.4269141901892096,8.075158257270232e-05,0.0005927652237005532,0.0003377168031875044,0.5697311341565958
one-system CV2 train-sim-0,test,14,100,100,-0.439302574681636,-0.1383757696788151,6.836286775069311e-05,0.000455266737844795,0.0003382493450772017,0.7429695977317683
one-system CV2 train-sim-0,test,15,100,100,-0.4661778337651225,-0.41663090128755365,5.277733725961298e-05,0.0005058642127551138,0.0004190641629975289,0.8284123534162627
one-system CV2 train-sim-0,test,16,100,100,-0.4118660643598938,-0.19825230664749546,9.276370838051662e-05,0.0004775618144776672,0.00023725826758891344,0.4968116386114632
one-system CV2 train-sim-0,test,17,100,100,-0.45687385887856635,0.35430659976595436,0.00023028167197480798,0.0004708220949396491,0.00027571310056373477,0.5855993240909312
one-system CV2 train-sim-0,test,18,100,100,-0.4456626061277224,0.3550825350667123,0.00024090308579616249,0.0004720691649708897,0.00038847027462907135,0.8229096570055079
one-system CV2 train-sim-0,test,19,100,100,-0.4598237651116698,-0.23567249638889756,0.00011201814777450636,0.00048804678954184055,0.00019459816394373775,0.39872849922118936
one-system CV2 train-sim-0,test,20,100,100,-0.475853934614909,-0.3377531462645397,0.00020363921066746116,0.0006346940062940121,0.00016472957213409245,0.25954171695420747
one-system CV2 train-sim-0,test,21,100,100,-0.45247199392501697,-0.38978774090075596,7.357574941124767e-05,0.0005451604374684393,0.0003227003035135567,0.5919363940128884
one-system CV2 train-sim-0,test,22,100,100,-0.4657635847129123,0.18058726787909754,0.000158765324158594,0.0004340223385952413,0.00030061794677749276,0.6926324293594524
one-system CV2 train-sim-0,test,23,100,100,-0.4550272763560562,-0.09489259597806216,9.81134653557092e-05,0.0004826681106351316,0.0002712327113840729,0.5619445441033263
one-system CV2 train-sim-0,test,24,100,100,-0.45434675504993954,0.34220687606742406,0.000238899199757725,0.0004893475561402738,0.00019184991833753884,0.39205247054006775
one-system CV2 train-sim-0,test,25,100,100,-0.47800451507237396,-0.28992099334964483,0.00013226976443547755,0.0005225369823165238,0.0001912446168716997,0.3659925007104174
one-system CV2 train-sim-0,test,26,100,100,-0.4760166144021169,-0.4020996325116617,6.338505772873759e-05,0.000535108963958919,0.00036726752296090126,0.6863415634896687
one-system CV2 train-sim-0,test,27,100,100,-0.451448195787957,0.3627811839154544,0.00023826584219932556,0.0004698041011579335,0.0002984417660627514,0.6352472558821376
one-system CV2 train-sim-0,test,28,100,100,-0.4454059489785117,-0.4298429263730658,7.014024595264345e-05,0.0005314011941663921,0.00033298443304374814,0.6266158915320093
one-system CV2 train-sim-0,test,29,100,100,-0.4366886750223814,-0.06205369440383108,8.120029087876901e-05,0.00040782129508443177,0.0003012112283613533,0.7385863170754561
one-system CV2 train-sim-0,test,30,100,100,-0.4519923522038062,0.20061216950762573,0.00017044742708094418,0.0004461872740648687,0.0003730814787559211,0.8361544589944555
one-system CV2 train-sim-0,test,31,100,100,-0.43230120566436236,0.039914141156028,0.00011891283793374896,0.0004721469304058701,0.00023451141896657646,0.4966916098871684
one-system CV2 train-sim-0,test,32,100,100,-0.46709584485564143,-0.049517969000646915,0.00011630029621301219,0.00045347295235842466,0.00018905873002950102,0.41691291409166376
one-system CV2 train-sim-0,test,33,100,100,-0.43801292861157953,0.34894558764071243,0.00022211372561287135,0.00046124981599859893,0.0002966302854474634,0.6431011464042826
one-system CV2 train-sim-0,test,34,100,100,-0.43387538503380707,0.20687103881620106,0.000149944971781224,0.00041538389632478356,0.0003638009657151997,0.8758186557881102
one-system CV2 train-sim-0,test,35,100,100,-0.44669780740395965,0.4081621618699007,0.0002587022609077394,0.0004794822307303548,0.0002078099932987243,0.43340499392894055
one-system CV2 train-sim-0,test,36,100,100,-0.4360604638394715,-0.022274276205264638,0.00010971585288643837,0.00041131957550533116,0.00018295415793545544,0.44479808117735486
one-system CV2 train-sim-0,test,37,100,100,-0.4518959344029915,0.16038826975668286,0.00014783743245061487,0.0004214166838210076,0.00038836043677292764,0.9215592350346521
one-system CV2 train-sim-0,test,38,100,100,-0.44100127733896405,-0.02458780499290988,8.407248242292553e-05,0.00044335584971122444,0.00034646617132239044,0.781462952497543
one-system CV2 train-sim-0,test,39,100,100,-0.465823924576937,-0.3677622602346421,0.00014754921721760184,0.0005478062084876001,0.00018803354760166258,0.34324829600013346
one-system CV2 train-sim-0,test,40,100,100,-0.4572892712711125,-0.5691419286843492,0.00030402050470001996,0.0007315175025723875,0.00015201748465187848,0.2078111379663613
one-system CV2 train-sim-0,test,41,100,100,-0.43634238971662287,-0.4044323487998041,5.701022382709198e-05,0.0004929900169372559,0.0003352522908244282,0.6800387012037541
one-system CV2 train-sim-0,test,42,100,100,-0.4453372042307273,-0.05281552093018046,6.728438893333077e-05,0.00038364107604138553,0.0003132712154183537,0.8165737064728682
one-system CV2 train-sim-0,test,43,100,100,-0.4496491212738252,0.36644335814339535,0.00025046817609108984,0.000503040268085897,0.0002007256989600137,0.39902511129732987
one-system CV2 train-sim-0,test,44,100,100,-0.451583324000448,-0.11649804827531267,8.120473648887128e-05,0.0004921709769405425,0.00030690734274685383,0.6235787096887883
one-system CV2 train-sim-0,test,45,100,100,-0.4494067900263843,-0.5314749016094777,0.00020346672681625932,0.0006565267685800791,0.0001895555469673127,0.288724780220735
one-system CV2 train-sim-0,test,46,100,100,-0.430869109947644,0.15469150661991732,0.00012864450400229543,0.00042304719681851566,0.0002921034174505621,0.6904747736122513
one-system CV2 train-sim-0,test,47,100,100,-0.45696643734579584,0.16669623291244912,0.00014194317918736488,0.00045570798101834953,0.0003460148291196674,0.7592906938922687
one-system CV2 train-sim-0,test,48,100,100,-0.46330729747824145,-0.24331324032490337,0.00014809478307142854,0.000529856130015105,0.00018755497876554728,0.35397340549820666
one-system CV2 train-sim-0,test,49,100,100,-0.4395637944509574,-0.16940172740678322,4.8998957936419174e-05,0.0004286079201847315,0.0003899984003510326,0.9099187905415793
one-system CV2 train-sim-0,test,50,100,100,-0.4476777487236957,-0.47517426796613293,5.3951298468746245e-05,0.0005254264106042683,0.00037004638579674065,0.7042782363588607
one-system CV2 train-sim-0,test,51,100,100,-0.4359231077292751,0.20573712927448545,0.00014842789096292108,0.00042902326094917953,0.00023339474864769727,0.5440142059694622
one-system CV2 train-sim-0,test,52,100,100,-0.4428170998371025,-0.45121595887488686,0.0001294399844482541,0.0005884523852728307,0.00026158159016631544,0.444524649254392
one-system CV2 train-sim-0,test,53,100,100,-0.4432906954642412,-0.29795012828649386,6.889020005473867e-05,0.0004419228353071958,0.0002980456338264048,0.6744291310930404
one-system CV2 train-sim-0,test,54,100,100,-0.432456452186278,0.3405242833803654,0.00022072557476349175,0.0004600612446665764,0.00023945052816998214,0.5204753300694148
one-system CV2 train-sim-0,test,55,100,100,-0.4396840156084845,-0.5415579495552603,0.00015273499593604356,0.0006104385829530656,0.0002319472114322707,0.379968137515489
one-system CV2 train-sim-0,test,56,100,100,-0.42277748084803135,0.01466837398627898,0.00013750976359006017,0.0004473643493838608,0.00018096310668624938,0.4045094494800122
one-system CV2 train-sim-0,test,57,100,100,-0.4204325158570326,0.0050641005806697816,0.00014837374328635633,0.0004938275669701397,0.0001669881894486025,0.33815080529657787
one-system CV2 train-sim-0,test,58,100,100,-0.4630068562858214,-0.45929450263189053,7.092807209119201e-05,0.0005126834730617702,0.0003155353479087353,0.6154583958486961
one-system CV2 train-sim-0,test,59,100,100,-0.4437302586530603,0.3577228031757618,0.0002337195910513401,0.0004907718393951654,0.0002786785480566323,0.5678372834107187
one-system CV2 train-sim-0,test,60,100,100,-0.47749304674209486,-0.32281483960466584,7.371794345090166e-05,0.0005207169451750815,0.0003209668502677232,0.6163940951831403
one-system CV2 train-sim-0,test,61,100,100,-0.44731500498444615,-0.2596834918001404,5.3940351790515706e-05,0.00047551243915222585,0.0004077046469319612,0.8574005922092033
one-system CV2 train-sim-0,test,62,100,100,-0.4669697760761109,-0.33294838997006765,9.697829227661714e-05,0.0005310236592777073,0.00027904121088795364,0.525477925536317
one-system CV2 train-sim-0,test,63,100,100,-0.45204882301656496,0.34409004225404777,0.00023338329629041255,0.0004689846246037632,0.0003660173970274627,0.7804464748427612
one-system CV2 train-sim-0,test,64,100,100,-0.4624182779728773,0.08325962308917031,0.00013750030484516174,0.00048509647604078054,0.0003083877090830356,0.6357244884564166
one-system CV2 train-sim-0,test,65,100,100,-0.4415225413334384,0.13491770570898257,0.00012988195521757007,0.00041922915261238813,0.0003349512699060142,0.7989694128349519
one-system CV2 train-sim-0,test,66,100,100,-0.4212032212221696,-0.06531983290275303,0.00018314334738533944,0.0005516375531442463,0.00016590800078120083,0.3007554504503031
one-system CV2 train-sim-0,test,67,100,100,-0.4355238921617878,-0.39197879338275,8.478820382151753e-05,0.0004940630169585347,0.0002572202356532216,0.5206223231131047
one-system CV2 train-sim-0,test,68,100,100,-0.43594858432345496,-0.28168878424657534,5.859744123881683e-05,0.0005265119252726436,0.00037273005000315607,0.7079232817189189
one-system CV2 train-sim-0,test,69,100,100,-0.442348816391486,-0.10775471476849927,6.23110172455199e-05,0.00042102092993445694,0.00037518629687838256,0.8911345498590539
one-system CV2 train-sim-0,test,70,100,100,-0.45267377108585205,0.1896931790615013,0.00016005679208319634,0.0004584511334542185,0.0002818545326590538,0.614797329729364
one-system CV2 train-sim-0,test,71,100,100,-0.45319745044477133,-0.4717004475428178,7.548868597950786e-05,0.0004989119479432702,0.00029442404047586024,0.590132270212415
one-system CV2 train-sim-0,test,72,100,100,-0.4282844763231412,-0.3973008230603595,0.00014610173820983618,0.0006371063063852489,0.0002558195556048304,0.4015335479196152
one-system CV2 train-sim-0,test,73,100,100,-0.4585931343407391,-0.3646924195419495,8.741222700336948e-05,0.0005479835090227425,0.0003078383160755038,0.5617656571901105
one-system CV2 train-sim-0,test,74,100,100,-0.45622113090243066,-0.3059106795232295,6.54582618153654e-05,0.00041334106936119497,0.00027899941778741777,0.6749859582513835
one-system CV2 train-sim-0,test,75,100,100,-0.42680750593693806,0.17800934744930538,0.0001327687787124887,0.00043257439392618835,0.00031188622233457863,0.7210001949116684
one-system CV2 train-sim-0,test,76,100,100,-0.44611117194058175,0.34862580631426565,0.000239243934629485,0.00046297413064166903,0.0003993301361333579,0.8625322878837692
one-system CV2 train-sim-0,test,77,100,100,-0.4586367000874773,0.18853415244985766,0.0001443871733499691,0.00041489710565656424,0.00032768683740869164,0.7898026593608926
one-system CV2 train-sim-0,test,78,100,100,-0.46136020413477064,0.045422733467693134,0.00010789392399601638,0.00043939982424490154,0.0003430869255680591,0.7808080628107807
