latent_dim,repeat,train_networks,train_frames_per_network,split,signal,target,pearson_r,corr_r2,n
1,1,1,1,val,z0,final_p_ratio,0.5797714959968907,0.33613498757047267,25
1,1,1,1,val,z0,stiffness_mean,-0.5146800215440975,0.2648955245766327,25
1,1,1,1,val,z0,stiffness_std,-0.5701368856793816,0.3250560684121842,25
1,1,1,1,val,z0,stiffness_min,0.5478386792782703,0.30012721851335955,25
1,1,1,1,val,z0,stiffness_max,-0.5426098590842854,0.29442545917546803,25
1,1,1,1,val,z0,near_zero_stiffness_edge_count,0.13410685411472387,0.01798464832054783,25
1,1,1,1,val,z0,near_zero_stiffness_edge_fraction,0.13132196824147516,0.01724545934281501,25
1,1,1,1,val,z0,horizontal_stiffness,-0.4955363969596677,0.2455563207117694,25
1,1,1,1,val,z0,vertical_stiffness,-0.6194554796093464,0.38372509121804543,25
1,1,1,1,val,z0,diagonal_stiffness,0.42569639593374975,0.18121742151098383,25
1,1,1,1,val,z0,vertical_minus_horizontal_stiffness,-0.39551758763169775,0.1564341621259977,25
1,1,1,1,val,z0,vertical_over_horizontal_stiffness,-0.2252664429024496,0.05074497029792258,25
1,1,1,1,val,z0,horizontal_edge_fraction,0.4067371619649711,0.16543511892331914,25
1,1,1,1,val,z0,vertical_edge_fraction,0.5349278122149681,0.2861477642810922,25
1,1,1,1,val,z0,diagonal_edge_fraction,-0.6905677694066208,0.47688384414323576,25
1,1,1,1,val,z0,edge_length_mean,-0.349551974015634,0.12218658253822645,25
1,1,1,1,val,z0,edge_length_std,0.06341915071024955,0.004021988676809345,25
1,1,1,1,val,z0,bbox_x_span,0.1689123667711551,0.02853138764823322,25
1,1,1,1,val,z0,bbox_y_span,0.1658410215383728,0.027503244424891028,25
1,1,1,1,val,z0,bbox_aspect_y_over_x,-0.04531228421692706,0.002053203100955577,25
1,1,1,1,val,z0,descriptor_distance_to_train,0.3678446761758335,0.13530970579090382,25
1,1,1,1,val,z0,final_p_ratio_delta_to_train,0.5797714959968905,0.3361349875704724,25
1,1,1,1,val,z1,final_p_ratio,,,0
1,1,1,1,val,z1,stiffness_mean,,,0
1,1,1,1,val,z1,stiffness_std,,,0
1,1,1,1,val,z1,stiffness_min,,,0
1,1,1,1,val,z1,stiffness_max,,,0
1,1,1,1,val,z1,near_zero_stiffness_edge_count,,,0
1,1,1,1,val,z1,near_zero_stiffness_edge_fraction,,,0
1,1,1,1,val,z1,horizontal_stiffness,,,0
1,1,1,1,val,z1,vertical_stiffness,,,0
1,1,1,1,val,z1,diagonal_stiffness,,,0
1,1,1,1,val,z1,vertical_minus_horizontal_stiffness,,,0
1,1,1,1,val,z1,vertical_over_horizontal_stiffness,,,0
1,1,1,1,val,z1,horizontal_edge_fraction,,,0
1,1,1,1,val,z1,vertical_edge_fraction,,,0
1,1,1,1,val,z1,diagonal_edge_fraction,,,0
1,1,1,1,val,z1,edge_length_mean,,,0
1,1,1,1,val,z1,edge_length_std,,,0
1,1,1,1,val,z1,bbox_x_span,,,0
1,1,1,1,val,z1,bbox_y_span,,,0
1,1,1,1,val,z1,bbox_aspect_y_over_x,,,0
1,1,1,1,val,z1,descriptor_distance_to_train,,,0
1,1,1,1,val,z1,final_p_ratio_delta_to_train,,,0
1,1,1,1,val,z2,final_p_ratio,,,0
1,1,1,1,val,z2,stiffness_mean,,,0
1,1,1,1,val,z2,stiffness_std,,,0
1,1,1,1,val,z2,stiffness_min,,,0
1,1,1,1,val,z2,stiffness_max,,,0
1,1,1,1,val,z2,near_zero_stiffness_edge_count,,,0
1,1,1,1,val,z2,near_zero_stiffness_edge_fraction,,,0
1,1,1,1,val,z2,horizontal_stiffness,,,0
1,1,1,1,val,z2,vertical_stiffness,,,0
1,1,1,1,val,z2,diagonal_stiffness,,,0
1,1,1,1,val,z2,vertical_minus_horizontal_stiffness,,,0
1,1,1,1,val,z2,vertical_over_horizontal_stiffness,,,0
1,1,1,1,val,z2,horizontal_edge_fraction,,,0
1,1,1,1,val,z2,vertical_edge_fraction,,,0
1,1,1,1,val,z2,diagonal_edge_fraction,,,0
1,1,1,1,val,z2,edge_length_mean,,,0
1,1,1,1,val,z2,edge_length_std,,,0
1,1,1,1,val,z2,bbox_x_span,,,0
1,1,1,1,val,z2,bbox_y_span,,,0
1,1,1,1,val,z2,bbox_aspect_y_over_x,,,0
1,1,1,1,val,z2,descriptor_distance_to_train,,,0
1,1,1,1,val,z2,final_p_ratio_delta_to_train,,,0
1,1,1,1,val,z3,final_p_ratio,,,0
1,1,1,1,val,z3,stiffness_mean,,,0
1,1,1,1,val,z3,stiffness_std,,,0
1,1,1,1,val,z3,stiffness_min,,,0
1,1,1,1,val,z3,stiffness_max,,,0
1,1,1,1,val,z3,near_zero_stiffness_edge_count,,,0
1,1,1,1,val,z3,near_zero_stiffness_edge_fraction,,,0
1,1,1,1,val,z3,horizontal_stiffness,,,0
1,1,1,1,val,z3,vertical_stiffness,,,0
1,1,1,1,val,z3,diagonal_stiffness,,,0
1,1,1,1,val,z3,vertical_minus_horizontal_stiffness,,,0
1,1,1,1,val,z3,vertical_over_horizontal_stiffness,,,0
1,1,1,1,val,z3,horizontal_edge_fraction,,,0
1,1,1,1,val,z3,vertical_edge_fraction,,,0
1,1,1,1,val,z3,diagonal_edge_fraction,,,0
1,1,1,1,val,z3,edge_length_mean,,,0
1,1,1,1,val,z3,edge_length_std,,,0
1,1,1,1,val,z3,bbox_x_span,,,0
1,1,1,1,val,z3,bbox_y_span,,,0
1,1,1,1,val,z3,bbox_aspect_y_over_x,,,0
1,1,1,1,val,z3,descriptor_distance_to_train,,,0
1,1,1,1,val,z3,final_p_ratio_delta_to_train,,,0
1,1,1,2,val,z0,final_p_ratio,0.8766810354869969,0.7685696379825532,25
1,1,1,2,val,z0,stiffness_mean,-0.8739317835608087,0.7637567623177762,25
1,1,1,2,val,z0,stiffness_std,-0.849693120348872,0.7219783987682027,25
1,1,1,2,val,z0,stiffness_min,0.7386135945340648,0.5455500420305319,25
1,1,1,2,val,z0,stiffness_max,-0.7916798522360394,0.6267569884364772,25
1,1,1,2,val,z0,near_zero_stiffness_edge_count,-0.18649742819519396,0.03478129072342153,25
1,1,1,2,val,z0,near_zero_stiffness_edge_fraction,-0.16481291398014436,0.027163296614626464,25
1,1,1,2,val,z0,horizontal_stiffness,-0.876624301326938,0.7684701656769423,25
1,1,1,2,val,z0,vertical_stiffness,-0.8291388247586674,0.6874711907221842,25
1,1,1,2,val,z0,diagonal_stiffness,0.44056108123503407,0.1940940662989823,25
1,1,1,2,val,z0,vertical_minus_horizontal_stiffness,-0.10360311017589381,0.010733604438118391,25
1,1,1,2,val,z0,vertical_over_horizontal_stiffness,0.21670696951943155,0.046961910638295835,25
1,1,1,2,val,z0,horizontal_edge_fraction,0.07903143176275589,0.0062459672064711395,25
1,1,1,2,val,z0,vertical_edge_fraction,-0.1738324841510068,0.03021773254611003,25
1,1,1,2,val,z0,diagonal_edge_fraction,0.04831040529677792,0.0023338952599389483,25
1,1,1,2,val,z0,edge_length_mean,0.00988130251114223,9.764013931670576e-05,25
1,1,1,2,val,z0,edge_length_std,0.15590323378962842,0.024305818306063535,25
1,1,1,2,val,z0,bbox_x_span,0.18882463380341663,0.03565474233099439,25
1,1,1,2,val,z0,bbox_y_span,0.1870130341469159,0.03497387494083553,25
1,1,1,2,val,z0,bbox_aspect_y_over_x,-0.01668057705936654,0.00027824165103346535,25
1,1,1,2,val,z0,descriptor_distance_to_train,0.7003035005510658,0.49042499288407665,25
1,1,1,2,val,z0,final_p_ratio_delta_to_train,0.8766810354869969,0.7685696379825532,25
1,1,1,2,val,z1,final_p_ratio,,,0
1,1,1,2,val,z1,stiffness_mean,,,0
1,1,1,2,val,z1,stiffness_std,,,0
1,1,1,2,val,z1,stiffness_min,,,0
1,1,1,2,val,z1,stiffness_max,,,0
1,1,1,2,val,z1,near_zero_stiffness_edge_count,,,0
1,1,1,2,val,z1,near_zero_stiffness_edge_fraction,,,0
1,1,1,2,val,z1,horizontal_stiffness,,,0
1,1,1,2,val,z1,vertical_stiffness,,,0
1,1,1,2,val,z1,diagonal_stiffness,,,0
1,1,1,2,val,z1,vertical_minus_horizontal_stiffness,,,0
1,1,1,2,val,z1,vertical_over_horizontal_stiffness,,,0
1,1,1,2,val,z1,horizontal_edge_fraction,,,0
1,1,1,2,val,z1,vertical_edge_fraction,,,0
1,1,1,2,val,z1,diagonal_edge_fraction,,,0
1,1,1,2,val,z1,edge_length_mean,,,0
1,1,1,2,val,z1,edge_length_std,,,0
1,1,1,2,val,z1,bbox_x_span,,,0
1,1,1,2,val,z1,bbox_y_span,,,0
1,1,1,2,val,z1,bbox_aspect_y_over_x,,,0
1,1,1,2,val,z1,descriptor_distance_to_train,,,0
1,1,1,2,val,z1,final_p_ratio_delta_to_train,,,0
1,1,1,2,val,z2,final_p_ratio,,,0
1,1,1,2,val,z2,stiffness_mean,,,0
1,1,1,2,val,z2,stiffness_std,,,0
1,1,1,2,val,z2,stiffness_min,,,0
1,1,1,2,val,z2,stiffness_max,,,0
1,1,1,2,val,z2,near_zero_stiffness_edge_count,,,0
1,1,1,2,val,z2,near_zero_stiffness_edge_fraction,,,0
1,1,1,2,val,z2,horizontal_stiffness,,,0
1,1,1,2,val,z2,vertical_stiffness,,,0
1,1,1,2,val,z2,diagonal_stiffness,,,0
1,1,1,2,val,z2,vertical_minus_horizontal_stiffness,,,0
1,1,1,2,val,z2,vertical_over_horizontal_stiffness,,,0
1,1,1,2,val,z2,horizontal_edge_fraction,,,0
1,1,1,2,val,z2,vertical_edge_fraction,,,0
1,1,1,2,val,z2,diagonal_edge_fraction,,,0
1,1,1,2,val,z2,edge_length_mean,,,0
1,1,1,2,val,z2,edge_length_std,,,0
1,1,1,2,val,z2,bbox_x_span,,,0
1,1,1,2,val,z2,bbox_y_span,,,0
1,1,1,2,val,z2,bbox_aspect_y_over_x,,,0
1,1,1,2,val,z2,descriptor_distance_to_train,,,0
1,1,1,2,val,z2,final_p_ratio_delta_to_train,,,0
1,1,1,2,val,z3,final_p_ratio,,,0
1,1,1,2,val,z3,stiffness_mean,,,0
1,1,1,2,val,z3,stiffness_std,,,0
1,1,1,2,val,z3,stiffness_min,,,0
1,1,1,2,val,z3,stiffness_max,,,0
1,1,1,2,val,z3,near_zero_stiffness_edge_count,,,0
1,1,1,2,val,z3,near_zero_stiffness_edge_fraction,,,0
1,1,1,2,val,z3,horizontal_stiffness,,,0
1,1,1,2,val,z3,vertical_stiffness,,,0
1,1,1,2,val,z3,diagonal_stiffness,,,0
1,1,1,2,val,z3,vertical_minus_horizontal_stiffness,,,0
1,1,1,2,val,z3,vertical_over_horizontal_stiffness,,,0
1,1,1,2,val,z3,horizontal_edge_fraction,,,0
1,1,1,2,val,z3,vertical_edge_fraction,,,0
1,1,1,2,val,z3,diagonal_edge_fraction,,,0
1,1,1,2,val,z3,edge_length_mean,,,0
1,1,1,2,val,z3,edge_length_std,,,0
1,1,1,2,val,z3,bbox_x_span,,,0
1,1,1,2,val,z3,bbox_y_span,,,0
1,1,1,2,val,z3,bbox_aspect_y_over_x,,,0
1,1,1,2,val,z3,descriptor_distance_to_train,,,0
1,1,1,2,val,z3,final_p_ratio_delta_to_train,,,0
1,1,1,4,val,z0,final_p_ratio,0.7183499388213029,0.5160266346045697,25
1,1,1,4,val,z0,stiffness_mean,-0.8336991184212771,0.6950542200564146,25
1,1,1,4,val,z0,stiffness_std,-0.7977608049057178,0.6364223018438186,25
1,1,1,4,val,z0,stiffness_min,0.6668159095952132,0.44464345728929155,25
1,1,1,4,val,z0,stiffness_max,-0.7715465387280481,0.5952840614232314,25
1,1,1,4,val,z0,near_zero_stiffness_edge_count,-0.47091707041211667,0.22176288720553045,25
1,1,1,4,val,z0,near_zero_stiffness_edge_fraction,-0.40911825267282337,0.16737774467006414,25
1,1,1,4,val,z0,horizontal_stiffness,-0.8085499146216893,0.6537529644347412,25
1,1,1,4,val,z0,vertical_stiffness,-0.7474206077199365,0.5586375648444392,25
1,1,1,4,val,z0,diagonal_stiffness,0.03803807326305048,0.001446895017565196,25
1,1,1,4,val,z0,vertical_minus_horizontal_stiffness,0.5543371620449311,0.3072896892240282,25
1,1,1,4,val,z0,vertical_over_horizontal_stiffness,0.7304672801092918,0.5335824473102666,25
1,1,1,4,val,z0,horizontal_edge_fraction,-0.07994169429101994,0.00639067448611889,25
1,1,1,4,val,z0,vertical_edge_fraction,-0.06285781712182116,0.003951105173320314,25
1,1,1,4,val,z0,diagonal_edge_fraction,0.11408299333562931,0.013014929368417241,25
1,1,1,4,val,z0,edge_length_mean,0.2729218929348205,0.07448635964312562,25
1,1,1,4,val,z0,edge_length_std,0.19590234166796278,0.038377727470991226,25
1,1,1,4,val,z0,bbox_x_span,0.16015525153721047,0.025649704594947156,25
1,1,1,4,val,z0,bbox_y_span,0.14837283520900213,0.0220144982279577,25
1,1,1,4,val,z0,bbox_aspect_y_over_x,-0.08709792389062154,0.007586048346056503,25
1,1,1,4,val,z0,descriptor_distance_to_train,0.6013841288609562,0.3616628704458511,25
1,1,1,4,val,z0,final_p_ratio_delta_to_train,0.7183499388213029,0.5160266346045697,25
1,1,1,4,val,z1,final_p_ratio,,,0
1,1,1,4,val,z1,stiffness_mean,,,0
1,1,1,4,val,z1,stiffness_std,,,0
1,1,1,4,val,z1,stiffness_min,,,0
1,1,1,4,val,z1,stiffness_max,,,0
1,1,1,4,val,z1,near_zero_stiffness_edge_count,,,0
1,1,1,4,val,z1,near_zero_stiffness_edge_fraction,,,0
1,1,1,4,val,z1,horizontal_stiffness,,,0
1,1,1,4,val,z1,vertical_stiffness,,,0
1,1,1,4,val,z1,diagonal_stiffness,,,0
1,1,1,4,val,z1,vertical_minus_horizontal_stiffness,,,0
1,1,1,4,val,z1,vertical_over_horizontal_stiffness,,,0
1,1,1,4,val,z1,horizontal_edge_fraction,,,0
1,1,1,4,val,z1,vertical_edge_fraction,,,0
1,1,1,4,val,z1,diagonal_edge_fraction,,,0
1,1,1,4,val,z1,edge_length_mean,,,0
1,1,1,4,val,z1,edge_length_std,,,0
1,1,1,4,val,z1,bbox_x_span,,,0
1,1,1,4,val,z1,bbox_y_span,,,0
1,1,1,4,val,z1,bbox_aspect_y_over_x,,,0
1,1,1,4,val,z1,descriptor_distance_to_train,,,0
1,1,1,4,val,z1,final_p_ratio_delta_to_train,,,0
1,1,1,4,val,z2,final_p_ratio,,,0
1,1,1,4,val,z2,stiffness_mean,,,0
1,1,1,4,val,z2,stiffness_std,,,0
1,1,1,4,val,z2,stiffness_min,,,0
1,1,1,4,val,z2,stiffness_max,,,0
1,1,1,4,val,z2,near_zero_stiffness_edge_count,,,0
1,1,1,4,val,z2,near_zero_stiffness_edge_fraction,,,0
1,1,1,4,val,z2,horizontal_stiffness,,,0
1,1,1,4,val,z2,vertical_stiffness,,,0
1,1,1,4,val,z2,diagonal_stiffness,,,0
1,1,1,4,val,z2,vertical_minus_horizontal_stiffness,,,0
1,1,1,4,val,z2,vertical_over_horizontal_stiffness,,,0
1,1,1,4,val,z2,horizontal_edge_fraction,,,0
1,1,1,4,val,z2,vertical_edge_fraction,,,0
1,1,1,4,val,z2,diagonal_edge_fraction,,,0
1,1,1,4,val,z2,edge_length_mean,,,0
1,1,1,4,val,z2,edge_length_std,,,0
1,1,1,4,val,z2,bbox_x_span,,,0
1,1,1,4,val,z2,bbox_y_span,,,0
1,1,1,4,val,z2,bbox_aspect_y_over_x,,,0
1,1,1,4,val,z2,descriptor_distance_to_train,,,0
1,1,1,4,val,z2,final_p_ratio_delta_to_train,,,0
1,1,1,4,val,z3,final_p_ratio,,,0
1,1,1,4,val,z3,stiffness_mean,,,0
1,1,1,4,val,z3,stiffness_std,,,0
1,1,1,4,val,z3,stiffness_min,,,0
1,1,1,4,val,z3,stiffness_max,,,0
1,1,1,4,val,z3,near_zero_stiffness_edge_count,,,0
1,1,1,4,val,z3,near_zero_stiffness_edge_fraction,,,0
1,1,1,4,val,z3,horizontal_stiffness,,,0
1,1,1,4,val,z3,vertical_stiffness,,,0
1,1,1,4,val,z3,diagonal_stiffness,,,0
1,1,1,4,val,z3,vertical_minus_horizontal_stiffness,,,0
1,1,1,4,val,z3,vertical_over_horizontal_stiffness,,,0
1,1,1,4,val,z3,horizontal_edge_fraction,,,0
1,1,1,4,val,z3,vertical_edge_fraction,,,0
1,1,1,4,val,z3,diagonal_edge_fraction,,,0
1,1,1,4,val,z3,edge_length_mean,,,0
1,1,1,4,val,z3,edge_length_std,,,0
1,1,1,4,val,z3,bbox_x_span,,,0
1,1,1,4,val,z3,bbox_y_span,,,0
1,1,1,4,val,z3,bbox_aspect_y_over_x,,,0
1,1,1,4,val,z3,descriptor_distance_to_train,,,0
1,1,1,4,val,z3,final_p_ratio_delta_to_train,,,0
2,1,1,1,val,z0,final_p_ratio,0.9175076489706793,0.8418202859197033,25
2,1,1,1,val,z0,stiffness_mean,-0.9532236544066486,0.9086353353203658,25
2,1,1,1,val,z0,stiffness_std,-0.96803273252282,0.9370873712355975,25
2,1,1,1,val,z0,stiffness_min,0.9554589834694973,0.9129018690925651,25
2,1,1,1,val,z0,stiffness_max,-0.9180454954056027,0.8428075316345184,25
2,1,1,1,val,z0,near_zero_stiffness_edge_count,-0.27073848461491157,0.07329932705157871,25
2,1,1,1,val,z0,near_zero_stiffness_edge_fraction,-0.26125790921008724,0.06825569512482618,25
2,1,1,1,val,z0,horizontal_stiffness,-0.939943764801578,0.8834942809893642,25
2,1,1,1,val,z0,vertical_stiffness,-0.9557820028650138,0.9135192370006573,25
2,1,1,1,val,z0,diagonal_stiffness,0.7002860178228271,0.4904005067581529,25
2,1,1,1,val,z0,vertical_minus_horizontal_stiffness,-0.30142229260306436,0.09085539847808735,25
2,1,1,1,val,z0,vertical_over_horizontal_stiffness,0.07519142848151458,0.005653750917090723,25
2,1,1,1,val,z0,horizontal_edge_fraction,-0.1483418990449382,0.022005319012258634,25
2,1,1,1,val,z0,vertical_edge_fraction,-0.3497024963945824,0.12229183598460291,25
2,1,1,1,val,z0,diagonal_edge_fraction,0.42971674380181835,0.1846564799036376,25
2,1,1,1,val,z0,edge_length_mean,0.20648210457495816,0.04263485950970396,25
2,1,1,1,val,z0,edge_length_std,0.2425569300668588,0.05883386432345903,25
2,1,1,1,val,z0,bbox_x_span,0.2463284824848366,0.06067772128328245,25
2,1,1,1,val,z0,bbox_y_span,0.2367486652848368,0.056049930514151684,25
2,1,1,1,val,z0,bbox_aspect_y_over_x,-0.17380486519498384,0.030208131165446503,25
2,1,1,1,val,z0,descriptor_distance_to_train,0.6795872209956515,0.4618387909405925,25
2,1,1,1,val,z0,final_p_ratio_delta_to_train,0.9175076489706792,0.841820285919703,25
2,1,1,1,val,z1,final_p_ratio,0.6169374485965826,0.38061181548086104,25
2,1,1,1,val,z1,stiffness_mean,-0.7501884699679586,0.5627827404728668,25
2,1,1,1,val,z1,stiffness_std,-0.7033526302916406,0.49470492253816933,25
2,1,1,1,val,z1,stiffness_min,0.6988554006268715,0.488398870985345,25
2,1,1,1,val,z1,stiffness_max,-0.7243153896284711,0.5246327836526439,25
2,1,1,1,val,z1,near_zero_stiffness_edge_count,-0.24454625706179076,0.05980287184293145,25
2,1,1,1,val,z1,near_zero_stiffness_edge_fraction,-0.2306052484574618,0.05317878061612769,25
2,1,1,1,val,z1,horizontal_stiffness,-0.6850946192867713,0.4693546373756861,25
2,1,1,1,val,z1,vertical_stiffness,-0.7281630729193328,0.5302214607633255,25
2,1,1,1,val,z1,diagonal_stiffness,0.3546371071058908,0.12576747773643507,25
2,1,1,1,val,z1,vertical_minus_horizontal_stiffness,-0.2933582229518183,0.08605904697344872,25
2,1,1,1,val,z1,vertical_over_horizontal_stiffness,-0.01685052135460764,0.000283940069922088,25
2,1,1,1,val,z1,horizontal_edge_fraction,-0.07161892187877283,0.0051292699710777665,25
2,1,1,1,val,z1,vertical_edge_fraction,-0.2244314098420308,0.0503694577236816,25
2,1,1,1,val,z1,diagonal_edge_fraction,0.2503288448810181,0.06266453057946482,25
2,1,1,1,val,z1,edge_length_mean,0.08420910421365096,0.007091173232465529,25
2,1,1,1,val,z1,edge_length_std,0.18525107796131504,0.03431796188582922,25
2,1,1,1,val,z1,bbox_x_span,0.21565068616942726,0.046505218445344804,25
2,1,1,1,val,z1,bbox_y_span,0.1921021573513412,0.036903238859039456,25
2,1,1,1,val,z1,bbox_aspect_y_over_x,-0.27327745627686983,0.0746805681091565,25
2,1,1,1,val,z1,descriptor_distance_to_train,0.45934146745870824,0.21099458372711952,25
2,1,1,1,val,z1,final_p_ratio_delta_to_train,0.6169374485965826,0.38061181548086104,25
2,1,1,1,val,z2,final_p_ratio,,,0
2,1,1,1,val,z2,stiffness_mean,,,0
2,1,1,1,val,z2,stiffness_std,,,0
2,1,1,1,val,z2,stiffness_min,,,0
2,1,1,1,val,z2,stiffness_max,,,0
2,1,1,1,val,z2,near_zero_stiffness_edge_count,,,0
2,1,1,1,val,z2,near_zero_stiffness_edge_fraction,,,0
2,1,1,1,val,z2,horizontal_stiffness,,,0
2,1,1,1,val,z2,vertical_stiffness,,,0
2,1,1,1,val,z2,diagonal_stiffness,,,0
2,1,1,1,val,z2,vertical_minus_horizontal_stiffness,,,0
2,1,1,1,val,z2,vertical_over_horizontal_stiffness,,,0
2,1,1,1,val,z2,horizontal_edge_fraction,,,0
2,1,1,1,val,z2,vertical_edge_fraction,,,0
2,1,1,1,val,z2,diagonal_edge_fraction,,,0
2,1,1,1,val,z2,edge_length_mean,,,0
2,1,1,1,val,z2,edge_length_std,,,0
2,1,1,1,val,z2,bbox_x_span,,,0
2,1,1,1,val,z2,bbox_y_span,,,0
2,1,1,1,val,z2,bbox_aspect_y_over_x,,,0
2,1,1,1,val,z2,descriptor_distance_to_train,,,0
2,1,1,1,val,z2,final_p_ratio_delta_to_train,,,0
2,1,1,1,val,z3,final_p_ratio,,,0
2,1,1,1,val,z3,stiffness_mean,,,0
2,1,1,1,val,z3,stiffness_std,,,0
2,1,1,1,val,z3,stiffness_min,,,0
2,1,1,1,val,z3,stiffness_max,,,0
2,1,1,1,val,z3,near_zero_stiffness_edge_count,,,0
2,1,1,1,val,z3,near_zero_stiffness_edge_fraction,,,0
2,1,1,1,val,z3,horizontal_stiffness,,,0
2,1,1,1,val,z3,vertical_stiffness,,,0
2,1,1,1,val,z3,diagonal_stiffness,,,0
2,1,1,1,val,z3,vertical_minus_horizontal_stiffness,,,0
2,1,1,1,val,z3,vertical_over_horizontal_stiffness,,,0
2,1,1,1,val,z3,horizontal_edge_fraction,,,0
2,1,1,1,val,z3,vertical_edge_fraction,,,0
2,1,1,1,val,z3,diagonal_edge_fraction,,,0
2,1,1,1,val,z3,edge_length_mean,,,0
2,1,1,1,val,z3,edge_length_std,,,0
2,1,1,1,val,z3,bbox_x_span,,,0
2,1,1,1,val,z3,bbox_y_span,,,0
2,1,1,1,val,z3,bbox_aspect_y_over_x,,,0
2,1,1,1,val,z3,descriptor_distance_to_train,,,0
2,1,1,1,val,z3,final_p_ratio_delta_to_train,,,0
2,1,1,2,val,z0,final_p_ratio,-0.2075845105922719,0.04309132903783305,25
2,1,1,2,val,z0,stiffness_mean,0.23416951434126115,0.05483536144682211,25
2,1,1,2,val,z0,stiffness_std,0.26497735112422865,0.07021299660881276,25
2,1,1,2,val,z0,stiffness_min,-0.31056819421854304,0.09645260326016666,25
2,1,1,2,val,z0,stiffness_max,0.37797191323492996,0.1428627671944734,25
2,1,1,2,val,z0,near_zero_stiffness_edge_count,0.18082077039433347,0.03269615100600026,25
2,1,1,2,val,z0,near_zero_stiffness_edge_fraction,0.11681146609239929,0.013644918610655747,25
2,1,1,2,val,z0,horizontal_stiffness,0.19081963903417642,0.03641213464113339,25
2,1,1,2,val,z0,vertical_stiffness,0.322473029022352,0.10398885444685066,25
2,1,1,2,val,z0,diagonal_stiffness,-0.19658428459603358,0.038645380950134325,25
2,1,1,2,val,z0,vertical_minus_horizontal_stiffness,0.16596242816215406,0.027543527561478147,25
2,1,1,2,val,z0,vertical_over_horizontal_stiffness,0.07185103690391242,0.005162571504167385,25
2,1,1,2,val,z0,horizontal_edge_fraction,-0.05984875884820788,0.003581873935670941,25
2,1,1,2,val,z0,vertical_edge_fraction,-0.042291641859977525,0.0017885829712126031,25
2,1,1,2,val,z0,diagonal_edge_fraction,0.08312018984062448,0.006908965959141453,25
2,1,1,2,val,z0,edge_length_mean,-0.08662155275802301,0.007503293402210964,25
2,1,1,2,val,z0,edge_length_std,0.10904062001890802,0.011889856814107884,25
2,1,1,2,val,z0,bbox_x_span,0.1568612173016335,0.024605441493350283,25
2,1,1,2,val,z0,bbox_y_span,0.15811436915970226,0.025000153734770603,25
2,1,1,2,val,z0,bbox_aspect_y_over_x,-0.030462699601464395,0.0009279760670090591,25
2,1,1,2,val,z0,descriptor_distance_to_train,-0.1363661610321124,0.018595729874636015,25
2,1,1,2,val,z0,final_p_ratio_delta_to_train,-0.20758451059227198,0.04309132903783308,25
2,1,1,2,val,z1,final_p_ratio,0.366931791813157,0.13463893984321398,25
2,1,1,2,val,z1,stiffness_mean,-0.39394703429390765,0.15519426582896526,25
2,1,1,2,val,z1,stiffness_std,-0.33037765142585546,0.10914939256166405,25
2,1,1,2,val,z1,stiffness_min,0.1995214243439506,0.0398087987722388,25
2,1,1,2,val,z1,stiffness_max,-0.19702438424926597,0.038818607988802406,25
2,1,1,2,val,z1,near_zero_stiffness_edge_count,-0.05537106269833821,0.0030659545843433013,25
2,1,1,2,val,z1,near_zero_stiffness_edge_fraction,-0.14562812283509743,0.021207550160474226,25
2,1,1,2,val,z1,horizontal_stiffness,-0.41648940800525336,0.1734634269805664,25
2,1,1,2,val,z1,vertical_stiffness,-0.27347210862665916,0.07478699419671127,25
2,1,1,2,val,z1,diagonal_stiffness,0.04471204203105536,0.0019991667025868612,25
2,1,1,2,val,z1,vertical_minus_horizontal_stiffness,0.463138885874667,0.21449762760922783,25
2,1,1,2,val,z1,vertical_over_horizontal_stiffness,0.5209759094837931,0.2714158982624654,25
2,1,1,2,val,z1,horizontal_edge_fraction,0.20248772066514087,0.041001277020164116,25
2,1,1,2,val,z1,vertical_edge_fraction,-0.07710815732029222,0.005945667925330934,25
2,1,1,2,val,z1,diagonal_edge_fraction,-0.08610125378537219,0.007413425903413069,25
2,1,1,2,val,z1,edge_length_mean,-0.07501953655849093,0.005627930865450758,25
2,1,1,2,val,z1,edge_length_std,0.2470884554224436,0.0610527048030489,25
2,1,1,2,val,z1,bbox_x_span,0.3078210633573344,0.09475380704644007,25
2,1,1,2,val,z1,bbox_y_span,0.2982821508484061,0.08897224151475129,25
2,1,1,2,val,z1,bbox_aspect_y_over_x,-0.1903129430557593,0.03621901629454468,25
2,1,1,2,val,z1,descriptor_distance_to_train,0.13245472416100354,0.017544253952567535,25
2,1,1,2,val,z1,final_p_ratio_delta_to_train,0.3669317918131571,0.13463893984321407,25
2,1,1,2,val,z2,final_p_ratio,,,0
2,1,1,2,val,z2,stiffness_mean,,,0
2,1,1,2,val,z2,stiffness_std,,,0
2,1,1,2,val,z2,stiffness_min,,,0
2,1,1,2,val,z2,stiffness_max,,,0
2,1,1,2,val,z2,near_zero_stiffness_edge_count,,,0
2,1,1,2,val,z2,near_zero_stiffness_edge_fraction,,,0
2,1,1,2,val,z2,horizontal_stiffness,,,0
2,1,1,2,val,z2,vertical_stiffness,,,0
2,1,1,2,val,z2,diagonal_stiffness,,,0
2,1,1,2,val,z2,vertical_minus_horizontal_stiffness,,,0
2,1,1,2,val,z2,vertical_over_horizontal_stiffness,,,0
2,1,1,2,val,z2,horizontal_edge_fraction,,,0
2,1,1,2,val,z2,vertical_edge_fraction,,,0
2,1,1,2,val,z2,diagonal_edge_fraction,,,0
2,1,1,2,val,z2,edge_length_mean,,,0
2,1,1,2,val,z2,edge_length_std,,,0
2,1,1,2,val,z2,bbox_x_span,,,0
2,1,1,2,val,z2,bbox_y_span,,,0
2,1,1,2,val,z2,bbox_aspect_y_over_x,,,0
2,1,1,2,val,z2,descriptor_distance_to_train,,,0
2,1,1,2,val,z2,final_p_ratio_delta_to_train,,,0
2,1,1,2,val,z3,final_p_ratio,,,0
2,1,1,2,val,z3,stiffness_mean,,,0
2,1,1,2,val,z3,stiffness_std,,,0
2,1,1,2,val,z3,stiffness_min,,,0
2,1,1,2,val,z3,stiffness_max,,,0
2,1,1,2,val,z3,near_zero_stiffness_edge_count,,,0
2,1,1,2,val,z3,near_zero_stiffness_edge_fraction,,,0
2,1,1,2,val,z3,horizontal_stiffness,,,0
2,1,1,2,val,z3,vertical_stiffness,,,0
2,1,1,2,val,z3,diagonal_stiffness,,,0
2,1,1,2,val,z3,vertical_minus_horizontal_stiffness,,,0
2,1,1,2,val,z3,vertical_over_horizontal_stiffness,,,0
2,1,1,2,val,z3,horizontal_edge_fraction,,,0
2,1,1,2,val,z3,vertical_edge_fraction,,,0
2,1,1,2,val,z3,diagonal_edge_fraction,,,0
2,1,1,2,val,z3,edge_length_mean,,,0
2,1,1,2,val,z3,edge_length_std,,,0
2,1,1,2,val,z3,bbox_x_span,,,0
2,1,1,2,val,z3,bbox_y_span,,,0
2,1,1,2,val,z3,bbox_aspect_y_over_x,,,0
2,1,1,2,val,z3,descriptor_distance_to_train,,,0
2,1,1,2,val,z3,final_p_ratio_delta_to_train,,,0
2,1,1,4,val,z0,final_p_ratio,-0.21223107647482536,0.04504202982166317,25
2,1,1,4,val,z0,stiffness_mean,0.45676165159763993,0.2086312063702038,25
2,1,1,4,val,z0,stiffness_std,0.33462020330019104,0.11197068045666118,25
2,1,1,4,val,z0,stiffness_min,-0.30180586438807644,0.09108677977903398,25
2,1,1,4,val,z0,stiffness_max,0.5326991392993426,0.2837683730102605,25
2,1,1,4,val,z0,near_zero_stiffness_edge_count,0.6063150279058989,0.3676179130645309,25
2,1,1,4,val,z0,near_zero_stiffness_edge_fraction,0.6109582663143921,0.37327000317788767,25
2,1,1,4,val,z0,horizontal_stiffness,0.32467604373989745,0.1054145333785918,25
2,1,1,4,val,z0,vertical_stiffness,0.40223515923408226,0.1617931233240675,25
2,1,1,4,val,z0,diagonal_stiffness,0.4308835360228124,0.18566062161552224,25
2,1,1,4,val,z0,vertical_minus_horizontal_stiffness,0.03800952474495855,0.0014447239713376162,25
2,1,1,4,val,z0,vertical_over_horizontal_stiffness,-0.19083968395935547,0.036419784973706675,25
2,1,1,4,val,z0,horizontal_edge_fraction,0.025805941461035313,0.0006659466146903814,25
2,1,1,4,val,z0,vertical_edge_fraction,-0.09036793036972521,0.008166362839307504,25
2,1,1,4,val,z0,diagonal_edge_fraction,0.046794867906218805,0.0021897596623604667,25
2,1,1,4,val,z0,edge_length_mean,0.1365894343116933,0.018656673565588377,25
2,1,1,4,val,z0,edge_length_std,0.04883676794968079,0.0023850299037709685,25
2,1,1,4,val,z0,bbox_x_span,0.011385380443512444,0.00012962688784351562,25
2,1,1,4,val,z0,bbox_y_span,0.03381999514254019,0.0011437920714414422,25
2,1,1,4,val,z0,bbox_aspect_y_over_x,0.2222921557978681,0.04941380252926366,25
2,1,1,4,val,z0,descriptor_distance_to_train,0.02825730540566213,0.0007984753087888622,25
2,1,1,4,val,z0,final_p_ratio_delta_to_train,-0.21223107647482536,0.04504202982166317,25
2,1,1,4,val,z1,final_p_ratio,0.4533091310282526,0.20548916827358948,25
2,1,1,4,val,z1,stiffness_mean,-0.7001991450878853,0.4902788427818054,25
2,1,1,4,val,z1,stiffness_std,-0.5734907202916949,0.32889160626068703,25
2,1,1,4,val,z1,stiffness_min,0.4991722969983663,0.24917298209062522,25
2,1,1,4,val,z1,stiffness_max,-0.7331305144384342,0.5374803512007632,25
2,1,1,4,val,z1,near_zero_stiffness_edge_count,-0.6429349387739934,0.4133653354963187,25
2,1,1,4,val,z1,near_zero_stiffness_edge_fraction,-0.6412776953216711,0.411237082517074,25
2,1,1,4,val,z1,horizontal_stiffness,-0.5865951523907722,0.34409387280835324,25
2,1,1,4,val,z1,vertical_stiffness,-0.6427751098622282,0.4131598418583995,25
2,1,1,4,val,z1,diagonal_stiffness,-0.3784937048012823,0.14325748457420023,25
2,1,1,4,val,z1,vertical_minus_horizontal_stiffness,0.1501956211439973,0.022558724610831166,25
2,1,1,4,val,z1,vertical_over_horizontal_stiffness,0.4355320537459658,0.18968816984017886,25
2,1,1,4,val,z1,horizontal_edge_fraction,0.05723308207086859,0.00327562568333078,25
2,1,1,4,val,z1,vertical_edge_fraction,0.13225350890607723,0.01749099061796985,25
2,1,1,4,val,z1,diagonal_edge_fraction,-0.13759012688613934,0.018931043016543924,25
2,1,1,4,val,z1,edge_length_mean,-0.1529384590969824,0.023390172270959356,25
2,1,1,4,val,z1,edge_length_std,-0.07358811523373818,0.005415210703653929,25
2,1,1,4,val,z1,bbox_x_span,-0.03452480314669067,0.0011919620323177422,25
2,1,1,4,val,z1,bbox_y_span,-0.054190691492929904,0.0029366310444819054,25
2,1,1,4,val,z1,bbox_aspect_y_over_x,-0.1999949151758011,0.039997966096175876,25
2,1,1,4,val,z1,descriptor_distance_to_train,0.0032646327642751895,1.0657827085579064e-05,25
2,1,1,4,val,z1,final_p_ratio_delta_to_train,0.4533091310282526,0.20548916827358948,25
2,1,1,4,val,z2,final_p_ratio,,,0
2,1,1,4,val,z2,stiffness_mean,,,0
2,1,1,4,val,z2,stiffness_std,,,0
2,1,1,4,val,z2,stiffness_min,,,0
2,1,1,4,val,z2,stiffness_max,,,0
2,1,1,4,val,z2,near_zero_stiffness_edge_count,,,0
2,1,1,4,val,z2,near_zero_stiffness_edge_fraction,,,0
2,1,1,4,val,z2,horizontal_stiffness,,,0
2,1,1,4,val,z2,vertical_stiffness,,,0
2,1,1,4,val,z2,diagonal_stiffness,,,0
2,1,1,4,val,z2,vertical_minus_horizontal_stiffness,,,0
2,1,1,4,val,z2,vertical_over_horizontal_stiffness,,,0
2,1,1,4,val,z2,horizontal_edge_fraction,,,0
2,1,1,4,val,z2,vertical_edge_fraction,,,0
2,1,1,4,val,z2,diagonal_edge_fraction,,,0
2,1,1,4,val,z2,edge_length_mean,,,0
2,1,1,4,val,z2,edge_length_std,,,0
2,1,1,4,val,z2,bbox_x_span,,,0
2,1,1,4,val,z2,bbox_y_span,,,0
2,1,1,4,val,z2,bbox_aspect_y_over_x,,,0
2,1,1,4,val,z2,descriptor_distance_to_train,,,0
2,1,1,4,val,z2,final_p_ratio_delta_to_train,,,0
2,1,1,4,val,z3,final_p_ratio,,,0
2,1,1,4,val,z3,stiffness_mean,,,0
2,1,1,4,val,z3,stiffness_std,,,0
2,1,1,4,val,z3,stiffness_min,,,0
2,1,1,4,val,z3,stiffness_max,,,0
2,1,1,4,val,z3,near_zero_stiffness_edge_count,,,0
2,1,1,4,val,z3,near_zero_stiffness_edge_fraction,,,0
2,1,1,4,val,z3,horizontal_stiffness,,,0
2,1,1,4,val,z3,vertical_stiffness,,,0
2,1,1,4,val,z3,diagonal_stiffness,,,0
2,1,1,4,val,z3,vertical_minus_horizontal_stiffness,,,0
2,1,1,4,val,z3,vertical_over_horizontal_stiffness,,,0
2,1,1,4,val,z3,horizontal_edge_fraction,,,0
2,1,1,4,val,z3,vertical_edge_fraction,,,0
2,1,1,4,val,z3,diagonal_edge_fraction,,,0
2,1,1,4,val,z3,edge_length_mean,,,0
2,1,1,4,val,z3,edge_length_std,,,0
2,1,1,4,val,z3,bbox_x_span,,,0
2,1,1,4,val,z3,bbox_y_span,,,0
2,1,1,4,val,z3,bbox_aspect_y_over_x,,,0
2,1,1,4,val,z3,descriptor_distance_to_train,,,0
2,1,1,4,val,z3,final_p_ratio_delta_to_train,,,0
4,1,1,1,val,z0,final_p_ratio,-0.8427504847207151,0.7102283794970002,25
4,1,1,1,val,z0,stiffness_mean,0.9458904272193587,0.8947087003052209,25
4,1,1,1,val,z0,stiffness_std,0.9001294331748018,0.81023299646759,25
4,1,1,1,val,z0,stiffness_min,-0.844925861773232,0.7138997118932388,25
4,1,1,1,val,z0,stiffness_max,0.891662942149353,0.7950628024024405,25
4,1,1,1,val,z0,near_zero_stiffness_edge_count,0.2836132456615656,0.08043647311468756,25
4,1,1,1,val,z0,near_zero_stiffness_edge_fraction,0.2834712518887116,0.08035595064735337,25
4,1,1,1,val,z0,horizontal_stiffness,0.8482956682391406,0.7196055407532901,25
4,1,1,1,val,z0,vertical_stiffness,0.9084904103703461,0.8253548257348798,25
4,1,1,1,val,z0,diagonal_stiffness,-0.5550907928447524,0.3081257883010158,25
4,1,1,1,val,z0,vertical_minus_horizontal_stiffness,0.37884836203064115,0.14352608141329976,25
4,1,1,1,val,z0,vertical_over_horizontal_stiffness,0.10811460455841634,0.01168876771882274,25
4,1,1,1,val,z0,horizontal_edge_fraction,0.04965825051492435,0.002465941844202984,25
4,1,1,1,val,z0,vertical_edge_fraction,0.32365606201187425,0.10475324647703418,25
4,1,1,1,val,z0,diagonal_edge_fraction,-0.270723540702496,0.073291235490496,25
4,1,1,1,val,z0,edge_length_mean,-0.3518388102662754,0.12379054840958814,25
4,1,1,1,val,z0,edge_length_std,-0.4910563188874686,0.24113630831931124,25
4,1,1,1,val,z0,bbox_x_span,-0.4546788938899493,0.20673289654898777,25
4,1,1,1,val,z0,bbox_y_span,-0.4356718514997514,0.18980996218922144,25
4,1,1,1,val,z0,bbox_aspect_y_over_x,0.048768366881173024,0.002378353608256694,25
4,1,1,1,val,z0,descriptor_distance_to_train,0.3942813928099723,0.1554578167161717,25
4,1,1,1,val,z0,final_p_ratio_delta_to_train,-0.8427504847207151,0.7102283794970002,25
4,1,1,1,val,z1,final_p_ratio,0.8430012636219364,0.7106511304681815,25
4,1,1,1,val,z1,stiffness_mean,-0.9528415378251018,0.907906996204905,25
4,1,1,1,val,z1,stiffness_std,-0.9028811404244106,0.8151943537340842,25
4,1,1,1,val,z1,stiffness_min,0.8348892886247866,0.6970401242604023,25
4,1,1,1,val,z1,stiffness_max,-0.8828768173622953,0.7794714746357757,25
4,1,1,1,val,z1,near_zero_stiffness_edge_count,-0.288259565141949,0.08309357689582554,25
4,1,1,1,val,z1,near_zero_stiffness_edge_fraction,-0.29013912165906103,0.08418070991709141,25
4,1,1,1,val,z1,horizontal_stiffness,-0.8606918135493423,0.7407903979108559,25
4,1,1,1,val,z1,vertical_stiffness,-0.9055340003579904,0.8199918258043449,25
4,1,1,1,val,z1,diagonal_stiffness,0.5553770006822444,0.30844361288680566,25
4,1,1,1,val,z1,vertical_minus_horizontal_stiffness,-0.35334000396077225,0.12484915839899856,25
4,1,1,1,val,z1,vertical_over_horizontal_stiffness,-0.08061752597883207,0.006499185494947663,25
4,1,1,1,val,z1,horizontal_edge_fraction,-0.034983432407108786,0.0012238405429827492,25
4,1,1,1,val,z1,vertical_edge_fraction,-0.3408320262710769,0.11616647013204805,25
4,1,1,1,val,z1,diagonal_edge_fraction,0.2752181891598249,0.07574505164441314,25
4,1,1,1,val,z1,edge_length_mean,0.3814801790777788,0.1455271270292142,25
4,1,1,1,val,z1,edge_length_std,0.5288241847634508,0.27965501839072837,25
4,1,1,1,val,z1,bbox_x_span,0.49016357046807085,0.24026032581400747,25
4,1,1,1,val,z1,bbox_y_span,0.4703065092731105,0.22118821266465838,25
4,1,1,1,val,z1,bbox_aspect_y_over_x,-0.04807910644230325,0.002311600476290326,25
4,1,1,1,val,z1,descriptor_distance_to_train,-0.41280369409228457,0.17040688985623645,25
4,1,1,1,val,z1,final_p_ratio_delta_to_train,0.8430012636219363,0.7106511304681813,25
4,1,1,1,val,z2,final_p_ratio,0.5607530401128581,0.31444397199581264,25
4,1,1,1,val,z2,stiffness_mean,-0.6722053689082607,0.4518600579890908,25
4,1,1,1,val,z2,stiffness_std,-0.6324103140476478,0.3999428053138445,25
4,1,1,1,val,z2,stiffness_min,0.5576325792152497,0.3109540934022517,25
4,1,1,1,val,z2,stiffness_max,-0.6296460806325219,0.3964541868558963,25
4,1,1,1,val,z2,near_zero_stiffness_edge_count,-0.26142890227291354,0.06834507094362058,25
4,1,1,1,val,z2,near_zero_stiffness_edge_fraction,-0.26165035506300993,0.06846090830459917,25
4,1,1,1,val,z2,horizontal_stiffness,-0.5655615287185585,0.31985984276647283,25
4,1,1,1,val,z2,vertical_stiffness,-0.6310765045891112,0.39825755464441054,25
4,1,1,1,val,z2,diagonal_stiffness,0.29591852791159984,0.0875677751613683,25
4,1,1,1,val,z2,vertical_minus_horizontal_stiffness,-0.30112499483477884,0.09067626251424558,25
4,1,1,1,val,z2,vertical_over_horizontal_stiffness,-0.09586702633169364,0.009190486737681641,25
4,1,1,1,val,z2,horizontal_edge_fraction,-0.17974265647892923,0.03230742255810236,25
4,1,1,1,val,z2,vertical_edge_fraction,-0.30994634320578335,0.09606673566663725,25
4,1,1,1,val,z2,diagonal_edge_fraction,0.33464507287132444,0.11198732479705405,25
4,1,1,1,val,z2,edge_length_mean,0.23088203004340996,0.053306511796966057,25
4,1,1,1,val,z2,edge_length_std,0.6234401823003568,0.38867766090670214,25
4,1,1,1,val,z2,bbox_x_span,0.653909270209066,0.42759733366535324,25
4,1,1,1,val,z2,bbox_y_span,0.6292966588017296,0.39601428477902045,25
4,1,1,1,val,z2,bbox_aspect_y_over_x,-0.04139227423258917,0.0017133203661458653,25
4,1,1,1,val,z2,descriptor_distance_to_train,-0.4923747760044186,0.24243292004540137,25
4,1,1,1,val,z2,final_p_ratio_delta_to_train,0.5607530401128581,0.31444397199581264,25
4,1,1,1,val,z3,final_p_ratio,-0.875512981813211,0.76652298132346,25
4,1,1,1,val,z3,stiffness_mean,0.9541690960007786,0.910438663762943,25
4,1,1,1,val,z3,stiffness_std,0.9149648323450831,0.837160644428266,25
4,1,1,1,val,z3,stiffness_min,-0.901305018023103,0.8123507355136261,25
4,1,1,1,val,z3,stiffness_max,0.928327893532878,0.8617926779111905,25
4,1,1,1,val,z3,near_zero_stiffness_edge_count,0.19990270914823174,0.03996109312480253,25
4,1,1,1,val,z3,near_zero_stiffness_edge_fraction,0.19970161291706393,0.039880734201676836,25
4,1,1,1,val,z3,horizontal_stiffness,0.8710597527302779,0.7587450928265329,25
4,1,1,1,val,z3,vertical_stiffness,0.9441018595742006,0.8913283212514636,25
4,1,1,1,val,z3,diagonal_stiffness,-0.6583922588670451,0.43348036653605015,25
4,1,1,1,val,z3,vertical_minus_horizontal_stiffness,0.4104963466293385,0.168507250596034,25
4,1,1,1,val,z3,vertical_over_horizontal_stiffness,0.15096075108937754,0.022789148369469003,25
4,1,1,1,val,z3,horizontal_edge_fraction,-0.05466624711663824,0.002988398573817359,25
4,1,1,1,val,z3,vertical_edge_fraction,0.31356603308239583,0.09832365710303016,25
4,1,1,1,val,z3,diagonal_edge_fraction,-0.20366849353001695,0.041480855256786554,25
4,1,1,1,val,z3,edge_length_mean,-0.35047608462005914,0.12283348589060686,25
4,1,1,1,val,z3,edge_length_std,-0.2604525113879535,0.06783551068829205,25
4,1,1,1,val,z3,bbox_x_span,-0.18365944347306812,0.033730791176837104,25
4,1,1,1,val,z3,bbox_y_span,-0.17419930566892958,0.03034539809553716,25
4,1,1,1,val,z3,bbox_aspect_y_over_x,0.03175166681841227,0.001008168345747463,25
4,1,1,1,val,z3,descriptor_distance_to_train,0.21220672107257763,0.04503169246837476,25
4,1,1,1,val,z3,final_p_ratio_delta_to_train,-0.875512981813211,0.76652298132346,25
4,1,1,2,val,z0,final_p_ratio,-0.8311296071507988,0.690776423882641,25
4,1,1,2,val,z0,stiffness_mean,0.9093695707822599,0.8269530162647115,25
4,1,1,2,val,z0,stiffness_std,0.8814748597138393,0.7769979283075327,25
4,1,1,2,val,z0,stiffness_min,-0.8663018807855296,0.7504789486525459,25
4,1,1,2,val,z0,stiffness_max,0.8332125609582315,0.6942431717385746,25
4,1,1,2,val,z0,near_zero_stiffness_edge_count,0.2858254231420978,0.08169617251435926,25
4,1,1,2,val,z0,near_zero_stiffness_edge_fraction,0.2548450392906984,0.06494599405107761,25
4,1,1,2,val,z0,horizontal_stiffness,0.8889957280181723,0.7903134044345601,25
4,1,1,2,val,z0,vertical_stiffness,0.8722092100859736,0.7607489061587981,25
4,1,1,2,val,z0,diagonal_stiffness,-0.5389626137490939,0.290480699019255,25
4,1,1,2,val,z0,vertical_minus_horizontal_stiffness,0.2940569905911242,0.08646951371550853,25
4,1,1,2,val,z0,vertical_over_horizontal_stiffness,0.044361719917122656,0.001967962194005237,25
4,1,1,2,val,z0,horizontal_edge_fraction,-0.10358098706910257,0.010729020882209594,25
4,1,1,2,val,z0,vertical_edge_fraction,-0.03911466371481759,0.0015299569175232677,25
4,1,1,2,val,z0,diagonal_edge_fraction,0.1254667226590862,0.015741898494812057,25
4,1,1,2,val,z0,edge_length_mean,0.175899316615854,0.030940569585924452,25
4,1,1,2,val,z0,edge_length_std,0.289357556072623,0.08372779525632115,25
4,1,1,2,val,z0,bbox_x_span,0.29234668892631005,0.0854665865261767,25
4,1,1,2,val,z0,bbox_y_span,0.2974474937167871,0.0884750115183981,25
4,1,1,2,val,z0,bbox_aspect_y_over_x,-0.007222765188264491,5.216833696480538e-05,25
4,1,1,2,val,z0,descriptor_distance_to_train,-0.3833237355400396,0.14693708622837023,25
4,1,1,2,val,z0,final_p_ratio_delta_to_train,-0.8311296071507988,0.690776423882641,25
4,1,1,2,val,z1,final_p_ratio,0.8252691613297922,0.6810691886419786,25
4,1,1,2,val,z1,stiffness_mean,-0.906728348009912,0.822156297084784,25
4,1,1,2,val,z1,stiffness_std,-0.8767222340296645,0.7686418756419658,25
4,1,1,2,val,z1,stiffness_min,0.8635245614453164,0.745674668219326,25
4,1,1,2,val,z1,stiffness_max,-0.8271615913733175,0.684196298243239,25
4,1,1,2,val,z1,near_zero_stiffness_edge_count,-0.27654351758591394,0.0764763171187907,25
4,1,1,2,val,z1,near_zero_stiffness_edge_fraction,-0.24544354512580857,0.06024253384392483,25
4,1,1,2,val,z1,horizontal_stiffness,-0.8860948018094718,0.785163997793767,25
4,1,1,2,val,z1,vertical_stiffness,-0.8701617556439408,0.7571814809853454,25
4,1,1,2,val,z1,diagonal_stiffness,0.5383897235251941,0.28986349439753495,25
4,1,1,2,val,z1,vertical_minus_horizontal_stiffness,-0.294636039985635,0.0868103960584167,25
4,1,1,2,val,z1,vertical_over_horizontal_stiffness,-0.04537465557214471,0.0020588593682907635,25
4,1,1,2,val,z1,horizontal_edge_fraction,0.11824602492549634,0.013982122410681102,25
4,1,1,2,val,z1,vertical_edge_fraction,0.032090012181420005,0.0010297688818036842,25
4,1,1,2,val,z1,diagonal_edge_fraction,-0.1342406307727003,0.018020546950252448,25
4,1,1,2,val,z1,edge_length_mean,-0.18164902383624038,0.03299636786065902,25
4,1,1,2,val,z1,edge_length_std,-0.2978127240722099,0.08869241861931022,25
4,1,1,2,val,z1,bbox_x_span,-0.3002452939022724,0.09014723651046193,25
4,1,1,2,val,z1,bbox_y_span,-0.30600248678529113,0.09363752191878227,25
4,1,1,2,val,z1,bbox_aspect_y_over_x,0.004409987030292729,1.9447985607350084e-05,25
4,1,1,2,val,z1,descriptor_distance_to_train,0.37425410359460204,0.14006613405739912,25
4,1,1,2,val,z1,final_p_ratio_delta_to_train,0.8252691613297921,0.6810691886419784,25
4,1,1,2,val,z2,final_p_ratio,-0.8062022339879877,0.6499620420872221,25
4,1,1,2,val,z2,stiffness_mean,0.8857178314540864,0.7844960769557295,25
4,1,1,2,val,z2,stiffness_std,0.8537181309529286,0.7288346471177617,25
4,1,1,2,val,z2,stiffness_min,-0.8446214853669872,0.7133854535435358,25
4,1,1,2,val,z2,stiffness_max,0.801605884214705,0.6425719936076391,25
4,1,1,2,val,z2,near_zero_stiffness_edge_count,0.25349260654656697,0.06425850157377261,25
4,1,1,2,val,z2,near_zero_stiffness_edge_fraction,0.22204060932794356,0.04930203219072446,25
4,1,1,2,val,z2,horizontal_stiffness,0.8687017099842718,0.7546426609295979,25
4,1,1,2,val,z2,vertical_stiffness,0.8496096989597041,0.721836640566399,25
4,1,1,2,val,z2,diagonal_stiffness,-0.5334679312711871,0.28458803369476,25
4,1,1,2,val,z2,vertical_minus_horizontal_stiffness,0.282164760168639,0.07961695188102556,25
4,1,1,2,val,z2,vertical_over_horizontal_stiffness,0.03911768462214489,0.001530193250197591,25
4,1,1,2,val,z2,horizontal_edge_fraction,-0.11890188248140941,0.014137657657622895,25
4,1,1,2,val,z2,vertical_edge_fraction,-0.014105262548546741,0.00019895843156343533,25
4,1,1,2,val,z2,diagonal_edge_fraction,0.12198797543692204,0.014881066151199095,25
4,1,1,2,val,z2,edge_length_mean,0.18724714729035255,0.03506149416837498,25
4,1,1,2,val,z2,edge_length_std,0.3113082234000636,0.09691280995650389,25
4,1,1,2,val,z2,bbox_x_span,0.3160870082309454,0.09991099677238972,25
4,1,1,2,val,z2,bbox_y_span,0.3184741012145319,0.10142575314440391,25
4,1,1,2,val,z2,bbox_aspect_y_over_x,-0.03227100158889301,0.0010414175435503352,25
4,1,1,2,val,z2,descriptor_distance_to_train,-0.34542259141298387,0.11931676665846119,25
4,1,1,2,val,z2,final_p_ratio_delta_to_train,-0.8062022339879877,0.6499620420872221,25
4,1,1,2,val,z3,final_p_ratio,-0.8297602609478287,0.6885020906482088,25
4,1,1,2,val,z3,stiffness_mean,0.9051462221231608,0.8192896834238302,25
4,1,1,2,val,z3,stiffness_std,0.8759099137205831,0.7672181769539994,25
4,1,1,2,val,z3,stiffness_min,-0.8606869339396784,0.7407819982544844,25
4,1,1,2,val,z3,stiffness_max,0.8262187088159473,0.6826373547974911,25
4,1,1,2,val,z3,near_zero_stiffness_edge_count,0.27454579449326855,0.07537539327394005,25
4,1,1,2,val,z3,near_zero_stiffness_edge_fraction,0.24514150044274696,0.06009435523932131,25
4,1,1,2,val,z3,horizontal_stiffness,0.885489480257442,0.7840916196465948,25
4,1,1,2,val,z3,vertical_stiffness,0.8671844982397451,0.7520089539873185,25
4,1,1,2,val,z3,diagonal_stiffness,-0.5352668527381492,0.28651060364020353,25
4,1,1,2,val,z3,vertical_minus_horizontal_stiffness,0.28984451210298556,0.08400984119621774,25
4,1,1,2,val,z3,vertical_over_horizontal_stiffness,0.04264301196231173,0.0018184264692178616,25
4,1,1,2,val,z3,horizontal_edge_fraction,-0.10535532671502433,0.011099744867229519,25
4,1,1,2,val,z3,vertical_edge_fraction,-0.03850169262886161,0.0014823803352873367,25
4,1,1,2,val,z3,diagonal_edge_fraction,0.12669784850797156,0.01605234481654891,25
4,1,1,2,val,z3,edge_length_mean,0.1759417355403129,0.030955494304937402,25
4,1,1,2,val,z3,edge_length_std,0.28600397010992945,0.08179827091864142,25
4,1,1,2,val,z3,bbox_x_span,0.2892609338860833,0.08367188787264906,25
4,1,1,2,val,z3,bbox_y_span,0.29301996260849383,0.08586069848708312,25
4,1,1,2,val,z3,bbox_aspect_y_over_x,-0.015829346519419425,0.00025056821123185585,25
4,1,1,2,val,z3,descriptor_distance_to_train,-0.37657145842521095,0.14180606330049036,25
4,1,1,2,val,z3,final_p_ratio_delta_to_train,-0.8297602609478286,0.6885020906482087,25
4,1,1,4,val,z0,final_p_ratio,0.8444100464253709,0.713028326504097,25
4,1,1,4,val,z0,stiffness_mean,-0.9309336071962543,0.8666373810074298,25
4,1,1,4,val,z0,stiffness_std,-0.8854104890301546,0.7839517340846176,25
4,1,1,4,val,z0,stiffness_min,0.8357028444653739,0.698399244247517,25
4,1,1,4,val,z0,stiffness_max,-0.8995203194020419,0.8091368050171515,25
4,1,1,4,val,z0,near_zero_stiffness_edge_count,-0.30473944373997924,0.09286612857095197,25
4,1,1,4,val,z0,near_zero_stiffness_edge_fraction,-0.27265329720666276,0.07433982047766477,25
4,1,1,4,val,z0,horizontal_stiffness,-0.9067854418550648,0.8222598375602852,25
4,1,1,4,val,z0,vertical_stiffness,-0.8695707385508213,0.7561532693438209,25
4,1,1,4,val,z0,diagonal_stiffness,0.39966281663020753,0.15973036699679088,25
4,1,1,4,val,z0,vertical_minus_horizontal_stiffness,0.10196475320583982,0.010396810896327822,25
4,1,1,4,val,z0,vertical_over_horizontal_stiffness,0.3859744945465811,0.14897631044048879,25
4,1,1,4,val,z0,horizontal_edge_fraction,0.01661226622019618,0.0002759673889706711,25
4,1,1,4,val,z0,vertical_edge_fraction,-0.31407980701410965,0.09864612517402035,25
4,1,1,4,val,z0,diagonal_edge_fraction,0.21844559350004414,0.047718477319586526,25
4,1,1,4,val,z0,edge_length_mean,-0.18303123719981232,0.03350043379089396,25
4,1,1,4,val,z0,edge_length_std,0.3185159466695693,0.1014524082828119,25
4,1,1,4,val,z0,bbox_x_span,0.4277548151105154,0.1829741818502312,25
4,1,1,4,val,z0,bbox_y_span,0.39597003275968295,0.1567922668437044,25
4,1,1,4,val,z0,bbox_aspect_y_over_x,-0.33863185328191425,0.11467153205714391,25
4,1,1,4,val,z0,descriptor_distance_to_train,-0.6351260736687113,0.4033851294538333,25
4,1,1,4,val,z0,final_p_ratio_delta_to_train,0.8444100464253707,0.7130283265040966,25
4,1,1,4,val,z1,final_p_ratio,0.8344244379399702,0.6962641426314352,25
4,1,1,4,val,z1,stiffness_mean,-0.9253002510707533,0.8561805546315991,25
4,1,1,4,val,z1,stiffness_std,-0.8675163696826157,0.7525846516673047,25
4,1,1,4,val,z1,stiffness_min,0.8137201256206376,0.6621404428400661,25
4,1,1,4,val,z1,stiffness_max,-0.8809552460555308,0.7760821455527608,25
4,1,1,4,val,z1,near_zero_stiffness_edge_count,-0.32833828047007246,0.10780602642204397,25
4,1,1,4,val,z1,near_zero_stiffness_edge_fraction,-0.2978681301450522,0.08872542295610976,25
4,1,1,4,val,z1,horizontal_stiffness,-0.8883171775635254,0.7891074079544278,25
4,1,1,4,val,z1,vertical_stiffness,-0.8579097147689502,0.7360090786949415,25
4,1,1,4,val,z1,diagonal_stiffness,0.35888065822335097,0.12879532684682565,25
4,1,1,4,val,z1,vertical_minus_horizontal_stiffness,0.08742195545437256,0.0076425982954663,25
4,1,1,4,val,z1,vertical_over_horizontal_stiffness,0.36324406588922525,0.1319462514037358,25
4,1,1,4,val,z1,horizontal_edge_fraction,-0.015824109148962408,0.00025040243035827576,25
4,1,1,4,val,z1,vertical_edge_fraction,-0.3167318203253433,0.10031904600660556,25
4,1,1,4,val,z1,diagonal_edge_fraction,0.2530062873497014,0.06401218143847966,25
4,1,1,4,val,z1,edge_length_mean,-0.1462747247384578,0.021396295097311595,25
4,1,1,4,val,z1,edge_length_std,0.3727792995758539,0.13896440619226422,25
4,1,1,4,val,z1,bbox_x_span,0.47741444027436913,0.22792454778248916,25
4,1,1,4,val,z1,bbox_y_span,0.44602922693473257,0.19894207127999516,25
4,1,1,4,val,z1,bbox_aspect_y_over_x,-0.33446081432339325,0.11186403631786733,25
4,1,1,4,val,z1,descriptor_distance_to_train,-0.6105817098648402,0.3728100244214719,25
4,1,1,4,val,z1,final_p_ratio_delta_to_train,0.8344244379399702,0.6962641426314352,25
4,1,1,4,val,z2,final_p_ratio,-0.850831769250133,0.7239146995653116,25
4,1,1,4,val,z2,stiffness_mean,0.950404313957369,0.9032683599887773,25
4,1,1,4,val,z2,stiffness_std,0.8897163236801932,0.7915951366229982,25
4,1,1,4,val,z2,stiffness_min,-0.8344597184451739,0.6963230217075989,25
4,1,1,4,val,z2,stiffness_max,0.9003557679999787,0.8106405089708315,25
4,1,1,4,val,z2,near_zero_stiffness_edge_count,0.3517828009720209,0.12375113905972047,25
4,1,1,4,val,z2,near_zero_stiffness_edge_fraction,0.32037437991825507,0.10263974330800643,25
4,1,1,4,val,z2,horizontal_stiffness,0.9128478083230198,0.8332911211601407,25
4,1,1,4,val,z2,vertical_stiffness,0.8830788694980357,0.7798282897539288,25
4,1,1,4,val,z2,diagonal_stiffness,-0.37139185835826116,0.1379319124548027,25
4,1,1,4,val,z2,vertical_minus_horizontal_stiffness,-0.08678984744363098,0.007532477619288739,25
4,1,1,4,val,z2,vertical_over_horizontal_stiffness,-0.3721251675448955,0.13847714032031655,25
4,1,1,4,val,z2,horizontal_edge_fraction,0.002638766248267281,6.963087312994583e-06,25
4,1,1,4,val,z2,vertical_edge_fraction,0.32561385464496506,0.10602438233675243,25
4,1,1,4,val,z2,diagonal_edge_fraction,-0.2464138048845726,0.060719763237692216,25
4,1,1,4,val,z2,edge_length_mean,0.16087253322383752,0.025879971945854705,25
4,1,1,4,val,z2,edge_length_std,-0.3732387654909995,0.13930717606524531,25
4,1,1,4,val,z2,bbox_x_span,-0.4821315605379503,0.23245084166675925,25
4,1,1,4,val,z2,bbox_y_span,-0.45027061820879394,0.20274362962212947,25
4,1,1,4,val,z2,bbox_aspect_y_over_x,0.33801099604385465,0.11425143344655872,25
4,1,1,4,val,z2,descriptor_distance_to_train,0.6402687449483881,0.40994406575778414,25
4,1,1,4,val,z2,final_p_ratio_delta_to_train,-0.850831769250133,0.7239146995653116,25
4,1,1,4,val,z3,final_p_ratio,-0.8684942040015944,0.7542821823843631,25
4,1,1,4,val,z3,stiffness_mean,0.9662263607689696,0.9335933802448471,25
4,1,1,4,val,z3,stiffness_std,0.9072130295976166,0.823035481071686,25
4,1,1,4,val,z3,stiffness_min,-0.8517135024578311,0.7254158902689858,25
4,1,1,4,val,z3,stiffness_max,0.9139907929174841,0.8353791695379312,25
4,1,1,4,val,z3,near_zero_stiffness_edge_count,0.37381620280736416,0.13973855348131642,25
4,1,1,4,val,z3,near_zero_stiffness_edge_fraction,0.3434672051542106,0.11796972101644458,25
4,1,1,4,val,z3,horizontal_stiffness,0.9276033302129921,0.8604479382222333,25
4,1,1,4,val,z3,vertical_stiffness,0.9018527897032849,0.8133384542955974,25
4,1,1,4,val,z3,diagonal_stiffness,-0.38295668047236364,0.14665581911841202,25
4,1,1,4,val,z3,vertical_minus_horizontal_stiffness,-0.07892019658660517,0.006228397429268406,25
4,1,1,4,val,z3,vertical_over_horizontal_stiffness,-0.3728187616658306,0.1389938290500434,25
4,1,1,4,val,z3,horizontal_edge_fraction,-0.00027206141624161505,7.401741420739332e-08,25
4,1,1,4,val,z3,vertical_edge_fraction,0.3207385193667653,0.10287319780558488,25
4,1,1,4,val,z3,diagonal_edge_fraction,-0.2398406944376522,0.057523558708335254,25
4,1,1,4,val,z3,edge_length_mean,0.14555780216882855,0.02118707377221983,25
4,1,1,4,val,z3,edge_length_std,-0.385535709916428,0.1486377836207641,25
4,1,1,4,val,z3,bbox_x_span,-0.4910509945918608,0.24113107928965571,25
4,1,1,4,val,z3,bbox_y_span,-0.4584808085937705,0.2102046518487976,25
4,1,1,4,val,z3,bbox_aspect_y_over_x,0.3437609017278147,0.11817155755672028,25
4,1,1,4,val,z3,descriptor_distance_to_train,0.6503376960389446,0.42293911888924274,25
4,1,1,4,val,z3,final_p_ratio_delta_to_train,-0.8684942040015946,0.7542821823843634,25
1,1,1,1,test,z0,final_p_ratio,0.4994167903028588,0.24941713043640965,76
1,1,1,1,test,z0,stiffness_mean,-0.5509604135723115,0.3035573773237725,76
1,1,1,1,test,z0,stiffness_std,-0.5416627221323822,0.2933985045478623,76
1,1,1,1,test,z0,stiffness_min,0.4700673171595002,0.22096328266153012,76
1,1,1,1,test,z0,stiffness_max,-0.4743224248469817,0.22498176271272063,76
1,1,1,1,test,z0,near_zero_stiffness_edge_count,-0.1995477396628949,0.03981930040457048,76
1,1,1,1,test,z0,near_zero_stiffness_edge_fraction,-0.21078331178970655,0.044429604529036645,76
1,1,1,1,test,z0,horizontal_stiffness,-0.5315414144073194,0.28253627523013364,76
1,1,1,1,test,z0,vertical_stiffness,-0.5031288961299162,0.253138686120908,76
1,1,1,1,test,z0,diagonal_stiffness,0.21764624221792248,0.04736988675158258,76
1,1,1,1,test,z0,vertical_minus_horizontal_stiffness,0.006916006548586112,4.783114658008598e-05,76
1,1,1,1,test,z0,vertical_over_horizontal_stiffness,0.16149470879193872,0.02608054096779309,76
1,1,1,1,test,z0,horizontal_edge_fraction,0.0036245232692384954,1.3137168929251311e-05,76
1,1,1,1,test,z0,vertical_edge_fraction,-0.1627757657293759,0.02649594990878467,76
1,1,1,1,test,z0,diagonal_edge_fraction,0.11088298442833147,0.0122950362357336,76
1,1,1,1,test,z0,edge_length_mean,0.1449264125024752,0.021003665040837602,76
1,1,1,1,test,z0,edge_length_std,0.27611024829491393,0.07623686921347902,76
1,1,1,1,test,z0,bbox_x_span,0.29233740449726736,0.08546115806819891,76
1,1,1,1,test,z0,bbox_y_span,0.27294121562764023,0.074496907188294,76
1,1,1,1,test,z0,bbox_aspect_y_over_x,-0.1684348993347982,0.0283703153139236,76
1,1,1,1,test,z0,descriptor_distance_to_train,0.5136404493374988,0.2638265111956276,76
1,1,1,1,test,z0,final_p_ratio_delta_to_train,0.49941679030285874,0.2494171304364096,76
1,1,1,1,test,z1,final_p_ratio,,,0
1,1,1,1,test,z1,stiffness_mean,,,0
1,1,1,1,test,z1,stiffness_std,,,0
1,1,1,1,test,z1,stiffness_min,,,0
1,1,1,1,test,z1,stiffness_max,,,0
1,1,1,1,test,z1,near_zero_stiffness_edge_count,,,0
1,1,1,1,test,z1,near_zero_stiffness_edge_fraction,,,0
1,1,1,1,test,z1,horizontal_stiffness,,,0
1,1,1,1,test,z1,vertical_stiffness,,,0
1,1,1,1,test,z1,diagonal_stiffness,,,0
1,1,1,1,test,z1,vertical_minus_horizontal_stiffness,,,0
1,1,1,1,test,z1,vertical_over_horizontal_stiffness,,,0
1,1,1,1,test,z1,horizontal_edge_fraction,,,0
1,1,1,1,test,z1,vertical_edge_fraction,,,0
1,1,1,1,test,z1,diagonal_edge_fraction,,,0
1,1,1,1,test,z1,edge_length_mean,,,0
1,1,1,1,test,z1,edge_length_std,,,0
1,1,1,1,test,z1,bbox_x_span,,,0
1,1,1,1,test,z1,bbox_y_span,,,0
1,1,1,1,test,z1,bbox_aspect_y_over_x,,,0
1,1,1,1,test,z1,descriptor_distance_to_train,,,0
1,1,1,1,test,z1,final_p_ratio_delta_to_train,,,0
1,1,1,1,test,z2,final_p_ratio,,,0
1,1,1,1,test,z2,stiffness_mean,,,0
1,1,1,1,test,z2,stiffness_std,,,0
1,1,1,1,test,z2,stiffness_min,,,0
1,1,1,1,test,z2,stiffness_max,,,0
1,1,1,1,test,z2,near_zero_stiffness_edge_count,,,0
1,1,1,1,test,z2,near_zero_stiffness_edge_fraction,,,0
1,1,1,1,test,z2,horizontal_stiffness,,,0
1,1,1,1,test,z2,vertical_stiffness,,,0
1,1,1,1,test,z2,diagonal_stiffness,,,0
1,1,1,1,test,z2,vertical_minus_horizontal_stiffness,,,0
1,1,1,1,test,z2,vertical_over_horizontal_stiffness,,,0
1,1,1,1,test,z2,horizontal_edge_fraction,,,0
1,1,1,1,test,z2,vertical_edge_fraction,,,0
1,1,1,1,test,z2,diagonal_edge_fraction,,,0
1,1,1,1,test,z2,edge_length_mean,,,0
1,1,1,1,test,z2,edge_length_std,,,0
1,1,1,1,test,z2,bbox_x_span,,,0
1,1,1,1,test,z2,bbox_y_span,,,0
1,1,1,1,test,z2,bbox_aspect_y_over_x,,,0
1,1,1,1,test,z2,descriptor_distance_to_train,,,0
1,1,1,1,test,z2,final_p_ratio_delta_to_train,,,0
1,1,1,1,test,z3,final_p_ratio,,,0
1,1,1,1,test,z3,stiffness_mean,,,0
1,1,1,1,test,z3,stiffness_std,,,0
1,1,1,1,test,z3,stiffness_min,,,0
1,1,1,1,test,z3,stiffness_max,,,0
1,1,1,1,test,z3,near_zero_stiffness_edge_count,,,0
1,1,1,1,test,z3,near_zero_stiffness_edge_fraction,,,0
1,1,1,1,test,z3,horizontal_stiffness,,,0
1,1,1,1,test,z3,vertical_stiffness,,,0
1,1,1,1,test,z3,diagonal_stiffness,,,0
1,1,1,1,test,z3,vertical_minus_horizontal_stiffness,,,0
1,1,1,1,test,z3,vertical_over_horizontal_stiffness,,,0
1,1,1,1,test,z3,horizontal_edge_fraction,,,0
1,1,1,1,test,z3,vertical_edge_fraction,,,0
1,1,1,1,test,z3,diagonal_edge_fraction,,,0
1,1,1,1,test,z3,edge_length_mean,,,0
1,1,1,1,test,z3,edge_length_std,,,0
1,1,1,1,test,z3,bbox_x_span,,,0
1,1,1,1,test,z3,bbox_y_span,,,0
1,1,1,1,test,z3,bbox_aspect_y_over_x,,,0
1,1,1,1,test,z3,descriptor_distance_to_train,,,0
1,1,1,1,test,z3,final_p_ratio_delta_to_train,,,0
1,1,1,2,test,z0,final_p_ratio,0.7366589353664627,0.5426663870552502,76
1,1,1,2,test,z0,stiffness_mean,-0.8795021514257328,0.7735240343624927,76
1,1,1,2,test,z0,stiffness_std,-0.828542140921549,0.686482079282864,76
1,1,1,2,test,z0,stiffness_min,0.8019889148860542,0.6431862196001107,76
1,1,1,2,test,z0,stiffness_max,-0.8394824848337167,0.7047308423425913,76
1,1,1,2,test,z0,near_zero_stiffness_edge_count,-0.33093704006891744,0.10951932448957627,76
1,1,1,2,test,z0,near_zero_stiffness_edge_fraction,-0.3011059072989849,0.09066476741034489,76
1,1,1,2,test,z0,horizontal_stiffness,-0.8267462112667577,0.6835092978439384,76
1,1,1,2,test,z0,vertical_stiffness,-0.862616904513583,0.744107923952596,76
1,1,1,2,test,z0,diagonal_stiffness,0.37591635836817505,0.14131310848879022,76
1,1,1,2,test,z0,vertical_minus_horizontal_stiffness,-0.157952533391551,0.02494900280480903,76
1,1,1,2,test,z0,vertical_over_horizontal_stiffness,0.09247201164465965,0.008551072937610071,76
1,1,1,2,test,z0,horizontal_edge_fraction,0.1275424473680734,0.016267075880637777,76
1,1,1,2,test,z0,vertical_edge_fraction,-0.05946407730995227,0.0035359764903239803,76
1,1,1,2,test,z0,diagonal_edge_fraction,-0.06216874812939356,0.0038649532439759752,76
1,1,1,2,test,z0,edge_length_mean,-0.08772288161139662,0.007695303958207106,76
1,1,1,2,test,z0,edge_length_std,-0.07867689148319318,0.0061900532534581556,76
1,1,1,2,test,z0,bbox_x_span,-0.060262058079382834,0.00363151564396291,76
1,1,1,2,test,z0,bbox_y_span,-0.07785190277455414,0.006060918765618631,76
1,1,1,2,test,z0,bbox_aspect_y_over_x,-0.1567593009731551,0.024573478441592227,76
1,1,1,2,test,z0,descriptor_distance_to_train,0.5258221230432192,0.27648890508167834,76
1,1,1,2,test,z0,final_p_ratio_delta_to_train,0.7366589353664625,0.54266638705525,76
1,1,1,2,test,z1,final_p_ratio,,,0
1,1,1,2,test,z1,stiffness_mean,,,0
1,1,1,2,test,z1,stiffness_std,,,0
1,1,1,2,test,z1,stiffness_min,,,0
1,1,1,2,test,z1,stiffness_max,,,0
1,1,1,2,test,z1,near_zero_stiffness_edge_count,,,0
1,1,1,2,test,z1,near_zero_stiffness_edge_fraction,,,0
1,1,1,2,test,z1,horizontal_stiffness,,,0
1,1,1,2,test,z1,vertical_stiffness,,,0
1,1,1,2,test,z1,diagonal_stiffness,,,0
1,1,1,2,test,z1,vertical_minus_horizontal_stiffness,,,0
1,1,1,2,test,z1,vertical_over_horizontal_stiffness,,,0
1,1,1,2,test,z1,horizontal_edge_fraction,,,0
1,1,1,2,test,z1,vertical_edge_fraction,,,0
1,1,1,2,test,z1,diagonal_edge_fraction,,,0
1,1,1,2,test,z1,edge_length_mean,,,0
1,1,1,2,test,z1,edge_length_std,,,0
1,1,1,2,test,z1,bbox_x_span,,,0
1,1,1,2,test,z1,bbox_y_span,,,0
1,1,1,2,test,z1,bbox_aspect_y_over_x,,,0
1,1,1,2,test,z1,descriptor_distance_to_train,,,0
1,1,1,2,test,z1,final_p_ratio_delta_to_train,,,0
1,1,1,2,test,z2,final_p_ratio,,,0
1,1,1,2,test,z2,stiffness_mean,,,0
1,1,1,2,test,z2,stiffness_std,,,0
1,1,1,2,test,z2,stiffness_min,,,0
1,1,1,2,test,z2,stiffness_max,,,0
1,1,1,2,test,z2,near_zero_stiffness_edge_count,,,0
1,1,1,2,test,z2,near_zero_stiffness_edge_fraction,,,0
1,1,1,2,test,z2,horizontal_stiffness,,,0
1,1,1,2,test,z2,vertical_stiffness,,,0
1,1,1,2,test,z2,diagonal_stiffness,,,0
1,1,1,2,test,z2,vertical_minus_horizontal_stiffness,,,0
1,1,1,2,test,z2,vertical_over_horizontal_stiffness,,,0
1,1,1,2,test,z2,horizontal_edge_fraction,,,0
1,1,1,2,test,z2,vertical_edge_fraction,,,0
1,1,1,2,test,z2,diagonal_edge_fraction,,,0
1,1,1,2,test,z2,edge_length_mean,,,0
1,1,1,2,test,z2,edge_length_std,,,0
1,1,1,2,test,z2,bbox_x_span,,,0
1,1,1,2,test,z2,bbox_y_span,,,0
1,1,1,2,test,z2,bbox_aspect_y_over_x,,,0
1,1,1,2,test,z2,descriptor_distance_to_train,,,0
1,1,1,2,test,z2,final_p_ratio_delta_to_train,,,0
1,1,1,2,test,z3,final_p_ratio,,,0
1,1,1,2,test,z3,stiffness_mean,,,0
1,1,1,2,test,z3,stiffness_std,,,0
1,1,1,2,test,z3,stiffness_min,,,0
1,1,1,2,test,z3,stiffness_max,,,0
1,1,1,2,test,z3,near_zero_stiffness_edge_count,,,0
1,1,1,2,test,z3,near_zero_stiffness_edge_fraction,,,0
1,1,1,2,test,z3,horizontal_stiffness,,,0
1,1,1,2,test,z3,vertical_stiffness,,,0
1,1,1,2,test,z3,diagonal_stiffness,,,0
1,1,1,2,test,z3,vertical_minus_horizontal_stiffness,,,0
1,1,1,2,test,z3,vertical_over_horizontal_stiffness,,,0
1,1,1,2,test,z3,horizontal_edge_fraction,,,0
1,1,1,2,test,z3,vertical_edge_fraction,,,0
1,1,1,2,test,z3,diagonal_edge_fraction,,,0
1,1,1,2,test,z3,edge_length_mean,,,0
1,1,1,2,test,z3,edge_length_std,,,0
1,1,1,2,test,z3,bbox_x_span,,,0
1,1,1,2,test,z3,bbox_y_span,,,0
1,1,1,2,test,z3,bbox_aspect_y_over_x,,,0
1,1,1,2,test,z3,descriptor_distance_to_train,,,0
1,1,1,2,test,z3,final_p_ratio_delta_to_train,,,0
1,1,1,4,test,z0,final_p_ratio,0.7502521203653415,0.5628782441126908,76
1,1,1,4,test,z0,stiffness_mean,-0.8901400200218481,0.7923492552444962,76
1,1,1,4,test,z0,stiffness_std,-0.8108257191922332,0.6574383469036023,76
1,1,1,4,test,z0,stiffness_min,0.7626248573771238,0.5815966730894785,76
1,1,1,4,test,z0,stiffness_max,-0.8157783254967579,0.6654942763502942,76
1,1,1,4,test,z0,near_zero_stiffness_edge_count,-0.28880815504516527,0.08341015042059222,76
1,1,1,4,test,z0,near_zero_stiffness_edge_fraction,-0.26135415834382214,0.06830599608360766,76
1,1,1,4,test,z0,horizontal_stiffness,-0.8370027025091581,0.7005735240076342,76
1,1,1,4,test,z0,vertical_stiffness,-0.852706739555157,0.7271087836827863,76
1,1,1,4,test,z0,diagonal_stiffness,0.42668280718929,0.18205821795093285,76
1,1,1,4,test,z0,vertical_minus_horizontal_stiffness,-0.18277566590566266,0.03340694404725841,76
1,1,1,4,test,z0,vertical_over_horizontal_stiffness,0.07424884910741987,0.005512891593776405,76
1,1,1,4,test,z0,horizontal_edge_fraction,0.0656913120124706,0.004315348473919764,76
1,1,1,4,test,z0,vertical_edge_fraction,-0.11707008382633813,0.013705404527105836,76
1,1,1,4,test,z0,diagonal_edge_fraction,0.01815745384202215,0.00032969313002516494,76
1,1,1,4,test,z0,edge_length_mean,-0.09509825867842553,0.009043678803668737,76
1,1,1,4,test,z0,edge_length_std,0.05078918185373124,0.002579540993371383,76
1,1,1,4,test,z0,bbox_x_span,0.08584516998244131,0.007369393209314242,76
1,1,1,4,test,z0,bbox_y_span,0.07914035466256751,0.006263195736116971,76
1,1,1,4,test,z0,bbox_aspect_y_over_x,-0.05330390962245206,0.0028413067810385373,76
1,1,1,4,test,z0,descriptor_distance_to_train,0.5539068478652297,0.30681279611199475,76
1,1,1,4,test,z0,final_p_ratio_delta_to_train,0.7502521203653415,0.5628782441126908,76
1,1,1,4,test,z1,final_p_ratio,,,0
1,1,1,4,test,z1,stiffness_mean,,,0
1,1,1,4,test,z1,stiffness_std,,,0
1,1,1,4,test,z1,stiffness_min,,,0
1,1,1,4,test,z1,stiffness_max,,,0
1,1,1,4,test,z1,near_zero_stiffness_edge_count,,,0
1,1,1,4,test,z1,near_zero_stiffness_edge_fraction,,,0
1,1,1,4,test,z1,horizontal_stiffness,,,0
1,1,1,4,test,z1,vertical_stiffness,,,0
1,1,1,4,test,z1,diagonal_stiffness,,,0
1,1,1,4,test,z1,vertical_minus_horizontal_stiffness,,,0
1,1,1,4,test,z1,vertical_over_horizontal_stiffness,,,0
1,1,1,4,test,z1,horizontal_edge_fraction,,,0
1,1,1,4,test,z1,vertical_edge_fraction,,,0
1,1,1,4,test,z1,diagonal_edge_fraction,,,0
1,1,1,4,test,z1,edge_length_mean,,,0
1,1,1,4,test,z1,edge_length_std,,,0
1,1,1,4,test,z1,bbox_x_span,,,0
1,1,1,4,test,z1,bbox_y_span,,,0
1,1,1,4,test,z1,bbox_aspect_y_over_x,,,0
1,1,1,4,test,z1,descriptor_distance_to_train,,,0
1,1,1,4,test,z1,final_p_ratio_delta_to_train,,,0
1,1,1,4,test,z2,final_p_ratio,,,0
1,1,1,4,test,z2,stiffness_mean,,,0
1,1,1,4,test,z2,stiffness_std,,,0
1,1,1,4,test,z2,stiffness_min,,,0
1,1,1,4,test,z2,stiffness_max,,,0
1,1,1,4,test,z2,near_zero_stiffness_edge_count,,,0
1,1,1,4,test,z2,near_zero_stiffness_edge_fraction,,,0
1,1,1,4,test,z2,horizontal_stiffness,,,0
1,1,1,4,test,z2,vertical_stiffness,,,0
1,1,1,4,test,z2,diagonal_stiffness,,,0
1,1,1,4,test,z2,vertical_minus_horizontal_stiffness,,,0
1,1,1,4,test,z2,vertical_over_horizontal_stiffness,,,0
1,1,1,4,test,z2,horizontal_edge_fraction,,,0
1,1,1,4,test,z2,vertical_edge_fraction,,,0
1,1,1,4,test,z2,diagonal_edge_fraction,,,0
1,1,1,4,test,z2,edge_length_mean,,,0
1,1,1,4,test,z2,edge_length_std,,,0
1,1,1,4,test,z2,bbox_x_span,,,0
1,1,1,4,test,z2,bbox_y_span,,,0
1,1,1,4,test,z2,bbox_aspect_y_over_x,,,0
1,1,1,4,test,z2,descriptor_distance_to_train,,,0
1,1,1,4,test,z2,final_p_ratio_delta_to_train,,,0
1,1,1,4,test,z3,final_p_ratio,,,0
1,1,1,4,test,z3,stiffness_mean,,,0
1,1,1,4,test,z3,stiffness_std,,,0
1,1,1,4,test,z3,stiffness_min,,,0
1,1,1,4,test,z3,stiffness_max,,,0
1,1,1,4,test,z3,near_zero_stiffness_edge_count,,,0
1,1,1,4,test,z3,near_zero_stiffness_edge_fraction,,,0
1,1,1,4,test,z3,horizontal_stiffness,,,0
1,1,1,4,test,z3,vertical_stiffness,,,0
1,1,1,4,test,z3,diagonal_stiffness,,,0
1,1,1,4,test,z3,vertical_minus_horizontal_stiffness,,,0
1,1,1,4,test,z3,vertical_over_horizontal_stiffness,,,0
1,1,1,4,test,z3,horizontal_edge_fraction,,,0
1,1,1,4,test,z3,vertical_edge_fraction,,,0
1,1,1,4,test,z3,diagonal_edge_fraction,,,0
1,1,1,4,test,z3,edge_length_mean,,,0
1,1,1,4,test,z3,edge_length_std,,,0
1,1,1,4,test,z3,bbox_x_span,,,0
1,1,1,4,test,z3,bbox_y_span,,,0
1,1,1,4,test,z3,bbox_aspect_y_over_x,,,0
1,1,1,4,test,z3,descriptor_distance_to_train,,,0
1,1,1,4,test,z3,final_p_ratio_delta_to_train,,,0
2,1,1,1,test,z0,final_p_ratio,0.7885518278576764,0.6218139852176825,76
2,1,1,1,test,z0,stiffness_mean,-0.9361479856515222,0.8763730510394027,76
2,1,1,1,test,z0,stiffness_std,-0.8628713953147216,0.7445470448523746,76
2,1,1,1,test,z0,stiffness_min,0.7822549224613333,0.6119227637149867,76
2,1,1,1,test,z0,stiffness_max,-0.8433510946006512,0.7112410687641164,76
2,1,1,1,test,z0,near_zero_stiffness_edge_count,-0.4164938955660125,0.17346716504375254,76
2,1,1,1,test,z0,near_zero_stiffness_edge_fraction,-0.3813845992235019,0.14545421252487115,76
2,1,1,1,test,z0,horizontal_stiffness,-0.8775115759886377,0.7700265659940627,76
2,1,1,1,test,z0,vertical_stiffness,-0.8837328004586567,0.7809836626064999,76
2,1,1,1,test,z0,diagonal_stiffness,0.2557158643571403,0.06539060328391937,76
2,1,1,1,test,z0,vertical_minus_horizontal_stiffness,-0.07728607940989807,0.00597313807055307,76
2,1,1,1,test,z0,vertical_over_horizontal_stiffness,0.18958982830636897,0.03594430299723846,76
2,1,1,1,test,z0,horizontal_edge_fraction,0.09651354511063687,0.009314864389822937,76
2,1,1,1,test,z0,vertical_edge_fraction,0.007589347944443354,5.7598202221826564e-05,76
2,1,1,1,test,z0,diagonal_edge_fraction,-0.08208244967776367,0.006737528545102605,76
2,1,1,1,test,z0,edge_length_mean,0.011372674314236752,0.00012933772105770038,76
2,1,1,1,test,z0,edge_length_std,-0.01646924328176789,0.0002712359742740568,76
2,1,1,1,test,z0,bbox_x_span,-0.02239337413229578,0.0005014632050289738,76
2,1,1,1,test,z0,bbox_y_span,-0.02734754655950002,0.0007478883028240213,76
2,1,1,1,test,z0,bbox_aspect_y_over_x,-0.045217050404503675,0.002044581647283426,76
2,1,1,1,test,z0,descriptor_distance_to_train,0.6089105438841327,0.3707720504532703,76
2,1,1,1,test,z0,final_p_ratio_delta_to_train,0.7885518278576762,0.6218139852176822,76
2,1,1,1,test,z1,final_p_ratio,0.6333551488793641,0.40113874461200144,76
2,1,1,1,test,z1,stiffness_mean,-0.7096771272279148,0.5036416249104659,76
2,1,1,1,test,z1,stiffness_std,-0.6708439235430436,0.4500315697546249,76
2,1,1,1,test,z1,stiffness_min,0.6091375928168465,0.3710486069827023,76
2,1,1,1,test,z1,stiffness_max,-0.6820267885599822,0.46516054031344267,76
2,1,1,1,test,z1,near_zero_stiffness_edge_count,-0.42553663516558593,0.18108142786804898,76
2,1,1,1,test,z1,near_zero_stiffness_edge_fraction,-0.4071903538517167,0.16580398426988627,76
2,1,1,1,test,z1,horizontal_stiffness,-0.6928736915231124,0.4800739524048651,76
2,1,1,1,test,z1,vertical_stiffness,-0.647188057326285,0.4188523815457708,76
2,1,1,1,test,z1,diagonal_stiffness,0.17550342623890725,0.030801452621595556,76
2,1,1,1,test,z1,vertical_minus_horizontal_stiffness,0.034357907377905124,0.0011804657993887073,76
2,1,1,1,test,z1,vertical_over_horizontal_stiffness,0.26282275247008,0.06907579921594896,76
2,1,1,1,test,z1,horizontal_edge_fraction,0.12669154329844867,0.016050747143342696,76
2,1,1,1,test,z1,vertical_edge_fraction,0.01713718992206877,0.0002936832784250554,76
2,1,1,1,test,z1,diagonal_edge_fraction,-0.11254748032598053,0.012666935327726973,76
2,1,1,1,test,z1,edge_length_mean,-0.04646161259780504,0.0021586814451885162,76
2,1,1,1,test,z1,edge_length_std,0.15099111640982338,0.022798317234684836,76
2,1,1,1,test,z1,bbox_x_span,0.19143120025832921,0.03664590443234454,76
2,1,1,1,test,z1,bbox_y_span,0.17993754533008938,0.03237752021941797,76
2,1,1,1,test,z1,bbox_aspect_y_over_x,-0.06962433159208428,0.004847547549644505,76
2,1,1,1,test,z1,descriptor_distance_to_train,0.42428471417463265,0.18001751868224972,76
2,1,1,1,test,z1,final_p_ratio_delta_to_train,0.633355148879364,0.4011387446120013,76
2,1,1,1,test,z2,final_p_ratio,,,0
2,1,1,1,test,z2,stiffness_mean,,,0
2,1,1,1,test,z2,stiffness_std,,,0
2,1,1,1,test,z2,stiffness_min,,,0
2,1,1,1,test,z2,stiffness_max,,,0
2,1,1,1,test,z2,near_zero_stiffness_edge_count,,,0
2,1,1,1,test,z2,near_zero_stiffness_edge_fraction,,,0
2,1,1,1,test,z2,horizontal_stiffness,,,0
2,1,1,1,test,z2,vertical_stiffness,,,0
2,1,1,1,test,z2,diagonal_stiffness,,,0
2,1,1,1,test,z2,vertical_minus_horizontal_stiffness,,,0
2,1,1,1,test,z2,vertical_over_horizontal_stiffness,,,0
2,1,1,1,test,z2,horizontal_edge_fraction,,,0
2,1,1,1,test,z2,vertical_edge_fraction,,,0
2,1,1,1,test,z2,diagonal_edge_fraction,,,0
2,1,1,1,test,z2,edge_length_mean,,,0
2,1,1,1,test,z2,edge_length_std,,,0
2,1,1,1,test,z2,bbox_x_span,,,0
2,1,1,1,test,z2,bbox_y_span,,,0
2,1,1,1,test,z2,bbox_aspect_y_over_x,,,0
2,1,1,1,test,z2,descriptor_distance_to_train,,,0
2,1,1,1,test,z2,final_p_ratio_delta_to_train,,,0
2,1,1,1,test,z3,final_p_ratio,,,0
2,1,1,1,test,z3,stiffness_mean,,,0
2,1,1,1,test,z3,stiffness_std,,,0
2,1,1,1,test,z3,stiffness_min,,,0
2,1,1,1,test,z3,stiffness_max,,,0
2,1,1,1,test,z3,near_zero_stiffness_edge_count,,,0
2,1,1,1,test,z3,near_zero_stiffness_edge_fraction,,,0
2,1,1,1,test,z3,horizontal_stiffness,,,0
2,1,1,1,test,z3,vertical_stiffness,,,0
2,1,1,1,test,z3,diagonal_stiffness,,,0
2,1,1,1,test,z3,vertical_minus_horizontal_stiffness,,,0
2,1,1,1,test,z3,vertical_over_horizontal_stiffness,,,0
2,1,1,1,test,z3,horizontal_edge_fraction,,,0
2,1,1,1,test,z3,vertical_edge_fraction,,,0
2,1,1,1,test,z3,diagonal_edge_fraction,,,0
2,1,1,1,test,z3,edge_length_mean,,,0
2,1,1,1,test,z3,edge_length_std,,,0
2,1,1,1,test,z3,bbox_x_span,,,0
2,1,1,1,test,z3,bbox_y_span,,,0
2,1,1,1,test,z3,bbox_aspect_y_over_x,,,0
2,1,1,1,test,z3,descriptor_distance_to_train,,,0
2,1,1,1,test,z3,final_p_ratio_delta_to_train,,,0
2,1,1,2,test,z0,final_p_ratio,-0.33409218715576466,0.11161758951852248,76
2,1,1,2,test,z0,stiffness_mean,0.4276242216040464,0.18286247490246657,76
2,1,1,2,test,z0,stiffness_std,0.40811185360856506,0.16655528505581885,76
2,1,1,2,test,z0,stiffness_min,-0.3494562337841167,0.12211965933057924,76
2,1,1,2,test,z0,stiffness_max,0.3706092319814256,0.13735120282986213,76
2,1,1,2,test,z0,near_zero_stiffness_edge_count,0.15167096639118144,0.02300408204603489,76
2,1,1,2,test,z0,near_zero_stiffness_edge_fraction,0.12313618814158775,0.015162520830040495,76
2,1,1,2,test,z0,horizontal_stiffness,0.42088945224189994,0.17714793100848658,76
2,1,1,2,test,z0,vertical_stiffness,0.3989195947295256,0.15913684305916895,76
2,1,1,2,test,z0,diagonal_stiffness,-0.18809691443676077,0.035380449220630106,76
2,1,1,2,test,z0,vertical_minus_horizontal_stiffness,0.06499655945493213,0.004224552740978527,76
2,1,1,2,test,z0,vertical_over_horizontal_stiffness,-0.04489138445208872,0.0020152363980252327,76
2,1,1,2,test,z0,horizontal_edge_fraction,-0.12165302033680718,0.01479945735706762,76
2,1,1,2,test,z0,vertical_edge_fraction,0.09827310486578826,0.009657603139962216,76
2,1,1,2,test,z0,diagonal_edge_fraction,0.027850019583872367,0.0007756235908220743,76
2,1,1,2,test,z0,edge_length_mean,-0.13725840772571196,0.018839870491397785,76
2,1,1,2,test,z0,edge_length_std,-0.15403831013377153,0.02372780098886798,76
2,1,1,2,test,z0,bbox_x_span,-0.14425385080761896,0.02080917347282679,76
2,1,1,2,test,z0,bbox_y_span,-0.14713304004251002,0.021648131472150854,76
2,1,1,2,test,z0,bbox_aspect_y_over_x,-0.0541668191344984,0.0029340442951494624,76
2,1,1,2,test,z0,descriptor_distance_to_train,-0.288568646801997,0.0832718639171357,76
2,1,1,2,test,z0,final_p_ratio_delta_to_train,-0.33409218715576466,0.11161758951852248,76
2,1,1,2,test,z1,final_p_ratio,0.16792306660639175,0.028198156298494682,76
2,1,1,2,test,z1,stiffness_mean,-0.1459928111941488,0.02131390092037038,76
2,1,1,2,test,z1,stiffness_std,-0.13792347209205372,0.01902288415392752,76
2,1,1,2,test,z1,stiffness_min,0.16403053378923854,0.026906016015182527,76
2,1,1,2,test,z1,stiffness_max,-0.16244003861279785,0.026386766144527257,76
2,1,1,2,test,z1,near_zero_stiffness_edge_count,-0.11091079276422727,0.012301203951589368,76
2,1,1,2,test,z1,near_zero_stiffness_edge_fraction,-0.12220959348454687,0.0149351847396582,76
2,1,1,2,test,z1,horizontal_stiffness,-0.1221285506901914,0.014915382893686652,76
2,1,1,2,test,z1,vertical_stiffness,-0.15207940603076983,0.02312814573867175,76
2,1,1,2,test,z1,diagonal_stiffness,0.0409121291390051,0.00167380231068663,76
2,1,1,2,test,z1,vertical_minus_horizontal_stiffness,-0.09126020775885611,0.008328425520189581,76
2,1,1,2,test,z1,vertical_over_horizontal_stiffness,-0.024520454491556962,0.000601252688472516,76
2,1,1,2,test,z1,horizontal_edge_fraction,-0.10346430834533517,0.010704863101378593,76
2,1,1,2,test,z1,vertical_edge_fraction,0.06020513338999921,0.0036246580865075973,76
2,1,1,2,test,z1,diagonal_edge_fraction,0.04047328731325971,0.0016380869859416696,76
2,1,1,2,test,z1,edge_length_mean,-0.10865781569858336,0.011806520912387309,76
2,1,1,2,test,z1,edge_length_std,-0.0997999713921339,0.009960034289870743,76
2,1,1,2,test,z1,bbox_x_span,-0.08834818240075866,0.007805401333517722,76
2,1,1,2,test,z1,bbox_y_span,-0.09996749500115025,0.009993500056805,76
2,1,1,2,test,z1,bbox_aspect_y_over_x,-0.12875999518906317,0.01657913636108757,76
2,1,1,2,test,z1,descriptor_distance_to_train,0.028190077526443744,0.0007946804709469086,76
2,1,1,2,test,z1,final_p_ratio_delta_to_train,0.1679230666063918,0.0281981562984947,76
2,1,1,2,test,z2,final_p_ratio,,,0
2,1,1,2,test,z2,stiffness_mean,,,0
2,1,1,2,test,z2,stiffness_std,,,0
2,1,1,2,test,z2,stiffness_min,,,0
2,1,1,2,test,z2,stiffness_max,,,0
2,1,1,2,test,z2,near_zero_stiffness_edge_count,,,0
2,1,1,2,test,z2,near_zero_stiffness_edge_fraction,,,0
2,1,1,2,test,z2,horizontal_stiffness,,,0
2,1,1,2,test,z2,vertical_stiffness,,,0
2,1,1,2,test,z2,diagonal_stiffness,,,0
2,1,1,2,test,z2,vertical_minus_horizontal_stiffness,,,0
2,1,1,2,test,z2,vertical_over_horizontal_stiffness,,,0
2,1,1,2,test,z2,horizontal_edge_fraction,,,0
2,1,1,2,test,z2,vertical_edge_fraction,,,0
2,1,1,2,test,z2,diagonal_edge_fraction,,,0
2,1,1,2,test,z2,edge_length_mean,,,0
2,1,1,2,test,z2,edge_length_std,,,0
2,1,1,2,test,z2,bbox_x_span,,,0
2,1,1,2,test,z2,bbox_y_span,,,0
2,1,1,2,test,z2,bbox_aspect_y_over_x,,,0
2,1,1,2,test,z2,descriptor_distance_to_train,,,0
2,1,1,2,test,z2,final_p_ratio_delta_to_train,,,0
2,1,1,2,test,z3,final_p_ratio,,,0
2,1,1,2,test,z3,stiffness_mean,,,0
2,1,1,2,test,z3,stiffness_std,,,0
2,1,1,2,test,z3,stiffness_min,,,0
2,1,1,2,test,z3,stiffness_max,,,0
2,1,1,2,test,z3,near_zero_stiffness_edge_count,,,0
2,1,1,2,test,z3,near_zero_stiffness_edge_fraction,,,0
2,1,1,2,test,z3,horizontal_stiffness,,,0
2,1,1,2,test,z3,vertical_stiffness,,,0
2,1,1,2,test,z3,diagonal_stiffness,,,0
2,1,1,2,test,z3,vertical_minus_horizontal_stiffness,,,0
2,1,1,2,test,z3,vertical_over_horizontal_stiffness,,,0
2,1,1,2,test,z3,horizontal_edge_fraction,,,0
2,1,1,2,test,z3,vertical_edge_fraction,,,0
2,1,1,2,test,z3,diagonal_edge_fraction,,,0
2,1,1,2,test,z3,edge_length_mean,,,0
2,1,1,2,test,z3,edge_length_std,,,0
2,1,1,2,test,z3,bbox_x_span,,,0
2,1,1,2,test,z3,bbox_y_span,,,0
2,1,1,2,test,z3,bbox_aspect_y_over_x,,,0
2,1,1,2,test,z3,descriptor_distance_to_train,,,0
2,1,1,2,test,z3,final_p_ratio_delta_to_train,,,0
2,1,1,4,test,z0,final_p_ratio,-0.13163042459649127,0.017326568679452575,76
2,1,1,4,test,z0,stiffness_mean,0.11340013635476875,0.012859590925280147,76
2,1,1,4,test,z0,stiffness_std,0.10138548413140742,0.010279016392559867,76
2,1,1,4,test,z0,stiffness_min,-0.1278718301984714,0.016351204958306702,76
2,1,1,4,test,z0,stiffness_max,0.14659838790182214,0.021491087335413113,76
2,1,1,4,test,z0,near_zero_stiffness_edge_count,-0.10045757610478004,0.010091724596847674,76
2,1,1,4,test,z0,near_zero_stiffness_edge_fraction,-0.10485350365073791,0.010994257227835308,76
2,1,1,4,test,z0,horizontal_stiffness,0.14554788303794886,0.02118418625682844,76
2,1,1,4,test,z0,vertical_stiffness,0.10356749318201737,0.010726225644007215,76
2,1,1,4,test,z0,diagonal_stiffness,-0.1571570983789525,0.024698353570891757,76
2,1,1,4,test,z0,vertical_minus_horizontal_stiffness,-0.049910267048608944,0.00249103475686346,76
2,1,1,4,test,z0,vertical_over_horizontal_stiffness,-0.08711745166685006,0.007589450384925956,76
2,1,1,4,test,z0,horizontal_edge_fraction,0.08840888538296256,0.00781613101465781,76
2,1,1,4,test,z0,vertical_edge_fraction,0.19104281226052178,0.03649735611640897,76
2,1,1,4,test,z0,diagonal_edge_fraction,-0.21057314168143024,0.044341047997587694,76
2,1,1,4,test,z0,edge_length_mean,0.08246307136969999,0.0068001581397242345,76
2,1,1,4,test,z0,edge_length_std,-0.0017468957885794407,3.0516448961565863e-06,76
2,1,1,4,test,z0,bbox_x_span,-0.03296129406177911,0.001086446906227075,76
2,1,1,4,test,z0,bbox_y_span,-0.035233672553418395,0.0012414116816015087,76
2,1,1,4,test,z0,bbox_aspect_y_over_x,-0.02876012412689082,0.0008271447397941674,76
2,1,1,4,test,z0,descriptor_distance_to_train,-0.0030002846905421605,9.001708224301667e-06,76
2,1,1,4,test,z0,final_p_ratio_delta_to_train,-0.13163042459649132,0.01732656867945259,76
2,1,1,4,test,z1,final_p_ratio,0.509790196536403,0.2598860444846244,76
2,1,1,4,test,z1,stiffness_mean,-0.5406576290299957,0.2923106718283365,76
2,1,1,4,test,z1,stiffness_std,-0.5153054300073775,0.2655396861950882,76
2,1,1,4,test,z1,stiffness_min,0.512312374929634,0.2624639695060419,76
2,1,1,4,test,z1,stiffness_max,-0.5375047713208049,0.28891137919263077,76
2,1,1,4,test,z1,near_zero_stiffness_edge_count,-0.09639115989003717,0.00929125570494671,76
2,1,1,4,test,z1,near_zero_stiffness_edge_fraction,-0.08206633312604353,0.006734883032754749,76
2,1,1,4,test,z1,horizontal_stiffness,-0.5450011285554328,0.2970262301266954,76
2,1,1,4,test,z1,vertical_stiffness,-0.5147647174779865,0.2649827143601912,76
2,1,1,4,test,z1,diagonal_stiffness,0.36940784831924434,0.13646215839985382,76
2,1,1,4,test,z1,vertical_minus_horizontal_stiffness,-0.05662370049822618,0.00320624345811282,76
2,1,1,4,test,z1,vertical_over_horizontal_stiffness,0.10067056339220455,0.010134562333703875,76
2,1,1,4,test,z1,horizontal_edge_fraction,-0.06444973469646943,0.004153768302445296,76
2,1,1,4,test,z1,vertical_edge_fraction,-0.213045786362858,0.04538850708696854,76
2,1,1,4,test,z1,diagonal_edge_fraction,0.20327425517468922,0.041320422816824666,76
2,1,1,4,test,z1,edge_length_mean,-0.03473493123874348,0.0012065154481602377,76
2,1,1,4,test,z1,edge_length_std,0.06939991967871252,0.004816348851411749,76
2,1,1,4,test,z1,bbox_x_span,0.09910410657048498,0.009821623939134043,76
2,1,1,4,test,z1,bbox_y_span,0.09395725261359027,0.008827965318694016,76
2,1,1,4,test,z1,bbox_aspect_y_over_x,-0.040379211217331595,0.0016304806985338778,76
2,1,1,4,test,z1,descriptor_distance_to_train,0.05079295088761937,0.002579923859872113,76
2,1,1,4,test,z1,final_p_ratio_delta_to_train,0.509790196536403,0.2598860444846244,76
2,1,1,4,test,z2,final_p_ratio,,,0
2,1,1,4,test,z2,stiffness_mean,,,0
2,1,1,4,test,z2,stiffness_std,,,0
2,1,1,4,test,z2,stiffness_min,,,0
2,1,1,4,test,z2,stiffness_max,,,0
2,1,1,4,test,z2,near_zero_stiffness_edge_count,,,0
2,1,1,4,test,z2,near_zero_stiffness_edge_fraction,,,0
2,1,1,4,test,z2,horizontal_stiffness,,,0
2,1,1,4,test,z2,vertical_stiffness,,,0
2,1,1,4,test,z2,diagonal_stiffness,,,0
2,1,1,4,test,z2,vertical_minus_horizontal_stiffness,,,0
2,1,1,4,test,z2,vertical_over_horizontal_stiffness,,,0
2,1,1,4,test,z2,horizontal_edge_fraction,,,0
2,1,1,4,test,z2,vertical_edge_fraction,,,0
2,1,1,4,test,z2,diagonal_edge_fraction,,,0
2,1,1,4,test,z2,edge_length_mean,,,0
2,1,1,4,test,z2,edge_length_std,,,0
2,1,1,4,test,z2,bbox_x_span,,,0
2,1,1,4,test,z2,bbox_y_span,,,0
2,1,1,4,test,z2,bbox_aspect_y_over_x,,,0
2,1,1,4,test,z2,descriptor_distance_to_train,,,0
2,1,1,4,test,z2,final_p_ratio_delta_to_train,,,0
2,1,1,4,test,z3,final_p_ratio,,,0
2,1,1,4,test,z3,stiffness_mean,,,0
2,1,1,4,test,z3,stiffness_std,,,0
2,1,1,4,test,z3,stiffness_min,,,0
2,1,1,4,test,z3,stiffness_max,,,0
2,1,1,4,test,z3,near_zero_stiffness_edge_count,,,0
2,1,1,4,test,z3,near_zero_stiffness_edge_fraction,,,0
2,1,1,4,test,z3,horizontal_stiffness,,,0
2,1,1,4,test,z3,vertical_stiffness,,,0
2,1,1,4,test,z3,diagonal_stiffness,,,0
2,1,1,4,test,z3,vertical_minus_horizontal_stiffness,,,0
2,1,1,4,test,z3,vertical_over_horizontal_stiffness,,,0
2,1,1,4,test,z3,horizontal_edge_fraction,,,0
2,1,1,4,test,z3,vertical_edge_fraction,,,0
2,1,1,4,test,z3,diagonal_edge_fraction,,,0
2,1,1,4,test,z3,edge_length_mean,,,0
2,1,1,4,test,z3,edge_length_std,,,0
2,1,1,4,test,z3,bbox_x_span,,,0
2,1,1,4,test,z3,bbox_y_span,,,0
2,1,1,4,test,z3,bbox_aspect_y_over_x,,,0
2,1,1,4,test,z3,descriptor_distance_to_train,,,0
2,1,1,4,test,z3,final_p_ratio_delta_to_train,,,0
4,1,1,1,test,z0,final_p_ratio,-0.8493339710100007,0.7213681943116168,76
4,1,1,1,test,z0,stiffness_mean,0.9500057877917266,0.9025109968377791,76
4,1,1,1,test,z0,stiffness_std,0.9047765981809479,0.8186206926158884,76
4,1,1,1,test,z0,stiffness_min,-0.8046460352453688,0.6474552420360913,76
4,1,1,1,test,z0,stiffness_max,0.8547699090445233,0.7306315974079827,76
4,1,1,1,test,z0,near_zero_stiffness_edge_count,0.4488052840643857,0.20142618300411394,76
4,1,1,1,test,z0,near_zero_stiffness_edge_fraction,0.4341298956917439,0.1884687663333244,76
4,1,1,1,test,z0,horizontal_stiffness,0.9162890196994053,0.8395855676216972,76
4,1,1,1,test,z0,vertical_stiffness,0.8860693823672321,0.7851189503686482,76
4,1,1,1,test,z0,diagonal_stiffness,-0.24557379908877086,0.060306490798892,76
4,1,1,1,test,z0,vertical_minus_horizontal_stiffness,-0.010397261118822785,0.00010810303877298403,76
4,1,1,1,test,z0,vertical_over_horizontal_stiffness,-0.32555915618203435,0.10598876417395824,76
4,1,1,1,test,z0,horizontal_edge_fraction,-0.029002787024336125,0.0008411616551789999,76
4,1,1,1,test,z0,vertical_edge_fraction,-0.037699916844230325,0.0014212837300618814,76
4,1,1,1,test,z0,diagonal_edge_fraction,0.0531606802320048,0.0028260579227294656,76
4,1,1,1,test,z0,edge_length_mean,0.011193938694686597,0.00012530426350040188,76
4,1,1,1,test,z0,edge_length_std,-0.2646362507456842,0.07003234520873264,76
4,1,1,1,test,z0,bbox_x_span,-0.31743266512493457,0.10076349688831884,76
4,1,1,1,test,z0,bbox_y_span,-0.2976217737772752,0.08857872022633159,76
4,1,1,1,test,z0,bbox_aspect_y_over_x,0.1928476625226393,0.03719022094044578,76
4,1,1,1,test,z0,descriptor_distance_to_train,0.17829064398528544,0.031787553732687795,76
4,1,1,1,test,z0,final_p_ratio_delta_to_train,-0.8493339710100009,0.7213681943116169,76
4,1,1,1,test,z1,final_p_ratio,0.8568005962526296,0.7341072617388616,76
4,1,1,1,test,z1,stiffness_mean,-0.9612050706342885,0.9239151878130676,76
4,1,1,1,test,z1,stiffness_std,-0.9165236969112577,0.8400156869998789,76
4,1,1,1,test,z1,stiffness_min,0.8146241074206148,0.6636124363908332,76
4,1,1,1,test,z1,stiffness_max,-0.8685032434489098,0.7542978838812764,76
4,1,1,1,test,z1,near_zero_stiffness_edge_count,-0.468449773999337,0.21944519076002994,76
4,1,1,1,test,z1,near_zero_stiffness_edge_fraction,-0.45361843212473146,0.20576968196329962,76
4,1,1,1,test,z1,horizontal_stiffness,-0.9237160595653383,0.8532513586989157,76
4,1,1,1,test,z1,vertical_stiffness,-0.8960716079148618,0.8029443265111259,76
4,1,1,1,test,z1,diagonal_stiffness,0.24087895329211714,0.058022670139105954,76
4,1,1,1,test,z1,vertical_minus_horizontal_stiffness,0.004669317982289641,2.1802530419733406e-05,76
4,1,1,1,test,z1,vertical_over_horizontal_stiffness,0.3224101565040208,0.10394830901694717,76
4,1,1,1,test,z1,horizontal_edge_fraction,0.016629096124602605,0.0002765268379212734,76
4,1,1,1,test,z1,vertical_edge_fraction,0.04430105002688499,0.0019625830334845666,76
4,1,1,1,test,z1,diagonal_edge_fraction,-0.04636087646749797,0.002149330866834607,76
4,1,1,1,test,z1,edge_length_mean,0.01481781691666827,0.00021956769817590036,76
4,1,1,1,test,z1,edge_length_std,0.2889313583486765,0.08348132983721132,76
4,1,1,1,test,z1,bbox_x_span,0.3376469934798504,0.11400549220598213,76
4,1,1,1,test,z1,bbox_y_span,0.31873165843852813,0.10158987009097456,76
4,1,1,1,test,z1,bbox_aspect_y_over_x,-0.1833606899794928,0.03362114262975568,76
4,1,1,1,test,z1,descriptor_distance_to_train,-0.19786433548824603,0.039150295258205174,76
4,1,1,1,test,z1,final_p_ratio_delta_to_train,0.8568005962526297,0.7341072617388618,76
4,1,1,1,test,z2,final_p_ratio,0.649198611660094,0.4214588373813935,76
4,1,1,1,test,z2,stiffness_mean,-0.7318667247388921,0.5356289027800333,76
4,1,1,1,test,z2,stiffness_std,-0.687603772777605,0.47279894833799624,76
4,1,1,1,test,z2,stiffness_min,0.5881438744144895,0.34591321701128674,76
4,1,1,1,test,z2,stiffness_max,-0.6552719464936069,0.4293813238615204,76
4,1,1,1,test,z2,near_zero_stiffness_edge_count,-0.3565420649345111,0.12712224406776515,76
4,1,1,1,test,z2,near_zero_stiffness_edge_fraction,-0.3584467945574131,0.1284841045284843,76
4,1,1,1,test,z2,horizontal_stiffness,-0.7085664406569508,0.5020664008252602,76
4,1,1,1,test,z2,vertical_stiffness,-0.6509204783723817,0.42369746916453016,76
4,1,1,1,test,z2,diagonal_stiffness,0.13145344265909545,0.017280007586928096,76
4,1,1,1,test,z2,vertical_minus_horizontal_stiffness,0.07868441868391576,0.006191237743625752,76
4,1,1,1,test,z2,vertical_over_horizontal_stiffness,0.3133781426285068,0.09820586027729274,76
4,1,1,1,test,z2,horizontal_edge_fraction,-0.052131260672729995,0.002717668339328125,76
4,1,1,1,test,z2,vertical_edge_fraction,0.018504866194990317,0.0003424300728944954,76
4,1,1,1,test,z2,diagonal_edge_fraction,0.03516273554006662,0.001236417970660664,76
4,1,1,1,test,z2,edge_length_mean,0.09305094248933063,0.008658477898152717,76
4,1,1,1,test,z2,edge_length_std,0.5113452067345525,0.26147392045040224,76
4,1,1,1,test,z2,bbox_x_span,0.57081594612049,0.3258308443454302,76
4,1,1,1,test,z2,bbox_y_span,0.557502045256329,0.31080853046498985,76
4,1,1,1,test,z2,bbox_aspect_y_over_x,-0.12368217215028932,0.015297279707813803,76
4,1,1,1,test,z2,descriptor_distance_to_train,-0.37170303211266104,0.13816314408174593,76
4,1,1,1,test,z2,final_p_ratio_delta_to_train,0.649198611660094,0.4214588373813935,76
4,1,1,1,test,z3,final_p_ratio,-0.8497116059848181,0.7220098133452988,76
4,1,1,1,test,z3,stiffness_mean,0.9631642549872697,0.9276853820851821,76
4,1,1,1,test,z3,stiffness_std,0.915057701939478,0.8373305978787585,76
4,1,1,1,test,z3,stiffness_min,-0.8264748338921644,0.6830606510570807,76
4,1,1,1,test,z3,stiffness_max,0.8665785331627786,0.7509583541385529,76
4,1,1,1,test,z3,near_zero_stiffness_edge_count,0.4490425867662984,0.2016392447297686,76
4,1,1,1,test,z3,near_zero_stiffness_edge_fraction,0.4199963114773167,0.1763969016545512,76
4,1,1,1,test,z3,horizontal_stiffness,0.9303497547688144,0.8655506661983932,76
4,1,1,1,test,z3,vertical_stiffness,0.9112284990944637,0.830337377561949,76
4,1,1,1,test,z3,diagonal_stiffness,-0.27709160842158637,0.07677975945766176,76
4,1,1,1,test,z3,vertical_minus_horizontal_stiffness,0.013272393039912468,0.00017615641700591692,76
4,1,1,1,test,z3,vertical_over_horizontal_stiffness,-0.3119394270806362,0.09730620616739556,76
4,1,1,1,test,z3,horizontal_edge_fraction,-0.08111147105085875,0.006579070736034297,76
4,1,1,1,test,z3,vertical_edge_fraction,-0.03780878127006127,0.001429503941127336,76
4,1,1,1,test,z3,diagonal_edge_fraction,0.10133285961859784,0.010268348438482457,76
4,1,1,1,test,z3,edge_length_mean,0.1028011470277037,0.010568075830211552,76
4,1,1,1,test,z3,edge_length_std,-0.05120902124606278,0.0026223638569797094,76
4,1,1,1,test,z3,bbox_x_span,-0.09835538811293082,0.009673782370845253,76
4,1,1,1,test,z3,bbox_y_span,-0.0783893262126586,0.006144886464074604,76
4,1,1,1,test,z3,bbox_aspect_y_over_x,0.19557262421751875,0.038248651343326806,76
4,1,1,1,test,z3,descriptor_distance_to_train,0.026632232366797737,0.000709275800839109,76
4,1,1,1,test,z3,final_p_ratio_delta_to_train,-0.849711605984818,0.7220098133452986,76
4,1,1,2,test,z0,final_p_ratio,-0.7482891894129492,0.5599367109922886,76
4,1,1,2,test,z0,stiffness_mean,0.8583021024465468,0.7366824990641625,76
4,1,1,2,test,z0,stiffness_std,0.7945170327100004,0.6312573152663038,76
4,1,1,2,test,z0,stiffness_min,-0.725055084978982,0.5257048762538787,76
4,1,1,2,test,z0,stiffness_max,0.8057212034165817,0.6491866576350647,76
4,1,1,2,test,z0,near_zero_stiffness_edge_count,0.3439231682092351,0.11828314563107781,76
4,1,1,2,test,z0,near_zero_stiffness_edge_fraction,0.31857305471093456,0.1014887911878561,76
4,1,1,2,test,z0,horizontal_stiffness,0.8144497802177227,0.6633284444966969,76
4,1,1,2,test,z0,vertical_stiffness,0.8166701430054872,0.666950122476603,76
4,1,1,2,test,z0,diagonal_stiffness,-0.2441702896306385,0.05961913033830989,76
4,1,1,2,test,z0,vertical_minus_horizontal_stiffness,-0.03467813954174687,0.001202573362076868,76
4,1,1,2,test,z0,vertical_over_horizontal_stiffness,-0.3217809580791284,0.10354298498232177,76
4,1,1,2,test,z0,horizontal_edge_fraction,-0.029921518101208775,0.0008952972454809644,76
4,1,1,2,test,z0,vertical_edge_fraction,0.08060693047637368,0.00649747724082294,76
4,1,1,2,test,z0,diagonal_edge_fraction,-0.031015329590422556,0.000961950669602541,76
4,1,1,2,test,z0,edge_length_mean,-0.05919866228350995,0.0035044816161570636,76
4,1,1,2,test,z0,edge_length_std,-0.11480296170011299,0.013179720015117611,76
4,1,1,2,test,z0,bbox_x_span,-0.12429601052893896,0.015449498233410104,76
4,1,1,2,test,z0,bbox_y_span,-0.10462115012675297,0.010945585053844582,76
4,1,1,2,test,z0,bbox_aspect_y_over_x,0.1814795834475611,0.032934839208300294,76
4,1,1,2,test,z0,descriptor_distance_to_train,-0.5511185092264588,0.3037316112119943,76
4,1,1,2,test,z0,final_p_ratio_delta_to_train,-0.7482891894129492,0.5599367109922886,76
4,1,1,2,test,z1,final_p_ratio,0.7421232085741553,0.5507468567043992,76
4,1,1,2,test,z1,stiffness_mean,-0.8496979110640038,0.7219865400665317,76
4,1,1,2,test,z1,stiffness_std,-0.7880204507735967,0.6209762308374226,76
4,1,1,2,test,z1,stiffness_min,0.7203846413657368,0.5189540315156412,76
4,1,1,2,test,z1,stiffness_max,-0.8000757676009058,0.6401212339021787,76
4,1,1,2,test,z1,near_zero_stiffness_edge_count,-0.3344313060123565,0.11184429844113043,76
4,1,1,2,test,z1,near_zero_stiffness_edge_fraction,-0.30799671126706185,0.09486197415132587,76
4,1,1,2,test,z1,horizontal_stiffness,-0.8066538307319736,0.6506904026345676,76
4,1,1,2,test,z1,vertical_stiffness,-0.8111806114659922,0.658013984418341,76
4,1,1,2,test,z1,diagonal_stiffness,0.24718325722446274,0.061099562652094916,76
4,1,1,2,test,z1,vertical_minus_horizontal_stiffness,0.02965313189999585,0.0008793082314785516,76
4,1,1,2,test,z1,vertical_over_horizontal_stiffness,0.3145202661304199,0.09892299780675015,76
4,1,1,2,test,z1,horizontal_edge_fraction,0.03463456338478724,0.0011995529808548448,76
4,1,1,2,test,z1,vertical_edge_fraction,-0.07659368581383542,0.0058665927065485336,76
4,1,1,2,test,z1,diagonal_edge_fraction,0.024280142437382038,0.0005895253167795602,76
4,1,1,2,test,z1,edge_length_mean,0.04706813028253099,0.0022154088882933107,76
4,1,1,2,test,z1,edge_length_std,0.09747545689050004,0.00950146469601173,76
4,1,1,2,test,z1,bbox_x_span,0.1075738818917334,0.011572140065256609,76
4,1,1,2,test,z1,bbox_y_span,0.08797840109066994,0.007740199058470794,76
4,1,1,2,test,z1,bbox_aspect_y_over_x,-0.1837321106150716,0.03375748847106891,76
4,1,1,2,test,z1,descriptor_distance_to_train,0.536314335701023,0.28763306667842964,76
4,1,1,2,test,z1,final_p_ratio_delta_to_train,0.7421232085741554,0.5507468567043993,76
4,1,1,2,test,z2,final_p_ratio,-0.7218834626979859,0.5211157337168344,76
4,1,1,2,test,z2,stiffness_mean,0.8257700610064939,0.6818961936546686,76
4,1,1,2,test,z2,stiffness_std,0.7656089706750134,0.5861570959780535,76
4,1,1,2,test,z2,stiffness_min,-0.7006275892563325,0.4908790188271402,76
4,1,1,2,test,z2,stiffness_max,0.7812231030076789,0.6103095366729465,76
4,1,1,2,test,z2,near_zero_stiffness_edge_count,0.3156711405267797,0.0996482689614779,76
4,1,1,2,test,z2,near_zero_stiffness_edge_fraction,0.2881198998042641,0.08301307666321919,76
4,1,1,2,test,z2,horizontal_stiffness,0.7838565335686236,0.6144310652182188,76
4,1,1,2,test,z2,vertical_stiffness,0.7893516408128933,0.6230760128540069,76
4,1,1,2,test,z2,diagonal_stiffness,-0.24208868351602472,0.05860693068652198,76
4,1,1,2,test,z2,vertical_minus_horizontal_stiffness,-0.026604800334878248,0.0007078154008587378,76
4,1,1,2,test,z2,vertical_over_horizontal_stiffness,-0.30414013736917694,0.09250122315894183,76
4,1,1,2,test,z2,horizontal_edge_fraction,-0.029056691333826486,0.0008442913112692672,76
4,1,1,2,test,z2,vertical_edge_fraction,0.0719996381203367,0.005183947889459442,76
4,1,1,2,test,z2,diagonal_edge_fraction,-0.02575335303226422,0.0006632351924044326,76
4,1,1,2,test,z2,edge_length_mean,-0.035633965961484146,0.0012697795301442108,76
4,1,1,2,test,z2,edge_length_std,-0.07882325484822729,0.006213105504868587,76
4,1,1,2,test,z2,bbox_x_span,-0.08940201513843161,0.007992720310812355,76
4,1,1,2,test,z2,bbox_y_span,-0.06952974327635073,0.0048343852000752386,76
4,1,1,2,test,z2,bbox_aspect_y_over_x,0.1902678383902502,0.036201850325698365,76
4,1,1,2,test,z2,descriptor_distance_to_train,-0.5110667580004065,0.26118923113304604,76
4,1,1,2,test,z2,final_p_ratio_delta_to_train,-0.7218834626979856,0.5211157337168341,76
4,1,1,2,test,z3,final_p_ratio,-0.7506428059700493,0.563464622154589,76
4,1,1,2,test,z3,stiffness_mean,0.8587673699825286,0.7374813957467091,76
4,1,1,2,test,z3,stiffness_std,0.7965566381519676,0.6345024777839647,76
4,1,1,2,test,z3,stiffness_min,-0.7263407873937641,0.5275709394317931,76
4,1,1,2,test,z3,stiffness_max,0.8062051842646053,0.6499667991351262,76
4,1,1,2,test,z3,near_zero_stiffness_edge_count,0.3421413192412181,0.11706068233212112,76
4,1,1,2,test,z3,near_zero_stiffness_edge_fraction,0.317399791047835,0.10074262735720932,76
4,1,1,2,test,z3,horizontal_stiffness,0.8151901988438814,0.664535060291127,76
4,1,1,2,test,z3,vertical_stiffness,0.817590684332802,0.6684545271077795,76
4,1,1,2,test,z3,diagonal_stiffness,-0.24726383723934775,0.06113940520632666,76
4,1,1,2,test,z3,vertical_minus_horizontal_stiffness,-0.03435057070318036,0.0011799617076341928,76
4,1,1,2,test,z3,vertical_over_horizontal_stiffness,-0.32161884595043394,0.10343868207048895,76
4,1,1,2,test,z3,horizontal_edge_fraction,-0.02272095567560802,0.0005162418268129442,76
4,1,1,2,test,z3,vertical_edge_fraction,0.08143350912164751,0.006631416407865448,76
4,1,1,2,test,z3,diagonal_edge_fraction,-0.037616188991127654,0.0014149776742162334,76
4,1,1,2,test,z3,edge_length_mean,-0.060696790418371734,0.0036841003670917425,76
4,1,1,2,test,z3,edge_length_std,-0.12085220710139469,0.014605255961278393,76
4,1,1,2,test,z3,bbox_x_span,-0.13090713633066114,0.017136678342294303,76
4,1,1,2,test,z3,bbox_y_span,-0.11071776013001673,0.012258422408207922,76
4,1,1,2,test,z3,bbox_aspect_y_over_x,0.18592166245278674,0.03456686456920797,76
4,1,1,2,test,z3,descriptor_distance_to_train,-0.5549556540779996,0.3079757779931404,76
4,1,1,2,test,z3,final_p_ratio_delta_to_train,-0.7506428059700494,0.5634646221545893,76
4,1,1,4,test,z0,final_p_ratio,0.8039293067709162,0.6463023302851659,76
4,1,1,4,test,z0,stiffness_mean,-0.9273059409062075,0.8598963080399469,76
4,1,1,4,test,z0,stiffness_std,-0.8717699074372687,0.7599827715131839,76
4,1,1,4,test,z0,stiffness_min,0.8076403652604868,0.6522829595980925,76
4,1,1,4,test,z0,stiffness_max,-0.8484878972886218,0.7199317118452668,76
4,1,1,4,test,z0,near_zero_stiffness_edge_count,-0.3952846375323481,0.15624994466907982,76
4,1,1,4,test,z0,near_zero_stiffness_edge_fraction,-0.36684531352427163,0.13457548405472114,76
4,1,1,4,test,z0,horizontal_stiffness,-0.8742565341330337,0.7643244874743044,76
4,1,1,4,test,z0,vertical_stiffness,-0.8862749049530152,0.7854832071494762,76
4,1,1,4,test,z0,diagonal_stiffness,0.3294968558849991,0.10856817803809987,76
4,1,1,4,test,z0,vertical_minus_horizontal_stiffness,-0.1673437592745993,0.028003933768155038,76
4,1,1,4,test,z0,vertical_over_horizontal_stiffness,0.1276644987732102,0.01629822424701499,76
4,1,1,4,test,z0,horizontal_edge_fraction,0.05345351629178692,0.0028572784039563297,76
4,1,1,4,test,z0,vertical_edge_fraction,0.006099041948787301,3.71983126930672e-05,76
4,1,1,4,test,z0,diagonal_edge_fraction,-0.046891452398099887,0.0021988083080032674,76
4,1,1,4,test,z0,edge_length_mean,0.04337808427563076,0.0018816581954237245,76
4,1,1,4,test,z0,edge_length_std,0.039243363699208896,0.0015400415944283865,76
4,1,1,4,test,z0,bbox_x_span,0.02982010068855122,0.0008892384050753331,76
4,1,1,4,test,z0,bbox_y_span,0.020737889379898063,0.00043006005593288887,76
4,1,1,4,test,z0,bbox_aspect_y_over_x,-0.08111919594076802,0.006580323950076715,76
4,1,1,4,test,z0,descriptor_distance_to_train,-0.6636044354221529,0.44037084671195426,76
4,1,1,4,test,z0,final_p_ratio_delta_to_train,0.8039293067709159,0.6463023302851654,76
4,1,1,4,test,z1,final_p_ratio,0.7786928156785744,0.6063625011894263,76
4,1,1,4,test,z1,stiffness_mean,-0.9091888955487659,0.8266244477891848,76
4,1,1,4,test,z1,stiffness_std,-0.8503311768081064,0.7230631102518592,76
4,1,1,4,test,z1,stiffness_min,0.7847492083935009,0.6158313200742264,76
4,1,1,4,test,z1,stiffness_max,-0.8357763911223902,0.6985221759575666,76
4,1,1,4,test,z1,near_zero_stiffness_edge_count,-0.39401118856301426,0.15524481671283918,76
4,1,1,4,test,z1,near_zero_stiffness_edge_fraction,-0.3642663286536255,0.13268995819079113,76
4,1,1,4,test,z1,horizontal_stiffness,-0.8569143230231385,0.7343021570022038,76
4,1,1,4,test,z1,vertical_stiffness,-0.861535044554393,0.74224263299534,76
4,1,1,4,test,z1,diagonal_stiffness,0.3076647846918954,0.09465761973951035,76
4,1,1,4,test,z1,vertical_minus_horizontal_stiffness,-0.15015483325126558,0.02254647394871537,76
4,1,1,4,test,z1,vertical_over_horizontal_stiffness,0.14205029661214086,0.020178286767597198,76
4,1,1,4,test,z1,horizontal_edge_fraction,0.018217485909495356,0.00033187679286266186,76
4,1,1,4,test,z1,vertical_edge_fraction,0.002314838348364238,5.358476579057674e-06,76
4,1,1,4,test,z1,diagonal_edge_fraction,-0.016147170253018955,0.0002607311071799802,76
4,1,1,4,test,z1,edge_length_mean,0.04878320415678144,0.002379801007802218,76
4,1,1,4,test,z1,edge_length_std,0.07459326552860618,0.005564155262221147,76
4,1,1,4,test,z1,bbox_x_span,0.06991364870088941,0.004887918274671376,76
4,1,1,4,test,z1,bbox_y_span,0.061970914251641224,0.0038403942131842693,76
4,1,1,4,test,z1,bbox_aspect_y_over_x,-0.06374486011997599,0.004063407191715305,76
4,1,1,4,test,z1,descriptor_distance_to_train,-0.6567928777950484,0.4313768843223013,76
4,1,1,4,test,z1,final_p_ratio_delta_to_train,0.7786928156785744,0.6063625011894263,76
4,1,1,4,test,z2,final_p_ratio,-0.8084038896295582,0.6535168487681989,76
4,1,1,4,test,z2,stiffness_mean,0.9363488645165814,0.8767491960814913,76
4,1,1,4,test,z2,stiffness_std,0.8814603955774634,0.7769724289715781,76
4,1,1,4,test,z2,stiffness_min,-0.8133571600859487,0.6615498698630796,76
4,1,1,4,test,z2,stiffness_max,0.8611313614156708,0.7415472216136066,76
4,1,1,4,test,z2,near_zero_stiffness_edge_count,0.4008515127303575,0.16068193525821597,76
4,1,1,4,test,z2,near_zero_stiffness_edge_fraction,0.37134398213603415,0.13789635306864725,76
4,1,1,4,test,z2,horizontal_stiffness,0.88433116516608,0.7820416096839967,76
4,1,1,4,test,z2,vertical_stiffness,0.890754614625832,0.7934437834772146,76
4,1,1,4,test,z2,diagonal_stiffness,-0.3309090102658781,0.10950077307514301,76
4,1,1,4,test,z2,vertical_minus_horizontal_stiffness,0.1581649834136865,0.025016161978251728,76
4,1,1,4,test,z2,vertical_over_horizontal_stiffness,-0.13957600393608555,0.01948146087476617,76
4,1,1,4,test,z2,horizontal_edge_fraction,-0.03475059002177659,0.001207603506861599,76
4,1,1,4,test,z2,vertical_edge_fraction,-0.0003994678115587597,1.5957453247154474e-07,76
4,1,1,4,test,z2,diagonal_edge_fraction,0.027977417527029855,0.0007827358914817573,76
4,1,1,4,test,z2,edge_length_mean,-0.06007062142654129,0.003608479558570842,76
4,1,1,4,test,z2,edge_length_std,-0.07645391374732423,0.005845200927283293,76
4,1,1,4,test,z2,bbox_x_span,-0.06887544733073955,0.004743827245009478,76
4,1,1,4,test,z2,bbox_y_span,-0.06069911956794811,0.003684383116324061,76
4,1,1,4,test,z2,bbox_aspect_y_over_x,0.06697152956876351,0.0044851857727797656,76
4,1,1,4,test,z2,descriptor_distance_to_train,0.6709162402664969,0.4501286014533318,76
4,1,1,4,test,z2,final_p_ratio_delta_to_train,-0.8084038896295582,0.6535168487681989,76
4,1,1,4,test,z3,final_p_ratio,-0.8373513182254452,0.7011572301338908,76
4,1,1,4,test,z3,stiffness_mean,0.9632542778606931,0.9278588038169253,76
4,1,1,4,test,z3,stiffness_std,0.9104653070460652,0.8289470753344858,76
4,1,1,4,test,z3,stiffness_min,-0.8352392506129461,0.6976246057644758,76
4,1,1,4,test,z3,stiffness_max,0.8815387877059636,0.7771106342301,76
4,1,1,4,test,z3,near_zero_stiffness_edge_count,0.4252150459491654,0.18080783530155087,76
4,1,1,4,test,z3,near_zero_stiffness_edge_fraction,0.39678646146510366,0.1574394960019982,76
4,1,1,4,test,z3,horizontal_stiffness,0.9105012045335502,0.8290124434570458,76
4,1,1,4,test,z3,vertical_stiffness,0.9145454250408452,0.8363933344631402,76
4,1,1,4,test,z3,diagonal_stiffness,-0.3380464641781091,0.11427541194332158,76
4,1,1,4,test,z3,vertical_minus_horizontal_stiffness,0.15786809642688301,0.024922335869447632,76
4,1,1,4,test,z3,vertical_over_horizontal_stiffness,-0.1456144713971902,0.021203574280283122,76
4,1,1,4,test,z3,horizontal_edge_fraction,-0.04500030162039509,0.002025027145926533,76
4,1,1,4,test,z3,vertical_edge_fraction,-0.002654179653277847,7.044669631874113e-06,76
4,1,1,4,test,z3,diagonal_edge_fraction,0.03773192216376144,0.001423697950172152,76
4,1,1,4,test,z3,edge_length_mean,-0.09336943942962227,0.008717852219401901,76
4,1,1,4,test,z3,edge_length_std,-0.09815913997641493,0.009635216760909419,76
4,1,1,4,test,z3,bbox_x_span,-0.08390431278665758,0.007039933704201271,76
4,1,1,4,test,z3,bbox_y_span,-0.07581719956141841,0.005748247749335945,76
4,1,1,4,test,z3,bbox_aspect_y_over_x,0.06608714777773808,0.004367511101396592,76
4,1,1,4,test,z3,descriptor_distance_to_train,0.681780830235457,0.464825100476549,76
4,1,1,4,test,z3,final_p_ratio_delta_to_train,-0.8373513182254451,0.7011572301338905,76
1,1,1,1,val,stiffness_mean,final_p_ratio,-0.9036776571436484,0.8166333080206334,25
1,1,1,1,val,stiffness_std,final_p_ratio,-0.9769561241573524,0.9544432685285562,25
1,1,1,1,val,stiffness_min,final_p_ratio,0.8953837331364554,0.8017120295653751,25
1,1,1,1,val,stiffness_max,final_p_ratio,-0.932446277371467,0.8694560601839068,25
1,1,1,1,val,near_zero_stiffness_edge_count,final_p_ratio,-0.2976386813362471,0.08858878462758005,25
1,1,1,1,val,near_zero_stiffness_edge_fraction,final_p_ratio,-0.29454784850576404,0.08675843505937453,25
1,1,1,1,val,horizontal_stiffness,final_p_ratio,-0.9559679082968382,0.913874641693432,25
1,1,1,1,val,vertical_stiffness,final_p_ratio,-0.9090569457795774,0.8263845306700935,25
1,1,1,1,val,diagonal_stiffness,final_p_ratio,0.623305951703121,0.3885103094285334,25
1,1,1,1,val,vertical_minus_horizontal_stiffness,final_p_ratio,-0.13602150693770143,0.01850185034960316,25
1,1,1,1,val,vertical_over_horizontal_stiffness,final_p_ratio,0.2328448713241478,0.054216734101958944,25
1,1,1,1,val,horizontal_edge_fraction,final_p_ratio,0.5236949056971439,0.2742563542531405,25
1,1,1,1,val,vertical_edge_fraction,final_p_ratio,0.25501456976354986,0.06503243079168844,25
1,1,1,1,val,diagonal_edge_fraction,final_p_ratio,-0.5718701353273051,0.3270354516792703,25
1,1,1,1,val,edge_length_mean,final_p_ratio,-0.3066868431826811,0.09405681978135842,25
1,1,1,1,val,edge_length_std,final_p_ratio,-0.027234639333459303,0.0007417255796236086,25
1,1,1,1,val,bbox_x_span,final_p_ratio,0.07136792239763662,0.005093380347355083,25
1,1,1,1,val,bbox_y_span,final_p_ratio,0.06363695023497062,0.004049661435208128,25
1,1,1,1,val,bbox_aspect_y_over_x,final_p_ratio,-0.11601418844388706,0.013459291920293737,25
1,1,1,1,val,descriptor_distance_to_train,final_p_ratio,0.6905811852354444,0.4769023734011912,25
1,1,1,1,val,final_p_ratio_delta_to_train,final_p_ratio,1.0,1.0,25
1,1,1,2,val,stiffness_mean,final_p_ratio,-0.9203114670964179,0.846973196469161,25
1,1,1,2,val,stiffness_std,final_p_ratio,-0.9662178789462491,0.9335769895953885,25
1,1,1,2,val,stiffness_min,final_p_ratio,0.8461729560727579,0.7160086715889095,25
1,1,1,2,val,stiffness_max,final_p_ratio,-0.9028793894589638,0.8151911919097913,25
1,1,1,2,val,near_zero_stiffness_edge_count,final_p_ratio,-0.30396776563533173,0.09239640254533596,25
1,1,1,2,val,near_zero_stiffness_edge_fraction,final_p_ratio,-0.27505224066774675,0.07565373509634808,25
1,1,1,2,val,horizontal_stiffness,final_p_ratio,-0.9446512183966956,0.8923659244183616,25
1,1,1,2,val,vertical_stiffness,final_p_ratio,-0.8773053820502367,0.7696647333743117,25
1,1,1,2,val,diagonal_stiffness,final_p_ratio,0.5625656775631338,0.31648014157206783,25
1,1,1,2,val,vertical_minus_horizontal_stiffness,final_p_ratio,-0.07797022653676192,0.006079356226193972,25
1,1,1,2,val,vertical_over_horizontal_stiffness,final_p_ratio,0.25061879116216146,0.0628097784835831,25
1,1,1,2,val,horizontal_edge_fraction,final_p_ratio,0.03623501357653518,0.0013129762088916887,25
1,1,1,2,val,vertical_edge_fraction,final_p_ratio,-0.2800278977694839,0.07841562352919652,25
1,1,1,2,val,diagonal_edge_fraction,final_p_ratio,0.16158785310238663,0.02611063427023848,25
1,1,1,2,val,edge_length_mean,final_p_ratio,0.14523741558445022,0.021093906885650302,25
1,1,1,2,val,edge_length_std,final_p_ratio,0.2540910985254271,0.0645622863498583,25
1,1,1,2,val,bbox_x_span,final_p_ratio,0.2736127552280367,0.07486393982347751,25
1,1,1,2,val,bbox_y_span,final_p_ratio,0.2648672078712116,0.07015463780549161,25
1,1,1,2,val,bbox_aspect_y_over_x,final_p_ratio,-0.09014709261401227,0.008126498306759305,25
1,1,1,2,val,descriptor_distance_to_train,final_p_ratio,0.6913311877496038,0.4779388111552779,25
1,1,1,2,val,final_p_ratio_delta_to_train,final_p_ratio,1.0,1.0,25
1,1,1,4,val,stiffness_mean,final_p_ratio,-0.7796978956259649,0.6079288084435581,25
1,1,1,4,val,stiffness_std,final_p_ratio,-0.9264910822723189,0.8583857255301328,25
1,1,1,4,val,stiffness_min,final_p_ratio,0.793695731914066,0.6299529148586048,25
1,1,1,4,val,stiffness_max,final_p_ratio,-0.8788613368340183,0.7723972493816779,25
1,1,1,4,val,near_zero_stiffness_edge_count,final_p_ratio,-0.18331017731320653,0.03360262110659922,25
1,1,1,4,val,near_zero_stiffness_edge_fraction,final_p_ratio,-0.1686146500143866,0.028430900199474085,25
1,1,1,4,val,horizontal_stiffness,final_p_ratio,-0.8793758665190285,0.7733019146160923,25
1,1,1,4,val,vertical_stiffness,final_p_ratio,-0.8141441687386641,0.6628307274911704,25
1,1,1,4,val,diagonal_stiffness,final_p_ratio,0.3634333007208207,0.13208376407283048,25
1,1,1,4,val,vertical_minus_horizontal_stiffness,final_p_ratio,0.6006356149757579,0.3607631419773069,25
1,1,1,4,val,vertical_over_horizontal_stiffness,final_p_ratio,0.7944815661908062,0.6312009590169965,25
1,1,1,4,val,horizontal_edge_fraction,final_p_ratio,-0.01841167200197024,0.00033898966590813483,25
1,1,1,4,val,vertical_edge_fraction,final_p_ratio,0.19538809198362295,0.0381765064890007,25
1,1,1,4,val,diagonal_edge_fraction,final_p_ratio,-0.15423066150375123,0.02378709694788469,25
1,1,1,4,val,edge_length_mean,final_p_ratio,0.1324563511559945,0.017544684961560125,25
1,1,1,4,val,edge_length_std,final_p_ratio,0.19689919998440158,0.038769294954497366,25
1,1,1,4,val,bbox_x_span,final_p_ratio,0.20514841283954702,0.04208587129058522,25
1,1,1,4,val,bbox_y_span,final_p_ratio,0.18698908859445476,0.03496491925338485,25
1,1,1,4,val,bbox_aspect_y_over_x,final_p_ratio,-0.1503766104418603,0.022613124967983005,25
1,1,1,4,val,descriptor_distance_to_train,final_p_ratio,0.7837252745225258,0.6142253059254085,25
1,1,1,4,val,final_p_ratio_delta_to_train,final_p_ratio,0.9999999999999999,0.9999999999999998,25
2,1,1,1,val,stiffness_mean,final_p_ratio,-0.9148062685203585,0.8368705089241423,25
2,1,1,1,val,stiffness_std,final_p_ratio,-0.9581884258873663,0.9181250595045088,25
2,1,1,1,val,stiffness_min,final_p_ratio,0.920954301878069,0.8481568261477215,25
2,1,1,1,val,stiffness_max,final_p_ratio,-0.898167473170782,0.8067048098619874,25
2,1,1,1,val,near_zero_stiffness_edge_count,final_p_ratio,-0.27799150370741105,0.07727927613350753,25
2,1,1,1,val,near_zero_stiffness_edge_fraction,final_p_ratio,-0.2557019451137963,0.06538348473497889,25
2,1,1,1,val,horizontal_stiffness,final_p_ratio,-0.9401008709099892,0.8837896474857201,25
2,1,1,1,val,vertical_stiffness,final_p_ratio,-0.895918776079525,0.802670453331834,25
2,1,1,1,val,diagonal_stiffness,final_p_ratio,0.6985795084914187,0.48801332968411215,25
2,1,1,1,val,vertical_minus_horizontal_stiffness,final_p_ratio,-0.1612207433773107,0.025992128095132676,25
2,1,1,1,val,vertical_over_horizontal_stiffness,final_p_ratio,0.19956279599787582,0.0398253095464898,25
2,1,1,1,val,horizontal_edge_fraction,final_p_ratio,-0.08649267436947936,0.007480982719584791,25
2,1,1,1,val,vertical_edge_fraction,final_p_ratio,-0.3827666721047707,0.14651032527416105,25
2,1,1,1,val,diagonal_edge_fraction,final_p_ratio,0.3884541202257469,0.15089660352035902,25
2,1,1,1,val,edge_length_mean,final_p_ratio,0.21898780662029527,0.047955659448367834,25
2,1,1,1,val,edge_length_std,final_p_ratio,0.3114697195981135,0.09701338622652744,25
2,1,1,1,val,bbox_x_span,final_p_ratio,0.3259626858270956,0.10625167255161383,25
2,1,1,1,val,bbox_y_span,final_p_ratio,0.3115090297549007,0.0970378756188396,25
2,1,1,1,val,bbox_aspect_y_over_x,final_p_ratio,-0.22245539283923552,0.0494864018032586,25
2,1,1,1,val,descriptor_distance_to_train,final_p_ratio,0.7443795471693214,0.554100910244004,25
2,1,1,1,val,final_p_ratio_delta_to_train,final_p_ratio,1.0,1.0,25
2,1,1,2,val,stiffness_mean,final_p_ratio,-0.9151648656745826,0.8375267313651767,25
2,1,1,2,val,stiffness_std,final_p_ratio,-0.9674423099980322,0.9359446231743286,25
2,1,1,2,val,stiffness_min,final_p_ratio,0.8198406285979501,0.672138656299882,25
2,1,1,2,val,stiffness_max,final_p_ratio,-0.8922647812815638,0.7961364399154369,25
2,1,1,2,val,near_zero_stiffness_edge_count,final_p_ratio,-0.443455229947322,0.19665254096763224,25
2,1,1,2,val,near_zero_stiffness_edge_fraction,final_p_ratio,-0.45295523000233906,0.2051684403864719,25
2,1,1,2,val,horizontal_stiffness,final_p_ratio,-0.9625747463134164,0.926550142240338,25
2,1,1,2,val,vertical_stiffness,final_p_ratio,-0.8636608356754599,0.7459100390796338,25
2,1,1,2,val,diagonal_stiffness,final_p_ratio,0.5517263057306677,0.30440191643521025,25
2,1,1,2,val,vertical_minus_horizontal_stiffness,final_p_ratio,0.6261767200545141,0.3920972847382293,25
2,1,1,2,val,vertical_over_horizontal_stiffness,final_p_ratio,0.8168152011348969,0.6671870728050421,25
2,1,1,2,val,horizontal_edge_fraction,final_p_ratio,0.27332198845034417,0.07470490937045007,25
2,1,1,2,val,vertical_edge_fraction,final_p_ratio,-0.08849943226815521,0.007832149511785791,25
2,1,1,2,val,diagonal_edge_fraction,final_p_ratio,-0.130029526059762,0.016907677647326327,25
2,1,1,2,val,edge_length_mean,final_p_ratio,-0.06213194945271125,0.0038603791427942657,25
2,1,1,2,val,edge_length_std,final_p_ratio,0.2997200446020527,0.08983210513625646,25
2,1,1,2,val,bbox_x_span,final_p_ratio,0.3516550478121048,0.12366127265173373,25
2,1,1,2,val,bbox_y_span,final_p_ratio,0.3291800873686674,0.1083595299200435,25
2,1,1,2,val,bbox_aspect_y_over_x,final_p_ratio,-0.31637567740181366,0.10009356925145646,25
2,1,1,2,val,descriptor_distance_to_train,final_p_ratio,0.5091560756546407,0.2592399093760342,25
2,1,1,2,val,final_p_ratio_delta_to_train,final_p_ratio,1.0,1.0,25
2,1,1,4,val,stiffness_mean,final_p_ratio,-0.8587755803277877,0.7374954973673284,25
2,1,1,4,val,stiffness_std,final_p_ratio,-0.9442545505232309,0.8916166561838289,25
2,1,1,4,val,stiffness_min,final_p_ratio,0.7848576286313377,0.6160014972208068,25
2,1,1,4,val,stiffness_max,final_p_ratio,-0.8538685247717551,0.7290914575958934,25
2,1,1,4,val,near_zero_stiffness_edge_count,final_p_ratio,-0.20706632902227193,0.042876464614759774,25
2,1,1,4,val,near_zero_stiffness_edge_fraction,final_p_ratio,-0.184293209745365,0.0339639871582491,25
2,1,1,4,val,horizontal_stiffness,final_p_ratio,-0.9221514797550788,0.8503633516144815,25
2,1,1,4,val,vertical_stiffness,final_p_ratio,-0.8585501271893086,0.7371083208967779,25
2,1,1,4,val,diagonal_stiffness,final_p_ratio,0.1425493778119512,0.020320325114574406,25
2,1,1,4,val,vertical_minus_horizontal_stiffness,final_p_ratio,0.6321986758780299,0.39967516578193435,25
2,1,1,4,val,vertical_over_horizontal_stiffness,final_p_ratio,0.8589154259421417,0.7377357089213706,25
2,1,1,4,val,horizontal_edge_fraction,final_p_ratio,0.2612347125398294,0.06824357503576729,25
2,1,1,4,val,vertical_edge_fraction,final_p_ratio,0.3002513791590557,0.09015089068691502,25
2,1,1,4,val,diagonal_edge_fraction,final_p_ratio,-0.4078784265198537,0.16636481082031168,25
2,1,1,4,val,edge_length_mean,final_p_ratio,-0.09559021799034108,0.009137489775440927,25
2,1,1,4,val,edge_length_std,final_p_ratio,0.1182958939107209,0.013993918516136534,25
2,1,1,4,val,bbox_x_span,final_p_ratio,0.16105190575913264,0.02593771634864854,25
2,1,1,4,val,bbox_y_span,final_p_ratio,0.14729828683219534,0.02169678530369969,25
2,1,1,4,val,bbox_aspect_y_over_x,final_p_ratio,-0.11779299566231162,0.013875189827101364,25
2,1,1,4,val,descriptor_distance_to_train,final_p_ratio,0.03220113330717979,0.0010369129862667634,25
2,1,1,4,val,final_p_ratio_delta_to_train,final_p_ratio,1.0,1.0,25
4,1,1,1,val,stiffness_mean,final_p_ratio,-0.9146745733663728,0.8366295751629561,25
4,1,1,1,val,stiffness_std,final_p_ratio,-0.9756188955589518,0.9518322293716688,25
4,1,1,1,val,stiffness_min,final_p_ratio,0.8769957271335551,0.769121505410513,25
4,1,1,1,val,stiffness_max,final_p_ratio,-0.8582978940957169,0.7366752750091424,25
4,1,1,1,val,near_zero_stiffness_edge_count,final_p_ratio,-0.320945784788165,0.10300619677329112,25
4,1,1,1,val,near_zero_stiffness_edge_fraction,final_p_ratio,-0.3246539902566451,0.1054002133895618,25
4,1,1,1,val,horizontal_stiffness,final_p_ratio,-0.9432423432468966,0.8897061180938963,25
4,1,1,1,val,vertical_stiffness,final_p_ratio,-0.87216524621583,0.7606722167067194,25
4,1,1,1,val,diagonal_stiffness,final_p_ratio,0.7467427965893311,0.557624804258055,25
4,1,1,1,val,vertical_minus_horizontal_stiffness,final_p_ratio,-0.15730526350922247,0.02474494592770592,25
4,1,1,1,val,vertical_over_horizontal_stiffness,final_p_ratio,0.12198208301386354,0.014879628576401096,25
4,1,1,1,val,horizontal_edge_fraction,final_p_ratio,0.1367975201286449,0.018713561513347007,25
4,1,1,1,val,vertical_edge_fraction,final_p_ratio,-0.13990586155233597,0.019573650096701402,25
4,1,1,1,val,diagonal_edge_fraction,final_p_ratio,0.026764598712198148,0.0007163437442249987,25
4,1,1,1,val,edge_length_mean,final_p_ratio,0.2617076863758102,0.06849091310817944,25
4,1,1,1,val,edge_length_std,final_p_ratio,0.3353608271122235,0.11246688436139465,25
4,1,1,1,val,bbox_x_span,final_p_ratio,0.29801508810319544,0.08881299273715534,25
4,1,1,1,val,bbox_y_span,final_p_ratio,0.28304669651547104,0.08011543240832117,25
4,1,1,1,val,bbox_aspect_y_over_x,final_p_ratio,-0.06747680245924641,0.004553118870124162,25
4,1,1,1,val,descriptor_distance_to_train,final_p_ratio,-0.23076186140825877,0.05325103668060443,25
4,1,1,1,val,final_p_ratio_delta_to_train,final_p_ratio,1.0,1.0,25
4,1,1,2,val,stiffness_mean,final_p_ratio,-0.9286023560788232,0.8623023357151416,25
4,1,1,2,val,stiffness_std,final_p_ratio,-0.9640272314047114,0.929348502889833,25
4,1,1,2,val,stiffness_min,final_p_ratio,0.8890304414562151,0.7903751258358328,25
4,1,1,2,val,stiffness_max,final_p_ratio,-0.91666012150561,0.8402657783586798,25
4,1,1,2,val,near_zero_stiffness_edge_count,final_p_ratio,-0.37872811603550005,0.1434349858757992,25
4,1,1,2,val,near_zero_stiffness_edge_fraction,final_p_ratio,-0.3949939564718759,0.1560202256493062,25
4,1,1,2,val,horizontal_stiffness,final_p_ratio,-0.9520460358302221,0.9063916543400404,25
4,1,1,2,val,vertical_stiffness,final_p_ratio,-0.8686627504478249,0.7545749740155802,25
4,1,1,2,val,diagonal_stiffness,final_p_ratio,0.5838333017192372,0.3408613241963859,25
4,1,1,2,val,vertical_minus_horizontal_stiffness,final_p_ratio,-0.18891423742504884,0.03568858910188773,25
4,1,1,2,val,vertical_over_horizontal_stiffness,final_p_ratio,0.0660226813242275,0.0043589944492404996,25
4,1,1,2,val,horizontal_edge_fraction,final_p_ratio,0.04443990219845165,0.0019749049074079474,25
4,1,1,2,val,vertical_edge_fraction,final_p_ratio,0.16456324199528757,0.02708106061599958,25
4,1,1,2,val,diagonal_edge_fraction,final_p_ratio,-0.15958199165019749,0.0254664120590437,25
4,1,1,2,val,edge_length_mean,final_p_ratio,-0.20000763615774012,0.04000305452140695,25
4,1,1,2,val,edge_length_std,final_p_ratio,-0.1127407288445532,0.01271047194040107,25
4,1,1,2,val,bbox_x_span,final_p_ratio,-0.057285569209053165,0.00328163643960522,25
4,1,1,2,val,bbox_y_span,final_p_ratio,-0.09079291999054769,0.008243354320409993,25
4,1,1,2,val,bbox_aspect_y_over_x,final_p_ratio,-0.2525143032191057,0.06376347333023044,25
4,1,1,2,val,descriptor_distance_to_train,final_p_ratio,0.5554347020396361,0.3085077082298593,25
4,1,1,2,val,final_p_ratio_delta_to_train,final_p_ratio,0.9999999999999999,0.9999999999999998,25
4,1,1,4,val,stiffness_mean,final_p_ratio,-0.8981891341802452,0.8067437207594584,25
4,1,1,4,val,stiffness_std,final_p_ratio,-0.9532094606956371,0.9086082759596672,25
4,1,1,4,val,stiffness_min,final_p_ratio,0.8691227892298249,0.7553744227586306,25
4,1,1,4,val,stiffness_max,final_p_ratio,-0.8490913367244148,0.7209560981004536,25
4,1,1,4,val,near_zero_stiffness_edge_count,final_p_ratio,-0.5137873217392797,0.26397741198002206,25
4,1,1,4,val,near_zero_stiffness_edge_fraction,final_p_ratio,-0.4876316066580849,0.23778458381194525,25
4,1,1,4,val,horizontal_stiffness,final_p_ratio,-0.9122205621611196,0.8321463540295491,25
4,1,1,4,val,vertical_stiffness,final_p_ratio,-0.8761570296309812,0.7676511405717841,25
4,1,1,4,val,diagonal_stiffness,final_p_ratio,0.5355323215700907,0.286794867446251,25
4,1,1,4,val,vertical_minus_horizontal_stiffness,final_p_ratio,0.0997439657114572,0.00994885869584835,25
4,1,1,4,val,vertical_over_horizontal_stiffness,final_p_ratio,0.4174676930961351,0.1742792747790088,25
4,1,1,4,val,horizontal_edge_fraction,final_p_ratio,-0.044478559685269925,0.0019783422716761192,25
4,1,1,4,val,vertical_edge_fraction,final_p_ratio,-0.16462901314543144,0.027102711969238635,25
4,1,1,4,val,diagonal_edge_fraction,final_p_ratio,0.16791502312725526,0.028195454991826668,25
4,1,1,4,val,edge_length_mean,final_p_ratio,-0.09114346986300256,0.008307132098668056,25
4,1,1,4,val,edge_length_std,final_p_ratio,0.3836475771283293,0.14718546343643737,25
4,1,1,4,val,bbox_x_span,final_p_ratio,0.4540320876322981,0.2061451365997428,25
4,1,1,4,val,bbox_y_span,final_p_ratio,0.4286004590009158,0.18369835345579572,25
4,1,1,4,val,bbox_aspect_y_over_x,final_p_ratio,-0.2613773331473403,0.06831811028321572,25
4,1,1,4,val,descriptor_distance_to_train,final_p_ratio,-0.726855206484663,0.528318491193862,25
4,1,1,4,val,final_p_ratio_delta_to_train,final_p_ratio,0.9999999999999998,0.9999999999999996,25
1,1,1,1,test,stiffness_mean,final_p_ratio,-0.8882675888285811,0.7890193093633413,76
1,1,1,1,test,stiffness_std,final_p_ratio,-0.9448549431181814,0.8927508635348619,76
1,1,1,1,test,stiffness_min,final_p_ratio,0.8157382296149526,0.6654288592553371,76
1,1,1,1,test,stiffness_max,final_p_ratio,-0.8313544827189985,0.6911502759369735,76
1,1,1,1,test,near_zero_stiffness_edge_count,final_p_ratio,-0.4614028014278338,0.21289254516545303,76
1,1,1,1,test,near_zero_stiffness_edge_fraction,final_p_ratio,-0.4497993243615174,0.20231943219607756,76
1,1,1,1,test,horizontal_stiffness,final_p_ratio,-0.9215144484694692,0.84918887873799,76
1,1,1,1,test,vertical_stiffness,final_p_ratio,-0.8302505586986778,0.6893159902194667,76
1,1,1,1,test,diagonal_stiffness,final_p_ratio,0.4949681022472495,0.24499342224224366,76
1,1,1,1,test,vertical_minus_horizontal_stiffness,final_p_ratio,0.0918226368018683,0.008431396629247818,76
1,1,1,1,test,vertical_over_horizontal_stiffness,final_p_ratio,0.34996096783332137,0.12247267900683499,76
1,1,1,1,test,horizontal_edge_fraction,final_p_ratio,-0.06186914020892838,0.003827790510192038,76
1,1,1,1,test,vertical_edge_fraction,final_p_ratio,-0.06910027094814045,0.004774847445106423,76
1,1,1,1,test,diagonal_edge_fraction,final_p_ratio,0.10157882013282694,0.010318256699577208,76
1,1,1,1,test,edge_length_mean,final_p_ratio,0.1664747953594,0.027713857489954103,76
1,1,1,1,test,edge_length_std,final_p_ratio,0.29560196075191536,0.08738051920037691,76
1,1,1,1,test,bbox_x_span,final_p_ratio,0.30076031080674454,0.09045676455656958,76
1,1,1,1,test,bbox_y_span,final_p_ratio,0.28080997477904074,0.0788542419354055,76
1,1,1,1,test,bbox_aspect_y_over_x,final_p_ratio,-0.17041339194584107,0.02904072415448685,76
1,1,1,1,test,descriptor_distance_to_train,final_p_ratio,0.7536113997251563,0.5679301417957093,76
1,1,1,1,test,final_p_ratio_delta_to_train,final_p_ratio,1.0,1.0,76
1,1,1,2,test,stiffness_mean,final_p_ratio,-0.8730296871111116,0.7621808345773254,76
1,1,1,2,test,stiffness_std,final_p_ratio,-0.9369784273458232,0.877928573311452,76
1,1,1,2,test,stiffness_min,final_p_ratio,0.8164389875065649,0.6665726203207447,76
1,1,1,2,test,stiffness_max,final_p_ratio,-0.8153594852676992,0.6648110902160074,76
1,1,1,2,test,near_zero_stiffness_edge_count,final_p_ratio,-0.4799873161984592,0.23038782371139965,76
1,1,1,2,test,near_zero_stiffness_edge_fraction,final_p_ratio,-0.4816878058207329,0.2320231422763921,76
1,1,1,2,test,horizontal_stiffness,final_p_ratio,-0.9172730239042444,0.8413898003824365,76
1,1,1,2,test,vertical_stiffness,final_p_ratio,-0.8258168836283077,0.68197352528557,76
1,1,1,2,test,diagonal_stiffness,final_p_ratio,0.48967814357902884,0.239784684299004,76
1,1,1,2,test,vertical_minus_horizontal_stiffness,final_p_ratio,0.07534454423373854,0.005676800345789784,76
1,1,1,2,test,vertical_over_horizontal_stiffness,final_p_ratio,0.3344064009303923,0.11182764098321829,76
1,1,1,2,test,horizontal_edge_fraction,final_p_ratio,0.09758425525909588,0.009522686874472382,76
1,1,1,2,test,vertical_edge_fraction,final_p_ratio,0.08110983593300292,0.006578805485078651,76
1,1,1,2,test,diagonal_edge_fraction,final_p_ratio,-0.13599863889605215,0.01849562978157879,76
1,1,1,2,test,edge_length_mean,final_p_ratio,0.03821209580742246,0.001460164265995633,76
1,1,1,2,test,edge_length_std,final_p_ratio,0.2284623674171483,0.05219505332584806,76
1,1,1,2,test,bbox_x_span,final_p_ratio,0.2501959325517498,0.06259800466543974,76
1,1,1,2,test,bbox_y_span,final_p_ratio,0.22681744612642502,0.051446153867313715,76
1,1,1,2,test,bbox_aspect_y_over_x,final_p_ratio,-0.1987648778662204,0.03950747667317352,76
1,1,1,2,test,descriptor_distance_to_train,final_p_ratio,0.5362354387282345,0.28754844574806215,76
1,1,1,2,test,final_p_ratio_delta_to_train,final_p_ratio,0.9999999999999999,0.9999999999999998,76
1,1,1,4,test,stiffness_mean,final_p_ratio,-0.9037013192975519,0.8166760745001359,76
1,1,1,4,test,stiffness_std,final_p_ratio,-0.9473576495259749,0.8974865161153799,76
1,1,1,4,test,stiffness_min,final_p_ratio,0.8283236137390166,0.6861200090776637,76
1,1,1,4,test,stiffness_max,final_p_ratio,-0.83567430392421,0.698351542239213,76
1,1,1,4,test,near_zero_stiffness_edge_count,final_p_ratio,-0.5371035228730127,0.28848019428260085,76
1,1,1,4,test,near_zero_stiffness_edge_fraction,final_p_ratio,-0.5334566548185605,0.2845760025702088,76
1,1,1,4,test,horizontal_stiffness,final_p_ratio,-0.932103644750045,0.8688172045563182,76
1,1,1,4,test,vertical_stiffness,final_p_ratio,-0.8479819255112757,0.7190733459938108,76
1,1,1,4,test,diagonal_stiffness,final_p_ratio,0.5775514012075954,0.33356562103685683,76
1,1,1,4,test,vertical_minus_horizontal_stiffness,final_p_ratio,-0.00277395876204437,7.694847213522733e-06,76
1,1,1,4,test,vertical_over_horizontal_stiffness,final_p_ratio,0.26089683743371594,0.0680671597829148,76
1,1,1,4,test,horizontal_edge_fraction,final_p_ratio,0.09911795430350681,0.009824368865312065,76
1,1,1,4,test,vertical_edge_fraction,final_p_ratio,-0.10149869500209548,0.010301985087128401,76
1,1,1,4,test,diagonal_edge_fraction,final_p_ratio,-0.0207599840388375,0.00043097693729278783,76
1,1,1,4,test,edge_length_mean,final_p_ratio,0.027611679180394824,0.000762404827161049,76
1,1,1,4,test,edge_length_std,final_p_ratio,0.23454432091695973,0.0550110384743978,76
1,1,1,4,test,bbox_x_span,final_p_ratio,0.26286252410311967,0.06909670657786317,76
1,1,1,4,test,bbox_y_span,final_p_ratio,0.24220493601554008,0.05866323103029186,76
1,1,1,4,test,bbox_aspect_y_over_x,final_p_ratio,-0.19229937510338665,0.036979049665153,76
1,1,1,4,test,descriptor_distance_to_train,final_p_ratio,0.5827747119499535,0.33962636488835124,76
1,1,1,4,test,final_p_ratio_delta_to_train,final_p_ratio,1.0,1.0,76
2,1,1,1,test,stiffness_mean,final_p_ratio,-0.8767547871130416,0.7686989567256348,76
2,1,1,1,test,stiffness_std,final_p_ratio,-0.9411160705320593,0.8856994582137039,76
2,1,1,1,test,stiffness_min,final_p_ratio,0.7990427283498751,0.6384692817288123,76
2,1,1,1,test,stiffness_max,final_p_ratio,-0.8240001836345952,0.6789763026298465,76
2,1,1,1,test,near_zero_stiffness_edge_count,final_p_ratio,-0.5172759936313363,0.2675744535872862,76
2,1,1,1,test,near_zero_stiffness_edge_fraction,final_p_ratio,-0.5154110718784323,0.2656485730148745,76
2,1,1,1,test,horizontal_stiffness,final_p_ratio,-0.9183538475112134,0.843373789238649,76
2,1,1,1,test,vertical_stiffness,final_p_ratio,-0.8221902733236959,0.6759968455480937,76
2,1,1,1,test,diagonal_stiffness,final_p_ratio,0.4337679252820768,0.18815461300351738,76
2,1,1,1,test,vertical_minus_horizontal_stiffness,final_p_ratio,0.11266853151513355,0.012694197993776642,76
2,1,1,1,test,vertical_over_horizontal_stiffness,final_p_ratio,0.36954166984645365,0.13656104575290534,76
2,1,1,1,test,horizontal_edge_fraction,final_p_ratio,0.12209758139410228,0.01490781938228943,76
2,1,1,1,test,vertical_edge_fraction,final_p_ratio,0.08012146054109921,0.006419448439238918,76
2,1,1,1,test,diagonal_edge_fraction,final_p_ratio,-0.1510135618067029,0.022805095849546875,76
2,1,1,1,test,edge_length_mean,final_p_ratio,-0.01925798934934528,0.0003708701537794963,76
2,1,1,1,test,edge_length_std,final_p_ratio,0.19207028666702092,0.03689099502035159,76
2,1,1,1,test,bbox_x_span,final_p_ratio,0.22574223670780882,0.05095955743384439,76
2,1,1,1,test,bbox_y_span,final_p_ratio,0.20645673322239774,0.04262438269286431,76
2,1,1,1,test,bbox_aspect_y_over_x,final_p_ratio,-0.15301100146710028,0.023412366569964965,76
2,1,1,1,test,descriptor_distance_to_train,final_p_ratio,0.5960560170889757,0.3552827755079733,76
2,1,1,1,test,final_p_ratio_delta_to_train,final_p_ratio,1.0,1.0,76
2,1,1,2,test,stiffness_mean,final_p_ratio,-0.8776409327394014,0.7702536068196865,76
2,1,1,2,test,stiffness_std,final_p_ratio,-0.9401909118585334,0.8839589507413805,76
2,1,1,2,test,stiffness_min,final_p_ratio,0.8305320346044084,0.6897834605041382,76
2,1,1,2,test,stiffness_max,final_p_ratio,-0.833198103316096,0.6942190793695397,76
2,1,1,2,test,near_zero_stiffness_edge_count,final_p_ratio,-0.5116669545327114,0.2618030723607797,76
2,1,1,2,test,near_zero_stiffness_edge_fraction,final_p_ratio,-0.5011964724438428,0.2511979039901517,76
2,1,1,2,test,horizontal_stiffness,final_p_ratio,-0.9118998781521732,0.8315613877739484,76
2,1,1,2,test,vertical_stiffness,final_p_ratio,-0.8415590452866222,0.708221626703731,76
2,1,1,2,test,diagonal_stiffness,final_p_ratio,0.5110883917445924,0.26121134417607395,76
2,1,1,2,test,vertical_minus_horizontal_stiffness,final_p_ratio,-0.09549719034695708,0.009119713364162953,76
2,1,1,2,test,vertical_over_horizontal_stiffness,final_p_ratio,0.18546497391145966,0.034397256547978414,76
2,1,1,2,test,horizontal_edge_fraction,final_p_ratio,0.08266645845485049,0.0068337433534675215,76
2,1,1,2,test,vertical_edge_fraction,final_p_ratio,-0.011850245405563226,0.00014042831617207233,76
2,1,1,2,test,diagonal_edge_fraction,final_p_ratio,-0.05837334258934222,0.0034074471250527144,76
2,1,1,2,test,edge_length_mean,final_p_ratio,0.08146379893872088,0.006636350537528341,76
2,1,1,2,test,edge_length_std,final_p_ratio,0.1972473631653253,0.038906522275673726,76
2,1,1,2,test,bbox_x_span,final_p_ratio,0.20943548621277946,0.04386322288518334,76
2,1,1,2,test,bbox_y_span,final_p_ratio,0.19054653657429158,0.03630798260045784,76
2,1,1,2,test,bbox_aspect_y_over_x,final_p_ratio,-0.15126059061216132,0.022879766272339865,76
2,1,1,2,test,descriptor_distance_to_train,final_p_ratio,0.5505500918654443,0.3031054036530492,76
2,1,1,2,test,final_p_ratio_delta_to_train,final_p_ratio,1.0,1.0,76
2,1,1,4,test,stiffness_mean,final_p_ratio,-0.8945875437685966,0.8002868734659307,76
2,1,1,4,test,stiffness_std,final_p_ratio,-0.9456556238527761,0.8942645589243832,76
2,1,1,4,test,stiffness_min,final_p_ratio,0.8426611557633485,0.7100778234324223,76
2,1,1,4,test,stiffness_max,final_p_ratio,-0.844807515666434,0.713699738526492,76
2,1,1,4,test,near_zero_stiffness_edge_count,final_p_ratio,-0.5065093207856134,0.2565516920427034,76
2,1,1,4,test,near_zero_stiffness_edge_fraction,final_p_ratio,-0.49716454137078814,0.2471725811964261,76
2,1,1,4,test,horizontal_stiffness,final_p_ratio,-0.9282237267972036,0.8615992869892896,76
2,1,1,4,test,vertical_stiffness,final_p_ratio,-0.8413054015082283,0.7077947786069212,76
2,1,1,4,test,diagonal_stiffness,final_p_ratio,0.6063914413915005,0.36771058019286157,76
2,1,1,4,test,vertical_minus_horizontal_stiffness,final_p_ratio,-0.028500317553665812,0.0008122681006597916,76
2,1,1,4,test,vertical_over_horizontal_stiffness,final_p_ratio,0.2356938368581287,0.05555158473290619,76
2,1,1,4,test,horizontal_edge_fraction,final_p_ratio,0.017015280847542037,0.0002895197823207309,76
2,1,1,4,test,vertical_edge_fraction,final_p_ratio,-0.0948035066846351,0.008987704879703651,76
2,1,1,4,test,diagonal_edge_fraction,final_p_ratio,0.04822718373557588,0.0023258612510649946,76
2,1,1,4,test,edge_length_mean,final_p_ratio,0.06690596371492372,0.004476407980622689,76
2,1,1,4,test,edge_length_std,final_p_ratio,0.24296871820323176,0.059033798025321445,76
2,1,1,4,test,bbox_x_span,final_p_ratio,0.26743198229767046,0.07151986515566153,76
2,1,1,4,test,bbox_y_span,final_p_ratio,0.24750686715443362,0.061259649288602454,76
2,1,1,4,test,bbox_aspect_y_over_x,final_p_ratio,-0.18012565742973835,0.03244525246449546,76
2,1,1,4,test,descriptor_distance_to_train,final_p_ratio,0.001908400869180433,3.641993877488632e-06,76
2,1,1,4,test,final_p_ratio_delta_to_train,final_p_ratio,0.9999999999999999,0.9999999999999998,76
4,1,1,1,test,stiffness_mean,final_p_ratio,-0.8761080837373152,0.7675653743898705,76
4,1,1,1,test,stiffness_std,final_p_ratio,-0.9363107170044693,0.8766777587774235,76
4,1,1,1,test,stiffness_min,final_p_ratio,0.8149985258594552,0.6642225971530851,76
4,1,1,1,test,stiffness_max,final_p_ratio,-0.8380471710799067,0.7023230609550344,76
4,1,1,1,test,near_zero_stiffness_edge_count,final_p_ratio,-0.46866835475614277,0.2196500267498297,76
4,1,1,1,test,near_zero_stiffness_edge_fraction,final_p_ratio,-0.4597449681816225,0.21136543576832112,76
4,1,1,1,test,horizontal_stiffness,final_p_ratio,-0.9183110383270578,0.8432951631133191,76
4,1,1,1,test,vertical_stiffness,final_p_ratio,-0.8385731884203192,0.7032049923374203,76
4,1,1,1,test,diagonal_stiffness,final_p_ratio,0.4467387827465759,0.19957554000989236,76
4,1,1,1,test,vertical_minus_horizontal_stiffness,final_p_ratio,0.1123384821780072,0.01261993457805844,76
4,1,1,1,test,vertical_over_horizontal_stiffness,final_p_ratio,0.3986267629985363,0.1589032961786912,76
4,1,1,1,test,horizontal_edge_fraction,final_p_ratio,0.07700892195960574,0.005930374061380647,76
4,1,1,1,test,vertical_edge_fraction,final_p_ratio,0.026540215707791616,0.0007043830498161089,76
4,1,1,1,test,diagonal_edge_fraction,final_p_ratio,-0.08965783215685928,0.00803852686706755,76
4,1,1,1,test,edge_length_mean,final_p_ratio,-0.031141177368967394,0.000969772927925487,76
4,1,1,1,test,edge_length_std,final_p_ratio,0.1666752984416322,0.027780655110607164,76
4,1,1,1,test,bbox_x_span,final_p_ratio,0.21050022755170994,0.044310345799321665,76
4,1,1,1,test,bbox_y_span,final_p_ratio,0.18843504401104033,0.03550776581144271,76
4,1,1,1,test,bbox_aspect_y_over_x,final_p_ratio,-0.21408747763106126,0.04583344807843016,76
4,1,1,1,test,descriptor_distance_to_train,final_p_ratio,-0.1443615836969295,0.02084026684748558,76
4,1,1,1,test,final_p_ratio_delta_to_train,final_p_ratio,1.0,1.0,76
4,1,1,2,test,stiffness_mean,final_p_ratio,-0.8844665153365006,0.7822810167514922,76
4,1,1,2,test,stiffness_std,final_p_ratio,-0.949623720594601,0.9017852107159328,76
4,1,1,2,test,stiffness_min,final_p_ratio,0.8171245530110588,0.6676925351335227,76
4,1,1,2,test,stiffness_max,final_p_ratio,-0.8311424749382077,0.6907978136464092,76
4,1,1,2,test,near_zero_stiffness_edge_count,final_p_ratio,-0.3925445745844232,0.1540912430356658,76
4,1,1,2,test,near_zero_stiffness_edge_fraction,final_p_ratio,-0.3720870780601159,0.13844879365931476,76
4,1,1,2,test,horizontal_stiffness,final_p_ratio,-0.9292506152148267,0.8635067058771339,76
4,1,1,2,test,vertical_stiffness,final_p_ratio,-0.8507575329280318,0.7237883798337911,76
4,1,1,2,test,diagonal_stiffness,final_p_ratio,0.48500050185045995,0.235225486795198,76
4,1,1,2,test,vertical_minus_horizontal_stiffness,final_p_ratio,0.20293221595526587,0.04118148427251466,76
4,1,1,2,test,vertical_over_horizontal_stiffness,final_p_ratio,0.4905223962064415,0.24061222118010916,76
4,1,1,2,test,horizontal_edge_fraction,final_p_ratio,0.07123739849696997,0.005074766944616099,76
4,1,1,2,test,vertical_edge_fraction,final_p_ratio,-0.07769172107131286,0.006036003523022679,76
4,1,1,2,test,diagonal_edge_fraction,final_p_ratio,-0.0055885797048062895,3.1232223116972755e-05,76
4,1,1,2,test,edge_length_mean,final_p_ratio,0.15266770779237587,0.023307429002578265,76
4,1,1,2,test,edge_length_std,final_p_ratio,0.32824693727722354,0.10774605183187752,76
4,1,1,2,test,bbox_x_span,final_p_ratio,0.33889177001322507,0.11484763178269664,76
4,1,1,2,test,bbox_y_span,final_p_ratio,0.32194515454047545,0.10364868253209063,76
4,1,1,2,test,bbox_aspect_y_over_x,final_p_ratio,-0.11216942777480943,0.01258198052732819,76
4,1,1,2,test,descriptor_distance_to_train,final_p_ratio,0.7296965675285344,0.532457080662925,76
4,1,1,2,test,final_p_ratio_delta_to_train,final_p_ratio,1.0,1.0,76
4,1,1,4,test,stiffness_mean,final_p_ratio,-0.8840987200000727,0.781630546705767,76
4,1,1,4,test,stiffness_std,final_p_ratio,-0.9451778017037562,0.893361076833545,76
4,1,1,4,test,stiffness_min,final_p_ratio,0.8174329564469602,0.668196638285618,76
4,1,1,4,test,stiffness_max,final_p_ratio,-0.8418067229154993,0.7086385587457322,76
4,1,1,4,test,near_zero_stiffness_edge_count,final_p_ratio,-0.47952497101795166,0.22994419782976738,76
4,1,1,4,test,near_zero_stiffness_edge_fraction,final_p_ratio,-0.4681196771018375,0.2191360320899286,76
4,1,1,4,test,horizontal_stiffness,final_p_ratio,-0.9320262365210382,0.8686729055635702,76
4,1,1,4,test,vertical_stiffness,final_p_ratio,-0.8327239634779823,0.69342919935048,76
4,1,1,4,test,diagonal_stiffness,final_p_ratio,0.5116406967432136,0.261776202563881,76
4,1,1,4,test,vertical_minus_horizontal_stiffness,final_p_ratio,0.03879524740946582,0.0015050712215616644,76
4,1,1,4,test,vertical_over_horizontal_stiffness,final_p_ratio,0.3037447089505073,0.0922608482154284,76
4,1,1,4,test,horizontal_edge_fraction,final_p_ratio,0.1077081909144201,0.01160105439005717,76
4,1,1,4,test,vertical_edge_fraction,final_p_ratio,0.013138777959679118,0.00017262748627374977,76
4,1,1,4,test,diagonal_edge_fraction,final_p_ratio,-0.09508288070416669,0.009040754203002795,76
4,1,1,4,test,edge_length_mean,final_p_ratio,0.12315715420982853,0.015167684633063486,76
4,1,1,4,test,edge_length_std,final_p_ratio,0.19320513126493133,0.03732822274709934,76
4,1,1,4,test,bbox_x_span,final_p_ratio,0.1947600495586996,0.03793147690410713,76
4,1,1,4,test,bbox_y_span,final_p_ratio,0.17802505254336792,0.03169291933306891,76
4,1,1,4,test,bbox_aspect_y_over_x,final_p_ratio,-0.14497384293761717,0.021017415136100892,76
4,1,1,4,test,descriptor_distance_to_train,final_p_ratio,-0.6889058114182113,0.4745912170057841,76
4,1,1,4,test,final_p_ratio_delta_to_train,final_p_ratio,1.0,1.0,76
