dataset,split,sim_idx,frame,frame_frac,p_ratio,final_p_ratio,z0,pc1,case,latent_dim,pc1_formula,z1
dePablo CV1,test,26,0,0.0,,0.40844515428566636,-5.222385406494141,-4.267325466982357,least auxetic,1,1.000*z0,
dePablo CV1,test,26,1,0.007751937984496124,0.37318255250403876,0.40844515428566636,-5.161314487457275,-4.206254547945492,least auxetic,1,1.000*z0,
dePablo CV1,test,26,2,0.015503875968992248,0.3817204301075269,0.40844515428566636,-5.102056980133057,-4.146997040621273,least auxetic,1,1.000*z0,
dePablo CV1,test,26,3,0.023255813953488372,0.387941862551588,0.40844515428566636,-5.043351173400879,-4.0882912338890955,least auxetic,1,1.000*z0,
dePablo CV1,test,26,4,0.031007751937984496,0.3925636535093628,0.40844515428566636,-4.985293865203857,-4.030233925692074,least auxetic,1,1.000*z0,
dePablo CV1,test,26,5,0.03875968992248062,0.3940504419055831,0.40844515428566636,-4.926879405975342,-3.9718194664635584,least auxetic,1,1.000*z0,
dePablo CV1,test,26,6,0.046511627906976744,0.39735872787709997,0.40844515428566636,-4.8688273429870605,-3.913767403475277,least auxetic,1,1.000*z0,
dePablo CV1,test,26,7,0.05426356589147287,0.3977981368850566,0.40844515428566636,-4.81050443649292,-3.8554444969811366,least auxetic,1,1.000*z0,
dePablo CV1,test,26,8,0.06201550387596899,0.3998651836872262,0.40844515428566636,-4.752711772918701,-3.797651833406918,least auxetic,1,1.000*z0,
dePablo CV1,test,26,9,0.06976744186046512,0.399748322147651,0.40844515428566636,-4.693995952606201,-3.738936013094418,least auxetic,1,1.000*z0,
dePablo CV1,test,26,10,0.07751937984496124,0.40160707544626006,0.40844515428566636,-4.6365437507629395,-3.681483811251156,least auxetic,1,1.000*z0,
dePablo CV1,test,26,11,0.08527131782945736,0.40169641106099235,0.40844515428566636,-4.578159332275391,-3.6230993927636073,least auxetic,1,1.000*z0,
dePablo CV1,test,26,12,0.09302325581395349,0.4027690371302706,0.40844515428566636,-4.520489692687988,-3.565429753176205,least auxetic,1,1.000*z0,
dePablo CV1,test,26,13,0.10077519379844961,0.40265560165975106,0.40844515428566636,-4.461970806121826,-3.506910866610043,least auxetic,1,1.000*z0,
dePablo CV1,test,26,14,0.10852713178294573,0.403654164899973,0.40844515428566636,-4.404483795166016,-3.4494238556542323,least auxetic,1,1.000*z0,
dePablo CV1,test,26,15,0.11627906976744186,0.40327338129496404,0.40844515428566636,-4.34619140625,-3.3911314667382166,least auxetic,1,1.000*z0,
dePablo CV1,test,26,16,0.12403100775193798,0.40417566109012415,0.40844515428566636,-4.288712501525879,-3.3336525620140955,least auxetic,1,1.000*z0,
dePablo CV1,test,26,17,0.13178294573643412,0.4041850569967929,0.40844515428566636,-4.230734825134277,-3.275674885622494,least auxetic,1,1.000*z0,
dePablo CV1,test,26,18,0.13953488372093023,0.40468407952739377,0.40844515428566636,-4.173224449157715,-3.2181645096459315,least auxetic,1,1.000*z0,
dePablo CV1,test,26,19,0.14728682170542637,0.40460900204591954,0.40844515428566636,-4.1146063804626465,-3.159546440950863,least auxetic,1,1.000*z0,
dePablo CV1,test,26,20,0.15503875968992248,0.40517194838848997,0.40844515428566636,-4.0570855140686035,-3.10202557455682,least auxetic,1,1.000*z0,
dePablo CV1,test,26,21,0.16279069767441862,0.40515866892969193,0.40844515428566636,-3.9987831115722656,-3.0437231720604823,least auxetic,1,1.000*z0,
dePablo CV1,test,26,22,0.17054263565891473,0.4055321028863145,0.40844515428566636,-3.9415149688720703,-2.986455029360287,least auxetic,1,1.000*z0,
dePablo CV1,test,26,23,0.17829457364341086,0.40549868519909843,0.40844515428566636,-3.88303542137146,-2.9279754818596766,least auxetic,1,1.000*z0,
dePablo CV1,test,26,24,0.18604651162790697,0.40582318925365074,0.40844515428566636,-3.8257503509521484,-2.870690411440365,least auxetic,1,1.000*z0,
dePablo CV1,test,26,25,0.1937984496124031,0.4057335436064724,0.40844515428566636,-3.767526626586914,-2.8124666870751307,least auxetic,1,1.000*z0,
dePablo CV1,test,26,26,0.20155038759689922,0.4059825508932281,0.40844515428566636,-3.7101385593414307,-2.7550786198296473,least auxetic,1,1.000*z0,
dePablo CV1,test,26,27,0.20930232558139536,0.4059374249819957,0.40844515428566636,-3.6519253253936768,-2.6968653858818934,least auxetic,1,1.000*z0,
dePablo CV1,test,26,28,0.21705426356589147,0.4061577637594768,0.40844515428566636,-3.5944435596466064,-2.639383620134823,least auxetic,1,1.000*z0,
dePablo CV1,test,26,29,0.2248062015503876,0.4062208977463215,0.40844515428566636,-3.5361685752868652,-2.581108635775082,least auxetic,1,1.000*z0,
dePablo CV1,test,26,30,0.23255813953488372,0.40637773016187406,0.40844515428566636,-3.479112386703491,-2.524052447191708,least auxetic,1,1.000*z0,
dePablo CV1,test,26,31,0.24031007751937986,0.40619282440885884,0.40844515428566636,-3.4206390380859375,-2.465579098574154,least auxetic,1,1.000*z0,
dePablo CV1,test,26,32,0.24806201550387597,0.4064720876449636,0.40844515428566636,-3.363460063934326,-2.408400124422543,least auxetic,1,1.000*z0,
dePablo CV1,test,26,33,0.2558139534883721,0.40651910546478504,0.40844515428566636,-3.3052783012390137,-2.3502183617272303,least auxetic,1,1.000*z0,
dePablo CV1,test,26,34,0.26356589147286824,0.40666709037752635,0.40844515428566636,-3.2479138374328613,-2.292853897921078,least auxetic,1,1.000*z0,
dePablo CV1,test,26,35,0.2713178294573643,0.40654760986000277,0.40844515428566636,-3.1896979808807373,-2.234638041368954,least auxetic,1,1.000*z0,
dePablo CV1,test,26,36,0.27906976744186046,0.4067292973557043,0.40844515428566636,-3.13240909576416,-2.177349156252377,least auxetic,1,1.000*z0,
dePablo CV1,test,26,37,0.2868217054263566,0.40662597827356617,0.40844515428566636,-3.074094295501709,-2.1190343559899256,least auxetic,1,1.000*z0,
dePablo CV1,test,26,38,0.29457364341085274,0.40686399954505387,0.40844515428566636,-3.0172667503356934,-2.06220681082391,least auxetic,1,1.000*z0,
dePablo CV1,test,26,39,0.3023255813953488,0.406774260580453,0.40844515428566636,-2.958702564239502,-2.0036426247277186,least auxetic,1,1.000*z0,
dePablo CV1,test,26,40,0.31007751937984496,0.40700266111929106,0.40844515428566636,-2.9016876220703125,-1.9466276825585291,least auxetic,1,1.000*z0,
dePablo CV1,test,26,41,0.3178294573643411,0.40691345659651296,0.40844515428566636,-2.8435816764831543,-1.888521736971371,least auxetic,1,1.000*z0,
dePablo CV1,test,26,42,0.32558139534883723,0.4071095900985513,0.40844515428566636,-2.786364793777466,-1.8313048542656825,least auxetic,1,1.000*z0,
dePablo CV1,test,26,43,0.3333333333333333,0.40701926339201566,0.40844515428566636,-2.728318691253662,-1.7732587517418787,least auxetic,1,1.000*z0,
dePablo CV1,test,26,44,0.34108527131782945,0.407154523461581,0.40844515428566636,-2.6709561347961426,-1.7158961952843592,least auxetic,1,1.000*z0,
dePablo CV1,test,26,45,0.3488372093023256,0.4070485110470701,0.40844515428566636,-2.613034248352051,-1.6579743088402674,least auxetic,1,1.000*z0,
dePablo CV1,test,26,46,0.35658914728682173,0.40718464393957193,0.40844515428566636,-2.5559637546539307,-1.6009038151421473,least auxetic,1,1.000*z0,
dePablo CV1,test,26,47,0.3643410852713178,0.4071561616115161,0.40844515428566636,-2.4977593421936035,-1.5426994026818202,least auxetic,1,1.000*z0,
dePablo CV1,test,26,48,0.37209302325581395,0.40728398536448074,0.40844515428566636,-2.440633535385132,-1.4855735958733485,least auxetic,1,1.000*z0,
dePablo CV1,test,26,49,0.3798449612403101,0.40725219462702367,0.40844515428566636,-2.3828158378601074,-1.427755898348324,least auxetic,1,1.000*z0,
dePablo CV1,test,26,50,0.3875968992248062,0.40731093072774244,0.40844515428566636,-2.32548451423645,-1.3704245747246668,least auxetic,1,1.000*z0,
dePablo CV1,test,26,51,0.3953488372093023,0.40731792605779316,0.40844515428566636,-2.267763137817383,-1.3127031983055995,least auxetic,1,1.000*z0,
dePablo CV1,test,26,52,0.40310077519379844,0.40740394308816347,0.40844515428566636,-2.2103309631347656,-1.2552710236229823,least auxetic,1,1.000*z0,
dePablo CV1,test,26,53,0.4108527131782946,0.4074043863495009,0.40844515428566636,-2.1527323722839355,-1.1976724327721522,least auxetic,1,1.000*z0,
dePablo CV1,test,26,54,0.4186046511627907,0.4074155616712534,0.40844515428566636,-2.095221996307373,-1.1401620567955897,least auxetic,1,1.000*z0,
dePablo CV1,test,26,55,0.4263565891472868,0.40746600110054243,0.40844515428566636,-2.038144588470459,-1.0830846489586756,least auxetic,1,1.000*z0,
dePablo CV1,test,26,56,0.43410852713178294,0.4073884637283948,0.40844515428566636,-1.9800142049789429,-1.0249542654671595,least auxetic,1,1.000*z0,
dePablo CV1,test,26,57,0.4418604651162791,0.4075113542624707,0.40844515428566636,-1.9230586290359497,-0.9679986895241663,least auxetic,1,1.000*z0,
dePablo CV1,test,26,58,0.4496124031007752,0.4074640078274239,0.40844515428566636,-1.8651143312454224,-0.910054391733639,least auxetic,1,1.000*z0,
dePablo CV1,test,26,59,0.4573643410852713,0.4075760351777208,0.40844515428566636,-1.808037281036377,-0.8529773415245936,least auxetic,1,1.000*z0,
dePablo CV1,test,26,60,0.46511627906976744,0.40751984001873653,0.40844515428566636,-1.7502453327178955,-0.7951853932061121,least auxetic,1,1.000*z0,
dePablo CV1,test,26,61,0.4728682170542636,0.4076325326292099,0.40844515428566636,-1.6933714151382446,-0.7383114756264613,least auxetic,1,1.000*z0,
dePablo CV1,test,26,62,0.4806201550387597,0.40755463730592534,0.40844515428566636,-1.6350888013839722,-0.6800288618721888,least auxetic,1,1.000*z0,
dePablo CV1,test,26,63,0.4883720930232558,0.4076562084437924,0.40844515428566636,-1.5785318613052368,-0.6234719217934535,least auxetic,1,1.000*z0,
dePablo CV1,test,26,64,0.49612403100775193,0.4076348127190575,0.40844515428566636,-1.5206152200698853,-0.5655552805581019,least auxetic,1,1.000*z0,
dePablo CV1,test,26,65,0.5038759689922481,0.4077388129828442,0.40844515428566636,-1.4634604454040527,-0.5084005058922694,least auxetic,1,1.000*z0,
dePablo CV1,test,26,66,0.5116279069767442,0.4076491544162811,0.40844515428566636,-1.4056817293167114,-0.45062178980492806,least auxetic,1,1.000*z0,
dePablo CV1,test,26,67,0.5193798449612403,0.40775610307049387,0.40844515428566636,-1.3487391471862793,-0.39367920767449593,least auxetic,1,1.000*z0,
dePablo CV1,test,26,68,0.5271317829457365,0.40775657178286684,0.40844515428566636,-1.2909342050552368,-0.33587426554345345,least auxetic,1,1.000*z0,
dePablo CV1,test,26,69,0.5348837209302325,0.4077506384445454,0.40844515428566636,-1.2337559461593628,-0.27869600664757943,least auxetic,1,1.000*z0,
dePablo CV1,test,26,70,0.5426356589147286,0.4078272687959474,0.40844515428566636,-1.176573634147644,-0.22151369463586068,least auxetic,1,1.000*z0,
dePablo CV1,test,26,71,0.5503875968992248,0.4078236109207741,0.40844515428566636,-1.119131326675415,-0.16407138716363168,least auxetic,1,1.000*z0,
dePablo CV1,test,26,72,0.5581395348837209,0.4078470235816122,0.40844515428566636,-1.06194269657135,-0.10688275705956674,least auxetic,1,1.000*z0,
dePablo CV1,test,26,73,0.5658914728682171,0.4078017860580839,0.40844515428566636,-1.0043052434921265,-0.0492453039803431,least auxetic,1,1.000*z0,
dePablo CV1,test,26,74,0.5736434108527132,0.4078908920901148,0.40844515428566636,-0.9475434422492981,0.007516497262485267,least auxetic,1,1.000*z0,
dePablo CV1,test,26,75,0.5813953488372093,0.40781156526815765,0.40844515428566636,-0.8894950747489929,0.06556486476279044,least auxetic,1,1.000*z0,
dePablo CV1,test,26,76,0.5891472868217055,0.40791111553699844,0.40844515428566636,-0.8329315185546875,0.12212842095709586,least auxetic,1,1.000*z0,
dePablo CV1,test,26,77,0.5968992248062015,0.40785464552998496,0.40844515428566636,-0.774975597858429,0.1800843416533544,least auxetic,1,1.000*z0,
dePablo CV1,test,26,78,0.6046511627906976,0.4079703364868143,0.40844515428566636,-0.7180413603782654,0.23701857913351798,least auxetic,1,1.000*z0,
dePablo CV1,test,26,79,0.6124031007751938,0.40790365073391044,0.40844515428566636,-0.6605647206306458,0.2944952188811376,least auxetic,1,1.000*z0,
dePablo CV1,test,26,80,0.6201550387596899,0.4079725373860511,0.40844515428566636,-0.6035544872283936,0.3515054522833898,least auxetic,1,1.000*z0,
dePablo CV1,test,26,81,0.627906976744186,0.4080066210137092,0.40844515428566636,-0.5463524460792542,0.4087074934325292,least auxetic,1,1.000*z0,
dePablo CV1,test,26,82,0.6356589147286822,0.40796265896639705,0.40844515428566636,-0.48899951577186584,0.4660604237399175,least auxetic,1,1.000*z0,
dePablo CV1,test,26,83,0.6434108527131783,0.407991663138698,0.40844515428566636,-0.43196573853492737,0.523094200976856,least auxetic,1,1.000*z0,
dePablo CV1,test,26,84,0.6511627906976745,0.40796637876662073,0.40844515428566636,-0.37450501322746277,0.5805549262843206,least auxetic,1,1.000*z0,
dePablo CV1,test,26,85,0.6589147286821705,0.4080215230208552,0.40844515428566636,-0.3177395462989807,0.6373203932128026,least auxetic,1,1.000*z0,
dePablo CV1,test,26,86,0.6666666666666666,0.40794428065852417,0.40844515428566636,-0.25995105504989624,0.6951088844618871,least auxetic,1,1.000*z0,
dePablo CV1,test,26,87,0.6744186046511628,0.4080633334576141,0.40844515428566636,-0.2031102329492569,0.7519497065625265,least auxetic,1,1.000*z0,
dePablo CV1,test,26,88,0.6821705426356589,0.4080210848369796,0.40844515428566636,-0.14588208496570587,0.8091778545460775,least auxetic,1,1.000*z0,
dePablo CV1,test,26,89,0.689922480620155,0.40808664961698976,0.40844515428566636,-0.08897527307271957,0.8660846664390638,least auxetic,1,1.000*z0,
dePablo CV1,test,26,90,0.6976744186046512,0.4080604080063436,0.40844515428566636,-0.03161999583244324,0.9234399436793401,least auxetic,1,1.000*z0,
dePablo CV1,test,26,91,0.7054263565891473,0.40808602917149395,0.40844515428566636,0.025277933105826378,0.9803378726176097,least auxetic,1,1.000*z0,
dePablo CV1,test,26,92,0.7131782945736435,0.4080895099635073,0.40844515428566636,0.08243238180875778,1.0374923213205411,least auxetic,1,1.000*z0,
dePablo CV1,test,26,93,0.7209302325581395,0.4080759459820832,0.40844515428566636,0.1398782879114151,1.0949382274231985,least auxetic,1,1.000*z0,
dePablo CV1,test,26,94,0.7286821705426356,0.40813615082879917,0.40844515428566636,0.19657345116138458,1.151633390673168,least auxetic,1,1.000*z0,
dePablo CV1,test,26,95,0.7364341085271318,0.40812238207976687,0.40844515428566636,0.25416162610054016,1.2092215656123235,least auxetic,1,1.000*z0,
dePablo CV1,test,26,96,0.7441860465116279,0.40819878015127026,0.40844515428566636,0.3105154037475586,1.265575343259342,least auxetic,1,1.000*z0,
dePablo CV1,test,26,97,0.751937984496124,0.4081187887030338,0.40844515428566636,0.36806926131248474,1.323129200824268,least auxetic,1,1.000*z0,
dePablo CV1,test,26,98,0.7596899224806202,0.40816855717879685,0.40844515428566636,0.4247455894947052,1.3798055290064886,least auxetic,1,1.000*z0,
dePablo CV1,test,26,99,0.7674418604651163,0.4081406398479569,0.40844515428566636,0.482092022895813,1.4371519624075964,least auxetic,1,1.000*z0,
dePablo CV1,test,26,100,0.7751937984496124,0.4081621618699007,0.40844515428566636,0.5391339063644409,1.4941938458762243,least auxetic,1,1.000*z0,
dePablo CV1,test,26,101,0.7829457364341085,0.40822149537213,0.40844515428566636,0.5957766175270081,1.5508365570387914,least auxetic,1,1.000*z0,
dePablo CV1,test,26,102,0.7906976744186046,0.4082133542545748,0.40844515428566636,0.6531642079353333,1.6082241474471166,least auxetic,1,1.000*z0,
dePablo CV1,test,26,103,0.7984496124031008,0.4082459722929451,0.40844515428566636,0.7095888257026672,1.6646487652144506,least auxetic,1,1.000*z0,
dePablo CV1,test,26,104,0.8062015503875969,0.40822385010112144,0.40844515428566636,0.7673079967498779,1.7223679362616613,least auxetic,1,1.000*z0,
dePablo CV1,test,26,105,0.813953488372093,0.40827214023090314,0.40844515428566636,0.8235499262809753,1.7786098657927587,least auxetic,1,1.000*z0,
dePablo CV1,test,26,106,0.8217054263565892,0.4082063628897742,0.40844515428566636,0.8808833360671997,1.835943275578983,least auxetic,1,1.000*z0,
dePablo CV1,test,26,107,0.8294573643410853,0.40824978776731213,0.40844515428566636,0.9377566576004028,1.8928165971121862,least auxetic,1,1.000*z0,
dePablo CV1,test,26,108,0.8372093023255814,0.40825777639819966,0.40844515428566636,0.9947463274002075,1.9498062669119909,least auxetic,1,1.000*z0,
dePablo CV1,test,26,109,0.8449612403100775,0.4082376752353834,0.40844515428566636,1.0519546270370483,2.0070145665488317,least auxetic,1,1.000*z0,
dePablo CV1,test,26,110,0.8527131782945736,0.4082905680410547,0.40844515428566636,1.1084706783294678,2.063530617841251,least auxetic,1,1.000*z0,
dePablo CV1,test,26,111,0.8604651162790697,0.40827451152322913,0.40844515428566636,1.1657971143722534,2.120857053884037,least auxetic,1,1.000*z0,
dePablo CV1,test,26,112,0.8682170542635659,0.4083145047602495,0.40844515428566636,1.222355842590332,2.1774157821021154,least auxetic,1,1.000*z0,
dePablo CV1,test,26,113,0.875968992248062,0.40826502438067347,0.40844515428566636,1.2795449495315552,2.2346048890433385,least auxetic,1,1.000*z0,
dePablo CV1,test,26,114,0.8837209302325582,0.4082940434291786,0.40844515428566636,1.336240291595459,2.2913002311072423,least auxetic,1,1.000*z0,
dePablo CV1,test,26,115,0.8914728682170543,0.4083383878991344,0.40844515428566636,1.3927735090255737,2.347833448537357,least auxetic,1,1.000*z0,
dePablo CV1,test,26,116,0.8992248062015504,0.4083245153200356,0.40844515428566636,1.4503852128982544,2.4054451524100378,least auxetic,1,1.000*z0,
dePablo CV1,test,26,117,0.9069767441860465,0.4083707688610356,0.40844515428566636,1.5065850019454956,2.461644941457279,least auxetic,1,1.000*z0,
dePablo CV1,test,26,118,0.9147286821705426,0.4083164541880138,0.40844515428566636,1.5637177228927612,2.5187776624045446,least auxetic,1,1.000*z0,
dePablo CV1,test,26,119,0.9224806201550387,0.4083545764775913,0.40844515428566636,1.6203490495681763,2.5754089890799596,least auxetic,1,1.000*z0,
dePablo CV1,test,26,120,0.9302325581395349,0.4083428715628577,0.40844515428566636,1.6777781248092651,2.6328380643210485,least auxetic,1,1.000*z0,
dePablo CV1,test,26,121,0.937984496124031,0.4083301678099792,0.40844515428566636,1.7341378927230835,2.689197832234867,least auxetic,1,1.000*z0,
dePablo CV1,test,26,122,0.9457364341085271,0.40837185800463627,0.40844515428566636,1.7904490232467651,2.7455089627585485,least auxetic,1,1.000*z0,
dePablo CV1,test,26,123,0.9534883720930233,0.40835769712690423,0.40844515428566636,1.8479279279708862,2.8029878674826696,least auxetic,1,1.000*z0,
dePablo CV1,test,26,124,0.9612403100775194,0.4084244771224728,0.40844515428566636,1.9039969444274902,2.8590568839392736,least auxetic,1,1.000*z0,
dePablo CV1,test,26,125,0.9689922480620154,0.4083537020613874,0.40844515428566636,1.9612716436386108,2.916331583150394,least auxetic,1,1.000*z0,
dePablo CV1,test,26,126,0.9767441860465116,0.4083989613956782,0.40844515428566636,2.0176870822906494,2.9727470218024328,least auxetic,1,1.000*z0,
dePablo CV1,test,26,127,0.9844961240310077,0.4084086641431023,0.40844515428566636,2.07437801361084,3.029437953122623,least auxetic,1,1.000*z0,
dePablo CV1,test,26,128,0.9922480620155039,0.4083725174585873,0.40844515428566636,2.1317355632781982,3.0867955027899816,least auxetic,1,1.000*z0,
dePablo CV1,test,26,129,1.0,0.40844515428566636,0.40844515428566636,2.1876702308654785,3.142730170377262,least auxetic,1,1.000*z0,
dePablo CV1,test,31,0,0.0,,-0.5734598575106268,-2.6618564128875732,-1.7067964733757899,most auxetic,1,1.000*z0,
dePablo CV1,test,31,1,0.00909090909090909,0.021750951604132682,-0.5734598575106268,-2.6167168617248535,-1.6616569222130702,most auxetic,1,1.000*z0,
dePablo CV1,test,31,2,0.01818181818181818,-0.10762942779291552,-0.5734598575106268,-2.5791211128234863,-1.624061173311703,most auxetic,1,1.000*z0,
dePablo CV1,test,31,3,0.02727272727272727,-0.19130751045644662,-0.5734598575106268,-2.5460660457611084,-1.591006106249325,most auxetic,1,1.000*z0,
dePablo CV1,test,31,4,0.03636363636363636,-0.24627375905920962,-0.5734598575106268,-2.516231060028076,-1.5611711205162928,most auxetic,1,1.000*z0,
dePablo CV1,test,31,5,0.045454545454545456,-0.28460103171989903,-0.5734598575106268,-2.486891508102417,-1.5318315685906336,most auxetic,1,1.000*z0,
dePablo CV1,test,31,6,0.05454545454545454,-0.3108566193311956,-0.5734598575106268,-2.457592010498047,-1.5025320709862635,most auxetic,1,1.000*z0,
dePablo CV1,test,31,7,0.06363636363636363,-0.3310794873810834,-0.5734598575106268,-2.4277021884918213,-1.472642248980038,most auxetic,1,1.000*z0,
dePablo CV1,test,31,8,0.07272727272727272,-0.3485359972442301,-0.5734598575106268,-2.3998210430145264,-1.444761103502743,most auxetic,1,1.000*z0,
dePablo CV1,test,31,9,0.08181818181818182,-0.36444989273674533,-0.5734598575106268,-2.371889591217041,-1.4168296517052577,most auxetic,1,1.000*z0,
dePablo CV1,test,31,10,0.09090909090909091,-0.3775104833370117,-0.5734598575106268,-2.345597267150879,-1.3905373276390955,most auxetic,1,1.000*z0,
dePablo CV1,test,31,11,0.1,-0.38968337598474584,-0.5734598575106268,-2.3179585933685303,-1.362898653856747,most auxetic,1,1.000*z0,
dePablo CV1,test,31,12,0.10909090909090909,-0.4008097165991903,-0.5734598575106268,-2.29217791557312,-1.3371179760613368,most auxetic,1,1.000*z0,
dePablo CV1,test,31,13,0.11818181818181818,-0.41090013168514505,-0.5734598575106268,-2.2646007537841797,-1.3095408142723963,most auxetic,1,1.000*z0,
dePablo CV1,test,31,14,0.12727272727272726,-0.4198193222612332,-0.5734598575106268,-2.2384915351867676,-1.2834315956749842,most auxetic,1,1.000*z0,
dePablo CV1,test,31,15,0.13636363636363635,-0.42786124613345117,-0.5734598575106268,-2.2122862339019775,-1.2572262943901942,most auxetic,1,1.000*z0,
dePablo CV1,test,31,16,0.14545454545454545,-0.4352734051367026,-0.5734598575106268,-2.186568021774292,-1.2315080822625086,most auxetic,1,1.000*z0,
dePablo CV1,test,31,17,0.15454545454545454,-0.4420652456459579,-0.5734598575106268,-2.161892890930176,-1.2068329514183924,most auxetic,1,1.000*z0,
dePablo CV1,test,31,18,0.16363636363636364,-0.4484736922840927,-0.5734598575106268,-2.1351165771484375,-1.1800566376366541,most auxetic,1,1.000*z0,
dePablo CV1,test,31,19,0.17272727272727273,-0.4545190267158929,-0.5734598575106268,-2.1097002029418945,-1.1546402634301112,most auxetic,1,1.000*z0,
dePablo CV1,test,31,20,0.18181818181818182,-0.459887879373671,-0.5734598575106268,-2.0847902297973633,-1.12973029028558,most auxetic,1,1.000*z0,
dePablo CV1,test,31,21,0.19090909090909092,-0.46468577438864056,-0.5734598575106268,-2.0592970848083496,-1.1042371452965662,most auxetic,1,1.000*z0,
dePablo CV1,test,31,22,0.2,-0.4692064448125282,-0.5734598575106268,-2.034237861633301,-1.0791779221215174,most auxetic,1,1.000*z0,
dePablo CV1,test,31,23,0.20909090909090908,-0.47348839442164137,-0.5734598575106268,-2.009204149246216,-1.0541442097344325,most auxetic,1,1.000*z0,
dePablo CV1,test,31,24,0.21818181818181817,-0.47761194029850745,-0.5734598575106268,-1.9832876920700073,-1.028227752558224,most auxetic,1,1.000*z0,
dePablo CV1,test,31,25,0.22727272727272727,-0.4814111621335217,-0.5734598575106268,-1.9588398933410645,-1.003779953829281,most auxetic,1,1.000*z0,
dePablo CV1,test,31,26,0.23636363636363636,-0.48487678560057734,-0.5734598575106268,-1.9340968132019043,-0.9790368736901209,most auxetic,1,1.000*z0,
dePablo CV1,test,31,27,0.24545454545454545,-0.4883212424644937,-0.5734598575106268,-1.9094208478927612,-0.9543609083809779,most auxetic,1,1.000*z0,
dePablo CV1,test,31,28,0.2545454545454545,-0.4916553368406534,-0.5734598575106268,-1.8851314783096313,-0.930071538797848,most auxetic,1,1.000*z0,
dePablo CV1,test,31,29,0.2636363636363636,-0.4946357237968423,-0.5734598575106268,-1.8591837882995605,-0.9041238487877772,most auxetic,1,1.000*z0,
dePablo CV1,test,31,30,0.2727272727272727,-0.49734350583693354,-0.5734598575106268,-1.8351844549179077,-0.8801245154061244,most auxetic,1,1.000*z0,
dePablo CV1,test,31,31,0.2818181818181818,-0.49977763942008363,-0.5734598575106268,-1.8115627765655518,-0.8565028370537684,most auxetic,1,1.000*z0,
dePablo CV1,test,31,32,0.2909090909090909,-0.5022572196567647,-0.5734598575106268,-1.7860527038574219,-0.8309927643456385,most auxetic,1,1.000*z0,
dePablo CV1,test,31,33,0.3,-0.5048363654588283,-0.5734598575106268,-1.7619904279708862,-0.8069304884591029,most auxetic,1,1.000*z0,
dePablo CV1,test,31,34,0.3090909090909091,-0.5071246778089387,-0.5734598575106268,-1.7367841005325317,-0.7817241610207484,most auxetic,1,1.000*z0,
dePablo CV1,test,31,35,0.3181818181818182,-0.5092824413056828,-0.5734598575106268,-1.713318943977356,-0.7582590044655726,most auxetic,1,1.000*z0,
dePablo CV1,test,31,36,0.32727272727272727,-0.5113199748955256,-0.5734598575106268,-1.6884263753890991,-0.7333664358773158,most auxetic,1,1.000*z0,
dePablo CV1,test,31,37,0.33636363636363636,-0.513290149653786,-0.5734598575106268,-1.6643134355545044,-0.709253496042721,most auxetic,1,1.000*z0,
dePablo CV1,test,31,38,0.34545454545454546,-0.5154849934754241,-0.5734598575106268,-1.6400426626205444,-0.6849827231087611,most auxetic,1,1.000*z0,
dePablo CV1,test,31,39,0.35454545454545455,-0.5172394310493382,-0.5734598575106268,-1.6156456470489502,-0.6605857075371668,most auxetic,1,1.000*z0,
dePablo CV1,test,31,40,0.36363636363636365,-0.5189826353984495,-0.5734598575106268,-1.591437816619873,-0.6363778771080897,most auxetic,1,1.000*z0,
dePablo CV1,test,31,41,0.37272727272727274,-0.5206802520048897,-0.5734598575106268,-1.5679970979690552,-0.6129371584572718,most auxetic,1,1.000*z0,
dePablo CV1,test,31,42,0.38181818181818183,-0.5223947133791367,-0.5734598575106268,-1.5439791679382324,-0.5889192284264491,most auxetic,1,1.000*z0,
dePablo CV1,test,31,43,0.39090909090909093,-0.5240613635199508,-0.5734598575106268,-1.5189894437789917,-0.5639295042672083,most auxetic,1,1.000*z0,
dePablo CV1,test,31,44,0.4,-0.5254069745617438,-0.5734598575106268,-1.4959264993667603,-0.5408665598549769,most auxetic,1,1.000*z0,
dePablo CV1,test,31,45,0.4090909090909091,-0.5269435439476421,-0.5734598575106268,-1.4717035293579102,-0.5166435898461268,most auxetic,1,1.000*z0,
dePablo CV1,test,31,46,0.41818181818181815,-0.5283355271030274,-0.5734598575106268,-1.4482063055038452,-0.49314636599206185,most auxetic,1,1.000*z0,
dePablo CV1,test,31,47,0.42727272727272725,-0.5296397789020049,-0.5734598575106268,-1.4246770143508911,-0.46961707483910775,most auxetic,1,1.000*z0,
dePablo CV1,test,31,48,0.43636363636363634,-0.5309737557183641,-0.5734598575106268,-1.4003374576568604,-0.445277518145077,most auxetic,1,1.000*z0,
dePablo CV1,test,31,49,0.44545454545454544,-0.532276903034523,-0.5734598575106268,-1.3760873079299927,-0.4210273684182093,most auxetic,1,1.000*z0,
dePablo CV1,test,31,50,0.45454545454545453,-0.533466863293201,-0.5734598575106268,-1.3526536226272583,-0.39759368311547494,most auxetic,1,1.000*z0,
dePablo CV1,test,31,51,0.4636363636363636,-0.5347409533262845,-0.5734598575106268,-1.3300913572311401,-0.3750314177193568,most auxetic,1,1.000*z0,
dePablo CV1,test,31,52,0.4727272727272727,-0.5358385967139577,-0.5734598575106268,-1.3056560754776,-0.35059613596581674,most auxetic,1,1.000*z0,
dePablo CV1,test,31,53,0.4818181818181818,-0.536998017499974,-0.5734598575106268,-1.2809834480285645,-0.3259235085167811,most auxetic,1,1.000*z0,
dePablo CV1,test,31,54,0.4909090909090909,-0.5380000203726152,-0.5734598575106268,-1.2576743364334106,-0.3026143969216273,most auxetic,1,1.000*z0,
dePablo CV1,test,31,55,0.5,-0.5389953899538995,-0.5734598575106268,-1.2343231439590454,-0.27926320444726205,most auxetic,1,1.000*z0,
dePablo CV1,test,31,56,0.509090909090909,-0.54007601724629,-0.5734598575106268,-1.2104883193969727,-0.2554283798851893,most auxetic,1,1.000*z0,
dePablo CV1,test,31,57,0.5181818181818182,-0.5411919073025306,-0.5734598575106268,-1.1866885423660278,-0.23162860285424447,most auxetic,1,1.000*z0,
dePablo CV1,test,31,58,0.5272727272727272,-0.5421707307823581,-0.5734598575106268,-1.162892460823059,-0.20783252131127572,most auxetic,1,1.000*z0,
dePablo CV1,test,31,59,0.5363636363636364,-0.5430746863991351,-0.5734598575106268,-1.1396361589431763,-0.1845762194313929,most auxetic,1,1.000*z0,
dePablo CV1,test,31,60,0.5454545454545454,-0.5439667179825526,-0.5734598575106268,-1.1169798374176025,-0.16191989790581918,most auxetic,1,1.000*z0,
dePablo CV1,test,31,61,0.5545454545454546,-0.5449162242791863,-0.5734598575106268,-1.0933825969696045,-0.13832265745782113,most auxetic,1,1.000*z0,
dePablo CV1,test,31,62,0.5636363636363636,-0.5458479272888495,-0.5734598575106268,-1.068623423576355,-0.11356348406457162,most auxetic,1,1.000*z0,
dePablo CV1,test,31,63,0.5727272727272728,-0.5468276891126604,-0.5734598575106268,-1.0459351539611816,-0.09087521444939828,most auxetic,1,1.000*z0,
dePablo CV1,test,31,64,0.5818181818181818,-0.5475292682717332,-0.5734598575106268,-1.0230152606964111,-0.06795532118462777,most auxetic,1,1.000*z0,
dePablo CV1,test,31,65,0.5909090909090909,-0.5483767304586086,-0.5734598575106268,-0.9999399781227112,-0.04488003861092782,most auxetic,1,1.000*z0,
dePablo CV1,test,31,66,0.6,-0.5491339107261826,-0.5734598575106268,-0.9755499958992004,-0.020490056387417077,most auxetic,1,1.000*z0,
dePablo CV1,test,31,67,0.6090909090909091,-0.5498872072515484,-0.5734598575106268,-0.9526031613349915,0.0024567781767919072,most auxetic,1,1.000*z0,
dePablo CV1,test,31,68,0.6181818181818182,-0.550704373338075,-0.5734598575106268,-0.9291275143623352,0.025932425149448157,most auxetic,1,1.000*z0,
dePablo CV1,test,31,69,0.6272727272727273,-0.5514379694008394,-0.5734598575106268,-0.9063165783882141,0.04874336112356925,most auxetic,1,1.000*z0,
dePablo CV1,test,31,70,0.6363636363636364,-0.5522008431266339,-0.5734598575106268,-0.8826330304145813,0.07242690909720206,most auxetic,1,1.000*z0,
dePablo CV1,test,31,71,0.6454545454545455,-0.5529120390077783,-0.5734598575106268,-0.8598934412002563,0.09516649831152701,most auxetic,1,1.000*z0,
dePablo CV1,test,31,72,0.6545454545454545,-0.5536536039989316,-0.5734598575106268,-0.8359405398368835,0.11911939967489982,most auxetic,1,1.000*z0,
dePablo CV1,test,31,73,0.6636363636363637,-0.5542985744177995,-0.5734598575106268,-0.8130702376365662,0.1419897018752172,most auxetic,1,1.000*z0,
dePablo CV1,test,31,74,0.6727272727272727,-0.554959944761636,-0.5734598575106268,-0.7907158732414246,0.1643440662703588,most auxetic,1,1.000*z0,
dePablo CV1,test,31,75,0.6818181818181818,-0.5556532249203384,-0.5734598575106268,-0.7672304511070251,0.18782948840475822,most auxetic,1,1.000*z0,
dePablo CV1,test,31,76,0.6909090909090909,-0.5563057527433602,-0.5734598575106268,-0.7426268458366394,0.21243309367514396,most auxetic,1,1.000*z0,
dePablo CV1,test,31,77,0.7,-0.556931681981622,-0.5734598575106268,-0.7205488681793213,0.23451107133246207,most auxetic,1,1.000*z0,
dePablo CV1,test,31,78,0.7090909090909091,-0.5575117784178539,-0.5734598575106268,-0.6979353427886963,0.2571245967230871,most auxetic,1,1.000*z0,
dePablo CV1,test,31,79,0.7181818181818181,-0.558136624369894,-0.5734598575106268,-0.6746599078178406,0.2804000316939428,most auxetic,1,1.000*z0,
dePablo CV1,test,31,80,0.7272727272727273,-0.5587786993298912,-0.5734598575106268,-0.6520881652832031,0.30297177422858024,most auxetic,1,1.000*z0,
dePablo CV1,test,31,81,0.7363636363636363,-0.5594019122533397,-0.5734598575106268,-0.629424512386322,0.32563542712546134,most auxetic,1,1.000*z0,
dePablo CV1,test,31,82,0.7454545454545455,-0.5599590092564065,-0.5734598575106268,-0.6059402823448181,0.34911965716696525,most auxetic,1,1.000*z0,
dePablo CV1,test,31,83,0.7545454545454545,-0.5605161290322581,-0.5734598575106268,-0.5829867124557495,0.37207322705603385,most auxetic,1,1.000*z0,
dePablo CV1,test,31,84,0.7636363636363637,-0.5610583712537267,-0.5734598575106268,-0.5606736540794373,0.3943862854323461,most auxetic,1,1.000*z0,
dePablo CV1,test,31,85,0.7727272727272727,-0.5616358702674764,-0.5734598575106268,-0.5374239683151245,0.41763597119665885,most auxetic,1,1.000*z0,
dePablo CV1,test,31,86,0.7818181818181819,-0.5622872832923598,-0.5734598575106268,-0.5135498046875,0.44151013482428336,most auxetic,1,1.000*z0,
dePablo CV1,test,31,87,0.7909090909090909,-0.5628404607858608,-0.5734598575106268,-0.49155697226524353,0.46350296724653983,most auxetic,1,1.000*z0,
dePablo CV1,test,31,88,0.8,-0.5633779086818967,-0.5734598575106268,-0.4689079821109772,0.4861519574008062,most auxetic,1,1.000*z0,
dePablo CV1,test,31,89,0.8090909090909091,-0.5638777663295965,-0.5734598575106268,-0.4457102119922638,0.5093497275195196,most auxetic,1,1.000*z0,
dePablo CV1,test,31,90,0.8181818181818182,-0.5643993240069064,-0.5734598575106268,-0.4231368601322174,0.531923079379566,most auxetic,1,1.000*z0,
dePablo CV1,test,31,91,0.8272727272727273,-0.5648467149761369,-0.5734598575106268,-0.4005360007286072,0.5545239387831762,most auxetic,1,1.000*z0,
dePablo CV1,test,31,92,0.8363636363636363,-0.5653455715163849,-0.5734598575106268,-0.37864160537719727,0.5764183341345861,most auxetic,1,1.000*z0,
dePablo CV1,test,31,93,0.8454545454545455,-0.5658924797203954,-0.5734598575106268,-0.3558041751384735,0.5992557643733099,most auxetic,1,1.000*z0,
dePablo CV1,test,31,94,0.8545454545454545,-0.5664081208312405,-0.5734598575106268,-0.3335111439228058,0.6215487955889776,most auxetic,1,1.000*z0,
dePablo CV1,test,31,95,0.8636363636363636,-0.5668400369856681,-0.5734598575106268,-0.30985012650489807,0.6452098130068853,most auxetic,1,1.000*z0,
dePablo CV1,test,31,96,0.8727272727272727,-0.5673559721380288,-0.5734598575106268,-0.28810253739356995,0.6669574021182134,most auxetic,1,1.000*z0,
dePablo CV1,test,31,97,0.8818181818181818,-0.5678015982613814,-0.5734598575106268,-0.2658490240573883,0.6892109154543951,most auxetic,1,1.000*z0,
dePablo CV1,test,31,98,0.8909090909090909,-0.568200532138356,-0.5734598575106268,-0.24243904650211334,0.71262089300967,most auxetic,1,1.000*z0,
dePablo CV1,test,31,99,0.9,-0.568706819114369,-0.5734598575106268,-0.21971850097179413,0.7353414385399892,most auxetic,1,1.000*z0,
dePablo CV1,test,31,100,0.9090909090909091,-0.5691419286843492,-0.5734598575106268,-0.19758106768131256,0.7574788718304708,most auxetic,1,1.000*z0,
dePablo CV1,test,31,101,0.9181818181818182,-0.5695892957103494,-0.5734598575106268,-0.17545102536678314,0.7796089141450002,most auxetic,1,1.000*z0,
dePablo CV1,test,31,102,0.9272727272727272,-0.570024808020363,-0.5734598575106268,-0.1523507982492447,0.8027091412625387,most auxetic,1,1.000*z0,
dePablo CV1,test,31,103,0.9363636363636364,-0.5704579607584009,-0.5734598575106268,-0.1302715390920639,0.8247884004197195,most auxetic,1,1.000*z0,
dePablo CV1,test,31,104,0.9454545454545454,-0.570877444823255,-0.5734598575106268,-0.10723864287137985,0.8478212966404035,most auxetic,1,1.000*z0,
dePablo CV1,test,31,105,0.9545454545454546,-0.5713083433087824,-0.5734598575106268,-0.08565825968980789,0.8694016798219755,most auxetic,1,1.000*z0,
dePablo CV1,test,31,106,0.9636363636363636,-0.5717133433780166,-0.5734598575106268,-0.06283567100763321,0.8922242685041502,most auxetic,1,1.000*z0,
dePablo CV1,test,31,107,0.9727272727272728,-0.5722258127391541,-0.5734598575106268,-0.04088820517063141,0.914171734341152,most auxetic,1,1.000*z0,
dePablo CV1,test,31,108,0.9818181818181818,-0.5726409293485718,-0.5734598575106268,-0.01806234009563923,0.9369975994161441,most auxetic,1,1.000*z0,
dePablo CV1,test,31,109,0.990909090909091,-0.573062108204728,-0.5734598575106268,0.00328834168612957,0.9583482811979129,most auxetic,1,1.000*z0,
dePablo CV1,test,31,110,1.0,-0.5734598575106268,-0.5734598575106268,0.025080326944589615,0.980140266456373,most auxetic,1,1.000*z0,
dePablo CV1,test,57,0,0.0,,-0.06735705102337672,-4.067995071411133,-3.1129351318993495,middle,1,1.000*z0,
dePablo CV1,test,57,1,0.008771929824561403,0.13333333333333333,-0.06735705102337672,-4.000540733337402,-3.045480793825619,middle,1,1.000*z0,
dePablo CV1,test,57,2,0.017543859649122806,0.07404371584699454,-0.06735705102337672,-3.937389373779297,-2.9823294342675135,middle,1,1.000*z0,
dePablo CV1,test,57,3,0.02631578947368421,0.04389799635701275,-0.06735705102337672,-3.8767876625061035,-2.92172772299432,middle,1,1.000*z0,
dePablo CV1,test,57,4,0.03508771929824561,0.02655590358164238,-0.06735705102337672,-3.8179914951324463,-2.862931555620663,middle,1,1.000*z0,
dePablo CV1,test,57,5,0.043859649122807015,0.015862668405041285,-0.06735705102337672,-3.758772611618042,-2.8037126721062586,middle,1,1.000*z0,
dePablo CV1,test,57,6,0.05263157894736842,0.007588761405727708,-0.06735705102337672,-3.7003135681152344,-2.745253628603451,middle,1,1.000*z0,
dePablo CV1,test,57,7,0.06140350877192982,0.0012359029816159431,-0.06735705102337672,-3.642249345779419,-2.6871894062676356,middle,1,1.000*z0,
dePablo CV1,test,57,8,0.07017543859649122,-0.004924779059569588,-0.06735705102337672,-3.584062099456787,-2.6290021599450037,middle,1,1.000*z0,
dePablo CV1,test,57,9,0.07894736842105263,-0.010063495866778483,-0.06735705102337672,-3.5260825157165527,-2.5710225762047694,middle,1,1.000*z0,
dePablo CV1,test,57,10,0.08771929824561403,-0.013677975228863758,-0.06735705102337672,-3.4686906337738037,-2.5136306942620203,middle,1,1.000*z0,
dePablo CV1,test,57,11,0.09649122807017543,-0.017115751381485647,-0.06735705102337672,-3.4114582538604736,-2.4563983143486903,middle,1,1.000*z0,
dePablo CV1,test,57,12,0.10526315789473684,-0.02029024455791454,-0.06735705102337672,-3.353332996368408,-2.398273056856625,middle,1,1.000*z0,
dePablo CV1,test,57,13,0.11403508771929824,-0.023260618079656254,-0.06735705102337672,-3.2966208457946777,-2.3415609062828944,middle,1,1.000*z0,
dePablo CV1,test,57,14,0.12280701754385964,-0.02608662293321057,-0.06735705102337672,-3.2398953437805176,-2.284835404268734,middle,1,1.000*z0,
dePablo CV1,test,57,15,0.13157894736842105,-0.028412954016818752,-0.06735705102337672,-3.181565046310425,-2.2265051067986414,middle,1,1.000*z0,
dePablo CV1,test,57,16,0.14035087719298245,-0.030181086519114688,-0.06735705102337672,-3.124593734741211,-2.1695337952294276,middle,1,1.000*z0,
dePablo CV1,test,57,17,0.14912280701754385,-0.031929326392175425,-0.06735705102337672,-3.0678789615631104,-2.112819022051327,middle,1,1.000*z0,
dePablo CV1,test,57,18,0.15789473684210525,-0.0334802811867032,-0.06735705102337672,-3.0101988315582275,-2.055138892046444,middle,1,1.000*z0,
dePablo CV1,test,57,19,0.16666666666666666,-0.03489618596253667,-0.06735705102337672,-2.9536259174346924,-1.998565977922909,middle,1,1.000*z0,
dePablo CV1,test,57,20,0.17543859649122806,-0.03649713275095128,-0.06735705102337672,-2.8963239192962646,-1.9412639797844813,middle,1,1.000*z0,
dePablo CV1,test,57,21,0.18421052631578946,-0.037869701686783885,-0.06735705102337672,-2.839421272277832,-1.8843613327660487,middle,1,1.000*z0,
dePablo CV1,test,57,22,0.19298245614035087,-0.038915812288434846,-0.06735705102337672,-2.782397985458374,-1.8273380459465907,middle,1,1.000*z0,
dePablo CV1,test,57,23,0.20175438596491227,-0.04008478129221596,-0.06735705102337672,-2.725531578063965,-1.7704716385521815,middle,1,1.000*z0,
dePablo CV1,test,57,24,0.21052631578947367,-0.040992569120567694,-0.06735705102337672,-2.6690640449523926,-1.7140041054406092,middle,1,1.000*z0,
dePablo CV1,test,57,25,0.21929824561403508,-0.04185408902026303,-0.06735705102337672,-2.611193895339966,-1.6561339558281825,middle,1,1.000*z0,
dePablo CV1,test,57,26,0.22807017543859648,-0.042899804345587475,-0.06735705102337672,-2.5546774864196777,-1.5996175469078944,middle,1,1.000*z0,
dePablo CV1,test,57,27,0.23684210526315788,-0.043667949073890454,-0.06735705102337672,-2.4983251094818115,-1.5432651699700282,middle,1,1.000*z0,
dePablo CV1,test,57,28,0.24561403508771928,-0.04445846718678293,-0.06735705102337672,-2.4416518211364746,-1.4865918816246912,middle,1,1.000*z0,
dePablo CV1,test,57,29,0.2543859649122807,-0.04518772843061247,-0.06735705102337672,-2.384526252746582,-1.4294663132347987,middle,1,1.000*z0,
dePablo CV1,test,57,30,0.2631578947368421,-0.0457618954166741,-0.06735705102337672,-2.3286523818969727,-1.3735924423851893,middle,1,1.000*z0,
dePablo CV1,test,57,31,0.2719298245614035,-0.04649677129735143,-0.06735705102337672,-2.2715022563934326,-1.3164423168816493,middle,1,1.000*z0,
dePablo CV1,test,57,32,0.2807017543859649,-0.04714598698844346,-0.06735705102337672,-2.214686155319214,-1.2596262158074305,middle,1,1.000*z0,
dePablo CV1,test,57,33,0.2894736842105263,-0.047873116779916645,-0.06735705102337672,-2.1577939987182617,-1.2027340592064784,middle,1,1.000*z0,
dePablo CV1,test,57,34,0.2982456140350877,-0.04830864644493066,-0.06735705102337672,-2.1014726161956787,-1.1464126766838953,middle,1,1.000*z0,
dePablo CV1,test,57,35,0.30701754385964913,-0.04885022322793713,-0.06735705102337672,-2.045449733734131,-1.0903897942223475,middle,1,1.000*z0,
dePablo CV1,test,57,36,0.3157894736842105,-0.04942474061301543,-0.06735705102337672,-1.988538146018982,-1.0334782065071986,middle,1,1.000*z0,
dePablo CV1,test,57,37,0.32456140350877194,-0.049924072601055754,-0.06735705102337672,-1.932167887687683,-0.9771079481758997,middle,1,1.000*z0,
dePablo CV1,test,57,38,0.3333333333333333,-0.05040620644016727,-0.06735705102337672,-1.8751112222671509,-0.9200512827553675,middle,1,1.000*z0,
dePablo CV1,test,57,39,0.34210526315789475,-0.05083071519708049,-0.06735705102337672,-1.8187142610549927,-0.8636543215432093,middle,1,1.000*z0,
dePablo CV1,test,57,40,0.3508771929824561,-0.051279993579969506,-0.06735705102337672,-1.762213945388794,-0.8071540058770106,middle,1,1.000*z0,
dePablo CV1,test,57,41,0.35964912280701755,-0.051780610979890646,-0.06735705102337672,-1.7065026760101318,-0.7514427364983485,middle,1,1.000*z0,
dePablo CV1,test,57,42,0.3684210526315789,-0.052290329155202285,-0.06735705102337672,-1.6496951580047607,-0.6946352184929774,middle,1,1.000*z0,
dePablo CV1,test,57,43,0.37719298245614036,-0.05267676076489543,-0.06735705102337672,-1.5934858322143555,-0.6384258927025721,middle,1,1.000*z0,
dePablo CV1,test,57,44,0.38596491228070173,-0.0529726443768997,-0.06735705102337672,-1.5376425981521606,-0.5825826586403773,middle,1,1.000*z0,
dePablo CV1,test,57,45,0.39473684210526316,-0.05332921218749628,-0.06735705102337672,-1.4806362390518188,-0.5255762995400355,middle,1,1.000*z0,
dePablo CV1,test,57,46,0.40350877192982454,-0.053636014746415155,-0.06735705102337672,-1.4240068197250366,-0.46894688021325326,middle,1,1.000*z0,
dePablo CV1,test,57,47,0.41228070175438597,-0.05400698847016242,-0.06735705102337672,-1.3680434226989746,-0.41298348318719125,middle,1,1.000*z0,
dePablo CV1,test,57,48,0.42105263157894735,-0.05434322270022067,-0.06735705102337672,-1.3120882511138916,-0.35702831160210824,middle,1,1.000*z0,
dePablo CV1,test,57,49,0.4298245614035088,-0.054628224582701064,-0.06735705102337672,-1.25538170337677,-0.30032176386498666,middle,1,1.000*z0,
dePablo CV1,test,57,50,0.43859649122807015,-0.05503370065261581,-0.06735705102337672,-1.1994417905807495,-0.24438185106896615,middle,1,1.000*z0,
dePablo CV1,test,57,51,0.4473684210526316,-0.05533762664932559,-0.06735705102337672,-1.1440428495407104,-0.1889829100289271,middle,1,1.000*z0,
dePablo CV1,test,57,52,0.45614035087719296,-0.055706437874205296,-0.06735705102337672,-1.0871522426605225,-0.1320923031487391,middle,1,1.000*z0,
dePablo CV1,test,57,53,0.4649122807017544,-0.05593177574809507,-0.06735705102337672,-1.031077265739441,-0.07601732622765756,middle,1,1.000*z0,
dePablo CV1,test,57,54,0.47368421052631576,-0.05625334310676149,-0.06735705102337672,-0.9755159020423889,-0.020455962530605554,middle,1,1.000*z0,
dePablo CV1,test,57,55,0.4824561403508772,-0.05643514286270009,-0.06735705102337672,-0.9195515513420105,0.035508388169772864,middle,1,1.000*z0,
dePablo CV1,test,57,56,0.49122807017543857,-0.05672614044471613,-0.06735705102337672,-0.8636404871940613,0.09141945231772208,middle,1,1.000*z0,
dePablo CV1,test,57,57,0.5,-0.057043925417812266,-0.06735705102337672,-0.8076156973838806,0.14744424212790275,middle,1,1.000*z0,
dePablo CV1,test,57,58,0.5087719298245614,-0.05732360725582596,-0.06735705102337672,-0.7515534162521362,0.20350652325964713,middle,1,1.000*z0,
dePablo CV1,test,57,59,0.5175438596491229,-0.057529304045907406,-0.06735705102337672,-0.6952535510063171,0.2598063885054662,middle,1,1.000*z0,
dePablo CV1,test,57,60,0.5263157894736842,-0.0577370499460693,-0.06735705102337672,-0.639729917049408,0.3153300224623754,middle,1,1.000*z0,
dePablo CV1,test,57,61,0.5350877192982456,-0.05801167949774652,-0.06735705102337672,-0.584436297416687,0.37062364209509635,middle,1,1.000*z0,
dePablo CV1,test,57,62,0.543859649122807,-0.0582820762774006,-0.06735705102337672,-0.5279753804206848,0.42708455909109855,middle,1,1.000*z0,
dePablo CV1,test,57,63,0.5526315789473685,-0.05858681902692056,-0.06735705102337672,-0.47212180495262146,0.4829381345591619,middle,1,1.000*z0,
dePablo CV1,test,57,64,0.5614035087719298,-0.058860399812796685,-0.06735705102337672,-0.4171195924282074,0.537940347083576,middle,1,1.000*z0,
dePablo CV1,test,57,65,0.5701754385964912,-0.058997292871777574,-0.06735705102337672,-0.36120614409446716,0.5938537954173162,middle,1,1.000*z0,
dePablo CV1,test,57,66,0.5789473684210527,-0.05922300199354933,-0.06735705102337672,-0.30545100569725037,0.649608933814533,middle,1,1.000*z0,
dePablo CV1,test,57,67,0.5877192982456141,-0.05944759319869083,-0.06735705102337672,-0.24990122020244598,0.7051587193093374,middle,1,1.000*z0,
dePablo CV1,test,57,68,0.5964912280701754,-0.05965864401447223,-0.06735705102337672,-0.19379161298274994,0.7612683265290334,middle,1,1.000*z0,
dePablo CV1,test,57,69,0.6052631578947368,-0.059879543287677604,-0.06735705102337672,-0.1384194791316986,0.8166404603800848,middle,1,1.000*z0,
dePablo CV1,test,57,70,0.6140350877192983,-0.06007931110890378,-0.06735705102337672,-0.08264876157045364,0.8724111779413297,middle,1,1.000*z0,
dePablo CV1,test,57,71,0.6228070175438597,-0.0602663773880552,-0.06735705102337672,-0.027662603184580803,0.9273973363272026,middle,1,1.000*z0,
dePablo CV1,test,57,72,0.631578947368421,-0.06051984519042914,-0.06735705102337672,0.028461037203669548,0.9835209767154529,middle,1,1.000*z0,
dePablo CV1,test,57,73,0.6403508771929824,-0.06072506667448199,-0.06735705102337672,0.0843823254108429,1.0394422649226263,middle,1,1.000*z0,
dePablo CV1,test,57,74,0.6491228070175439,-0.06086252628992274,-0.06735705102337672,0.13937954604625702,1.0944394855580404,middle,1,1.000*z0,
dePablo CV1,test,57,75,0.6578947368421053,-0.061030051488311726,-0.06735705102337672,0.19501149654388428,1.1500714360556676,middle,1,1.000*z0,
dePablo CV1,test,57,76,0.6666666666666666,-0.06123368169182589,-0.06735705102337672,0.24987368285655975,1.2049336223683431,middle,1,1.000*z0,
dePablo CV1,test,57,77,0.6754385964912281,-0.0614433562547753,-0.06735705102337672,0.3063109517097473,1.2613708912215307,middle,1,1.000*z0,
dePablo CV1,test,57,78,0.6842105263157895,-0.06168657514708504,-0.06735705102337672,0.36137017607688904,1.3164301155886724,middle,1,1.000*z0,
dePablo CV1,test,57,79,0.6929824561403509,-0.06185259908196011,-0.06735705102337672,0.4163975417613983,1.3714574812731817,middle,1,1.000*z0,
dePablo CV1,test,57,80,0.7017543859649122,-0.06197015484181531,-0.06735705102337672,0.47159865498542786,1.4266585944972112,middle,1,1.000*z0,
dePablo CV1,test,57,81,0.7105263157894737,-0.06216159108317266,-0.06735705102337672,0.5265949368476868,1.4816548763594701,middle,1,1.000*z0,
dePablo CV1,test,57,82,0.7192982456140351,-0.062361397375355475,-0.06735705102337672,0.5816239714622498,1.5366839109740331,middle,1,1.000*z0,
dePablo CV1,test,57,83,0.7280701754385965,-0.06258900552236979,-0.06735705102337672,0.6374734044075012,1.5925333439192846,middle,1,1.000*z0,
dePablo CV1,test,57,84,0.7368421052631579,-0.06273041584687972,-0.06735705102337672,0.692392885684967,1.6474528251967504,middle,1,1.000*z0,
dePablo CV1,test,57,85,0.7456140350877193,-0.06286731855878985,-0.06735705102337672,0.7472993731498718,1.7023593126616552,middle,1,1.000*z0,
dePablo CV1,test,57,86,0.7543859649122807,-0.06304496548292804,-0.06735705102337672,0.8025674819946289,1.7576274215064123,middle,1,1.000*z0,
dePablo CV1,test,57,87,0.7631578947368421,-0.06325464158367146,-0.06735705102337672,0.8584861159324646,1.813546055444248,middle,1,1.000*z0,
dePablo CV1,test,57,88,0.7719298245614035,-0.06340793328551804,-0.06735705102337672,0.913277268409729,1.8683372079215124,middle,1,1.000*z0,
dePablo CV1,test,57,89,0.7807017543859649,-0.06357801363029916,-0.06735705102337672,0.9680598974227905,1.923119836934574,middle,1,1.000*z0,
dePablo CV1,test,57,90,0.7894736842105263,-0.06369638728924863,-0.06735705102337672,1.0225671529769897,1.977627092488773,middle,1,1.000*z0,
dePablo CV1,test,57,91,0.7982456140350878,-0.06389744433733807,-0.06735705102337672,1.0781399011611938,2.033199840672977,middle,1,1.000*z0,
dePablo CV1,test,57,92,0.8070175438596491,-0.06412022906310863,-0.06735705102337672,1.1329686641693115,2.088028603681095,middle,1,1.000*z0,
dePablo CV1,test,57,93,0.8157894736842105,-0.06427030913012222,-0.06735705102337672,1.1882718801498413,2.1433318196616247,middle,1,1.000*z0,
dePablo CV1,test,57,94,0.8245614035087719,-0.06439590078581549,-0.06735705102337672,1.2430167198181152,2.1980766593298986,middle,1,1.000*z0,
dePablo CV1,test,57,95,0.8333333333333334,-0.06448961207139238,-0.06735705102337672,1.29780912399292,2.2528690635047033,middle,1,1.000*z0,
dePablo CV1,test,57,96,0.8421052631578947,-0.06468579196915586,-0.06735705102337672,1.3533557653427124,2.3084157048544958,middle,1,1.000*z0,
dePablo CV1,test,57,97,0.8508771929824561,-0.06485622122356703,-0.06735705102337672,1.4074041843414307,2.362464123853214,middle,1,1.000*z0,
dePablo CV1,test,57,98,0.8596491228070176,-0.06502494241957843,-0.06735705102337672,1.4630801677703857,2.418140107282169,middle,1,1.000*z0,
dePablo CV1,test,57,99,0.868421052631579,-0.06513869528101057,-0.06735705102337672,1.5166159868240356,2.471675926335819,middle,1,1.000*z0,
dePablo CV1,test,57,100,0.8771929824561403,-0.06531983290275303,-0.06735705102337672,1.5721672773361206,2.527227216847904,middle,1,1.000*z0,
dePablo CV1,test,57,101,0.8859649122807017,-0.06549772018365628,-0.06735705102337672,1.6268517971038818,2.581911736615665,middle,1,1.000*z0,
dePablo CV1,test,57,102,0.8947368421052632,-0.06566368989874095,-0.06735705102337672,1.681411623954773,2.6364715634665563,middle,1,1.000*z0,
dePablo CV1,test,57,103,0.9035087719298246,-0.06578523726929987,-0.06735705102337672,1.7359203100204468,2.69098024953223,middle,1,1.000*z0,
dePablo CV1,test,57,104,0.9122807017543859,-0.06591954082104981,-0.06735705102337672,1.7905395030975342,2.7455994426093175,middle,1,1.000*z0,
dePablo CV1,test,57,105,0.9210526315789473,-0.0660614767042618,-0.06735705102337672,1.8457677364349365,2.80082767594672,middle,1,1.000*z0,
dePablo CV1,test,57,106,0.9298245614035088,-0.06624986123305782,-0.06735705102337672,1.9008232355117798,2.855883175023563,middle,1,1.000*z0,
dePablo CV1,test,57,107,0.9385964912280702,-0.06637539741256923,-0.06735705102337672,1.9545739889144897,2.909633928426273,middle,1,1.000*z0,
dePablo CV1,test,57,108,0.9473684210526315,-0.06651379554560627,-0.06735705102337672,2.0084667205810547,2.963526660092838,middle,1,1.000*z0,
dePablo CV1,test,57,109,0.956140350877193,-0.06664180276381909,-0.06735705102337672,2.06378173828125,3.0188416777930334,middle,1,1.000*z0,
dePablo CV1,test,57,110,0.9649122807017544,-0.0667956934867391,-0.06735705102337672,2.1180241107940674,3.0730840503058507,middle,1,1.000*z0,
dePablo CV1,test,57,111,0.9736842105263158,-0.06695387343626516,-0.06735705102337672,2.1727871894836426,3.127847128995426,middle,1,1.000*z0,
dePablo CV1,test,57,112,0.9824561403508771,-0.06707485982290402,-0.06735705102337672,2.2268800735473633,3.1819400130591466,middle,1,1.000*z0,
dePablo CV1,test,57,113,0.9912280701754386,-0.06721766215077585,-0.06735705102337672,2.280665159225464,3.2357250987372472,middle,1,1.000*z0,
dePablo CV1,test,57,114,1.0,-0.06735705102337672,-0.06735705102337672,2.3357362747192383,3.2907962142310216,middle,1,1.000*z0,
dePablo CV2,test,26,0,0.0,,0.40844515428566636,2.8925204277038574,-7.633952300918782,least auxetic,2,0.038*z0 + 0.999*z1,-10.013961791992188
dePablo CV2,test,26,1,0.007751937984496124,0.37318255250403876,0.40844515428566636,2.8265881538391113,-7.588519117303034,least auxetic,2,0.038*z0 + 0.999*z1,-9.966011047363281
dePablo CV2,test,26,2,0.015503875968992248,0.3817204301075269,0.40844515428566636,2.762545108795166,-7.544246043163104,least auxetic,2,0.038*z0 + 0.999*z1,-9.919292449951172
dePablo CV2,test,26,3,0.023255813953488372,0.387941862551588,0.40844515428566636,2.6991076469421387,-7.500500037530704,least auxetic,2,0.038*z0 + 0.999*z1,-9.873124122619629
dePablo CV2,test,26,4,0.031007751937984496,0.3925636535093628,0.40844515428566636,2.6363253593444824,-7.457074337950365,least auxetic,2,0.038*z0 + 0.999*z1,-9.827301025390625
dePablo CV2,test,26,5,0.03875968992248062,0.3940504419055831,0.40844515428566636,2.573117256164551,-7.413513151349718,least auxetic,2,0.038*z0 + 0.999*z1,-9.781326293945312
dePablo CV2,test,26,6,0.046511627906976744,0.39735872787709997,0.40844515428566636,2.5103087425231934,-7.370215188317883,least auxetic,2,0.038*z0 + 0.999*z1,-9.73563003540039
dePablo CV2,test,26,7,0.05426356589147287,0.3977981368850566,0.40844515428566636,2.447199821472168,-7.326671231678842,least auxetic,2,0.038*z0 + 0.999*z1,-9.689676284790039
dePablo CV2,test,26,8,0.06201550387596899,0.3998651836872262,0.40844515428566636,2.3846230506896973,-7.28355704487396,least auxetic,2,0.038*z0 + 0.999*z1,-9.644172668457031
dePablo CV2,test,26,9,0.06976744186046512,0.399748322147651,0.40844515428566636,2.320991039276123,-7.23970972580128,least auxetic,2,0.038*z0 + 0.999*z1,-9.597895622253418
dePablo CV2,test,26,10,0.07751937984496124,0.40160707544626006,0.40844515428566636,2.258761405944824,-7.196684433787186,least auxetic,2,0.038*z0 + 0.999*z1,-9.552494049072266
dePablo CV2,test,26,11,0.08527131782945736,0.40169641106099235,0.40844515428566636,2.1954092979431152,-7.152984768923877,least auxetic,2,0.038*z0 + 0.999*z1,-9.506375312805176
dePablo CV2,test,26,12,0.09302325581395349,0.4027690371302706,0.40844515428566636,2.132809638977051,-7.109788533486047,least auxetic,2,0.038*z0 + 0.999*z1,-9.46078872680664
dePablo CV2,test,26,13,0.10077519379844961,0.40265560165975106,0.40844515428566636,2.069225311279297,-7.065980397160188,least auxetic,2,0.038*z0 + 0.999*z1,-9.414552688598633
dePablo CV2,test,26,14,0.10852713178294573,0.403654164899973,0.40844515428566636,2.006845474243164,-7.022872134237726,least auxetic,2,0.038*z0 + 0.999*z1,-9.369062423706055
dePablo CV2,test,26,15,0.11627906976744186,0.40327338129496404,0.40844515428566636,1.9433836936950684,-6.979068911791903,least auxetic,2,0.038*z0 + 0.999*z1,-9.322835922241211
dePablo CV2,test,26,16,0.12403100775193798,0.40417566109012415,0.40844515428566636,1.880879282951355,-6.935929127395449,least auxetic,2,0.038*z0 + 0.999*z1,-9.27730941772461
dePablo CV2,test,26,17,0.13178294573643412,0.4041850569967929,0.40844515428566636,1.8177586793899536,-6.892296029046631,least auxetic,2,0.038*z0 + 0.999*z1,-9.231266021728516
dePablo CV2,test,26,18,0.13953488372093023,0.40468407952739377,0.40844515428566636,1.7551041841506958,-6.849033243356209,least auxetic,2,0.038*z0 + 0.999*z1,-9.1856107711792
dePablo CV2,test,26,19,0.14728682170542637,0.40460900204591954,0.40844515428566636,1.691258192062378,-6.805012914962289,least auxetic,2,0.038*z0 + 0.999*z1,-9.139152526855469
dePablo CV2,test,26,20,0.15503875968992248,0.40517194838848997,0.40844515428566636,1.628550410270691,-6.761676849661992,least auxetic,2,0.038*z0 + 0.999*z1,-9.093421936035156
dePablo CV2,test,26,21,0.16279069767441862,0.40515866892969193,0.40844515428566636,1.564893126487732,-6.717779020681348,least auxetic,2,0.038*z0 + 0.999*z1,-9.047093391418457
dePablo CV2,test,26,22,0.17054263565891473,0.4055321028863145,0.40844515428566636,1.502364158630371,-6.674567733489618,least auxetic,2,0.038*z0 + 0.999*z1,-9.001494407653809
dePablo CV2,test,26,23,0.17829457364341086,0.40549868519909843,0.40844515428566636,1.4385104179382324,-6.630501000091636,least auxetic,2,0.038*z0 + 0.999*z1,-8.954989433288574
dePablo CV2,test,26,24,0.18604651162790697,0.40582318925365074,0.40844515428566636,1.3759174346923828,-6.587155845582503,least auxetic,2,0.038*z0 + 0.999*z1,-8.90925407409668
dePablo CV2,test,26,25,0.1937984496124031,0.4057335436064724,0.40844515428566636,1.3122016191482544,-6.5431534856503495,least auxetic,2,0.038*z0 + 0.999*z1,-8.862818717956543
dePablo CV2,test,26,26,0.20155038759689922,0.4059825508932281,0.40844515428566636,1.2494052648544312,-6.499737845908115,least auxetic,2,0.038*z0 + 0.999*z1,-8.817005157470703
dePablo CV2,test,26,27,0.20930232558139536,0.4059374249819957,0.40844515428566636,1.1856622695922852,-6.4556745649412735,least auxetic,2,0.038*z0 + 0.999*z1,-8.7705078125
dePablo CV2,test,26,28,0.21705426356589147,0.4061577637594768,0.40844515428566636,1.1226965188980103,-6.412157617289291,least auxetic,2,0.038*z0 + 0.999*z1,-8.724586486816406
dePablo CV2,test,26,29,0.2248062015503876,0.4062208977463215,0.40844515428566636,1.0587552785873413,-6.367922640268065,least auxetic,2,0.038*z0 + 0.999*z1,-8.677909851074219
dePablo CV2,test,26,30,0.23255813953488372,0.40637773016187406,0.40844515428566636,0.9961212873458862,-6.3246114323596165,least auxetic,2,0.038*z0 + 0.999*z1,-8.632206916809082
dePablo CV2,test,26,31,0.24031007751937986,0.40619282440885884,0.40844515428566636,0.9319671392440796,-6.280303470341956,least auxetic,2,0.038*z0 + 0.999*z1,-8.58544921875
dePablo CV2,test,26,32,0.24806201550387597,0.4064720876449636,0.40844515428566636,0.8692423105239868,-6.236920397288545,least auxetic,2,0.038*z0 + 0.999*z1,-8.539670944213867
dePablo CV2,test,26,33,0.2558139534883721,0.40651910546478504,0.40844515428566636,0.8052338361740112,-6.192623149002687,least auxetic,2,0.038*z0 + 0.999*z1,-8.492929458618164
dePablo CV2,test,26,34,0.26356589147286824,0.40666709037752635,0.40844515428566636,0.7422018051147461,-6.149048659150685,least auxetic,2,0.038*z0 + 0.999*z1,-8.446948051452637
dePablo CV2,test,26,35,0.2713178294573643,0.40654760986000277,0.40844515428566636,0.6781184077262878,-6.104685617238703,least auxetic,2,0.038*z0 + 0.999*z1,-8.400137901306152
dePablo CV2,test,26,36,0.27906976744186046,0.4067292973557043,0.40844515428566636,0.6150399446487427,-6.061101440413723,least auxetic,2,0.038*z0 + 0.999*z1,-8.354145050048828
dePablo CV2,test,26,37,0.2868217054263566,0.40662597827356617,0.40844515428566636,0.5507797598838806,-6.016619262042008,least auxetic,2,0.038*z0 + 0.999*z1,-8.307209014892578
dePablo CV2,test,26,38,0.29457364341085274,0.40686399954505387,0.40844515428566636,0.4881678819656372,-5.973222404392887,least auxetic,2,0.038*z0 + 0.999*z1,-8.261421203613281
dePablo CV2,test,26,39,0.3023255813953488,0.406774260580453,0.40844515428566636,0.4236432909965515,-5.928612954009502,least auxetic,2,0.038*z0 + 0.999*z1,-8.214347839355469
dePablo CV2,test,26,40,0.31007751937984496,0.40700266111929106,0.40844515428566636,0.3606991767883301,-5.885066601431139,least auxetic,2,0.038*z0 + 0.999*z1,-8.168397903442383
dePablo CV2,test,26,41,0.3178294573643411,0.40691345659651296,0.40844515428566636,0.29649367928504944,-5.840612859024748,least auxetic,2,0.038*z0 + 0.999*z1,-8.121492385864258
dePablo CV2,test,26,42,0.32558139534883723,0.4071095900985513,0.40844515428566636,0.233289897441864,-5.796870440122311,least auxetic,2,0.038*z0 + 0.999*z1,-8.075336456298828
dePablo CV2,test,26,43,0.3333333333333333,0.40701926339201566,0.40844515428566636,0.1690911054611206,-5.752393573192765,least auxetic,2,0.038*z0 + 0.999*z1,-8.02840805053711
dePablo CV2,test,26,44,0.34108527131782945,0.407154523461581,0.40844515428566636,0.10562875866889954,-5.708426456505209,least auxetic,2,0.038*z0 + 0.999*z1,-7.982017517089844
dePablo CV2,test,26,45,0.3488372093023256,0.4070485110470701,0.40844515428566636,0.04155886918306351,-5.6640343158535975,least auxetic,2,0.038*z0 + 0.999*z1,-7.935178756713867
dePablo CV2,test,26,46,0.35658914728682173,0.40718464393957193,0.40844515428566636,-0.021648548543453217,-5.620249625518287,least auxetic,2,0.038*z0 + 0.999*z1,-7.888980388641357
dePablo CV2,test,26,47,0.3643410852713178,0.4071561616115161,0.40844515428566636,-0.08611706644296646,-5.575622815019466,least auxetic,2,0.038*z0 + 0.999*z1,-7.841891765594482
dePablo CV2,test,26,48,0.37209302325581395,0.40728398536448074,0.40844515428566636,-0.14950619637966156,-5.531678671338628,least auxetic,2,0.038*z0 + 0.999*z1,-7.79552698135376
dePablo CV2,test,26,49,0.3798449612403101,0.40725219462702367,0.40844515428566636,-0.21365045011043549,-5.487263124401306,least auxetic,2,0.038*z0 + 0.999*z1,-7.748661994934082
dePablo CV2,test,26,50,0.3875968992248062,0.40731093072774244,0.40844515428566636,-0.2773406505584717,-5.443094454534793,least auxetic,2,0.038*z0 + 0.999*z1,-7.702061176300049
dePablo CV2,test,26,51,0.3953488372093023,0.40731792605779316,0.40844515428566636,-0.34147924184799194,-5.398683459292672,least auxetic,2,0.038*z0 + 0.999*z1,-7.655200958251953
dePablo CV2,test,26,52,0.40310077519379844,0.40740394308816347,0.40844515428566636,-0.4052848815917969,-5.354420026042592,least auxetic,2,0.038*z0 + 0.999*z1,-7.608500957489014
dePablo CV2,test,26,53,0.4108527131782946,0.4074043863495009,0.40844515428566636,-0.46936970949172974,-5.310018918114764,least auxetic,2,0.038*z0 + 0.999*z1,-7.561652660369873
dePablo CV2,test,26,54,0.4186046511627907,0.4074155616712534,0.40844515428566636,-0.5333677530288696,-5.265643131126526,least auxetic,2,0.038*z0 + 0.999*z1,-7.514832973480225
dePablo CV2,test,26,55,0.4263565891472868,0.40746600110054243,0.40844515428566636,-0.5969740748405457,-5.221510374624807,least auxetic,2,0.038*z0 + 0.999*z1,-7.468271255493164
dePablo CV2,test,26,56,0.43410852713178294,0.4073884637283948,0.40844515428566636,-0.6616690754890442,-5.176656704873933,least auxetic,2,0.038*z0 + 0.999*z1,-7.420947074890137
dePablo CV2,test,26,57,0.4418604651162791,0.4075113542624707,0.40844515428566636,-0.7252037525177002,-5.132565564046976,least auxetic,2,0.038*z0 + 0.999*z1,-7.374429702758789
dePablo CV2,test,26,58,0.4496124031007752,0.4074640078274239,0.40844515428566636,-0.7898348569869995,-5.0877328358994545,least auxetic,2,0.038*z0 + 0.999*z1,-7.327128887176514
dePablo CV2,test,26,59,0.4573643410852713,0.4075760351777208,0.40844515428566636,-0.8536409735679626,-5.043512305498588,least auxetic,2,0.038*z0 + 0.999*z1,-7.2804718017578125
dePablo CV2,test,26,60,0.46511627906976744,0.40751984001873653,0.40844515428566636,-0.9181009531021118,-4.998794638614354,least auxetic,2,0.038*z0 + 0.999*z1,-7.233292579650879
dePablo CV2,test,26,61,0.4728682170542636,0.4076325326292099,0.40844515428566636,-0.9817380905151367,-4.954624446472959,least auxetic,2,0.038*z0 + 0.999*z1,-7.186692237854004
dePablo CV2,test,26,62,0.4806201550387597,0.40755463730592534,0.40844515428566636,-1.0468761920928955,-4.9094510592885845,least auxetic,2,0.038*z0 + 0.999*z1,-7.139031410217285
dePablo CV2,test,26,63,0.4883720930232558,0.4076562084437924,0.40844515428566636,-1.1101187467575073,-4.865519501376178,least auxetic,2,0.038*z0 + 0.999*z1,-7.092684745788574
dePablo CV2,test,26,64,0.49612403100775193,0.4076348127190575,0.40844515428566636,-1.1749231815338135,-4.820554641082016,least auxetic,2,0.038*z0 + 0.999*z1,-7.045245170593262
dePablo CV2,test,26,65,0.5038759689922481,0.4077388129828442,0.40844515428566636,-1.238869071006775,-4.776184990037973,least auxetic,2,0.038*z0 + 0.999*z1,-6.998433589935303
dePablo CV2,test,26,66,0.5116279069767442,0.4076491544162811,0.40844515428566636,-1.3037397861480713,-4.731133997618622,least auxetic,2,0.038*z0 + 0.999*z1,-6.9509053230285645
dePablo CV2,test,26,67,0.5193798449612403,0.40775610307049387,0.40844515428566636,-1.3675761222839355,-4.686822164767189,least auxetic,2,0.038*z0 + 0.999*z1,-6.904155731201172
dePablo CV2,test,26,68,0.5271317829457365,0.40775657178286684,0.40844515428566636,-1.4324195384979248,-4.641825894408374,least auxetic,2,0.038*z0 + 0.999*z1,-6.856683254241943
dePablo CV2,test,26,69,0.5348837209302325,0.4077506384445454,0.40844515428566636,-1.4966648817062378,-4.597231179779331,least auxetic,2,0.038*z0 + 0.999*z1,-6.809635162353516
dePablo CV2,test,26,70,0.5426356589147286,0.4078272687959474,0.40844515428566636,-1.5609477758407593,-4.55250874845319,least auxetic,2,0.038*z0 + 0.999*z1,-6.762457847595215
dePablo CV2,test,26,71,0.5503875968992248,0.4078236109207741,0.40844515428566636,-1.625505805015564,-4.507655160759436,least auxetic,2,0.038*z0 + 0.999*z1,-6.715138912200928
dePablo CV2,test,26,72,0.5581395348837209,0.4078470235816122,0.40844515428566636,-1.689815640449524,-4.462980441133516,least auxetic,2,0.038*z0 + 0.999*z1,-6.668008327484131
dePablo CV2,test,26,73,0.5658914728682171,0.4078017860580839,0.40844515428566636,-1.7548213005065918,-4.417841614550326,least auxetic,2,0.038*z0 + 0.999*z1,-6.620387077331543
dePablo CV2,test,26,74,0.5736434108527132,0.4078908920901148,0.40844515428566636,-1.818771481513977,-4.37343686425171,least auxetic,2,0.038*z0 + 0.999*z1,-6.573540210723877
dePablo CV2,test,26,75,0.5813953488372093,0.40781156526815765,0.40844515428566636,-1.884071946144104,-4.328099482889448,least auxetic,2,0.038*z0 + 0.999*z1,-6.52570915222168
dePablo CV2,test,26,76,0.5891472868217055,0.40791111553699844,0.40844515428566636,-1.9479801654815674,-4.283612147194442,least auxetic,2,0.038*z0 + 0.999*z1,-6.478781223297119
dePablo CV2,test,26,77,0.5968992248062015,0.40785464552998496,0.40844515428566636,-2.0133650302886963,-4.23821457067634,least auxetic,2,0.038*z0 + 0.999*z1,-6.430886745452881
dePablo CV2,test,26,78,0.6046511627906976,0.4079703364868143,0.40844515428566636,-2.0775866508483887,-4.193569406594408,least auxetic,2,0.038*z0 + 0.999*z1,-6.3837890625
dePablo CV2,test,26,79,0.6124031007751938,0.40790365073391044,0.40844515428566636,-2.1425938606262207,-4.1483462981067145,least auxetic,2,0.038*z0 + 0.999*z1,-6.33608341217041
dePablo CV2,test,26,80,0.6201550387596899,0.4079725373860511,0.40844515428566636,-2.2070374488830566,-4.103576551932017,least auxetic,2,0.038*z0 + 0.999*z1,-6.288852691650391
dePablo CV2,test,26,81,0.627906976744186,0.4080066210137092,0.40844515428566636,-2.271698474884033,-4.058601524741467,least auxetic,2,0.038*z0 + 0.999*z1,-6.241408348083496
dePablo CV2,test,26,82,0.6356589147286822,0.40796265896639705,0.40844515428566636,-2.336635112762451,-4.0134801111846725,least auxetic,2,0.038*z0 + 0.999*z1,-6.193807125091553
dePablo CV2,test,26,83,0.6434108527131783,0.407991663138698,0.40844515428566636,-2.4012107849121094,-3.9685447537806744,least auxetic,2,0.038*z0 + 0.999*z1,-6.1464056968688965
dePablo CV2,test,26,84,0.6511627906976745,0.40796637876662073,0.40844515428566636,-2.466456413269043,-3.923146697504008,least auxetic,2,0.038*z0 + 0.999*z1,-6.09851598739624
dePablo CV2,test,26,85,0.6589147286821705,0.4080215230208552,0.40844515428566636,-2.5307555198669434,-3.878388186463514,least auxetic,2,0.038*z0 + 0.999*z1,-6.051301956176758
dePablo CV2,test,26,86,0.6666666666666666,0.40794428065852417,0.40844515428566636,-2.59629487991333,-3.8328406143660323,least auxetic,2,0.038*z0 + 0.999*z1,-6.003251552581787
dePablo CV2,test,26,87,0.6744186046511628,0.4080633334576141,0.40844515428566636,-2.6608328819274902,-3.787971977328407,least auxetic,2,0.038*z0 + 0.999*z1,-5.955918312072754
dePablo CV2,test,26,88,0.6821705426356589,0.4080210848369796,0.40844515428566636,-2.725886821746826,-3.7426534233181443,least auxetic,2,0.038*z0 + 0.999*z1,-5.908115386962891
dePablo CV2,test,26,89,0.689922480620155,0.40808664961698976,0.40844515428566636,-2.790536403656006,-3.6976722470675387,least auxetic,2,0.038*z0 + 0.999*z1,-5.860665321350098
dePablo CV2,test,26,90,0.6976744186046512,0.4080604080063436,0.40844515428566636,-2.8557682037353516,-3.652246509479645,least auxetic,2,0.038*z0 + 0.999*z1,-5.812748432159424
dePablo CV2,test,26,91,0.7054263565891473,0.40808602917149395,0.40844515428566636,-2.920548439025879,-3.6071477944893955,least auxetic,2,0.038*z0 + 0.999*z1,-5.765175819396973
dePablo CV2,test,26,92,0.7131782945736435,0.4080895099635073,0.40844515428566636,-2.985630512237549,-3.5618717555967208,least auxetic,2,0.038*z0 + 0.999*z1,-5.717414379119873
dePablo CV2,test,26,93,0.7209302325581395,0.4080759459820832,0.40844515428566636,-3.051002025604248,-3.5163645579433678,least auxetic,2,0.038*z0 + 0.999*z1,-5.669410705566406
dePablo CV2,test,26,94,0.7286821705426356,0.40813615082879917,0.40844515428566636,-3.1157593727111816,-3.471274510778131,least auxetic,2,0.038*z0 + 0.999*z1,-5.621847629547119
dePablo CV2,test,26,95,0.7364341085271318,0.40812238207976687,0.40844515428566636,-3.181366443634033,-3.425587016080769,least auxetic,2,0.038*z0 + 0.999*z1,-5.573654651641846
dePablo CV2,test,26,96,0.7441860465116279,0.40819878015127026,0.40844515428566636,-3.2457051277160645,-3.3807337430933244,least auxetic,2,0.038*z0 + 0.999*z1,-5.526344299316406
dePablo CV2,test,26,97,0.751937984496124,0.4081187887030338,0.40844515428566636,-3.311523914337158,-3.334950346555744,least auxetic,2,0.038*z0 + 0.999*z1,-5.4780473709106445
dePablo CV2,test,26,98,0.7596899224806202,0.40816855717879685,0.40844515428566636,-3.376392364501953,-3.2897577486898784,least auxetic,2,0.038*z0 + 0.999*z1,-5.43037748336792
dePablo CV2,test,26,99,0.7674418604651163,0.4081406398479569,0.40844515428566636,-3.441901206970215,-3.2441451762261293,least auxetic,2,0.038*z0 + 0.999*z1,-5.38226318359375
dePablo CV2,test,26,100,0.7751937984496124,0.4081621618699007,0.40844515428566636,-3.507235050201416,-3.19863513012124,least auxetic,2,0.038*z0 + 0.999*z1,-5.334258079528809
dePablo CV2,test,26,101,0.7829457364341085,0.40822149537213,0.40844515428566636,-3.5721030235290527,-3.1534020118999253,least auxetic,2,0.038*z0 + 0.999*z1,-5.286547660827637
dePablo CV2,test,26,102,0.7906976744186046,0.4082133542545748,0.40844515428566636,-3.6379008293151855,-3.1075892351329713,least auxetic,2,0.038*z0 + 0.999*z1,-5.238222122192383
dePablo CV2,test,26,103,0.7984496124031008,0.4082459722929451,0.40844515428566636,-3.702518939971924,-3.0624920372266313,least auxetic,2,0.038*z0 + 0.999*z1,-5.190657138824463
dePablo CV2,test,26,104,0.8062015503875969,0.40822385010112144,0.40844515428566636,-3.768662452697754,-3.016468804602546,least auxetic,2,0.038*z0 + 0.999*z1,-5.142107963562012
dePablo CV2,test,26,105,0.813953488372093,0.40827214023090314,0.40844515428566636,-3.8332905769348145,-2.9713362464803894,least auxetic,2,0.038*z0 + 0.999*z1,-5.094507217407227
dePablo CV2,test,26,106,0.8217054263565892,0.4082063628897742,0.40844515428566636,-3.8992433547973633,-2.9253043997763575,least auxetic,2,0.038*z0 + 0.999*z1,-5.045956611633301
dePablo CV2,test,26,107,0.8294573643410853,0.40824978776731213,0.40844515428566636,-3.964555263519287,-2.8798183053794895,least auxetic,2,0.038*z0 + 0.999*z1,-4.997976303100586
dePablo CV2,test,26,108,0.8372093023255814,0.40825777639819966,0.40844515428566636,-4.029964923858643,-2.8342286808623802,least auxetic,2,0.038*z0 + 0.999*z1,-4.949888706207275
dePablo CV2,test,26,109,0.8449612403100775,0.4082376752353834,0.40844515428566636,-4.0958075523376465,-2.7883551711359753,least auxetic,2,0.038*z0 + 0.999*z1,-4.901500701904297
dePablo CV2,test,26,110,0.8527131782945736,0.4082905680410547,0.40844515428566636,-4.1608567237854,-2.7429430437555706,least auxetic,2,0.038*z0 + 0.999*z1,-4.853604316711426
dePablo CV2,test,26,111,0.8604651162790697,0.40827451152322913,0.40844515428566636,-4.22695779800415,-2.696841496262413,least auxetic,2,0.038*z0 + 0.999*z1,-4.804978370666504
dePablo CV2,test,26,112,0.8682170542635659,0.4083145047602495,0.40844515428566636,-4.292282581329346,-2.6512977539771017,least auxetic,2,0.038*z0 + 0.999*z1,-4.756939888000488
dePablo CV2,test,26,113,0.875968992248062,0.40826502438067347,0.40844515428566636,-4.358154773712158,-2.605340541083169,least auxetic,2,0.038*z0 + 0.999*z1,-4.70846700668335
dePablo CV2,test,26,114,0.8837209302325582,0.4082940434291786,0.40844515428566636,-4.423613548278809,-2.559674620800899,least auxetic,2,0.038*z0 + 0.999*z1,-4.660301208496094
dePablo CV2,test,26,115,0.8914728682170543,0.4083383878991344,0.40844515428566636,-4.488918781280518,-2.5140500903052883,least auxetic,2,0.038*z0 + 0.999*z1,-4.6121826171875
dePablo CV2,test,26,116,0.8992248062015504,0.4083245153200356,0.40844515428566636,-4.5554280281066895,-2.4677037495021916,least auxetic,2,0.038*z0 + 0.999*z1,-4.563296318054199
dePablo CV2,test,26,117,0.9069767441860465,0.4083707688610356,0.40844515428566636,-4.620519161224365,-2.4222288753985692,least auxetic,2,0.038*z0 + 0.999*z1,-4.515335559844971
dePablo CV2,test,26,118,0.9147286821705426,0.4083164541880138,0.40844515428566636,-4.686598777770996,-2.376110318682151,least auxetic,2,0.038*z0 + 0.999*z1,-4.46669340133667
dePablo CV2,test,26,119,0.9224806201550387,0.4083545764775913,0.40844515428566636,-4.752198696136475,-2.330352509246238,least auxetic,2,0.038*z0 + 0.999*z1,-4.418430328369141
dePablo CV2,test,26,120,0.9302325581395349,0.4083428715628577,0.40844515428566636,-4.818594455718994,-2.2840366780248016,least auxetic,2,0.038*z0 + 0.999*z1,-4.369578838348389
dePablo CV2,test,26,121,0.937984496124031,0.4083301678099792,0.40844515428566636,-4.884023189544678,-2.238298627856433,least auxetic,2,0.038*z0 + 0.999*z1,-4.3213419914245605
dePablo CV2,test,26,122,0.9457364341085271,0.40837185800463627,0.40844515428566636,-4.949387073516846,-2.1926405692138458,least auxetic,2,0.038*z0 + 0.999*z1,-4.273187637329102
dePablo CV2,test,26,123,0.9534883720930233,0.40835769712690423,0.40844515428566636,-5.016077041625977,-2.1461247312652554,least auxetic,2,0.038*z0 + 0.999*z1,-4.224124908447266
dePablo CV2,test,26,124,0.9612403100775194,0.4084244771224728,0.40844515428566636,-5.081284999847412,-2.100504160612008,least auxetic,2,0.038*z0 + 0.999*z1,-4.176013946533203
dePablo CV2,test,26,125,0.9689922480620154,0.4083537020613874,0.40844515428566636,-5.1478657722473145,-2.0540270943770085,least auxetic,2,0.038*z0 + 0.999*z1,-4.1269941329956055
dePablo CV2,test,26,126,0.9767441860465116,0.4083989613956782,0.40844515428566636,-5.213440418243408,-2.008224018599746,least auxetic,2,0.038*z0 + 0.999*z1,-4.078686714172363
dePablo CV2,test,26,127,0.9844961240310077,0.4084086641431023,0.40844515428566636,-5.279493808746338,-1.9620725485866328,least auxetic,2,0.038*z0 + 0.999*z1,-4.030012607574463
dePablo CV2,test,26,128,0.9922480620155039,0.4083725174585873,0.40844515428566636,-5.346074104309082,-1.915583551921354,least auxetic,2,0.038*z0 + 0.999*z1,-3.98098087310791
dePablo CV2,test,26,129,1.0,0.40844515428566636,0.40844515428566636,-5.411377429962158,-1.869915588193401,least auxetic,2,0.038*z0 + 0.999*z1,-3.93281888961792
dePablo CV2,test,31,0,0.0,,-0.5734598575106268,3.677096366882324,3.411141600458476,most auxetic,2,0.038*z0 + 0.999*z1,1.0094019174575806
dePablo CV2,test,31,1,0.00909090909090909,0.021750951604132682,-0.5734598575106268,3.6274871826171875,3.4464244617981805,most auxetic,2,0.038*z0 + 0.999*z1,1.0465798377990723
dePablo CV2,test,31,2,0.01818181818181818,-0.10762942779291552,-0.5734598575106268,3.5854902267456055,3.477171892494485,most auxetic,2,0.038*z0 + 0.999*z1,1.0789321660995483
dePablo CV2,test,31,3,0.02727272727272727,-0.19130751045644662,-0.5734598575106268,3.547722339630127,3.505260967122587,most auxetic,2,0.038*z0 + 0.999*z1,1.1084648370742798
dePablo CV2,test,31,4,0.03636363636363636,-0.24627375905920962,-0.5734598575106268,3.513411045074463,3.5306106497544922,most auxetic,2,0.038*z0 + 0.999*z1,1.1351258754730225
dePablo CV2,test,31,5,0.045454545454545456,-0.28460103171989903,-0.5734598575106268,3.4797048568725586,3.555652316219013,most auxetic,2,0.038*z0 + 0.999*z1,1.1614558696746826
dePablo CV2,test,31,6,0.05454545454545454,-0.3108566193311956,-0.5734598575106268,3.445913791656494,3.580776317069921,most auxetic,2,0.038*z0 + 0.999*z1,1.1878714561462402
dePablo CV2,test,31,7,0.06363636363636363,-0.3310794873810834,-0.5734598575106268,3.4115591049194336,3.6061670118474134,most auxetic,2,0.038*z0 + 0.999*z1,1.214575171470642
dePablo CV2,test,31,8,0.07272727272727272,-0.3485359972442301,-0.5734598575106268,3.3793411254882812,3.630281361725058,most auxetic,2,0.038*z0 + 0.999*z1,1.2399210929870605
dePablo CV2,test,31,9,0.08181818181818182,-0.36444989273674533,-0.5734598575106268,3.3468856811523438,3.6545434157609957,most auxetic,2,0.038*z0 + 0.999*z1,1.2654237747192383
dePablo CV2,test,31,10,0.09090909090909091,-0.3775104833370117,-0.5734598575106268,3.3161163330078125,3.677630323008818,most auxetic,2,0.038*z0 + 0.999*z1,1.289686918258667
dePablo CV2,test,31,11,0.1,-0.38968337598474584,-0.5734598575106268,3.283933162689209,3.7015726576516523,most auxetic,2,0.038*z0 + 0.999*z1,1.314859390258789
dePablo CV2,test,31,12,0.10909090909090909,-0.4008097165991903,-0.5734598575106268,3.2537193298339844,3.72419874976038,most auxetic,2,0.038*z0 + 0.999*z1,1.3386404514312744
dePablo CV2,test,31,13,0.11818181818181818,-0.41090013168514505,-0.5734598575106268,3.221477508544922,3.7481491198669157,most auxetic,2,0.038*z0 + 0.999*z1,1.3638231754302979
dePablo CV2,test,31,14,0.12727272727272726,-0.4198193222612332,-0.5734598575106268,3.1906981468200684,3.7711087821311597,most auxetic,2,0.038*z0 + 0.999*z1,1.387959361076355
dePablo CV2,test,31,15,0.13636363636363635,-0.42786124613345117,-0.5734598575106268,3.1599788665771484,3.7940985827163045,most auxetic,2,0.038*z0 + 0.999*z1,1.412123441696167
dePablo CV2,test,31,16,0.14545454545454545,-0.4352734051367026,-0.5734598575106268,3.1296792030334473,3.816836039712422,most auxetic,2,0.038*z0 + 0.999*z1,1.4360191822052002
dePablo CV2,test,31,17,0.15454545454545454,-0.4420652456459579,-0.5734598575106268,3.100393772125244,3.8388925449896294,most auxetic,2,0.038*z0 + 0.999*z1,1.4591952562332153
dePablo CV2,test,31,18,0.16363636363636364,-0.4484736922840927,-0.5734598575106268,3.0689449310302734,3.8622370165419175,most auxetic,2,0.038*z0 + 0.999*z1,1.4837417602539062
dePablo CV2,test,31,19,0.17272727272727273,-0.4545190267158929,-0.5734598575106268,3.0387983322143555,3.885022885804821,most auxetic,2,0.038*z0 + 0.999*z1,1.5076801776885986
dePablo CV2,test,31,20,0.18181818181818182,-0.459887879373671,-0.5734598575106268,3.0093064308166504,3.9070708990220564,most auxetic,2,0.038*z0 + 0.999*z1,1.5308555364608765
dePablo CV2,test,31,21,0.19090909090909092,-0.46468577438864056,-0.5734598575106268,2.978972911834717,3.929776227460325,most auxetic,2,0.038*z0 + 0.999*z1,1.554720401763916
dePablo CV2,test,31,22,0.2,-0.4692064448125282,-0.5734598575106268,2.949282169342041,3.9520703672102466,most auxetic,2,0.038*z0 + 0.999*z1,1.5781495571136475
dePablo CV2,test,31,23,0.20909090909090908,-0.47348839442164137,-0.5734598575106268,2.919422149658203,3.974567790093379,most auxetic,2,0.038*z0 + 0.999*z1,1.6017885208129883
dePablo CV2,test,31,24,0.21818181818181817,-0.47761194029850745,-0.5734598575106268,2.8886547088623047,3.9975323090075676,most auxetic,2,0.038*z0 + 0.999*z1,1.6259291172027588
dePablo CV2,test,31,25,0.22727272727272727,-0.4814111621335217,-0.5734598575106268,2.859560966491699,4.019604016145491,most auxetic,2,0.038*z0 + 0.999*z1,1.6491131782531738
dePablo CV2,test,31,26,0.23636363636363636,-0.48487678560057734,-0.5734598575106268,2.8299965858459473,4.0418802819913475,most auxetic,2,0.038*z0 + 0.999*z1,1.6725196838378906
dePablo CV2,test,31,27,0.24545454545454545,-0.4883212424644937,-0.5734598575106268,2.8003835678100586,4.0642270244541026,most auxetic,2,0.038*z0 + 0.999*z1,1.6959985494613647
dePablo CV2,test,31,28,0.2545454545454545,-0.4916553368406534,-0.5734598575106268,2.7712478637695312,4.086073792193236,most auxetic,2,0.038*z0 + 0.999*z1,1.718959093093872
dePablo CV2,test,31,29,0.2636363636363636,-0.4946357237968423,-0.5734598575106268,2.740356922149658,4.1092406977975795,most auxetic,2,0.038*z0 + 0.999*z1,1.7433068752288818
dePablo CV2,test,31,30,0.2727272727272727,-0.49734350583693354,-0.5734598575106268,2.7115745544433594,4.131031325284774,most auxetic,2,0.038*z0 + 0.999*z1,1.766197919845581
dePablo CV2,test,31,31,0.2818181818181818,-0.49977763942008363,-0.5734598575106268,2.6830997467041016,4.1524218429907425,most auxetic,2,0.038*z0 + 0.999*z1,1.7886769771575928
dePablo CV2,test,31,32,0.2909090909090909,-0.5022572196567647,-0.5734598575106268,2.6527457237243652,4.175340585275651,most auxetic,2,0.038*z0 + 0.999*z1,1.8127561807632446
dePablo CV2,test,31,33,0.3,-0.5048363654588283,-0.5734598575106268,2.6236071586608887,4.197377725622465,most auxetic,2,0.038*z0 + 0.999*z1,1.8359073400497437
dePablo CV2,test,31,34,0.3090909090909091,-0.5071246778089387,-0.5734598575106268,2.593381881713867,4.220298339384158,most auxetic,2,0.038*z0 + 0.999*z1,1.8599835634231567
dePablo CV2,test,31,35,0.3181818181818182,-0.5092824413056828,-0.5734598575106268,2.5649962425231934,4.241825516409097,most auxetic,2,0.038*z0 + 0.999*z1,1.8825960159301758
dePablo CV2,test,31,36,0.32727272727272727,-0.5113199748955256,-0.5734598575106268,2.53499698638916,4.264473390513617,most auxetic,2,0.038*z0 + 0.999*z1,1.9063907861709595
dePablo CV2,test,31,37,0.33636363636363636,-0.513290149653786,-0.5734598575106268,2.5060043334960938,4.286409291346323,most auxetic,2,0.038*z0 + 0.999*z1,1.929435133934021
dePablo CV2,test,31,38,0.34545454545454546,-0.5154849934754241,-0.5734598575106268,2.476630687713623,4.308802217364325,most auxetic,2,0.038*z0 + 0.999*z1,1.952951192855835
dePablo CV2,test,31,39,0.35454545454545455,-0.5172394310493382,-0.5734598575106268,2.447061061859131,4.3312382700903855,most auxetic,2,0.038*z0 + 0.999*z1,1.9765177965164185
dePablo CV2,test,31,40,0.36363636363636365,-0.5189826353984495,-0.5734598575106268,2.417875289916992,4.353252547182923,most auxetic,2,0.038*z0 + 0.999*z1,1.999647855758667
dePablo CV2,test,31,41,0.37272727272727274,-0.5206802520048897,-0.5734598575106268,2.389577865600586,4.374695490431991,most auxetic,2,0.038*z0 + 0.999*z1,2.022172689437866
dePablo CV2,test,31,42,0.38181818181818183,-0.5223947133791367,-0.5734598575106268,2.360297679901123,4.3969688810930885,most auxetic,2,0.038*z0 + 0.999*z1,2.045565605163574
dePablo CV2,test,31,43,0.39090909090909093,-0.5240613635199508,-0.5734598575106268,2.3300628662109375,4.419914866558249,most auxetic,2,0.038*z0 + 0.999*z1,2.0696675777435303
dePablo CV2,test,31,44,0.4,-0.5254069745617438,-0.5734598575106268,2.3019113540649414,4.441409526392859,most auxetic,2,0.038*z0 + 0.999*z1,2.092238664627075
dePablo CV2,test,31,45,0.4090909090909091,-0.5269435439476421,-0.5734598575106268,2.2726292610168457,4.463689754440035,most auxetic,2,0.038*z0 + 0.999*z1,2.115638494491577
dePablo CV2,test,31,46,0.41818181818181815,-0.5283355271030274,-0.5734598575106268,2.243861675262451,4.485633180083989,most auxetic,2,0.038*z0 + 0.999*z1,2.1386818885803223
dePablo CV2,test,31,47,0.42727272727272725,-0.5296397789020049,-0.5734598575106268,2.2151031494140625,4.507631506102863,most auxetic,2,0.038*z0 + 0.999*z1,2.1617798805236816
dePablo CV2,test,31,48,0.43636363636363634,-0.5309737557183641,-0.5734598575106268,2.1854867935180664,4.530142634029808,most auxetic,2,0.038*z0 + 0.999*z1,2.1854233741760254
dePablo CV2,test,31,49,0.44545454545454544,-0.532276903034523,-0.5734598575106268,2.156113624572754,4.552600500964339,most auxetic,2,0.038*z0 + 0.999*z1,2.2090044021606445
dePablo CV2,test,31,50,0.45454545454545453,-0.533466863293201,-0.5734598575106268,2.1274280548095703,4.574431941530475,most auxetic,2,0.038*z0 + 0.999*z1,2.2319326400756836
dePablo CV2,test,31,51,0.4636363636363636,-0.5347409533262845,-0.5734598575106268,2.099860191345215,4.595623137543006,most auxetic,2,0.038*z0 + 0.999*z1,2.254178047180176
dePablo CV2,test,31,52,0.4727272727272727,-0.5358385967139577,-0.5734598575106268,2.069899559020996,4.618427924243826,most auxetic,2,0.038*z0 + 0.999*z1,2.2781283855438232
dePablo CV2,test,31,53,0.4818181818181818,-0.536998017499974,-0.5734598575106268,2.039773941040039,4.641471178389321,most auxetic,2,0.038*z0 + 0.999*z1,2.302323579788208
dePablo CV2,test,31,54,0.4909090909090909,-0.5380000203726152,-0.5734598575106268,2.011202335357666,4.663348605385081,most auxetic,2,0.038*z0 + 0.999*z1,2.32529354095459
dePablo CV2,test,31,55,0.5,-0.5389953899538995,-0.5734598575106268,1.9824997186660767,4.685341413405005,most auxetic,2,0.038*z0 + 0.999*z1,2.348383903503418
dePablo CV2,test,31,56,0.509090909090909,-0.54007601724629,-0.5734598575106268,1.9535142183303833,4.707366688926372,most auxetic,2,0.038*z0 + 0.999*z1,2.3715174198150635
dePablo CV2,test,31,57,0.5181818181818182,-0.5411919073025306,-0.5734598575106268,1.9240516424179077,4.7301749884112585,most auxetic,2,0.038*z0 + 0.999*z1,2.3954524993896484
dePablo CV2,test,31,58,0.5272727272727272,-0.5421707307823581,-0.5734598575106268,1.8949065208435059,4.752411296516057,most auxetic,2,0.038*z0 + 0.999*z1,2.4188032150268555
dePablo CV2,test,31,59,0.5363636363636364,-0.5430746863991351,-0.5734598575106268,1.8661326169967651,4.774587253811421,most auxetic,2,0.038*z0 + 0.999*z1,2.442079544067383
dePablo CV2,test,31,60,0.5454545454545454,-0.5439667179825526,-0.5734598575106268,1.8383022546768188,4.795957493796138,most auxetic,2,0.038*z0 + 0.999*z1,2.4645140171051025
dePablo CV2,test,31,61,0.5545454545454546,-0.5449162242791863,-0.5734598575106268,1.80917227268219,4.818515294087281,most auxetic,2,0.038*z0 + 0.999*z1,2.4881858825683594
dePablo CV2,test,31,62,0.5636363636363636,-0.5458479272888495,-0.5734598575106268,1.778813362121582,4.841634339117476,most auxetic,2,0.038*z0 + 0.999*z1,2.512465715408325
dePablo CV2,test,31,63,0.5727272727272728,-0.5468276891126604,-0.5734598575106268,1.750648021697998,4.863379116413746,most auxetic,2,0.038*z0 + 0.999*z1,2.535287618637085
dePablo CV2,test,31,64,0.5818181818181818,-0.5475292682717332,-0.5734598575106268,1.7222143411636353,4.88541112112059,most auxetic,2,0.038*z0 + 0.999*z1,2.5584070682525635
dePablo CV2,test,31,65,0.5909090909090909,-0.5483767304586086,-0.5734598575106268,1.6936300992965698,4.907520841778427,most auxetic,2,0.038*z0 + 0.999*z1,2.5816099643707275
dePablo CV2,test,31,66,0.6,-0.5491339107261826,-0.5734598575106268,1.6636295318603516,4.93042061520448,most auxetic,2,0.038*z0 + 0.999*z1,2.605656862258911
dePablo CV2,test,31,67,0.6090909090909091,-0.5498872072515484,-0.5734598575106268,1.6351245641708374,4.9524482669275365,most auxetic,2,0.038*z0 + 0.999*z1,2.628774642944336
dePablo CV2,test,31,68,0.6181818181818182,-0.550704373338075,-0.5734598575106268,1.606155276298523,4.974970664838943,most auxetic,2,0.038*z0 + 0.999*z1,2.652405023574829
dePablo CV2,test,31,69,0.6272727272727273,-0.5514379694008394,-0.5734598575106268,1.5777478218078613,4.9968175846630745,most auxetic,2,0.038*z0 + 0.999*z1,2.6753382682800293
dePablo CV2,test,31,70,0.6363636363636364,-0.5522008431266339,-0.5734598575106268,1.5482890605926514,5.019642705295983,most auxetic,2,0.038*z0 + 0.999*z1,2.6992900371551514
dePablo CV2,test,31,71,0.6454545454545455,-0.5529120390077783,-0.5734598575106268,1.5199041366577148,5.041665110591965,most auxetic,2,0.038*z0 + 0.999*z1,2.722398042678833
dePablo CV2,test,31,72,0.6545454545454545,-0.5536536039989316,-0.5734598575106268,1.4901854991912842,5.06443255410494,most auxetic,2,0.038*z0 + 0.999*z1,2.7463018894195557
dePablo CV2,test,31,73,0.6636363636363637,-0.5542985744177995,-0.5734598575106268,1.4617066383361816,5.086713018808746,most auxetic,2,0.038*z0 + 0.999*z1,2.769671678543091
dePablo CV2,test,31,74,0.6727272727272727,-0.554959944761636,-0.5734598575106268,1.4337114095687866,5.108527578189717,most auxetic,2,0.038*z0 + 0.999*z1,2.7925570011138916
dePablo CV2,test,31,75,0.6818181818181818,-0.5556532249203384,-0.5734598575106268,1.4045943021774292,5.130968644747068,most auxetic,2,0.038*z0 + 0.999*z1,2.8161115646362305
dePablo CV2,test,31,76,0.6909090909090909,-0.5563057527433602,-0.5734598575106268,1.3740428686141968,5.154494515254291,most auxetic,2,0.038*z0 + 0.999*z1,2.840805768966675
dePablo CV2,test,31,77,0.7,-0.556931681981622,-0.5734598575106268,1.346431016921997,5.1759599471000834,most auxetic,2,0.038*z0 + 0.999*z1,2.8633272647857666
dePablo CV2,test,31,78,0.7090909090909091,-0.5575117784178539,-0.5734598575106268,1.317960500717163,5.198266933560831,most auxetic,2,0.038*z0 + 0.999*z1,2.886723279953003
dePablo CV2,test,31,79,0.7181818181818181,-0.558136624369894,-0.5734598575106268,1.2890592813491821,5.220648231096571,most auxetic,2,0.038*z0 + 0.999*z1,2.910209894180298
dePablo CV2,test,31,80,0.7272727272727273,-0.5587786993298912,-0.5734598575106268,1.2606004476547241,5.242796507029631,most auxetic,2,0.038*z0 + 0.999*z1,2.9334466457366943
dePablo CV2,test,31,81,0.7363636363636363,-0.5594019122533397,-0.5734598575106268,1.2321523427963257,5.264893725230221,most auxetic,2,0.038*z0 + 0.999*z1,2.956631898880005
dePablo CV2,test,31,82,0.7454545454545455,-0.5599590092564065,-0.5734598575106268,1.2028586864471436,5.287834897980907,most auxetic,2,0.038*z0 + 0.999*z1,2.9806935787200928
dePablo CV2,test,31,83,0.7545454545454545,-0.5605161290322581,-0.5734598575106268,1.1738356351852417,5.310358606229055,most auxetic,2,0.038*z0 + 0.999*z1,3.0043272972106934
dePablo CV2,test,31,84,0.7636363636363637,-0.5610583712537267,-0.5734598575106268,1.1458603143692017,5.332368565241469,most auxetic,2,0.038*z0 + 0.999*z1,3.02740740776062
dePablo CV2,test,31,85,0.7727272727272727,-0.5616358702674764,-0.5734598575106268,1.116655707359314,5.354919504324846,most auxetic,2,0.038*z0 + 0.999*z1,3.0510752201080322
dePablo CV2,test,31,86,0.7818181818181819,-0.5622872832923598,-0.5734598575106268,1.0867151021957397,5.378403341381572,most auxetic,2,0.038*z0 + 0.999*z1,3.075704336166382
dePablo CV2,test,31,87,0.7909090909090909,-0.5628404607858608,-0.5734598575106268,1.0588980913162231,5.400200788920286,most auxetic,2,0.038*z0 + 0.999*z1,3.0985658168792725
dePablo CV2,test,31,88,0.8,-0.5633779086818967,-0.5734598575106268,1.0302326679229736,5.4225781029312845,most auxetic,2,0.038*z0 + 0.999*z1,3.122039556503296
dePablo CV2,test,31,89,0.8090909090909091,-0.5638777663295965,-0.5734598575106268,1.0010045766830444,5.445760233008391,most auxetic,2,0.038*z0 + 0.999*z1,3.1463398933410645
dePablo CV2,test,31,90,0.8181818181818182,-0.5643993240069064,-0.5734598575106268,0.972441554069519,5.467859555230472,most auxetic,2,0.038*z0 + 0.999*z1,3.1695315837860107
dePablo CV2,test,31,91,0.8272727272727273,-0.5648467149761369,-0.5734598575106268,0.9440677762031555,5.490073694624815,most auxetic,2,0.038*z0 + 0.999*z1,3.192831039428711
dePablo CV2,test,31,92,0.8363636363636363,-0.5653455715163849,-0.5734598575106268,0.9159877896308899,5.512255062637963,most auxetic,2,0.038*z0 + 0.999*z1,3.2160866260528564
dePablo CV2,test,31,93,0.8454545454545455,-0.5658924797203954,-0.5734598575106268,0.8871734738349915,5.534956981819015,most auxetic,2,0.038*z0 + 0.999*z1,3.2398908138275146
dePablo CV2,test,31,94,0.8545454545454545,-0.5664081208312405,-0.5734598575106268,0.8586174249649048,5.557492324836878,most auxetic,2,0.038*z0 + 0.999*z1,3.2635185718536377
dePablo CV2,test,31,95,0.8636363636363636,-0.5668400369856681,-0.5734598575106268,0.8288828134536743,5.580470255588463,most auxetic,2,0.038*z0 + 0.999*z1,3.2876336574554443
dePablo CV2,test,31,96,0.8727272727272727,-0.5673559721380288,-0.5734598575106268,0.8012963533401489,5.602454598026259,most auxetic,2,0.038*z0 + 0.999*z1,3.310673475265503
dePablo CV2,test,31,97,0.8818181818181818,-0.5678015982613814,-0.5734598575106268,0.7729381322860718,5.624787733353282,most auxetic,2,0.038*z0 + 0.999*z1,3.3340914249420166
dePablo CV2,test,31,98,0.8909090909090909,-0.568200532138356,-0.5734598575106268,0.7433885931968689,5.647691154109497,most auxetic,2,0.038*z0 + 0.999*z1,3.3581249713897705
dePablo CV2,test,31,99,0.9,-0.568706819114369,-0.5734598575106268,0.7147049903869629,5.670431113638877,most auxetic,2,0.038*z0 + 0.999*z1,3.381962299346924
dePablo CV2,test,31,100,0.9090909090909091,-0.5691419286843492,-0.5734598575106268,0.6862620115280151,5.692872795274057,most auxetic,2,0.038*z0 + 0.999*z1,3.405492067337036
dePablo CV2,test,31,101,0.9181818181818182,-0.5695892957103494,-0.5734598575106268,0.6581107378005981,5.714980717984259,most auxetic,2,0.038*z0 + 0.999*z1,3.4286768436431885
dePablo CV2,test,31,102,0.9272727272727272,-0.570024808020363,-0.5734598575106268,0.6286969184875488,5.7383192911452126,most auxetic,2,0.038*z0 + 0.999*z1,3.4531407356262207
dePablo CV2,test,31,103,0.9363636363636364,-0.5704579607584009,-0.5734598575106268,0.6001386642456055,5.761011080931624,most auxetic,2,0.038*z0 + 0.999*z1,3.4769251346588135
dePablo CV2,test,31,104,0.9454545454545454,-0.570877444823255,-0.5734598575106268,0.5710235834121704,5.783947782528096,most auxetic,2,0.038*z0 + 0.999*z1,3.5009756088256836
dePablo CV2,test,31,105,0.9545454545454546,-0.5713083433087824,-0.5734598575106268,0.5432213544845581,5.806062896792038,most auxetic,2,0.038*z0 + 0.999*z1,3.5241544246673584
dePablo CV2,test,31,106,0.9636363636363636,-0.5717133433780166,-0.5734598575106268,0.514068603515625,5.829078945971832,most auxetic,2,0.038*z0 + 0.999*z1,3.548285722732544
dePablo CV2,test,31,107,0.9727272727272728,-0.5722258127391541,-0.5734598575106268,0.48600679636001587,5.851313890127173,most auxetic,2,0.038*z0 + 0.999*z1,3.57159423828125
dePablo CV2,test,31,108,0.9818181818181818,-0.5726409293485718,-0.5734598575106268,0.45676326751708984,5.874453745061168,most auxetic,2,0.038*z0 + 0.999*z1,3.595852851867676
dePablo CV2,test,31,109,0.990909090909091,-0.573062108204728,-0.5734598575106268,0.42925015091896057,5.896306239298243,most auxetic,2,0.038*z0 + 0.999*z1,3.618757963180542
dePablo CV2,test,31,110,1.0,-0.5734598575106268,-0.5734598575106268,0.40114593505859375,5.9187023103303895,most auxetic,2,0.038*z0 + 0.999*z1,3.6422293186187744
dePablo CV2,test,57,0,0.0,,-0.06735705102337672,3.244387626647949,-2.6704760691651264,middle,2,0.038*z0 + 0.999*z1,-5.0602240562438965
dePablo CV2,test,57,1,0.008771929824561403,0.13333333333333333,-0.06735705102337672,3.1704049110412598,-2.619580017457693,middle,2,0.038*z0 + 0.999*z1,-5.006503105163574
dePablo CV2,test,57,2,0.017543859649122806,0.07404371584699454,-0.06735705102337672,3.100607395172119,-2.5712537968837426,middle,2,0.038*z0 + 0.999*z1,-4.955511569976807
dePablo CV2,test,57,3,0.02631578947368421,0.04389799635701275,-0.06735705102337672,3.0332984924316406,-2.524533030006627,middle,2,0.038*z0 + 0.999*z1,-4.906220436096191
dePablo CV2,test,57,4,0.03508771929824561,0.02655590358164238,-0.06735705102337672,2.9679083824157715,-2.4790308213389585,middle,2,0.038*z0 + 0.999*z1,-4.858221054077148
dePablo CV2,test,57,5,0.043859649122807015,0.015862668405041285,-0.06735705102337672,2.9019322395324707,-2.433296236970674,middle,2,0.038*z0 + 0.999*z1,-4.809967041015625
dePablo CV2,test,57,6,0.05263157894736842,0.007588761405727708,-0.06735705102337672,2.8368687629699707,-2.3878527230176076,middle,2,0.038*z0 + 0.999*z1,-4.762038707733154
dePablo CV2,test,57,7,0.06140350877192982,0.0012359029816159431,-0.06735705102337672,2.7722301483154297,-2.3429054415636426,middle,2,0.038*z0 + 0.999*z1,-4.714622974395752
dePablo CV2,test,57,8,0.07017543859649122,-0.004924779059569588,-0.06735705102337672,2.7072463035583496,-2.297490376964572,middle,2,0.038*z0 + 0.999*z1,-4.666726112365723
dePablo CV2,test,57,9,0.07894736842105263,-0.010063495866778483,-0.06735705102337672,2.642521381378174,-2.2522532998017497,middle,2,0.038*z0 + 0.999*z1,-4.619017124176025
dePablo CV2,test,57,10,0.08771929824561403,-0.013677975228863758,-0.06735705102337672,2.5783867835998535,-2.207493357045353,middle,2,0.038*z0 + 0.999*z1,-4.571807861328125
dePablo CV2,test,57,11,0.09649122807017543,-0.017115751381485647,-0.06735705102337672,2.514296054840088,-2.1627684522386743,middle,2,0.038*z0 + 0.999*z1,-4.524635314941406
dePablo CV2,test,57,12,0.10526315789473684,-0.02029024455791454,-0.06735705102337672,2.4492812156677246,-2.1174050640022504,middle,2,0.038*z0 + 0.999*z1,-4.4767889976501465
dePablo CV2,test,57,13,0.11403508771929824,-0.023260618079656254,-0.06735705102337672,2.3857803344726562,-2.0729366926409076,middle,2,0.038*z0 + 0.999*z1,-4.429895401000977
dePablo CV2,test,57,14,0.12280701754385964,-0.02608662293321057,-0.06735705102337672,2.322126865386963,-2.0284540559988975,middle,2,0.038*z0 + 0.999*z1,-4.382981777191162
dePablo CV2,test,57,15,0.13157894736842105,-0.028412954016818752,-0.06735705102337672,2.256589889526367,-1.9825413960494696,middle,2,0.038*z0 + 0.999*z1,-4.334566116333008
dePablo CV2,test,57,16,0.14035087719298245,-0.030181086519114688,-0.06735705102337672,2.1927242279052734,-1.937880441244465,middle,2,0.038*z0 + 0.999*z1,-4.287466049194336
dePablo CV2,test,57,17,0.14912280701754385,-0.031929326392175425,-0.06735705102337672,2.128951072692871,-1.893361810534731,middle,2,0.038*z0 + 0.999*z1,-4.240511894226074
dePablo CV2,test,57,18,0.15789473684210525,-0.0334802811867032,-0.06735705102337672,2.064274311065674,-1.8480619274241683,middle,2,0.038*z0 + 0.999*z1,-4.192741870880127
dePablo CV2,test,57,19,0.16666666666666666,-0.03489618596253667,-0.06735705102337672,2.000626564025879,-1.8035709747658497,middle,2,0.038*z0 + 0.999*z1,-4.145820140838623
dePablo CV2,test,57,20,0.17543859649122806,-0.03649713275095128,-0.06735705102337672,1.9361188411712646,-1.7583924259837456,middle,2,0.038*z0 + 0.999*z1,-4.098177909851074
dePablo CV2,test,57,21,0.18421052631578946,-0.037869701686783885,-0.06735705102337672,1.8720320463180542,-1.7135739792394784,middle,2,0.038*z0 + 0.999*z1,-4.050911903381348
dePablo CV2,test,57,22,0.19298245614035087,-0.038915812288434846,-0.06735705102337672,1.80769681930542,-1.6685800088993763,middle,2,0.038*z0 + 0.999*z1,-4.003460884094238
dePablo CV2,test,57,23,0.20175438596491227,-0.04008478129221596,-0.06735705102337672,1.7435529232025146,-1.623739649852834,middle,2,0.038*z0 + 0.999*z1,-3.9561707973480225
dePablo CV2,test,57,24,0.21052631578947367,-0.040992569120567694,-0.06735705102337672,1.6797960996627808,-1.5789964495493025,middle,2,0.038*z0 + 0.999*z1,-3.9089925289154053
dePablo CV2,test,57,25,0.21929824561403508,-0.04185408902026303,-0.06735705102337672,1.6146870851516724,-1.5335937238133217,middle,2,0.038*z0 + 0.999*z1,-3.8611032962799072
dePablo CV2,test,57,26,0.22807017543859648,-0.042899804345587475,-0.06735705102337672,1.550648808479309,-1.4886059601789676,middle,2,0.038*z0 + 0.999*z1,-3.8136696815490723
dePablo CV2,test,57,27,0.23684210526315788,-0.043667949073890454,-0.06735705102337672,1.4870001077651978,-1.4440754940470846,middle,2,0.038*z0 + 0.999*z1,-3.7667083740234375
dePablo CV2,test,57,28,0.24561403508771928,-0.04445846718678293,-0.06735705102337672,1.4229243993759155,-1.399264491928312,middle,2,0.038*z0 + 0.999*z1,-3.7194502353668213
dePablo CV2,test,57,29,0.2543859649122807,-0.04518772843061247,-0.06735705102337672,1.3581632375717163,-1.3538029194275603,middle,2,0.038*z0 + 0.999*z1,-3.6715152263641357
dePablo CV2,test,57,30,0.2631578947368421,-0.0457618954166741,-0.06735705102337672,1.2948472499847412,-1.309469103639988,middle,2,0.038*z0 + 0.999*z1,-3.624763250350952
dePablo CV2,test,57,31,0.2719298245614035,-0.04649677129735143,-0.06735705102337672,1.2301298379898071,-1.2642031536590148,middle,2,0.038*z0 + 0.999*z1,-3.5770256519317627
dePablo CV2,test,57,32,0.2807017543859649,-0.04714598698844346,-0.06735705102337672,1.1656838655471802,-1.2189958331871609,middle,2,0.038*z0 + 0.999*z1,-3.5293569564819336
dePablo CV2,test,57,33,0.2894736842105263,-0.047873116779916645,-0.06735705102337672,1.1010481119155884,-1.1738533177251662,middle,2,0.038*z0 + 0.999*z1,-3.481745958328247
dePablo CV2,test,57,34,0.2982456140350877,-0.04830864644493066,-0.06735705102337672,1.0371240377426147,-1.128931297637991,middle,2,0.038*z0 + 0.999*z1,-3.434382438659668
dePablo CV2,test,57,35,0.30701754385964913,-0.04885022322793713,-0.06735705102337672,0.9733773469924927,-1.0843776004064443,middle,2,0.038*z0 + 0.999*z1,-3.3873941898345947
dePablo CV2,test,57,36,0.3157894736842105,-0.04942474061301543,-0.06735705102337672,0.9087265729904175,-1.0391267707653988,middle,2,0.038*z0 + 0.999*z1,-3.339674234390259
dePablo CV2,test,57,37,0.32456140350877194,-0.049924072601055754,-0.06735705102337672,0.8445678949356079,-0.9940220352175322,middle,2,0.038*z0 + 0.999*z1,-3.292119026184082
dePablo CV2,test,57,38,0.3333333333333333,-0.05040620644016727,-0.06735705102337672,0.7797194719314575,-0.9487217090003734,middle,2,0.038*z0 + 0.999*z1,-3.244342088699341
dePablo CV2,test,57,39,0.34210526315789475,-0.05083071519708049,-0.06735705102337672,0.7154879570007324,-0.9036630784519081,middle,2,0.038*z0 + 0.999*z1,-3.1968302726745605
dePablo CV2,test,57,40,0.3508771929824561,-0.051279993579969506,-0.06735705102337672,0.6510436534881592,-0.858490717773278,middle,2,0.038*z0 + 0.999*z1,-3.1491966247558594
dePablo CV2,test,57,41,0.35964912280701755,-0.051780610979890646,-0.06735705102337672,0.5873478055000305,-0.8138717310670186,middle,2,0.038*z0 + 0.999*z1,-3.102144956588745
dePablo CV2,test,57,42,0.3684210526315789,-0.052290329155202285,-0.06735705102337672,0.5225614309310913,-0.7684682881287602,middle,2,0.038*z0 + 0.999*z1,-3.054267168045044
dePablo CV2,test,57,43,0.37719298245614036,-0.05267676076489543,-0.06735705102337672,0.45834189653396606,-0.7233422582238627,middle,2,0.038*z0 + 0.999*z1,-3.006688356399536
dePablo CV2,test,57,44,0.38596491228070173,-0.0529726443768997,-0.06735705102337672,0.39456096291542053,-0.678810340295977,middle,2,0.038*z0 + 0.999*z1,-2.9597206115722656
dePablo CV2,test,57,45,0.39473684210526316,-0.05332921218749628,-0.06735705102337672,0.32943862676620483,-0.633180349954422,middle,2,0.038*z0 + 0.999*z1,-2.9116034507751465
dePablo CV2,test,57,46,0.40350877192982454,-0.053636014746415155,-0.06735705102337672,0.2646111249923706,-0.5877512957631114,middle,2,0.038*z0 + 0.999*z1,-2.8636984825134277
dePablo CV2,test,57,47,0.41228070175438597,-0.05400698847016242,-0.06735705102337672,0.2005307823419571,-0.5426960243470809,middle,2,0.038*z0 + 0.999*z1,-2.8161957263946533
dePablo CV2,test,57,48,0.42105263157894735,-0.05434322270022067,-0.06735705102337672,0.1363484263420105,-0.497681047715322,middle,2,0.038*z0 + 0.999*z1,-2.7687294483184814
dePablo CV2,test,57,49,0.4298245614035088,-0.054628224582701064,-0.06735705102337672,0.0714140236377716,-0.4522724594656222,middle,2,0.038*z0 + 0.999*z1,-2.7208409309387207
dePablo CV2,test,57,50,0.43859649122807015,-0.05503370065261581,-0.06735705102337672,0.007111918181180954,-0.40715597257313474,middle,2,0.038*z0 + 0.999*z1,-2.6732685565948486
dePablo CV2,test,57,51,0.4473684210526316,-0.05533762664932559,-0.06735705102337672,-0.05658525973558426,-0.3625639581420413,middle,2,0.038*z0 + 0.999*z1,-2.626243829727173
dePablo CV2,test,57,52,0.45614035087719296,-0.055706437874205296,-0.06735705102337672,-0.12187100946903229,-0.31673904077500653,middle,2,0.038*z0 + 0.999*z1,-2.577925443649292
dePablo CV2,test,57,53,0.4649122807017544,-0.05593177574809507,-0.06735705102337672,-0.186294823884964,-0.2715273119159483,middle,2,0.038*z0 + 0.999*z1,-2.5302531719207764
dePablo CV2,test,57,54,0.47368421052631576,-0.05625334310676149,-0.06735705102337672,-0.2503315806388855,-0.22661620732864454,middle,2,0.038*z0 + 0.999*z1,-2.482896327972412
dePablo CV2,test,57,55,0.4824561403508772,-0.05643514286270009,-0.06735705102337672,-0.3145933747291565,-0.1815101144600535,middle,2,0.038*z0 + 0.999*z1,-2.435335874557495
dePablo CV2,test,57,56,0.49122807017543857,-0.05672614044471613,-0.06735705102337672,-0.3790875971317291,-0.13628126302446686,middle,2,0.038*z0 + 0.999*z1,-2.387643814086914
dePablo CV2,test,57,57,0.5,-0.057043925417812266,-0.06735705102337672,-0.4436976909637451,-0.09098958989932512,middle,2,0.038*z0 + 0.999*z1,-2.3398845195770264
dePablo CV2,test,57,58,0.5087719298245614,-0.05732360725582596,-0.06735705102337672,-0.5083876848220825,-0.04542479541394287,middle,2,0.038*z0 + 0.999*z1,-2.29184889793396
dePablo CV2,test,57,59,0.5175438596491229,-0.057529304045907406,-0.06735705102337672,-0.5731635093688965,-0.00020845733762845273,middle,2,0.038*z0 + 0.999*z1,-2.2441587448120117
dePablo CV2,test,57,60,0.5263157894736842,-0.0577370499460693,-0.06735705102337672,-0.637222409248352,0.04479353917432794,middle,2,0.038*z0 + 0.999*z1,-2.1967101097106934
dePablo CV2,test,57,61,0.5350877192982456,-0.05801167949774652,-0.06735705102337672,-0.7013883590698242,0.08976172216663889,middle,2,0.038*z0 + 0.999*z1,-2.1492912769317627
dePablo CV2,test,57,62,0.543859649122807,-0.0582820762774006,-0.06735705102337672,-0.7665406465530396,0.13552924544110317,middle,2,0.038*z0 + 0.999*z1,-2.1010353565216064
dePablo CV2,test,57,63,0.5526315789473685,-0.05858681902692056,-0.06735705102337672,-0.8313251733779907,0.18106427163579056,middle,2,0.038*z0 + 0.999*z1,-2.053025960922241
dePablo CV2,test,57,64,0.5614035087719298,-0.058860399812796685,-0.06735705102337672,-0.8951236009597778,0.2257811268668592,middle,2,0.038*z0 + 0.999*z1,-2.0058724880218506
dePablo CV2,test,57,65,0.5701754385964912,-0.058997292871777574,-0.06735705102337672,-0.9597684144973755,0.2710415918765128,middle,2,0.038*z0 + 0.999*z1,-1.9581431150436401
dePablo CV2,test,57,66,0.5789473684210527,-0.05922300199354933,-0.06735705102337672,-1.0244295597076416,0.3165271829903301,middle,2,0.038*z0 + 0.999*z1,-1.910187840461731
dePablo CV2,test,57,67,0.5877192982456141,-0.05944759319869083,-0.06735705102337672,-1.08872652053833,0.3616934195404156,middle,2,0.038*z0 + 0.999*z1,-1.8625658750534058
dePablo CV2,test,57,68,0.5964912280701754,-0.05965864401447223,-0.06735705102337672,-1.153925895690918,0.4073624398739622,middle,2,0.038*z0 + 0.999*z1,-1.8144067525863647
dePablo CV2,test,57,69,0.6052631578947368,-0.059879543287677604,-0.06735705102337672,-1.2183929681777954,0.45270417207235447,middle,2,0.038*z0 + 0.999*z1,-1.7666027545928955
dePablo CV2,test,57,70,0.6140350877192983,-0.06007931110890378,-0.06735705102337672,-1.2832112312316895,0.4982472192194817,middle,2,0.038*z0 + 0.999*z1,-1.7185840606689453
dePablo CV2,test,57,71,0.6228070175438597,-0.0602663773880552,-0.06735705102337672,-1.34709894657135,0.5430162232720132,middle,2,0.038*z0 + 0.999*z1,-1.671375036239624
dePablo CV2,test,57,72,0.631578947368421,-0.06051984519042914,-0.06735705102337672,-1.4123404026031494,0.5888454298333613,middle,2,0.038*z0 + 0.999*z1,-1.623054027557373
dePablo CV2,test,57,73,0.6403508771929824,-0.06072506667448199,-0.06735705102337672,-1.4775478839874268,0.6346812767596479,middle,2,0.038*z0 + 0.999*z1,-1.5747276544570923
dePablo CV2,test,57,74,0.6491228070175439,-0.06086252628992274,-0.06735705102337672,-1.5416946411132812,0.6796971178278438,middle,2,0.038*z0 + 0.999*z1,-1.5272618532180786
dePablo CV2,test,57,75,0.6578947368421053,-0.061030051488311726,-0.06735705102337672,-1.6065963506698608,0.7252403572108772,middle,2,0.038*z0 + 0.999*z1,-1.479239821434021
dePablo CV2,test,57,76,0.6666666666666666,-0.06123368169182589,-0.06735705102337672,-1.6706180572509766,0.7702373219834899,middle,2,0.038*z0 + 0.999*z1,-1.4317976236343384
dePablo CV2,test,57,77,0.6754385964912281,-0.0614433562547753,-0.06735705102337672,-1.736403226852417,0.8163630387862659,middle,2,0.038*z0 + 0.999*z1,-1.3831593990325928
dePablo CV2,test,57,78,0.6842105263157895,-0.06168657514708504,-0.06735705102337672,-1.8006864786148071,0.8614647496485459,middle,2,0.038*z0 + 0.999*z1,-1.3356025218963623
dePablo CV2,test,57,79,0.6929824561403509,-0.06185259908196011,-0.06735705102337672,-1.8651753664016724,0.9068387767734989,middle,2,0.038*z0 + 0.999*z1,-1.287765383720398
dePablo CV2,test,57,80,0.7017543859649122,-0.06197015484181531,-0.06735705102337672,-1.9296083450317383,0.9521479618047763,middle,2,0.038*z0 + 0.999*z1,-1.2399952411651611
dePablo CV2,test,57,81,0.7105263157894737,-0.06216159108317266,-0.06735705102337672,-1.9940826892852783,0.9973761325124357,middle,2,0.038*z0 + 0.999*z1,-1.1923046112060547
dePablo CV2,test,57,82,0.7192982456140351,-0.062361397375355475,-0.06735705102337672,-2.058783531188965,1.0428036441078772,middle,2,0.038*z0 + 0.999*z1,-1.1444059610366821
dePablo CV2,test,57,83,0.7280701754385965,-0.06258900552236979,-0.06735705102337672,-2.1242198944091797,1.0887740574089562,middle,2,0.038*z0 + 0.999*z1,-1.0959362983703613
dePablo CV2,test,57,84,0.7368421052631579,-0.06273041584687972,-0.06735705102337672,-2.188689708709717,1.134181919655598,middle,2,0.038*z0 + 0.999*z1,-1.0480660200119019
dePablo CV2,test,57,85,0.7456140350877193,-0.06286731855878985,-0.06735705102337672,-2.253169059753418,1.179397751049739,middle,2,0.038*z0 + 0.999*z1,-1.0003875494003296
dePablo CV2,test,57,86,0.7543859649122807,-0.06304496548292804,-0.06735705102337672,-2.3180322647094727,1.2249780591023767,middle,2,0.038*z0 + 0.999*z1,-0.9523298740386963
dePablo CV2,test,57,87,0.7631578947368421,-0.06325464158367146,-0.06735705102337672,-2.383655071258545,1.2710780854902675,middle,2,0.038*z0 + 0.999*z1,-0.9037234783172607
dePablo CV2,test,57,88,0.7719298245614035,-0.06340793328551804,-0.06735705102337672,-2.4482221603393555,1.3163955012638737,middle,2,0.038*z0 + 0.999*z1,-0.855940043926239
dePablo CV2,test,57,89,0.7807017543859649,-0.06357801363029916,-0.06735705102337672,-2.5127081871032715,1.3617848841176716,middle,2,0.038*z0 + 0.999*z1,-0.8080876469612122
dePablo CV2,test,57,90,0.7894736842105263,-0.06369638728924863,-0.06735705102337672,-2.576937675476074,1.4069121472603987,middle,2,0.038*z0 + 0.999*z1,-0.7605072259902954
dePablo CV2,test,57,91,0.7982456140350878,-0.06389744433733807,-0.06735705102337672,-2.6424856185913086,1.4529338101223779,middle,2,0.038*z0 + 0.999*z1,-0.7119820713996887
dePablo CV2,test,57,92,0.8070175438596491,-0.06412022906310863,-0.06735705102337672,-2.707242012023926,1.4985451232837586,middle,2,0.038*z0 + 0.999*z1,-0.6638973951339722
dePablo CV2,test,57,93,0.8157894736842105,-0.06427030913012222,-0.06735705102337672,-2.772371292114258,1.5443001116712074,middle,2,0.038*z0 + 0.999*z1,-0.6156548857688904
dePablo CV2,test,57,94,0.8245614035087719,-0.06439590078581549,-0.06735705102337672,-2.8370509147644043,1.5898262239205978,middle,2,0.038*z0 + 0.999*z1,-0.5676583647727966
dePablo CV2,test,57,95,0.8333333333333334,-0.06448961207139238,-0.06735705102337672,-2.9017481803894043,1.6351879347120635,middle,2,0.038*z0 + 0.999*z1,-0.5198256969451904
dePablo CV2,test,57,96,0.8421052631578947,-0.06468579196915586,-0.06735705102337672,-2.967480182647705,1.6816102197902931,middle,2,0.038*z0 + 0.999*z1,-0.47089269757270813
dePablo CV2,test,57,97,0.8508771929824561,-0.06485622122356703,-0.06735705102337672,-3.031752586364746,1.7265698065863375,middle,2,0.038*z0 + 0.999*z1,-0.42347845435142517
dePablo CV2,test,57,98,0.8596491228070176,-0.06502494241957843,-0.06735705102337672,-3.0973052978515625,1.772702850104225,middle,2,0.038*z0 + 0.999*z1,-0.3748416602611542
dePablo CV2,test,57,99,0.868421052631579,-0.06513869528101057,-0.06735705102337672,-3.160999298095703,1.8175745103124703,middle,2,0.038*z0 + 0.999*z1,-0.3275372087955475
dePablo CV2,test,57,100,0.8771929824561403,-0.06531983290275303,-0.06735705102337672,-3.2266950607299805,1.8636545750796554,middle,2,0.038*z0 + 0.999*z1,-0.278948038816452
dePablo CV2,test,57,101,0.8859649122807017,-0.06549772018365628,-0.06735705102337672,-3.2915515899658203,1.9094009561586982,middle,2,0.038*z0 + 0.999*z1,-0.23072442412376404
dePablo CV2,test,57,102,0.8947368421052632,-0.06566368989874095,-0.06735705102337672,-3.356602668762207,1.95515075996549,middle,2,0.038*z0 + 0.999*z1,-0.1824900507926941
dePablo CV2,test,57,103,0.9035087719298246,-0.06578523726929987,-0.06735705102337672,-3.4212093353271484,2.000491045936718,middle,2,0.038*z0 + 0.999*z1,-0.13468223810195923
dePablo CV2,test,57,104,0.9122807017543859,-0.06591954082104981,-0.06735705102337672,-3.4863638877868652,2.0463908016416705,middle,2,0.038*z0 + 0.999*z1,-0.08629390597343445
dePablo CV2,test,57,105,0.9210526315789473,-0.0660614767042618,-0.06735705102337672,-3.5516605377197266,2.0922986510309567,middle,2,0.038*z0 + 0.999*z1,-0.037892118096351624
dePablo CV2,test,57,106,0.9298245614035088,-0.06624986123305782,-0.06735705102337672,-3.617380142211914,2.138529552796777,middle,2,0.038*z0 + 0.999*z1,0.010848894715309143
dePablo CV2,test,57,107,0.9385964912280702,-0.06637539741256923,-0.06735705102337672,-3.6815171241760254,2.1836117645974435,middle,2,0.038*z0 + 0.999*z1,0.058380745351314545
dePablo CV2,test,57,108,0.9473684210526315,-0.06651379554560627,-0.06735705102337672,-3.745819091796875,2.228818962686688,middle,2,0.038*z0 + 0.999*z1,0.10604389011859894
dePablo CV2,test,57,109,0.956140350877193,-0.06664180276381909,-0.06735705102337672,-3.8116159439086914,2.2750749341072565,middle,2,0.038*z0 + 0.999*z1,0.15481290221214294
dePablo CV2,test,57,110,0.9649122807017544,-0.0667956934867391,-0.06735705102337672,-3.876650810241699,2.3209617761528243,middle,2,0.038*z0 + 0.999*z1,0.20318379998207092
dePablo CV2,test,57,111,0.9736842105263158,-0.06695387343626516,-0.06735705102337672,-3.941978931427002,2.366867233948333,middle,2,0.038*z0 + 0.999*z1,0.25158438086509705
dePablo CV2,test,57,112,0.9824561403508771,-0.06707485982290402,-0.06735705102337672,-4.006618976593018,2.412349658960838,middle,2,0.038*z0 + 0.999*z1,0.29953569173812866
dePablo CV2,test,57,113,0.9912280701754386,-0.06721766215077585,-0.06735705102337672,-4.07108211517334,2.457790204364272,middle,2,0.038*z0 + 0.999*z1,0.34743842482566833
dePablo CV2,test,57,114,1.0,-0.06735705102337672,-0.06735705102337672,-4.136786937713623,2.503935029505834,middle,2,0.038*z0 + 0.999*z1,0.3960927426815033
