dataset,split,sim_idx,frame,frame_frac,node_count,p_ratio,final_p_ratio,mean_abs_y_disp,rms_y_disp,mean_y_disp,vertical_span_change,vertical_strain,horizontal_strain,top_mean_dy,bottom_mean_dy,top_bottom_opening,left_mean_dy,right_mean_dy,left_right_y_asymmetry,mean_abs_x_disp,z0,latent_pc1,y_mode1,y_mode2,y_mode3,y_mode4,z1,latent_pc2
dePablo CV1,test,0,0,0.0,104,,-0.5734598575106268,0.0,0.0,0.0,0.0,0.0,0.0,0.0,0.0,0.0,0.0,0.0,0.0,0.0,0.2736038863658905,0.9630858872507024,-0.11506084719120578,-0.0043766082705546955,0.0001439735984679353,0.0006406666548815504,,
dePablo CV1,test,0,1,0.00909090909090909,104,0.021750951604132682,-0.5734598575106268,2.8630360247916542e-05,3.43699284712784e-05,-7.101692744981847e-07,4.00543212890625e-05,3.629565298979287e-06,-9.504008630756289e-05,4.99289217259502e-06,-6.413230494217714e-06,1.1406122212065384e-05,-4.405442268762272e-06,2.9851037197659025e-06,-7.390545761154499e-06,0.0002479944669175893,0.2939648926258087,0.9834468935106206,-0.11500037865494932,-0.004206275500493467,0.00023986553995653813,0.0004631503408589521,,
dePablo CV1,test,0,2,0.01818181818181818,104,-0.10762942779291552,-0.5734598575106268,8.57195773278363e-05,0.00010819463204825297,4.450790584087372e-06,-0.00018024444580078125,-1.6333044186467305e-05,-0.00019272966892458498,-4.7952078602975234e-05,5.685365977114998e-05,-0.00010480573837412521,-6.703373401251156e-06,1.5604953659931198e-05,-2.2308326151687652e-05,0.0004982269019819796,0.31200048327445984,1.0014824841592718,-0.11420069670177438,-0.0038829916320839465,0.00023642924696350075,0.0002429357938939854,,
dePablo CV1,test,0,3,0.02727272727272727,104,-0.19130751045644662,-0.5734598575106268,0.0001839958131313324,0.00022876453294884413,1.2800956938008312e-05,-0.0005102157592773438,-4.62337484350428e-05,-0.0002876842918340117,-0.00013121790834702551,0.00015681982040405273,-0.00028803772875107825,-1.100937879527919e-05,3.661129449028522e-05,-4.762067328556441e-05,0.0007512200972996652,0.3284124433994293,1.0178944442842413,-0.11299827314173583,-0.003493769613081211,0.00019438812535826336,4.9699537792983655e-05,,
dePablo CV1,test,0,4,0.03636363636363636,104,-0.24627375905920962,-0.5734598575106268,0.00030223437352105975,0.00036916518001817167,2.1248053599265404e-05,-0.0008697509765625,-7.881341298343614e-05,-0.00038357905577868223,-0.00023032122408039868,0.0002728173276409507,-0.0005031385226175189,-1.6958667401922867e-05,5.9454774600453675e-05,-7.641344564035535e-05,0.0010068181436508894,0.3437279164791107,1.0332099173639226,-0.11160336905821064,-0.003095404157592266,0.0001655308507011182,-9.019315653489664e-05,,
dePablo CV1,test,0,5,0.045454545454545456,104,-0.28460103171989903,-0.5734598575106268,0.0004313308163546026,0.0005196466809138656,3.0916973628336564e-05,-0.001270294189453125,-0.00011510906915646046,-0.0004794738197233528,-0.00033781977253966033,0.0003996537416242063,-0.0007374734850600362,-2.5665387511253357e-05,8.749933476792648e-05,-0.00011316472227917984,0.0012638892512768507,0.35909733176231384,1.0485793326471258,-0.11009911815424359,-0.002718151957084861,0.00011841084254398868,-0.00018476087848388445,,
dePablo CV1,test,0,6,0.05454545454545454,104,-0.3108566193311956,-0.5734598575106268,0.0005653258413076401,0.0006749856402166188,3.9989128708839417e-05,-0.001659393310546875,-0.00015036770491860807,-0.0005753685836680233,-0.0004507059638854116,0.0005306842504069209,-0.000981390243396163,-3.559686956577934e-05,0.00011557512334547937,-0.0001511719892732799,0.0015224914532154799,0.37484848499298096,1.0643304858777929,-0.10854291280401766,-0.0023525312456178227,8.930547023930011e-05,-0.00023940646740332747,,
dePablo CV1,test,0,7,0.06363636363636363,104,-0.3310794873810834,-0.5734598575106268,0.0007058586925268173,0.000835588900372386,4.9709844461176544e-05,-0.0020704269409179688,-0.00018761395767796785,-0.0006721180398017168,-0.0005686956574209034,0.0006681153317913413,-0.0012368110474199057,-4.652744246413931e-05,0.0001459471241105348,-0.00019247457385063171,0.0017819685162976384,0.3909321427345276,1.0804141436193395,-0.10692178822089558,-0.002025861361374868,5.433809283606758e-05,-0.00026135353622265144,,
dePablo CV1,test,0,8,0.07272727272727272,104,-0.3485359972442301,-0.5734598575106268,0.0008537235553376377,0.0010040774941444397,5.945111843175255e-05,-0.0025005340576171875,-0.0002265885705128312,-0.0007671581115573645,-0.0006943354965187609,0.0008132377406582236,-0.0015075732953846455,-5.777280603069812e-05,0.00017667505017016083,-0.00023444785620085895,0.002042436273768544,0.40654656291007996,1.0960285637948919,-0.10521719834418532,-0.0017149210530276466,2.1373139504195586e-05,-0.0002716551433015914,,
dePablo CV1,test,0,9,0.08181818181818182,104,-0.36444989273674533,-0.5734598575106268,0.001008794759400189,0.001179297105409205,6.89684457029216e-05,-0.0029401779174804688,-0.0002664273779373616,-0.0008630529046058655,-0.0008269110112451017,0.0009648479172028601,-0.0017917589284479618,-7.068250852171332e-05,0.00020861941447947174,-0.00027930192300118506,0.0023039248771965504,0.42268308997154236,1.1121650908563543,-0.1034402295505526,-0.0014206131049861544,-1.5216377825506443e-05,-0.0002619869830878264,,
dePablo CV1,test,0,10,0.09090909090909091,104,-0.3775104833370117,-0.5734598575106268,0.0011690986575558782,0.0013595536584034562,8.009668090380728e-05,-0.0034008026123046875,-0.00030816736398264766,-0.000959802302531898,-0.0009621804347261786,0.0011223738547414541,-0.002084554173052311,-8.274371066363528e-05,0.00024293706519529223,-0.0003256807685829699,0.002567797899246216,0.4380677342414856,1.1275497351262975,-0.10160977249411875,-0.0011445680835641603,-4.8624782933209584e-05,-0.0002516534524295782,,
dePablo CV1,test,0,11,0.1,104,-0.38968337598474584,-0.5734598575106268,0.0013340176083147526,0.0015448554186150432,9.05180349946022e-05,-0.0038499832153320312,-0.00034887035144492984,-0.0010575773194432259,-0.0011029110755771399,0.0012839471455663443,-0.002386858221143484,-9.465461334912106e-05,0.0002756906906142831,-0.00037034531123936176,0.0028321915306150913,0.4544910788536072,1.143973079738419,-0.0997242371137114,-0.0008917721300565883,-7.618315101765922e-05,-0.00024122931141705905,,
dePablo CV1,test,0,12,0.10909090909090909,104,-0.4008097165991903,-0.5734598575106268,0.0015039497520774603,0.001735410070978105,0.0001016475580399856,-0.004329681396484375,-0.00039233872666954994,-0.0011534721124917269,-0.0012477879645302892,0.0014510831097140908,-0.00269887107424438,-0.00010797897266456857,0.00031127408146858215,-0.0004192530468571931,0.0030976166017353535,0.47025272250175476,1.1597347233865667,-0.09778347801343965,-0.0006509998329714161,-0.0001074125085704886,-0.00021828469898230553,,
dePablo CV1,test,0,13,0.11818181818181818,104,-0.41090013168514505,-0.5734598575106268,0.001677361549809575,0.0019287830218672752,0.00011237159196753055,-0.004810333251953125,-0.00043589348206296563,-0.0012502216268330812,-0.0013964733807370067,0.0016212165355682373,-0.003017690032720566,-0.00012149762187618762,0.0003462407912593335,-0.00046773842768743634,0.003363107331097126,0.48714542388916016,1.176627424773972,-0.09581098965027238,-0.0004321990322792607,-0.00014168240266032464,-0.000185504280129871,,
dePablo CV1,test,0,14,0.12727272727272726,104,-0.4198193222612332,-0.5734598575106268,0.0018537672003731132,0.002125323284417391,0.00012379289546515793,-0.0053005218505859375,-0.00048031244659796357,-0.0013461163034662604,-0.0015469735953956842,0.0017945594154298306,-0.003341533010825515,-0.00013527889677789062,0.0003828647022601217,-0.0005181435844860971,0.0036290762946009636,0.5037007927894592,1.1931827936742712,-0.09380370085521558,-0.00023732651927792822,-0.00017087746243488362,-0.00016219458070089706,,
dePablo CV1,test,0,15,0.13636363636363635,104,-0.42786124613345117,-0.5734598575106268,0.00203263433650136,0.002324128756299615,0.00013504148228093982,-0.0058002471923828125,-0.0005255956202745438,-0.0014420110965147614,-0.0017000236548483372,0.001970106502994895,-0.003670130157843232,-0.00014845884288661182,0.00041854180744849145,-0.0005670006503351033,0.0038957560900598764,0.5204973220825195,1.2099793229673315,-0.09177079831035173,-6.465307080632788e-05,-0.00019596310566733955,-0.0001366508924481165,,
dePablo CV1,test,0,16,0.14545454545454545,104,-0.4352734051367026,-0.5734598575106268,0.00221350509673357,0.0025252497289329767,0.00014629430370405316,-0.0062999725341796875,-0.000570878735743463,-0.001538760494440794,-0.0018544624326750636,0.00214705104008317,-0.004001513589173555,-0.00016176070494111627,0.00045434929779730737,-0.0006161099881865084,0.004163446836173534,0.5373708605766296,1.2268528614614416,-0.0897151052758578,0.00010394893812937326,-0.00021166642664213636,-0.00011000364425459318,,
dePablo CV1,test,0,17,0.15454545454545454,104,-0.4420652456459579,-0.5734598575106268,0.002397090895101428,0.002729380503296852,0.00015800374967511743,-0.0067996978759765625,-0.0006161619094200432,-0.0016355954576283693,-0.002011722419410944,0.0023277299478650093,-0.004339452367275953,-0.00017479177040513605,0.0004907992552034557,-0.000665591040160507,0.004431084264069796,0.5540664792060852,1.2435484800908971,-0.08762618413678877,0.00024813511295687597,-0.00022616112462223406,-9.350953935782295e-05,,
dePablo CV1,test,0,18,0.16363636363636364,104,-0.4484736922840927,-0.5734598575106268,0.002583506517112255,0.0029358291067183018,0.00016886267985682935,-0.0073108673095703125,-0.0006624820525757968,-0.0017324303044006228,-0.0021722400560975075,0.002509965328499675,-0.004682205617427826,-0.000188873935258016,0.0005265992949716747,-0.0007154732011258602,0.004699551500380039,0.5719968676567078,1.2614788685415197,-0.08551274456453874,0.00037994636635722834,-0.00024283215535274644,-6.527498270402197e-05,,
dePablo CV1,test,0,19,0.17272727272727273,104,-0.4545190267158929,-0.5734598575106268,0.0027707454282790422,0.003143921960145235,0.00018092073150910437,-0.007829666137695312,-0.0007094935863278806,-0.0018283250974491239,-0.002332147443667054,0.002693988848477602,-0.0050261365249753,-0.0002013613993767649,0.0005632028332911432,-0.0007645642617717385,0.0049680243246257305,0.5896190404891968,1.2791010413740087,-0.08338389516902732,0.0005099719695250629,-0.00024975589871453074,-4.91344065131132e-05,,
dePablo CV1,test,0,20,0.18181818181818182,104,-0.459887879373671,-0.5734598575106268,0.002959214150905609,0.00335283693857491,0.00019225348660256714,-0.008340835571289062,-0.0007558137294836342,-0.0019242198904976249,-0.0024938483256846666,0.0028783553279936314,-0.005372203886508942,-0.000214804254937917,0.0005993112572468817,-0.0008141155121847987,0.005236682947725058,0.607187032699585,1.296669033584397,-0.08124352686457756,0.0006107251967698527,-0.00025296568576708154,-3.2880708705373585e-05,,
dePablo CV1,test,0,21,0.19090909090909092,104,-0.46468577438864056,-0.5734598575106268,0.003149093594402075,0.003562942845746875,0.00020371872233226895,-0.008859634399414062,-0.000802825263235718,-0.0020218240097165108,-0.0026564260479062796,0.0030638633761554956,-0.005720289424061775,-0.0002283022622577846,0.0006357397069223225,-0.0008640419691801071,0.005505979526787996,0.6252619624137878,1.3147439632985998,-0.07909068055535917,0.000700481770293357,-0.0002531837412878374,-1.0616944777821935e-05,,
dePablo CV1,test,0,22,0.2,104,-0.4692064448125282,-0.5734598575106268,0.003340258728712797,0.003774764249101281,0.00021585728973150253,-0.009380340576171875,-0.0008500096155330539,-0.002117718802765012,-0.002820027293637395,0.0032517416402697563,-0.006071768701076508,-0.0002409788576187566,0.0006726934225298464,-0.0009136722655966878,0.005775870755314827,0.6432725191116333,1.3327545199964452,-0.07692192813810869,0.0007924630323542723,-0.00025458356561205417,8.021911833996074e-06,,
dePablo CV1,test,0,23,0.20909090909090908,104,-0.47348839442164137,-0.5734598575106268,0.003532733768224716,0.0039880224503576756,0.0002273759600939229,-0.009900093078613281,-0.0008971075294539332,-0.002214553765952587,-0.002985005732625723,0.00343975774012506,-0.006424763239920139,-0.00025571597507223487,0.0007104678661562502,-0.0009661838412284851,0.006045880727469921,0.6618325710296631,1.351314571914475,-0.07473822985341587,0.0008735650949219704,-0.0002582751731030453,2.0469286752582762e-05,,
dePablo CV1,test,0,24,0.21818181818181817,104,-0.47761194029850745,-0.5734598575106268,0.0037261510733515024,0.004202020354568958,0.00023890723241493106,-0.010430335998535156,-0.0009451560326851904,-0.0023103628773242235,-0.003151172073557973,0.003628986421972513,-0.00678015872836113,-0.00026912085013464093,0.000746935314964503,-0.001016056165099144,0.006315998267382383,0.6808459162712097,1.3703279171560216,-0.07254591866747519,0.0009385475692809897,-0.0002585450884358516,3.321287628168858e-05,,
dePablo CV1,test,0,25,0.22727272727272727,104,-0.4814111621335217,-0.5734598575106268,0.00392052112147212,0.004417394287884235,0.00025095423916354775,-0.010959625244140625,-0.000993118155747652,-0.0024062576703727245,-0.0033178196754306555,0.003819728037342429,-0.007137547712773085,-0.00028228259179741144,0.000784191070124507,-0.0010664736619219184,0.006585829425603151,0.6995927691459656,1.3890747700307775,-0.07033990222711113,0.000998880850718828,-0.00025146792715742707,4.88145595821899e-05,,
dePablo CV1,test,0,26,0.23636363636363636,104,-0.48487678560057734,-0.5734598575106268,0.004116040654480457,0.004633443895727396,0.0002625224879011512,-0.0114898681640625,-0.0010411667171865702,-0.0025022379122674465,-0.003485384862869978,0.004010429605841637,-0.007495814468711615,-0.0002961941063404083,0.0008212390821427107,-0.001117433188483119,0.006855851039290428,0.7186585664749146,1.4081405673597265,-0.06812683176178212,0.0010489882419853264,-0.0002460781780948487,6.087413307512753e-05,,
dePablo CV1,test,0,27,0.24545454545454545,104,-0.4883212424644937,-0.5734598575106268,0.004312649369239807,0.00485117407515645,0.00027428611065261066,-0.012020111083984375,-0.0010892152786254883,-0.0025980472564697266,-0.0036539805587381124,0.004202552605420351,-0.00785653293132782,-0.0003101518959738314,0.0008587241172790527,-0.0011688759550452232,0.007126780692487955,0.7379067540168762,1.4273887549016882,-0.0658973465189289,0.0010981984619810041,-0.00023967840928209636,6.866674680105888e-05,,
dePablo CV1,test,0,28,0.2545454545454545,104,-0.4916553368406534,-0.5734598575106268,0.004510092083364725,0.00506959343329072,0.00028621312230825424,-0.012559890747070312,-0.0011381279909983277,-0.0026939420495182276,-0.0038227662444114685,0.004395192489027977,-0.008217958733439445,-0.00032346509397029877,0.0008958913385868073,-0.001219356432557106,0.007397504523396492,0.7572221755981445,1.4467041764829565,-0.06366104174493113,0.0011422308192623294,-0.0002297007650959454,7.736466904566704e-05,,
dePablo CV1,test,0,29,0.2636363636363636,104,-0.4946357237968423,-0.5734598575106268,0.004707369487732649,0.0052876160480082035,0.0002985268656630069,-0.01309967041015625,-0.0011870407033711672,-0.0027898368425667286,-0.0039913235232234,0.004588377196341753,-0.00857970118522644,-0.00033690923009999096,0.0009339629323221743,-0.0012708721915259957,0.007667888421565294,0.7774648666381836,1.4669468675229955,-0.061428296096177344,0.0011730449995490117,-0.00022559326721325953,8.095884905451015e-05,,
dePablo CV1,test,0,30,0.2727272727272727,104,-0.49734350583693354,-0.5734598575106268,0.0049057528376579285,0.005506760906428099,0.00031020850292406976,-0.013629913330078125,-0.0012350891483947635,-0.002886671805754304,-0.004160895477980375,0.004781312774866819,-0.008942208252847195,-0.0003504982450976968,0.0009709152509458363,-0.001321413554251194,0.007939697243273258,0.7971677184104919,1.4866497192953039,-0.0591845571252963,0.0012020813220675354,-0.00020455912260270345,8.494054395046137e-05,,
dePablo CV1,test,0,31,0.2818181818181818,104,-0.49977763942008363,-0.5734598575106268,0.005102396011352539,0.005724381189793348,0.00032229305361397564,-0.01416015625,-0.0012831377098336816,-0.0029825663659721613,-0.004328840412199497,0.004973426461219788,-0.009302266873419285,-0.00036400987301021814,0.0010085960384458303,-0.0013726059114560485,0.008210966363549232,0.8168125748634338,1.5062945757482458,-0.05695680745140296,0.00122667851517662,-0.00019253070802393576,8.613837902484827e-05,,
dePablo CV1,test,0,32,0.2909090909090909,104,-0.5022572196567647,-0.5734598575106268,0.005301480181515217,0.0059443567879498005,0.0003335977380629629,-0.014699935913085938,-0.001332050422206521,-0.0030784611590206623,-0.004500078968703747,0.005167274735867977,-0.009667353704571724,-0.00037738250102847815,0.0010445780353620648,-0.001421960536390543,0.008482715114951134,0.8377514481544495,1.5272334490392614,-0.05470435718466169,0.001239073357642717,-0.0001751568678535845,8.944626227191677e-05,,
dePablo CV1,test,0,33,0.3,104,-0.5048363654588283,-0.5734598575106268,0.005502169020473957,0.006166127510368824,0.00034576698089949787,-0.015239715576171875,-0.0013809631345793605,-0.0031743559520691633,-0.004671555478125811,0.005363089498132467,-0.010034644976258278,-0.00039097064291127026,0.0010825046338140965,-0.0014734752476215363,0.008754379115998745,0.8582509160041809,1.5477329168889928,-0.052434221463815794,0.0012513669623360855,-0.00016534089568163014,8.81076555698139e-05,,
dePablo CV1,test,0,34,0.3090909090909091,104,-0.5071246778089387,-0.5734598575106268,0.005702327471226454,0.006387842819094658,0.00035804702201858163,-0.015779495239257812,-0.0014298758469522,-0.00326931057497859,-0.004843028262257576,0.005559122189879417,-0.010402150452136993,-0.00040369181078858674,0.0011197858257219195,-0.0015234776074066758,0.009025955572724342,0.8795235753059387,1.5690055761907507,-0.05016521349236947,0.0012640304671317003,-0.00014579918684455267,9.322378384299493e-05,,
dePablo CV1,test,0,35,0.3181818181818182,104,-0.5092824413056828,-0.5734598575106268,0.005903142038732767,0.0066095986403524876,0.00037033038097433746,-0.016330718994140625,-0.0014798255870118737,-0.0033661455381661654,-0.005013865884393454,0.005754527170211077,-0.01076839305460453,-0.0004169568419456482,0.001157617662101984,-0.0015745745040476322,0.009297555312514305,0.9000493288040161,1.589531329688828,-0.047896177485646244,0.001273892865273051,-0.0001235632019006505,8.932088775765221e-05,,
dePablo CV1,test,0,36,0.32727272727272727,104,-0.5113199748955256,-0.5734598575106268,0.0061043305322527885,0.006831962615251541,0.00038252657395787537,-0.016870498657226562,-0.0015287382993847132,-0.003461100161075592,-0.005186202470213175,0.005951255559921265,-0.011137457564473152,-0.00042956179822795093,0.0011946149170398712,-0.0016241767443716526,0.00956893153488636,0.9216881990432739,1.6111701999280859,-0.0456202647434248,0.0012698831169445372,-0.00010602652959307614,8.713227579257619e-05,,
dePablo CV1,test,0,37,0.33636363636363636,104,-0.513290149653786,-0.5734598575106268,0.0063056726939976215,0.00705479783937335,0.00039420012035407126,-0.0174102783203125,-0.0015776510117575526,-0.0035561402328312397,-0.0053591178730130196,0.0061475178226828575,-0.011506635695695877,-0.00044325151247903705,0.0012316517531871796,-0.0016749033238738775,0.00984111800789833,0.9432176351547241,1.632699636039536,-0.043340383226384956,0.0012705488513237208,-8.725622559428352e-05,9.151108862262357e-05,,
dePablo CV1,test,0,38,0.34545454545454546,104,-0.5154849934754241,-0.5734598575106268,0.006508128717541695,0.0072790756821632385,0.000406489270972088,-0.01797008514404297,-0.0016283785225823522,-0.0036520350258797407,-0.005532630253583193,0.006345609202980995,-0.0118782389909029,-0.0004569637239910662,0.0012699422659352422,-0.0017269060481339693,0.0101120974868536,0.9650227427482605,1.6545047436330724,-0.041046906113721346,0.0012798710418145387,-7.403616260952893e-05,9.162347589142432e-05,,
dePablo CV1,test,0,39,0.35454545454545455,104,-0.5172394310493382,-0.5734598575106268,0.006710647605359554,0.00750270951539278,0.0004183514683973044,-0.018509864807128906,-0.0016772912349551916,-0.003748784540221095,-0.005705821793526411,0.0065425243228673935,-0.012248346582055092,-0.00047041202196851373,0.0013071149587631226,-0.0017775269225239754,0.010384554043412209,0.9870584011077881,1.6765404019926,-0.03875895385548799,0.0012697232568507218,-5.256563396189815e-05,9.067965474387701e-05,,
dePablo CV1,test,0,40,0.36363636363636365,104,-0.5189826353984495,-0.5734598575106268,0.006913096643984318,0.00772667583078146,0.00043060968164354563,-0.01905059814453125,-0.0017262903274968266,-0.0038438246119767427,-0.005878995172679424,0.006740214768797159,-0.01261921040713787,-0.0004838033055420965,0.0013450226979330182,-0.0018288260325789452,0.010655946098268032,1.0092815160751343,1.6987635169599462,-0.036468469198414635,0.001265057952562498,-3.947229833910533e-05,8.830908327013952e-05,,
dePablo CV1,test,0,41,0.37272727272727274,104,-0.5206802520048897,-0.5734598575106268,0.00711609423160553,0.007951215840876102,0.00044280471047386527,-0.01959991455078125,-0.0017760671908035874,-0.003939719405025244,-0.006052618846297264,0.0069382283836603165,-0.01299084722995758,-0.0004971226444467902,0.0013827320653945208,-0.001879854709841311,0.010928565636277199,1.0312862396240234,1.7207682405088354,-0.0341719758186468,0.001254108060288421,-1.558426694206213e-05,8.996093494486525e-05,,
dePablo CV1,test,0,42,0.38181818181818183,104,-0.5223947133791367,-0.5734598575106268,0.007320172619074583,0.008176588453352451,0.00045521542779169977,-0.02014923095703125,-0.00182584417052567,-0.004034673795104027,-0.006226712837815285,0.007137143984436989,-0.013363856822252274,-0.0005112573853693902,0.0014216882409527898,-0.0019329455681145191,0.01120118610560894,1.0538909435272217,1.7433729444120336,-0.03186732600840399,0.0012411885850413262,-6.036984456896207e-06,8.154712448765102e-05,,
dePablo CV1,test,0,43,0.39090909090909093,104,-0.5240613635199508,-0.5734598575106268,0.007524385116994381,0.008402686566114426,0.0004670832713600248,-0.020709991455078125,-0.0018766580615192652,-0.0041297138668596745,-0.006402401253581047,0.0073365685530006886,-0.013738969340920448,-0.0005253618001006544,0.001459528342820704,-0.0019848900847136974,0.011473209597170353,1.077327847480774,1.7668098483655859,-0.029555612312703327,0.0012294729366323428,4.6745167883956154e-06,7.970975986690425e-05,,
dePablo CV1,test,0,44,0.4,104,-0.5254069745617438,-0.5734598575106268,0.007727553136646748,0.008627473376691341,0.00047960618394427,-0.021249771118164062,-0.0019255707738921046,-0.0042265490628778934,-0.006575716193765402,0.0075349281542003155,-0.014110644347965717,-0.0005380514194257557,0.0014972637873142958,-0.0020353151485323906,0.011745898984372616,1.1000275611877441,1.789509562072556,-0.027257485976142914,0.001215070353573047,2.4981081971251432e-05,7.221385788472178e-05,,
dePablo CV1,test,0,45,0.4090909090909091,104,-0.5269435439476421,-0.5734598575106268,0.007932036183774471,0.008853673934936523,0.0004919525235891342,-0.021810531616210938,-0.0019763847813010216,-0.0043223584070801735,-0.006750893779098988,0.007734798360615969,-0.014485692605376244,-0.0005524364532902837,0.0015363415004685521,-0.002088777953758836,0.012018192559480667,1.123336672782898,1.8128186736677099,-0.02494458312701813,0.0011912502826023766,3.48570989085275e-05,7.370892537154261e-05,,
dePablo CV1,test,0,46,0.41818181818181815,104,-0.5283355271030274,-0.5734598575106268,0.008136803284287453,0.009080193005502224,0.0005037933588027954,-0.022359848022460938,-0.0020261616446077824,-0.0044183386489748955,-0.0069264015182852745,0.007933988235890865,-0.01486038975417614,-0.0005664765485562384,0.0015740632079541683,-0.002140539698302746,0.012291152030229568,1.1467537879943848,1.8362357888791967,-0.022628913576625224,0.0011701680657521145,5.888363003078456e-05,7.125182169102382e-05,,
dePablo CV1,test,0,47,0.42727272727272725,104,-0.5296397789020049,-0.5734598575106268,0.008340926840901375,0.009306035004556179,0.0005156853003427386,-0.022920608520507812,-0.0020769755356013775,-0.0045132930390536785,-0.007101495750248432,0.008132865652441978,-0.01523436140269041,-0.0005797834019176662,0.0016111539443954825,-0.002190937288105488,0.012564235366880894,1.1703835725784302,1.859865573463242,-0.020320218290719203,0.0011448825472557063,7.934253849005718e-05,6.343677740695045e-05,,
dePablo CV1,test,0,48,0.43636363636363634,104,-0.5309737557183641,-0.5734598575106268,0.008546181954443455,0.009532799944281578,0.0005286580417305231,-0.023469924926757812,-0.0021267523989081383,-0.004608247894793749,-0.007276293355971575,0.008333609439432621,-0.015609903261065483,-0.0005929233739152551,0.0016502394573763013,-0.0022431628312915564,0.012836507521569729,1.1944605112075806,1.8839425120923925,-0.018002510708726382,0.0011225328532738815,9.486170414527567e-05,6.158906753946348e-05,,
dePablo CV1,test,0,49,0.44545454545454544,104,-0.532276903034523,-0.5734598575106268,0.008751400746405125,0.009759634733200073,0.0005405216361396015,-0.02402019500732422,-0.0021766156423836946,-0.004704142455011606,-0.0074524711817502975,0.008533514104783535,-0.015985984355211258,-0.0006072852411307395,0.0016883284552022815,-0.002295613754540682,0.013109283521771431,1.2188400030136108,1.9083220038984228,-0.01568430617521265,0.0010990828854723917,0.00010669778537963757,5.807619831193921e-05,,
dePablo CV1,test,0,50,0.45454545454545453,104,-0.533466863293201,-0.5734598575106268,0.008956127800047398,0.009986239485442638,0.0005527782486751676,-0.024580001831054688,-0.002227343153208494,-0.004800037015229464,-0.007627577520906925,0.008733134716749191,-0.016360711306333542,-0.0006214418681338429,0.0017269984818995,-0.002348440233618021,0.01338178850710392,1.243145227432251,1.932627228317063,-0.013368535836572853,0.0010728407452008947,0.00012156419714701008,5.2683565320222435e-05,,
dePablo CV1,test,0,51,0.4636363636363636,104,-0.5347409533262845,-0.5734598575106268,0.00916093960404396,0.010213068686425686,0.0005649576778523624,-0.025140762329101562,-0.0022781570442020893,-0.004895077086985111,-0.007803094107657671,0.008933008648455143,-0.0167361032217741,-0.0006349681643769145,0.0017648835200816393,-0.002399851568043232,0.013654889538884163,1.2672544717788696,1.9567364726636816,-0.01105063815328269,0.0010452938646267897,0.00013844327412285606,4.310463734122584e-05,,
dePablo CV1,test,0,52,0.4727272727272727,104,-0.5358385967139577,-0.5734598575106268,0.009367261081933975,0.010441271588206291,0.000577703001908958,-0.025690078735351562,-0.00232793390750885,-0.004990972112864256,-0.007979542016983032,0.009134948253631592,-0.017114490270614624,-0.0006483303150162101,0.001803736318834126,-0.002452066633850336,0.013928387314081192,1.2924007177352905,1.9818827186201025,-0.0087187310335748,0.001014392491668267,0.00015023399131456608,4.0315195219531515e-05,,
dePablo CV1,test,0,53,0.4818181818181818,104,-0.536998017499974,-0.5734598575106268,0.00957405474036932,0.010669802315533161,0.0005899720708839595,-0.026250839233398438,-0.0023787477985024452,-0.005085926502943039,-0.008156775496900082,0.009336719289422035,-0.017493493854999542,-0.0006630501011386514,0.0018429942429065704,-0.0025060442276299,0.014201424084603786,1.3179534673690796,2.0074354682538917,-0.006383719121368059,0.0009842788386582614,0.00015618691957540077,3.941346020207049e-05,,
dePablo CV1,test,0,54,0.4909090909090909,104,-0.5380000203726152,-0.5734598575106268,0.009779468178749084,0.010896853171288967,0.000602180662099272,-0.026800155639648438,-0.0024285248946398497,-0.005181821528822184,-0.008332853205502033,0.009537214413285255,-0.017870068550109863,-0.0006765452562831342,0.0018809065222740173,-0.0025574518367648125,0.014474128372967243,1.343054175376892,2.0325361762617042,-0.004063579166151831,0.0009447329411651316,0.00017047374005045243,3.261589241539036e-05,,
dePablo CV1,test,0,55,0.5,104,-0.5389953899538995,-0.5734598575106268,0.009985641576349735,0.011124899610877037,0.0006144874496385455,-0.027360916137695312,-0.002479338785633445,-0.005276775918900967,-0.008508948609232903,0.009737923741340637,-0.01824687235057354,-0.0006908821524120867,0.0019198569934815168,-0.0026107390876859426,0.01474775467067957,1.3682563304901123,2.0577383313749245,-0.0017339383417690484,0.000914479975951752,0.0001891531373944137,2.544127089020118e-05,,
dePablo CV1,test,0,56,0.509090909090909,104,-0.54007601724629,-0.5734598575106268,0.010192527435719967,0.011353748850524426,0.0006261485978029668,-0.027919769287109375,-0.002529979683458805,-0.005372670944780111,-0.008686995133757591,0.009939291514456272,-0.018626287579536438,-0.0007058460614643991,0.001958143198862672,-0.002663989318534732,0.015020334161818027,1.3941783905029297,2.083660391387742,0.0006041247825019749,0.0008766088601318533,0.00019731024080978663,2.565124742690567e-05,,
dePablo CV1,test,0,57,0.5181818181818182,104,-0.5411919073025306,-0.5734598575106268,0.010400393046438694,0.011584129184484482,0.0006391118513420224,-0.028490066528320312,-0.0025816578418016434,-0.005467711016535759,-0.008864818140864372,0.010143041610717773,-0.019007859751582146,-0.0007196322549134493,0.001997855957597494,-0.0027174882125109434,0.015293043106794357,1.4204403162002563,2.1099223170850685,0.002957063837522103,0.0008500229162791609,0.00020007663625941932,9.272932141882487e-06,,
dePablo CV1,test,0,58,0.5272727272727272,104,-0.5421707307823581,-0.5734598575106268,0.010607253760099411,0.011812734417617321,0.0006515512941405177,-0.029050827026367188,-0.0026324717327952385,-0.005562751088291407,-0.009041860699653625,0.01034496258944273,-0.01938682422041893,-0.0007334437686949968,0.0020365463569760323,-0.002769990125671029,0.01556637417525053,1.4466054439544678,2.13608744483928,0.005292113978932887,0.000816184631788036,0.00020952292544946822,5.515832054083204e-06,,
dePablo CV1,test,0,59,0.5363636363636364,104,-0.5430746863991351,-0.5734598575106268,0.01081387884914875,0.01204156968742609,0.0006636948091909289,-0.02960968017578125,-0.0026831128634512424,-0.00565770547837019,-0.009218784049153328,0.01054617390036583,-0.019764957949519157,-0.0007483049412257969,0.002075694501399994,-0.00282399938441813,0.01583937741816044,1.472941279411316,2.162423280296128,0.0076292627256386225,0.0007843446162314014,0.00022005882166145098,3.197417247841586e-06,,
dePablo CV1,test,0,60,0.5454545454545454,104,-0.5439667179825526,-0.5734598575106268,0.011020153760910034,0.012270208448171616,0.0006763941491954029,-0.030170440673828125,-0.0027339267544448376,-0.005754540674388409,-0.009395567700266838,0.010748356580734253,-0.02014392428100109,-0.0007619718671776354,0.002114760223776102,-0.0028767320327460766,0.016112668439745903,1.4990456104278564,2.1885276113126686,0.009964434140294784,0.0007492734332167076,0.00023079966939600636,4.8899872305942e-06,,
dePablo CV1,test,0,61,0.5545454545454546,104,-0.5449162242791863,-0.5734598575106268,0.011228247545659542,0.0125000374391675,0.0006887379568070173,-0.030730247497558594,-0.002784654265269637,-0.005849495064467192,-0.009573797695338726,0.010951274074614048,-0.020525071769952774,-0.0007765224436298013,0.0021539984736591578,-0.002930521033704281,0.01638522371649742,1.5259355306625366,2.2154175315473488,0.012311635437207619,0.0007122152200142166,0.00024249923597353902,-3.1648103457241898e-06,,
dePablo CV1,test,0,62,0.5636363636363636,104,-0.5458479272888495,-0.5734598575106268,0.011436783708631992,0.012730407528579235,0.0007008823449723423,-0.03130054473876953,-0.0028363324236124754,-0.005944449920207262,-0.009753061458468437,0.011154824867844582,-0.02090788632631302,-0.0007917722105048597,0.0021935368422418833,-0.002985309110954404,0.016658300533890724,1.5536293983459473,2.2431113992307594,0.014664146294796402,0.0006787701290089774,0.00023510952482234932,-2.832800437778557e-06,,
dePablo CV1,test,0,63,0.5727272727272728,104,-0.5468276891126604,-0.5734598575106268,0.011645209044218063,0.01296147983521223,0.0007132093887776136,-0.03186988830566406,-0.0028879239689558744,-0.00603948999196291,-0.009932131506502628,0.011358550749719143,-0.02129068225622177,-0.0008060522377490997,0.002232471015304327,-0.0030385232530534267,0.016930727288126945,1.5807445049285889,2.270226505813401,0.01702352062301947,0.0006497579084720522,0.0002406009229275408,-7.155231023405414e-06,,
dePablo CV1,test,0,64,0.5818181818181818,104,-0.5475292682717332,-0.5734598575106268,0.011851232498884201,0.013189336284995079,0.0007260172860696912,-0.03242015838623047,-0.0029377874452620745,-0.006134530063718557,-0.010107616893947124,0.011559651233255863,-0.021667268127202988,-0.000820219109300524,0.0022722536232322454,-0.0030924726743251085,0.017203377559781075,1.6077960729599,2.297278073844712,0.019350332839512353,0.0006095897164240231,0.00025281255412315295,-1.4575265844794847e-05,,
dePablo CV1,test,0,65,0.5909090909090909,104,-0.5483767304586086,-0.5734598575106268,0.012059122323989868,0.013419556431472301,0.0007381780887953937,-0.03297996520996094,-0.002988514956086874,-0.00622948445379734,-0.010286148637533188,0.011762505397200584,-0.022048654034733772,-0.0008354575256817043,0.0023118136450648308,-0.003147271228954196,0.017476588487625122,1.6353808641433716,2.3248628650281837,0.02170078755419748,0.0005807075032106796,0.0002545836023850016,-1.5375565865953068e-05,,
dePablo CV1,test,0,66,0.6,104,-0.5491339107261826,-0.5734598575106268,0.012267041951417923,0.013649236410856247,0.0007504203822463751,-0.033550262451171875,-0.0030401928815990686,-0.006325379479676485,-0.01046462170779705,0.011965462006628513,-0.02243008464574814,-0.0008499998948536813,0.0023508407175540924,-0.0032008406706154346,0.01775038242340088,1.663636326789856,2.353118327674668,0.024046148065491765,0.000536859329311604,0.00025517528335246504,-1.933087385190864e-05,,
dePablo CV1,test,0,67,0.6090909090909091,104,-0.5498872072515484,-0.5734598575106268,0.012474942952394485,0.013879336416721344,0.000763057847507298,-0.03411102294921875,-0.0030910067725926638,-0.006420333869755268,-0.010642755776643753,0.012168871238827705,-0.02281162701547146,-0.0008642629254609346,0.0023903786204755306,-0.0032546415459364653,0.018022887408733368,1.691628098487854,2.381110099372666,0.026395605774018064,0.0004950173816412282,0.00026232779130430124,-2.3083400255159155e-05,,
dePablo CV1,test,0,68,0.6181818181818182,104,-0.550704373338075,-0.5734598575106268,0.012683587148785591,0.014110200107097626,0.0007755551487207413,-0.03468036651611328,-0.0031425985507667065,-0.006515373941510916,-0.010821939446032047,0.012373050674796104,-0.023194991052150726,-0.0008784222882241011,0.0024295325856655836,-0.0033079548738896847,0.018295982852578163,1.7199245691299438,2.409406570014756,0.02875256294682067,0.00045977394674098337,0.0002607295751671002,-2.2563571855055934e-05,,
dePablo CV1,test,0,69,0.6272727272727273,104,-0.5514379694008394,-0.5734598575106268,0.01289251260459423,0.014341040514409542,0.0007876977324485779,-0.03524017333984375,-0.003193326061591506,-0.006610414013266563,-0.01100129820406437,0.012576693668961525,-0.023577991873025894,-0.0008939805557020009,0.0024693759623914957,-0.0033633564598858356,0.01856948621571064,1.7483253479003906,2.4378073487852028,0.031109072893324822,0.00042762816294775755,0.0002600688898612161,-2.2294830780660307e-05,,
dePablo CV1,test,0,70,0.6363636363636364,104,-0.5522008431266339,-0.5734598575106268,0.013100559823215008,0.014571459032595158,0.0008001476526260376,-0.03582000732421875,-0.003245868254452944,-0.006706309039145708,-0.011179805733263493,0.012780101038515568,-0.02395990677177906,-0.0009090877720154822,0.0025093830190598965,-0.0034184707328677177,0.01884196139872074,1.777302861213684,2.4667848620984962,0.033461398126178404,0.0003889420190285925,0.00025893682541471377,-2.99044076141175e-05,,
dePablo CV1,test,0,71,0.6454545454545455,104,-0.5529120390077783,-0.5734598575106268,0.013310019858181477,0.014802871271967888,0.0008128203917294741,-0.036380767822265625,-0.003296682145446539,-0.006801178213208914,-0.011359183117747307,0.012984823435544968,-0.024344006553292274,-0.0009235799661837518,0.002549220807850361,-0.0034728008322417736,0.019114792346954346,1.8061918020248413,2.4956738029096535,0.03582400032702832,0.0003432253071650508,0.00025303734535049897,-3.016045096541371e-05,,
dePablo CV1,test,0,72,0.6545454545454545,104,-0.5536536039989316,-0.5734598575106268,0.013519832864403725,0.015035119839012623,0.0008254318963736296,-0.036960601806640625,-0.0033492245711386204,-0.0068962182849645615,-0.011539191007614136,0.013190055266022682,-0.024729246273636818,-0.0009383639553561807,0.0025892278645187616,-0.003527591936290264,0.019388139247894287,1.8355456590652466,2.5250276599500587,0.038194740831737795,0.0003072379038540886,0.0002532227111312652,-3.296261027970452e-05,,
dePablo CV1,test,0,73,0.6636363636363637,104,-0.5542985744177995,-0.5734598575106268,0.013727815821766853,0.015265336260199547,0.0008379407227039337,-0.037520408630371094,-0.00339995208196342,-0.006992112845182419,-0.01171751506626606,0.013393397442996502,-0.025110911577939987,-0.0009527920046821237,0.0026286733336746693,-0.003581465221941471,0.019661111757159233,1.8648780584335327,2.554360059318345,0.04054479418772669,0.0002677313441855941,0.0002600579048669626,-2.8600307582217062e-05,,
dePablo CV1,test,0,74,0.6727272727272727,104,-0.554959944761636,-0.5734598575106268,0.013936219736933708,0.015495709143579006,0.0008495483198203146,-0.038089752197265625,-0.003451543627306819,-0.007086212746798992,-0.011897117830812931,0.013596215285360813,-0.025493333116173744,-0.0009688048739917576,0.002667901571840048,-0.0036367063876241446,0.019934682175517082,1.8941196203231812,2.5836016212079933,0.04289615623535521,0.00023446586521182008,0.0002506886430275787,-3.47474381170825e-05,,
dePablo CV1,test,0,75,0.6818181818181818,104,-0.5556532249203384,-0.5734598575106268,0.014145998284220695,0.015727806836366653,0.0008623860776424408,-0.03866004943847656,-0.0035032217856496572,-0.007182192988693714,-0.012076804414391518,0.0138015765696764,-0.025878380984067917,-0.0009840321727097034,0.0027088040951639414,-0.003692836267873645,0.020207826048135757,1.9240635633468628,2.613545564231675,0.045265259054343115,0.00019500292956256733,0.0002401880854544841,-3.3984849430438726e-05,,
dePablo CV1,test,0,76,0.6909090909090909,104,-0.5563057527433602,-0.5734598575106268,0.014355056919157505,0.015958957374095917,0.0008753129513934255,-0.03923988342285156,-0.003555763978511095,-0.00727620767429471,-0.012255549430847168,0.0140061741694808,-0.026261724531650543,-0.000999235431663692,0.0027498614508658648,-0.003749096766114235,0.020481165498495102,1.9544979333877563,2.6439799342725685,0.04762477977105854,0.00014920805843515473,0.00023598029274106625,-3.610555046586591e-05,,
dePablo CV1,test,0,77,0.7,104,-0.556931681981622,-0.5734598575106268,0.014564186334609985,0.01619056984782219,0.0008869941812008619,-0.03980064392089844,-0.00360657786950469,-0.0073721022345125675,-0.012436150573194027,0.014210138469934464,-0.026646289974451065,-0.0010144996922463179,0.0027884880546480417,-0.0038029877468943596,0.020754864439368248,1.9843595027923584,2.6738415036771706,0.04998878834937446,0.0001090058928091798,0.00023681328887466607,-3.651904822236436e-05,,
dePablo CV1,test,0,78,0.7090909090909091,104,-0.5575117784178539,-0.5734598575106268,0.014773217961192131,0.01642180234193802,0.0009002276347018778,-0.04038047790527344,-0.0036591202951967716,-0.007467142306268215,-0.01261468417942524,0.014415139332413673,-0.027029823511838913,-0.001028556376695633,0.0028290117625147104,-0.0038575681392103434,0.021028604358434677,2.0144760608673096,2.7039580617521217,0.052348694429873645,7.391396453954216e-05,0.0002322854509333845,-4.223918281868161e-05,,
dePablo CV1,test,0,79,0.7181818181818181,104,-0.558136624369894,-0.5734598575106268,0.014983334578573704,0.016654178500175476,0.0009121788898482919,-0.040950775146484375,-0.0037107982207089663,-0.0075620971620082855,-0.01279562059789896,0.014619977213442326,-0.027415597811341286,-0.0010446764063090086,0.0028690339531749487,-0.003913710359483957,0.021302442997694016,2.0451831817626953,2.7346651826475075,0.05472048183476052,3.1388663203121054e-05,0.00022238631896264163,-3.46042579158536e-05,,
dePablo CV1,test,0,80,0.7272727272727273,104,-0.5587786993298912,-0.5734598575106268,0.015193875879049301,0.016887353733181953,0.0009251612355001271,-0.041510581970214844,-0.003761525731533766,-0.007657137233763933,-0.012976144440472126,0.014826466329395771,-0.027802610769867897,-0.0010597676737233996,0.002910090144723654,-0.003969857934862375,0.0215750839561224,2.075998544692993,2.7654805455778053,0.0571000848154629,-3.984716679092788e-06,0.00021291436540307322,-4.513016747127918e-05,,
dePablo CV1,test,0,81,0.7363636363636363,104,-0.5594019122533397,-0.5734598575106268,0.015404139645397663,0.0171198807656765,0.0009380197152495384,-0.042090415954589844,-0.0038140681572258472,-0.0077530317939817905,-0.013156388886272907,0.01503242738544941,-0.02818881720304489,-0.001075437176041305,0.00295147649012506,-0.004026913549751043,0.02184857241809368,2.1068637371063232,2.7963457379911354,0.05947318718690753,-4.407081733294706e-05,0.00019904775943085004,-4.249115100220023e-05,,
dePablo CV1,test,0,82,0.7454545454545455,104,-0.5599590092564065,-0.5734598575106268,0.015613125637173653,0.017351094633340836,0.0009504876215942204,-0.042659759521484375,-0.0038656597025692463,-0.007847132161259651,-0.013335686177015305,0.01523666176944971,-0.02857234701514244,-0.0010909485863521695,0.0029919238295406103,-0.004082872532308102,0.02212238311767578,2.1382384300231934,2.8277204309080055,0.061832849521165655,-8.534224276521286e-05,0.0001898329054970473,-4.5195281879247134e-05,,
dePablo CV1,test,0,83,0.7545454545454545,104,-0.5605161290322581,-0.5734598575106268,0.01582290045917034,0.017582949250936508,0.0009626513347029686,-0.04324054718017578,-0.00391828827559948,-0.007943026721477509,-0.013516024686396122,0.015441328287124634,-0.02895735204219818,-0.0011071452172473073,0.0030324480030685663,-0.0041395933367311954,0.022395126521587372,2.169522285461426,2.859004286346238,0.06419908801789037,-0.00012882338424500633,0.00017488946808015497,-3.795967906483117e-05,,
dePablo CV1,test,0,84,0.7636363636363637,104,-0.5610583712537267,-0.5734598575106268,0.016033323481678963,0.01781582459807396,0.000975162023678422,-0.04382038116455078,-0.003970830701291561,-0.008037981577217579,-0.013696668669581413,0.01564699225127697,-0.029343660920858383,-0.0011230249656364322,0.003073349129408598,-0.004196374211460352,0.022668246179819107,2.201047420501709,2.890529421386521,0.06657547829688244,-0.00016590461267544426,0.0001641271285111895,-4.507764446566776e-05,,
dePablo CV1,test,0,85,0.7727272727272727,104,-0.5616358702674764,-0.5734598575106268,0.016243819147348404,0.018048670142889023,0.0009876404656097293,-0.04438972473144531,-0.00402242224663496,-0.008132935501635075,-0.013877873308956623,0.0158531554043293,-0.02973102778196335,-0.0011396979680284858,0.0031149787828326225,-0.00425467686727643,0.022941719740629196,2.2329959869384766,2.9224779878232887,0.06895177744791092,-0.00021256722612985845,0.00013863143693501801,-3.764854790740032e-05,,
dePablo CV1,test,0,86,0.7818181818181819,104,-0.5622872832923598,-0.5734598575106268,0.016456160694360733,0.018283486366271973,0.0010005274089053273,-0.04496955871582031,-0.004074964672327042,-0.008228915743529797,-0.01406038273125887,0.016061436384916306,-0.0301218181848526,-0.0011550275376066566,0.003156082471832633,-0.004311109893023968,0.023214982822537422,2.2656617164611816,2.955143717345994,0.0713479415662631,-0.00025275763871951835,0.00012008304064346764,-4.025242684622906e-05,,
dePablo CV1,test,0,87,0.7909090909090909,104,-0.5628404607858608,-0.5734598575106268,0.01666680909693241,0.01851641945540905,0.0010129266884177923,-0.04554939270019531,-0.004127507098019123,-0.00832301564514637,-0.014241390861570835,0.016267243772745132,-0.030508633702993393,-0.0011717054294422269,0.0031975586898624897,-0.004369264002889395,0.023488251492381096,2.29750657081604,2.986988571700852,0.07372479425840871,-0.00028904774152581646,0.00010081818786595737,-3.427414688799862e-05,,
dePablo CV1,test,0,88,0.8,104,-0.5633779086818967,-0.5734598575106268,0.016877882182598114,0.018750101327896118,0.0010259946575388312,-0.04612922668457031,-0.004180049058049917,-0.00841797050088644,-0.014421910978853703,0.01647390052676201,-0.030895810574293137,-0.0011876800563186407,0.003239669371396303,-0.0044273491948843,0.023761797696352005,2.3299548625946045,3.0194368634794166,0.0761094759332212,-0.00033667017388744466,8.935794811145083e-05,-3.68537996106384e-05,,
dePablo CV1,test,0,89,0.8090909090909091,104,-0.5638777663295965,-0.5734598575106268,0.017087891697883606,0.01898239366710186,0.0010386569192633033,-0.04669952392578125,-0.0042317272163927555,-0.00851292535662651,-0.014602473005652428,0.016679786145687103,-0.03128226101398468,-0.0012034232495352626,0.0032807369716465473,-0.004484160337597132,0.02403523400425911,2.3627185821533203,3.0522005830381325,0.07847991933706851,-0.0003835494708260996,7.297227927683436e-05,-3.162107791551722e-05,,
dePablo CV1,test,0,90,0.8181818181818182,104,-0.5643993240069064,-0.5734598575106268,0.017298778519034386,0.019215943291783333,0.0010510686552152038,-0.04727935791015625,-0.004284269642084837,-0.008608819916844368,-0.014784024097025394,0.016886161640286446,-0.031670186668634415,-0.0012194681912660599,0.0033216055016964674,-0.004541073925793171,0.02430819161236286,2.395376205444336,3.084858206329148,0.08086305417119992,-0.0004262536711955048,5.9052902316860664e-05,-2.8717247774043158e-05,,
dePablo CV1,test,0,91,0.8272727272727273,104,-0.5648467149761369,-0.5734598575106268,0.017509043216705322,0.01944829896092415,0.001063675619661808,-0.04784965515136719,-0.004335947800427675,-0.008703005500137806,-0.01496419683098793,0.017091548070311546,-0.03205574303865433,-0.0012356066145002842,0.0033629576209932566,-0.004598564468324184,0.024581965059041977,2.4280612468719482,3.1175432477567604,0.08323393630375231,-0.0004682120563455122,4.079433838553808e-05,-2.680573602573943e-05,,
dePablo CV1,test,0,92,0.8363636363636363,104,-0.5653455715163849,-0.5734598575106268,0.017720721662044525,0.019682224839925766,0.001075866399332881,-0.04842948913574219,-0.004388489760458469,-0.008798900060355663,-0.015146411024034023,0.017298143357038498,-0.032444555312395096,-0.0012516784481704235,0.003403411479666829,-0.004655090160667896,0.02485494874417782,2.461282253265381,3.150764254150193,0.08562063621262483,-0.0005025644720439461,2.6272721350677838e-05,-2.8110781082866355e-05,,
dePablo CV1,test,0,93,0.8454545454545455,104,-0.5658924797203954,-0.5734598575106268,0.017932409420609474,0.01991652511060238,0.001088532735593617,-0.04900932312011719,-0.004441032186150551,-0.008892914280295372,-0.015328967943787575,0.017506033182144165,-0.03283499926328659,-0.0012679158244282007,0.003444981062784791,-0.004712896887212992,0.025127483531832695,2.494875907897949,3.1843579087827614,0.08801128968539679,-0.0005451157272770623,-8.675989863867076e-06,-2.590922460608649e-05,,
dePablo CV1,test,0,94,0.8545454545454545,104,-0.5664081208312405,-0.5734598575106268,0.018143771216273308,0.02015051059424877,0.0011013599578291178,-0.04960060119628906,-0.004494611639529467,-0.008987954817712307,-0.015510499477386475,0.017713218927383423,-0.0332237184047699,-0.0012844473822042346,0.003487167414277792,-0.004771614912897348,0.025401225313544273,2.528257131576538,3.2177391324613502,0.09039851675232735,-0.000578869076391472,-3.572356638182684e-05,-2.909598986744129e-05,,
dePablo CV1,test,0,95,0.8636363636363636,104,-0.5668400369856681,-0.5734598575106268,0.01835458166897297,0.02038351073861122,0.0011139264097437263,-0.05018043518066406,-0.004547154065221548,-0.009082994423806667,-0.015691952779889107,0.01791980490088463,-0.033611759543418884,-0.001300907926633954,0.00352876097895205,-0.004829668905586004,0.025675233453512192,2.56252384185791,3.2520058427427223,0.09277591018543267,-0.0006227102955509075,-5.665238268682558e-05,-1.4121857751306644e-05,,
dePablo CV1,test,0,96,0.8727272727272727,104,-0.5673559721380288,-0.5734598575106268,0.018566416576504707,0.020617645233869553,0.0011262131156399846,-0.050749778747558594,-0.004598745610564947,-0.009177949279546738,-0.015874013304710388,0.018126439303159714,-0.0340004526078701,-0.0013178752269595861,0.003570301691070199,-0.004888176918029785,0.025948448106646538,2.5962374210357666,3.2857194219205788,0.09516474891132423,-0.0006651208625448332,-8.752817663056912e-05,-1.1277801779505995e-05,,
dePablo CV1,test,0,97,0.8818181818181818,104,-0.5678015982613814,-0.5734598575106268,0.01877746172249317,0.02085144631564617,0.001139225554652512,-0.05133056640625,-0.0046513741835951805,-0.009272904135286808,-0.016054915264248848,0.01833336614072323,-0.034388281404972076,-0.001333884196355939,0.0036123355384916067,-0.004946219734847546,0.026222078129649162,2.630190372467041,3.319672373351853,0.09755009140135812,-0.0007059791861879083,-0.00010580963202931365,-2.0493861360839614e-05,,
dePablo CV1,test,0,98,0.8909090909090909,104,-0.568200532138356,-0.5734598575106268,0.018988804891705513,0.021084947511553764,0.0011517126113176346,-0.051910400390625,-0.004703916609287262,-0.009368798695504665,-0.016236962750554085,0.018540387973189354,-0.03477735072374344,-0.0013506606919690967,0.0036540860310196877,-0.005004746839404106,0.026496194303035736,2.6646556854248047,3.354137686309617,0.09993247577463743,-0.0007500645969429637,-0.00013364420865280105,-6.428082216843166e-06,,
dePablo CV1,test,0,99,0.9,104,-0.568706819114369,-0.5734598575106268,0.019200989976525307,0.02131931111216545,0.0011646086350083351,-0.052490234375,-0.004756458569318056,-0.009462984278798103,-0.01641884446144104,0.01874806173145771,-0.0351669043302536,-0.0013667532475665212,0.0036959706339985132,-0.005062723997980356,0.026769308373332024,2.6993980407714844,3.3888800416562965,0.1023235475737889,-0.0007938597323966423,-0.00016009294314560675,-7.640466740505646e-06,,
dePablo CV1,test,0,100,0.9090909090909091,104,-0.5691419286843492,-0.5734598575106268,0.019412517547607422,0.021553711965680122,0.0011771598365157843,-0.053070068359375,-0.0048090009950101376,-0.009557939134538174,-0.016601156443357468,0.018955476582050323,-0.03555663302540779,-0.0013836106518283486,0.0037379302084445953,-0.005121540743857622,0.027042636647820473,2.7340354919433594,3.4235174928281715,0.10471500756809567,-0.0008379320944182379,-0.00018495530746675238,-5.878177635321209e-06,,
dePablo CV1,test,0,101,0.9181818181818182,104,-0.5695892957103494,-0.5734598575106268,0.019624508917331696,0.021788278594613075,0.001189539791084826,-0.05365943908691406,-0.004862407688051462,-0.00965289305895567,-0.01678382232785225,0.019162900745868683,-0.03594672307372093,-0.0014011433813720942,0.003780222963541746,-0.005181366577744484,0.02731640264391899,2.768583297729492,3.4580652986143043,0.10710815516601505,-0.0008847552768299946,-0.00021930539744154624,1.1548554592471427e-06,,
dePablo CV1,test,0,102,0.9272727272727272,104,-0.570024808020363,-0.5734598575106268,0.019836880266666412,0.022023165598511696,0.0012025515316054225,-0.05424022674560547,-0.0049150362610816956,-0.009747933596372604,-0.016966525465250015,0.019371628761291504,-0.03633815422654152,-0.0014168701600283384,0.0038219732232391834,-0.005238843150436878,0.027589967474341393,2.8043622970581055,3.4938442979429176,0.1095045050042737,-0.0009287789148374542,-0.00024251288736438565,1.0706655022337355e-05,,
dePablo CV1,test,0,103,0.9363636363636364,104,-0.5704579607584009,-0.5734598575106268,0.020049376413226128,0.02225845865905285,0.0012151162372902036,-0.05483055114746094,-0.004968529101461172,-0.009842973202466965,-0.017149511724710464,0.019579745829105377,-0.03672925755381584,-0.0014338151086121798,0.0038640473503619432,-0.005297862458974123,0.02786369062960148,2.839609146118164,3.529091147002976,0.11190494939785013,-0.0009728277363073092,-0.00027175897096626413,1.4516791911833978e-05,,
dePablo CV1,test,0,104,0.9454545454545454,104,-0.570877444823255,-0.5734598575106268,0.02026137337088585,0.02249271236360073,0.0012274959590286016,-0.05541038513183594,-0.0050210715271532536,-0.009937928058207035,-0.017332470044493675,0.019787462428212166,-0.03711993247270584,-0.0014510861365124583,0.003906077705323696,-0.005357163958251476,0.028136780485510826,2.8754491806030273,3.5649311814878395,0.11429483362684037,-0.0010223724825083596,-0.00030954910579979693,1.4020494514678455e-05,,
dePablo CV1,test,0,105,0.9545454545454546,104,-0.5713083433087824,-0.5734598575106268,0.02047329768538475,0.02272729203104973,0.001240630866959691,-0.05599021911621094,-0.005073613487184048,-0.010032027959823608,-0.01751435175538063,0.019995611160993576,-0.03750996291637421,-0.0014679399318993092,0.003949201665818691,-0.005417141597718,0.028410164639353752,2.9109139442443848,3.600395945129197,0.11668792218253349,-0.0010665432888489357,-0.00034219730151350836,1.7713964598431984e-05,,
dePablo CV1,test,0,106,0.9636363636363636,104,-0.5717133433780166,-0.5734598575106268,0.02068699710071087,0.02296331524848938,0.0012533466797322035,-0.05657958984375,-0.005127020180225372,-0.010127922520041466,-0.017698297277092934,0.020204991102218628,-0.03790328651666641,-0.0014853035099804401,0.00399199640378356,-0.005477299913764,0.028684010729193687,2.947079658508301,3.636561659393113,0.11909586431122005,-0.0011230996518467936,-0.0003812661154413701,2.022681540503822e-05,,
dePablo CV1,test,0,107,0.9727272727272728,104,-0.5722258127391541,-0.5734598575106268,0.02090158313512802,0.023200737312436104,0.0012657665647566319,-0.05716991424560547,-0.005180513020604849,-0.0102229630574584,-0.01788359321653843,0.02041512541472912,-0.03829871863126755,-0.0015021131839603186,0.004033645614981651,-0.0055357590317726135,0.02895795926451683,2.9827957153320312,3.6722777162168434,0.1215178002477033,-0.0011595099358057092,-0.00041307037966978354,3.119682137462579e-05,,
dePablo CV1,test,0,108,0.9818181818181818,104,-0.5726409293485718,-0.5734598575106268,0.021114785224199295,0.02343638800084591,0.0012787964660674334,-0.05776023864746094,-0.005234005860984325,-0.010317917913198471,-0.018066395074129105,0.020623989403247833,-0.03869038447737694,-0.0015195549931377172,0.004077148158103228,-0.005596702918410301,0.029230736196041107,3.019423246383667,3.708905247268479,0.12392172839058439,-0.0012024003171914402,-0.0004456702697745469,3.522910149084393e-05,,
dePablo CV1,test,0,109,0.990909090909091,104,-0.573062108204728,-0.5734598575106268,0.02132752723991871,0.023671872913837433,0.001291684340685606,-0.05834007263183594,-0.005286548286676407,-0.010412017814815044,-0.01824919506907463,0.02083256095647812,-0.03908175602555275,-0.001536813098937273,0.004120181780308485,-0.005656994879245758,0.029504239559173584,3.055530071258545,3.745012072143357,0.1263238901350674,-0.001245339652615941,-0.0004823499909038969,3.820965986725437e-05,,
dePablo CV1,test,0,110,1.0,104,-0.5734598575106268,-0.5734598575106268,0.021541671827435493,0.023908179253339767,0.0013045554514974356,-0.058940887451171875,-0.0053409915417432785,-0.010507057420909405,-0.01843363419175148,0.02104274556040764,-0.03947637975215912,-0.0015539403539150953,0.004163051024079323,-0.005716991610825062,0.029778150841593742,3.091991424560547,3.781473425445359,0.1287344403965807,-0.0012883136460594138,-0.0005228976363205375,4.56416957865483e-05,,
dePablo CV1,test,1,0,0.0,128,,-0.3733590050206568,0.0,0.0,0.0,0.0,0.0,0.0,0.0,0.0,0.0,0.0,0.0,0.0,0.0,-0.6938461661338806,-0.0043641652490686855,0.09167125552276713,0.0023124872012375646,0.00020138852535820767,-0.0005258707724427637,,
dePablo CV1,test,1,1,0.00819672131147541,128,0.09485956544780075,-0.3733590050206568,2.6141584385186434e-05,3.331848347443156e-05,1.914449967443943e-07,0.00010967254638671875,8.876695574144833e-06,-8.160393190337345e-05,2.2893422283232212e-05,-2.2510532289743423e-05,4.5403954572975636e-05,1.2356322258710861e-06,-8.527422323822975e-07,2.0883744582533836e-06,0.000249367905780673,-0.6728572845458984,0.016624716338913492,0.0918157151568825,0.002231055114221136,0.00035176656331634517,-0.0003208416828963378,,
dePablo CV1,test,1,2,0.01639344262295082,128,-0.004510480233483683,-0.3733590050206568,5.118278204463422e-05,6.06940193392802e-05,-6.48753484711051e-07,-2.09808349609375e-05,-1.6981504131763359e-06,-0.00016001534822862595,-3.4598633646965027e-06,2.1623563952744007e-06,-5.622219759970903e-06,-1.7054262571036816e-06,4.079192876815796e-07,-2.113345544785261e-06,0.0004989940789528191,-0.6519222855567932,0.03755971532801872,0.09130104880988735,0.002076934552341629,0.0003702286456250424,-0.00011230994115475534,,
dePablo CV1,test,1,3,0.02459016393442623,128,-0.07410682702511497,-0.3733590050206568,0.00010854017455130816,0.0001338208094239235,-2.0777806639671326e-06,-0.0002803802490234375,-2.2693464416079223e-05,-0.0002351563744014129,-5.953351501375437e-05,5.53779536858201e-05,-0.00011491146869957447,-6.8517401814460754e-06,2.6961788535118103e-06,-9.547919034957886e-06,0.0007487732800655067,-0.6314782500267029,0.05800375085810905,0.09037666319029056,0.001873982465481054,0.00032562445707949074,5.389019265006996e-05,,
dePablo CV1,test,1,4,0.03278688524590164,128,-0.128711558854719,-0.3733590050206568,0.00018898615962825716,0.00023502953990828246,-4.452274879440665e-06,-0.0006504058837890625,-5.264266292215325e-05,-0.00031021953327581286,-0.0001339651644229889,0.00012506061466410756,-0.00025902577908709645,-1.3441836927086115e-05,4.537287168204784e-06,-1.79791240952909e-05,0.0010003058705478907,-0.6109828948974609,0.07849910598735099,0.08919385636272109,0.0016581946416499523,0.00024846074424335986,0.00014804400427831203,,
dePablo CV1,test,1,5,0.040983606557377046,128,-0.16585365853658537,-0.3733590050206568,0.00028138369088992476,0.00034952041460201144,-6.371119525283575e-06,-0.0010700225830078125,-8.660567254992202e-05,-0.0003853605594485998,-0.0002150468062609434,0.00020230456721037626,-0.0004173513734713197,-2.0581763237714767e-05,7.839524187147617e-06,-2.8421287424862385e-05,0.0012521757744252682,-0.5906729698181152,0.0988090310666967,0.08788731150970293,0.0014395022738955133,0.00017327988521607842,0.00019748182366791832,,
dePablo CV1,test,1,6,0.04918032786885246,128,-0.19575784357048165,-0.3733590050206568,0.00038359491736628115,0.0004740085278172046,-9.26738721318543e-06,-0.001529693603515625,-0.00012381060514599085,-0.0004587885341607034,-0.00030461547430604696,0.0002860806998796761,-0.0005906961741857231,-2.956978278234601e-05,1.1035008355975151e-05,-4.060479113832116e-05,0.0015039286809042096,-0.5702337622642517,0.11924823862056022,0.08647179700474114,0.0012436289371232385,8.605417509048357e-05,0.0002134210132571684,,
dePablo CV1,test,1,7,0.05737704918032787,128,-0.2185535781900795,-0.3733590050206568,0.0004892543656751513,0.0006027704803273082,-1.1344003723934293e-05,-0.0019998550415039062,-0.0001618646056158468,-0.0005331509164534509,-0.00039555481635034084,0.00037286680890247226,-0.0007684216252528131,-3.796251257881522e-05,1.5274505130946636e-05,-5.323701770976186e-05,0.0017572095384821296,-0.5499963164329529,0.13948568445185905,0.08501406925871982,0.001047547455257564,5.6477196820448735e-06,0.00020414549236300275,,
dePablo CV1,test,1,8,0.06557377049180328,128,-0.23518506257035027,-0.3733590050206568,0.000596341269556433,0.0007325666956603527,-1.4848832506686449e-05,-0.0024700164794921875,-0.00019991860608570278,-0.0006074354168958962,-0.0004887169925495982,0.0004590193275362253,-0.0009477363200858235,-4.7561596147716045e-05,1.7863931134343147e-05,-6.542552728205919e-05,0.0020111878402531147,-0.529714047908783,0.15976795297602897,0.0835450154854816,0.0008759730558442336,-6.132321834692482e-05,0.0001878140459720937,,
dePablo CV1,test,1,9,0.07377049180327869,128,-0.24922026716883422,-0.3733590050206568,0.0007059132913127542,0.0008649301016703248,-1.6645528376102448e-05,-0.002960205078125,-0.00023959357349667698,-0.0006808633916079998,-0.0005817648489028215,0.0005484737921506166,-0.0011302386410534382,-5.54574653506279e-05,2.2166408598423004e-05,-7.76238739490509e-05,0.0022658733651041985,-0.5092058777809143,0.18027612310389762,0.08204673660813441,0.0007210796626182473,-0.00012209893323437252,0.00016358851321857524,,
dePablo CV1,test,1,10,0.08196721311475409,128,-0.2599438589057783,-0.3733590050206568,0.0008141340222209692,0.0009965191129595041,-1.9272411009296775e-05,-0.0034503936767578125,-0.0002792685409076512,-0.0007543691899627447,-0.0006736546056345105,0.000635109783615917,-0.0013087643310427666,-6.4032559748739e-05,2.5487737730145454e-05,-8.952029747888446e-05,0.0025210543535649776,-0.48905661702156067,0.20042538386325126,0.08055912726668862,0.0005706079010530244,-0.0001667252154270409,0.00014225618820222009,,
dePablo CV1,test,1,11,0.09016393442622951,128,-0.2693103614225901,-0.3733590050206568,0.0009235754841938615,0.0011296835727989674,-2.2067222744226456e-05,-0.0039501190185546875,-0.0003197154146619141,-0.0008278750465251505,-0.0007677054964005947,0.0007235710509121418,-0.0014912765473127365,-7.319881115108728e-05,2.9064365662634373e-05,-0.00010226317681372166,0.002776890527456999,-0.46817487478256226,0.22130712610224967,0.07905112158838357,0.0004447131209002645,-0.00021135096354884657,0.00011426155735592675,,
dePablo CV1,test,1,12,0.09836065573770492,128,-0.27673649393605293,-0.3733590050206568,0.001032060943543911,0.0012623899383470416,-2.490021870471537e-05,-0.0044403076171875,-0.0003593903675209731,-0.0009013808448798954,-0.0008604290196672082,0.0008106285822577775,-0.0016710576601326466,-8.207251084968448e-05,3.2272073440253735e-05,-0.00011434458428993821,0.0030339956283569336,-0.44763675332069397,0.24184524756411796,0.07754905695762059,0.0003264135672037386,-0.00024843041009144773,9.344272533123865e-05,,
dePablo CV1,test,1,13,0.10655737704918032,128,-0.2836792836792837,-0.3733590050206568,0.001141650602221489,0.0013962397351861,-2.741054049693048e-05,-0.004940032958984375,-0.00039983721217140555,-0.0009748867014423013,-0.0009536721045151353,0.0008988510235212743,-0.0018525230698287487,-9.062158642336726e-05,3.58005054295063e-05,-0.00012642209185287356,0.0032902180682867765,-0.42672184109687805,0.2627601597879339,0.07603271369002026,0.00022439074832509147,-0.0002791530276562003,7.566070152993216e-05,,
dePablo CV1,test,1,14,0.11475409836065574,128,-0.2886453806914793,-0.3733590050206568,0.0012493503745645285,0.0015283511020243168,-3.0165247153490782e-05,-0.0054302215576171875,-0.000439512194134295,-0.0010483924997970462,-0.0010451526613906026,0.000984822167083621,-0.0020299749448895454,-9.956676512956619e-05,3.923627082258463e-05,-0.00013880303595215082,0.003546919673681259,-0.4060686528682709,0.28341334801654106,0.07453679202359687,0.00012546543586593723,-0.0002952681524039704,6.471351294990648e-05,,
dePablo CV1,test,1,15,0.12295081967213115,128,-0.29344146685472494,-0.3733590050206568,0.0013577518984675407,0.0016615437343716621,-3.2680691219866276e-05,-0.0059299468994140625,-0.00047995903878472745,-0.0011218205327168107,-0.0011373247252777219,0.0010719633428379893,-0.002209288068115711,-0.0001082451781257987,4.288379568606615e-05,-0.00015112897381186485,0.0038037686608731747,-0.38559696078300476,0.30388504010180717,0.07302764474296679,3.826157378313303e-05,-0.0003105999921687452,4.956842688878508e-05,,
dePablo CV1,test,1,16,0.13114754098360656,128,-0.2978716372529579,-0.3733590050206568,0.0014669123338535428,0.0017957274103537202,-3.548830864019692e-05,-0.006450653076171875,-0.0005221040337346494,-0.0011953263310715556,-0.0012305844575166702,0.0011596078984439373,-0.0023901923559606075,-0.00011739676119759679,4.642014391720295e-05,-0.00016381690511479974,0.004060761071741581,-0.3645055592060089,0.324976441678803,0.07150626402824428,-3.6862727670968234e-05,-0.000322977691094041,2.874768771601366e-05,,
dePablo CV1,test,1,17,0.13934426229508196,128,-0.3017042980655595,-0.3733590050206568,0.0015757414512336254,0.0019296552054584026,-3.825404564850032e-05,-0.00695037841796875,-0.0005625509074889123,-0.0012687542475759983,-0.0013229825999587774,0.0012464744504541159,-0.0025694570504128933,-0.00012558914022520185,4.90810489282012e-05,-0.00017467018915340304,0.004317201673984528,-0.343443363904953,0.3460386369798589,0.06998783687829215,-0.00010580455751573034,-0.00032459035003868633,1.8899261612251962e-05,,
dePablo CV1,test,1,18,0.14754098360655737,128,-0.3051101321585903,-0.3733590050206568,0.0016848049126565456,0.0020642615854740143,-4.0250306483358145e-05,-0.0074596405029296875,-0.0006037696730345488,-0.001342260162346065,-0.0014155490789562464,0.00133504846598953,-0.0027505974285304546,-0.00013376388233155012,5.326326936483383e-05,-0.00018702715169638395,0.00457387650385499,-0.3222943842411041,0.3671876166437078,0.06846226708998772,-0.00017365873281252882,-0.0003304287680621562,8.211686795790066e-06,,
dePablo CV1,test,1,19,0.1557377049180328,128,-0.30803894297635603,-0.3733590050206568,0.0017938062082976103,0.002198841655626893,-4.361046012490988e-05,-0.007960319519042969,-0.000644293671939522,-0.00141576596070081,-0.0015086395433172584,0.0014214186230674386,-0.002930058166384697,-0.0001432957360520959,5.6074815802276134e-05,-0.00019937055185437202,0.00483073852956295,-0.30134931206703186,0.38813268881778007,0.06693735785237304,-0.00023986972129609013,-0.0003287670916056562,1.789555751788023e-06,,
dePablo CV1,test,1,20,0.16393442622950818,128,-0.31079866800570854,-0.3733590050206568,0.0019027142552658916,0.0023331250995397568,-4.608591552823782e-05,-0.008470535278320312,-0.0006855896208435297,-0.0014892717590555549,-0.0016013787826523185,0.0015092069515958428,-0.0031105857342481613,-0.00015124864876270294,5.90768177062273e-05,-0.00021032546646893024,0.00508787902072072,-0.27981096506118774,0.4096710358236242,0.06541488339816275,-0.0002932840006528267,-0.0003293632894060215,-9.880515109010856e-06,,
dePablo CV1,test,1,21,0.1721311475409836,128,-0.3137615140685559,-0.3733590050206568,0.002013232558965683,0.0024696707259863615,-4.8720219638198614e-05,-0.008990287780761719,-0.0007276574615389109,-0.0015626997919753194,-0.001695522922091186,0.0015980824828147888,-0.0032936055213212967,-0.00016019283793866634,6.275239866226912e-05,-0.00022294523660093546,0.005344839300960302,-0.25850847363471985,0.4309735272500921,0.06386674223067834,-0.0003412446187139612,-0.000333118657143339,-1.606878381243965e-05,,
dePablo CV1,test,1,22,0.18032786885245902,128,-0.31587290150587216,-0.3733590050206568,0.0021223495714366436,0.0026049038860946894,-5.133269587531686e-05,-0.009500503540039062,-0.0007689533522352576,-0.0016370621742680669,-0.0017885788111016154,0.0016859134193509817,-0.0034744921140372753,-0.00016890966799110174,6.624427624046803e-05,-0.00023515394423156977,0.005602301098406315,-0.23691202700138092,0.452569973883431,0.06233322061796784,-0.0003825153818480665,-0.000328033887385933,-2.122086381936083e-05,,
dePablo CV1,test,1,23,0.1885245901639344,128,-0.31815675824680695,-0.3733590050206568,0.0022323541343212128,0.0027414339128881693,-5.369499558582902e-05,-0.010030746459960938,-0.0008118702680803835,-0.0017104900907725096,-0.0018820941913872957,0.0017747042002156377,-0.0036567985080182552,-0.00017747865058481693,7.00886594131589e-05,-0.0002475673099979758,0.00585929537191987,-0.2154717594385147,0.4740102414462972,0.06078487002676204,-0.0004187649518996326,-0.00031763913753861704,-2.5733529312285208e-05,,
dePablo CV1,test,1,24,0.19672131147540983,128,-0.32000880475456744,-0.3733590050206568,0.0023410101421177387,0.0028763283044099808,-5.651317769661546e-05,-0.010530471801757812,-0.0008523170836269855,-0.001783918123692274,-0.0019747023470699787,0.001861675875261426,-0.0038363782223314047,-0.00018636614549905062,7.33397901058197e-05,-0.0002597059356048703,0.0061167217791080475,-0.19402338564395905,0.4954586152408529,0.05925449506915806,-0.00044348509824993637,-0.00030376986555081,-2.7169434721118316e-05,,
dePablo CV1,test,1,25,0.20491803278688525,128,-0.32203676315233465,-0.3733590050206568,0.002451901324093342,0.003013758920133114,-5.916855297982693e-05,-0.011059761047363281,-0.0008951568161137402,-0.0018582803895696998,-0.002069074660539627,0.001950737670995295,-0.0040198122151196,-0.00019432406406849623,7.598695810884237e-05,-0.0002703110221773386,0.006374368444085121,-0.17212501168251038,0.5173569892023016,0.05769666920823363,-0.0004810091717096742,-0.00029152623668521544,-3.497073063791899e-05,,
dePablo CV1,test,1,26,0.21311475409836064,128,-0.3240366450669321,-0.3733590050206568,0.0025622136890888214,0.0031510062981396914,-6.232730811461806e-05,-0.011590957641601562,-0.0009381509153172374,-0.0019317863043397665,-0.0021638255566358566,0.0020391710568219423,-0.004202996380627155,-0.00020409200806170702,7.94373918324709e-05,-0.0002835293998941779,0.00663162674754858,-0.15007825195789337,0.5394037489269186,0.05613940723053606,-0.0004944736862649855,-0.0002800025721215138,-3.922273664204217e-05,,
dePablo CV1,test,1,27,0.22131147540983606,128,-0.3255418198888976,-0.3733590050206568,0.0026717991568148136,0.003287237137556076,-6.503294571302831e-05,-0.0121002197265625,-0.0009793696226552129,-0.002005214337259531,-0.0022568535059690475,0.00212678755633533,-0.004383641295135021,-0.00021303287940099835,8.296698797494173e-05,-0.0002959998673759401,0.006889390759170055,-0.12847913801670074,0.5610028628681112,0.054594948689757186,-0.0005198630762233079,-0.00026116073651712916,-3.948291166329082e-05,,
dePablo CV1,test,1,28,0.22950819672131148,128,-0.32722300801508725,-0.3733590050206568,0.0027824989520013332,0.003424951108172536,-6.743575795553625e-05,-0.012630462646484375,-0.0010222864802926779,-0.0020795767195522785,-0.002351165283471346,0.0022162937093526125,-0.004567459225654602,-0.0002216742723248899,8.68027564138174e-05,-0.0003084770287387073,0.007146755233407021,-0.10593775659799576,0.5835442442868162,0.0530328788726559,-0.0005315940022772011,-0.00024632309644026133,-4.5677078206717994e-05,,
dePablo CV1,test,1,29,0.23770491803278687,128,-0.3285937955141276,-0.3733590050206568,0.002892767544835806,0.003562131430953741,-7.034963346086442e-05,-0.013150215148925781,-0.001064354320988059,-0.002153861103579402,-0.0024451804347336292,0.002304481342434883,-0.004749661777168512,-0.00023125315783545375,9.05538909137249e-05,-0.00032180704874917865,0.00740436278283596,-0.08426085859537125,0.6052211422894407,0.05147789469560716,-0.0005517615405641592,-0.00023092609752787944,-4.383531533995705e-05,,
dePablo CV1,test,1,30,0.2459016393442623,128,-0.33021258623116995,-0.3733590050206568,0.0030045383609831333,0.0037011844106018543,-7.304816972464323e-05,-0.01367950439453125,-0.0011071939952671528,-0.0022272891364991665,-0.002540660323575139,0.0023945639841258526,-0.004935224540531635,-0.00023978902027010918,9.369268082082272e-05,-0.0003334817010909319,0.007661548443138599,-0.06185535341501236,0.6276266474697996,0.04990097196638444,-0.000561243336048902,-0.00020951371454157834,-4.940844099847737e-05,,
dePablo CV1,test,1,31,0.2540983606557377,128,-0.3314827744759115,-0.3733590050206568,0.003114599734544754,0.0038381912745535374,-7.562525570392609e-05,-0.014200210571289062,-0.0011493390193209052,-0.0023007949348539114,-0.0026339013129472733,0.002482650801539421,-0.005116552114486694,-0.0002482583513483405,9.700783994048834e-05,-0.00034526619128882885,0.007918553426861763,-0.03982793539762497,0.649654065487187,0.04834824898055926,-0.0005795043068979321,-0.00018838723409946227,-4.798620673134448e-05,,
dePablo CV1,test,1,32,0.26229508196721313,128,-0.33283296493022335,-0.3733590050206568,0.0032254578545689583,0.003976315259933472,-7.858066237531602e-05,-0.014730453491210938,-0.001192255993373692,-0.002375079318881035,-0.0027293108869343996,0.0025721495039761066,-0.00530146062374115,-0.00025766255566850305,0.000100501230917871,-0.00035816378658637404,0.008176067844033241,-0.017171302810311317,0.6723106980745006,0.04678174869095987,-0.0005776890720938192,-0.00017874403929140273,-5.385535079152012e-05,,
dePablo CV1,test,1,33,0.27049180327868855,128,-0.33396247540747614,-0.3733590050206568,0.00333590479567647,0.004114372655749321,-8.120728307403624e-05,-0.015260696411132812,-0.001235172851011157,-0.0024485853500664234,-0.0028233430348336697,0.002660928526893258,-0.005484271794557571,-0.0002664263010956347,0.00010401173494756222,-0.0003704380360431969,0.008433094248175621,0.00533423013985157,0.6948162310246635,0.04521712796180747,-0.0005886591105035254,-0.00015625771625857356,-4.5166810555701484e-05,,
dePablo CV1,test,1,34,0.2786885245901639,128,-0.33493231495280673,-0.3733590050206568,0.0034458707086741924,0.004251129925251007,-8.386431727558374e-05,-0.015779495239257812,-0.001277163508348167,-0.002522869734093547,-0.002916717203333974,0.0027489885687828064,-0.005665705539286137,-0.0002756963949650526,0.00010796776041388512,-0.0003836641553789377,0.008690806105732918,0.027486782521009445,0.7169687834058214,0.04366698863007503,-0.0005931904836658952,-0.00013458120576688337,-4.516324966266806e-05,,
dePablo CV1,test,1,35,0.28688524590163933,128,-0.33609783313479197,-0.3733590050206568,0.003557201474905014,0.004390050191432238,-8.620700100436807e-05,-0.016320228576660156,-0.0013209293829277158,-0.0025963755324482918,-0.0030115360859781504,0.0028391219675540924,-0.005850657820701599,-0.0002848700387403369,0.00011245603673160076,-0.00039732607547193766,0.008948193863034248,0.0503520667552948,0.7398340676401067,0.04209259645959173,-0.0005987556198841276,-0.00012094114586206736,-4.5136239744657764e-05,,
dePablo CV1,test,1,36,0.29508196721311475,128,-0.33702758964435453,-0.3733590050206568,0.0036677238531410694,0.00452756229788065,-8.904974674805999e-05,-0.016839981079101562,-0.001362997223623097,-0.0026698813308030367,-0.0031054578721523285,0.0029273584950715303,-0.006032816134393215,-0.00029428733978420496,0.00011618784628808498,-0.00041047518607228994,0.009205110371112823,0.073117695748806,0.7625996966336179,0.04053405272838613,-0.0005998285642865541,-9.846058648775977e-05,-4.435111286391664e-05,,
dePablo CV1,test,1,37,0.30327868852459017,128,-0.3381922950749526,-0.3733590050206568,0.0037802555598318577,0.004667764063924551,-9.200829663313925e-05,-0.0173797607421875,-0.0014066860312595963,-0.002744165947660804,-0.0032018208876252174,0.0030178043525666,-0.006219625473022461,-0.0003038229770027101,0.0001198063837364316,-0.0004236293607391417,0.009462827816605568,0.09609479457139969,0.7855767954562116,0.03894499919622965,-0.0005972952859078884,-8.432135883811042e-05,-4.808094693842762e-05,,
dePablo CV1,test,1,38,0.3114754098360656,128,-0.33926711748614913,-0.3733590050206568,0.0038930175360292196,0.004808208905160427,-9.458992280997336e-05,-0.017850875854492188,-0.0014448171714320779,-0.0028176717460155487,-0.0032979832030832767,0.003108803415670991,-0.006406786851584911,-0.0003132910351268947,0.000124111189506948,-0.0004374022246338427,0.009720420464873314,0.11916268616914749,0.8086446870539594,0.03735365749071864,-0.0006001707600858232,-7.174801443812868e-05,-4.8627023148379156e-05,,
dePablo CV1,test,1,39,0.319672131147541,128,-0.34012961184094814,-0.3733590050206568,0.004003848880529404,0.004946710076183081,-9.757810039445758e-05,-0.01818084716796875,-0.0014715244760736823,-0.002891956130042672,-0.0033925622701644897,0.0031974059529602528,-0.0065899682231247425,-0.00032291002571582794,0.00012775382492691278,-0.0004506638506427407,0.00997747853398323,0.14197567105293274,0.8314576719377447,0.03578436045755346,-0.000599609812187665,-5.026925520611701e-05,-4.565761583647567e-05,,
dePablo CV1,test,1,40,0.32786885245901637,128,-0.3411117560151963,-0.3733590050206568,0.004116342402994633,0.005086657125502825,-0.00010003577335737646,-0.018500328063964844,-0.001497382647357881,-0.0029654621612280607,-0.0034883785992860794,0.0032883069943636656,-0.006776685826480389,-0.0003317484515719116,0.00013167690485715866,-0.00046342535642907023,0.010234651155769825,0.1654251664876938,0.8549071673725057,0.03419879077035656,-0.000600306044350111,-3.75584141076968e-05,-4.991278741513826e-05,,
dePablo CV1,test,1,41,0.3360655737704918,128,-0.3417876261066502,-0.3733590050206568,0.004226662218570709,0.0052244956605136395,-0.00010274988017044961,-0.018840789794921875,-0.0015249390853568912,-0.003039746545255184,-0.0035821874625980854,0.003376687876880169,-0.006958875339478254,-0.00034115248126909137,0.00013565272092819214,-0.0004768052021972835,0.010491756722331047,0.18840323388576508,0.877885234770577,0.03263689743747672,-0.000593918659104908,-8.64205579765457e-06,-4.7260761207212767e-05,,
dePablo CV1,test,1,42,0.3442622950819672,128,-0.34262027383494537,-0.3733590050206568,0.00433842558413744,0.005363910924643278,-0.00010569594451226294,-0.01916980743408203,-0.0015515690902248025,-0.0031140311621129513,-0.003677317639812827,0.003465925808995962,-0.007143243215978146,-0.0003509063390083611,0.00013951444998383522,-0.0004904207889921963,0.01074979081749916,0.21202944219112396,0.9015114430759359,0.03105740145097764,-0.0005885824039862541,4.632492496591028e-06,-4.473889590407841e-05,,
dePablo CV1,test,1,43,0.3524590163934426,128,-0.34336506845953774,-0.3733590050206568,0.004450115840882063,0.005503284744918346,-0.00010878549073822796,-0.019499778747558594,-0.001578276394866407,-0.003187536960467696,-0.003772930707782507,0.0035553595516830683,-0.007328290492296219,-0.00036054261727258563,0.0001429716357961297,-0.0005035142530687153,0.011007700115442276,0.23515285551548004,0.924634856400292,0.029478280959468542,-0.0005802729995289951,2.7308785686655845e-05,-4.54466004555168e-05,,
dePablo CV1,test,1,44,0.36065573770491804,128,-0.34401524960437346,-0.3733590050206568,0.00456199748441577,0.0056424918584525585,-0.00011110180639661849,-0.019819259643554688,-0.0016041345661506057,-0.0032618213444948196,-0.0038680750876665115,0.0036458715330809355,-0.007513946853578091,-0.0003700070665217936,0.00014780345372855663,-0.0005178105202503502,0.011265309527516365,0.2582404911518097,0.9477224920366216,0.02790151958383583,-0.0005769999986870138,3.862047361193189e-05,-3.53234918170977e-05,,
dePablo CV1,test,1,45,0.36885245901639346,128,-0.34476250761944954,-0.3733590050206568,0.004674014635384083,0.005781920626759529,-0.00011380540672689676,-0.020150184631347656,-0.0016309190541505814,-0.0033361059613525867,-0.003963706083595753,0.003736095502972603,-0.0076998015865683556,-0.00037969823461025953,0.000152087421156466,-0.0005317856557667255,0.011522750370204449,0.2823408544063568,0.9718228552911687,0.0263222322990043,-0.0005730703270554759,4.9732577205604565e-05,-3.266340980045853e-05,,
dePablo CV1,test,1,46,0.3770491803278688,128,-0.34544995871938355,-0.3733590050206568,0.004785495810210705,0.005921186413615942,-0.00011681645992211998,-0.02046966552734375,-0.0016567772254347801,-0.0034096117597073317,-0.0040587387047708035,0.0038251057267189026,-0.007883844897150993,-0.0003893995308317244,0.00015576661098748446,-0.0005451661418192089,0.011779926717281342,0.3056810200214386,0.9951630209062505,0.024744817022235962,-0.0005673206985247842,6.610546883344921e-05,-3.181305498730413e-05,,
dePablo CV1,test,1,47,0.38524590163934425,128,-0.3462837648273463,-0.3733590050206568,0.004899259656667709,0.0060627879574894905,-0.00011947916937060654,-0.02082061767578125,-0.001685182680375874,-0.003483896143734455,-0.004156238865107298,0.003917280584573746,-0.008073519915342331,-0.00039896246744319797,0.00016000412870198488,-0.0005589665961451828,0.012037228792905807,0.3297996520996094,1.0192816529844213,0.02314072507026318,-0.0005552331900613443,7.727807854323327e-05,-3.089271523975781e-05,,
dePablo CV1,test,1,48,0.39344262295081966,128,-0.34687822780915545,-0.3733590050206568,0.005010702647268772,0.006202053744345903,-0.00012192336726002395,-0.021140098571777344,-0.0017110408516600728,-0.0035574021749198437,-0.004250640049576759,0.0040067932568490505,-0.008257433772087097,-0.0004079542704857886,0.00016410753596574068,-0.0005720618064515293,0.012294869869947433,0.35352131724357605,1.043003318128388,0.02156315538870908,-0.0005431208598777653,9.748390822428938e-05,-3.4633371136445366e-05,,
dePablo CV1,test,1,49,0.4016393442622951,128,-0.34761315322103226,-0.3733590050206568,0.005124872550368309,0.006343792658299208,-0.0001249629131052643,-0.021480560302734375,-0.001738597173243761,-0.003631686558946967,-0.0043484000489115715,0.0040984745137393475,-0.008446874096989632,-0.00041766377398744226,0.00016773794777691364,-0.0005854017217643559,0.012552248314023018,0.3775475025177002,1.0670295034025121,0.019958154635791533,-0.000541488316624302,0.00011132665897866662,-2.835148191129716e-05,,
dePablo CV1,test,1,50,0.4098360655737705,128,-0.34822003058910395,-0.3733590050206568,0.00523671368137002,0.006483333185315132,-0.000127842475194484,-0.021810531616210938,-0.0017653044778853655,-0.003705192357301712,-0.00444374606013298,0.004188060760498047,-0.008631806820631027,-0.0004279178101569414,0.00017223285976797342,-0.0006001506699249148,0.012809688225388527,0.40186813473701477,1.0913501356218267,0.01837773539609782,-0.0005298113679740495,0.00012503061993150572,-2.2672099508134028e-05,,
dePablo CV1,test,1,51,0.4180327868852459,128,-0.34881027475879756,-0.3733590050206568,0.005349479150027037,0.00662382785230875,-0.0001306079502683133,-0.022150039672851562,-0.0017927836161106825,-0.003779476974159479,-0.004539747256785631,0.004278531298041344,-0.008818278089165688,-0.0004379947786219418,0.00017677887808531523,-0.000614773656707257,0.013066994026303291,0.425536185503006,1.115018186387818,0.016786681979862824,-0.0005206878963964563,0.0001389123908560508,-1.8212393680141252e-05,,
dePablo CV1,test,1,52,0.4262295081967213,128,-0.34950914770191877,-0.3733590050206568,0.005463334731757641,0.006765418220311403,-0.00013340642908588052,-0.022489547729492188,-0.0018202628707513213,-0.0038537613581866026,-0.004637124482542276,0.004370311740785837,-0.009007436223328114,-0.0004482240183278918,0.0001814111601561308,-0.0006296351784840226,0.013324765488505363,0.4499218463897705,1.1394038472745824,0.015183060968050268,-0.0005065894775867758,0.0001441609725003375,-2.02508980475494e-05,,
dePablo CV1,test,1,53,0.4344262295081967,128,-0.34998656729783784,-0.3733590050206568,0.005574767477810383,0.006904728710651398,-0.00013589352602139115,-0.02281951904296875,-0.001846970058977604,-0.0039272671565413475,-0.0047316839918494225,0.004459897056221962,-0.009191581048071384,-0.00045821990352123976,0.00018643285147845745,-0.0006446527549996972,0.013581780716776848,0.47404202818870544,1.1635240290735174,0.01360534218945213,-0.0004908859524380418,0.0001597686189130037,-1.3723149542455654e-05,,
dePablo CV1,test,1,54,0.4426229508196721,128,-0.35054637071179556,-0.3733590050206568,0.005687820725142956,0.007045611273497343,-0.00013887829845771194,-0.02315998077392578,-0.001874526496976614,-0.004001551773399115,-0.004828371573239565,0.004550614859908819,-0.009378986433148384,-0.0004686792381107807,0.00019092264119535685,-0.0006596018793061376,0.013839663937687874,0.49892809987068176,1.1884101007554937,0.012010065365218387,-0.00048191027446872916,0.00016621130650315826,-1.4174609273978735e-05,,
dePablo CV1,test,1,55,0.45081967213114754,128,-0.3510349654372357,-0.3733590050206568,0.005799427628517151,0.007184929680079222,-0.0001411239500157535,-0.02348041534423828,-0.001900461851619184,-0.004075057338923216,-0.00492285517975688,0.004640607163310051,-0.009563462808728218,-0.0004774820990860462,0.0001952341990545392,-0.0006727162981405854,0.014097226783633232,0.523444652557373,1.212926653442185,0.010432349726915563,-0.00046591784189635644,0.00018312126053124592,-9.690603411626997e-06,,
dePablo CV1,test,1,56,0.45901639344262296,128,-0.3515847159187209,-0.3733590050206568,0.005912883672863245,0.007326063234359026,-0.00014437208301387727,-0.023820877075195312,-0.0019280181732028723,-0.004149341955780983,-0.005020083859562874,0.004731339402496815,-0.009751423262059689,-0.0004883095971308649,0.0001995654311031103,-0.0006878750282339752,0.014354863204061985,0.5476932525634766,1.2371752534482885,0.008834488896782018,-0.00046087403919604914,0.0001917487538733149,-7.872769569682013e-06,,
dePablo CV1,test,1,57,0.4672131147540984,128,-0.3521336527876708,-0.3733590050206568,0.006026813760399818,0.007467570714652538,-0.00014750758418813348,-0.024160385131835938,-0.0019554973114281893,-0.0042228479869663715,-0.0051180096343159676,0.004822994582355022,-0.00994100421667099,-0.0004985088016837835,0.00020349363330751657,-0.0007020024349913001,0.014612619765102863,0.5727829337120056,1.2622649345968175,0.007232515144071939,-0.00045822970939393546,0.00019483690580780579,-7.0568340361308185e-06,,
dePablo CV1,test,1,58,0.47540983606557374,128,-0.35255722623225033,-0.3733590050206568,0.0061391303315758705,0.007607890293002129,-0.00014964313595555723,-0.0244903564453125,-0.0019822046160697937,-0.004297132603824139,-0.005212952382862568,0.004913666285574436,-0.010126618668437004,-0.0005080064875073731,0.00020872021559625864,-0.0007167267031036317,0.01487058773636818,0.5972371697425842,1.2867191706273962,0.005643780659624598,-0.0004466058113003276,0.0002122311278892972,-5.28727949725756e-07,,
dePablo CV1,test,1,59,0.48360655737704916,128,-0.3530794252216185,-0.3733590050206568,0.006252733524888754,0.007749312557280064,-0.00015218686894513667,-0.024829864501953125,-0.0020096837542951107,-0.0043714167550206184,-0.005309824366122484,0.0050054509192705154,-0.010315274819731712,-0.0005182094755582511,0.0002138357376679778,-0.000732045213226229,0.015128228813409805,0.6222835183143616,1.3117655191991735,0.004042468342423968,-0.0004336855625948832,0.00021865922202778617,-7.484912606823628e-06,,
dePablo CV1,test,1,60,0.4918032786885246,128,-0.3535294065957241,-0.3733590050206568,0.00636586919426918,0.007890080101788044,-0.00015530729433521628,-0.025159835815429688,-0.002036391058936715,-0.004444922786206007,-0.005406670272350311,0.005096055567264557,-0.010502725839614868,-0.0005286948289722204,0.00021808024030178785,-0.0007467750692740083,0.015385189093649387,0.6469967365264893,1.3364787374113012,0.0024486993191275407,-0.00042081114978591457,0.00023064354682967485,-3.662704119544437e-06,,
dePablo CV1,test,1,61,0.5,128,-0.35408509865947574,-0.3733590050206568,0.006480071693658829,0.008032300509512424,-0.00015808208263479173,-0.025510787963867188,-0.0020647963974624872,-0.004518428351730108,-0.0055042654275894165,0.005188101436942816,-0.01069236733019352,-0.0005394589970819652,0.00022329483181238174,-0.000762753828894347,0.015642540529370308,0.6720945239067078,1.3615765247915197,0.000838478837331651,-0.00040787950260203723,0.00022905380262112503,-9.367100877367012e-06,,
dePablo CV1,test,1,62,0.5081967213114754,128,-0.3544958247589245,-0.3733590050206568,0.006593155674636364,0.008173462934792042,-0.0001611700572539121,-0.025850296020507812,-0.0020922755356878042,-0.004592712968587875,-0.005601098760962486,0.005278758704662323,-0.01087985746562481,-0.0005502194981090724,0.00022787938360124826,-0.0007780988817103207,0.015899399295449257,0.69733065366745,1.3868126545522619,-0.0007596429054645637,-0.00039558449654172883,0.00023942025172487286,-3.3129909606085086e-06,,
dePablo CV1,test,1,63,0.5163934426229508,128,-0.35498799133032627,-0.3733590050206568,0.006707502529025078,0.008316101506352425,-0.00016375535051338375,-0.026180267333984375,-0.0021189828403294086,-0.004666218999773264,-0.0056986561976373196,0.005371145438402891,-0.01106980163604021,-0.0005601854645647109,0.00023267476353794336,-0.0007928602281026542,0.0161568783223629,0.7226252555847168,1.4121072564695287,-0.0023744784014442495,-0.0003827424074367977,0.0002453860170498639,-2.3252493009891527e-06,,
dePablo CV1,test,1,64,0.5245901639344263,128,-0.35549954283737367,-0.3733590050206568,0.006822057068347931,0.008459017612040043,-0.00016653278726153076,-0.026519775390625,-0.0021464619785547256,-0.004740503150969744,-0.005796581506729126,0.0054635158739984035,-0.011260097846388817,-0.0005704159266315401,0.00023735035210847855,-0.0008077662787400186,0.016414474695920944,0.7483218908309937,1.4378038917158056,-0.00399252983645621,-0.0003665383322507273,0.0002535396740396922,-2.313512365275442e-06,,
dePablo CV1,test,1,65,0.5327868852459017,128,-0.3558938506707327,-0.3733590050206568,0.0069348979741334915,0.008599936030805111,-0.00016952768783085048,-0.026859283447265625,-0.0021739413496106863,-0.004814787767827511,-0.005892806686460972,0.00555375125259161,-0.011446557939052582,-0.0005815247423015535,0.00024246936663985252,-0.000823994108941406,0.016672614961862564,0.7733038067817688,1.4627858076665807,-0.005588009985342077,-0.00034599638621494376,0.00026108103754839997,1.074896764903822e-06,,
dePablo CV1,test,1,66,0.5409836065573771,128,-0.3562985208140315,-0.3733590050206568,0.0070489803329110146,0.008741708472371101,-0.00017216763808391988,-0.027199745178222656,-0.0022014975547790527,-0.004889072384685278,-0.00598990498110652,0.005645569413900375,-0.011635474860668182,-0.0005922264535911381,0.00024789117742329836,-0.0008401176310144365,0.016929982230067253,0.7989807724952698,1.4884627733800817,-0.007193050062804797,-0.00032856665626386354,0.00026389995997252964,4.212529436556942e-06,,
dePablo CV1,test,1,67,0.5491803278688525,128,-0.3566932603188091,-0.3733590050206568,0.0071617006324231625,0.008882620371878147,-0.000174964516190812,-0.027540206909179688,-0.002229053992778063,-0.0049625784158706665,-0.006086314562708139,0.0057363854721188545,-0.011822700500488281,-0.00060271070105955,0.00025278166867792606,-0.0008554923697374761,0.017187146469950676,0.824616014957428,1.51409801584224,-0.008788397011187025,-0.00030805180797069046,0.00027179712314899735,5.212957313387801e-06,,
dePablo CV1,test,1,68,0.5573770491803278,128,-0.3570470631099948,-0.3733590050206568,0.007274871226400137,0.009023560211062431,-0.00017732338164933026,-0.027860641479492188,-0.002254989231005311,-0.005036862567067146,-0.0061823599971830845,0.005827713292092085,-0.01201007328927517,-0.0006125716608949006,0.00025792489759624004,-0.0008704965584911406,0.017444424331188202,0.8498087525367737,1.5392907534215856,-0.010383704839100522,-0.00029863380261157906,0.0002813069222393995,1.0176597157183145e-05,,
dePablo CV1,test,1,69,0.5655737704918032,128,-0.3575248281130634,-0.3733590050206568,0.007390186190605164,0.00916677713394165,-0.0001804095518309623,-0.028209686279296875,-0.0022832404356449842,-0.005110368598252535,-0.006280852481722832,0.005920033436268568,-0.012200886383652687,-0.0006243836251087487,0.0002635645214468241,-0.0008879481465555727,0.01770247146487236,0.8763657212257385,1.5658477221105505,-0.012005007030017636,-0.0002811585712547876,0.0002749021331880462,1.1624460357737276e-05,,
dePablo CV1,test,1,70,0.5737704918032787,128,-0.35789156626506025,-0.3733590050206568,0.0075040762312710285,0.009308598935604095,-0.00018330721650272608,-0.028550148010253906,-0.0023107966408133507,-0.005184653215110302,-0.006378111429512501,0.006011497229337692,-0.012389608658850193,-0.0006348025053739548,0.0002681880723685026,-0.0009029905777424574,0.01796014979481697,0.9018836617469788,1.5913656626317907,-0.013610338969728943,-0.0002692829333289451,0.00027933140837174317,1.2792484929681284e-05,,
dePablo CV1,test,1,71,0.5819672131147541,128,-0.3583678560292218,-0.3733590050206568,0.007618816569447517,0.009451736696064472,-0.00018613020074553788,-0.028890609741210938,-0.0023383530788123608,-0.005258158780634403,-0.006476591806858778,0.006104331463575363,-0.012580923736095428,-0.0006456302362494171,0.0002733698347583413,-0.0009190000710077584,0.01821785792708397,0.9278903007507324,1.6173723016355444,-0.015230661144705938,-0.0002533147025682238,0.0002791882355190218,1.22188326514925e-05,,
dePablo CV1,test,1,72,0.5901639344262295,128,-0.35864512492405,-0.3733590050206568,0.007732813712209463,0.009593814611434937,-0.00018875653040595353,-0.029230117797851562,-0.0023658322170376778,-0.00533244339749217,-0.0065734898671507835,0.006195976864546537,-0.012769466266036034,-0.000656290736515075,0.0002787776757031679,-0.0009350684122182429,0.018476033583283424,0.9540276527404785,1.6435096536252904,-0.016838893340791455,-0.00023782788899106994,0.00028725366083476756,1.6757401703176127e-05,,
dePablo CV1,test,1,73,0.5983606557377049,128,-0.35905415162454873,-0.3733590050206568,0.007847273722290993,0.009736267849802971,-0.00019217299995943904,-0.029569625854492188,-0.0023933113552629948,-0.005405949428677559,-0.006672257091850042,0.0062879109755158424,-0.012960167601704597,-0.0006675007753074169,0.00028315477538853884,-0.0009506555506959558,0.01873328536748886,0.9803261160850525,1.6698081169698644,-0.018451331066575812,-0.00022585833315648382,0.00028396499701406044,1.3040825230296582e-05,,
dePablo CV1,test,1,74,0.6065573770491803,128,-0.3594535690374781,-0.3733590050206568,0.00796200055629015,0.009879041463136673,-0.00019424068159423769,-0.029920578002929688,-0.0024217169266194105,-0.00547945499420166,-0.006769194267690182,0.006380712613463402,-0.013149906881153584,-0.0006783545832149684,0.00028987322002649307,-0.0009682278032414615,0.01899152435362339,1.0064750909805298,1.6959570918653417,-0.02006739591391501,-0.0002111790109235638,0.0002794756900360633,1.4388612676140612e-05,,
dePablo CV1,test,1,75,0.6147540983606558,128,-0.35979676310814707,-0.3733590050206568,0.008076243102550507,0.01002105325460434,-0.0001976648927666247,-0.030260086059570312,-0.0024491960648447275,-0.005554518196731806,-0.0068669794127345085,0.006471649743616581,-0.01333862915635109,-0.0006899896543473005,0.00029465986881405115,-0.0009846495231613517,0.019248563796281815,1.0328247547149658,1.7223067555997778,-0.021674865667104783,-0.0001947092603838173,0.0002798023824151306,1.3920821625511896e-05,,
dePablo CV1,test,1,76,0.6229508196721312,128,-0.3601550634886511,-0.3733590050206568,0.008191214874386787,0.010164194740355015,-0.00020071183098480105,-0.030599594116210938,-0.0024766752030700445,-0.005628802813589573,-0.006966128014028072,0.006564704235643148,-0.013530831784009933,-0.0007011267589405179,0.0002997030969709158,-0.0010008298559114337,0.01950649730861187,1.0594366788864136,1.7489186797712255,-0.02329495132005311,-0.00018550835346453406,0.0002762167294866154,1.1238610131358229e-05,,
dePablo CV1,test,1,77,0.6311475409836066,128,-0.36046050019849146,-0.3733590050206568,0.00830542016774416,0.010306177660822868,-0.0002032002666965127,-0.03094005584716797,-0.002504231408238411,-0.005702308379113674,-0.0070631178095936775,0.0066567170433700085,-0.013719834387302399,-0.0007118394132703543,0.00030543887987732887,-0.0010172782931476831,0.01976393163204193,1.085473895072937,1.774955895957749,-0.02490187614521536,-0.00017531838323305918,0.0002762795226916921,1.8717877183363442e-05,,
dePablo CV1,test,1,78,0.639344262295082,128,-0.36087482348807826,-0.3733590050206568,0.008421492762863636,0.010450719855725765,-0.00020520581165328622,-0.03129005432128906,-0.0025325596798211336,-0.005776592995971441,-0.007161810994148254,0.006751399487257004,-0.013913210481405258,-0.0007223629509098828,0.00031195138581097126,-0.0010343142785131931,0.020021969452500343,1.1125593185424805,1.8020413194272924,-0.026538062139985313,-0.00015326475805463029,0.00026811143846436385,1.742236620209244e-05,,
dePablo CV1,test,1,79,0.6475409836065574,128,-0.3612341561040694,-0.3733590050206568,0.00853649526834488,0.010593615472316742,-0.00020889489678665996,-0.031630516052246094,-0.0025601161178201437,-0.005850877612829208,-0.007260967046022415,0.006843177136033773,-0.014104144647717476,-0.0007344098412431777,0.0003166199894621968,-0.0010510298889130354,0.020279642194509506,1.1392589807510376,1.8287409816358495,-0.028155434068857812,-0.0001370240159268357,0.00026223293494253105,1.7607215209656017e-05,,
dePablo CV1,test,1,80,0.6557377049180327,128,-0.36156253087842954,-0.3733590050206568,0.008650521747767925,0.01073617022484541,-0.0002110414789058268,-0.03198051452636719,-0.0025884443894028664,-0.00592438317835331,-0.007358161266893148,0.006936078425496817,-0.014294239692389965,-0.000744993390981108,0.00032291049137711525,-0.0010679038241505623,0.020537421107292175,1.1661953926086426,1.8556773934934545,-0.02976900047351935,-0.0001167731798363475,0.0002572272049249527,2.0274409396416208e-05,,
dePablo CV1,test,1,81,0.6639344262295082,128,-0.3619205621157412,-0.3733590050206568,0.008766421116888523,0.010880080051720142,-0.00021405663574114442,-0.03232002258300781,-0.0026159235276281834,-0.005998667795211077,-0.007457745727151632,0.007029632106423378,-0.014487378299236298,-0.0007560339872725308,0.00032792077399790287,-0.0010839547030627728,0.02079484984278679,1.1933985948562622,1.8828805957410741,-0.03139780465739516,-0.00010280525798078353,0.00025046586594890883,1.6691694351763366e-05,,
dePablo CV1,test,1,82,0.6721311475409836,128,-0.36219971465662393,-0.3733590050206568,0.00888089369982481,0.011022863909602165,-0.0002170284278690815,-0.032660484313964844,-0.00264347973279655,-0.006073030177503824,-0.007555796764791012,0.007121739909052849,-0.01467753667384386,-0.0007677897810935974,0.0003337329253554344,-0.0011015227064490318,0.021052304655313492,1.2195643186569214,1.9090463195417333,-0.03301377347320083,-8.854652385440681e-05,0.0002476309852122596,2.3548238652530093e-05,,
dePablo CV1,test,1,83,0.680327868852459,128,-0.3626003149126371,-0.3733590050206568,0.008997299708425999,0.011167271062731743,-0.00022032670676708221,-0.03301048278808594,-0.0026718080043792725,-0.006146457977592945,-0.007655713241547346,0.007215059828013182,-0.014870773069560528,-0.0007797343423590064,0.000339080928824842,-0.0011188152711838484,0.021309830248355865,1.247463345527649,1.9369453464124609,-0.034648313943874104,-6.692532264627977e-05,0.00023471678253057923,1.8790570238743735e-05,,
dePablo CV1,test,1,84,0.6885245901639344,128,-0.36288870626760433,-0.3733590050206568,0.00911187194287777,0.011310148052871227,-0.00022306834580376744,-0.033359527587890625,-0.0027000592090189457,-0.006220742594450712,-0.007753509096801281,0.007307372055947781,-0.015060881152749062,-0.0007905969396233559,0.000344460248015821,-0.0011350571876391768,0.02156756818294525,1.2744382619857788,1.9639202628705907,-0.03626520382380752,-5.9869381525666724e-05,0.00023501650567928588,2.214939940074083e-05,,
dePablo CV1,test,1,85,0.6967213114754098,128,-0.3631973417478256,-0.3733590050206568,0.009226810187101364,0.01145331934094429,-0.000225402123760432,-0.033699989318847656,-0.002727615414187312,-0.006294248625636101,-0.007851103320717812,0.007400299422442913,-0.015251402743160725,-0.0008018616354092956,0.00035105738788843155,-0.001152919023297727,0.021825304254889488,1.3015271425247192,1.9910091434095312,-0.03788559422801801,-4.277513969612954e-05,0.0002210324829514778,2.276957985287042e-05,,
dePablo CV1,test,1,86,0.7049180327868853,128,-0.36360572769550326,-0.3733590050206568,0.009343227371573448,0.011597882024943829,-0.00022843567421659827,-0.03404998779296875,-0.002755943685770035,-0.006368533242493868,-0.007951375097036362,0.007494504097849131,-0.015445878729224205,-0.0008137212716974318,0.00035684986505657434,-0.001170571194961667,0.022082708775997162,1.3293992280960083,2.0188812289808205,-0.03952159784958772,-3.406143739444121e-05,0.00020253205826273736,1.906128396774144e-05,,
dePablo CV1,test,1,87,0.7131147540983607,128,-0.36385880756837946,-0.3733590050206568,0.00945768877863884,0.011740769259631634,-0.000231782381888479,-0.03437995910644531,-0.002782650990411639,-0.006441260222345591,-0.00804977584630251,0.0075862109661102295,-0.015635985881090164,-0.0008252427796833217,0.0003616779576987028,-0.0011869207955896854,0.022339940071105957,1.356518268585205,2.0460002694700172,-0.04113871629214211,-1.7398531588286585e-05,0.00020264621619439318,2.3175048165998375e-05,,
dePablo CV1,test,1,88,0.7213114754098361,128,-0.36418015903429773,-0.3733590050206568,0.009573599323630333,0.011884691193699837,-0.00023415085161104798,-0.034740447998046875,-0.002811828162521124,-0.006516323424875736,-0.008148444816470146,0.007680143229663372,-0.015828587114810944,-0.0008360813953913748,0.00036777963396161795,-0.0012038610875606537,0.022598057985305786,1.3841298818588257,2.073611882743638,-0.042767628597681226,1.9394314461583523e-06,0.00019086129470470223,2.037013011499392e-05,,
dePablo CV1,test,1,89,0.7295081967213115,128,-0.3644151584581047,-0.3733590050206568,0.009688077494502068,0.012027351185679436,-0.00023695104755461216,-0.0350799560546875,-0.0028393075335770845,-0.006590608041733503,-0.008246333338320255,0.007772431243211031,-0.016018765047192574,-0.0008475591894239187,0.0003736570943146944,-0.0012212162837386131,0.02285585179924965,1.4113863706588745,2.1008683715436867,-0.04438212610628939,1.7802211610200577e-05,0.00018200166867863793,2.903263788963739e-05,,
dePablo CV1,test,1,90,0.7377049180327869,128,-0.3647625682788176,-0.3733590050206568,0.00980428233742714,0.012172172777354717,-0.00024021585704758763,-0.035419464111328125,-0.0028667866718024015,-0.006664113607257605,-0.008346496149897575,0.007866064086556435,-0.01621256023645401,-0.0008594992686994374,0.000379067612811923,-0.0012385668233036995,0.023113489151000977,1.4394347667694092,2.1289167676542213,-0.04602126942343652,4.3792598755280996e-05,0.00017356427308555796,2.7851058705915168e-05,,
dePablo CV1,test,1,91,0.7459016393442623,128,-0.36506962336797616,-0.3733590050206568,0.009920291602611542,0.012316594831645489,-0.00024286453844979405,-0.035770416259765625,-0.0028951920103281736,-0.006738398224115372,-0.008445772342383862,0.007960042916238308,-0.01640581525862217,-0.0008716537849977612,0.00038592470809817314,-0.0012575784930959344,0.023371338844299316,1.4675203561782837,2.157002357063096,-0.047655672477852004,5.965793627282572e-05,0.00015151964585658165,3.4023771270449406e-05,,
dePablo CV1,test,1,92,0.7540983606557377,128,-0.36535289670813004,-0.3733590050206568,0.010035746730864048,0.012460455298423767,-0.0002458166563883424,-0.03611946105957031,-0.002923442982137203,-0.006812682840973139,-0.008544543758034706,0.00805290974676609,-0.016597453504800797,-0.0008831066079437733,0.0003914732951670885,-0.0012745799031108618,0.023628823459148407,1.4948296546936035,2.1843116555784157,-0.04928368369510371,7.299254007684404e-05,0.00014814618565725253,3.7833162192855977e-05,,
dePablo CV1,test,1,93,0.7622950819672131,128,-0.3657052534969492,-0.3733590050206568,0.010152941569685936,0.012605889700353146,-0.00024878460681065917,-0.03647041320800781,-0.002951848553493619,-0.006887045223265886,-0.008644940331578255,0.00814737193286419,-0.016792312264442444,-0.0008951454656198621,0.00039757625199854374,-0.0012927217176184058,0.023886041715741158,1.5236461162567139,2.213128117141526,-0.05092972520652508,9.719359520856892e-05,0.00013434179047108397,2.813766400163776e-05,,
dePablo CV1,test,1,94,0.7704918032786885,128,-0.3659492180931562,-0.3733590050206568,0.010269057005643845,0.012749952264130116,-0.00025145866675302386,-0.036800384521484375,-0.0029785558581352234,-0.006959694437682629,-0.008744008839130402,0.00824109185487032,-0.016985099762678146,-0.0009069921798072755,0.0004040747880935669,-0.0013110670261085033,0.024143848568201065,1.551338791847229,2.240820792732041,-0.052559955104562066,0.000107131356645453,0.00012461951204382894,2.7509443726021943e-05,,
dePablo CV1,test,1,95,0.7786885245901639,128,-0.36626256128130613,-0.3733590050206568,0.01038576103746891,0.012895280495285988,-0.0002541933790780604,-0.03716087341308594,-0.003007733030244708,-0.007033979054540396,-0.008844028227031231,0.008335640653967857,-0.017179667949676514,-0.0009185297531075776,0.00041014293674379587,-0.0013286727480590343,0.024401679635047913,1.5797969102859497,2.269278911170762,-0.05420470003768246,0.00012918070967602816,0.00010937528375181686,2.3057084110388396e-05,,
dePablo CV1,test,1,96,0.7868852459016393,128,-0.3665874553407276,-0.3733590050206568,0.010501977056264877,0.013039868324995041,-0.0002572227385826409,-0.037509918212890625,-0.0030359840020537376,-0.0071082632057368755,-0.008944135159254074,0.008429689332842827,-0.0173738244920969,-0.000930375827010721,0.0004159304080531001,-0.0013463061768561602,0.024659670889377594,1.6077232360839844,2.2972052369687965,-0.055840890690448806,0.00014034102504213088,9.379216531482148e-05,1.9608882432062313e-05,,
dePablo CV1,test,1,97,0.7950819672131147,128,-0.36685821673763797,-0.3733590050206568,0.010617982596158981,0.013184539042413235,-0.0002601938904263079,-0.037860870361328125,-0.0030643895734101534,-0.007181769236922264,-0.009043625555932522,0.008523236960172653,-0.01756686344742775,-0.0009425962925888598,0.0004222085699439049,-0.0013648048043251038,0.024917099624872208,1.6364238262176514,2.3259058271024635,-0.05747808059781683,0.0001579984780644853,7.923237756681857e-05,1.8507051535761533e-05,,
dePablo CV1,test,1,98,0.8032786885245902,128,-0.3671478106604306,-0.3733590050206568,0.010734949260950089,0.013329681009054184,-0.00026266637723892927,-0.03820991516113281,-0.003092640545219183,-0.007256053853780031,-0.009143910370767117,0.008618577383458614,-0.01776248775422573,-0.0009541523177176714,0.00042881956323981285,-0.0013829718809574842,0.025174934417009354,1.6652308702468872,2.3547128711316994,-0.05912068733710702,0.00018203422056414773,5.114338759720022e-05,1.4860988944806365e-05,,
dePablo CV1,test,1,99,0.8114754098360656,128,-0.36743067270492197,-0.3733590050206568,0.010851075872778893,0.013474509119987488,-0.0002657875302247703,-0.038550376892089844,-0.003120196983218193,-0.0073295594193041325,-0.009243549779057503,0.008711975067853928,-0.01795552484691143,-0.0009663336677476764,0.00043475860729813576,-0.0014010922750458121,0.02543233335018158,1.6934874057769775,2.3829694066617897,-0.06075951967080673,0.00019319012246666036,3.6644125315845236e-05,1.852855074145358e-05,,
dePablo CV1,test,1,100,0.819672131147541,128,-0.3677622602346421,-0.3733590050206568,0.010968364775180817,0.01362045668065548,-0.00026853661984205246,-0.038909912109375,-0.0031492970883846283,-0.0074047003872692585,-0.009344318881630898,0.008807245641946793,-0.01815156452357769,-0.0009783469140529633,0.00044127367436885834,-0.0014196205884218216,0.025690682232379913,1.7228115797042847,2.412293580589097,-0.06241125364793903,0.00021817746081680296,1.4226232537068415e-05,1.3348714319239289e-05,,
dePablo CV1,test,1,101,0.8278688524590164,128,-0.36798072208718874,-0.3733590050206568,0.011084224097430706,0.013764571398496628,-0.00027123611653223634,-0.039259910583496094,-0.003177625359967351,-0.007478128653019667,-0.009443342685699463,0.008900870569050312,-0.0183442123234272,-0.0009901328012347221,0.0004476606845855713,-0.0014377934858202934,0.02594768814742565,1.7511392831802368,2.440621284065049,-0.06404202490346779,0.00023094693915759901,-2.6026521968897915e-06,1.2466788814662036e-05,,
dePablo CV1,test,1,102,0.8360655737704918,128,-0.3682348505585654,-0.3733590050206568,0.011200455948710442,0.01390907447785139,-0.00027435191441327333,-0.039600372314453125,-0.0032051815651357174,-0.0075524128042161465,-0.009543009102344513,0.00899430550634861,-0.018537314608693123,-0.0010026380186900496,0.000453934189863503,-0.0014565722085535526,0.02620593272149563,1.779896855354309,2.4693788562391212,-0.06567716929472402,0.00024142167485024106,-1.7560031263344474e-05,1.2188410652396537e-05,,
dePablo CV1,test,1,103,0.8442622950819673,128,-0.3685289935865307,-0.3733590050206568,0.011317836120724678,0.014054844155907631,-0.0002772307489067316,-0.03994941711425781,-0.0032334327697753906,-0.007626775186508894,-0.009644226171076298,0.009089764207601547,-0.01873398944735527,-0.0010144213447347283,0.0004599598469212651,-0.0014743811916559935,0.02646402083337307,1.8090945482254028,2.498576549110215,-0.06732665790062842,0.00025361630255870294,-4.172261532781473e-05,1.0231821641779978e-05,,
dePablo CV1,test,1,104,0.8524590163934426,128,-0.3687766876199835,-0.3733590050206568,0.011433775536715984,0.014199333265423775,-0.00028023432241752744,-0.04030036926269531,-0.0032618381083011627,-0.0077002812176942825,-0.009743450209498405,0.009182981215417385,-0.018926430493593216,-0.001027092570438981,0.0004666239256039262,-0.0014937164960429072,0.026721090078353882,1.837591528892517,2.5270735297773292,-0.06896176861082089,0.00027755168255486914,-5.95223750704907e-05,9.962540619493685e-06,,
dePablo CV1,test,1,105,0.860655737704918,128,-0.3690661341949208,-0.3733590050206568,0.011551509611308575,0.014345080591738224,-0.0002827777643688023,-0.04065990447998047,-0.003290938213467598,-0.007773709017783403,-0.009844522923231125,0.00927896797657013,-0.019123490899801254,-0.001038525253534317,0.00047296960838139057,-0.0015114948619157076,0.026979319751262665,1.8671365976333618,2.556618598518174,-0.07061093421719002,0.0002851401459429999,-8.486079896674291e-05,1.0993491825825696e-05,,
dePablo CV1,test,1,106,0.8688524590163934,128,-0.3692713665232127,-0.3733590050206568,0.011667376384139061,0.014489120803773403,-0.0002858772058971226,-0.0410003662109375,-0.003318494651466608,-0.007848071865737438,-0.009943755343556404,0.009372000582516193,-0.019315756857395172,-0.0010506965918466449,0.00047894218005239964,-0.0015296387718990445,0.0272366963326931,1.8962032794952393,2.5856852803800514,-0.07224090132642066,0.00030520206912991856,-0.0001042094943431347,9.750445521265594e-06,,
dePablo CV1,test,1,107,0.8770491803278688,128,-0.369568642123608,-0.3733590050206568,0.011785205453634262,0.014635312370955944,-0.000288590497802943,-0.04134941101074219,-0.0033467456232756376,-0.007922356016933918,-0.010044839233160019,0.009467658586800098,-0.019512496888637543,-0.0010623626876622438,0.00048518169205635786,-0.0015475443797186017,0.027494195848703384,1.9257997274398804,2.6152817283246925,-0.07389517498321274,0.0003215622562429422,-0.00012802467421073574,3.712348714032197e-06,,
dePablo CV1,test,1,108,0.8852459016393442,128,-0.3698385602107009,-0.3733590050206568,0.011903060600161552,0.014781933277845383,-0.0002920175902545452,-0.04170989990234375,-0.003375923028215766,-0.007995784282684326,-0.010146561078727245,0.009562525898218155,-0.019709087908267975,-0.0010754037648439407,0.0004913685843348503,-0.001566772349178791,0.027752738445997238,1.9553738832473755,2.6448558841321876,-0.07555434622242967,0.00034072359848945073,-0.00014823467284255299,-2.8867907019060335e-06,,
dePablo CV1,test,1,109,0.8934426229508197,128,-0.37007934897116956,-0.3733590050206568,0.012020442634820938,0.014927532523870468,-0.00029456132324412465,-0.04206085205078125,-0.003404328366741538,-0.008070146664977074,-0.010246973484754562,0.009657850489020348,-0.01990482397377491,-0.0010870143305510283,0.0004978915676474571,-0.0015849058981984854,0.028010599315166473,1.9848486185073853,2.6743306193921974,-0.07720190842095159,0.0003582172385163612,-0.00016750893453378805,-6.6937851689419105e-06,,
dePablo CV1,test,1,110,0.9016393442622951,128,-0.3703987473004228,-0.3733590050206568,0.012138834223151207,0.015074808150529861,-0.00029794202418997884,-0.042420387268066406,-0.0034334284719079733,-0.008143573999404907,-0.010349183343350887,0.009753299877047539,-0.02010248228907585,-0.0011002616956830025,0.0005043776473030448,-0.0016046393429860473,0.028268232941627502,2.0147898197174072,2.7042718206022194,-0.07886842444153769,0.0003773109301855238,-0.0001933804872589234,-4.52267802859874e-06,,
dePablo CV1,test,1,111,0.9098360655737705,128,-0.3706014948392455,-0.3733590050206568,0.01225449051707983,0.015219035558402538,-0.00030064431484788656,-0.0427703857421875,-0.003461756743490696,-0.008217080496251583,-0.010448182001709938,0.009846893139183521,-0.020295076072216034,-0.0011125587625429034,0.0005112701328471303,-0.0016238288953900337,0.02852550521492958,2.043924331665039,2.733406332549851,-0.08050046842581728,0.00039762511615221505,-0.00021043318551342325,-4.548120717838698e-06,,
dePablo CV1,test,1,112,0.9180327868852459,128,-0.37088195042115213,-0.3733590050206568,0.012372341938316822,0.015365252271294594,-0.0003035691916011274,-0.043109893798828125,-0.003489235881716013,-0.008291364647448063,-0.01054964680224657,0.009942509233951569,-0.020492155104875565,-0.0011252672411501408,0.000518128857947886,-0.0016433960990980268,0.02878381684422493,2.073777675628662,2.7632596765134743,-0.08215484055886998,0.00040569822672935325,-0.0002481933007424917,-8.764947989393746e-06,,
dePablo CV1,test,1,113,0.9262295081967213,128,-0.37109269393196415,-0.3733590050206568,0.012488516978919506,0.015510134398937225,-0.00030624232022091746,-0.04347038269042969,-0.0035184132866561413,-0.008365648798644543,-0.010648990981280804,0.010036506690084934,-0.020685497671365738,-0.0011375974863767624,0.0005251128459349275,-0.0016627103323116899,0.029041992500424385,2.1037330627441406,2.7932150636289528,-0.08379426025268126,0.0004268382258210382,-0.0002683403918132653,-5.569923718771647e-06,,
dePablo CV1,test,1,114,0.9344262295081968,128,-0.3713758992390255,-0.3733590050206568,0.012607069686055183,0.015657244250178337,-0.0003091529360972345,-0.04382038116455078,-0.0035467413254082203,-0.00844001118093729,-0.010750746354460716,0.010132440365850925,-0.020883187651634216,-0.001150361611507833,0.000532055739313364,-0.001682417350821197,0.02929917722940445,2.1337249279022217,2.823206928787034,-0.08545887334572908,0.0004477062434792966,-0.0002998866943355876,-7.739071504755879e-06,,
dePablo CV1,test,1,115,0.9426229508196722,128,-0.3716153085153158,-0.3733590050206568,0.012725197710096836,0.0158042274415493,-0.0003118940512649715,-0.044170379638671875,-0.003575069596990943,-0.008514373563230038,-0.010852714069187641,0.010228926315903664,-0.02108164131641388,-0.0011622935999184847,0.0005385054973885417,-0.0017007990973070264,0.029557352885603905,2.1638383865356445,2.8533203874204567,-0.08712199189864431,0.0004627211904459037,-0.0003287087959950543,-1.029330383656615e-05,,
dePablo CV1,test,1,116,0.9508196721311475,128,-0.3718573342111835,-0.3733590050206568,0.012842622585594654,0.015950065106153488,-0.0003147639217786491,-0.04453086853027344,-0.0036042470019310713,-0.0085869450122118,-0.01095299981534481,0.010323472321033478,-0.02127647213637829,-0.001174646895378828,0.0005451190518215299,-0.001719765947200358,0.02981489896774292,2.193936347961426,2.883418348846238,-0.08877224222803505,0.00048537998837701514,-0.0003486609700183177,-1.671699029926572e-05,,
dePablo CV1,test,1,117,0.9590163934426229,128,-0.3721695522603067,-0.3733590050206568,0.012961938977241516,0.016098380088806152,-0.00031831616070121527,-0.04488945007324219,-0.0036332698073238134,-0.008660451509058475,-0.011056635528802872,0.010420003905892372,-0.021476639434695244,-0.0011874877382069826,0.0005508554168045521,-0.0017383431550115347,0.03007296659052372,2.2248032093048096,2.9142852101896217,-0.09045052007105758,0.0005077066090114712,-0.00037220720519779175,-2.5862563178446864e-05,,
dePablo CV1,test,1,118,0.9672131147540983,128,-0.3723542907133484,-0.3733590050206568,0.013079240918159485,0.016243798658251762,-0.000321197381708771,-0.04524993896484375,-0.0036624472122639418,-0.008734735660254955,-0.011157171800732613,0.010514777153730392,-0.021671948954463005,-0.0012005907483398914,0.0005581959849223495,-0.0017587867332622409,0.030330177396535873,2.2548623085021973,2.9443443093870094,-0.09209581336390982,0.0005187992748099509,-0.00040486621059904096,-2.1102827818117927e-05,,
dePablo CV1,test,1,119,0.9754098360655737,128,-0.3726320727993768,-0.3733590050206568,0.013197406195104122,0.016390737146139145,-0.0003236609627492726,-0.045599937438964844,-0.0036907754838466644,-0.008808241225779057,-0.011258391663432121,0.01061106938868761,-0.021869461983442307,-0.001212933799251914,0.0005656118737533689,-0.0017785456730052829,0.03058774024248123,2.2852401733398438,2.974722174224656,-0.093758433807426,0.0005386428226858278,-0.00043503547001159487,-2.5018927993102464e-05,,
dePablo CV1,test,1,120,0.9836065573770492,128,-0.3728724291394914,-0.3733590050206568,0.013315549120306969,0.01653752289712429,-0.00032658939016982913,-0.04595947265625,-0.0037198755890130997,-0.00888330489397049,-0.011360331438481808,0.010707153007388115,-0.022067483514547348,-0.0012261616066098213,0.0005729828262701631,-0.0017991444328799844,0.03084595873951912,2.3157901763916016,3.0052721772764137,-0.09541926504415918,0.0005573704162042721,-0.00047342854092703826,-2.969695738593741e-05,,
dePablo CV1,test,1,121,0.9918032786885246,128,-0.3730799531658738,-0.3733590050206568,0.013433270156383514,0.01668356917798519,-0.00032930803718045354,-0.0463104248046875,-0.0037482809275388718,-0.00895758904516697,-0.011461181566119194,0.010802566073834896,-0.022263746708631516,-0.0012381363194435835,0.0005795203614979982,-0.0018176566809415817,0.031102990731596947,2.346351146697998,3.03583314758281,-0.09707175030398547,0.0005725826350047491,-0.0004977841292957742,-3.0446321803979876e-05,,
dePablo CV1,test,1,122,1.0,128,-0.3733590050206568,-0.3733590050206568,0.013552561402320862,0.016831938177347183,-0.00033250998239964247,-0.04665946960449219,-0.003776532132178545,-0.009031951427459717,-0.011564272455871105,0.010899252258241177,-0.022463524714112282,-0.0012513003312051296,0.0005862803664058447,-0.0018375806976109743,0.031360890716314316,2.377302646636963,3.066784647521775,-0.09875045826712048,0.0005896215979977159,-0.0005350700892953833,-3.551246161544599e-05,,
dePablo CV1,test,2,0,0.0,212,,-0.0696914335517825,0.0,0.0,0.0,0.0,0.0,0.0,0.0,0.0,0.0,0.0,0.0,0.0,0.0,-1.9840949773788452,-1.2946129764940333,-0.011061454037375712,-0.04256012285829269,-0.0014071064223628844,-0.001954026182535209,,
dePablo CV1,test,2,1,0.006329113924050633,212,0.2073170731707317,-0.0696914335517825,5.3198920795693994e-05,6.1844963056501e-05,1.262820660485886e-06,0.00019073486328125,1.194906872115098e-05,-6.305511487880722e-05,5.4153631936060265e-05,-5.162799061508849e-05,0.00010578162618912756,-2.4734169983275933e-06,4.999058546673041e-06,-7.47247577237431e-06,0.0002482886193320155,-1.964173436164856,-1.274691435280044,-0.010790988325226422,-0.042695694016493715,-0.000917796688145895,-0.0018531279802941434,,
dePablo CV1,test,2,2,0.012658227848101266,212,0.16304923239809424,-0.0696914335517825,8.480522956233472e-05,9.953067637979984e-05,2.3661041268496774e-06,0.000270843505859375,1.696767685643863e-05,-0.00012683223758358508,8.587117190472782e-05,-8.113896910799667e-05,0.0001670101482886821,-3.6765452477993676e-06,8.408753274125047e-06,-1.208529829455074e-05,0.0004947059787809849,-1.9454189538955688,-1.255936953010757,-0.01070073509420336,-0.04265781538208436,-0.0005639569706429766,-0.0017571023003612905,,
dePablo CV1,test,2,3,0.0189873417721519,212,0.12414036325163111,-0.0696914335517825,9.944576595444232e-05,0.0001201418272103183,2.4480955289618578e-06,0.0002593994140625,1.625073309696745e-05,-0.00018988735973834991,9.746905561769381e-05,-9.25728672882542e-05,0.00019004193018190563,-4.741064458357869e-06,9.637255971028935e-06,-1.4378319974639453e-05,0.0007404759526252747,-1.9270577430725098,-1.2375757421876978,-0.01077104691873157,-0.04248453034710214,-0.0003060238815907558,-0.0016551447952554866,,
dePablo CV1,test,2,4,0.02531645569620253,212,0.09555320275277925,-0.0696914335517825,0.00011080440162913874,0.00013659143587574363,2.7918943033000687e-06,0.00019931793212890625,1.2486776540754363e-05,-0.00025234080385416746,0.00010044535156339407,-9.486156341154128e-05,0.00019530691497493535,-4.56994712294545e-06,1.0153735274798237e-05,-1.4723682397743687e-05,0.00098404660820961,-1.9087278842926025,-1.2192458834077906,-0.010932653163265282,-0.04221296197205638,-9.789958143294464e-05,-0.0015594720009531242,,
dePablo CV1,test,2,5,0.03164556962025317,212,0.07415635248069397,-0.0696914335517825,0.00012395875819493085,0.0001548919826745987,2.5183314846799476e-06,0.00010967254638671875,6.870714514661813e-06,-0.00031539591145701706,9.735969069879502e-05,-9.232302545569837e-05,0.0001896827161544934,-4.707290827354882e-06,9.743953341967426e-06,-1.4451244169322308e-05,0.0012266902485862374,-1.8908624649047852,-1.2013804640199732,-0.011161078402042156,-0.04187480600992298,0.00010018107387303972,-0.0014557615912975375,,
dePablo CV1,test,2,6,0.0379746835443038,212,0.05707480592801694,-0.0696914335517825,0.00014057746739126742,0.00017660575394984335,2.1226246644800995e-06,-1.049041748046875e-05,-6.571987682946201e-07,-0.0003791730268858373,9.10865783225745e-05,-8.68413335410878e-05,0.0001779279118636623,-4.4748117034032475e-06,8.720061487110797e-06,-1.3194872735766694e-05,0.0014669832307845354,-1.873049259185791,-1.183567258300979,-0.011427096806619448,-0.0414900492474861,0.00027618845257461534,-0.0013512265409867464,,
dePablo CV1,test,2,7,0.04430379746835443,212,0.04467795585122467,-0.0696914335517825,0.00016110794967971742,0.00020257444703020155,2.2089916456025094e-06,-0.0001201629638671875,-7.527913112426177e-06,-0.00044282982707954943,8.321511268150061e-05,-7.87971293902956e-05,0.0001620122347958386,-3.6777753393835155e-06,8.09575885796221e-06,-1.17735344247194e-05,0.0017060840036720037,-1.8553894758224487,-1.1659074749376368,-0.01171814637622254,-0.041063012432524894,0.0004342363116257887,-0.0012552959974996894,,
dePablo CV1,test,2,8,0.05063291139240506,212,0.03425019836022216,-0.0696914335517825,0.0001850739645306021,0.0002324603556189686,2.1906112124270294e-06,-0.0002498626708984375,-1.5653280570404604e-05,-0.0005059451214037836,7.323751924559474e-05,-6.885630136821419e-05,0.00014209382061380893,-3.308901341370074e-06,7.690124220971484e-06,-1.0999025107594207e-05,0.0019450344843789935,-1.837909460067749,-1.148427459182937,-0.012031298183169073,-0.04061299969016371,0.0005851242118681294,-0.0011604025473495078,,
dePablo CV1,test,2,9,0.056962025316455694,212,0.02522045855379189,-0.0696914335517825,0.00021093172836117446,0.0002654396230354905,1.8401880197416176e-06,-0.0003910064697265625,-2.449559178785421e-05,-0.0005696620792150497,6.164245132822543e-05,-5.796207187813707e-05,0.0001196045195683837,-2.3493225853599142e-06,6.029698852216825e-06,-8.37902189232409e-06,0.002182567259296775,-1.8201626539230347,-1.1306806530382227,-0.01236634085179673,-0.04014193621801361,0.000727268361207812,-0.0010735894184582553,,
dePablo CV1,test,2,10,0.06329113924050633,212,0.017931764083575774,-0.0696914335517825,0.00023807998513802886,0.00030085272737778723,1.5174056215983e-06,-0.000530242919921875,-3.321840995340608e-05,-0.0006327171577140689,4.848978278459981e-05,-4.545497358776629e-05,9.39447563723661e-05,-1.8729424482444301e-06,4.907753464067355e-06,-6.780695912311785e-06,0.0024196773301810026,-1.8026050329208374,-1.1131230320360255,-0.012718551658771714,-0.03965494607439941,0.0008507975917235243,-0.0009876739920638663,,
dePablo CV1,test,2,11,0.06962025316455696,212,0.011592111592111593,-0.0696914335517825,0.00026695907581597567,0.0003385109012015164,1.1949044846915058e-06,-0.0006694793701171875,-4.194123175693676e-05,-0.0006964943022467196,3.510460373945534e-05,-3.271479727118276e-05,6.781940464861691e-05,-1.061356329046248e-06,3.451165184742422e-06,-4.5125216274755076e-06,0.002655810909345746,-1.7850651741027832,-1.0955831732179713,-0.013070732489788243,-0.039150817497442356,0.0009695649183539415,-0.0009029965574660055,,
dePablo CV1,test,2,12,0.0759493670886076,212,0.006173656127353706,-0.0696914335517825,0.0002979838754981756,0.00037812182563357055,9.630226713852608e-07,-0.000820159912109375,-5.1380997319938615e-05,-0.0007601510733366013,2.103453516610898e-05,-1.9108489141217433e-05,4.014302248833701e-05,-1.5597017011259595e-07,2.0820154986722628e-06,-2.237985654574004e-06,0.0028918131720274687,-1.7678545713424683,-1.0783725704576563,-0.013445069924074763,-0.0386398776312672,0.001077589703001558,-0.0008220670430705701,,
dePablo CV1,test,2,13,0.08227848101265822,212,0.0018730404332423958,-0.0696914335517825,0.00032937785726971924,0.0004185540019534528,3.9363314385809645e-07,-0.0009698867797851562,-6.0761016356991604e-05,-0.0008226647041738033,6.938036676729098e-06,-6.150770786916837e-06,1.3088807463645935e-05,2.444282358737837e-07,5.428380518424092e-07,-2.984098159686255e-07,0.0031269609462469816,-1.7501107454299927,-1.0606287445451807,-0.013815853528384811,-0.03812443229045996,0.0011837093759423378,-0.0007506905919355842,,
dePablo CV1,test,2,14,0.08860759493670886,212,-0.0025336560278324005,-0.0696914335517825,0.0003623226366471499,0.00046065120841376483,3.5776844242718653e-07,-0.0011205673217773438,-7.020078191999346e-05,-0.000885779969394207,-8.208290637412574e-06,8.92382740858011e-06,-1.7132118955487385e-05,1.5294074273697333e-06,-8.138704856719414e-07,2.343277856198256e-06,0.0033618751913309097,-1.732646107673645,-1.043164106788833,-0.0142117737607598,-0.03759816754106538,0.0012722883077808454,-0.0006725775136582642,,
dePablo CV1,test,2,15,0.0949367088607595,212,-0.006213372872978889,-0.0696914335517825,0.0003956893633585423,0.0005033667548559606,-3.7983903666827246e-07,-0.0012607574462890625,-7.898334297351539e-05,-0.0009494367986917496,-2.4315882910741493e-05,2.3556205633212812e-05,-4.787209036294371e-05,1.742030121931748e-06,-2.501708195268293e-06,4.243738203513203e-06,0.0035965037532150745,-1.71522057056427,-1.025738569679458,-0.01460107679359525,-0.037062407462356894,0.0013598058943154767,-0.0006125575348057931,,
dePablo CV1,test,2,16,0.10126582278481013,212,-0.009332803812549643,-0.0696914335517825,0.00042996619595214725,0.0005472816992551088,-4.760639740197803e-07,-0.0014209747314453125,-8.90205628820695e-05,-0.0010125520639121532,-3.9448153984267265e-05,3.849602580885403e-05,-7.794417615514249e-05,3.0347760002769064e-06,-3.9869041756901424e-06,7.021680175967049e-06,0.0038317053113132715,-1.6977356672286987,-1.0082536663438868,-0.015003809588634509,-0.03652527614714762,0.00144263504010606,-0.0005419282945856201,,
dePablo CV1,test,2,17,0.10759493670886076,212,-0.012399912764432813,-0.0696914335517825,0.0004639112448785454,0.0005912306951358914,-7.470788432328845e-07,-0.00157928466796875,-9.893828973872587e-05,-0.0010762689635157585,-5.4920619732001796e-05,5.342646181816235e-05,-0.00010834708518814296,3.843058493657736e-06,-5.337216407497181e-06,9.180274901154917e-06,0.004065916873514652,-1.6804360151290894,-0.9909540142442774,-0.01540178519101776,-0.035987762633301626,0.001517786254467768,-0.00047952245425280423,,
dePablo CV1,test,2,18,0.11392405063291139,212,-0.015062367615909626,-0.0696914335517825,0.0004986770800314844,0.000636391865555197,-1.1028791959688533e-06,-0.0017299652099609375,-0.00010837805166374892,-0.0011393241584300995,-7.045269012451172e-05,6.824693264206871e-05,-0.00013869963004253805,4.841155259782681e-06,-7.046913651720388e-06,1.1888068911503069e-05,0.004300334956496954,-1.6629738807678223,-0.9734918798830103,-0.01580809414144961,-0.03543795723592019,0.0015904625901845982,-0.0004227813720718956,,
dePablo CV1,test,2,19,0.12025316455696203,212,-0.01736682184372648,-0.0696914335517825,0.0005334661109372973,0.0006817147368565202,-1.5231165662044077e-06,-0.001880645751953125,-0.00011781782086472958,-0.0012024996103718877,-8.656056161271408e-05,8.351432916242629e-05,-0.000170074898051098,5.816794782731449e-06,-8.86302768776659e-06,1.467982292524539e-05,0.004534665495157242,-1.6455247402191162,-0.9560427393343043,-0.016213706391780536,-0.03488592464352715,0.0016526223245603763,-0.0003659467315712041,,
dePablo CV1,test,2,20,0.12658227848101267,212,-0.01972935038796642,-0.0696914335517825,0.0005681478069163859,0.0007270207861438394,-1.666786261012021e-06,-0.0020303726196289062,-0.00012719783990178257,-0.0012655546888709068,-0.000102735917607788,9.940234303940088e-05,-0.00020213826792314649,6.794437467760872e-06,-1.012801021715859e-05,1.692244768491946e-05,0.004769084509462118,-1.627949595451355,-0.938467594566543,-0.016624050011401662,-0.034337287564476564,0.001706433996160601,-0.00031480008971412004,,
dePablo CV1,test,2,21,0.13291139240506328,212,-0.02184386429562366,-0.0696914335517825,0.00060492247575894,0.0007742352900095284,-2.1652547275152756e-06,-0.0022001266479492188,-0.00013783251051791012,-0.001329271704889834,-0.00011973757500527427,0.00011540707055246457,-0.00023514464555773884,7.834672032913659e-06,-1.2165181033196859e-05,1.999985397560522e-05,0.00500308396294713,-1.6106241941452026,-0.9211421932603907,-0.017046787379377426,-0.03376802736509157,0.0017610965894588172,-0.00025938993209581465,,
dePablo CV1,test,2,22,0.13924050632911392,212,-0.023834745762711863,-0.0696914335517825,0.0006410398054867983,0.0008211115491576493,-2.553897274992778e-06,-0.0023508071899414062,-0.00014727227971889079,-0.0013917251490056515,-0.0001368472003377974,0.0001317394053330645,-0.00026858662022277713,8.572385013394523e-06,-1.368018001812743e-05,2.2252565031521954e-05,0.0052372487261891365,-1.5931990146636963,-0.9037170137788844,-0.017473229090776712,-0.033205187262855054,0.0018052040850661472,-0.00022075353319774138,,
dePablo CV1,test,2,23,0.14556962025316456,212,-0.025519957620286984,-0.0696914335517825,0.0006781884003430605,0.0008686401997692883,-2.9387795166258e-06,-0.00251007080078125,-0.0001572497421875596,-0.0014554420486092567,-0.00015374315262306482,0.00014786559040658176,-0.0003016087575815618,9.88175452221185e-06,-1.57593131007161e-05,2.564106762292795e-05,0.005471129901707172,-1.5755969285964966,-0.8861149277116847,-0.01789601946974439,-0.032634042687556056,0.0018510705213152935,-0.000170891163866759,,
dePablo CV1,test,2,24,0.1518987341772152,212,-0.027126649891846554,-0.0696914335517825,0.0007156803039833903,0.0009164676885120571,-3.2168234156415565e-06,-0.0026607513427734375,-0.00016668951138854027,-0.0015191590646281838,-0.00017038887017406523,0.00016395522106904536,-0.0003343441057950258,1.1479517525003757e-05,-1.791316390153952e-05,2.939268233603798e-05,0.005705265328288078,-1.5583271980285645,-0.8688451971437525,-0.01832416252114412,-0.032062761908296974,0.0018978157157717825,-0.00013340221166273359,,
dePablo CV1,test,2,25,0.15822784810126583,212,-0.028667683702008645,-0.0696914335517825,0.0007531493902206421,0.0009640116477385163,-3.727100192918442e-06,-0.0028095245361328125,-0.00017600978026166558,-0.0015822743298485875,-0.00018754994380287826,0.0001800957543309778,-0.00036764569813385606,1.243477345269639e-05,-1.9888973838533275e-05,3.2323747291229665e-05,0.0059396252036094666,-1.5407435894012451,-0.8512615885164332,-0.018747671274189356,-0.03149266335098506,0.0019323813574757002,-9.270639466399265e-05,,
dePablo CV1,test,2,26,0.16455696202531644,212,-0.030017117704597328,-0.0696914335517825,0.0007908539846539497,0.0010121435625478625,-3.7271881865308387e-06,-0.0029697418212890625,-0.0001860470074461773,-0.001644727773964405,-0.00020423447131179273,0.0001967800926649943,-0.00040101457852870226,1.4098536667006556e-05,-2.1552912585320882e-05,3.565145016182214e-05,0.006172694731503725,-1.5233460664749146,-0.8338640655901026,-0.019177871922102234,-0.03091986663963074,0.001969826459633429,-5.092160618523156e-05,,
dePablo CV1,test,2,27,0.17088607594936708,212,-0.03125919821039619,-0.0696914335517825,0.0008294274448417127,0.001060588052496314,-4.3731570258387364e-06,-0.00312042236328125,-0.00019548676209524274,-0.0017084446735680103,-0.00022113941668067127,0.0002123931044479832,-0.0004335325211286545,1.527456879557576e-05,-2.4020882847253233e-05,3.92954534618184e-05,0.00640665041282773,-1.5058079957962036,-0.8163259949113917,-0.019608427309030164,-0.030343148343174264,0.0020078419686306768,-1.6664563962728617e-05,,
dePablo CV1,test,2,28,0.17721518987341772,212,-0.032512632236331634,-0.0696914335517825,0.0008683261112309992,0.0011089462786912918,-4.847287982556736e-06,-0.0032806396484375,-0.00020552398927975446,-0.001771559938788414,-0.00023816779139451683,0.00022847321815788746,-0.0004666410095524043,1.6546227925573476e-05,-2.624080480018165e-05,4.2787032725755125e-05,0.006640249397605658,-1.488397479057312,-0.7989154781725001,-0.02003637847487774,-0.029765628506186977,0.002037075637152015,1.6589279518531042e-05,,
dePablo CV1,test,2,29,0.18354430379746836,212,-0.03368836436048742,-0.0696914335517825,0.0009070266387425363,0.0011578926350921392,-5.475104899232974e-06,-0.0034313201904296875,-0.0002149637439288199,-0.0018352167680859566,-0.0002555993269197643,0.00024464912712574005,-0.0005002484540455043,1.737654565658886e-05,-2.832675636454951e-05,4.570330202113837e-05,0.006874187849462032,-1.4709361791610718,-0.7814541782762598,-0.020472123524926892,-0.029183270390566958,0.00206584460899283,4.331695541525742e-05,,
dePablo CV1,test,2,30,0.189873417721519,212,-0.03466911569912223,-0.0696914335517825,0.0009459959110245109,0.0012069508666172624,-5.385732947615907e-06,-0.00360107421875,-0.00022559841454494745,-0.0018976702122017741,-0.00027184048667550087,0.00026106901350431144,-0.0005329095292836428,1.907063960970845e-05,-2.9842105504940264e-05,4.8912745114648715e-05,0.007107853889465332,-1.4535455703735352,-0.7640635694887232,-0.020921210776391953,-0.028613507701327024,0.0021026475245428168,7.959028795553332e-05,,
dePablo CV1,test,2,31,0.1962025316455696,212,-0.03567460385292559,-0.0696914335517825,0.000985106686130166,0.0012561364565044641,-5.968758614471881e-06,-0.0037403106689453125,-0.00023432123998645693,-0.0019608456641435623,-0.0002894556091632694,0.00027751809102483094,-0.0005669737001881003,2.023978413490113e-05,-3.217730045435019e-05,5.2417082770261914e-05,0.0073419311083853245,-1.4358892440795898,-0.7464072431947779,-0.02135086029936909,-0.028022486121379763,0.0021201687694775992,0.00010338065986940673,,
dePablo CV1,test,2,32,0.20253164556962025,212,-0.03670894459714541,-0.0696914335517825,0.0010245657758787274,0.001305721583776176,-6.152650712465402e-06,-0.0039005279541015625,-0.00024435846717096865,-0.0020239008590579033,-0.00030654529109597206,0.00029423998785205185,-0.0006007852498441935,2.1350939277908765e-05,-3.365624070283957e-05,5.500717816175893e-05,0.007576029282063246,-1.418386697769165,-0.7289046968843531,-0.021791875071826956,-0.02743497057935142,0.0021432157306023893,0.0001283921385199852,,
dePablo CV1,test,2,33,0.2088607594936709,212,-0.03762284025949001,-0.0696914335517825,0.001063623814843595,0.0013550098519772291,-6.983829734963365e-06,-0.004050254821777344,-0.00025373848620802164,-0.0020876177586615086,-0.0003247277927584946,0.0003107601369265467,-0.0006354879587888718,2.307971953996457e-05,-3.70473790098913e-05,6.012709854985587e-05,0.0078098769299685955,-1.4006767272949219,-0.71119472641011,-0.022239060672338853,-0.026855187190993758,0.00215254704906314,0.00014725844803206023,,
dePablo CV1,test,2,34,0.21518987341772153,212,-0.03852447519753144,-0.0696914335517825,0.0011038127122446895,0.0014051521429792047,-6.950196620891802e-06,-0.0042095184326171875,-0.00026371594867669046,-0.0021507330238819122,-0.0003421818255446851,0.0003282814286649227,-0.0006704632542096078,2.4848952307365835e-05,-3.874934554914944e-05,6.359830149449408e-05,0.008043661713600159,-1.38333261013031,-0.6938506092454981,-0.022682322828134097,-0.026260387799307915,0.0021669032844593692,0.00017492546425508027,,
dePablo CV1,test,2,35,0.22151898734177214,212,-0.03939320535335796,-0.0696914335517825,0.0011437376961112022,0.0014553061919286847,-7.524875400122255e-06,-0.0043697357177734375,-0.00027375316130928695,-0.002213788218796253,-0.0003604000376071781,0.0003453503013588488,-0.0007057503098621964,2.601904452603776e-05,-4.106879350729287e-05,6.708783621434122e-05,0.008277902379631996,-1.3656007051467896,-0.6761187042619776,-0.023131767419457574,-0.025668702760794762,0.0021767312020985227,0.00019652685661422328,,
dePablo CV1,test,2,36,0.22784810126582278,212,-0.04022667059169856,-0.0696914335517825,0.0011841629166156054,0.0015058707213029265,-8.0879563029157e-06,-0.0045299530029296875,-0.00028379037394188344,-0.0022768431808799505,-0.00037850861554034054,0.00036233270657248795,-0.0007408413221128285,2.7298645363771357e-05,-4.347455978859216e-05,7.077320333337411e-05,0.008511797524988651,-1.3480490446090698,-0.6585670437242579,-0.023574937084807013,-0.025065778261034673,0.0021841202271494684,0.00021494049836101497,,
dePablo CV1,test,2,37,0.23417721518987342,212,-0.04097268964727111,-0.0696914335517825,0.0012239415664225817,0.0015559947350993752,-8.369286661036313e-06,-0.004680633544921875,-0.0002932301431428641,-0.0023400187492370605,-0.0003964361094404012,0.00037969753611832857,-0.0007761336164548993,2.879923522414174e-05,-4.553780672722496e-05,7.43370401323773e-05,0.008745433762669563,-1.3304604291915894,-0.6409784283067774,-0.024023882468407847,-0.024475631712671708,0.002189729629901542,0.00023377724421320246,,
dePablo CV1,test,2,38,0.24050632911392406,212,-0.041765444150048806,-0.0696914335517825,0.001264258986338973,0.0016067404067143798,-8.786360922385938e-06,-0.004840850830078125,-0.0003032673557754606,-0.002403073711320758,-0.0004145311831962317,0.00039695846498943865,-0.0008114896481856704,3.070668753935024e-05,-4.827940938412212e-05,7.898609328549355e-05,0.008979473263025284,-1.3128482103347778,-0.6233662094499659,-0.024472893926735646,-0.02387417775138278,0.0021918300465961736,0.00024831106968438,,
dePablo CV1,test,2,39,0.2468354430379747,212,-0.04253121900180724,-0.0696914335517825,0.0013046354288235307,0.0016572618624195457,-9.113096893997863e-06,-0.004990577697753906,-0.0003126473748125136,-0.002466128906235099,-0.00043248062138445675,0.00041425443487241864,-0.0008467350853607059,3.189892231603153e-05,-5.0125116104027256e-05,8.202403842005879e-05,0.009213438257575035,-1.2951760292053223,-0.6056940283205103,-0.024919860213064537,-0.023276527716363092,0.0021949952154165686,0.00026482685752976314,,
dePablo CV1,test,2,40,0.25316455696202533,212,-0.04316146468125696,-0.0696914335517825,0.0013445884687826037,0.0017073615454137325,-9.496046004642267e-06,-0.00514984130859375,-0.00032262486638501287,-0.0025292441714555025,-0.00045037493691779673,0.0004313828540034592,-0.0008817578200250864,3.3261148928431794e-05,-5.225324275670573e-05,8.551438804715872e-05,0.00944758765399456,-1.2771965265274048,-0.5877145256425929,-0.02536286383859932,-0.022684410760808748,0.002198389399144858,0.00027866858453383907,,
dePablo CV1,test,2,41,0.25949367088607594,212,-0.04377439449944426,-0.0696914335517825,0.0013848697999492288,0.001758003723807633,-1.0216995178780053e-05,-0.0053005218505859375,-0.00033206463558599353,-0.0025929610710591078,-0.00046871884842403233,0.0004482848453335464,-0.0009170037228614092,3.4212222089990973e-05,-5.464621426654048e-05,8.885843271855265e-05,0.009681599214673042,-1.2597132921218872,-0.5702312912370753,-0.025812147125262568,-0.022086611181455218,0.0021977657509238196,0.0002917449453655211,,
dePablo CV1,test,2,42,0.26582278481012656,212,-0.044412480916512106,-0.0696914335517825,0.001425510155968368,0.0018091456731781363,-1.0242474672850221e-05,-0.0054607391357421875,-0.00034210184821859,-0.0026560162659734488,-0.00048677960876375437,0.0004662946448661387,-0.0009530742536298931,3.665994881885126e-05,-5.7144898164551705e-05,9.380484698340297e-05,0.009915799833834171,-1.2419928312301636,-0.5525108303453516,-0.026269887476177818,-0.02148614461223301,0.0021919094835171275,0.0003053774295431594,,
dePablo CV1,test,2,43,0.2721518987341772,212,-0.045077573352721535,-0.0696914335517825,0.0014668152434751391,0.001860533724538982,-1.0468944310559891e-05,-0.005620002746582031,-0.00035207931068725884,-0.0027191918343305588,-0.0005053821369074285,0.00048444425920024514,-0.0009898263961076736,3.796408054768108e-05,-5.890196916880086e-05,9.686604607850313e-05,0.010149518959224224,-1.2242344617843628,-0.5347524608995509,-0.02672533969583516,-0.020879914731221746,0.0021871533561008856,0.00031737866621120425,,
dePablo CV1,test,2,44,0.27848101265822783,212,-0.04564505250987571,-0.0696914335517825,0.0015067694475874305,0.0019111782312393188,-1.1197977073607035e-05,-0.005780220031738281,-0.00036211652331985533,-0.002782246796414256,-0.0005240311147645116,0.0005016351351514459,-0.0010256662499159575,3.90646600862965e-05,-6.146061059553176e-05,0.00010052527068182826,0.010383997112512589,-1.2062755823135376,-0.5167935814287257,-0.027182444539386924,-0.020289053327807897,0.0021834215854950934,0.000325451166035038,,
dePablo CV1,test,2,45,0.2848101265822785,212,-0.046195876167261334,-0.0696914335517825,0.0015474067768082023,0.0019623013213276863,-1.1614049071795307e-05,-0.0059413909912109375,-0.0003722134861163795,-0.002845301991328597,-0.0005424829432740808,0.000519254885148257,-0.0010617377702146769,4.085096952621825e-05,-6.407906766980886e-05,0.00010493003355804831,0.010617738589644432,-1.188636064529419,-0.499154063644607,-0.027633513158493717,-0.01968529902981316,0.002179942940064205,0.0003272785693678522,,
dePablo CV1,test,2,46,0.2911392405063291,212,-0.04675405455215628,-0.0696914335517825,0.0015881061553955078,0.0020133068319410086,-1.2192699614388403e-05,-0.006099700927734375,-0.0003821312275249511,-0.0029084172565490007,-0.0005604008911177516,0.0005360154900699854,-0.001096416381187737,4.180302858003415e-05,-6.618842598982155e-05,0.0001079914509318769,0.010852118954062462,-1.1708917617797852,-0.4814097608949732,-0.028078801825032917,-0.01908068305228866,0.002171790939690625,0.00034233383720835473,,
dePablo CV1,test,2,47,0.2974683544303797,212,-0.04723894563575278,-0.0696914335517825,0.0016290328931063414,0.002064873231574893,-1.2560325558297336e-05,-0.0062503814697265625,-0.00039157099672593176,-0.0029715325217694044,-0.0005785800167359412,0.000553459394723177,-0.0011320393532514572,4.35210567957256e-05,-6.864170427434146e-05,0.00011216275743208826,0.011086362414062023,-1.153135895729065,-0.463653894844253,-0.028535016928520597,-0.0184743587295881,0.0021675097407495778,0.00035223864468115183,,
dePablo CV1,test,2,48,0.3037974683544304,212,-0.04773417232433626,-0.0696914335517825,0.0016698666149750352,0.0021159881725907326,-1.2752811016980559e-05,-0.0064105987548828125,-0.00040160820935852826,-0.0030345877166837454,-0.0005973079823888838,0.0005718023749068379,-0.0011691104155033827,4.529724537860602e-05,-7.080286741256714e-05,0.00011610011279117316,0.011320337653160095,-1.1352729797363281,-0.4457909788515162,-0.02899197724445259,-0.017874843889644203,0.0021495751688132073,0.00035662343122045266,,
dePablo CV1,test,2,49,0.310126582278481,212,-0.04821023034497675,-0.0696914335517825,0.0017110796179622412,0.002167932689189911,-1.2998714737477712e-05,-0.006561279296875,-0.0004110479785595089,-0.0030983646865934134,-0.0006152666755951941,0.0005892692133784294,-0.0012045358307659626,4.732724846689962e-05,-7.332467794185504e-05,0.00012065192277077585,0.011554546654224396,-1.1175284385681152,-0.4280464376833033,-0.029446322661352248,-0.017261700859340444,0.002145702124892848,0.00036897039359791656,,
dePablo CV1,test,2,50,0.31645569620253167,212,-0.048687431775067035,-0.0696914335517825,0.001752779120579362,0.0022194026969373226,-1.3305032553034835e-05,-0.006720542907714844,-0.00042102544102817774,-0.0031614198815077543,-0.0006337264203466475,0.0006071163224987686,-0.001240842742845416,4.9311984184896573e-05,-7.592204929096624e-05,0.000125234029837884,0.011788769625127316,-1.0996098518371582,-0.4101278509523463,-0.02990449753465272,-0.016657747518431822,0.0021291998492004712,0.0003713470984190097,,
dePablo CV1,test,2,51,0.3227848101265823,212,-0.049165679612659226,-0.0696914335517825,0.0017937961965799332,0.002271144650876522,-1.4049089259060565e-05,-0.0068798065185546875,-0.00043100290349684656,-0.0032244750764220953,-0.000652529182843864,0.0006244310061447322,-0.0012769601307809353,5.045392754254863e-05,-7.855210424168035e-05,0.00012900603178422898,0.012022789567708969,-1.0817803144454956,-0.3922983135606837,-0.030363199136794878,-0.016049535398426372,0.0021103976834698137,0.000375125165072824,,
dePablo CV1,test,2,52,0.3291139240506329,212,-0.04952311078503301,-0.0696914335517825,0.0018350195605307817,0.002322645392268896,-1.435298145224806e-05,-0.007030487060546875,-0.0004404426726978272,-0.003286928404122591,-0.0006708618020638824,0.0006421558209694922,-0.0013130176812410355,5.225183485890739e-05,-8.09577977634035e-05,0.00013320962898433208,0.012257451191544533,-1.0637768507003784,-0.3742948498155665,-0.030818468792743275,-0.015445194169170251,0.0021043068692804035,0.00037736830428170703,,
dePablo CV1,test,2,53,0.33544303797468356,212,-0.049938014876429654,-0.0696914335517825,0.001876373658888042,0.002374510746449232,-1.4748371540918015e-05,-0.007180213928222656,-0.0004498226917348802,-0.0033507056068629026,-0.0006892737583257258,0.0006597770261578262,-0.001349050784483552,5.3794421546626836e-05,-8.329116826644167e-05,0.0001370855898130685,0.012491853907704353,-1.0460461378097534,-0.3565641369249415,-0.03127877540920155,-0.014836804897196626,0.0020856961246349484,0.0003791873721626862,,
dePablo CV1,test,2,54,0.34177215189873417,212,-0.050357665021440276,-0.0696914335517825,0.0019176482455804944,0.002426594728603959,-1.5130302017496433e-05,-0.0073394775390625,-0.00045980015420354903,-0.0034137608017772436,-0.0007074970053508878,0.0006772364140488207,-0.0013847334776073694,5.563693048316054e-05,-8.5897532699164e-05,0.00014153445954434574,0.012726208195090294,-1.0282518863677979,-0.3387698854829859,-0.03174100908392933,-0.014227706608316567,0.00207493316721827,0.00038793233063136133,,
dePablo CV1,test,2,55,0.34810126582278483,212,-0.05074181117533719,-0.0696914335517825,0.0019592614844441414,0.0024786479771137238,-1.570686072227545e-05,-0.007511138916015625,-0.00047055433969944715,-0.0034768760669976473,-0.0007265319582074881,0.0006951182149350643,-0.0014216501731425524,5.7526249293005094e-05,-8.893996709957719e-05,0.0001464662200305611,0.012960486114025116,-1.0101420879364014,-0.32066008705158944,-0.03220630114686677,-0.013619993298619964,0.0020544010305897434,0.0003876612715587969,,
dePablo CV1,test,2,56,0.35443037974683544,212,-0.05112362208449638,-0.0696914335517825,0.0020008496940135956,0.002530385972931981,-1.555688322696369e-05,-0.007659912109375,-0.00047987460857257247,-0.0035399310290813446,-0.0007446844247169793,0.0007135706255212426,-0.0014582551084458828,5.970164420432411e-05,-9.08154106582515e-05,0.0001505170512245968,0.013194571249186993,-0.9923140406608582,-0.3028320397760462,-0.032655419337751374,-0.013007162085863493,0.0020361016169770105,0.0003926968482852216,,
dePablo CV1,test,2,57,0.36075949367088606,212,-0.05153901216893343,-0.0696914335517825,0.0020430174190551043,0.0025832168757915497,-1.6497922842972912e-05,-0.00782012939453125,-0.000489911821205169,-0.0036030462943017483,-0.0007643370772711933,0.0007313412497751415,-0.0014956783270463347,6.108341040089726e-05,-9.407925244886428e-05,0.00015516266284976155,0.0134285818785429,-0.9743209481239319,-0.28483894723911996,-0.03312423923431126,-0.012389010675619053,0.00202197992730379,0.00039040554470278925,,
dePablo CV1,test,2,58,0.3670886075949367,212,-0.05190118584297174,-0.0696914335517825,0.0020844244863837957,0.0026355425361543894,-1.6931109712459147e-05,-0.007970809936523438,-0.0004993515904061496,-0.0036661014892160892,-0.0007829826208762825,0.0007491204305551946,-0.001532103051431477,6.246802513487637e-05,-9.633024455979466e-05,0.00015879826969467103,0.013663159683346748,-0.9564228653907776,-0.26694086450596566,-0.03358352721906624,-0.011773062828325732,0.0020018164639336433,0.00039140989347986475,,
dePablo CV1,test,2,59,0.37341772151898733,212,-0.052261929353439374,-0.0696914335517825,0.0021261980291455984,0.0026878921780735254,-1.7018286598613486e-05,-0.008130073547363281,-0.0005093290819786489,-0.0037298183888196945,-0.0008014561608433723,0.0007674195803701878,-0.00156887574121356,6.452076195273548e-05,-9.855733514996246e-05,0.00016307810437865555,0.013896778225898743,-0.9383499622344971,-0.24886796134968514,-0.03404684020708296,-0.011160080258946312,0.001980883946416763,0.0003940343086408558,,
dePablo CV1,test,2,60,0.379746835443038,212,-0.05253490405249075,-0.0696914335517825,0.0021679142955690622,0.0027397649828344584,-1.760821760399267e-05,-0.008290290832519531,-0.0005193662946112454,-0.0037923320196568966,-0.0008199740550480783,0.0007847576634958386,-0.001604731660336256,6.637799378950149e-05,-0.00010159442899748683,0.00016797242278698832,0.014131163246929646,-0.9202539324760437,-0.23077193159123177,-0.034502463780320375,-0.010550204894573584,0.0019586358519359847,0.000395233725228759,,
dePablo CV1,test,2,61,0.3860759493670886,212,-0.05296943269372758,-0.0696914335517825,0.002210302511230111,0.0027921886648982763,-1.8344366253586486e-05,-0.008449554443359375,-0.0005293437279760838,-0.0038553872145712376,-0.0008396987104788423,0.0008030099561437964,-0.0016427086666226387,6.786413723602891e-05,-0.00010455286974320188,0.00017241699970327318,0.014365275390446186,-0.9020431041717529,-0.212561103286941,-0.03496916137120656,-0.009938351787135797,0.0019354285471933567,0.0003955227934129101,,
dePablo CV1,test,2,62,0.3924050632911392,212,-0.05331396094184009,-0.0696914335517825,0.002252348233014345,0.002844937378540635,-1.8444896340952255e-05,-0.008620262145996094,-0.0005400381633080542,-0.003919104114174843,-0.0008586639305576682,0.0008217741851694882,-0.0016804381739348173,6.958314770599827e-05,-0.00010647294402588159,0.00017605608445592225,0.014599352143704891,-0.8841255307197571,-0.19464352983494515,-0.03543527751551863,-0.009320141592805045,0.0019079193453986636,0.0003951577321096201,,
dePablo CV1,test,2,63,0.3987341772151899,212,-0.05361032844106144,-0.0696914335517825,0.0022946405224502087,0.002897438360378146,-1.8653161532711238e-05,-0.008769989013671875,-0.0005494181532412767,-0.0039822193793952465,-0.0008776193717494607,0.000840313034132123,-0.0017179324058815837,7.166663999669254e-05,-0.00010897296306211501,0.00018063960305880755,0.014833574183285236,-0.8660401701927185,-0.17655816930790658,-0.03589884733066437,-0.008704668792175864,0.0018783781168260317,0.00039420750057271586,,
dePablo CV1,test,2,64,0.4050632911392405,212,-0.053989832922124156,-0.0696914335517825,0.0023371351417154074,0.002950273687019944,-1.92750921996776e-05,-0.008930206298828125,-0.0005594554240815341,-0.0040452745743095875,-0.0008973999647423625,0.0008588497876189649,-0.0017562496941536665,7.388104859273881e-05,-0.0001124312257161364,0.0001863122743088752,0.015067811124026775,-0.8477341532707214,-0.1582521523859095,-0.036361737027216234,-0.008082788396232917,0.0018507887666317179,0.00039029302646346575,,
dePablo CV1,test,2,65,0.41139240506329117,212,-0.05428075352348036,-0.0696914335517825,0.0023794109001755714,0.0030029157642275095,-1.962539136002306e-05,-0.009099960327148438,-0.0005700900801457465,-0.0041083297692239285,-0.0009164779330603778,0.0008772271685302258,-0.0017937051597982645,7.532114977948368e-05,-0.0001145719361375086,0.0001898930931929499,0.015302580781280994,-0.8295653462409973,-0.14008334535618538,-0.03682874416850218,-0.0074685899232793005,0.0018318762414499172,0.0003865785165663687,,
dePablo CV1,test,2,66,0.4177215189873418,212,-0.05455873734576078,-0.0696914335517825,0.0024221932981163263,0.003055722452700138,-2.0163450244581327e-05,-0.009250640869140625,-0.0005795298493467271,-0.004171505104750395,-0.0009354139328934252,0.000895087025128305,-0.001830501016229391,7.706500764470547e-05,-0.00011739190813386813,0.00019445692305453122,0.015536775812506676,-0.8115687966346741,-0.12208679574986214,-0.037296594200134925,-0.006852257855095006,0.0018058050847443207,0.00039034947485992413,,
dePablo CV1,test,2,67,0.4240506329113924,212,-0.05495409288973595,-0.0696914335517825,0.0024642895441502333,0.0031084853690117598,-2.043826134467963e-05,-0.009410858154296875,-0.0005895670619793236,-0.004234560299664736,-0.0009549980168230832,0.000914121454115957,-0.0018691194709390402,7.95616942923516e-05,-0.00012043821334373206,0.00019999990763608366,0.015771236270666122,-0.7930958867073059,-0.10361388582249398,-0.03776342477999699,-0.00623429506413927,0.0017731630206761454,0.00037675083290729513,,
dePablo CV1,test,2,68,0.43037974683544306,212,-0.05519885301084653,-0.0696914335517825,0.0025067967362701893,0.0031613055616617203,-2.1058960555819795e-05,-0.009570121765136719,-0.0005995445535518229,-0.004297615494579077,-0.0009745390270836651,0.0009324211277998984,-0.0019069601548835635,8.121920109260827e-05,-0.00012333711492829025,0.00020455631602089852,0.01600562036037445,-0.774960458278656,-0.08547845739384408,-0.03822734442526491,-0.005614823557384557,0.001745347964096886,0.00037590322629775774,,
dePablo CV1,test,2,69,0.43670886075949367,212,-0.05543610142679424,-0.0696914335517825,0.0025493204593658447,0.0032139832619577646,-2.1372798073571175e-05,-0.0097198486328125,-0.0006089245434850454,-0.0043607307597994804,-0.0009934083791449666,0.0009506628266535699,-0.0019440711475908756,8.3348379121162e-05,-0.00012609397526830435,0.00020944235438946635,0.016239885240793228,-0.7566967606544495,-0.06721475976963753,-0.03869616885757495,-0.005002238470615572,0.0017206372538152953,0.0003769506642299423,,
dePablo CV1,test,2,70,0.4430379746835443,212,-0.05568045053023594,-0.0696914335517825,0.002592017175629735,0.003267104271799326,-2.185392440878786e-05,-0.00988006591796875,-0.0006189617561176419,-0.004423846025019884,-0.0010122344829142094,0.0009685266413725913,-0.0019807610660791397,8.559852722100914e-05,-0.00012930636876262724,0.00021490489598363638,0.016474341973662376,-0.738630473613739,-0.049148472728927084,-0.03916584445406192,-0.004382313753984321,0.0016970931699324295,0.00037419034163663374,,
dePablo CV1,test,2,71,0.44936708860759494,212,-0.0559622689382915,-0.0696914335517825,0.0026340936310589314,0.003319421550258994,-2.230204700026661e-05,-0.010030746459960938,-0.0006284015253186226,-0.004486901219934225,-0.0010316999396309257,0.000987095758318901,-0.0020187958143651485,8.737394091440365e-05,-0.00013197804219089448,0.00021935199038125575,0.016708288341760635,-0.7202454209327698,-0.030763420047957846,-0.03962671388647909,-0.003769619631717539,0.0016647793538459587,0.00036750294686812044,,
dePablo CV1,test,2,72,0.45569620253164556,212,-0.05622888933041923,-0.0696914335517825,0.0026762965135276318,0.003372197039425373,-2.2758589693694375e-05,-0.010190963745117188,-0.0006384387379512191,-0.004550016485154629,-0.0010505825048312545,0.0010050652781501412,-0.0020556477829813957,8.935337245929986e-05,-0.00013487055548466742,0.00022422392794396728,0.016942894086241722,-0.7022178769111633,-0.0127358760263514,-0.04008817033910904,-0.003149538623922317,0.0016337499666505674,0.00036256962381872793,,
dePablo CV1,test,2,73,0.4620253164556962,212,-0.0564595732326898,-0.0696914335517825,0.002719320822507143,0.0034253238700330257,-2.3181795768323354e-05,-0.010350227355957031,-0.0006484162295237184,-0.004613131750375032,-0.0010698429541662335,0.0010234793880954385,-0.002093322342261672,9.134401625487953e-05,-0.00013770761142950505,0.00022905162768438458,0.017177285626530647,-0.683756947517395,0.00572505336741691,-0.0405542755033836,-0.0025269896967729183,0.0016079680961893965,0.0003573091495269587,,
dePablo CV1,test,2,74,0.46835443037974683,212,-0.05671387452923403,-0.0696914335517825,0.0027622717898339033,0.003478508908301592,-2.3543499992229044e-05,-0.010510444641113281,-0.0006584534421563148,-0.004676788579672575,-0.001089461031369865,0.0010423740604892373,-0.0021318350918591022,9.345126454718411e-05,-0.0001405382645316422,0.0002339895290788263,0.017411287873983383,-0.6655370593070984,0.02394494157771354,-0.041024619986168326,-0.0019065569996867837,0.0015756000988236861,0.0003567706836281113,,
dePablo CV1,test,2,75,0.47468354430379744,212,-0.05699591675261738,-0.0696914335517825,0.002805128460749984,0.003531760536134243,-2.3744069039821625e-05,-0.010680198669433594,-0.0006690880982205272,-0.004739241674542427,-0.0011084757279604673,0.001060987589880824,-0.0021694633178412914,9.589842375135049e-05,-0.00014338656910695136,0.00023928500013425946,0.017645854502916336,-0.6472777724266052,0.042204228458206705,-0.04149182607887045,-0.001283001389523187,0.0015482789293365018,0.0003565614420139783,,
dePablo CV1,test,2,76,0.4810126582278481,212,-0.05717791239970163,-0.0696914335517825,0.002847536001354456,0.003584381192922592,-2.4324599507963285e-05,-0.010829925537109375,-0.0006784681463614106,-0.004802417475730181,-0.0011274077696725726,0.0010787586215883493,-0.0022061662748456,9.747671720106155e-05,-0.00014612592349294573,0.00024360264069400728,0.017880162224173546,-0.6291446089744568,0.06033739191035514,-0.04195295812605133,-0.0006671675967616902,0.0015268339030422961,0.00035573651234726823,,
dePablo CV1,test,2,77,0.4873417721518987,212,-0.05739035902516892,-0.0696914335517825,0.0028897023294121027,0.0036367278080433607,-2.468013553880155e-05,-0.010990142822265625,-0.0006885053589940071,-0.004866073839366436,-0.001145987305790186,0.0010966270929202437,-0.0022426145151257515,9.988624515244737e-05,-0.00014924650895409286,0.0002491327468305826,0.018114611506462097,-0.6106613278388977,0.07882067304591422,-0.042418387826800664,-5.8459152609352636e-05,0.0014960063448977538,0.0003443231035595859,,
dePablo CV1,test,2,78,0.4936708860759494,212,-0.057634440738753304,-0.0696914335517825,0.002932529430836439,0.0036900846753269434,-2.5329145501018502e-05,-0.011150360107421875,-0.0006985425716266036,-0.004929189570248127,-0.0011660150485113263,0.001115356688387692,-0.0022813717368990183,0.00010192611807724461,-0.00015258441271726042,0.0002545105235185474,0.018348561599850655,-0.5921126008033752,0.09736940008143669,-0.042888871936252605,0.0005647095315412914,0.0014590104613740693,0.00034365171329676133,,
dePablo CV1,test,2,79,0.5,212,-0.057896078115778744,-0.0696914335517825,0.002975523704662919,0.0037435286212712526,-2.5527217076160014e-05,-0.011310577392578125,-0.0007085797842592001,-0.004991642665117979,-0.0011850593145936728,0.0011340047931298614,-0.0023190639913082123,0.00010425829532323405,-0.0001553127367515117,0.00025957103935070336,0.018582791090011597,-0.5739074945449829,0.11557450633982902,-0.04335793019770043,0.0011901109457025823,0.0014276033861100785,0.00034034003849983365,,
dePablo CV1,test,2,80,0.5063291139240507,212,-0.058171414948146385,-0.0696914335517825,0.003019125899299979,0.003797194454818964,-2.5724026272655465e-05,-0.011480331420898438,-0.0007192144403234124,-0.005055359564721584,-0.0012053136015310884,0.00115386547986418,-0.0023591790813952684,0.00010645681322785094,-0.00015790486941114068,0.000264361675363034,0.018817545846104622,-0.5552537441253662,0.13422825675944572,-0.04383188574106972,0.0018165621378739096,0.0013923851038214927,0.00033077949584681186,,
dePablo CV1,test,2,81,0.5126582278481012,212,-0.058421087056053374,-0.0696914335517825,0.0030629292596131563,0.0038511937018483877,-2.6824549422599375e-05,-0.011640548706054688,-0.0007292516529560089,-0.005118414759635925,-0.001226260093972087,0.0011726110242307186,-0.0023988711182028055,0.00010834841668838635,-0.00016199752280954272,0.0002703459467738867,0.019052069634199142,-0.536878228187561,0.1526037726972509,-0.044308589947283844,0.0024465021000397956,0.001359890406240677,0.0003212991134506617,,
dePablo CV1,test,2,82,0.5189873417721519,212,-0.05865326217581764,-0.0696914335517825,0.003106195479631424,0.003904717043042183,-2.700556069612503e-05,-0.011800765991210938,-0.0007392888655886054,-0.005181590095162392,-0.0012458175187930465,0.0011918063974007964,-0.002437623916193843,0.00011107371392427012,-0.00016508482804056257,0.0002761585346888751,0.01928582414984703,-0.5184535980224609,0.171028402862351,-0.044782499263896554,0.0030699156240059757,0.0013181898895886456,0.0003171075969037204,,
dePablo CV1,test,2,83,0.5253164556962026,212,-0.058850938615024224,-0.0696914335517825,0.003149328287690878,0.0039580087177455425,-2.7499900170369074e-05,-0.011960983276367188,-0.0007493260782212019,-0.005244645290076733,-0.0012652536388486624,0.0012102538021281362,-0.0024755075573921204,0.00011301760969217867,-0.00016801741730887443,0.0002810350270010531,0.019520694389939308,-0.4998110830783844,0.18967091780642753,-0.04525055958573337,0.0036929203282580164,0.0012828365472124697,0.00031255917544792167,,
dePablo CV1,test,2,84,0.5316455696202531,212,-0.05907433804700213,-0.0696914335517825,0.0031926040537655354,0.004011713434010744,-2.7837828383781016e-05,-0.0121307373046875,-0.0007599607924930751,-0.005307700484991074,-0.00128542585298419,0.0012297502253204584,-0.0025151760783046484,0.00011574884410947561,-0.00017142450087703764,0.00028717334498651326,0.019754348322749138,-0.48131129145622253,0.2081707094285894,-0.045721147684773145,0.0043217003521521585,0.0012429903473877844,0.0003087217019644398,,
dePablo CV1,test,2,85,0.5379746835443038,212,-0.05926092132408394,-0.0696914335517825,0.003235484706237912,0.00406480161473155,-2.805902659019921e-05,-0.012290000915527344,-0.0007699382258579135,-0.005371477454900742,-0.0013047339161857963,0.0012486157938838005,-0.0025533498264849186,0.00011787447874667123,-0.00017399253556504846,0.00029186700703576207,0.01998909004032612,-0.46271252632141113,0.2267694745634008,-0.04618928938578724,0.004941337916911324,0.0012053670808137877,0.0002920950212426931,,
dePablo CV1,test,2,86,0.5443037974683544,212,-0.05949572170441875,-0.0696914335517825,0.003279046854004264,0.004118394572287798,-2.8460286557674408e-05,-0.012450218200683594,-0.00077997543849051,-0.005433870945125818,-0.00132489122916013,0.001267970772460103,-0.002592862118035555,0.00012065660121152177,-0.00017757716705091298,0.00029823376098647714,0.020223325118422508,-0.4441295266151428,0.2453524742696691,-0.04666246767411455,0.0055665843002184155,0.0011621594042544787,0.0002787845392457892,,
dePablo CV1,test,2,87,0.5506329113924051,212,-0.0596828605877553,-0.0696914335517825,0.0033224017824977636,0.004172109998762608,-2.8856642529717647e-05,-0.012610435485839844,-0.0007900127093307674,-0.005496986210346222,-0.0013445261865854263,0.001286812825128436,-0.0026313390117138624,0.00012308770965319127,-0.00018080098379869014,0.0003038886934518814,0.020457828417420387,-0.4256104528903961,0.2638715479944158,-0.04713478396477204,0.006193194244850923,0.00113079608493162,0.0002775385801533852,,
dePablo CV1,test,2,88,0.5569620253164557,212,-0.05984130615390173,-0.0696914335517825,0.003365550423040986,0.004225361626595259,-2.9484161132131703e-05,-0.012760162353515625,-0.0007993926992639899,-0.005560703109949827,-0.0013641102705150843,0.0013051418354734778,-0.0026692519895732403,0.00012510498345363885,-0.00018407330207992345,0.0003091782855335623,0.0206920113414526,-0.40707477927207947,0.28240722161273246,-0.04760214998063391,0.006815320336560819,0.0010981390206774467,0.0002681465428163227,,
dePablo CV1,test,2,89,0.5632911392405063,212,-0.06004202405966702,-0.0696914335517825,0.0034086585510522127,0.004278939682990313,-2.9775155780953355e-05,-0.012929916381835938,-0.0008100273553282022,-0.005623818375170231,-0.001383564667776227,0.0013240142725408077,-0.0027075789403170347,0.00012786743172910064,-0.00018741773965302855,0.0003152851713821292,0.020926140248775482,-0.38858383893966675,0.3008981619451452,-0.04806895698455509,0.007443854316790476,0.0010640013622515174,0.0002596359135154361,,
dePablo CV1,test,2,90,0.569620253164557,212,-0.060225219126554784,-0.0696914335517825,0.0034521801862865686,0.004332803655415773,-3.0312616217997856e-05,-0.013080596923828125,-0.0008194671245291829,-0.00568627193570137,-0.001403599395416677,0.0013429741375148296,-0.0027465736493468285,0.00013057890464551747,-0.0001912041479954496,0.0003217830671928823,0.021160144358873367,-0.3698231875896454,0.31965881329516654,-0.048544887692934566,0.008071286356118175,0.0010209471536661568,0.000246571141359294,,
dePablo CV1,test,2,91,0.5759493670886076,212,-0.06043792900682918,-0.0696914335517825,0.0034960221964865923,0.004386742599308491,-3.0928818887332454e-05,-0.013250350952148438,-0.0008301017805933952,-0.0057499888353049755,-0.001424573827534914,0.0013627161970362067,-0.0027872901409864426,0.00013287717592902482,-0.0001947348064277321,0.0003276119823567569,0.02139458991587162,-0.35112619400024414,0.3383558068845678,-0.04901894431369147,0.008701273196040454,0.0009724442803050363,0.00024221644710936075,,
dePablo CV1,test,2,92,0.5822784810126582,212,-0.06065404792205324,-0.0696914335517825,0.0035393929574638605,0.004440344870090485,-3.122766793239862e-05,-0.013410568237304688,-0.0008401390514336526,-0.005812382325530052,-0.0014442529063671827,0.001381797599606216,-0.002826050389558077,0.00013523380039259791,-0.00019768913625739515,0.00033292293664999306,0.02162897400557995,-0.3325359523296356,0.3569460485551763,-0.04949374423552039,0.009324142634081453,0.0009364559559014919,0.00023159723543074884,,
dePablo CV1,test,2,93,0.5886075949367089,212,-0.060828054504853485,-0.0696914335517825,0.003582767443731427,0.004494342487305403,-3.14239296130836e-05,-0.013580322265625,-0.000850773707497865,-0.00587615929543972,-0.0014638686552643776,0.0014010207960382104,-0.002864889334887266,0.00013774422404821962,-0.00020059208327438682,0.00033833630732260644,0.02186327986419201,-0.3139042556285858,0.3755777452562261,-0.04996982801148039,0.009953046016820084,0.0009000535970508498,0.00022384191550214137,,
dePablo CV1,test,2,94,0.5949367088607594,212,-0.060951897878096205,-0.0696914335517825,0.003626040415838361,0.0045479279942810535,-3.2187210308620706e-05,-0.013730049133300781,-0.0008601536974310875,-0.005939214490354061,-0.0014832228189334273,0.0014188484055921435,-0.002902071224525571,0.00013988085265737027,-0.0002042552805505693,0.0003441361477598548,0.02209741622209549,-0.29535338282585144,0.3941286180589605,-0.05043584214439246,0.010581193569368484,0.0008711369636197311,0.00021909089722741762,,
dePablo CV1,test,2,95,0.6012658227848101,212,-0.06111216443795099,-0.0696914335517825,0.003669468918815255,0.0046015456318855286,-3.224764077458531e-05,-0.013890266418457031,-0.000870190910063684,-0.006002329755574465,-0.0015026344917714596,0.0014381392393261194,-0.002940773731097579,0.0001430534612154588,-0.00020754875731654465,0.00035060220398008823,0.022331779822707176,-0.2765469253063202,0.41293507557849174,-0.05090814629783759,0.011205825010341439,0.0008312844748687152,0.00021195383304980093,,
dePablo CV1,test,2,96,0.6075949367088608,212,-0.06133114070182603,-0.0696914335517825,0.003713450161740184,0.0046560331247746944,-3.289640517323278e-05,-0.014050483703613281,-0.0008802281226962805,-0.0060654450207948685,-0.0015241320943459868,0.0014583392767235637,-0.0029824713710695505,0.00014529662439599633,-0.00021108942746650428,0.00035638606641441584,0.02256609871983528,-0.25777187943458557,0.43171012145022636,-0.051390221696154474,0.011839729505864517,0.0007841501059080599,0.00019789464023010713,,
dePablo CV1,test,2,97,0.6139240506329114,212,-0.06153367230465913,-0.0696914335517825,0.0037575510796159506,0.004710562061518431,-3.3746560802683234e-05,-0.01422119140625,-0.0008909225580282509,-0.006129161920398474,-0.001544964499771595,0.0014774713199585676,-0.0030224358197301626,0.00014758222096133977,-0.00021507534256670624,0.000362657563528046,0.022800546139478683,-0.23903782665729523,0.4504441742275167,-0.05186910128713506,0.012475914647136307,0.0007442003180122428,0.0001921977955175207,,
dePablo CV1,test,2,98,0.620253164556962,212,-0.0617057046018455,-0.0696914335517825,0.0038012522272765636,0.004764846991747618,-3.4057746233884245e-05,-0.014389991760253906,-0.000901497493032366,-0.00619155541062355,-0.001565103535540402,0.0014969881158322096,-0.0030620917677879333,0.00015059711586218327,-0.00021871260832995176,0.00036930973874405026,0.023034216836094856,-0.22022931277751923,0.4692526881072927,-0.0523481413224852,0.013107474094830568,0.0007053561727965466,0.00018455930823183648,,
dePablo CV1,test,2,99,0.6265822784810127,212,-0.06186289670967086,-0.0696914335517825,0.0038449279963970184,0.004818752408027649,-3.424719034228474e-05,-0.014560699462890625,-0.0009121919283643365,-0.006254730746150017,-0.001585040707141161,0.0015165462391451001,-0.0031015868298709393,0.00015329696179833263,-0.0002217913424829021,0.00037508830428123474,0.023269033059477806,-0.2014409452676773,0.4880410556171346,-0.05281629219347328,0.013740347000477746,0.0006617269940167494,0.00017663189009143535,,
dePablo CV1,test,2,100,0.6329113924050633,212,-0.06205369440383108,-0.0696914335517825,0.0038888719864189625,0.004872903227806091,-3.488068250590004e-05,-0.014710426330566406,-0.000921571918297559,-0.006318387575447559,-0.0016053231665864587,0.0015355618670582771,-0.003140884917229414,0.00015592944691888988,-0.00022569080465473235,0.0003816202515736222,0.023503603413701057,-0.18252994120121002,0.5069520596836019,-0.05329950988606376,0.01436609758164196,0.0006217185012981586,0.0001689675343008976,,
dePablo CV1,test,2,101,0.6392405063291139,212,-0.06220168472730706,-0.0696914335517825,0.003931907936930656,0.004926216788589954,-3.561165067367256e-05,-0.014880180358886719,-0.0009322065743617713,-0.006380840670317411,-0.0016258766409009695,0.0015546532813459635,-0.003180529922246933,0.0001582380646141246,-0.0002294613659614697,0.0003876994305755943,0.02373729646205902,-0.16346454620361328,0.5260174546811986,-0.05376808796838603,0.014987734401576597,0.0005764324734085724,0.0001605673541859013,,
dePablo CV1,test,2,102,0.6455696202531646,212,-0.06239580357838427,-0.0696914335517825,0.003975838888436556,0.004980903584510088,-3.5930268495576456e-05,-0.015040397644042969,-0.0009422438452020288,-0.006444618105888367,-0.001646472024731338,0.0015746115241199732,-0.0032210834324359894,0.00016118747589644045,-0.00023304800561163574,0.0003942354815080762,0.023971961811184883,-0.14473895728588104,0.5447430435989309,-0.05424801237367442,0.01562587864778598,0.0005318536938145813,0.00015105827914278108,,
dePablo CV1,test,2,103,0.6518987341772152,212,-0.06257297008162363,-0.0696914335517825,0.004019570536911488,0.005034995265305042,-3.6096113035455346e-05,-0.015211105346679688,-0.0009529382223263383,-0.006507673300802708,-0.0016667989548295736,0.001594606670551002,-0.003261405508965254,0.0001642211282160133,-0.000236413354286924,0.0004006344825029373,0.024206219241023064,-0.12568041682243347,0.5638015840623785,-0.0547225322790845,0.01625697616096393,0.0004880589594366897,0.00014554533263808775,,
dePablo CV1,test,2,104,0.6582278481012658,212,-0.06276487367563162,-0.0696914335517825,0.004063508473336697,0.0050894636660814285,-3.6762605304829776e-05,-0.015379905700683594,-0.0009635131573304534,-0.00657012639567256,-0.001688013901002705,0.001614488777704537,-0.003302502678707242,0.00016667897580191493,-0.00024020418641157448,0.0004068831622134894,0.024440599605441093,-0.10659507662057877,0.5828869242642332,-0.055203990137795665,0.01689007495242411,0.0004407465523468567,0.0001322577693590082,,
dePablo CV1,test,2,105,0.6645569620253164,212,-0.06292662008425196,-0.0696914335517825,0.004107811022549868,0.0051441434770822525,-3.721519169630483e-05,-0.015540122985839844,-0.0009735503699630499,-0.006633903831243515,-0.0017089638859033585,0.0016345334006473422,-0.0033434974029660225,0.00016932787548284978,-0.00024375825887545943,0.00041308614891022444,0.024675175547599792,-0.08777428418397903,0.6017077167008329,-0.055683709390644605,0.017528137193161538,0.0003931578898863622,0.00011993826559824922,,
dePablo CV1,test,2,106,0.6708860759493671,212,-0.06310470973932512,-0.0696914335517825,0.004151728004217148,0.0051986053586006165,-3.7325913581298664e-05,-0.015700340270996094,-0.0009835875825956464,-0.006696959026157856,-0.0017292974516749382,0.0016546457773074508,-0.003383943345397711,0.0001725030451780185,-0.00024715487961657345,0.00041965791024267673,0.024909308180212975,-0.0689239650964737,0.6205580357883382,-0.05616134130105248,0.018163600970227723,0.0003520876808038459,0.00010568016442797153,,
dePablo CV1,test,2,107,0.6772151898734177,212,-0.06327108541101452,-0.0696914335517825,0.004196321591734886,0.005253538955003023,-3.819824632955715e-05,-0.015871047973632812,-0.000994281959719956,-0.006759412121027708,-0.0017508723540231586,0.0016744759632274508,-0.0034253483172506094,0.00017502943228464574,-0.00025142592494376004,0.00042645534267649055,0.025143664330244064,-0.049781255424022675,0.6397007454607893,-0.05664969808771748,0.018799598759330665,0.00030400415297742876,9.614437109534307e-05,,
dePablo CV1,test,2,108,0.6835443037974683,212,-0.06341662006925847,-0.0696914335517825,0.004240192007273436,0.005307589657604694,-3.867700070259161e-05,-0.016030311584472656,-0.0010042594512924552,-0.006823129020631313,-0.0017715484136715531,0.001694194390438497,-0.00346574280411005,0.0001776925491867587,-0.00025504655786789954,0.000432739092502743,0.02537812851369381,-0.030827505514025688,0.6586544953707862,-0.05712056542341131,0.019432186100408186,0.0002564696653404324,9.253863711493893e-05,,
dePablo CV1,test,2,109,0.689873417721519,212,-0.06353549540967832,-0.0696914335517825,0.004283461254090071,0.005361401010304689,-3.8754915294703096e-05,-0.016190528869628906,-0.0010142966639250517,-0.006886244285851717,-0.0017911378527060151,0.0017136279493570328,-0.003504765685647726,0.00018058871501125395,-0.0002580985601525754,0.0004386872751638293,0.02561177872121334,-0.011987784877419472,0.6774942160073925,-0.057596425783711824,0.02005643120109735,0.00021707901955018134,8.681522057281579e-05,,
dePablo CV1,test,2,110,0.6962025316455697,212,-0.06370211987248019,-0.0696914335517825,0.004327369388192892,0.005415571387857199,-3.915765046258457e-05,-0.016361236572265625,-0.001024991157464683,-0.00694990111514926,-0.0018115031998604536,0.0017331879353150725,-0.0035446910187602043,0.0001837018644437194,-0.0002620171580929309,0.0004457190225366503,0.025846054777503014,0.00694948248565197,0.6964314833704639,-0.058066999776054076,0.02069159986195044,0.00017460414311645984,7.066961862977535e-05,,
dePablo CV1,test,2,111,0.7025316455696202,212,-0.06383090417967147,-0.0696914335517825,0.004371680784970522,0.005470204632729292,-3.981414556619711e-05,-0.016519546508789062,-0.0010349088115617633,-0.007012354675680399,-0.0018321528332307935,0.0017525246366858482,-0.00358467735350132,0.00018662105139810592,-0.00026624934980645776,0.00045287038665264845,0.026080284267663956,0.02616683952510357,0.7156488404099155,-0.05854776083838702,0.021327319881397973,0.00013122825937582157,5.8945303432903944e-05,,
dePablo CV1,test,2,112,0.7088607594936709,212,-0.06395709076117546,-0.0696914335517825,0.004415230825543404,0.0055237519554793835,-4.028597322758287e-05,-0.016679763793945312,-0.0010449460241943598,-0.007076131645590067,-0.0018520571757107973,0.0017714852001518011,-0.0036235423758625984,0.00018907869525719434,-0.00026965062716044486,0.0004587293369695544,0.026314055547118187,0.04522457346320152,0.7347065743480135,-0.05902306326770086,0.021947034008587142,9.234147454038502e-05,5.25161326881334e-05,,
dePablo CV1,test,2,113,0.7151898734177216,212,-0.06408273094628676,-0.0696914335517825,0.0044587356969714165,0.005577728617936373,-4.0771632484393194e-05,-0.01685047149658203,-0.0010556405177339911,-0.007138585206121206,-0.0018723432440310717,0.0017907998990267515,-0.003663143143057823,0.0001921135699376464,-0.00027365682763047516,0.00046577039756812155,0.026548929512500763,0.06432643532752991,0.7538084362123418,-0.059488764791000806,0.022582046807595027,4.3174376528143595e-05,4.171546845235352e-05,,
dePablo CV1,test,2,114,0.7215189873417721,212,-0.06422248553704607,-0.0696914335517825,0.004502752795815468,0.005632506217807531,-4.100731166545302e-05,-0.017009735107421875,-0.0010656180093064904,-0.007201640401035547,-0.0018929532961919904,0.0018109387019649148,-0.003703891998156905,0.00019531493308022618,-0.0002773295564111322,0.0004726444894913584,0.026782825589179993,0.08314088732004166,0.7726228882048536,-0.05996868111510909,0.023220572114755474,2.680413732670005e-06,4.058002368129431e-05,,
dePablo CV1,test,2,115,0.7278481012658228,212,-0.06435773541103368,-0.0696914335517825,0.004546837881207466,0.005686965771019459,-4.1513052565278485e-05,-0.017180442810058594,-0.0010763123864308,-0.007265417370945215,-0.0019136203918606043,0.0018305942649021745,-0.0037442147731781006,0.000197525616385974,-0.0002805517287924886,0.00047807733062654734,0.027017245069146156,0.10224712640047073,0.7917291272852827,-0.06044794288198948,0.02385412425332267,-4.23671339609859e-05,2.787169959983188e-05,,
dePablo CV1,test,2,116,0.7341772151898734,212,-0.06453807760278008,-0.0696914335517825,0.004591445438563824,0.0057416753843426704,-4.204280048725195e-05,-0.017351150512695312,-0.0010870067635551095,-0.007327870931476355,-0.0019350344082340598,0.0018509489018470049,-0.003785983193665743,0.0002005762653425336,-0.0002846618590410799,0.00048523812438361347,0.027251778170466423,0.1216546893119812,0.8111366901967931,-0.06093488251918355,0.024486722844455446,-9.074907952453188e-05,1.220926044619885e-05,,
dePablo CV1,test,2,117,0.740506329113924,212,-0.064699277396454,-0.0696914335517825,0.004636356141418219,0.00579686788842082,-4.261345384293236e-05,-0.01750946044921875,-0.0010969245340675116,-0.007390926126390696,-0.0019568640273064375,0.0018716371851041913,-0.0038285013288259506,0.00020315157598815858,-0.0002883784763980657,0.0004915300523862243,0.02748599648475647,0.1407710611820221,0.830253062066834,-0.061422815454007934,0.025126812622621484,-0.00014523145422902368,1.3328347334753893e-05,,
dePablo CV1,test,2,118,0.7468354430379747,212,-0.06483962920566516,-0.0696914335517825,0.004681088495999575,0.0058516282588243484,-4.3180927605135366e-05,-0.01768016815185547,-0.001107618911191821,-0.0074547030963003635,-0.0019781470764428377,0.0018917853012681007,-0.0038699323777109385,0.00020587567996699363,-0.00029223752790130675,0.0004981132224202156,0.02771993912756443,0.1602001041173935,0.8496821050022054,-0.06190524712671582,0.02576363299649654,-0.00019605661365399178,-6.317425447560793e-06,,
dePablo CV1,test,2,119,0.7531645569620253,212,-0.06498524377812696,-0.0696914335517825,0.004725485574454069,0.005906370002776384,-4.301438093534671e-05,-0.017850875854492188,-0.0011183132883161306,-0.00751709658652544,-0.0019985868129879236,0.0019125579856336117,-0.003911145031452179,0.00020937358203809708,-0.0002954023366328329,0.0005047759041190147,0.027954479679465294,0.17928063869476318,0.8687626395795751,-0.062385235243649806,0.02640150622810426,-0.0002398228937474654,-1.7702631588371403e-05,,
dePablo CV1,test,2,120,0.759493670886076,212,-0.06513198552132074,-0.0696914335517825,0.004769894294440746,0.0059609245508909225,-4.404212086228654e-05,-0.018011093139648438,-0.001128350617364049,-0.0075808134861290455,-0.0020199569407850504,0.001931872800923884,-0.003951829858124256,0.00021174686844460666,-0.00029983112472109497,0.0005115779931657016,0.02818896248936653,0.1987880915403366,0.8882700924251485,-0.0628624113531739,0.02703818483406679,-0.00029376250096113714,-3.205999457960707e-05,,
dePablo CV1,test,2,121,0.7658227848101266,212,-0.06526754483887773,-0.0696914335517825,0.004814105574041605,0.006015709135681391,-4.43174249085132e-05,-0.01818084716796875,-0.0011389852734282613,-0.007643928751349449,-0.002040689578279853,0.0019520546775311232,-0.003992744255810976,0.00021493350504897535,-0.00030356834759004414,0.0005185018526390195,0.02842320129275322,0.2179553359746933,0.9074373368595052,-0.06334314418931321,0.027676000782406444,-0.0003373453308772454,-3.9689044606689286e-05,,
dePablo CV1,test,2,122,0.7721518987341772,212,-0.06541824781389209,-0.0696914335517825,0.004858533386141062,0.006070454604923725,-4.4856624299427494e-05,-0.018350601196289062,-0.0011496199294924736,-0.0077063823118805885,-0.0020620725117623806,0.001972359139472246,-0.004034431651234627,0.0002183399337809533,-0.0003080531896557659,0.0005263931234367192,0.02865765243768692,0.2373240739107132,0.9268060747955251,-0.06382507598225692,0.02831235519150296,-0.0003867168428973308,-4.804065815769794e-05,,
dePablo CV1,test,2,123,0.7784810126582279,212,-0.06555386165732152,-0.0696914335517825,0.004903257824480534,0.006125546991825104,-4.52561434940435e-05,-0.018520355224609375,-0.001160254585556686,-0.007770099211484194,-0.0020833429880440235,0.0019928307738155127,-0.0040761735290288925,0.00022076020832173526,-0.0003112725098617375,0.0005320326890796423,0.02889193594455719,0.25647956132888794,0.9459615622136999,-0.06430994942077999,0.028952658479639525,-0.00043312711783244134,-5.618524491954193e-05,,
dePablo CV1,test,2,124,0.7848101265822784,212,-0.06568812982985249,-0.0696914335517825,0.0049480232410132885,0.006180755328387022,-4.5879973185947165e-05,-0.018690109252929688,-0.0011708892416208982,-0.007833214476704597,-0.0021044935565441847,0.0020127336028963327,-0.004117227159440517,0.00022376661945600063,-0.00031552655855193734,0.0005392931634560227,0.029126305133104324,0.27572202682495117,0.9652040277097631,-0.06479521787924541,0.029594826912320647,-0.0004850746500468931,-6.968161583962706e-05,,
dePablo CV1,test,2,125,0.7911392405063291,212,-0.06582421168164694,-0.0696914335517825,0.0049927146174013615,0.006235525943338871,-4.6542161726392806e-05,-0.018850326538085938,-0.0011809264542534947,-0.007896930910646915,-0.002126208273693919,0.0020331237465143204,-0.004159332253038883,0.00022627698490396142,-0.00031936130835674703,0.000545638264156878,0.029361000284552574,0.2952724099159241,0.984754410800736,-0.06527100366377388,0.030236202675672143,-0.0005348385897567541,-8.333897128289754e-05,,
dePablo CV1,test,2,126,0.7974683544303798,212,-0.06594834109674273,-0.0696914335517825,0.0050370413810014725,0.006290426477789879,-4.704500315710902e-05,-0.01902008056640625,-0.001191561110317707,-0.007959384471178055,-0.0021472759544849396,0.0020531860645860434,-0.004200462251901627,0.00022916513262316585,-0.0003232551389373839,0.0005524202715605497,0.029595019295811653,0.31457948684692383,1.0040614877317358,-0.06575459682028253,0.03087379409463546,-0.0005801878621604906,-9.233574758006036e-05,,
dePablo CV1,test,2,127,0.8037974683544303,212,-0.06607133919484809,-0.0696914335517825,0.005081620998680592,0.006345200352370739,-4.7307374188676476e-05,-0.0191802978515625,-0.0012015983229503036,-0.008023101836442947,-0.0021681420039385557,0.0020735273137688637,-0.004241669550538063,0.00023286501527763903,-0.000327479763654992,0.000560344778932631,0.0298289991915226,0.3338165581226349,1.0232985590074468,-0.066233259509243,0.03151271734344988,-0.000630111510805034,-9.791720055338074e-05,,
dePablo CV1,test,2,128,0.810126582278481,212,-0.06619104569023666,-0.0696914335517825,0.005125777330249548,0.006399874575436115,-4.7733956307638437e-05,-0.019350051879882812,-0.0012122329790145159,-0.008085555396974087,-0.002188973594456911,0.0020935058128088713,-0.004282479174435139,0.0002361092483624816,-0.00033157714642584324,0.0005676863947883248,0.03006361611187458,0.3531661927700043,1.0426481936548162,-0.06671513552528546,0.032147489305077985,-0.0006810440819510743,-0.00011152423074504698,,
dePablo CV1,test,2,129,0.8164556962025317,212,-0.06630587423728534,-0.0696914335517825,0.005170088727027178,0.0064544412307441235,-4.824111965717748e-05,-0.019519805908203125,-0.00122286775149405,-0.008149271830916405,-0.0022094491869211197,0.00211296696215868,-0.0043224161490798,0.00023905676789581776,-0.0003355389926582575,0.0005745957605540752,0.030298100784420967,0.3726584017276764,1.0621404026124883,-0.06719574799822021,0.032781023811232955,-0.0007237113787718982,-0.00011994800576125894,,
dePablo CV1,test,2,130,0.8227848101265823,212,-0.0664183939143296,-0.0696914335517825,0.005214293021708727,0.006508681923151016,-4.873206853517331e-05,-0.019670486450195312,-0.0012323074042797089,-0.008211725391447544,-0.0022305049933493137,0.0021330409217625856,-0.004363546147942543,0.00024259561905637383,-0.00034005974885076284,0.0005826553679071367,0.03053242713212967,0.39224982261657715,1.081731823501389,-0.0676672173695058,0.033415576383419326,-0.0007782565354868595,-0.00013158960732294935,,
dePablo CV1,test,2,131,0.8291139240506329,212,-0.06654671168348059,-0.0696914335517825,0.005259613506495953,0.006564320996403694,-4.9370322813047096e-05,-0.019840240478515625,-0.001242942176759243,-0.008274780586361885,-0.0022523810621351004,0.002153640380129218,-0.0044060214422643185,0.00024529636721126735,-0.00034403702011331916,0.000589333358220756,0.03076685220003128,0.4116097688674927,1.1010917697523046,-0.06815291290992415,0.034064957196052105,-0.0008340280501881749,-0.0001452108506432791,,
dePablo CV1,test,2,132,0.8354430379746836,212,-0.06666800425352622,-0.0696914335517825,0.0053038024343550205,0.006618914660066366,-4.993537368136458e-05,-0.020009994506835938,-0.0012535768328234553,-0.008338557556271553,-0.002273899968713522,0.0021740293595939875,-0.004447929561138153,0.00024860675330273807,-0.00034847750794142485,0.0005970842903479934,0.03100132942199707,0.43134286999702454,1.1208248708818365,-0.0686324267313364,0.03469988622951534,-0.000882084829742419,-0.00015711929438183182,,
dePablo CV1,test,2,133,0.8417721518987342,212,-0.06679225144568525,-0.0696914335517825,0.005348386708647013,0.006673930212855339,-5.0077320338459685e-05,-0.020180702209472656,-0.0012642712099477649,-0.008401011116802692,-0.002294944366440177,0.0021947897039353848,-0.004489733837544918,0.0002521645510569215,-0.00035231918445788324,0.0006044837646186352,0.031235672533512115,0.45084038376808167,1.1403223846528936,-0.06912238263964046,0.035334413506848746,-0.0009326270737821269,-0.00015983608674857857,,
dePablo CV1,test,2,134,0.8481012658227848,212,-0.0669457390080678,-0.0696914335517825,0.005393436644226313,0.006729253102093935,-5.0647657189983875e-05,-0.020360946655273438,-0.001275563146919012,-0.008464066311717033,-0.0023169810883700848,0.0022156857885420322,-0.004532666876912117,0.00025534225278533995,-0.00035663758171722293,0.0006119798636063933,0.03147000074386597,0.47026118636131287,1.1597431872461248,-0.069610356051882,0.03597634743488673,-0.0009937107785228602,-0.00017669901255972976,,
dePablo CV1,test,2,135,0.8544303797468354,212,-0.06707262048157317,-0.0696914335517825,0.005438488442450762,0.00678458996117115,-5.114516170579009e-05,-0.02052021026611328,-0.0012855405220761895,-0.008527843281626701,-0.002338859485462308,0.0022365693002939224,-0.004575428552925587,0.00025844285846687853,-0.0003607331891544163,0.0006191760767251253,0.031703900545835495,0.490024209022522,1.179506209907334,-0.07009400937904538,0.0366216095874222,-0.0010473586271553832,-0.00019114433185379718,,
dePablo CV1,test,2,136,0.8607594936708861,212,-0.0672132105232411,-0.0696914335517825,0.005483702756464481,0.006840085610747337,-5.1499591791071e-05,-0.020700454711914062,-0.0012968324590474367,-0.00859029684215784,-0.0023609797935932875,0.002257980639114976,-0.004618960432708263,0.0002620427112560719,-0.0003650418948382139,0.0006270846351981163,0.031938645988702774,0.5096272826194763,1.1991092835042882,-0.07058011483851273,0.03726785573234414,-0.0011016065213664342,-0.0002040128529646016,,
dePablo CV1,test,2,137,0.8670886075949367,212,-0.06732958829010295,-0.0696914335517825,0.005528916139155626,0.006895751226693392,-5.22393238497898e-05,-0.020870208740234375,-0.001307467115111649,-0.008653953671455383,-0.002382939448580146,0.0022784608881920576,-0.0046614003367722034,0.00026463466929271817,-0.00036911331699229777,0.0006337480153888464,0.03217315673828125,0.5293049216270447,1.2187869225118566,-0.07107176372357589,0.037912849010142316,-0.0011520501471936025,-0.000211879891519151,,
dePablo CV1,test,2,138,0.8734177215189873,212,-0.06745963207326294,-0.0696914335517825,0.005573522765189409,0.006950774230062962,-5.2527473599184304e-05,-0.021030426025390625,-0.0013175043277442455,-0.008717069402337074,-0.002404456492513418,0.002299401443451643,-0.004703857935965061,0.0002684621431399137,-0.00037351707578636706,0.0006419792189262807,0.032407570630311966,0.5489497184753418,1.2384317193601537,-0.07155702424161449,0.038551144829823615,-0.0012132880081966954,-0.00023179364364095658,,
dePablo CV1,test,2,139,0.879746835443038,212,-0.06757307746535227,-0.0696914335517825,0.005618116818368435,0.007005739025771618,-5.281050471239723e-05,-0.021200180053710938,-0.0013281389838084579,-0.00878018420189619,-0.002425911370664835,0.0023202900774776936,-0.0047462014481425285,0.0002717040479183197,-0.00037732505006715655,0.0006490290979854763,0.032641224563121796,0.5684190392494202,1.257901040134232,-0.07204093895925896,0.039188890560387185,-0.0012634879229034763,-0.00023452707315106255,,
dePablo CV1,test,2,140,0.8860759493670886,212,-0.06769195845865729,-0.0696914335517825,0.00566310528665781,0.007060925476253033,-5.340337156667374e-05,-0.02136993408203125,-0.0013387736398726702,-0.008843239396810532,-0.002447614911943674,0.002340808277949691,-0.004788422957062721,0.00027489964850246906,-0.00038170639891177416,0.0006566060474142432,0.03287583589553833,0.5880284905433655,1.2775104914281774,-0.07253231114843355,0.039825432190180886,-0.001314181789780521,-0.00025339226263090055,,
dePablo CV1,test,2,141,0.8924050632911392,212,-0.06779387236855945,-0.0696914335517825,0.005707922391593456,0.00711631728336215,-5.40856271982193e-05,-0.021539688110351562,-0.0013494082959368825,-0.0089070163667202,-0.0024696358013898134,0.002361464546993375,-0.004831100348383188,0.00027818570379167795,-0.00038635695818811655,0.0006645426619797945,0.03310965746641159,0.6078437566757202,1.2973257575605321,-0.07301308713303267,0.04047340830087965,-0.001375204408827332,-0.0002617829390427573,,
dePablo CV1,test,2,142,0.8987341772151899,212,-0.06789409684662842,-0.0696914335517825,0.005752876866608858,0.007171389181166887,-5.4957221436779946e-05,-0.02171039581298828,-0.0013601027894765139,-0.008969469927251339,-0.0024907602928578854,0.0023808456026017666,-0.004871605895459652,0.0002810291771311313,-0.0003909436345566064,0.0006719728116877377,0.03334440663456917,0.6274378895759583,1.3169198904607702,-0.07349278190226703,0.04111632849308048,-0.0014187666934495852,-0.0002745336729813842,,
dePablo CV1,test,2,143,0.9050632911392406,212,-0.06799611831724608,-0.0696914335517825,0.0057973312214016914,0.007226407062262297,-5.483059794642031e-05,-0.021869659423828125,-0.0013700802810490131,-0.009033187292516232,-0.002511396538466215,0.0024017351679503918,-0.004913131706416607,0.0002853503101505339,-0.00039501150604337454,0.0006803618161939085,0.033578261733055115,0.6471930146217346,1.3366750155065465,-0.07397149917313199,0.041758830980139786,-0.00147064026084544,-0.0002849213930184303,,
dePablo CV1,test,2,144,0.9113924050632911,212,-0.06811268496687792,-0.0696914335517825,0.005842222366482019,0.007281437516212463,-5.567845073528588e-05,-0.022050857543945312,-0.0013814318226650357,-0.009095580317080021,-0.002533314283937216,0.002421957440674305,-0.004955271724611521,0.00028783208108507097,-0.0003991890116594732,0.0006870210636407137,0.03381263464689255,0.6667200922966003,1.3562020931814123,-0.07445757940180407,0.042396162606279784,-0.0015202298868585663,-0.00029421357230629083,,
dePablo CV1,test,2,145,0.9177215189873418,212,-0.06824125889452229,-0.0696914335517825,0.005887147504836321,0.007337028160691261,-5.612747190752998e-05,-0.022220611572265625,-0.001392066478729248,-0.009159357286989689,-0.002555180573835969,0.002442925702780485,-0.004998106509447098,0.0002915142977144569,-0.0004037692560814321,0.0006952835246920586,0.03404677286744118,0.6865571141242981,1.37603911500911,-0.07494906477237286,0.0430395737940655,-0.0015725846493388296,-0.00030171855881452734,,
dePablo CV1,test,2,146,0.9240506329113924,212,-0.06834003867208899,-0.0696914335517825,0.005932779982686043,0.007392990868538618,-5.617748320219107e-05,-0.022390365600585938,-0.0014027011347934604,-0.00922241248190403,-0.002576841739937663,0.002464486751705408,-0.0050413282588124275,0.0002956847893074155,-0.00040803974843584,0.000703724566847086,0.03428119421005249,0.7062896490097046,1.3957716498945165,-0.07543851166173238,0.04369130904722237,-0.0016279496641704548,-0.00031692971601347564,,
dePablo CV1,test,2,147,0.930379746835443,212,-0.06845697072769986,-0.0696914335517825,0.005977792665362358,0.007448287680745125,-5.726663948735222e-05,-0.022550582885742188,-0.0014127383474260569,-0.00928486604243517,-0.002599522937089205,0.002484989818185568,-0.005084512755274773,0.0002979038981720805,-0.0004124371916987002,0.0007103410898707807,0.03451535478234291,0.7263097167015076,1.4157917175863195,-0.07591879907665874,0.044337733421913605,-0.0016838084680626264,-0.0003244362019362383,,
dePablo CV1,test,2,148,0.9367088607594937,212,-0.06857099913038188,-0.0696914335517825,0.006023106165230274,0.007504090201109648,-5.7313380239065737e-05,-0.0227203369140625,-0.001423373119905591,-0.009348643012344837,-0.0026210681535303593,0.0025064414367079735,-0.005127509590238333,0.000301882071653381,-0.00041650881757959723,0.0007183909183368087,0.03475020453333855,0.74598628282547,1.435468283710282,-0.07641370376720463,0.04498229938658024,-0.0017347859066765051,-0.00033427562873308044,,
dePablo CV1,test,2,149,0.9430379746835443,212,-0.06870185591343574,-0.0696914335517825,0.006068474613130093,0.007559778168797493,-5.7858047512127087e-05,-0.02290058135986328,-0.0014346649404615164,-0.009411698207259178,-0.0026432895101606846,0.0025275731459259987,-0.005170862656086683,0.0003053967375308275,-0.00042111281072720885,0.0007265095482580364,0.03498435392975807,0.7661668658256531,1.455648866710465,-0.07690089335822872,0.04563060689169458,-0.0018003821768630402,-0.0003472286278562258,,
dePablo CV1,test,2,150,0.9493670886075949,212,-0.06883280133329567,-0.0696914335517825,0.006113385781645775,0.007615227717906237,-5.848071305081248e-05,-0.023080825805664062,-0.0014459567610174417,-0.00947475340217352,-0.0026656370609998703,0.0025486755184829235,-0.005214312579482794,0.0003085317148361355,-0.00042549314093776047,0.000734024855773896,0.03521862253546715,0.7859814763069153,1.4754634771917272,-0.07739379469816114,0.0462702599058439,-0.0018549083399784267,-0.00035740408784677735,,
dePablo CV1,test,2,151,0.9556962025316456,212,-0.06893745681324732,-0.0696914335517825,0.006159085314720869,0.007671354338526726,-5.910097388550639e-05,-0.023250579833984375,-0.001456591533496976,-0.009537928737699986,-0.0026883569080382586,0.0025701550766825676,-0.0052585117518901825,0.00031206573476083577,-0.00043026768253184855,0.0007423334172926843,0.03545321896672249,0.8058739900588989,1.4953559909437109,-0.0778834755462166,0.04692460950998064,-0.0019136172525443384,-0.0003741703728360696,,
dePablo CV1,test,2,152,0.9620253164556962,212,-0.06907678101642943,-0.0696914335517825,0.0062043676152825356,0.007727313321083784,-5.890385000384413e-05,-0.023420333862304688,-0.0014672261895611882,-0.009601585566997528,-0.002710332628339529,0.0025925247464329004,-0.005302857607603073,0.0003163368091918528,-0.0004341445164754987,0.0007504813256673515,0.03568759560585022,0.8257115483283997,1.5151935492132116,-0.07837161315184245,0.047576941949764695,-0.0019737749658183894,-0.0003820918427900429,,
dePablo CV1,test,2,153,0.9683544303797469,212,-0.06919625857640355,-0.0696914335517825,0.006249411031603813,0.007782768923789263,-5.9800484450533986e-05,-0.023590087890625,-0.0014778608456254005,-0.009664039127528667,-0.0027327309362590313,0.0026131300255656242,-0.0053458609618246555,0.00031979690538719296,-0.00043939787428826094,0.0007591947796754539,0.0359216034412384,0.8457267880439758,1.5352087889287878,-0.07886037830199412,0.0482194842493054,-0.002032140293163087,-0.000389453061714124,,
dePablo CV1,test,2,154,0.9746835443037974,212,-0.06929010912667705,-0.0696914335517825,0.006294282153248787,0.007838060148060322,-6.057901919120923e-05,-0.023759841918945312,-0.0014884955016896129,-0.009727816097438335,-0.0027551099192351103,0.00263395207002759,-0.005389061756432056,0.0003228617715649307,-0.00044401982449926436,0.0007668816251680255,0.03615574538707733,0.8657552599906921,1.555237260875504,-0.07934881600690123,0.04885943167988068,-0.002084452196544518,-0.0004024905122808249,,
dePablo CV1,test,2,155,0.9810126582278481,212,-0.06939712761704295,-0.0696914335517825,0.006339224986732006,0.007893554866313934,-6.0439531807787716e-05,-0.02393054962158203,-0.0014991898788139224,-0.009790871292352676,-0.0027764588594436646,0.0026555797085165977,-0.005432038567960262,0.00032740627648308873,-0.00044828534009866416,0.0007756915874779224,0.03638989105820656,0.8857293725013733,1.5752113733861852,-0.07983304008456395,0.04950619294076289,-0.0021412815857546163,-0.0004196232623281628,,
dePablo CV1,test,2,156,0.9873417721518988,212,-0.06949574924627211,-0.0696914335517825,0.006384292151778936,0.007949122227728367,-6.133133138064295e-05,-0.024100303649902344,-0.0015098245348781347,-0.009853324852883816,-0.0027982851024717093,0.002675622468814254,-0.005473907571285963,0.0003304574347566813,-0.0004531200975179672,0.000783577561378479,0.036624033004045486,0.9056046009063721,1.595086601791184,-0.08032233017825147,0.05015038273898021,-0.0021909286933850273,-0.00042595307263597294,,
dePablo CV1,test,2,157,0.9936708860759493,212,-0.06958880263943568,-0.0696914335517825,0.006430102977901697,0.008005170151591301,-6.197076436365023e-05,-0.024280548095703125,-0.001521116471849382,-0.009917041286826134,-0.0028205912094563246,0.0026966496370732784,-0.005517240613698959,0.0003341072588227689,-0.0004580488021019846,0.000792156090028584,0.036858610808849335,0.9255693554878235,1.6150513563726354,-0.08080860355746343,0.0508054099704569,-0.0022476288433888277,-0.0004334050701070273,,
dePablo CV1,test,2,158,1.0,212,-0.0696914335517825,-0.0696914335517825,0.006474692840129137,0.008060219697654247,-6.19950151303783e-05,-0.024450302124023438,-0.0015317511279135942,-0.009980157017707825,-0.0028418730944395065,0.0027178828604519367,-0.005559755954891443,0.0003381219576112926,-0.0004621119878720492,0.0008002339163795114,0.03709312528371811,0.9457005858421326,1.6351825867269445,-0.08129091401750844,0.051445398789088034,-0.0023001778332767315,-0.00044976756290944367,,
dePablo CV1,test,3,0,0.0,212,,0.17903333525441312,0.0,0.0,0.0,0.0,0.0,0.0,0.0,0.0,0.0,0.0,0.0,0.0,0.0,-3.2672119140625,-2.577729913177688,-0.011061454037375712,-0.04256012285829269,-0.0014071064223628844,-0.001954026182535209,,
dePablo CV1,test,3,1,0.006369426751592357,212,0.246684350132626,0.17903333525441312,6.190993008203804e-05,7.192471093731001e-05,3.339131808388629e-06,0.0002498626708984375,1.56854421220487e-05,-6.243134703254327e-05,6.494150875369087e-05,-5.826324559166096e-05,0.00012320475070737302,2.5735826056916267e-06,4.104681465832982e-06,-1.5310988601413555e-06,0.0002504305448383093,-3.246290445327759,-2.5568084444429466,-0.010279173612395762,-0.04197193330607942,-0.0015091635798579538,-0.0017057779687312637,,
dePablo CV1,test,3,2,0.012738853503184714,212,0.22809346787041954,0.17903333525441312,0.00011429863661760464,0.0001332201500190422,5.7809115787677e-06,0.00047016143798828125,2.9514972993638366e-05,-0.0001261257566511631,0.0001192593335872516,-0.0001076975095202215,0.00022695685038343072,5.175888873054646e-06,6.385933829733403e-06,-1.2100449566787574e-06,0.000501694215927273,-3.225944995880127,-2.536462994995315,-0.00958526171108324,-0.04146274265482368,-0.0015891499215447888,-0.0015160840137316439,,
dePablo CV1,test,3,3,0.01910828025477707,212,0.21374180981051885,0.17903333525441312,0.0001619437534827739,0.00018926690972875804,8.874603736330755e-06,0.0006694793701171875,4.202740819891915e-05,-0.00018915855616796762,0.0001689732598606497,-0.00015122407057788223,0.0003201973158866167,8.338263796758838e-06,9.410944585397374e-06,-1.0726807886385359e-06,0.0007525550317950547,-3.20558500289917,-2.5161030020143578,-0.008945036332293122,-0.040979389862678156,-0.0016513930294397132,-0.001358193478710268,,
dePablo CV1,test,3,4,0.025477707006369428,212,0.20489296636085627,0.17903333525441312,0.00020864594262093306,0.00024437590036541224,1.1088427527283784e-05,0.0008697509765625,5.459970634547062e-05,-0.00025291313068009913,0.00021649447444360703,-0.00019431760301813483,0.0004108120920136571,1.1770672244892921e-05,1.0406185538158752e-05,1.3644867067341693e-06,0.0010033311555162072,-3.184969902038574,-2.495487901153762,-0.008309739581783679,-0.04049847380763953,-0.001704754553028153,-0.0012270124565405738,,
dePablo CV1,test,3,5,0.03184713375796178,212,0.19891500904159132,0.17903333525441312,0.0002557435363996774,0.00029989497852511704,1.3551119081967045e-05,0.0010499954223632812,6.591477722395211e-05,-0.0003165473754052073,0.000264384550973773,-0.0002372823073528707,0.0005016668583266437,1.539010372653138e-05,1.1712132618413307e-05,3.677971108118072e-06,0.0012539393501356244,-3.1647098064422607,-2.4752278055574486,-0.007665197132575204,-0.04001716422066601,-0.001753304560645584,-0.0011083051143323387,,
dePablo CV1,test,3,6,0.03821656050955414,212,0.19622273452739847,0.17903333525441312,0.00030554193654097617,0.000358011806383729,1.5900064681773074e-05,0.0012197494506835938,7.657129754079506e-05,-0.0003797004756052047,0.00031446933280676603,-0.0002826692070811987,0.0005971385398879647,1.8898599591921084e-05,1.290152795263566e-05,5.997071639285423e-06,0.0015048075001686811,-3.1443750858306885,-2.4548930849458763,-0.006987404625673063,-0.0395187481118026,-0.0017838248562049132,-0.0009858611790562034,,
dePablo CV1,test,3,7,0.044585987261146494,212,0.19533505546269564,0.17903333525441312,0.0003569679975043982,0.00041837288881652057,1.8384860595688224e-05,0.0014095306396484375,8.84850524016656e-05,-0.0004433347494341433,0.00036657953751273453,-0.00032980978721752763,0.0006963893538340926,2.2694937797496095e-05,1.4074779755901545e-05,8.62015804159455e-06,0.0017555530648678541,-3.12410831451416,-2.434626313629348,-0.006284566516675685,-0.03900208544387311,-0.0018311699371268812,-0.0008619018241857383,,
dePablo CV1,test,3,8,0.050955414012738856,212,0.19440010641127958,0.17903333525441312,0.00040776311652734876,0.0004779636801686138,2.0960267647751607e-05,0.0015697479248046875,9.85428923740983e-05,-0.0005064277211204171,0.00041835178853943944,-0.0003764312423299998,0.0007947830017656088,2.769611637631897e-05,1.4224414371710736e-05,1.3471702004608233e-05,0.0020056942012161016,-3.1039295196533203,-2.414447518768508,-0.0055902914802010255,-0.03848884278163096,-0.001864487798531619,-0.000753701817514998,,
dePablo CV1,test,3,9,0.05732484076433121,212,0.1928828988591358,0.17903333525441312,0.0004581234825309366,0.0005368659039959311,2.3389999114442617e-05,0.0017490386962890625,0.0001097981003113091,-0.0005701220943592489,0.00046916643623262644,-0.000422386423451826,0.0008915528887882829,3.1985578971216455e-05,1.4794419257668778e-05,1.7191159713547677e-05,0.002255987608805299,-3.083386182785034,-2.393904181900222,-0.004902690183777047,-0.03798125080658724,-0.0018913287638835604,-0.0006552910248863058,,
dePablo CV1,test,3,10,0.06369426751592357,212,0.1921562366964666,0.17903333525441312,0.0005084614385850728,0.0005957317189313471,2.6299314413336106e-05,0.0019197463989257812,0.00012051448720740154,-0.0006338766543194652,0.000520592846442014,-0.0004679942212533206,0.000988587038591504,3.637688496382907e-05,1.6221751138800755e-05,2.0155133825028315e-05,0.002506208373233676,-3.062671184539795,-2.3731891836549828,-0.004211303464772414,-0.03748251709280698,-0.001925293274942927,-0.0005522237968736397,,
dePablo CV1,test,3,11,0.07006369426751592,212,0.19129172714078374,0.17903333525441312,0.0005595767870545387,0.0006555749569088221,2.8910624678246677e-05,0.0020904541015625,0.000131230874103494,-0.0006969094392843544,0.0005725459195673466,-0.0005147246411070228,0.0010872705606743693,4.1831481212284416e-05,1.5989762687240727e-05,2.584171852504369e-05,0.0027570973616093397,-3.042344808578491,-2.352862807693679,-0.003510375123542191,-0.03696807759224286,-0.0019485950737265054,-0.00046214150485441593,,
dePablo CV1,test,3,12,0.07643312101910828,212,0.1908921603405463,0.17903333525441312,0.0006107174558565021,0.0007154175546020269,3.125122020719573e-05,0.002269744873046875,0.0001424860820407048,-0.0007599422824569046,0.0006241770461201668,-0.0005616745911538601,0.0011858516372740269,4.711434303317219e-05,1.538809374324046e-05,3.172624928993173e-05,0.003007567720487714,-3.0219345092773438,-2.3324525083925316,-0.002809005704805627,-0.03645562641057227,-0.001977783564897466,-0.0003786167855989799,,
dePablo CV1,test,3,13,0.08280254777070063,212,0.1905132192846034,0.17903333525441312,0.0006621259963139892,0.0007757076527923346,3.330123217892833e-05,0.0024394989013671875,0.00015314259508159012,-0.0008236968424171209,0.0006758913514204323,-0.0006092889234423637,0.0012851802166551352,5.196604979573749e-05,1.4636406376666855e-05,3.732964250957593e-05,0.003258088370785117,-3.001448631286621,-2.311966630401809,-0.0021034153106130288,-0.035936356540060894,-0.001993489917604311,-0.0002939011080103181,,
dePablo CV1,test,3,14,0.08917197452229299,212,0.18990421164664742,0.17903333525441312,0.0007127353455871344,0.0008352111326530576,3.590201595216058e-05,0.0026092529296875,0.00016379912267439067,-0.0008873310871422291,0.0007272908114828169,-0.0006554867723025382,0.001382777583785355,5.7320750784128904e-05,1.4483269296761137e-05,4.2837480577873066e-05,0.003507719375193119,-2.9808387756347656,-2.2913567747499535,-0.0014065984566525094,-0.035423480575444276,-0.0020129304896038093,-0.00021761648036960457,,
dePablo CV1,test,3,15,0.09554140127388536,212,0.18905878596516124,0.17903333525441312,0.0007624468998983502,0.0008935320074670017,3.783462670980953e-05,0.00276947021484375,0.000173856969922781,-0.0009504240588285029,0.0007769597577862442,-0.0007012905552983284,0.0014782503712922335,6.264195690164343e-05,1.3027304703427944e-05,4.961465310771018e-05,0.0037578085903078318,-2.9601926803588867,-2.2707106794740746,-0.0007243360107673015,-0.03491752424364919,-0.0020153379122326144,-0.0001505043038717452,,
dePablo CV1,test,3,16,0.10191082802547771,212,0.18873070782331028,0.17903333525441312,0.0008131708600558341,0.0009532013209536672,4.0766590245766565e-05,0.0029497146606445312,0.00018517202988732606,-0.0010141184320673347,0.0008288675453513861,-0.000747334270272404,0.0015762017574161291,6.896646664245054e-05,1.2566704754135571e-05,5.6399760069325566e-05,0.004007662646472454,-2.9394519329071045,-2.2499699320222923,-2.2604480193683884e-05,-0.03440550708642442,-0.002031268080554844,-8.633550272826283e-05,,
dePablo CV1,test,3,17,0.10828025477707007,212,0.18851740545955423,0.17903333525441312,0.000863980851136148,0.0010130895534530282,4.29086503572762e-05,0.0031099319458007812,0.00019522987713571638,-0.0010778128635138273,0.0008799248025752604,-0.000794107501860708,0.0016740323044359684,7.447792449966073e-05,1.1339370757923461e-05,6.313855556072667e-05,0.004257647320628166,-2.9189608097076416,-2.2294788088228294,0.0006810862797954827,-0.03389082584185986,-0.0020432957357979084,-2.5357776923768478e-05,,
dePablo CV1,test,3,18,0.11464968152866242,212,0.18821511988883305,0.17903333525441312,0.0009159631445072591,0.0010738552082329988,4.587252260535024e-05,0.0032796859741210938,0.00020588640472851694,-0.0011409057769924402,0.0009330331231467426,-0.0008412880706600845,0.001774321193806827,8.105653250822797e-05,1.0688512702472508e-05,7.036801980575547e-05,0.004507575184106827,-2.8984487056732178,-2.2089667047884056,0.0013959614201755062,-0.033367863940424874,-0.002051423626068556,2.951125401672959e-05,,
dePablo CV1,test,3,19,0.12101910828025478,212,0.1878309101605177,0.17903333525441312,0.0009663014207035303,0.0011331499554216862,4.808316589333117e-05,0.003459930419921875,0.000217201464693062,-0.0012039386201649904,0.0009837911929935217,-0.0008876249194145203,0.001871416112408042,8.752181747695431e-05,8.644492481835186e-06,7.887732499511912e-05,0.0047575002536177635,-2.8777735233306885,-2.1882915224458763,0.002090512025119061,-0.03285322460249285,-0.0020547427626179866,8.115083844404802e-05,,
dePablo CV1,test,3,20,0.12738853503184713,212,0.18737026983873542,0.17903333525441312,0.0010162966791540384,0.0011922309640794992,5.0434791774023324e-05,0.003620147705078125,0.00022725931194145232,-0.0012676931219175458,0.0010342234745621681,-0.0009333539637736976,0.0019675774965435266,9.382313874084502e-05,7.0464307100337464e-06,8.677670848555863e-05,0.005007939413189888,-2.856890916824341,-2.1674089159395287,0.0027840693894349822,-0.03234128948183183,-0.0020575107357920686,0.00012671733694980447,,
dePablo CV1,test,3,21,0.1337579617834395,212,0.18707551951343132,0.17903333525441312,0.0010668248869478703,0.0012517450377345085,5.308906838763505e-05,0.003780364990234375,0.00023731715918984264,-0.0013313274830579758,0.0010857298038899899,-0.0009795516962185502,0.0020652813836932182,0.0001003124489216134,5.865676030225586e-06,9.444677561987191e-05,0.005257762968540192,-2.8361306190490723,-2.14664861816426,0.003484416997022251,-0.03182899167582383,-0.0020636256436051452,0.00017252709562858134,,
dePablo CV1,test,3,22,0.14012738853503184,212,0.18681956742633182,0.17903333525441312,0.001117875799536705,0.001312163774855435,5.562813385040499e-05,0.0039501190185546875,0.0002479736867826432,-0.0013944203965365887,0.0011373814195394516,-0.001026125275529921,0.002163506578654051,0.00010721429134719074,4.041970896651037e-06,0.0001031723222695291,0.005507894791662693,-2.8155770301818848,-2.1260950292970726,0.004198007315268331,-0.031310557797055626,-0.0020637762857292135,0.00021078600074245747,,
dePablo CV1,test,3,23,0.1464968152866242,212,0.1866583368041094,0.17903333525441312,0.001169513096101582,0.001372914295643568,5.8430272474652156e-05,0.004119873046875,0.00025863019982352853,-0.0014581148279830813,0.001190104871056974,-0.001073244377039373,0.002263349248096347,0.00011434411135269329,2.5164292765111895e-06,0.00011182768503203988,0.0057580494321882725,-2.79490327835083,-2.105421277466018,0.0049086149207456095,-0.030781427552805746,-0.002063742385489871,0.00025125716119093225,,
dePablo CV1,test,3,24,0.15286624203821655,212,0.1864993125471238,0.17903333525441312,0.0012206505052745342,0.0014330691192299128,6.074178236303851e-05,0.00428009033203125,0.00026868804707191885,-0.0015218693297356367,0.001241819467395544,-0.0011203358881175518,0.002362155355513096,0.00012123767373850569,2.4588234737166204e-07,0.00012099179002689198,0.006007538177073002,-2.774158477783203,-2.084676476898391,0.005619322125216824,-0.030266735761086568,-0.00205730124323428,0.0002920368606341438,,
dePablo CV1,test,3,25,0.1592356687898089,212,0.18636634590820064,0.17903333525441312,0.0012714812764897943,0.0014932946069166064,6.347250018734485e-05,0.0044498443603515625,0.0002793445601128042,-0.001584902172908187,0.0012934458209201694,-0.0011665007332339883,0.0024599465541541576,0.0001287268241867423,-1.7818397282098886e-06,0.00013050866255071014,0.006257697008550167,-2.7533998489379883,-2.063917848053176,0.006328900867887593,-0.029747545485350423,-0.002050436637055021,0.00032412986073451506,,
dePablo CV1,test,3,26,0.16560509554140126,212,0.1860108081552444,0.17903333525441312,0.001321809133514762,0.0015526377828791738,6.561285408679396e-05,0.0046100616455078125,0.0002894024073611945,-0.0016479348996654153,0.0013440237380564213,-0.001212797942571342,0.002556821797043085,0.00013522490917239338,-3.99920463678427e-06,0.00013922411017119884,0.006507835816591978,-2.7324490547180176,-2.0429670538332054,0.00702500243883922,-0.029231308775784275,-0.002044313117678068,0.00035336145984133624,,
dePablo CV1,test,3,27,0.17197452229299362,212,0.1857641284421754,0.17903333525441312,0.0013724060263484716,0.001612360472790897,6.807425961596891e-05,0.0047702789306640625,0.0002994602546095848,-0.0017116895178332925,0.0013953427551314235,-0.0012591942213475704,0.0026545370928943157,0.00014274600835051388,-6.59748911857605e-06,0.00014934349746908993,0.00675748148933053,-2.7115564346313477,-2.0220744337465355,0.007726805907245945,-0.02871550435186814,-0.0020359165427804617,0.00039008640141069265,,
dePablo CV1,test,3,28,0.17834394904458598,212,0.185713199513382,0.17903333525441312,0.0014238152652978897,0.0016732816584408283,7.082589581841603e-05,0.004940032958984375,0.00031011676765047014,-0.0017753237625584006,0.00144781987182796,-0.0013061680365353823,0.0027539879083633423,0.0001504827378084883,-8.830918886815198e-06,0.0001593136548763141,0.007006867788732052,-2.6906840801239014,-2.001202079239089,0.008443001480061081,-0.028187548308033383,-0.0020274519403991422,0.0004146885845981208,,
dePablo CV1,test,3,29,0.18471337579617833,212,0.18565896452364783,0.17903333525441312,0.0014754871372133493,0.0017343623330816627,7.302022277144715e-05,0.0051097869873046875,0.00032077328069135547,-0.0018384166760370135,0.0014997583348304033,-0.0013537178747355938,0.002853476209565997,0.00015792182239238173,-1.1881386853929143e-05,0.00016980321379378438,0.007257012650370598,-2.669943332672119,-1.9804613317873072,0.009162030690177046,-0.027660157430430207,-0.0020206220630069023,0.0004399760612712661,,
dePablo CV1,test,3,30,0.1910828025477707,212,0.18541777541245344,0.17903333525441312,0.0015256493352353573,0.0017935795476660132,7.577240467071533e-05,0.0052700042724609375,0.0003308311279397458,-0.0019021111074835062,0.0015507995849475265,-0.0013992547756060958,0.0029500543605536222,0.00016613048501312733,-1.458568476664368e-05,0.00018071617523673922,0.007506920490413904,-2.6490612030029297,-1.9595792021181178,0.00985331430464076,-0.027140577073227985,-0.0020087564559061054,0.0004605141761589944,,
dePablo CV1,test,3,31,0.19745222929936307,212,0.18512859252137487,0.17903333525441312,0.001575433649122715,0.0018526737112551928,7.834362622816116e-05,0.0054302215576171875,0.0003408889751881361,-0.0019658056553453207,0.0016012078849598765,-0.0014445206616073847,0.0030457284301519394,0.00017362927610520273,-1.6942023648880422e-05,0.00019057129975408316,0.0077566178515553474,-2.6277921199798584,-1.9383101190950465,0.010552354462296376,-0.026634102955648758,-0.0019920601264020693,0.0004778951316166772,,
dePablo CV1,test,3,32,0.20382165605095542,212,0.18487227248536456,0.17903333525441312,0.0016255496302619576,0.001912217470817268,8.042462286539376e-05,0.005579948425292969,0.00035028826096095145,-0.0020288985688239336,0.001651450409553945,-0.0014906011056154966,0.00314205139875412,0.00018133285630028695,-2.0483626940404065e-05,0.0002018164814217016,0.008006363175809383,-2.606886863708496,-1.9174048628236842,0.011252855531186172,-0.026118650642816182,-0.0019783545251395793,0.0004961010734404931,,
dePablo CV1,test,3,33,0.21019108280254778,212,0.1848238045318926,0.17903333525441312,0.0016770334914326668,0.0019727670587599277,8.302204514620826e-05,0.005749702453613281,0.0003609447740018368,-0.002091931411996484,0.0017036519711837173,-0.0015376079827547073,0.0032412600703537464,0.00018930576334241778,-2.3261669412022457e-05,0.00021256743639241904,0.008256051689386368,-2.585836410522461,-1.896354409637649,0.011963107535781907,-0.025592603618006762,-0.001962866470022567,0.000514622451293497,,
dePablo CV1,test,3,34,0.21656050955414013,212,0.184759638714525,0.17903333525441312,0.0017283438937738538,0.002033821539953351,8.553384395781904e-05,0.00592041015625,0.00037166118272580206,-0.0021556857973337173,0.0017556019593030214,-0.0015845344169065356,0.0033401362597942352,0.00019712725770659745,-2.6059578885906376e-05,0.00022318684204947203,0.008506028912961483,-2.5651116371154785,-1.8756296362306666,0.012678984415284393,-0.0250620928492916,-0.0019597513410787052,0.0005311591880150596,,
dePablo CV1,test,3,35,0.2229299363057325,212,0.18467831455377645,0.17903333525441312,0.0017792799044400454,0.0020941034890711308,8.811514999251813e-05,0.00608062744140625,0.0003817190008703619,-0.0022193200420588255,0.0018074256367981434,-0.0016311953077092767,0.0034386208280920982,0.0002055574004771188,-2.9327084121177904e-05,0.0002348844864172861,0.008756155148148537,-2.544034481048584,-1.854552480163772,0.013389135025578343,-0.02454295368515374,-0.0019402754019452204,0.0005528992331855785,,
dePablo CV1,test,3,36,0.22929936305732485,212,0.1844147780192487,0.17903333525441312,0.0018293143948540092,0.002153452718630433,9.067160135600716e-05,0.006239891052246094,0.00039171698153950274,-0.0022824129555374384,0.0018580412724986672,-0.0016766980988904834,0.0035347393713891506,0.0002136534167220816,-3.231020673410967e-05,0.0002459636307321489,0.009006076492369175,-2.522899627685547,-1.833417626800735,0.014085501858730183,-0.024026623441390685,-0.0019216229010737289,0.0005628933132091357,,
dePablo CV1,test,3,37,0.2356687898089172,212,0.18423475258918298,0.17903333525441312,0.0018796813674271107,0.00221303035505116,9.308714652433991e-05,0.0063991546630859375,0.00040171496220864356,-0.002345506101846695,0.001908940845169127,-0.0017227664357051253,0.0036317072808742523,0.00022154154430609196,-3.53672330675181e-05,0.00025690876645967364,0.009255741722881794,-2.501570224761963,-1.812088223877151,0.014787698547415589,-0.02351326074468668,-0.00190420078591281,0.000575405206989415,,
dePablo CV1,test,3,38,0.24203821656050956,212,0.18420684052774589,0.17903333525441312,0.0019307350739836693,0.0022734233643859625,9.543819760438055e-05,0.006569862365722656,0.0004124313418287784,-0.002409200416877866,0.001960476627573371,-0.0017696002032607794,0.0037300768308341503,0.00022915887529961765,-3.828249828075059e-05,0.00026744138449430466,0.009505721740424633,-2.4805595874786377,-1.7910775865938258,0.015496701278272474,-0.022989119696774165,-0.0018873476509294056,0.0005855570401100252,,
dePablo CV1,test,3,39,0.2484076433121019,212,0.18418646542665704,0.17903333525441312,0.0019821831956505775,0.002334670629352331,9.773696365300566e-05,0.0067291259765625,0.0004224293224979192,-0.0024728947319090366,0.0020123852882534266,-0.0018169113900512457,0.0038292966783046722,0.00023742813209537417,-4.1954182961490005e-05,0.00027938230778090656,0.00975589919835329,-2.459462881088257,-1.769980880203445,0.016218210482441067,-0.022461100740936372,-0.001872282822839537,0.000594962319809218,,
dePablo CV1,test,3,40,0.25477707006369427,212,0.1840438554473362,0.17903333525441312,0.0020336948800832033,0.0023954908829182386,0.00010044065857073292,0.00688934326171875,0.0004324871697463095,-0.002535326173529029,0.002064724685624242,-0.0018638432957231998,0.003928568214178085,0.00024621476768516004,-4.533343235380016e-05,0.000291548203676939,0.010005253367125988,-2.4381279945373535,-1.7486459936525416,0.016935681759050265,-0.021937589647529187,-0.0018516909342343093,0.0006002814601618966,,
dePablo CV1,test,3,41,0.2611464968152866,212,0.18397653075794748,0.17903333525441312,0.0020844091195613146,0.0024558010045439005,0.00010302207374479622,0.007049560546875,0.00044254501699469984,-0.0025990204885601997,0.00211613392457366,-0.001910089747980237,0.0040262239053845406,0.00025482563069090247,-4.8781486839288846e-05,0.0003036071138922125,0.010255363769829273,-2.4170989990234375,-1.7276169981386256,0.017640140508712338,-0.021409621194125,-0.0018331892456389528,0.0006081921774896506,,
dePablo CV1,test,3,42,0.267515923566879,212,0.1838157027725683,0.17903333525441312,0.002133981790393591,0.002514858730137348,0.00010518413182580844,0.00720977783203125,0.0004526028351392597,-0.0026627150364220142,0.0021659950725734234,-0.001955626765266061,0.004121622070670128,0.0002631069510243833,-5.2738698286702856e-05,0.00031584565294906497,0.010504976846277714,-2.3956198692321777,-1.7061378683473658,0.018338867217866435,-0.020904075963187694,-0.0018079014488694162,0.000613457310267132,,
dePablo CV1,test,3,43,0.27388535031847133,212,0.1836118331476668,0.17903333525441312,0.0021847961470484734,0.002574771409854293,0.00010772074165288359,0.0073699951171875,0.00046266068238765,-0.0027257478795945644,0.0022173847537487745,-0.002001943066716194,0.004219328053295612,0.0002715137670747936,-5.607227285508998e-05,0.00032758605084382,0.010754781775176525,-2.374441623687744,-1.6849596228029322,0.01904246062227233,-0.0203840509755688,-0.001791380459090566,0.0006115573844249945,,
dePablo CV1,test,3,44,0.2802547770700637,212,0.18358633202298155,0.17903333525441312,0.0022355052642524242,0.002635352313518524,0.00011043171252822503,0.00753021240234375,0.00047271852963604033,-0.002789502264931798,0.002269089687615633,-0.0020482263062149286,0.004317316226661205,0.0002800624060910195,-5.919895556871779e-05,0.0003392613725736737,0.011004522442817688,-2.353182554244995,-1.6637005533601832,0.019752111159039434,-0.01985711861236634,-0.0017648623554259088,0.0006210681546598281,,
dePablo CV1,test,3,45,0.28662420382165604,212,0.18357716461864157,0.17903333525441312,0.002286823932081461,0.0026962552219629288,0.00011289929534541443,0.007689476013183594,0.00048271651030518115,-0.0028531367424875498,0.0023209238424897194,-0.002095125149935484,0.004416048992425203,0.00028914600261487067,-6.334742647595704e-05,0.0003524934290908277,0.011254547163844109,-2.3319880962371826,-1.6425060953523707,0.020467887088420993,-0.019329989622479386,-0.001744286118388072,0.0006223873999331422,,
dePablo CV1,test,3,46,0.2929936305732484,212,0.1835157461184256,0.17903333525441312,0.0023380103521049023,0.002757085021585226,0.00011514306243043393,0.007860183715820312,0.0004934328608214855,-0.0029162897262722254,0.0023722744081169367,-0.0021419881377369165,0.004514262545853853,0.0002972372167278081,-6.695109914289787e-05,0.0003641883085947484,0.011504124850034714,-2.3107008934020996,-1.6212188925172877,0.021182791087612913,-0.018803990268134396,-0.00172256192222606,0.0006269417895080146,,
dePablo CV1,test,3,47,0.29936305732484075,212,0.18337466453782655,0.17903333525441312,0.0023885134141892195,0.002817035187035799,0.00011727902892744169,0.008009910583496094,0.0005028321756981313,-0.0029799239709973335,0.0024228980764746666,-0.002188340062275529,0.004611237905919552,0.00030565043562091887,-7.109237049007788e-05,0.00037674279883503914,0.011753985658288002,-2.289269208908081,-1.5997872080232691,0.02188796239665661,-0.01828612040567027,-0.0017023220577065035,0.0006289643182883925,,
dePablo CV1,test,3,48,0.3057324840764331,212,0.18317089667254322,0.17903333525441312,0.002438404131680727,0.0028761127032339573,0.00012003527081105858,0.008159637451171875,0.0005122314905747771,-0.0030436785891652107,0.0024737517815083265,-0.0022336815018206835,0.00470743328332901,0.00031498316093347967,-7.491263386327773e-05,0.00038989580934867263,0.01200325321406126,-2.2678327560424805,-1.5783507551576685,0.022585829620162663,-0.017778991280446264,-0.0016781901167185595,0.000624429220982152,,
dePablo CV1,test,3,49,0.31210191082802546,212,0.18310379284876396,0.17903333525441312,0.0024885213933885098,0.0029360565822571516,0.0001228209730470553,0.008329391479492188,0.000522887974511832,-0.003106711432337761,0.0025248918682336807,-0.0022792499512434006,0.004804141819477081,0.00032386850216425955,-7.822659972589463e-05,0.00040209508733823895,0.012253266759216785,-2.246443748474121,-1.5569617475893092,0.02328699664283216,-0.017255425356316446,-0.0016575857043034448,0.0006164884545633792,,
dePablo CV1,test,3,50,0.3184713375796178,212,0.18305586306735927,0.17903333525441312,0.002539584646001458,0.002996590454131365,0.00012487808999139816,0.008489608764648438,0.0005329458508640528,-0.0031704057473689318,0.002576227532699704,-0.0023264712654054165,0.004902699030935764,0.00033197604352608323,-8.221986354328692e-05,0.00041419590706937015,0.012502404861152172,-2.224935531616211,-1.535453530731399,0.02399597696425881,-0.016729486098504616,-0.0016360584674599502,0.0006261705531940408,,
dePablo CV1,test,3,51,0.3248407643312102,212,0.18304009350280717,0.17903333525441312,0.002591340569779277,0.003057976486161351,0.00012730297748930752,0.008649826049804688,0.0005430036690086126,-0.0032334986608475447,0.002628621179610491,-0.002374015050008893,0.0050026364624500275,0.0003409741912037134,-8.636827260488644e-05,0.00042734245653264225,0.012752029113471508,-2.2035574913024902,-1.5140754904176783,0.024719959182410694,-0.016202948741267344,-0.0016114332677477524,0.0006338198563185697,,
dePablo CV1,test,3,52,0.33121019108280253,212,0.18297663278779133,0.17903333525441312,0.0026419959031045437,0.0031183597166091204,0.0001299342984566465,0.008810043334960938,0.0005530615453608334,-0.003296531504020095,0.0026799850165843964,-0.0024201166816055775,0.005100101698189974,0.000349624315276742,-8.975574019132182e-05,0.0004393800627440214,0.01300186850130558,-2.1821367740631104,-1.4926547731782984,0.025424223506220076,-0.015674385217320147,-0.001582620169226909,0.0006406082232212282,,
dePablo CV1,test,3,53,0.3375796178343949,212,0.1829282988551918,0.17903333525441312,0.0026926063001155853,0.0031786246690899134,0.00013230106560513377,0.008970260620117188,0.0005631193635053933,-0.003359564347192645,0.0027310384903103113,-0.002466436242684722,0.005197474732995033,0.0003585754311643541,-9.39732781262137e-05,0.00045254870201461017,0.013251867145299911,-2.160454034805298,-1.470972033920486,0.026132686530102617,-0.015153459574444656,-0.001563210556982053,0.0006367768686828359,,
dePablo CV1,test,3,54,0.34394904458598724,212,0.18274917205488092,0.17903333525441312,0.002742545213550329,0.0032380458433181047,0.00013447011588141322,0.009129524230957031,0.0005731173441745341,-0.0034233189653605223,0.002781209070235491,-0.002512268489226699,0.005293477326631546,0.0003671563172247261,-9.821604908211157e-05,0.00046537237358279526,0.013501601293683052,-2.138911008834839,-1.449429007950027,0.026831920795407506,-0.014640423027798093,-0.0015390365470612677,0.0006282165690525946,,
dePablo CV1,test,3,55,0.3503184713375796,212,0.1826248512235952,0.17903333525441312,0.0027924831956624985,0.0032972705084830523,0.00013722904259338975,0.009279251098632812,0.000582516600843519,-0.0034869532100856304,0.002831911901012063,-0.0025574539322406054,0.005389365833252668,0.00037594884634017944,-0.00010149076115339994,0.0004774396074935794,0.013751646503806114,-2.11729097366333,-1.4278089727785181,0.027526200155057724,-0.014126574289623231,-0.0015104853250470806,0.0006276610991276353,,
dePablo CV1,test,3,56,0.35668789808917195,212,0.18265282846715328,0.17903333525441312,0.0028443012852221727,0.0033587380312383175,0.00014001078670844436,0.009449958801269531,0.0005932330386713147,-0.003550106193870306,0.0028844692278653383,-0.0026044477708637714,0.005488917231559753,0.00038508488796651363,-0.00010506329272175208,0.0004901482025161386,0.014001386240124702,-2.0957226753234863,-1.4062406744386744,0.028246133769840105,-0.01359201397410254,-0.0014894847375414967,0.0006216858385072614,,
dePablo CV1,test,3,57,0.3630573248407643,212,0.18261949447696949,0.17903333525441312,0.0028959617484360933,0.003419881919398904,0.0001422546338289976,0.009609222412109375,0.0006032309611327946,-0.003613740438595414,0.002936405362561345,-0.0026518963277339935,0.005588301457464695,0.000393548485590145,-0.000109039232484065,0.0005025877035222948,0.014251022599637508,-2.0743203163146973,-1.3848383154298853,0.028964268694110895,-0.013063484040161727,-0.0014657150695715452,0.0006206518061905704,,
dePablo CV1,test,3,58,0.36942675159235666,212,0.18250807517251505,0.17903333525441312,0.0029460203368216753,0.003479883074760437,0.00014459995145443827,0.009769439697265625,0.0006132888374850154,-0.0036761718802154064,0.0029868644196540117,-0.0026976645458489656,0.005684528965502977,0.00040252733742818236,-0.00011332746362313628,0.0005158548010513186,0.01450084988027811,-2.0525481700897217,-1.3630661692049097,0.029672312368065216,-0.01254844407944459,-0.0014406802608937506,0.0006095063948632767,,
dePablo CV1,test,3,59,0.37579617834394907,212,0.1823987876163672,0.17903333525441312,0.0029961911495774984,0.0035394271835684776,0.00014738659956492484,0.009920120239257812,0.0006227479898370802,-0.0037399264983832836,0.0030379011295735836,-0.002743127988651395,0.005781029351055622,0.00041100988164544106,-0.00011623668251559138,0.0005272465641610324,0.014750615693628788,-2.0308849811553955,-1.3414029802705836,0.03037359150643237,-0.012035985429644689,-0.00141253446661097,0.0006029703838181239,,
dePablo CV1,test,3,60,0.3821656050955414,212,0.182370578008019,0.17903333525441312,0.0030463282018899918,0.0035994446370750666,0.00014947110321372747,0.010068893432617188,0.0006320874090306461,-0.0038042825181037188,0.0030882670544087887,-0.0027893250808119774,0.005877592135220766,0.00042013806523755193,-0.0001211958151543513,0.000541333865839988,0.014999911189079285,-2.009110450744629,-1.319628449859817,0.031073618856481067,-0.01151039282351278,-0.0013789341954249883,0.0005978739433975475,,
dePablo CV1,test,3,61,0.3885350318471338,212,0.18220682795745832,0.17903333525441312,0.003096395405009389,0.0036592045798897743,0.00015192976570688188,0.010239601135253906,0.0006428037886507809,-0.0038673151284456253,0.003138724947348237,-0.002834865590557456,0.005973590537905693,0.0004287463962100446,-0.00012488690845202655,0.0005536333192139864,0.015250313095748425,-1.9874213933944702,-1.2979393925096583,0.031773526002378844,-0.010990189921496744,-0.0013567874818321735,0.0005803745049962159,,
dePablo CV1,test,3,62,0.39490445859872614,212,0.1822224129790978,0.17903333525441312,0.003148194868117571,0.0037208066787570715,0.00015477335546165705,0.010389328002929688,0.0006522031035274267,-0.0039303479716181755,0.003191486233845353,-0.0028819397557526827,0.006073425989598036,0.00043808549526147544,-0.00012853876978624612,0.0005666242795996368,0.015499810688197613,-1.9657429456710815,-1.2762609447862696,0.032493099406308144,-0.010453037994744117,-0.0013277384850302195,0.0005794207900869723,,
dePablo CV1,test,3,63,0.4012738853503185,212,0.1822659266205405,0.17903333525441312,0.0032000322826206684,0.003782376181334257,0.0001572028559166938,0.01055908203125,0.0006628595874644816,-0.003993440885096788,0.0032437515910714865,-0.0029293459374457598,0.006173097528517246,0.0004472328000701964,-0.000132827102788724,0.0005800598883070052,0.015749294310808182,-1.9441667795181274,-1.2546847786333155,0.033220164700762625,-0.009926506014307966,-0.0013011137012976565,0.0005784066735480342,,
dePablo CV1,test,3,64,0.40764331210191085,212,0.18222188957912333,0.17903333525441312,0.003250549314543605,0.00384259270504117,0.00015947931387927383,0.01071929931640625,0.0006729174638167024,-0.004057135432958603,0.0032946779392659664,-0.002975719515234232,0.006270397454500198,0.000455385132227093,-0.00013642650446854532,0.0005918116075918078,0.015998637303709984,-1.9222890138626099,-1.232807012977798,0.03392752306253714,-0.009406987561214055,-0.0012801323188884025,0.0005800264173478671,,
dePablo CV1,test,3,65,0.4140127388535032,212,0.182137534596551,0.17903333525441312,0.00330083048902452,0.0039025600999593735,0.00016200364916585386,0.0108795166015625,0.0006829752819612622,-0.004120829980820417,0.003345514414831996,-0.003021507291123271,0.006367021705955267,0.0004644497239496559,-0.00014044245472177863,0.0006048921495676041,0.016248216852545738,-1.9004137516021729,-1.210931750717361,0.03463037038263532,-0.008886342947574025,-0.0012502013996605883,0.0005673928086514974,,
dePablo CV1,test,3,66,0.42038216560509556,212,0.1819948552121217,0.17903333525441312,0.003350806888192892,0.003961916547268629,0.00016436359146609902,0.011030197143554688,0.0006924344343133271,-0.004184524063020945,0.003395624691620469,-0.0030668973922729492,0.006462521851062775,0.00047290223301388323,-0.00014417505008168519,0.0006170772830955684,0.01649836078286171,-1.878426432609558,-1.1889444317247462,0.03532651285482773,-0.008371838739655102,-0.0012161349791631963,0.0005529263875600098,,
dePablo CV1,test,3,67,0.4267515923566879,212,0.18193589387139056,0.17903333525441312,0.003401349065825343,0.004022210370749235,0.00016674316429998726,0.011190414428710938,0.0007024923106655478,-0.004247556906193495,0.0034465680364519358,-0.0031130819115787745,0.00655964994803071,0.00048209703527390957,-0.00014861069212201983,0.0006307077128440142,0.01674775406718254,-1.856522798538208,-1.167040797653396,0.036034753367762996,-0.007850703300059908,-0.0011895530076511472,0.0005397287915670499,,
dePablo CV1,test,3,68,0.43312101910828027,212,0.1818914709266376,0.17903333525441312,0.0034522104542702436,0.004082783591002226,0.00016927532851696014,0.011349678039550781,0.0007124902913346887,-0.004311311524361372,0.003497963771224022,-0.0031594131141901016,0.0066573768854141235,0.0004909266135655344,-0.00015237589832395315,0.0006433025118894875,0.01699722744524479,-1.8347349166870117,-1.1452529158021998,0.03674329672965443,-0.007323671808440368,-0.0011696871023393351,0.0005324968631651301,,
dePablo CV1,test,3,69,0.4394904458598726,212,0.18188619867794859,0.17903333525441312,0.003503882559016347,0.004144251346588135,0.00017139222472906113,0.011508941650390625,0.0007224882137961686,-0.004374344367533922,0.0035498591605573893,-0.0032070749439299107,0.006756934337317944,0.000499503395985812,-0.00015671896107960492,0.0006562223425135016,0.01724696345627308,-1.8129323720932007,-1.1234503712083888,0.0374661644474084,-0.006794813005674974,-0.0011365522872670733,0.0005339360976823774,,
dePablo CV1,test,3,70,0.445859872611465,212,0.1818679480551078,0.17903333525441312,0.0035546966828405857,0.004204596858471632,0.00017417520575691015,0.011669158935546875,0.0007325460901483893,-0.004437437281012535,0.00360132590867579,-0.003252975409850478,0.006854301318526268,0.0005090335034765303,-0.00016068309196271002,0.0006697166245430708,0.01749722845852375,-1.790993332862854,-1.101511331978042,0.03817219777059054,-0.006269728398757123,-0.0011093820042215954,0.0005213530883210294,,
dePablo CV1,test,3,71,0.45222929936305734,212,0.1817779743476338,0.17903333525441312,0.0036051806528121233,0.004264633636921644,0.00017637918062973768,0.011829376220703125,0.0007426039082929492,-0.00450113182887435,0.0036519174464046955,-0.0032991592306643724,0.006951076909899712,0.0005173183744773269,-0.0001645601005293429,0.0006818784750066698,0.017746254801750183,-1.768887996673584,-1.079405995788772,0.03887675844419217,-0.005750790470890537,-0.0010764211781528097,0.0005150405796449125,,
dePablo CV1,test,3,72,0.4585987261146497,212,0.18169050522970026,0.17903333525441312,0.0036556425038725138,0.004324648529291153,0.00017917038348969072,0.011980056762695312,0.000752063060645014,-0.0045641646720469,0.0037032822147011757,-0.003344941418617964,0.0070482236333191395,0.0005263668135739863,-0.0001680260756984353,0.0006943928892724216,0.017996124923229218,-1.7469574213027954,-1.0574754204179835,0.039577275633206906,-0.0052266663381137024,-0.0010499523363561567,0.0005043487039971608,,
dePablo CV1,test,3,73,0.46496815286624205,212,0.18164652017322583,0.17903333525441312,0.0037056179717183113,0.004384345840662718,0.00018121655739378184,0.012140274047851562,0.0007621209369972348,-0.004627919290214777,0.003753301687538624,-0.0033908686600625515,0.007144170347601175,0.0005355878965929151,-0.0001731547963572666,0.0007087427075020969,0.018246015533804893,-1.7248058319091797,-1.0353238310243678,0.040279987321593415,-0.004713211022629712,-0.0010218536759901912,0.0004917283785154855,,
dePablo CV1,test,3,74,0.4713375796178344,212,0.18161483356828448,0.17903333525441312,0.003756926627829671,0.0044454545713961124,0.0001836706360336393,0.012300491333007812,0.0007721787551417947,-0.00469095166772604,0.003805021056905389,-0.003437679959461093,0.007242701016366482,0.0005441592657007277,-0.0001768180081853643,0.0007209772593341768,0.018495656549930573,-1.702838659286499,-1.013356658401687,0.040995183862855916,-0.004182595077864125,-0.0009900852260651674,0.00048447670288939145,,
dePablo CV1,test,3,75,0.47770700636942676,212,0.18159173970123835,0.17903333525441312,0.0038080797530710697,0.00450647110119462,0.00018653050938155502,0.012460708618164062,0.0007822366314940155,-0.004754646215587854,0.00385701353661716,-0.0034839524887502193,0.0073409657925367355,0.0005536177777685225,-0.0001805567735573277,0.0007341745658777654,0.018744809553027153,-1.6808847188949585,-0.9914027180101466,0.041711129144620024,-0.0036545272677684796,-0.000965077924973701,0.0004686669659180925,,
dePablo CV1,test,3,76,0.4840764331210191,212,0.1816119160498323,0.17903333525441312,0.0038589683827012777,0.004567015916109085,0.00018920157162938267,0.0126190185546875,0.0007921747164800763,-0.004817739129066467,0.003908506128937006,-0.003530103014782071,0.007438609376549721,0.000563071807846427,-0.00018466862093191594,0.0007477404433302581,0.01899484172463417,-1.658864974975586,-0.969382974090774,0.0424271824355901,-0.00313956594658135,-0.0009327803070337871,0.0004679606491866561,,
dePablo CV1,test,3,77,0.49044585987261147,212,0.18153542028103983,0.17903333525441312,0.00390942208468914,0.004627066198736429,0.00019102482474409044,0.012769699096679688,0.0008016338688321412,-0.004881433676928282,0.003958744928240776,-0.0035766949877142906,0.007535439915955067,0.0005708716926164925,-0.00018882199947256595,0.0007596936775371432,0.01924470253288746,-1.636569619178772,-0.94708761829396,0.04312895450329763,-0.0026166721884014203,-0.0009112470869602592,0.000460496176928261,,
dePablo CV1,test,3,78,0.4968152866242038,212,0.18143111553866414,0.17903333525441312,0.003959724213927984,0.0046866885386407375,0.00019378190336283296,0.012929916381835938,0.000811691686976701,-0.004945128224790096,0.004009676165878773,-0.0036221123300492764,0.007631788495928049,0.0005801781662739813,-0.00019261428678873926,0.0007727924385108054,0.01949472539126873,-1.61449134349823,-0.925009342613418,0.043826795454096304,-0.0020985305262551613,-0.0008836367874676144,0.00044357563172392733,,
dePablo CV1,test,3,79,0.5031847133757962,212,0.18137353975504264,0.17903333525441312,0.0040096319280564785,0.004746211227029562,0.00019602704560384154,0.01309967041015625,0.0008223482291214168,-0.0050081610679626465,0.00405982555821538,-0.0036677715834230185,0.0077275969088077545,0.0005883025005459785,-0.00019624843844212592,0.000784550909884274,0.019744427874684334,-1.5921844244003296,-0.9027024235155177,0.044525780032611574,-0.001585317816764595,-0.000855317281114553,0.00044003915208862916,,
dePablo CV1,test,3,80,0.5095541401273885,212,0.18135490609594646,0.17903333525441312,0.004060476552695036,0.00480673648416996,0.0001986343413591385,0.013250350952148438,0.0008318073814734817,-0.005071915220469236,0.004111164715141058,-0.0037138962652534246,0.007825060747563839,0.0005975107196718454,-0.000200242007849738,0.0007977527566254139,0.019993454217910767,-1.569972038269043,-0.880490037384231,0.04523400323295993,-0.0010596906567903906,-0.0008269587107555294,0.000432587052728943,,
dePablo CV1,test,3,81,0.5159235668789809,212,0.1812996911755043,0.17903333525441312,0.004111902788281441,0.004867729265242815,0.00020136014791205525,0.013400077819824219,0.0008412066963501275,-0.005134948063641787,0.00416320376098156,-0.003760483581572771,0.007923686876893044,0.0006067559006623924,-0.00020403560483828187,0.0008107915055006742,0.02024373970925808,-1.5478689670562744,-0.8583869661714625,0.045946748195661045,-0.0005289100296836276,-0.0007901395125965924,0.0004226153426375394,,
dePablo CV1,test,3,82,0.5222929936305732,212,0.18130602124994322,0.17903333525441312,0.004162904806435108,0.004928735550493002,0.00020367896649986506,0.013569831848144531,0.0008518631802871823,-0.0051980409771203995,0.004214674700051546,-0.0038073163013905287,0.008021990768611431,0.000615351484157145,-0.00020799350750166923,0.000823344977106899,0.020493552088737488,-1.5258904695510864,-0.8364084686662745,0.046662124900828564,-1.1943365554864234e-06,-0.0007685826876661259,0.0004144417241931375,,
dePablo CV1,test,3,83,0.5286624203821656,212,0.18124222487271235,0.17903333525441312,0.004213043488562107,0.004988506902009249,0.0002062385028693825,0.013730049133300781,0.0008619210566394031,-0.005261735524982214,0.004265328403562307,-0.0038528512232005596,0.008118179626762867,0.0006244926480576396,-0.00021201561321504414,0.0008365082321688533,0.02074298821389675,-1.5035256147384644,-0.8140436138536524,0.04736608914129349,0.0005116662186320433,-0.0007349606976065158,0.0004002521323346191,,
dePablo CV1,test,3,84,0.535031847133758,212,0.181175948805677,0.17903333525441312,0.004262886010110378,0.005048212129622698,0.00020834202587138861,0.013889312744140625,0.0008719190373085439,-0.005324768368154764,0.004315339494496584,-0.003898655530065298,0.008213995024561882,0.0006330981268547475,-0.00021641410421580076,0.0008495122310705483,0.020992973819375038,-1.4809964895248413,-0.7915144886400294,0.04806516311418362,0.0010298203594556036,-0.0007081198414995643,0.00038526344315066314,,
dePablo CV1,test,3,85,0.5414012738853503,212,0.18114195192506372,0.17903333525441312,0.004314221907407045,0.005108969286084175,0.00021128029038663954,0.014049530029296875,0.0008819768554531038,-0.005388522986322641,0.00436738645657897,-0.00394482584670186,0.00831221230328083,0.0006423334707506001,-0.0002197728754254058,0.0008621063316240907,0.021242430433630943,-1.4586962461471558,-0.7692142452623438,0.0487768811668057,0.0015558391599560493,-0.0006755080775753689,0.0003785143482373002,,
dePablo CV1,test,3,86,0.5477707006369427,212,0.18110143636014828,0.17903333525441312,0.004364524967968464,0.0051691471599042416,0.0002131637156708166,0.014200210571289062,0.0008914360078051686,-0.005452156998217106,0.004417581018060446,-0.003991253674030304,0.008408835157752037,0.0006508969818241894,-0.00022456955048255622,0.0008754665032029152,0.021492166444659233,-1.4363294839859009,-0.746847483101089,0.04948026800210584,0.002079573530050174,-0.0006488861612902075,0.0003636768250556941,,
dePablo CV1,test,3,87,0.554140127388535,212,0.18110298840730432,0.17903333525441312,0.004415405448526144,0.0052296873182058334,0.00021590734831988811,0.014369964599609375,0.0009020925499498844,-0.005514588672667742,0.004469005391001701,-0.004037190694361925,0.00850619561970234,0.0006597729516215622,-0.00022795826953370124,0.0008877312066033483,0.02174162119626999,-1.414056420326233,-0.724574419441421,0.05019163003100897,0.002601184503312355,-0.0006202378847095653,0.0003510744120610621,,
dePablo CV1,test,3,88,0.5605095541401274,212,0.18106602638152205,0.17903333525441312,0.004466229118406773,0.005290251690894365,0.00021865217422600836,0.014519691467285156,0.0009114918648265302,-0.005578343290835619,0.004520576912909746,-0.004083272535353899,0.008603849448263645,0.0006686256965622306,-0.00023132139176595956,0.0008999470737762749,0.02199072577059269,-1.3916970491409302,-0.7022150482561182,0.05089868613340207,0.0031287127422377735,-0.0005942240905005051,0.000349602258417164,,
dePablo CV1,test,3,89,0.5668789808917197,212,0.18101468688704972,0.17903333525441312,0.004517046269029379,0.0053507001139223576,0.0002207409852417186,0.014669418334960938,0.0009208911214955151,-0.0056419773027300835,0.0045714168809354305,-0.004129934590309858,0.008701351471245289,0.0006775744259357452,-0.00023609245545230806,0.0009136669104918838,0.0222402922809124,-1.369346022605896,-0.6798640217210841,0.05161398712486946,0.0036429414613275432,-0.00055994023714525,0.00032887381257374677,,
dePablo CV1,test,3,90,0.5732484076433121,212,0.18095964613492288,0.17903333525441312,0.004566775634884834,0.005410436540842056,0.00022337705013342202,0.014829635620117188,0.0009309489978477359,-0.005705130286514759,0.0046216221526265144,-0.004174868110567331,0.008796490728855133,0.0006862231530249119,-0.00023946903820615262,0.0009256922057829797,0.022490205243229866,-1.3468176126480103,-0.6573356117631983,0.05230889114421297,0.004167391440362464,-0.000533970318701501,0.00031251237498293926,,
dePablo CV1,test,3,91,0.5796178343949044,212,0.1808749561352205,0.17903333525441312,0.004617135040462017,0.005470464937388897,0.000225589974434115,0.014989852905273438,0.0009410068159922957,-0.005768764764070511,0.004672042094171047,-0.004220862407237291,0.008892904967069626,0.0006954451091587543,-0.0002442651893943548,0.0009397102985531092,0.0227398332208395,-1.3242430686950684,-0.6347610678102564,0.05301560290512575,0.004682499299482705,-0.0004928384521635578,0.00029554167069981033,,
dePablo CV1,test,3,92,0.5859872611464968,212,0.18088048131435844,0.17903333525441312,0.004667218774557114,0.0055303205735981464,0.000228295277338475,0.015139579772949219,0.0009504061308689415,-0.005832519382238388,0.004723051097244024,-0.0042664604261517525,0.00898951105773449,0.0007043156074360013,-0.0002477250818628818,0.0009520406601950526,0.02298930659890175,-1.3017077445983887,-0.6122257437135767,0.05371911482323004,0.005197569389923768,-0.0004650766137523055,0.0002850211160161279,,
dePablo CV1,test,3,93,0.5923566878980892,212,0.1808114913585899,0.17903333525441312,0.004717847798019648,0.005590910091996193,0.00023066659923642874,0.015299797058105469,0.0009604639490135014,-0.005895552225410938,0.004773994442075491,-0.00431266101077199,0.00908665545284748,0.0007136942585930228,-0.0002523610892239958,0.0009660553187131882,0.02323862351477146,-1.279348373413086,-0.589866372528274,0.05442769885915919,0.005724151225131583,-0.00043818175251655357,0.0002707652916330104,,
dePablo CV1,test,3,94,0.5987261146496815,212,0.1808087785654429,0.17903333525441312,0.004769230727106333,0.005652070976793766,0.00023310758115258068,0.015459060668945312,0.0009704619296826422,-0.005957983434200287,0.004825665149837732,-0.004359450191259384,0.00918511487543583,0.0007224113796837628,-0.00025619621737860143,0.0009786075679585338,0.023488355800509453,-1.2567209005355835,-0.5672388996507716,0.05514748692253448,0.006249390151604072,-0.00040804380221128495,0.0002528019679585379,,
dePablo CV1,test,3,95,0.6050955414012739,212,0.18079140358445428,0.17903333525441312,0.00481925206258893,0.005711742676794529,0.00023542756389360875,0.0156097412109375,0.000979921082034707,-0.006021677982062101,0.0048759873025119305,-0.004405132029205561,0.009281119331717491,0.0007311583030968904,-0.0002603032044135034,0.0009914615657180548,0.02373805269598961,-1.2341504096984863,-0.5446684088136744,0.05584256868050735,0.006771286900121938,-0.0003789061334620011,0.00024360132057771975,,
dePablo CV1,test,3,96,0.6114649681528662,212,0.18074466669623454,0.17903333525441312,0.004870057106018066,0.005772157106548548,0.00023810462153051049,0.015779495239257812,0.0009905776241794229,-0.0060853720642626286,0.00492731062695384,-0.004451101180166006,0.009378411807119846,0.0007405942305922508,-0.0002643850748427212,0.0010049792472273111,0.023987919092178345,-1.211577296257019,-0.5220952953722071,0.05655455464322287,0.0072887704126293265,-0.0003454242218993476,0.0002251472513019533,,
dePablo CV1,test,3,97,0.6178343949044586,212,0.18065843621399177,0.17903333525441312,0.004919871222227812,0.005831792484968901,0.0002403407997917384,0.01593017578125,0.0010000367183238268,-0.006148404907435179,0.00497737992554903,-0.004496698267757893,0.009474078193306923,0.000748745515011251,-0.00026806394453160465,0.001016809488646686,0.02423691749572754,-1.1887844800949097,-0.49930247921009774,0.057253546464349575,0.007804313588531639,-0.0003078028519260465,0.0002121535912789792,,
dePablo CV1,test,3,98,0.6242038216560509,212,0.18062336731313372,0.17903333525441312,0.004969947971403599,0.005891548004001379,0.00024259430938400328,0.01609039306640625,0.0010100946528837085,-0.006212159525603056,0.005027576349675655,-0.004542388021945953,0.009569964371621609,0.0007570451125502586,-0.0002718564937822521,0.0010289016645401716,0.024486588314175606,-1.1660906076431274,-0.4766086067583155,0.057949212700338065,0.008327581740645448,-0.000276719238973774,0.00019716258993392237,,
dePablo CV1,test,3,99,0.6305732484076433,212,0.1806261189335656,0.17903333525441312,0.005021323915570974,0.005953014362603426,0.0002447366714477539,0.0162506103515625,0.0010201524710282683,-0.0062758540734648705,0.005079096183180809,-0.004589622374624014,0.00966871902346611,0.0007664009463042021,-0.00027692760340869427,0.0010433285497128963,0.024735869839787483,-1.1434900760650635,-0.45400807518025155,0.05867026744386004,0.008858285309813396,-0.00024623743604719163,0.00018310832794508902,,
dePablo CV1,test,3,100,0.6369426751592356,212,0.18058726787909754,0.17903333525441312,0.005072182975709438,0.006013586185872555,0.0002477286907378584,0.016399383544921875,0.0010294918902218342,-0.006338285282254219,0.00513079296797514,-0.004635335877537727,0.009766128845512867,0.0007753775571472943,-0.00027992023387923837,0.0010552977910265326,0.02498585358262062,-1.1209800243377686,-0.4314980234529566,0.059384848178018396,0.009375955342582608,-0.00022224620308097462,0.00016787224321135295,,
dePablo CV1,test,3,101,0.643312101910828,212,0.18056689975707307,0.17903333525441312,0.0051226262003183365,0.006073987577110529,0.0002499304246157408,0.016569137573242188,0.00104014843236655,-0.006402581464499235,0.005181376822292805,-0.004681515507400036,0.00986289232969284,0.0007843120256438851,-0.00028445120551623404,0.0010687632020562887,0.025235945358872414,-1.0981470346450806,-0.40866503376026864,0.06008827159369527,0.009904441599478573,-0.0001900474275781364,0.00015041501821424735,,
dePablo CV1,test,3,102,0.6496815286624203,212,0.18054214824284484,0.17903333525441312,0.005173295270651579,0.006134288851171732,0.0002522821305319667,0.016719818115234375,0.001049607526510954,-0.006465674377977848,0.005232310388237238,-0.004727745894342661,0.009960056282579899,0.0007930683204904199,-0.0002885040594264865,0.0010815723799169064,0.025485007092356682,-1.075501561164856,-0.386019560280044,0.06079320073258564,0.010428141652927748,-0.00015890387911092238,0.00014386673095453663,,
dePablo CV1,test,3,103,0.6560509554140127,212,0.1804859395830965,0.17903333525441312,0.005223683547228575,0.006194166373461485,0.0002549582568462938,0.016880035400390625,0.0010596653446555138,-0.006528767291456461,0.005283203907310963,-0.0047732871025800705,0.010056491009891033,0.0008021239773370326,-0.00029220740543678403,0.0010943313827738166,0.025734426453709602,-1.0526881217956543,-0.36320612091084237,0.06149937699248322,0.010939989946509856,-0.00013044339077773016,0.00012918977271986443,,
dePablo CV1,test,3,104,0.6624203821656051,212,0.18043877650237708,0.17903333525441312,0.005273771937936544,0.006254294887185097,0.0002573860401753336,0.017029762268066406,0.0010690647177398205,-0.006592461373656988,0.00533355912193656,-0.004818787332624197,0.010152346454560757,0.0008106192108243704,-0.0002958471595775336,0.0011064663995057344,0.025984328240156174,-1.029779076576233,-0.340297075691421,0.06220371357404265,0.011460350899968854,-8.844284939285242e-05,0.0001102560131192127,,
dePablo CV1,test,3,105,0.6687898089171974,212,0.1804058129691864,0.17903333525441312,0.005324298050254583,0.006314488593488932,0.00025988605921156704,0.017179489135742188,0.0010784639744088054,-0.006656155921518803,0.005384616553783417,-0.004864844959229231,0.010249461978673935,0.0008197737624868751,-0.00030000164406374097,0.001119775464758277,0.026234004646539688,-1.0069044828414917,-0.31742248195667977,0.06290694242023717,0.01198386997172645,-6.153104151802027e-05,9.684002535174098e-05,,
dePablo CV1,test,3,106,0.6751592356687898,212,0.18037898415376272,0.17903333525441312,0.005375092849135399,0.006374949123710394,0.0002619265578687191,0.0173492431640625,0.0010891205165535212,-0.006719188764691353,0.005435234867036343,-0.004911381751298904,0.010346616618335247,0.0008278659079223871,-0.0003040128212887794,0.001131878700107336,0.026483705267310143,-0.9841377139091492,-0.29465571302433724,0.06361630675514146,0.012505504378550688,-2.6760550263717063e-05,8.160035489072337e-05,,
dePablo CV1,test,3,107,0.6815286624203821,212,0.18035942559551937,0.17903333525441312,0.005425273906439543,0.006434953771531582,0.0002649123780429363,0.017499923706054688,0.001098579610697925,-0.006782281678169966,0.005486306268721819,-0.004956481512635946,0.010442787781357765,0.0008367515401914716,-0.000306926725897938,0.0011436783242970705,0.026733137667179108,-0.9613611698150635,-0.27187916893025155,0.06431804886180671,0.01302624481608061,2.5646645727399396e-06,7.177308675884221e-05,,
dePablo CV1,test,3,108,0.6878980891719745,212,0.18036349658482737,0.17903333525441312,0.0054764701053500175,0.006495993584394455,0.0002670064859557897,0.017669677734375,0.0011092361528426409,-0.00684597622603178,0.005537501070648432,-0.005003488156944513,0.010540989227592945,0.0008449737215414643,-0.0003109607787337154,0.0011559345293790102,0.02698262222111225,-0.9385376572608948,-0.24905565637608285,0.06503647732369942,0.013549623858957032,2.734998247523088e-05,6.609354447315931e-05,,
dePablo CV1,test,3,109,0.6942675159235668,212,0.1803076171875,0.17903333525441312,0.005526423919945955,0.006555767264217138,0.00026953124324791133,0.01781940460205078,0.0011186354095116258,-0.0069090090692043304,0.005587987136095762,-0.005048925057053566,0.010636912658810616,0.0008537079556845129,-0.0003146454691886902,0.001168353483080864,0.02723262645304203,-0.9156981110572815,-0.22621611017246956,0.06573809557146702,0.014064857671278463,6.220030039609298e-05,4.982126008028028e-05,,
dePablo CV1,test,3,110,0.7006369426751592,212,0.18027163157971135,0.17903333525441312,0.005576134659349918,0.00661521777510643,0.0002720268676057458,0.017969131469726562,0.0011280347825959325,-0.006972763687372208,0.005638198461383581,-0.005094144493341446,0.010732343420386314,0.0008629718795418739,-0.00031891808612272143,0.0011818900238722563,0.027481671422719955,-0.8924663662910461,-0.2029843654062342,0.06643022385419696,0.014584976250728878,9.654583276909512e-05,3.586245688839265e-05,,
dePablo CV1,test,3,111,0.7070063694267515,212,0.18020100116994955,0.17903333525441312,0.0056260088458657265,0.006674610543996096,0.0002743931545410305,0.018129348754882812,0.0011380926007404923,-0.007035796530544758,0.00568814342841506,-0.005139356944710016,0.010827500373125076,0.0008715734584257007,-0.00032278712023980916,0.0011943605495616794,0.02773141860961914,-0.8694713711738586,-0.1799893702890467,0.06712902716927727,0.015095094185262706,0.00011900942091561092,1.3917607232283908e-05,,
dePablo CV1,test,3,112,0.7133757961783439,212,0.18018086516848594,0.17903333525441312,0.005676846485584974,0.006735176779329777,0.00027679483173415065,0.018289566040039062,0.0011481504188850522,-0.007099550683051348,0.005739279091358185,-0.005185688845813274,0.01092496793717146,0.0008801733492873609,-0.0003265836858190596,0.0012067570351064205,0.027980705723166466,-0.8465693593025208,-0.15708735841770882,0.06783922848449322,0.015617747651477262,0.00015395832910532377,5.9416961015084785e-06,,
dePablo CV1,test,3,113,0.7197452229299363,212,0.18018679967783413,0.17903333525441312,0.0057281008921563625,0.006796300411224365,0.0002793405728880316,0.018449783325195312,0.001158208237029612,-0.0071631851606070995,0.005790982395410538,-0.005232302006334066,0.011023284867405891,0.000888799608219415,-0.0003301184333395213,0.0012189180124551058,0.028230363503098488,-0.8236407041549683,-0.13415870327015633,0.06855563121388156,0.016145978577732485,0.0001827444228852293,-6.425045213447659e-06,,
dePablo CV1,test,3,114,0.7261146496815286,212,0.1801803063620787,0.17903333525441312,0.005778946448117495,0.006857060827314854,0.00028183727408759296,0.0186004638671875,0.0011676674475893378,-0.007226278074085712,0.00584209430962801,-0.005278419703245163,0.011120514012873173,0.0008978911209851503,-0.00033421648549847305,0.0012321076355874538,0.02848053351044655,-0.8006839156150818,-0.11120191473026986,0.0692663186228223,0.01667269910934564,0.00021857187913008918,-1.6385498135855894e-05,,
dePablo CV1,test,3,115,0.732484076433121,212,0.1801377344169428,0.17903333525441312,0.00582937803119421,0.006917186547070742,0.0002838948566932231,0.018770217895507812,0.0011783239897340536,-0.007289370987564325,0.005892507266253233,-0.005324717611074448,0.011217225342988968,0.0009058711002580822,-0.00033808141597546637,0.001243952545337379,0.028729408979415894,-0.7775984406471252,-0.08811643976231331,0.0699735640973266,0.017189119547741088,0.0002418901477732903,-3.403022851360074e-05,,
dePablo CV1,test,3,116,0.7388535031847133,212,0.18010304974008157,0.17903333525441312,0.0058793178759515285,0.006977044977247715,0.0002865284914150834,0.018918991088867188,0.0011876634089276195,-0.007353005465120077,0.0059431069530546665,-0.005370050203055143,0.01131315715610981,0.0009150454425252974,-0.0003419884014874697,0.0012570337858051062,0.02897937037050724,-0.7544137835502625,-0.06493178266545052,0.07067135676585022,0.017711543124352264,0.00027227969130262056,-4.833581449631033e-05,,
dePablo CV1,test,3,117,0.7452229299363057,212,0.18005067621356793,0.17903333525441312,0.0059288423508405685,0.00703610060736537,0.000288961484329775,0.019069671630859375,0.0011971225030720234,-0.00741609837859869,0.005992800462990999,-0.0054148780182003975,0.011407678946852684,0.00092328927712515,-0.0003453663084656,0.001268655527383089,0.029228318482637405,-0.7312688231468201,-0.04178682226200814,0.07136187221494014,0.018223952315580768,0.00030641377234295777,-6.0171280502717825e-05,,
dePablo CV1,test,3,118,0.7515923566878981,212,0.1799914300534494,0.17903333525441312,0.005978972651064396,0.0070959520526230335,0.0002913959324359894,0.019220352172851562,0.0012065817136317492,-0.007479792460799217,0.006043236702680588,-0.005460445769131184,0.011503682471811771,0.0009319559903815389,-0.00034916415461339056,0.001281120115891099,0.02947845123708248,-0.708153486251831,-0.018671485367019125,0.07206614330621786,0.018737491743241647,0.00033611532782475655,-7.932510948048489e-05,,
dePablo CV1,test,3,119,0.7579617834394905,212,0.17995151797055298,0.17903333525441312,0.006028918549418449,0.0071558780036866665,0.00029348465614020824,0.019390106201171875,0.001217238255776465,-0.007543487008661032,0.006093193776905537,-0.0055062249302864075,0.011599418707191944,0.0009407628676854074,-0.0003537935554049909,0.0012945564230903983,0.02972780540585518,-0.6848580837249756,0.004623917159836344,0.07276820473112244,0.019255728344277148,0.0003677558154932913,-9.517653070064223e-05,,
dePablo CV1,test,3,120,0.7643312101910829,212,0.17994367196682412,0.17903333525441312,0.006079543847590685,0.007216292899101973,0.00029643034213222563,0.019539833068847656,0.0012266375124454498,-0.007606579922139645,0.0061445944011211395,-0.005551734007894993,0.011696328409016132,0.0009498806321062148,-0.0003570199478417635,0.0013069005217403173,0.029977204278111458,-0.6619753837585449,0.027506617126267008,0.07347413339510674,0.019780734220010643,0.0003966839582243803,-0.00011026000464966606,,
dePablo CV1,test,3,121,0.7707006369426752,212,0.17994598541430243,0.17903333525441312,0.006131041795015335,0.007277642842382193,0.0002986345789395273,0.019710540771484375,0.0012373538920655847,-0.007670274470001459,0.006196267902851105,-0.005598998162895441,0.011795265600085258,0.0009582266211509705,-0.00036095737596042454,0.0013191839680075645,0.030226532369852066,-0.6385723948478699,0.05090960603694206,0.07419387773904959,0.020309468151325016,0.00043276797408724145,-0.00011853725489957854,,
dePablo CV1,test,3,122,0.7770700636942676,212,0.17993630573248406,0.17903333525441312,0.0061817350797355175,0.007338442374020815,0.0003013445239048451,0.01985931396484375,0.0012466933112591505,-0.007732705678790808,0.006247640587389469,-0.005644951947033405,0.011892592534422874,0.0009676773333922029,-0.00036498834379017353,0.0013326656771823764,0.030475949868559837,-0.6154444813728333,0.07403751951197868,0.07490965218511719,0.020830337325649706,0.0004672493590524704,-0.00013462266985930728,,
dePablo CV1,test,3,123,0.7834394904458599,212,0.17988472422954763,0.17903333525441312,0.006231611594557762,0.007397958543151617,0.00030364718986675143,0.020009994506835938,0.0012561525218188763,-0.007796400226652622,0.006297748070210218,-0.005690453574061394,0.0119882021099329,0.0009761284454725683,-0.00036883403663523495,0.0013449625112116337,0.030725352466106415,-0.5920862555503845,0.09739574533442741,0.07559936952487553,0.021355379197096656,0.0004914735409835987,-0.0001516561978507287,,
dePablo CV1,test,3,124,0.7898089171974523,212,0.17982153051107172,0.17903333525441312,0.006280725821852684,0.00745665468275547,0.0003057228459510952,0.020170211791992188,0.0012662103399634361,-0.00786009430885315,0.0063466355204582214,-0.005735190585255623,0.012081826105713844,0.0009841222781687975,-0.00037267658626660705,0.0013567989226430655,0.0309749823063612,-0.5687749981880188,0.12070700269679313,0.0762912462350927,0.02185691655111354,0.0005266120836432027,-0.00016293288574007573,,
dePablo CV1,test,3,125,0.7961783439490446,212,0.17978250502435536,0.17903333525441312,0.0063309622928500175,0.007516611833125353,0.00030821506516076624,0.02032947540283203,0.001276208320632577,-0.00792318768799305,0.006397315766662359,-0.005780885927379131,0.012178201228380203,0.0009928303770720959,-0.0003764003049582243,0.0013692306820303202,0.031224939972162247,-0.5453394055366516,0.14414259534816032,0.07699301683129288,0.022376413969533302,0.000558543838939913,-0.00018712256060176015,,
dePablo CV1,test,3,126,0.802547770700637,212,0.17977604028064662,0.17903333525441312,0.006382063962519169,0.007577548269182444,0.0003105799842160195,0.02048969268798828,0.0012862661387771368,-0.007986881770193577,0.006448572501540184,-0.005827412474900484,0.01227598451077938,0.001001718919724226,-0.0003805589221883565,0.001382277812808752,0.03147432580590248,-0.522153913974762,0.16732808691004997,0.07770301614223286,0.022908352202052774,0.0005915961829020422,-0.0002013834194653984,,
dePablo CV1,test,3,127,0.8089171974522293,212,0.17977796497227705,0.17903333525441312,0.006432740017771721,0.007638311479240656,0.00031357104307971895,0.020639419555664062,0.0012956653954461217,-0.008049914613366127,0.006500225514173508,-0.0058730836026370525,0.012373309582471848,0.0010108299320563674,-0.00038368796231225133,0.0013945179525762796,0.0317237414419651,-0.4988391101360321,0.19064289074877983,0.07842009576762801,0.023426393676498104,0.0006228844245780594,-0.0002082293323835801,,
dePablo CV1,test,3,128,0.8152866242038217,212,0.1797628997584089,0.17903333525441312,0.006484034936875105,0.007699084002524614,0.0003157530154567212,0.020809173583984375,0.0013063219375908375,-0.008113007992506027,0.006551512982696295,-0.0059200068935751915,0.012471519410610199,0.0010188826126977801,-0.0003873765526805073,0.001406259136274457,0.03197286278009415,-0.4754306674003601,0.21405133348445182,0.07913089262291768,0.02395325596668811,0.000649967039399601,-0.00021747814283201716,,
dePablo CV1,test,3,129,0.821656050955414,212,0.17978265174769778,0.17903333525441312,0.006534624844789505,0.00775976711884141,0.0003178561164531857,0.020959854125976562,0.0013157811481505632,-0.008176040835678577,0.006601988337934017,-0.005966275464743376,0.012568263337016106,0.0010271372739225626,-0.0003914249246008694,0.001418562140315771,0.032223112881183624,-0.45218032598495483,0.2373016748998571,0.07984346202796698,0.024475497013818,0.0006825387047087029,-0.00022983073621191534,,
dePablo CV1,test,3,130,0.8280254777070064,212,0.17971340839303993,0.17903333525441312,0.00658409995958209,0.007819008082151413,0.00032064493279904127,0.02111053466796875,0.0013252402422949672,-0.008239795453846455,0.006652279291301966,-0.006010989658534527,0.01266326941549778,0.0010357334977015853,-0.0003944435156881809,0.0014301770133897662,0.03247206658124924,-0.4284454584121704,0.2610365424726415,0.08053682968350663,0.02498868138189312,0.0007099392759306774,-0.0002501587508704041,,
dePablo CV1,test,3,131,0.8343949044585988,212,0.1796652175679519,0.17903333525441312,0.00663340650498867,0.007878169417381287,0.0003231398295611143,0.021269798278808594,0.001335238222964108,-0.008303429000079632,0.006701937410980463,-0.006055658217519522,0.012757595628499985,0.0010449051624163985,-0.00039862541598267853,0.0014435305492952466,0.0327211357653141,-0.4048539400100708,0.28462806087474113,0.08123229022739517,0.025496957315491856,0.0007448843198400096,-0.0002723235264005526,,
dePablo CV1,test,3,132,0.8407643312101911,212,0.17962210286930855,0.17903333525441312,0.006683745887130499,0.007938233204185963,0.00032532340264879167,0.021419525146484375,0.0013446375960484147,-0.008366581983864307,0.006752398796379566,-0.006101751234382391,0.01285414956510067,0.0010529439896345139,-0.0004022971843369305,0.0014552411157637835,0.03297024965286255,-0.38150712847709656,0.30797487240771537,0.0819356738543035,0.02601638494601587,0.0007766317239226959,-0.0002828675167562891,,
dePablo CV1,test,3,133,0.8471337579617835,212,0.17959717792442184,0.17903333525441312,0.0067341201938688755,0.00799840223044157,0.00032772967824712396,0.021579742431640625,0.0013546954141929746,-0.00843021646142006,0.006802970543503761,-0.0061475117690861225,0.012950481846928596,0.0010617122752591968,-0.0004062529478687793,0.0014679651940241456,0.03322015330195427,-0.3579632341861725,0.33151876669863944,0.08263867240278014,0.026539168388708647,0.0008073805350614115,-0.00030249429814180155,,
dePablo CV1,test,3,134,0.8535031847133758,212,0.17957405230211942,0.17903333525441312,0.006784943863749504,0.008058927021920681,0.00033019515103660524,0.021739959716796875,0.0013647532323375344,-0.00849330984055996,0.006854030303657055,-0.006193640176206827,0.01304767094552517,0.0010707905748859048,-0.0004104003310203552,0.00148119090590626,0.033469680696725845,-0.3343917429447174,0.3550902579400945,0.08334716008950055,0.027062866135118577,0.0008422231335160189,-0.0003137791103677153,,
dePablo CV1,test,3,135,0.8598726114649682,212,0.17956774742950862,0.17903333525441312,0.006835563108325005,0.008119448088109493,0.00033276801696047187,0.021889686584472656,0.0013741524890065193,-0.008557003922760487,0.006905043497681618,-0.006239506881684065,0.01314455084502697,0.0010794561821967363,-0.00041392006096430123,0.001493376214057207,0.03371933102607727,-0.31091228127479553,0.3785697196100164,0.08405480733033195,0.02758806866669387,0.0008696233400606261,-0.00033551140169090903,,
dePablo CV1,test,3,136,0.8662420382165605,212,0.1795358484658735,0.17903333525441312,0.006886135786771774,0.008179948665201664,0.0003352130006533116,0.022060394287109375,0.0013848688686266541,-0.008620036765933037,0.0069559612311422825,-0.006285535171627998,0.013241495937108994,0.001087810262106359,-0.00041738423169590533,0.0015051944646984339,0.033968571573495865,-0.2873780131340027,0.40210398775080924,0.08476004105120938,0.028115592034360086,0.0009027386699637664,-0.0003475519376744819,,
dePablo CV1,test,3,137,0.8726114649681529,212,0.17951118691214807,0.17903333525441312,0.006935780867934227,0.008239573799073696,0.00033746223198249936,0.02220916748046875,0.00139420828782022,-0.008683791384100914,0.0070056919939816,-0.00633076811209321,0.01333646010607481,0.0010963869281113148,-0.00042146246414631605,0.0015178493922576308,0.03421817719936371,-0.2638312578201294,0.42565074306468254,0.08546194251075287,0.028626522101268075,0.0009299812522522733,-0.0003668711442216783,,
dePablo CV1,test,3,138,0.8789808917197452,212,0.1794893551373033,0.17903333525441312,0.006985658314079046,0.008299335837364197,0.0003401886497158557,0.022359848022460938,0.0014036674983799458,-0.008746824227273464,0.007056220434606075,-0.006375843659043312,0.013432064093649387,0.001105418079532683,-0.00042504072189331055,0.0015304588014259934,0.03446774557232857,-0.24012337625026703,0.4493586246345449,0.08616396220036598,0.02914008805835243,0.0009698881591430652,-0.000379900477883064,,
dePablo CV1,test,3,139,0.8853503184713376,212,0.17945075394971627,0.17903333525441312,0.007036196533590555,0.008359326981008053,0.00034287586458958685,0.022520065307617188,0.0014137253165245056,-0.008810518309473991,0.007107201963663101,-0.006421450525522232,0.013528652489185333,0.001114035490900278,-0.0004282837326172739,0.0015423191944137216,0.03471740707755089,-0.2164006531238556,0.47308134776095634,0.08686729883390035,0.029657898892059272,0.0009984821575485154,-0.0003972643816515091,,
dePablo CV1,test,3,140,0.89171974522293,212,0.1793974969205736,0.17903333525441312,0.007085436023771763,0.00841837003827095,0.00034428550861775875,0.02266979217529297,0.0014231245731934905,-0.008873611688613892,0.00715573551133275,-0.0064671640284359455,0.013622899539768696,0.0011216646526008844,-0.0004330936644691974,0.0015547582879662514,0.03496702387928963,-0.19265852868556976,0.49682347219924217,0.08755937556246952,0.03016758446641598,0.0010327916980771045,-0.0004132832047640008,,
dePablo CV1,test,3,141,0.8980891719745223,212,0.17939851951395364,0.17903333525441312,0.007136249449104071,0.008479160256683826,0.00034707417944446206,0.022829055786132812,0.0014331225538626313,-0.008937246166169643,0.007207114715129137,-0.0065129660069942474,0.013720080256462097,0.001130811171606183,-0.000436662754509598,0.0015674738679081202,0.035216353833675385,-0.16892381012439728,0.5205581907604147,0.08827079292860707,0.030694046182215055,0.0010634160280767143,-0.00043366550955880446,,
dePablo CV1,test,3,142,0.9044585987261147,212,0.1793948207813431,0.17903333525441312,0.007187318056821823,0.0085401376709342,0.0003494395350571722,0.022989273071289062,0.001443180488422513,-0.009000399149954319,0.007258471567183733,-0.006559592206031084,0.013818063773214817,0.001139050698839128,-0.0004401716578286141,0.0015792223857715726,0.035466477274894714,-0.1453683227300644,0.5441136781547475,0.08898551400083217,0.03122047459264459,0.0010923870307406338,-0.0004473226408222423,,
dePablo CV1,test,3,143,0.910828025477707,212,0.1793796245291727,0.17903333525441312,0.007238193415105343,0.00860082358121872,0.00035172735806554556,0.023149490356445312,0.0014532383065670729,-0.00906403362751007,0.007309493608772755,-0.006606039125472307,0.01391553319990635,0.0011475839419290423,-0.00044412928400561213,0.0015917131677269936,0.03571552783250809,-0.12166494876146317,0.5678170521233488,0.08969412914807935,0.03174778909411675,0.0011289383280613896,-0.0004628197863781457,,
dePablo CV1,test,3,144,0.9171974522292994,212,0.17936767249663654,0.17903333525441312,0.007288567256182432,0.008660977706313133,0.0003543757484294474,0.023309707641601562,0.0014632961247116327,-0.009127787314355373,0.007360418792814016,-0.006651667412370443,0.01401208620518446,0.0011559543199837208,-0.00044720276491716504,0.001603157026693225,0.035965196788311005,-0.09779390692710876,0.5916880939577032,0.09039633896219561,0.03227094566240562,0.001161291853608461,-0.00047580537497633854,,
dePablo CV1,test,3,145,0.9235668789808917,212,0.17932444535803957,0.17903333525441312,0.0073379469104111195,0.00872005894780159,0.0003570712869986892,0.02346038818359375,0.0014727553352713585,-0.009190219454467297,0.007410175167024136,-0.006696032825857401,0.014106208458542824,0.0011647796491160989,-0.0004506370460148901,0.0016154167242348194,0.0362144410610199,-0.07402512431144714,0.6154568765733648,0.09108900989676028,0.032780595895930256,0.001197573875334134,-0.0004959847400874427,,
dePablo CV1,test,3,146,0.9299363057324841,212,0.17927396541164806,0.17903333525441312,0.007387693040072918,0.008779438212513924,0.0003595670568756759,0.023609161376953125,0.0014820947544649243,-0.009253853000700474,0.007460249122232199,-0.006741114892065525,0.014201363548636436,0.0011733229039236903,-0.0004541888483799994,0.0016275118105113506,0.03646429255604744,-0.050029002130031586,0.6394529987547803,0.09178284769015874,0.033296227340276534,0.0012281688363455715,-0.0005161367905976314,,
dePablo CV1,test,3,147,0.9363057324840764,212,0.17924255041819037,0.17903333525441312,0.0074373818933963776,0.008839229121804237,0.0003616498433984816,0.023769378662109375,0.0014921525726094842,-0.009317607618868351,0.007510000374168158,-0.006786700803786516,0.014296701177954674,0.0011816101614385843,-0.0004583105619531125,0.0016399207524955273,0.0367136187851429,-0.026129508391022682,0.6633524924937892,0.09248432670960173,0.03381136045496177,0.0012652737615928594,-0.0005393594126753717,,
dePablo CV1,test,3,148,0.9426751592356688,212,0.17924161889623327,0.17903333525441312,0.007488001137971878,0.008899535983800888,0.0003639961942099035,0.023929595947265625,0.001502210390754044,-0.009380640462040901,0.007560775149613619,-0.006832783110439777,0.014393558725714684,0.0011896693613380194,-0.0004616769729182124,0.0016513463342562318,0.036962881684303284,-0.0023760367184877396,0.6871059641663242,0.09319171189560543,0.03433131438335407,0.001290114510706113,-0.000548072565543325,,
dePablo CV1,test,3,149,0.9490445859872612,212,0.17922256990583965,0.17903333525441312,0.007538313046097755,0.008959896862506866,0.00036655677831731737,0.024089813232421875,0.001512268208898604,-0.009444335475564003,0.007611434906721115,-0.006878321524709463,0.014489756897091866,0.001198306679725647,-0.0004651931521948427,0.0016634998610243201,0.03721218556165695,0.02148514613509178,0.7109671470199037,0.09390045960979847,0.03485035826180103,0.001328914351426747,-0.0005639625865999184,,
dePablo CV1,test,3,150,0.9554140127388535,212,0.17921341536976715,0.17903333525441312,0.0075890724547207355,0.009020610712468624,0.00036889498005621135,0.024250030517578125,0.0015223260270431638,-0.009507427923381329,0.007662363350391388,-0.006924573332071304,0.014586936682462692,0.001206808490678668,-0.0004690185596700758,0.0016758270794525743,0.03746206313371658,0.04520422965288162,0.7346862305376936,0.09460974136719986,0.03537751427080441,0.0013603493435223846,-0.0005768246742555767,,
dePablo CV1,test,3,151,0.9617834394904459,212,0.17918160316671425,0.17903333525441312,0.007639206945896149,0.009080466814339161,0.0003715476195793599,0.024410247802734375,0.0015323839616030455,-0.00957112293690443,0.007712940219789743,-0.006969844456762075,0.014682784676551819,0.0012152924900874496,-0.00047219719272106886,0.0016874896828085184,0.03771132975816727,0.0692499503493309,0.7587319512341428,0.09531222378556845,0.035892907117078654,0.0013934770979181078,-0.0005931142100888174,,
dePablo CV1,test,3,152,0.9681528662420382,212,0.17914958137385015,0.17903333525441312,0.007688766345381737,0.009140055626630783,0.0003737763618119061,0.024559974670410156,0.0015417832182720304,-0.009634215384721756,0.007762557826936245,-0.007015005219727755,0.014777563512325287,0.0012241643853485584,-0.00047661163262091577,0.0017007760470733047,0.03796079754829407,0.09340514987707138,0.7828871507618833,0.09600816417991297,0.03641068295538163,0.0014310007416119214,-0.0006237869766092886,,
dePablo CV1,test,3,153,0.9745222929936306,212,0.17911958699766226,0.17903333525441312,0.007738145068287849,0.009199246764183044,0.000376176496502012,0.02471923828125,0.0015517811989411712,-0.009697248227894306,0.007812166120857,-0.0070598130114376545,0.014871979132294655,0.0012321870308369398,-0.0004798340087290853,0.0017120210686698556,0.03821004927158356,0.11742100864648819,0.8069030095313001,0.09670272877818976,0.03692058663235263,0.0014599209163024861,-0.00064252042170593,,
dePablo CV1,test,3,154,0.9808917197452229,212,0.17907084447946692,0.17903333525441312,0.007787840440869331,0.009258722886443138,0.0003783340216614306,0.024869918823242188,0.001561240293085575,-0.009761002846062183,0.007861796766519547,-0.00710512837395072,0.014966925606131554,0.0012400518171489239,-0.0004833838320337236,0.0017234357073903084,0.03845979645848274,0.14155340194702148,0.8310354028318334,0.09739905032714169,0.037434716978661395,0.0014975236947271458,-0.0006589397674632532,,
dePablo CV1,test,3,155,0.9872611464968153,212,0.17903708205851954,0.17903333525441312,0.007838083431124687,0.009318806231021881,0.00038095112540759146,0.025020599365234375,0.0015706995036453009,-0.009824035689234734,0.007912512868642807,-0.007150611374527216,0.015063123777508736,0.001248561660759151,-0.00048665940994396806,0.00173522112891078,0.038709286600351334,0.1654730588197708,0.8549550597045827,0.09810342636858045,0.03795292122450352,0.0015311386069078404,-0.0006727293587033765,,
dePablo CV1,test,3,156,0.9936305732484076,212,0.17904835991183715,0.17903333525441312,0.007889456115663052,0.0093799764290452,0.00038348601083271205,0.025190353393554688,0.0015813560457900167,-0.00988772977143526,0.00796419382095337,-0.007197221275418997,0.015161415562033653,0.00125650514382869,-0.000489533063955605,0.001746038207784295,0.03895873576402664,0.18945878744125366,0.8789407883260656,0.09881701518737833,0.03848544808030239,0.0015616878054154164,-0.0006856163357870693,,
dePablo CV1,test,3,157,1.0,212,0.17903333525441312,0.17903333525441312,0.00793981272727251,0.009440379217267036,0.0003860528813675046,0.025339126586914062,0.0015906954649835825,-0.009951424784958363,0.008014900609850883,-0.007242794148623943,0.015257694758474827,0.0012654438614845276,-0.0004933380405418575,0.001758781960234046,0.03920828923583031,0.21339504420757294,0.9028770450923849,0.09952417526076057,0.03900768516710468,0.0015987566251251977,-0.0007068657596082901,,
dePablo CV1,test,4,0,0.0,144,,0.40844515428566636,0.0,0.0,0.0,0.0,0.0,0.0,0.0,0.0,0.0,0.0,0.0,0.0,0.0,-4.602622032165527,-3.913140031280715,0.09305270299526384,0.001126870476139448,0.00016300826231807999,0.00013346683338767725,,
dePablo CV1,test,4,1,0.007751937984496124,144,0.37318255250403876,0.40844515428566636,9.208984556607902e-05,0.00010665943409549072,-2.4385130359405593e-07,0.0003795623779296875,2.903346648963634e-05,-7.691849896218628e-05,9.127530211117119e-05,-9.17630095500499e-05,0.0001830383116612211,-5.965638592897449e-06,5.4779357014922425e-06,-1.1443574294389691e-05,0.00024524706532247365,-4.57861852645874,-3.889136525573928,0.09180118736253909,0.0008925726629303496,0.00016810473638840195,3.70464963019977e-05,,
dePablo CV1,test,4,2,0.015503875968992248,144,0.3817204301075269,0.40844515428566636,0.0001894103188533336,0.00021879823179915547,-1.0344924703531433e-06,0.0007791519165039062,5.959884947515093e-05,-0.00015449694183189422,0.00018665887182578444,-0.00018872786313295364,0.0003753867349587381,-1.2903681636089459e-05,1.0834696695383172e-05,-2.3738379240967333e-05,0.0004902149084955454,-4.555279731750488,-3.865797730865676,0.0904690415810678,0.0007010253209691497,0.00014282481183799917,-3.447174586174055e-05,,
dePablo CV1,test,4,3,0.023255813953488372,144,0.387941862551588,0.40844515428566636,0.0002903149288613349,0.00033469556365162134,-1.5257651284628082e-06,0.0011892318725585938,9.096667054109275e-05,-0.00023148876789491624,0.00028560994542203844,-0.0002886614529415965,0.0005742714274674654,-1.958416214620229e-05,1.653263097978197e-05,-3.6116791306994855e-05,0.0007350302767008543,-4.532312870025635,-3.8428308691408226,0.08908493273430965,0.000547957561175403,9.888706565566716e-05,-7.032880608438644e-05,,
dePablo CV1,test,4,4,0.031007751937984496,144,0.3925636535093628,0.40844515428566636,0.0003923120384570211,0.00045239305472932756,-2.371612936258316e-06,0.0016088485717773438,0.00012306396092753857,-0.0003076006832998246,0.0003851513611152768,-0.00038989458698779345,0.0007750459481030703,-2.6643690944183618e-05,2.1900465071666986e-05,-4.8544156015850604e-05,0.0009804409928619862,-4.509545803070068,-3.820063802185256,0.08767445015043897,0.00043267863397970454,5.159399935479169e-05,-8.388225804304693e-05,,
dePablo CV1,test,4,5,0.03875968992248062,144,0.3940504419055831,0.40844515428566636,0.0004943149397149682,0.0005697636515833437,-3.042372100026114e-06,0.0020198822021484375,0.0001545047271065414,-0.00038444585516117513,0.00048477097880095243,-0.0004908557166345417,0.0009756266954354942,-3.271436071372591e-05,2.6629617423168384e-05,-5.934397631790489e-05,0.0012266370467841625,-4.486616611480713,-3.7971346105959007,0.08626578003204267,0.00033851653355586374,1.7494539096175926e-05,-6.427231875273879e-05,,
dePablo CV1,test,4,6,0.046511627906976744,144,0.39735872787709997,0.40844515428566636,0.0005984836025163531,0.000689968466758728,-3.3927046843018616e-06,0.0024394989013671875,0.00018660203204490244,-0.0004605577851179987,0.0005868037114851177,-0.0005935890949331224,0.00118039280641824,-3.9538368582725525e-05,3.275295966886915e-05,-7.229132461361587e-05,0.0014726859517395496,-4.463900566101074,-3.774418565216262,0.08482221387016095,0.0002652952719095114,-1.659053716907726e-05,-5.2713728277366495e-05,,
dePablo CV1,test,4,7,0.05426356589147287,144,0.3977981368850566,0.40844515428566636,0.0007010058034211397,0.0008082472486421466,-4.295880444260547e-06,0.0028591156005859375,0.0002186993369832635,-0.0005366696859709918,0.0006864320021122694,-0.0006950238021090627,0.001381455804221332,-4.640718179871328e-05,3.781542181968689e-05,-8.422259998042136e-05,0.0017182547599077225,-4.440893650054932,-3.7514116491701195,0.08340090722386712,0.00021413210935640773,-5.170496173671497e-05,-4.4951377858143826e-05,,
dePablo CV1,test,4,8,0.06201550387596899,144,0.3998651836872262,0.40844515428566636,0.0008055925136432052,0.0009290889138355851,-4.232499122736044e-06,0.0032892227172851562,0.00025159906363114715,-0.0006135148578323424,0.0007891555433161557,-0.0007976205670274794,0.001586776110343635,-5.241183316684328e-05,4.394683492137119e-05,-9.635866445023566e-05,0.0019636990036815405,-4.4182844161987305,-3.7288024153139183,0.08194911566728018,0.000163856065240065,-7.092594036356047e-05,-3.3360676341281814e-05,,
dePablo CV1,test,4,9,0.06976744186046512,144,0.399748322147651,0.40844515428566636,0.0009072876418940723,0.001046850928105414,-5.473227702168515e-06,0.0036993026733398438,0.00028296688105911016,-0.000688893545884639,0.0008877379004843533,-0.0008986843749880791,0.0017864222172647715,-5.887417864869349e-05,4.7927722334861755e-05,-0.00010680190462153405,0.002209662226960063,-4.394960880279541,-3.705478879394729,0.08053368891318138,0.00012744166326528327,-7.722311883296077e-05,-2.2706812961374457e-05,,
dePablo CV1,test,4,10,0.07751937984496124,144,0.40160707544626006,0.40844515428566636,0.0010126156266778708,0.0011689011007547379,-6.326008588075638e-06,0.004119873046875,0.0003151371201965958,-0.0007658120593987405,0.0009903269819915295,-0.0010029789991676807,0.00199330598115921,-6.535700958920643e-05,5.270499241305515e-05,-0.00011806200200226158,0.002456231042742729,-4.372251033782959,-3.682769032898147,0.07906762563903831,8.763686419293385e-05,-8.87348096575977e-05,-1.890274927734287e-05,,
dePablo CV1,test,4,11,0.08527131782945736,144,0.40169641106099235,0.40844515428566636,0.0011153987143188715,0.0012877583503723145,-6.5267086029052734e-06,0.00453948974609375,0.00034723442513495684,-0.000842730572912842,0.001090993988327682,-0.0011040474055334926,0.0021950413938611746,-7.018757605692372e-05,5.713415521313436e-05,-0.0001273217349080369,0.0027022857684642076,-4.349084377288818,-3.659602376404006,0.07763859542447919,7.063616034781165e-05,-8.971440591930868e-05,-1.3349775407188344e-05,,
dePablo CV1,test,4,12,0.09302325581395349,144,0.4027690371302706,0.40844515428566636,0.0012201211648061872,0.0014092305209487677,-7.85503289080225e-06,0.0049686431884765625,0.0003800612175837159,-0.0009188425028696656,0.0011924714781343937,-0.0012081816093996167,0.0024006529711186886,-7.658461981918663e-05,6.087455403758213e-05,-0.00013745916658081114,0.0029483670368790627,-4.326075077056885,-3.6365930761720726,0.07617926599330008,4.342292765792287e-05,-9.081760539388846e-05,-7.306935092897361e-06,,
dePablo CV1,test,4,13,0.10077519379844961,144,0.40265560165975106,0.40844515428566636,0.0013229497708380222,0.001528147142380476,-8.005700692592654e-06,0.00537872314453125,0.00041142903501167893,-0.0009956876747310162,0.0012932675890624523,-0.0013092788867652416,0.002602546475827694,-8.20581044536084e-05,6.604670488741249e-05,-0.00014810480934102088,0.003194710472598672,-4.302701473236084,-3.613219472351272,0.07475033703976951,2.8886767932513895e-05,-9.843954724077052e-05,-8.004667521406607e-06,,
dePablo CV1,test,4,14,0.10852713178294573,144,0.403654164899973,0.40844515428566636,0.001428130897693336,0.0016501779900863767,-8.930762305681128e-06,0.0057888031005859375,0.00044279685243964195,-0.0010710663627833128,0.0013956596376374364,-0.0014135211240500212,0.0028091808781027794,-8.756542956689373e-05,6.970390677452087e-05,-0.00015726932906545699,0.0034407058265060186,-4.279712677001953,-3.590230676117141,0.073284464944445,8.379404288013548e-06,-9.913407581186222e-05,-2.7722633285228574e-06,,
dePablo CV1,test,4,15,0.11627906976744186,144,0.40327338129496404,0.40844515428566636,0.0015303798718377948,0.0017689180094748735,-9.605764716980048e-06,0.006209373474121094,0.0004749670915771276,-0.0011479115346446633,0.0014951825141906738,-0.0015143940690904856,0.0030095765832811594,-9.32132825255394e-05,7.400175672955811e-05,-0.0001672150392550975,0.0036865866277366877,-4.256219863891602,-3.5667378630067894,0.07185766959482753,2.1696691036470976e-06,-0.00010173424765541351,-1.6622824687480274e-06,,
dePablo CV1,test,4,16,0.12403100775193798,144,0.40417566109012415,0.40844515428566636,0.001635878812521696,0.0018913635285571218,-1.0326504707336426e-05,0.006628990173339844,0.0005070643965154886,-0.001224023406393826,0.0015979409217834473,-0.0016185939311981201,0.0032165348529815674,-9.849439811659977e-05,7.784138870192692e-05,-0.00017633578681852669,0.003932972904294729,-4.233128070831299,-3.5436460699464867,0.07038691396720934,-1.2612876281020146e-05,-9.74574210614543e-05,2.757874967159483e-06,,
dePablo CV1,test,4,17,0.13178294573643412,144,0.4041850569967929,0.40844515428566636,0.001738628838211298,0.002010397845879197,-1.106204217649065e-05,0.0070400238037109375,0.0005385051481425762,-0.0013009419199079275,0.00169811537489295,-0.001720239408314228,0.003418354783207178,-0.00010353409743402153,8.141001308104023e-05,-0.00018494410323910415,0.0041782185435295105,-4.2096123695373535,-3.5201303686525414,0.06895668985435739,-1.5100822274197064e-05,-8.784598607600721e-05,4.442429993995728e-06,,
dePablo CV1,test,4,18,0.13953488372093023,144,0.40468407952739377,0.40844515428566636,0.0018437786493450403,0.0021324623376131058,-1.1384073332010303e-05,0.0074596405029296875,0.0005706024821847677,-0.001377860433422029,0.0018010623753070831,-0.0018238305347040296,0.003624892793595791,-0.0001085017720470205,8.573362720198929e-05,-0.0001942353992490098,0.00442411657422781,-4.186370372772217,-3.4968883718874046,0.06749087903284869,-3.0605784191862274e-05,-8.029261070529869e-05,1.0318456204280743e-05,,
dePablo CV1,test,4,19,0.14728682170542637,144,0.40460900204591954,0.40844515428566636,0.0019465317018330097,0.002251620404422283,-1.225874075316824e-05,0.007869720458984375,0.0006019702996127307,-0.0014531657798215747,0.0019009786192327738,-0.0019254961516708136,0.0038264747709035873,-0.00011436796194175258,8.98504804354161e-05,-0.00020421843510121107,0.004670748952776194,-4.162508487701416,-3.473026486816604,0.06605940732987266,-3.01344868532896e-05,-7.59031665367296e-05,2.1239570782374725e-05,,
dePablo CV1,test,4,20,0.15503875968992248,144,0.40517194838848997,0.40844515428566636,0.0020518959499895573,0.002374129369854927,-1.3022373423154932e-05,0.008298873901367188,0.0006347970338538289,-0.0015300842933356762,0.0020036413334310055,-0.0020296862348914146,0.00403332756832242,-0.00011997142428299412,9.392667561769485e-05,-0.0002138981071766466,0.004916157107800245,-4.139054298400879,-3.4495722975160668,0.06458848595898435,-4.289097257205065e-05,-7.631441057457815e-05,1.7009060304916306e-05,,
dePablo CV1,test,4,21,0.16279069767441862,144,0.40515866892969193,0.40844515428566636,0.0021545568015426397,0.0024932329542934895,-1.3156742170394864e-05,0.008708953857421875,0.0006661648512817919,-0.0016061961650848389,0.002104254439473152,-0.002130568027496338,0.00423482246696949,-0.00012509214866440743,9.87786625046283e-05,-0.00022387081116903573,0.005162226967513561,-4.115228652954102,-3.4257466520692894,0.06315835289230846,-5.1059750383011994e-05,-7.591118107471171e-05,1.8465807033725316e-05,,
dePablo CV1,test,4,22,0.17054263565891473,144,0.4055321028863145,0.40844515428566636,0.0022595482878386974,0.002615387085825205,-1.3961818694951944e-05,0.009129524230957031,0.000698335119523108,-0.0016830413369461894,0.0022065266966819763,-0.0022344503086060286,0.0044409772381186485,-0.00013051481801085174,0.00010259118425892666,-0.0002331059949938208,0.005408217664808035,-4.091786861419678,-3.4023048605348656,0.0616916307588204,-5.8188870410154846e-05,-7.283782097624919e-05,1.2884305826199714e-05,,
dePablo CV1,test,4,23,0.17829457364341086,144,0.40549868519909843,0.40844515428566636,0.002362604020163417,0.002734995214268565,-1.4758565157535486e-05,0.009538650512695312,0.0007296300027519464,-0.001759959850460291,0.0023068536538630724,-0.0023363707587122917,0.0046432241797447205,-0.00013654948270414025,0.00010703234875109047,-0.0002435818314552307,0.005654602311551571,-4.067644119262695,-3.378162118377883,0.06025577848274841,-7.086920327514928e-05,-7.6105726994762e-05,1.6234912082543238e-05,,
dePablo CV1,test,4,24,0.18604651162790697,144,0.40582318925365074,0.40844515428566636,0.0024676984176039696,0.0028572040610015392,-1.6008711099857464e-05,0.009959220886230469,0.0007618002709932625,-0.0018352651968598366,0.0024088004138320684,-0.0024408181197941303,0.004849618300795555,-0.00014151436334941536,0.00010949694114970043,-0.0002510113117750734,0.005900004878640175,-4.04392671585083,-3.354444714966018,0.058788221251340124,-7.208020396976248e-05,-6.16327331601833e-05,1.7973489761856578e-05,,
dePablo CV1,test,4,25,0.1937984496124031,144,0.4057335436064724,0.40844515428566636,0.0025696796365082264,0.00297557539306581,-1.5778932720422745e-05,0.010369300842285156,0.0007931680884212255,-0.001912183710373938,0.002509003272280097,-0.0025405611377209425,0.0050495644100010395,-0.00014590658247470856,0.00011434871703386307,-0.0002602552995085716,0.006146024446934462,-4.019870281219482,-3.3303882803346703,0.05736699933834809,-7.679262017066233e-05,-5.3049745341443105e-05,1.7607299036845263e-05,,
dePablo CV1,test,4,26,0.20155038759689922,144,0.4059825508932281,0.40844515428566636,0.00267501687631011,0.0030978324357420206,-1.6926425814745016e-05,0.010788917541503906,0.0008252653642557561,-0.0019891022238880396,0.0026111879851669073,-0.002645040862262249,0.0052562290802598,-0.00015171141421888024,0.0001178585589514114,-0.00026956998044624925,0.006391601637005806,-3.99599027633667,-3.3065082754518578,0.05589941777972498,-8.885771558316743e-05,-4.799443149771881e-05,2.2561835202100957e-05,,
dePablo CV1,test,4,27,0.20930232558139536,144,0.4059374249819957,0.40844515428566636,0.0027780381496995687,0.0032173017971217632,-1.7597289115656167e-05,0.011199951171875,0.0008567061158828437,-0.0020652140956372023,0.0027115962002426386,-0.002746790647506714,0.005458386614918709,-0.00015742208051960915,0.00012222750228829682,-0.00027964956825599074,0.006637532729655504,-3.9716882705688477,-3.2822062696840355,0.054465122533699444,-9.154000715196165e-05,-4.395459504844307e-05,1.2966303308691704e-05,,
dePablo CV1,test,4,28,0.21705426356589147,144,0.4061577637594768,0.40844515428566636,0.0028832617681473494,0.0033396484795957804,-1.7989634216064587e-05,0.01161956787109375,0.0008888034499250352,-0.0021420593839138746,0.002814545528963208,-0.0028505248483270407,0.005665070377290249,-0.0001618659298401326,0.00012588666868396103,-0.00028775259852409363,0.006884453352540731,-3.9477453231811523,-3.25826332229634,0.052996501414750014,-0.00010162523568626998,-4.029324369199127e-05,1.695924349247415e-05,,
dePablo CV1,test,4,29,0.2248062015503876,144,0.4062208977463215,0.40844515428566636,0.0029861265793442726,0.0034592326264828444,-1.8829428881872445e-05,0.0120391845703125,0.0009209007257595658,-0.0022181712556630373,0.0029145884327590466,-0.002952247392386198,0.005866835825145245,-0.00016734428936615586,0.00012968543160241097,-0.00029702973552048206,0.007130726240575314,-3.9232444763183594,-3.2337624754335472,0.05156076571840215,-0.00010079627707829511,-3.635561498613858e-05,1.4085684275750654e-05,,
dePablo CV1,test,4,30,0.23255813953488372,144,0.40637773016187406,0.40844515428566636,0.0030910756904631853,0.0035809960681945086,-1.8950551748275757e-05,0.01245880126953125,0.0009529980015940964,-0.0022942831274122,0.0030175084248185158,-0.0030554095283150673,0.006072917953133583,-0.00017213562387041748,0.00013423452037386596,-0.00030637014424428344,0.007376650348305702,-3.899312973022461,-3.209830972137649,0.05009920603869242,-0.00011039648286898571,-3.003154503456613e-05,1.5616283785400907e-05,,
dePablo CV1,test,4,31,0.24031007751937986,144,0.40619282440885884,0.40844515428566636,0.0031932303681969643,0.003699769964441657,-2.0155632228124887e-05,0.012868881225585938,0.0009843658190220594,-0.0023712017573416233,0.0031164565589278936,-0.00315676792524755,0.006273224484175444,-0.00017829953867476434,0.00013798827421851456,-0.00031628779834136367,0.007622740231454372,-3.8745460510253906,-3.1850640501405785,0.04867316702066461,-0.00010479295728699224,-2.8167952289426944e-05,1.5220679831685233e-05,,
dePablo CV1,test,4,32,0.24806201550387597,144,0.4064720876449636,0.40844515428566636,0.003298782743513584,0.0038222884759306908,-2.062894964183215e-05,0.013289451599121094,0.0010165361454710364,-0.002447313629090786,0.003219486214220524,-0.003260744037106633,0.006480230018496513,-0.00018339820962864906,0.00014214031398296356,-0.0003255385090596974,0.00786891020834446,-3.8504347801208496,-3.1609527792360375,0.04720271412962538,-0.00011795535205989406,-2.116917589832943e-05,1.3733913736727826e-05,,
dePablo CV1,test,4,33,0.2558139534883721,144,0.40651910546478504,0.40844515428566636,0.0034015816636383533,0.003941738978028297,-2.1405983716249466e-05,0.013698577880859375,0.001047830912284553,-0.0025242320261895657,0.0033194799907505512,-0.0033622917253524065,0.006681771948933601,-0.00018885452300310135,0.00014604255557060242,-0.00033489707857370377,0.008114944212138653,-3.8256685733795166,-3.1361865724947044,0.04576881797600431,-0.0001186804111955748,-2.126238392644037e-05,9.81296244195031e-06,,
dePablo CV1,test,4,34,0.26356589147286824,144,0.40666709037752635,0.40844515428566636,0.0035069799050688744,0.004064084030687809,-2.201936331402976e-05,0.014120101928710938,0.0010800741147249937,-0.0026003438979387283,0.003422209294512868,-0.003466248046606779,0.006888457573950291,-0.0001944589166669175,0.00015042017912492156,-0.0003448791103437543,0.008360432460904121,-3.8013010025024414,-3.1118190016176293,0.04430036457826363,-0.0001278693774441011,-1.8261655668472783e-05,1.6142226365873802e-05,,
dePablo CV1,test,4,35,0.2713178294573643,144,0.40654760986000277,0.40844515428566636,0.003609561361372471,0.0041832271963357925,-2.2878612071508542e-05,0.014529228210449219,0.0011113689979538321,-0.0026771891862154007,0.003521926235407591,-0.0035676832776516676,0.007089609280228615,-0.0001999827945837751,0.0001542255631648004,-0.0003542083431966603,0.008607153780758381,-3.7763853073120117,-3.0869033064271996,0.0428701494400564,-0.00012763283851442516,-1.625900944139584e-05,1.6476315589604857e-05,,
dePablo CV1,test,4,36,0.27906976744186046,144,0.4067292973557043,0.40844515428566636,0.003714840393513441,0.004305260255932808,-2.3146676539909095e-05,0.014948844909667969,0.0011434663319960237,-0.0027533010579645634,0.003625053446739912,-0.00367134646512568,0.007296400144696236,-0.0002053560019703582,0.00015906264889054,-0.0003644186654128134,0.008853188715875149,-3.75193452835083,-3.062452527466018,0.04140552916274366,-0.00013647432149272446,-1.974927279331196e-05,1.1150635767837224e-05,,
dePablo CV1,test,4,37,0.2868217054263566,144,0.40662597827356617,0.40844515428566636,0.0038175624795258045,0.004424845799803734,-2.3872746169217862e-05,0.015359878540039062,0.0011749070836231112,-0.002829412929713726,0.0037250593304634094,-0.0037728052120655775,0.007497864775359631,-0.00021029822528362274,0.00016255273658316582,-0.0003728509764187038,0.009098776616156101,-3.7268407344818115,-3.0373587335969994,0.03996995318314666,-0.00013267802350483675,-1.3889892929093711e-05,1.5159445658659056e-05,,
dePablo CV1,test,4,38,0.29457364341085274,144,0.40686399954505387,0.40844515428566636,0.003922931384295225,0.004547141492366791,-2.468837919877842e-05,0.015779495239257812,0.0012070044176653028,-0.0029064049012959003,0.0038275644183158875,-0.0038769410457462072,0.007704505696892738,-0.00021617280435748398,0.00016679604595992714,-0.00038296886486932635,0.009344877675175667,-3.7023749351501465,-3.0128929342653343,0.03850208446741107,-0.00013632714940980256,-7.693207195580553e-06,5.212609748935984e-06,,
dePablo CV1,test,4,39,0.3023255813953488,144,0.406774260580453,0.40844515428566636,0.004025885835289955,0.0046669128350913525,-2.5455528884776868e-05,0.0161895751953125,0.0012383721768856049,-0.002983249956741929,0.003927851095795631,-0.0039787618443369865,0.007906612940132618,-0.0002217823639512062,0.00017087130981963128,-0.0003926536883227527,0.00959072820842266,-3.677119255065918,-2.987637254181106,0.03706444284441607,-0.00013709908847669628,-6.518634851795665e-06,7.076144465403267e-06,,
dePablo CV1,test,4,40,0.31007751937984496,144,0.40700266111929106,0.40844515428566636,0.0041311923414468765,0.004789075814187527,-2.6070305466419086e-05,0.016618728637695312,0.001271198969334364,-0.0030586286447942257,0.004030645824968815,-0.00408278638496995,0.008113432675600052,-0.00022717741376254708,0.0001750367955537513,-0.00040221420931629837,0.009836940094828606,-3.652421474456787,-2.962939473571975,0.03559843764269252,-0.0001520194191914675,-4.835902998423368e-06,9.074052515592132e-06,,
dePablo CV1,test,4,41,0.3178294573643411,144,0.40691345659651296,0.40844515428566636,0.00423387298360467,0.004908327013254166,-2.6555007934803143e-05,0.01702880859375,0.0013025668449699879,-0.003135473933070898,0.004130782559514046,-0.004183892626315355,0.008314674720168114,-0.00023290753597393632,0.00017979751282837242,-0.00041270506335422397,0.010082758031785488,-3.6271324157714844,-2.9376504148866722,0.03416695568006726,-0.00014603803456211795,-5.082020016185948e-06,3.551157754601115e-06,,
dePablo CV1,test,4,42,0.32558139534883723,144,0.4071095900985513,0.40844515428566636,0.004338623024523258,0.005030411761254072,-2.7371985197532922e-05,0.017449378967285156,0.001334737055003643,-0.0032123189885169268,0.004232786130160093,-0.004287530202418566,0.008520316332578659,-0.00023798231268301606,0.00018323834228795022,-0.0004212206695228815,0.010329166427254677,-3.6021568775177,-2.912674876632888,0.032701760546525495,-0.0001553585490446456,4.758523783639573e-06,5.50059605295964e-06,,
dePablo CV1,test,4,43,0.3333333333333333,144,0.40701926339201566,0.40844515428566636,0.004442030563950539,0.005150461569428444,-2.782445153570734e-05,0.017858505249023438,0.0013660319382324815,-0.0032885042019188404,0.004333747550845146,-0.0043893964029848576,0.008723143488168716,-0.00024281007063109428,0.0001871611748356372,-0.0004299712600186467,0.010575915686786175,-3.57681941986084,-2.8873374189760277,0.03126078801628901,-0.0001537313458209505,8.758723119614572e-06,6.961255374452203e-06,,
dePablo CV1,test,4,44,0.34108527131782945,144,0.407154523461581,0.40844515428566636,0.004546578042209148,0.005271869711577892,-2.8528789698611945e-05,0.018280029296875,0.0013982751406729221,-0.0033653494901955128,0.004435562528669834,-0.004492620006203651,0.008928182534873486,-0.0002488695608917624,0.00019181199604645371,-0.0004406815569382161,0.010822132229804993,-3.551668167114258,-2.8621861662294457,0.02980373961933122,-0.0001613715869044455,7.633536781356551e-06,4.204162129578745e-06,,
dePablo CV1,test,4,45,0.3488372093023256,144,0.4070485110470701,0.40844515428566636,0.004649890586733818,0.005391694605350494,-2.9486345738405362e-05,0.018678665161132812,0.0014287675730884075,-0.0034422678872942924,0.004535874351859093,-0.004594846628606319,0.009130720980465412,-0.00025430621462874115,0.00019533353042788804,-0.0004496397450566292,0.011067443527281284,-3.526186466217041,-2.836704465332229,0.028365431195560047,-0.00015630629516719685,1.1173210038629784e-05,6.000465493998224e-06,,
dePablo CV1,test,4,46,0.35658914728682173,144,0.40718464393957193,0.40844515428566636,0.004755147732794285,0.0055138422176241875,-2.9764758437522687e-05,0.01909923553466797,0.0014609377831220627,-0.003517646575346589,0.004638930782675743,-0.004698460455983877,0.009337391704320908,-0.0002589201903901994,0.00019939067715313286,-0.0004583108820952475,0.01131342351436615,-3.501039743423462,-2.8115577425386498,0.02689947907269538,-0.00016277845846843176,1.530089525501045e-05,7.5745741599122505e-06,,
dePablo CV1,test,4,47,0.3643410852713178,144,0.4071561616115161,0.40844515428566636,0.00485888309776783,0.005634244065731764,-3.097408261965029e-05,0.019519805908203125,0.0014931081095710397,-0.0035944918636232615,0.00473951967433095,-0.00480146799236536,0.009540988132357597,-0.00026495548081584275,0.00020300730830058455,-0.0004679627891164273,0.011559326201677322,-3.4752602577209473,-2.785778256836135,0.025454385388349272,-0.00016326961866699736,1.5546774852906084e-05,7.289235607099855e-06,,
dePablo CV1,test,4,48,0.37209302325581395,144,0.40728398536448074,0.40844515428566636,0.0049630096182227135,0.005755560472607613,-3.108961755060591e-05,0.019928932189941406,0.0015244028763845563,-0.00367133691906929,0.004841472953557968,-0.004903652239590883,0.009745124727487564,-0.00026957422960549593,0.0002073949872283265,-0.00047696923138573766,0.011805708520114422,-3.4499878883361816,-2.7605058874513695,0.02399827645625745,-0.00016107644636110993,2.2371467974282325e-05,2.7117428056173705e-06,,
dePablo CV1,test,4,49,0.3798449612403101,144,0.40725219462702367,0.40844515428566636,0.005066782236099243,0.005875969771295786,-3.169388946844265e-05,0.020349502563476562,0.0015565732028335333,-0.0037474490236490965,0.004942637402564287,-0.005006025079637766,0.009948662482202053,-0.0002749177219811827,0.00021152995759621263,-0.0004864476795773953,0.012051481753587723,-3.4242677688598633,-2.734785767975051,0.02255314778439725,-0.00016373156480438942,2.342769180584958e-05,9.886689165950444e-06,,
dePablo CV1,test,4,50,0.3875968992248062,144,0.40731093072774244,0.40844515428566636,0.005170820280909538,0.005997037515044212,-3.2943931728368625e-05,0.020769119262695312,0.001588670420460403,-0.003824440762400627,0.005043444689363241,-0.005109332501888275,0.010152777656912804,-0.0002805747790262103,0.00021468692284543067,-0.0004952616873197258,0.012297648936510086,-3.398576259613037,-2.709094258728225,0.021100139170851583,-0.00016632613645596188,2.9774364392083995e-05,5.293517433112744e-06,,
dePablo CV1,test,4,51,0.3953488372093023,144,0.40731792605779316,0.40844515428566636,0.0052742743864655495,0.006117372307926416,-3.291894245194271e-05,0.02117919921875,0.001620038296096027,-0.003899672767147422,0.005144897382706404,-0.005210735369473696,0.0103556327521801,-0.0002855903876479715,0.00021975248819217086,-0.0005053428467363119,0.012543897144496441,-3.372882604598999,-2.683400603714187,0.019655749110328392,-0.00015920213019913508,3.147255375761144e-05,8.89399947454357e-06,,
dePablo CV1,test,4,52,0.40310077519379844,144,0.40740394308816347,0.40844515428566636,0.0053785257041454315,0.006238800473511219,-3.360713890288025e-05,0.02159881591796875,0.0016521356301382184,-0.0039766645058989525,0.005246414802968502,-0.005313629284501076,0.010560044087469578,-0.0002914791402872652,0.00022426486248150468,-0.0005157439736649394,0.012790147215127945,-3.347156047821045,-2.6576740469362328,0.018198353203319913,-0.00015723293597958042,3.224513406137681e-05,6.49498108811285e-06,,
dePablo CV1,test,4,53,0.4108527131782946,144,0.4074043863495009,0.40844515428566636,0.005483058746904135,0.0063599832355976105,-3.435690450714901e-05,0.022008895874023438,0.0016835033893585205,-0.004053509794175625,0.005348112899810076,-0.00541682681068778,0.010764939710497856,-0.0002967396576423198,0.00022802584862802178,-0.0005247655208222568,0.013037142343819141,-3.3212766647338867,-2.6317946638490746,0.016743941324034402,-0.0001571905849031663,4.0492364334777935e-05,4.1607741464549465e-06,,
dePablo CV1,test,4,54,0.4186046511627907,144,0.4074155616712534,0.40844515428566636,0.005586869083344936,0.0064806751906871796,-3.526804721332155e-05,0.022429466247558594,0.0017156735993921757,-0.0041296216659247875,0.005448991898447275,-0.005519527941942215,0.010968519374728203,-0.0003026921476703137,0.00023215606051962823,-0.0005348481936380267,0.013283107429742813,-3.2952871322631836,-2.6058051313783714,0.015295482195958223,-0.00016021692484718738,3.657495328705596e-05,6.853012863079605e-06,,
dePablo CV1,test,4,55,0.4263565891472868,144,0.40746600110054243,0.40844515428566636,0.005691352766007185,0.006601836998015642,-3.5884426324628294e-05,0.022849082946777344,0.0017477709334343672,-0.004206540063023567,0.005550948902964592,-0.005622717086225748,0.011173665523529053,-0.00030802603578194976,0.00023625718313269317,-0.0005442831898108125,0.01352862548083067,-3.2694292068481445,-2.5799472059633324,0.013841284380210445,-0.0001573635287451125,4.526287835127807e-05,5.444242537273702e-06,,
dePablo CV1,test,4,56,0.43410852713178294,144,0.4073884637283948,0.40844515428566636,0.005794707685709,0.006722116842865944,-3.672949969768524e-05,0.02325916290283203,0.0017791388090699911,-0.0042833853513002396,0.005651526618748903,-0.005724985618144274,0.011376512236893177,-0.00031376496190205216,0.00024030596250668168,-0.0005540709244087338,0.013774963095784187,-3.2430553436279297,-2.5535733427431175,0.01239768949244163,-0.0001544845819578154,4.3196397041657125e-05,5.88539618818133e-06,,
dePablo CV1,test,4,57,0.4418604651162791,144,0.4075113542624707,0.40844515428566636,0.0058999815955758095,0.0068441457115113735,-3.7278565287124366e-05,0.023679733276367188,0.0018113090191036463,-0.0043587638065218925,0.005754193291068077,-0.005828750319778919,0.011582943610846996,-0.00031967140967026353,0.00024511426454409957,-0.0005647856742143631,0.014020903035998344,-3.2171554565429688,-2.5276734556581566,0.010933234441829085,-0.00015815488410567802,4.3223533783002184e-05,-6.046301191008823e-06,,
dePablo CV1,test,4,58,0.4496124031007752,144,0.4074640078274239,0.40844515428566636,0.006002603564411402,0.0069636451080441475,-3.835931420326233e-05,0.02408885955810547,0.0018426039023324847,-0.0044356826692819595,0.005853699520230293,-0.005930418148636818,0.011784117668867111,-0.00032523347181268036,0.0002485148434061557,-0.0005737483152188361,0.014266669750213623,-3.1906473636627197,-2.5011653627779076,0.009498883112160583,-0.00014764736811527445,4.658158874740109e-05,-1.2325737683673987e-07,,
dePablo CV1,test,4,59,0.4573643410852713,144,0.4075760351777208,0.40844515428566636,0.006107635330408812,0.0070858728140592575,-3.8246987969614565e-05,0.024509429931640625,0.0018747741123661399,-0.004511794541031122,0.005956899840384722,-0.006033394020050764,0.011990293860435486,-0.00033012611675076187,0.00025363214081153274,-0.0005837582284584641,0.014512794092297554,-3.164658308029175,-2.4751763071443627,0.0080320560429505,-0.00015206229699494183,4.679712175672173e-05,-1.90065479916136e-06,,
dePablo CV1,test,4,60,0.46511627906976744,144,0.40751984001873653,0.40844515428566636,0.00621073367074132,0.007205556146800518,-3.920635208487511e-05,0.024919509887695312,0.0019061419880017638,-0.004588639829307795,0.006057137623429298,-0.006135549861937761,0.012192687019705772,-0.00033567732316441834,0.0002572646189946681,-0.0005929419421590865,0.01475834846496582,-3.1381289958953857,-2.4486469950105736,0.006595596138591988,-0.00014579587916402988,5.401319477613961e-05,-2.4432630568275328e-06,,
dePablo CV1,test,4,61,0.4728682170542636,144,0.4076325326292099,0.40844515428566636,0.006316361948847771,0.007328197825700045,-3.9865055441623554e-05,0.025348663330078125,0.001938968780450523,-0.00466548465192318,0.00616011768579483,-0.0062398482114076614,0.012399965897202492,-0.00034105157828889787,0.00026132146012969315,-0.000602373038418591,0.015004608780145645,-3.111865758895874,-2.422383758011062,0.005123930912995826,-0.00015928632871182452,4.888420879308066e-05,-3.143867097138567e-06,,
dePablo CV1,test,4,62,0.4806201550387597,144,0.40755463730592534,0.40844515428566636,0.006418721284717321,0.007447258569300175,-4.06619074055925e-05,0.02574920654296875,0.0019696070812642574,-0.004741670098155737,0.006259689573198557,-0.006341013591736555,0.012600703164935112,-0.00034686291473917663,0.00026553909992799163,-0.0006124019855633378,0.015250748954713345,-3.0850484371185303,-2.395566436233718,0.0036949089479243855,-0.00014987749514820033,5.1663866035286734e-05,-2.9308403429439974e-06,,
dePablo CV1,test,4,63,0.4883720930232558,144,0.4076562084437924,0.40844515428566636,0.006524709518998861,0.0075704073533415794,-4.1215887904400006e-05,0.02617931365966797,0.00200250674970448,-0.004818515386432409,0.006363109219819307,-0.006445541046559811,0.012808650732040405,-0.00035309273516759276,0.00027066096663475037,-0.0006237537018023431,0.015496538951992989,-3.0588786602020264,-2.369396659317214,0.0022170708429965725,-0.0001564758074695306,4.6960164970297274e-05,3.256268281920711e-09,,
dePablo CV1,test,4,64,0.49612403100775193,144,0.4076348127190575,0.40844515428566636,0.006627468392252922,0.0076897586695849895,-4.196508598397486e-05,0.026589393615722656,0.002033874625340104,-0.004894700367003679,0.0064630694687366486,-0.006546999327838421,0.01301006879657507,-0.0003579918120522052,0.00027406163280829787,-0.0006320534739643335,0.01574280485510826,-3.0320193767547607,-2.3425373758699486,0.0007846949152239973,-0.0001560330039634239,5.3359159793067005e-05,3.7858190771272263e-06,,
dePablo CV1,test,4,65,0.5038759689922481,144,0.4077388129828442,0.40844515428566636,0.0067322347313165665,0.007811621762812138,-4.267604526830837e-05,0.026998519897460938,0.0020651693921536207,-0.004970812238752842,0.006565183401107788,-0.006650535389780998,0.013215718790888786,-0.00036409765016287565,0.00027874557417817414,-0.0006428431952372193,0.01598890870809555,-3.005500555038452,-2.31601855415364,-0.0006778029191462019,-0.00015566491087747392,5.0002864278543624e-05,4.955866621620525e-06,,
dePablo CV1,test,4,66,0.5116279069767442,144,0.4076491544162811,0.40844515428566636,0.00683584064245224,0.00793172512203455,-4.3268679291941226e-05,0.027429580688476562,0.0020981421694159508,-0.005047657527029514,0.0066661536693573,-0.0067526912316679955,0.013418844901025295,-0.0003697120992001146,0.00028317474061623216,-0.0006528868107125163,0.016234995797276497,-2.978487730026245,-2.289005729141433,-0.0021192646464963513,-0.0001489535938181524,4.694952546315127e-05,-6.606520483568918e-07,,
dePablo CV1,test,4,67,0.5193798449612403,144,0.40775610307049387,0.40844515428566636,0.0069403937086462975,0.008053628727793694,-4.3800464482046664e-05,0.027849197387695312,0.0021302395034581423,-0.005124575924128294,0.00676813954487443,-0.006855740211904049,0.013623880222439766,-0.00037558923941105604,0.00028798833955079317,-0.0006635775789618492,0.016480859369039536,-2.9519643783569336,-2.2624823774721214,-0.0035822166531486364,-0.00015079844180002173,4.8398862257806225e-05,-3.2319593707287693e-06,,
dePablo CV1,test,4,68,0.5271317829457365,144,0.40775657178286684,0.40844515428566636,0.0070439791306853294,0.008174069225788116,-4.4384869397617877e-05,0.02825927734375,0.002161607379093766,-0.005200614687055349,0.006869115401059389,-0.006957885343581438,0.013827000744640827,-0.00038059832877479494,0.0002918285899795592,-0.0006724268896505237,0.016726914793252945,-2.9248971939086914,-2.2354151930238793,-0.005027672301368255,-0.00014680991323826417,5.001478032754741e-05,-4.25464161739572e-06,,
dePablo CV1,test,4,69,0.5348837209302325,144,0.4077506384445454,0.40844515428566636,0.007147989235818386,0.008294862695038319,-4.5026496081845835e-05,0.02867889404296875,0.002193704480305314,-0.005277606658637524,0.006970542948693037,-0.007060596719384193,0.014031140133738518,-0.00038610160117968917,0.0002960486162919551,-0.0006821502465754747,0.016973130404949188,-2.8980321884155273,-2.208550187530715,-0.006477366461079395,-0.00014357302093017142,5.4233347424353555e-05,-7.236536180211732e-06,,
dePablo CV1,test,4,70,0.5426356589147286,144,0.4078272687959474,0.40844515428566636,0.007252444978803396,0.008416443131864071,-4.605555659509264e-05,0.029079437255859375,0.0022243428975343704,-0.005353644955903292,0.007071946281939745,-0.007164057809859514,0.01423600409179926,-0.00039192248368635774,0.00029981136322021484,-0.0006917338469065726,0.017219137400388718,-2.870992660522461,-2.181510659637649,-0.007936487114184399,-0.00014042702620804825,5.167499922348835e-05,-3.7118417184089375e-06,,
dePablo CV1,test,4,71,0.5503875968992248,144,0.4078236109207741,0.40844515428566636,0.007356401067227125,0.008537192828953266,-4.649990296456963e-05,0.029508590698242188,0.0022571696899831295,-0.005429830402135849,0.007173352874815464,-0.007266352418810129,0.01443970575928688,-0.00039720203494653106,0.0003042022290173918,-0.0007014042930677533,0.017464473843574524,-2.8438520431518555,-2.1543700422670433,-0.009385638855365908,-0.00013845699568900487,5.667190970329498e-05,-3.4957389911069463e-06,,
dePablo CV1,test,4,72,0.5581395348837209,144,0.4078470235816122,0.40844515428566636,0.0074613699689507484,0.008659184910356998,-4.723398888017982e-05,0.029929161071777344,0.0022893399000167847,-0.005506675690412521,0.007275634445250034,-0.007370102684944868,0.014645736664533615,-0.00040265845018438995,0.0003081904724240303,-0.0007108489517122507,0.017710944637656212,-2.816772937774658,-2.127290936889846,-0.010849616455481482,-0.00014157465846262427,5.901064825635474e-05,-4.248994641949582e-06,,
dePablo CV1,test,4,73,0.5658914728682171,144,0.4078017860580839,0.40844515428566636,0.007564142346382141,0.0087785255163908,-4.7709429054521024e-05,0.030328750610351562,0.0023199054412543774,-0.005582787562161684,0.007375973742455244,-0.007471392396837473,0.014847366139292717,-0.00040825840551406145,0.00031283951830118895,-0.0007210979238152504,0.017957013100385666,-2.789435863494873,-2.099953862610061,-0.012281883316554715,-0.0001349530730524049,5.861875406362739e-05,-2.901007654130505e-06,,
dePablo CV1,test,4,74,0.5736434108527132,144,0.4078908920901148,0.40844515428566636,0.007669461891055107,0.008901000954210758,-4.806814467883669e-05,0.030759811401367188,0.0023528779856860638,-0.005659705959260464,0.007478958927094936,-0.007575095631182194,0.01505405455827713,-0.0004137979994993657,0.0003176617028657347,-0.0007314597023651004,0.018203120678663254,-2.7624282836914062,-2.072946282806594,-0.01375171898864371,-0.0001333461612566196,6.1021373664759796e-05,-4.833268518134134e-06,,
dePablo CV1,test,4,75,0.5813953488372093,144,0.40781156526815765,0.40844515428566636,0.007771429140120745,0.009019855409860611,-4.899750274489634e-05,0.031159400939941406,0.002383443294093013,-0.005735744722187519,0.0075780353508889675,-0.007676030043512583,0.01525406539440155,-0.00041910301661118865,0.0003211080329492688,-0.0007402110495604575,0.018449170514941216,-2.7347652912139893,-2.045283290329177,-0.01517812473799283,-0.0001284910944941331,5.818346685644068e-05,-6.107123656889428e-06,,
dePablo CV1,test,4,76,0.5891472868217055,144,0.40791111553699844,0.40844515428566636,0.007877224124968052,0.009142706170678139,-4.9759790272219107e-05,0.031589508056640625,0.002416343195363879,-0.005812736228108406,0.007680973969399929,-0.0077804941684007645,0.015461468137800694,-0.0004248508485034108,0.000325331260683015,-0.0007501820800825953,0.01869528740644455,-2.707571029663086,-2.018089028778274,-0.0166524972986803,-0.00012301029781607755,5.9975177070403595e-05,-4.6915536914585345e-06,,
dePablo CV1,test,4,77,0.5968992248062015,144,0.40785464552998496,0.40844515428566636,0.007979691959917545,0.009261907078325748,-5.0189439207315445e-05,0.032009124755859375,0.0024484405294060707,-0.005888115148991346,0.0077810403890907764,-0.00788141880184412,0.015662459656596184,-0.00043044984340667725,0.00033007096499204636,-0.0007605208083987236,0.018941687420010567,-2.679837465286255,-1.990355464401443,-0.018083024063179253,-0.00012133400432396754,5.5954812463790466e-05,-1.742594087164636e-07,,
dePablo CV1,test,4,78,0.6046511627906976,144,0.4079703364868143,0.40844515428566636,0.008085195906460285,0.009384780190885067,-5.135250466992147e-05,0.03241920471191406,0.002479808172211051,-0.005964960437268019,0.007883395999670029,-0.007986100390553474,0.015869496390223503,-0.0004364835622254759,0.0003337785601615906,-0.000770262093283236,0.01918785832822323,-2.6523427963256836,-1.9628607954408717,-0.019557612896207003,-0.00011968335803281916,5.7116283185498156e-05,-1.7309751515980707e-06,,
dePablo CV1,test,4,79,0.6124031007751938,144,0.40790365073391044,0.40844515428566636,0.008188608102500439,0.009504801593720913,-5.16668806085363e-05,0.03283882141113281,0.0025119055062532425,-0.006041072309017181,0.007984445430338383,-0.008087779395282269,0.01607222482562065,-0.00044132934999652207,0.00033799558877944946,-0.0007793249096721411,0.019434073939919472,-2.624630928039551,-1.9351489271547389,-0.0209980249056358,-0.00011412626115845678,5.872065813662522e-05,-1.3244732499410869e-06,,
dePablo CV1,test,4,80,0.6201550387596899,144,0.4079725373860511,0.40844515428566636,0.008293266408145428,0.009626595303416252,-5.226985740591772e-05,0.03325939178466797,0.0025440757162868977,-0.0061179171316325665,0.008086425252258778,-0.00819096527993679,0.016277391463518143,-0.0004478305927477777,0.0003432908852118999,-0.000791121507063508,0.019679762423038483,-2.597111701965332,-1.90762970108052,-0.022459652311556024,-0.00011129399996643979,5.2507447879884964e-05,-2.2540064146691375e-06,,
dePablo CV1,test,4,81,0.627906976744186,144,0.4080066210137092,0.40844515428566636,0.008397581055760384,0.00974762998521328,-5.306003367877565e-05,0.03366851806640625,0.002575370715931058,-0.006194029003381729,0.00818781927227974,-0.008293937891721725,0.016481757164001465,-0.00045359073556028306,0.00034747066092677414,-0.0008010613964870572,0.019925564527511597,-2.5692861080169678,-1.8798041071321558,-0.02391222993680133,-0.00010514841197858747,5.3861161899690314e-05,-1.5975573730842764e-06,,
dePablo CV1,test,4,82,0.6356589147286822,144,0.40796265896639705,0.40844515428566636,0.008501517586410046,0.009868614375591278,-5.373042949941009e-05,0.034089088439941406,0.002607540925964713,-0.0062708742916584015,0.008289117366075516,-0.008396577090024948,0.016685694456100464,-0.00045894260983914137,0.0003514817508403212,-0.0008104243315756321,0.020172182470560074,-2.5414302349090576,-1.8519482340242457,-0.02536416175205318,-0.00010090377229695014,5.574441366262768e-05,-2.6077614854592017e-06,,
dePablo CV1,test,4,83,0.6434108527131783,144,0.407991663138698,0.40844515428566636,0.008605856448411942,0.009990083053708076,-5.414833503891714e-05,0.03450965881347656,0.0026397111359983683,-0.006347866263240576,0.00839113350957632,-0.008499430492520332,0.01689056307077408,-0.000464501790702343,0.0003562051279004663,-0.0008207069477066398,0.02041814476251602,-2.5136168003082275,-1.8241347994234156,-0.026821931890672748,-9.46327737271822e-05,5.236174127829154e-05,1.3793499723632578e-06,,
dePablo CV1,test,4,84,0.6511627906976745,144,0.40796637876662073,0.40844515428566636,0.008708273060619831,0.010109159164130688,-5.490482726600021e-05,0.03490924835205078,0.0026702764444053173,-0.0064239781349897385,0.008490754291415215,-0.008600564673542976,0.01709131896495819,-0.0004700306453742087,0.00036022099084220827,-0.0008302516071125865,0.020664870738983154,-2.4854981899261475,-1.7960161890413355,-0.028250993976647615,-8.622216280275557e-05,4.649814502973538e-05,-3.159941016591496e-07,,
dePablo CV1,test,4,85,0.6589147286821705,144,0.4080215230208552,0.40844515428566636,0.008813801221549511,0.010231776162981987,-5.599214637186378e-05,0.03533935546875,0.0027031763456761837,-0.006500823423266411,0.008593148551881313,-0.008705132640898228,0.01729828119277954,-0.0004765336634591222,0.00036454934161156416,-0.0008410830050706863,0.020911356434226036,-2.4576456546783447,-1.7681636537935328,-0.029722498994744287,-8.32205691537972e-05,5.354500461090203e-05,-5.733761168453608e-06,,
dePablo CV1,test,4,86,0.6666666666666666,144,0.40794428065852417,0.40844515428566636,0.008916313759982586,0.010351080447435379,-5.617551505565643e-05,0.03573894500732422,0.0027337416540831327,-0.006576201878488064,0.008693455718457699,-0.008805806748569012,0.01749926246702671,-0.00048163399333134294,0.00036928296322003007,-0.000850916956551373,0.02115711010992527,-2.429409980773926,-1.7399279798891139,-0.031154259664260456,-7.901509576466469e-05,4.9637296677267286e-05,-5.462768219761696e-06,,
dePablo CV1,test,4,87,0.6744186046511628,144,0.4080633334576141,0.40844515428566636,0.009022152982652187,0.01047439780086279,-5.715821680496447e-05,0.03616905212402344,0.0027666413225233555,-0.006653047166764736,0.008796329610049725,-0.008910644799470901,0.0177069753408432,-0.0004872978897765279,0.00037298144889064133,-0.0008602793095633388,0.021402964368462563,-2.4013309478759766,-1.7118489469911646,-0.03263417790640412,-7.571289124456702e-05,5.0435925262044446e-05,-3.7984367024312133e-06,,
dePablo CV1,test,4,88,0.6821705426356589,144,0.4080210848369796,0.40844515428566636,0.009124863892793655,0.010593799874186516,-5.747015529777855e-05,0.03658866882324219,0.002798738656565547,-0.006729965563863516,0.008896637707948685,-0.009011577814817429,0.017908215522766113,-0.0004930653376504779,0.0003781249397434294,-0.0008711902773939073,0.02164893038570881,-2.3731186389923096,-1.6836366381074976,-0.03406715831574437,-6.481451898892029e-05,4.759470342776093e-05,-6.788468954762952e-06,,
dePablo CV1,test,4,89,0.689922480620155,144,0.40808664961698976,0.40844515428566636,0.00923032034188509,0.010716289281845093,-5.81647182116285e-05,0.037009239196777344,0.002830908866599202,-0.006806151010096073,0.00899946503341198,-0.009115793742239475,0.01811525970697403,-0.0004983074613846838,0.00038197802496142685,-0.0008802855154499412,0.021895047277212143,-2.344906806945801,-1.6554248060609889,-0.035537086906494486,-6.654231149124878e-05,4.752301335024707e-05,-7.257410533368822e-07,,
dePablo CV1,test,4,90,0.6976744186046512,144,0.4080604080063436,0.40844515428566636,0.009333746507763863,0.010836628265678883,-5.916231748415157e-05,0.03741931915283203,0.002862276742234826,-0.0068829962983727455,0.009099964052438736,-0.009218288585543633,0.01831825263798237,-0.000504828174598515,0.00038650340866297483,-0.0008913315832614899,0.02214127779006958,-2.31642746925354,-1.626945468368728,-0.036981315040382316,-5.520214610498422e-05,4.164311547598385e-05,-6.226464113718656e-06,,
dePablo CV1,test,4,91,0.7054263565891473,144,0.40808602917149395,0.40844515428566636,0.009437824599444866,0.010957837104797363,-5.966719982097857e-05,0.03783893585205078,0.0028943740762770176,-0.006959841120988131,0.009201470762491226,-0.009320804849267006,0.018522275611758232,-0.0005101768765598536,0.00039084244053810835,-0.0009010193170979619,0.022387675940990448,-2.2881007194519043,-1.5986187185670924,-0.03843597397037115,-4.477643313786479e-05,4.166055360576246e-05,-8.79629966069812e-06,,
dePablo CV1,test,4,92,0.7131782945736435,144,0.4080895099635073,0.40844515428566636,0.009542485699057579,0.011079237796366215,-6.0090795159339905e-05,0.038249969482421875,0.002925814827904105,-0.007035952992737293,0.009303661994636059,-0.009423843584954739,0.018727505579590797,-0.0005159860011190176,0.00039580443990416825,-0.0009117904119193554,0.022633971646428108,-2.259674072265625,-1.570192071380813,-0.03989281860345863,-4.742717238576015e-05,3.6297602363023496e-05,-2.4071539063859775e-06,,
dePablo CV1,test,4,93,0.7209302325581395,144,0.4080759459820832,0.40844515428566636,0.009646501392126083,0.01120010670274496,-6.115607538959011e-05,0.038669586181640625,0.0029579121619462967,-0.00711287185549736,0.009404534474015236,-0.009526846930384636,0.018931381404399872,-0.000522204558365047,0.0003998923348262906,-0.0009220968931913376,0.022880401462316513,-2.230940103530884,-1.5414581026460719,-0.04134340801691276,-3.617971085667402e-05,3.792845434082778e-05,-6.713341625107176e-06,,
dePablo CV1,test,4,94,0.7286821705426356,144,0.40813615082879917,0.40844515428566636,0.009751986712217331,0.01132267527282238,-6.125427898950875e-05,0.03907966613769531,0.0029892800375819206,-0.007188910152763128,0.009507987648248672,-0.009630496613681316,0.019138485193252563,-0.0005273398710414767,0.0004048313421662897,-0.0009321712423115969,0.023126356303691864,-2.202512741088867,-1.5130307402040553,-0.04281429116195128,-3.3597808881610066e-05,3.339303764591256e-05,-1.2353987822783141e-05,,
dePablo CV1,test,4,95,0.7364341085271318,144,0.40812238207976687,0.40844515428566636,0.009854929521679878,0.011442652903497219,-6.197449692990631e-05,0.03949928283691406,0.0030213771387934685,-0.007265095598995686,0.009608160704374313,-0.009732110425829887,0.0193402711302042,-0.0005327870603650808,0.00040883809560909867,-0.0009416251559741795,0.023372165858745575,-2.1736197471618652,-1.4841377462770533,-0.044254152489378924,-2.3878645937030762e-05,2.801313457375663e-05,-1.3068192667682096e-05,,
dePablo CV1,test,4,96,0.7441860465116279,144,0.40819878015127026,0.40844515428566636,0.009960341267287731,0.01156524010002613,-6.309586024144664e-05,0.03991889953613281,0.00305347447283566,-0.007342013996094465,0.009710409678518772,-0.00983660202473402,0.019547011703252792,-0.0005389257567003369,0.0004127341089770198,-0.0009516598656773567,0.023618362843990326,-2.1451539993286133,-1.4556719984438014,-0.045725267920052735,-2.2659757974523852e-05,3.320461898431612e-05,-9.38798292347782e-06,,
dePablo CV1,test,4,97,0.751937984496124,144,0.4081187887030338,0.40844515428566636,0.010062850080430508,0.011684446595609188,-6.32377341389656e-05,0.0403289794921875,0.003084842348471284,-0.007418125867843628,0.009810744784772396,-0.009937220253050327,0.019747965037822723,-0.0005437762592919171,0.00041730082011781633,-0.000961077050305903,0.023864762857556343,-2.116179943084717,-1.4266979421999049,-0.04715593909094602,-4.892259918959796e-06,2.644016763504053e-05,-6.715450868420287e-06,,
dePablo CV1,test,4,98,0.7596899224806202,144,0.40816855717879685,0.40844515428566636,0.010167715139687061,0.011806403286755085,-6.381427374435589e-05,0.04074859619140625,0.0031169396825134754,-0.0074949711561203,0.009913019835948944,-0.01004064828157425,0.019953668117523193,-0.0005497640813700855,0.0004221355193294585,-0.000971899600699544,0.024110518395900726,-2.0873818397521973,-1.3978998388673853,-0.048619522349363675,1.0649039958005776e-06,2.4950387055622382e-05,1.454583241276267e-06,,
dePablo CV1,test,4,99,0.7674418604651163,144,0.4081406398479569,0.40844515428566636,0.010271616280078888,0.011927049607038498,-6.45068139419891e-05,0.04115867614746094,0.0031483075581490993,-0.007570349611341953,0.010014106519520283,-0.010143120773136616,0.0201572272926569,-0.0005553393857553601,0.0004263256269041449,-0.0009816649835556746,0.024356864392757416,-2.0583314895629883,-1.3688494886781764,-0.050067418049109184,1.3626754972245761e-05,2.4308452959962055e-05,-3.7005827401911748e-06,,
dePablo CV1,test,4,100,0.7751937984496124,144,0.4081621618699007,0.40844515428566636,0.010375442914664745,0.012048175558447838,-6.529678648803383e-05,0.041579246520996094,0.0031804777681827545,-0.007647194899618626,0.010115165263414383,-0.010245759040117264,0.020360924303531647,-0.0005616669659502804,0.0004310735093895346,-0.0009927405044436455,0.02460247278213501,-2.029341697692871,-1.3398596968080592,-0.05152100676453162,1.856952520033937e-05,1.9225966225726886e-05,2.6356585534306715e-08,,
dePablo CV1,test,4,101,0.7829457364341085,144,0.40822149537213,0.40844515428566636,0.010480998083949089,0.0121707022190094,-6.621843203902245e-05,0.04200935363769531,0.0032133774366229773,-0.007723306771367788,0.010217800736427307,-0.010350237600505352,0.020568039268255234,-0.0005681500188075006,0.0004357131547294557,-0.0010038631735369563,0.024848461151123047,-2.0003647804260254,-1.3108827795412135,-0.052991426754817314,2.6538183659711878e-05,1.5296851413026193e-05,-5.104295286490824e-06,,
dePablo CV1,test,4,102,0.7906976744186046,144,0.4082133542545748,0.40844515428566636,0.010584177449345589,0.012290826998651028,-6.662003579549491e-05,0.04241943359375,0.003244745312258601,-0.007800225634127855,0.010318583808839321,-0.01045182440429926,0.02077040821313858,-0.0005738536710850894,0.00044061357039026916,-0.0010144672123715281,0.02509448304772377,-1.9711109399795532,-1.2816289390947413,-0.05443302310242897,3.5321742606143566e-05,1.0633115723627415e-05,-1.4011027101507906e-05,,
dePablo CV1,test,4,103,0.7984496124031008,144,0.4082459722929451,0.40844515428566636,0.010689563117921352,0.012413273565471172,-6.761852273484692e-05,0.04283905029296875,0.0032768426463007927,-0.007876411080360413,0.010420935228466988,-0.010556171648204327,0.02097710594534874,-0.0005797522608190775,0.0004445152007974684,-0.001024267403408885,0.025341220200061798,-1.9421077966690063,-1.2526257957841944,-0.05590242464903468,3.610027298460028e-05,9.624345914192086e-06,-1.4998813336977382e-05,,
dePablo CV1,test,4,104,0.8062015503875969,144,0.40822385010112144,0.40844515428566636,0.010792654007673264,0.012533275410532951,-6.779273098800331e-05,0.04324913024902344,0.003308210289105773,-0.00795325543731451,0.010521933436393738,-0.010657519102096558,0.021179452538490295,-0.000585361267440021,0.00044977583456784487,-0.001035137102007866,0.02558738738298416,-1.9126166105270386,-1.2231346096422266,-0.057342554999985036,4.543623130487494e-05,6.082574127629687e-06,-9.097236956363244e-06,,
dePablo CV1,test,4,105,0.813953488372093,144,0.40827214023090314,0.40844515428566636,0.010897647589445114,0.01265527680516243,-6.88452273607254e-05,0.04366874694824219,0.0033403076231479645,-0.008030100725591183,0.010623865760862827,-0.010761555284261703,0.021385420113801956,-0.0005918716196902096,0.00045418107765726745,-0.0010460526682436466,0.025833919644355774,-1.883528232574463,-1.194046231689651,-0.058806642174521306,5.1112691885497355e-05,-6.39829159390313e-08,-9.082002653732359e-06,,
dePablo CV1,test,4,106,0.8217054263565892,144,0.4082063628897742,0.40844515428566636,0.011000358499586582,0.012774921953678131,-6.985871004872024e-05,0.044078826904296875,0.0033716754987835884,-0.00810701958835125,0.010723571293056011,-0.010863288305699825,0.021586859598755836,-0.0005985490279272199,0.00045883149141445756,-0.0010573805775493383,0.026079442352056503,-1.853922724723816,-1.164440723839004,-0.06024249846221658,6.323947676437048e-05,-1.3887278422331454e-05,-4.268057555505956e-06,,
dePablo CV1,test,4,107,0.8294573643410853,144,0.40824978776731213,0.40844515428566636,0.011105630546808243,0.012897145934402943,-6.996167940087616e-05,0.04449939727783203,0.0034038457088172436,-0.008183130994439125,0.01082673855125904,-0.01096666231751442,0.02179340086877346,-0.000603464141022414,0.00046354078222066164,-0.0010670048650354147,0.02632564678788185,-1.8245859146118164,-1.1351039137270045,-0.06170920753029561,6.171990055989133e-05,-9.85999330872089e-06,-6.097708937143608e-06,,
dePablo CV1,test,4,108,0.8372093023255814,144,0.40825777639819966,0.40844515428566636,0.011209900490939617,0.013018181547522545,-7.082884258124977e-05,0.04491901397705078,0.003435943042859435,-0.00825931690633297,0.010928042232990265,-0.011069700121879578,0.021997742354869843,-0.0006094440468586981,0.0004677863616961986,-0.0010772304376587272,0.02657138742506504,-1.795013427734375,-1.105531426849563,-0.06316168436937285,6.355709310852287e-05,-1.4971240781988758e-05,6.5125925293789045e-06,,
dePablo CV1,test,4,109,0.8449612403100775,144,0.4082376752353834,0.40844515428566636,0.011313029564917088,0.013138152658939362,-7.160380482673645e-05,0.045330047607421875,0.0034673837944865227,-0.008335355669260025,0.01102838758379221,-0.011171596124768257,0.02219998463988304,-0.0006159318145364523,0.00047272423398680985,-0.0010886560194194317,0.026817956939339638,-1.7653383016586304,-1.0758563007738184,-0.06460141911286554,7.186204264603184e-05,-2.2862892410467683e-05,-2.376789310339384e-06,,
dePablo CV1,test,4,110,0.8527131782945736,144,0.4082905680410547,0.40844515428566636,0.011418499052524567,0.013261165469884872,-7.202714186860248e-05,0.04575920104980469,0.0035002105869352818,-0.008412273600697517,0.011131462641060352,-0.011275517754256725,0.022406980395317078,-0.0006212948355823755,0.0004772404208779335,-0.001098535256460309,0.027063723653554916,-1.7357650995254517,-1.0462830986406397,-0.06607763262257056,7.626077825389841e-05,-2.8902105226178952e-05,3.0451155310271592e-06,,
dePablo CV1,test,4,111,0.8604651162790697,144,0.40827451152322913,0.40844515428566636,0.011520841158926487,0.013380351476371288,-7.241094863275066e-05,0.046158790588378906,0.003530775895342231,-0.008488385938107967,0.011231307871639729,-0.011376130394637585,0.022607438266277313,-0.0006262848619371653,0.00048146292101591825,-0.0011077477829530835,0.027309931814670563,-1.706046223640442,-1.01656422275563,-0.06750801547769619,9.308490249329564e-05,-2.6569017552515647e-05,7.822623711262327e-06,,
dePablo CV1,test,4,112,0.8682170542635659,144,0.4083145047602495,0.40844515428566636,0.011626359075307846,0.013502843677997589,-7.352186366915703e-05,0.04657936096191406,0.0035629463382065296,-0.00856523122638464,0.011333795264363289,-0.011480838060379028,0.022814633324742317,-0.0006328076124191284,0.00048576388508081436,-0.0011185714974999428,0.027555637061595917,-1.6762787103652954,-0.9867967094804835,-0.06897798825608699,0.00010066053259522879,-2.934221153107671e-05,9.740824648816675e-07,,
dePablo CV1,test,4,113,0.875968992248062,144,0.40826502438067347,0.40844515428566636,0.011729687452316284,0.013623127713799477,-7.415955769829452e-05,0.04698944091796875,0.00359431398101151,-0.008642149157822132,0.01143444050103426,-0.011582760140299797,0.02301720157265663,-0.000637729128357023,0.0004894101293757558,-0.0011271391995251179,0.027802076190710068,-1.6463353633880615,-0.9568533625032496,-0.07042151920205766,0.00011581495550297393,-2.8082055707693558e-05,5.112018196729575e-06,,
dePablo CV1,test,4,114,0.8837209302325582,144,0.4082940434291786,0.40844515428566636,0.011834450997412205,0.013744735158979893,-7.447667303495109e-05,0.0474090576171875,0.0036264113150537014,-0.008718261495232582,0.011536729522049427,-0.011685683391988277,0.023222412914037704,-0.000643377483356744,0.0004944241372868419,-0.0011378016788512468,0.028047846630215645,-1.6165684461593628,-0.9270864452745509,-0.07188089147636094,0.00012385787113718678,-3.216597848819075e-05,1.5969337946951914e-06,,
dePablo CV1,test,4,115,0.8914728682170543,144,0.4083383878991344,0.40844515428566636,0.011939519084990025,0.013866981491446495,-7.558929792139679e-05,0.04783916473388672,0.003659310983493924,-0.008794446475803852,0.01163859385997057,-0.011789772659540176,0.02342836558818817,-0.0006497330614365637,0.0004985544364899397,-0.0011482874397188425,0.028294609859585762,-1.586558222770691,-0.897076221885879,-0.07334790538840662,0.00012899609757054955,-3.525251957382093e-05,2.3850696424441456e-06,,
dePablo CV1,test,4,116,0.8992248062015504,144,0.4083245153200356,0.40844515428566636,0.01204290334135294,0.013987435027956963,-7.586134597659111e-05,0.048248291015625,0.0036906059831380844,-0.008871291764080524,0.011739647015929222,-0.011891369707882404,0.0236310176551342,-0.0006550349644385278,0.0005033122724853456,-0.0011583472369238734,0.028540607541799545,-1.5563408136367798,-0.8668588127519679,-0.07479348204023269,0.00014783640572122773,-4.136832707919367e-05,5.943750595425292e-06,,
dePablo CV1,test,4,117,0.9069767441860465,144,0.4083707688610356,0.40844515428566636,0.01214902475476265,0.014110268093645573,-7.677570101805031e-05,0.04866981506347656,0.0037228490691632032,-0.008948137052357197,0.011842787265777588,-0.011996339075267315,0.023839127272367477,-0.0006616769824177027,0.000508125638589263,-0.0011698026210069656,0.028787003830075264,-1.5263961553573608,-0.8369141544725489,-0.07626745753170762,0.00014140880163317383,-4.692874560974878e-05,5.561039512423847e-06,,
dePablo CV1,test,4,118,0.9147286821705426,144,0.4083164541880138,0.40844515428566636,0.012251313775777817,0.014229599386453629,-7.708013436058536e-05,0.049078941345214844,0.0037541440688073635,-0.00902351550757885,0.011942712590098381,-0.012096873484551907,0.024039585143327713,-0.0006668832502327859,0.0005127229960635304,-0.0011796061880886555,0.029032835736870766,-1.4961625337600708,-0.8066805328752589,-0.07769959383127248,0.0001646495798859162,-4.804825414405074e-05,4.890645981550947e-06,,
dePablo CV1,test,4,119,0.9224806201550387,144,0.4083545764775913,0.40844515428566636,0.012356438674032688,0.014352057129144669,-7.805610948707908e-05,0.04949951171875,0.0037863142788410187,-0.009100360795855522,0.012044941075146198,-0.012201053090393543,0.02424599416553974,-0.0006726938881911337,0.0005165815819054842,-0.001189275411888957,0.029278717935085297,-1.46592378616333,-0.7764417852785181,-0.0791691388439937,0.00017184050958614486,-5.096267287695743e-05,6.762075366933223e-06,,
dePablo CV1,test,4,120,0.9302325581395349,144,0.4083428715628577,0.40844515428566636,0.012459727935492992,0.01447209995239973,-7.85258089308627e-05,0.04990959167480469,0.0038176821544766426,-0.009176473133265972,0.012145740911364555,-0.012302792631089687,0.024448532611131668,-0.0006790380575694144,0.0005219865124672651,-0.0012010245118290186,0.029524998739361763,-1.435502529144287,-0.7460205282594752,-0.08060975715130127,0.000187735294060423,-5.9451071308341905e-05,7.4759741844868165e-06,,
dePablo CV1,test,4,121,0.937984496124031,144,0.4083301678099792,0.40844515428566636,0.012563607655465603,0.014593074098229408,-7.930331048555672e-05,0.05032920837402344,0.003849779488518834,-0.009253391064703465,0.012246675789356232,-0.012405282817780972,0.024651959538459778,-0.0006844562594778836,0.0005258495802991092,-0.0012103058397769928,0.029771314933896065,-1.4052923917770386,-0.7158103908922266,-0.08206151519889425,0.00019379272702130517,-6.0706200723056806e-05,1.3825437526348844e-05,,
dePablo CV1,test,4,122,0.9457364341085271,144,0.40837185800463627,0.40844515428566636,0.012668688781559467,0.014715282246470451,-7.971966260811314e-05,0.050759315490722656,0.003882679156959057,-0.009329576045274734,0.012349335476756096,-0.012508775107562542,0.024858109652996063,-0.0006906597409397364,0.0005312205175869167,-0.001221880316734314,0.030017362907528877,-1.3750526905059814,-0.6855706896211695,-0.0835280434233304,0.00020226987996835584,-6.494315276054102e-05,2.9776994575896496e-06,,
dePablo CV1,test,4,123,0.9534883720930233,144,0.40835769712690423,0.40844515428566636,0.012772110290825367,0.014835684560239315,-8.042348054004833e-05,0.051158905029296875,0.0039132446981966496,-0.009406421333551407,0.012450105510652065,-0.01261095330119133,0.02506105974316597,-0.0006969947717152536,0.0005361479124985635,-0.0012331426842138171,0.03026386722922325,-1.3443652391433716,-0.6548832382585597,-0.08497300413048028,0.00022135093413692877,-7.122880165576117e-05,4.882169197047054e-06,,
dePablo CV1,test,4,124,0.9612403100775194,144,0.4084244771224728,0.40844515428566636,0.012877926230430603,0.01495891623198986,-8.124289161060005e-05,0.0515899658203125,0.003946217242628336,-0.00948326662182808,0.012553052976727486,-0.012715538963675499,0.025268591940402985,-0.0007027561659924686,0.0005402704700827599,-0.0012430266942828894,0.030510446056723595,-1.3140381574630737,-0.6245561565782618,-0.08645181458800984,0.00022816860842416432,-7.320040136263587e-05,-3.5916446977427038e-06,,
dePablo CV1,test,4,125,0.9689922480620154,144,0.4083537020613874,0.40844515428566636,0.012979951687157154,0.015077895484864712,-8.179174619726837e-05,0.05199909210205078,0.003977512009441853,-0.00955937895923853,0.01265251636505127,-0.012816100381314754,0.0254686176776886,-0.000708248873706907,0.0005446652648970485,-0.0012529140803962946,0.030756495893001556,-1.2832733392715454,-0.5937913383867335,-0.08787971424834594,0.00025146080027465444,-7.756140126398323e-05,2.2411909496789413e-06,,
dePablo CV1,test,4,126,0.9767441860465116,144,0.4083989613956782,0.40844515428566636,0.01308532990515232,0.01520061120390892,-8.264240750577301e-05,0.05241966247558594,0.004009682219475508,-0.009635490365326405,0.012755035422742367,-0.012920320965349674,0.02567535638809204,-0.0007145173149183393,0.000549232354387641,-0.0012637496693059802,0.0310025904327631,-1.2526963949203491,-0.5632143940355372,-0.08935232556785261,0.00025654668454309443,-8.558157582492414e-05,-2.779022604654218e-06,,
dePablo CV1,test,4,127,0.9844961240310077,144,0.4084086641431023,0.40844515428566636,0.013189786113798618,0.01532186008989811,-8.303076901938766e-05,0.052829742431640625,0.004041050095111132,-0.009712482802569866,0.012857047840952873,-0.013023111037909985,0.025880157947540283,-0.0007203608402051032,0.0005542992730624974,-0.0012746601132676005,0.03124874457716942,-1.2219715118408203,-0.5324895109560084,-0.09080735463662788,0.00026568366207815544,-9.508987447132777e-05,-3.004525250642166e-06,,
dePablo CV1,test,4,128,0.9922480620155039,144,0.4083725174585873,0.40844515428566636,0.013293077237904072,0.015442273579537868,-8.424143743468449e-05,0.053238868713378906,0.004072344861924648,-0.009789328090846539,0.012957112863659859,-0.013125594705343246,0.026082707569003105,-0.0007267979090102017,0.0005583149613812566,-0.0012851129285991192,0.03149526193737984,-1.1909440755844116,-0.5014620746995997,-0.09225242411259228,0.00028541542946643053,-9.903588261775131e-05,-3.122039692693712e-06,,
dePablo CV1,test,4,129,1.0,144,0.40844515428566636,0.40844515428566636,0.013398577459156513,0.015564930625259876,-8.441865065833554e-05,0.05365943908691406,0.0041045150719583035,-0.009866172447800636,0.013060417026281357,-0.013229254633188248,0.026289671659469604,-0.000732637126930058,0.0005637996946461499,-0.0012964368797838688,0.03174145892262459,-1.16042959690094,-0.470947596016128,-0.09372431434607303,0.0002869539215730983,-0.00010639018747467674,-9.496023282599116e-07,,
dePablo CV2,test,0,0,0.0,104,,-0.5734598575106268,0.0,0.0,0.0,0.0,0.0,0.0,0.0,0.0,0.0,0.0,0.0,0.0,0.0,0.6933481097221375,-4.504504056052506,-0.11506084719120578,-0.0043766082705546955,0.0001439735984679353,0.0006406666548815504,3.8690690994262695,-2.0171427731020684
dePablo CV2,test,0,1,0.00909090909090909,104,0.021750951604132682,-0.5734598575106268,2.8630360247916542e-05,3.43699284712784e-05,-7.101692744981847e-07,4.00543212890625e-05,3.629565298979287e-06,-9.504008630756289e-05,4.99289217259502e-06,-6.413230494217714e-06,1.1406122212065384e-05,-4.405442268762272e-06,2.9851037197659025e-06,-7.390545761154499e-06,0.0002479944669175893,0.6491401791572571,-4.500210659011913,-0.11500037865494932,-0.004206275500493467,0.00023986553995653813,0.0004631503408589521,3.835709571838379,-1.9619271417322437
dePablo CV2,test,0,2,0.01818181818181818,104,-0.10762942779291552,-0.5734598575106268,8.57195773278363e-05,0.00010819463204825297,4.450790584087372e-06,-0.00018024444580078125,-1.6333044186467305e-05,-0.00019272966892458498,-4.7952078602975234e-05,5.685365977114998e-05,-0.00010480573837412521,-6.703373401251156e-06,1.5604953659931198e-05,-2.2308326151687652e-05,0.0004982269019819796,0.612027108669281,-4.496780753858049,-0.11420069670177438,-0.0038829916320839465,0.00023642924696350075,0.0002429357938939854,3.807910919189453,-1.9156845116083352
dePablo CV2,test,0,3,0.02727272727272727,104,-0.19130751045644662,-0.5734598575106268,0.0001839958131313324,0.00022876453294884413,1.2800956938008312e-05,-0.0005102157592773438,-4.62337484350428e-05,-0.0002876842918340117,-0.00013121790834702551,0.00015681982040405273,-0.00028803772875107825,-1.100937879527919e-05,3.661129449028522e-05,-4.762067328556441e-05,0.0007512200972996652,0.5794159770011902,-4.493286923179113,-0.11299827314173583,-0.003493769613081211,0.00019438812535826336,4.9699537792983655e-05,3.782914638519287,-1.8747443955459424
dePablo CV2,test,0,4,0.03636363636363636,104,-0.24627375905920962,-0.5734598575106268,0.00030223437352105975,0.00036916518001817167,2.1248053599265404e-05,-0.0008697509765625,-7.881341298343614e-05,-0.00038357905577868223,-0.00023032122408039868,0.0002728173276409507,-0.0005031385226175189,-1.6958667401922867e-05,5.9454774600453675e-05,-7.641344564035535e-05,0.0010068181436508894,0.5505115389823914,-4.489427354251703,-0.11160336905821064,-0.003095404157592266,0.0001655308507011182,-9.019315653489664e-05,3.7598540782928467,-1.837969951935815
dePablo CV2,test,0,5,0.045454545454545456,104,-0.28460103171989903,-0.5734598575106268,0.0004313308163546026,0.0005196466809138656,3.0916973628336564e-05,-0.001270294189453125,-0.00011510906915646046,-0.0004794738197233528,-0.00033781977253966033,0.0003996537416242063,-0.0007374734850600362,-2.5665387511253357e-05,8.749933476792648e-05,-0.00011316472227917984,0.0012638892512768507,0.5219271183013916,-4.485875695344267,-0.11009911815424359,-0.002718151957084861,0.00011841084254398868,-0.00018476087848388445,3.737363576889038,-1.8017721967834812
dePablo CV2,test,0,6,0.05454545454545454,104,-0.3108566193311956,-0.5734598575106268,0.0005653258413076401,0.0006749856402166188,3.9989128708839417e-05,-0.001659393310546875,-0.00015036770491860807,-0.0005753685836680233,-0.0004507059638854116,0.0005306842504069209,-0.000981390243396163,-3.559686956577934e-05,0.00011557512334547937,-0.0001511719892732799,0.0015224914532154799,0.4930504262447357,-4.482396902287237,-0.10854291280401766,-0.0023525312456178227,8.930547023930011e-05,-0.00023940646740332747,3.7147727012634277,-1.7652741282793385
dePablo CV2,test,0,7,0.06363636363636363,104,-0.3310794873810834,-0.5734598575106268,0.0007058586925268173,0.000835588900372386,4.9709844461176544e-05,-0.0020704269409179688,-0.00018761395767796785,-0.0006721180398017168,-0.0005686956574209034,0.0006681153317913413,-0.0012368110474199057,-4.652744246413931e-05,0.0001459471241105348,-0.00019247457385063171,0.0017819685162976384,0.46364882588386536,-4.478906574098347,-0.10692178822089558,-0.002025861361374868,5.433809283606758e-05,-0.00026135353622265144,3.6918325424194336,-1.7281456674884323
dePablo CV2,test,0,8,0.07272727272727272,104,-0.3485359972442301,-0.5734598575106268,0.0008537235553376377,0.0010040774941444397,5.945111843175255e-05,-0.0025005340576171875,-0.0002265885705128312,-0.0007671581115573645,-0.0006943354965187609,0.0008132377406582236,-0.0015075732953846455,-5.777280603069812e-05,0.00017667505017016083,-0.00023444785620085895,0.002042436273768544,0.4363609254360199,-4.475435726315345,-0.10521719834418532,-0.0017149210530276466,2.1373139504195586e-05,-0.0002716551433015914,3.67026686668396,-1.6935384269678946
dePablo CV2,test,0,9,0.08181818181818182,104,-0.36444989273674533,-0.5734598575106268,0.001008794759400189,0.001179297105409205,6.89684457029216e-05,-0.0029401779174804688,-0.0002664273779373616,-0.0008630529046058655,-0.0008269110112451017,0.0009648479172028601,-0.0017917589284479618,-7.068250852171332e-05,0.00020861941447947174,-0.00027930192300118506,0.0023039248771965504,0.4086746871471405,-4.472025777128695,-0.1034402295505526,-0.0014206131049861544,-1.5216377825506443e-05,-0.0002619869830878264,3.6485188007354736,-1.6584973309571704
dePablo CV2,test,0,10,0.09090909090909091,104,-0.3775104833370117,-0.5734598575106268,0.0011690986575558782,0.0013595536584034562,8.009668090380728e-05,-0.0034008026123046875,-0.00030816736398264766,-0.000959802302531898,-0.0009621804347261786,0.0011223738547414541,-0.002084554173052311,-8.274371066363528e-05,0.00024293706519529223,-0.0003256807685829699,0.002567797899246216,0.3826366066932678,-4.468596013593534,-0.10160977249411875,-0.0011445680835641603,-4.8624782933209584e-05,-0.0002516534524295782,3.627800941467285,-1.6253997774452915
dePablo CV2,test,0,11,0.1,104,-0.38968337598474584,-0.5734598575106268,0.0013340176083147526,0.0015448554186150432,9.05180349946022e-05,-0.0038499832153320312,-0.00034887035144492984,-0.0010575773194432259,-0.0011029110755771399,0.0012839471455663443,-0.002386858221143484,-9.465461334912106e-05,0.0002756906906142831,-0.00037034531123936176,0.0028321915306150913,0.35554322600364685,-4.464894840451421,-0.0997242371137114,-0.0008917721300565883,-7.618315101765922e-05,-0.00024122931141705905,3.606086254119873,-1.590876158846415
dePablo CV2,test,0,12,0.10909090909090909,104,-0.4008097165991903,-0.5734598575106268,0.0015039497520774603,0.001735410070978105,0.0001016475580399856,-0.004329681396484375,-0.00039233872666954994,-0.0011534721124917269,-0.0012477879645302892,0.0014510831097140908,-0.00269887107424438,-0.00010797897266456857,0.00031127408146858215,-0.0004192530468571931,0.0030976166017353535,0.3300051987171173,-4.46145585186902,-0.09778347801343965,-0.0006509998329714161,-0.0001074125085704886,-0.00021828469898230553,3.585677146911621,-1.5583662241762937
dePablo CV2,test,0,13,0.11818181818181818,104,-0.41090013168514505,-0.5734598575106268,0.001677361549809575,0.0019287830218672752,0.00011237159196753055,-0.004810333251953125,-0.00043589348206296563,-0.0012502216268330812,-0.0013964733807370067,0.0016212165355682373,-0.003017690032720566,-0.00012149762187618762,0.0003462407912593335,-0.00046773842768743634,0.003363107331097126,0.30292293429374695,-4.457650664466126,-0.09581098965027238,-0.0004321990322792607,-0.00014168240266032464,-0.000185504280129871,3.5638461112976074,-1.5237892996296174
dePablo CV2,test,0,14,0.12727272727272726,104,-0.4198193222612332,-0.5734598575106268,0.0018537672003731132,0.002125323284417391,0.00012379289546515793,-0.0053005218505859375,-0.00048031244659796357,-0.0013461163034662604,-0.0015469735953956842,0.0017945594154298306,-0.003341533010825515,-0.00013527889677789062,0.0003828647022601217,-0.0005181435844860971,0.0036290762946009636,0.27714523673057556,-4.45387394498419,-0.09380370085521558,-0.00023732651927792822,-0.00017087746243488362,-0.00016219458070089706,3.5428829193115234,-1.4907789754891532
dePablo CV2,test,0,15,0.13636363636363635,104,-0.42786124613345117,-0.5734598575106268,0.00203263433650136,0.002324128756299615,0.00013504148228093982,-0.0058002471923828125,-0.0005255956202745438,-0.0014420110965147614,-0.0017000236548483372,0.001970106502994895,-0.003670130157843232,-0.00014845884288661182,0.00041854180744849145,-0.0005670006503351033,0.0038957560900598764,0.2511695921421051,-4.450287414353709,-0.09177079831035173,-6.465307080632788e-05,-0.00019596310566733955,-0.0001366508924481165,3.5220189094543457,-1.4576553009172768
dePablo CV2,test,0,16,0.14545454545454545,104,-0.4352734051367026,-0.5734598575106268,0.00221350509673357,0.0025252497289329767,0.00014629430370405316,-0.0062999725341796875,-0.000570878735743463,-0.001538760494440794,-0.0018544624326750636,0.00214705104008317,-0.004001513589173555,-0.00016176070494111627,0.00045434929779730737,-0.0006161099881865084,0.004163446836173534,0.22544081509113312,-4.446775007943474,-0.0897151052758578,0.00010394893812937326,-0.00021166642664213636,-0.00011000364425459318,3.5014007091522217,-1.4248720254029774
dePablo CV2,test,0,17,0.15454545454545454,104,-0.4420652456459579,-0.5734598575106268,0.002397090895101428,0.002729380503296852,0.00015800374967511743,-0.0067996978759765625,-0.0006161619094200432,-0.0016355954576283693,-0.002011722419410944,0.0023277299478650093,-0.004339452367275953,-0.00017479177040513605,0.0004907992552034557,-0.000665591040160507,0.004431084264069796,0.20104867219924927,-4.442963245307286,-0.08762618413678877,0.00024813511295687597,-0.00022616112462223406,-9.350953935782295e-05,3.4812817573547363,-1.3934838218562153
dePablo CV2,test,0,18,0.16363636363636364,104,-0.4484736922840927,-0.5734598575106268,0.002583506517112255,0.0029358291067183018,0.00016886267985682935,-0.0073108673095703125,-0.0006624820525757968,-0.0017324303044006228,-0.0021722400560975075,0.002509965328499675,-0.004682205617427826,-0.000188873935258016,0.0005265992949716747,-0.0007154732011258602,0.004699551500380039,0.17441029846668243,-4.439114001997445,-0.08551274456453874,0.00037994636635722834,-0.00024283215535274644,-6.527498270402197e-05,3.4596822261810303,-1.359405587923374
dePablo CV2,test,0,19,0.17272727272727273,104,-0.4545190267158929,-0.5734598575106268,0.0027707454282790422,0.003143921960145235,0.00018092073150910437,-0.007829666137695312,-0.0007094935863278806,-0.0018283250974491239,-0.002332147443667054,0.002693988848477602,-0.0050261365249753,-0.0002013613993767649,0.0005632028332911432,-0.0007645642617717385,0.0049680243246257305,0.14854852855205536,-4.435760412219889,-0.08338389516902732,0.0005099719695250629,-0.00024975589871453074,-4.91344065131132e-05,3.4391674995422363,-1.3265659991959642
dePablo CV2,test,0,20,0.18181818181818182,104,-0.459887879373671,-0.5734598575106268,0.002959214150905609,0.00335283693857491,0.00019225348660256714,-0.008340835571289062,-0.0007558137294836342,-0.0019242198904976249,-0.0024938483256846666,0.0028783553279936314,-0.005372203886508942,-0.000214804254937917,0.0005993112572468817,-0.0008141155121847987,0.005236682947725058,0.12426566332578659,-4.431553122016558,-0.08124352686457756,0.0006107251967698527,-0.00025296568576708154,-3.2880708705373585e-05,3.4186489582061768,-1.295054623610286
dePablo CV2,test,0,21,0.19090909090909092,104,-0.46468577438864056,-0.5734598575106268,0.003149093594402075,0.003562942845746875,0.00020371872233226895,-0.008859634399414062,-0.000802825263235718,-0.0020218240097165108,-0.0026564260479062796,0.0030638633761554956,-0.005720289424061775,-0.0002283022622577846,0.0006357397069223225,-0.0008640419691801071,0.005505979526787996,0.09845559298992157,-4.42771610215898,-0.07909068055535917,0.000700481770293357,-0.0002531837412878374,-1.0616944777821935e-05,3.3975934982299805,-1.2619673238690854
dePablo CV2,test,0,22,0.2,104,-0.4692064448125282,-0.5734598575106268,0.003340258728712797,0.003774764249101281,0.00021585728973150253,-0.009380340576171875,-0.0008500096155330539,-0.002117718802765012,-0.002820027293637395,0.0032517416402697563,-0.006071768701076508,-0.0002409788576187566,0.0006726934225298464,-0.0009136722655966878,0.005775870755314827,0.07342404872179031,-4.423805026656328,-0.07692192813810869,0.0007924630323542723,-0.00025458356561205417,8.021911833996074e-06,3.3769478797912598,-1.2297567160266802
dePablo CV2,test,0,23,0.20909090909090908,104,-0.47348839442164137,-0.5734598575106268,0.003532733768224716,0.0039880224503576756,0.0002273759600939229,-0.009900093078613281,-0.0008971075294539332,-0.002214553765952587,-0.002985005732625723,0.00343975774012506,-0.006424763239920139,-0.00025571597507223487,0.0007104678661562502,-0.0009661838412284851,0.006045880727469921,0.04801320284605026,-4.420091434521649,-0.07473822985341587,0.0008735650949219704,-0.0002582751731030453,2.0469286752582762e-05,3.3562941551208496,-1.1972221703200165
dePablo CV2,test,0,24,0.21818181818181817,104,-0.47761194029850745,-0.5734598575106268,0.0037261510733515024,0.004202020354568958,0.00023890723241493106,-0.010430335998535156,-0.0009451560326851904,-0.0023103628773242235,-0.003151172073557973,0.003628986421972513,-0.00678015872836113,-0.00026912085013464093,0.000746935314964503,-0.001016056165099144,0.006315998267382383,0.022198552265763283,-4.41583283723471,-0.07254591866747519,0.0009385475692809897,-0.0002585450884358516,3.321287628168858e-05,3.33473539352417,-1.1638599051794052
dePablo CV2,test,0,25,0.22727272727272727,104,-0.4814111621335217,-0.5734598575106268,0.00392052112147212,0.004417394287884235,0.00025095423916354775,-0.010959625244140625,-0.000993118155747652,-0.0024062576703727245,-0.0033178196754306555,0.003819728037342429,-0.007137547712773085,-0.00028228259179741144,0.000784191070124507,-0.0010664736619219184,0.006585829425603151,-0.0030070114880800247,-4.41244797967312,-0.07033990222711113,0.000998880850718828,-0.00025146792715742707,4.88145595821899e-05,3.314603090286255,-1.131779181729019
dePablo CV2,test,0,26,0.23636363636363636,104,-0.48487678560057734,-0.5734598575106268,0.004116040654480457,0.004633443895727396,0.0002625224879011512,-0.0114898681640625,-0.0010411667171865702,-0.0025022379122674465,-0.003485384862869978,0.004010429605841637,-0.007495814468711615,-0.0002961941063404083,0.0008212390821427107,-0.001117433188483119,0.006855851039290428,-0.02788463421165943,-4.408424665835021,-0.06812683176178212,0.0010489882419853264,-0.0002460781780948487,6.087413307512753e-05,3.2939226627349854,-1.0996795066241176
dePablo CV2,test,0,27,0.24545454545454545,104,-0.4883212424644937,-0.5734598575106268,0.004312649369239807,0.00485117407515645,0.00027428611065261066,-0.012020111083984375,-0.0010892152786254883,-0.0025980472564697266,-0.0036539805587381124,0.004202552605420351,-0.00785653293132782,-0.0003101518959738314,0.0008587241172790527,-0.0011688759550452232,0.007126780692487955,-0.05327450484037399,-4.404484237663891,-0.0658973465189289,0.0010981984619810041,-0.00023967840928209636,6.866674680105888e-05,3.273013114929199,-1.067024832443941
dePablo CV2,test,0,28,0.2545454545454545,104,-0.4916553368406534,-0.5734598575106268,0.004510092083364725,0.00506959343329072,0.00028621312230825424,-0.012559890747070312,-0.0011381279909983277,-0.0026939420495182276,-0.0038227662444114685,0.004395192489027977,-0.008217958733439445,-0.00032346509397029877,0.0008958913385868073,-0.001219356432557106,0.007397504523396492,-0.07815339416265488,-4.400485710943524,-0.06366104174493113,0.0011422308192623294,-0.0002297007650959454,7.736466904566704e-05,3.252361297607422,-1.0349395012680145
dePablo CV2,test,0,29,0.2636363636363636,104,-0.4946357237968423,-0.5734598575106268,0.004707369487732649,0.0052876160480082035,0.0002985268656630069,-0.01309967041015625,-0.0011870407033711672,-0.0027898368425667286,-0.0039913235232234,0.004588377196341753,-0.00857970118522644,-0.00033690923009999096,0.0009339629323221743,-0.0012708721915259957,0.007667888421565294,-0.10463301092386246,-4.396605991665398,-0.061428296096177344,0.0011730449995490117,-0.00022559326721325953,8.095884905451015e-05,3.2308270931243896,-1.0010302127933148
dePablo CV2,test,0,30,0.2727272727272727,104,-0.49734350583693354,-0.5734598575106268,0.0049057528376579285,0.005506760906428099,0.00031020850292406976,-0.013629913330078125,-0.0012350891483947635,-0.002886671805754304,-0.004160895477980375,0.004781312774866819,-0.008942208252847195,-0.0003504982450976968,0.0009709152509458363,-0.001321413554251194,0.007939697243273258,-0.12937186658382416,-4.39269012266174,-0.0591845571252963,0.0012020813220675354,-0.00020455912260270345,8.494054395046137e-05,3.2103629112243652,-0.9691639345332498
dePablo CV2,test,0,31,0.2818181818181818,104,-0.49977763942008363,-0.5734598575106268,0.005102396011352539,0.005724381189793348,0.00032229305361397564,-0.01416015625,-0.0012831377098336816,-0.0029825663659721613,-0.004328840412199497,0.004973426461219788,-0.009302266873419285,-0.00036400987301021814,0.0010085960384458303,-0.0013726059114560485,0.008210966363549232,-0.15346653759479523,-4.388563050440834,-0.05695680745140296,0.00122667851517662,-0.00019253070802393576,8.613837902484827e-05,3.1900599002838135,-0.9379272141666278
dePablo CV2,test,0,32,0.2909090909090909,104,-0.5022572196567647,-0.5734598575106268,0.005301480181515217,0.0059443567879498005,0.0003335977380629629,-0.014699935913085938,-0.001332050422206521,-0.0030784611590206623,-0.004500078968703747,0.005167274735867977,-0.009667353704571724,-0.00037738250102847815,0.0010445780353620648,-0.001421960536390543,0.008482715114951134,-0.1797865629196167,-4.384669680852204,-0.05470435718466169,0.001239073357642717,-0.0001751568678535845,8.944626227191677e-05,3.168611526489258,-0.904198618809327
dePablo CV2,test,0,33,0.3,104,-0.5048363654588283,-0.5734598575106268,0.005502169020473957,0.006166127510368824,0.00034576698089949787,-0.015239715576171875,-0.0013809631345793605,-0.0031743559520691633,-0.004671555478125811,0.005363089498132467,-0.010034644976258278,-0.00039097064291127026,0.0010825046338140965,-0.0014734752476215363,0.008754379115998745,-0.20461609959602356,-4.380419993118641,-0.052434221463815794,0.0012513669623360855,-0.00016534089568163014,8.81076555698139e-05,3.147693157196045,-0.8720112886991815
dePablo CV2,test,0,34,0.3090909090909091,104,-0.5071246778089387,-0.5734598575106268,0.005702327471226454,0.006387842819094658,0.00035804702201858163,-0.015779495239257812,-0.0014298758469522,-0.00326931057497859,-0.004843028262257576,0.005559122189879417,-0.010402150452136993,-0.00040369181078858674,0.0011197858257219195,-0.0015234776074066758,0.009025955572724342,-0.23101118206977844,-4.376568057880807,-0.05016521349236947,0.0012640304671317003,-0.00014579918684455267,9.322378384299493e-05,3.1262459754943848,-0.8382200978846529
dePablo CV2,test,0,35,0.3181818181818182,104,-0.5092824413056828,-0.5734598575106268,0.005903142038732767,0.0066095986403524876,0.00037033038097433746,-0.016330718994140625,-0.0014798255870118737,-0.0033661455381661654,-0.005013865884393454,0.005754527170211077,-0.01076839305460453,-0.0004169568419456482,0.001157617662101984,-0.0015745745040476322,0.009297555312514305,-0.2555084824562073,-4.372569680777812,-0.047896177485646244,0.001273892865273051,-0.0001235632019006505,8.932088775765221e-05,3.1058382987976074,-0.8065877730424071
dePablo CV2,test,0,36,0.32727272727272727,104,-0.5113199748955256,-0.5734598575106268,0.0061043305322527885,0.006831962615251541,0.00038252657395787537,-0.016870498657226562,-0.0015287382993847132,-0.003461100161075592,-0.005186202470213175,0.005951255559921265,-0.011137457564473152,-0.00042956179822795093,0.0011946149170398712,-0.0016241767443716526,0.00956893153488636,-0.2813115417957306,-4.368408289810089,-0.0456202647434248,0.0012698831169445372,-0.00010602652959307614,8.713227579257619e-05,3.084402322769165,-0.7733014130013233
dePablo CV2,test,0,37,0.33636363636363636,104,-0.513290149653786,-0.5734598575106268,0.0063056726939976215,0.00705479783937335,0.00039420012035407126,-0.0174102783203125,-0.0015776510117575526,-0.0035561402328312397,-0.0053591178730130196,0.0061475178226828575,-0.011506635695695877,-0.00044325151247903705,0.0012316517531871796,-0.0016749033238738775,0.00984111800789833,-0.3067595362663269,-4.364540952145438,-0.043340383226384956,0.0012705488513237208,-8.725622559428352e-05,9.151108862262357e-05,3.063542366027832,-0.7406244805073857
dePablo CV2,test,0,38,0.34545454545454546,104,-0.5154849934754241,-0.5734598575106268,0.006508128717541695,0.0072790756821632385,0.000406489270972088,-0.01797008514404297,-0.0016283785225823522,-0.0036520350258797407,-0.005532630253583193,0.006345609202980995,-0.0118782389909029,-0.0004569637239910662,0.0012699422659352422,-0.0017269060481339693,0.0101120974868536,-0.3323693871498108,-4.360521558701269,-0.041046906113721346,0.0012798710418145387,-7.403616260952893e-05,9.162347589142432e-05,3.042398452758789,-0.7076582249277166
dePablo CV2,test,0,39,0.35454545454545455,104,-0.5172394310493382,-0.5734598575106268,0.006710647605359554,0.00750270951539278,0.0004183514683973044,-0.018509864807128906,-0.0016772912349551916,-0.003748784540221095,-0.005705821793526411,0.0065425243228673935,-0.012248346582055092,-0.00047041202196851373,0.0013071149587631226,-0.0017775269225239754,0.010384554043412209,-0.3579273521900177,-4.356272137588308,-0.03875895385548799,0.0012697232568507218,-5.256563396189815e-05,9.067965474387701e-05,3.02101469039917,-0.6746064883643554
dePablo CV2,test,0,40,0.36363636363636365,104,-0.5189826353984495,-0.5734598575106268,0.006913096643984318,0.00772667583078146,0.00043060968164354563,-0.01905059814453125,-0.0017262903274968266,-0.0038438246119767427,-0.005878995172679424,0.006740214768797159,-0.01261921040713787,-0.0004838033055420965,0.0013450226979330182,-0.0018288260325789452,0.010655946098268032,-0.38310450315475464,-4.351951370653189,-0.036468469198414635,0.001265057952562498,-3.947229833910533e-05,8.830908327013952e-05,2.9997897148132324,-0.6419611289327734
dePablo CV2,test,0,41,0.37272727272727274,104,-0.5206802520048897,-0.5734598575106268,0.00711609423160553,0.007951215840876102,0.00044280471047386527,-0.01959991455078125,-0.0017760671908035874,-0.003939719405025244,-0.006052618846297264,0.0069382283836603165,-0.01299084722995758,-0.0004971226444467902,0.0013827320653945208,-0.001879854709841311,0.010928565636277199,-0.407880574464798,-4.347944063119251,-0.0341719758186468,0.001254108060288421,-1.558426694206213e-05,8.996093494486525e-05,2.9791932106018066,-0.6099922193232781
dePablo CV2,test,0,42,0.38181818181818183,104,-0.5223947133791367,-0.5734598575106268,0.007320172619074583,0.008176588453352451,0.00045521542779169977,-0.02014923095703125,-0.00182584417052567,-0.004034673795104027,-0.006226712837815285,0.007137143984436989,-0.013363856822252274,-0.0005112573853693902,0.0014216882409527898,-0.0019329455681145191,0.01120118610560894,-0.43368712067604065,-4.343856664072326,-0.03186732600840399,0.0012411885850413262,-6.036984456896207e-06,8.154712448765102e-05,2.9578428268432617,-0.5767490262903978
dePablo CV2,test,0,43,0.39090909090909093,104,-0.5240613635199508,-0.5734598575106268,0.007524385116994381,0.008402686566114426,0.0004670832713600248,-0.020709991455078125,-0.0018766580615192652,-0.0041297138668596745,-0.006402401253581047,0.0073365685530006886,-0.013738969340920448,-0.0005253618001006544,0.001459528342820704,-0.0019848900847136974,0.011473209597170353,-0.4601666033267975,-4.3395817537775425,-0.029555612312703327,0.0012294729366323428,4.6745167883956154e-06,7.970975986690425e-05,2.9358396530151367,-0.5425872376672306
dePablo CV2,test,0,44,0.4,104,-0.5254069745617438,-0.5734598575106268,0.007727553136646748,0.008627473376691341,0.00047960618394427,-0.021249771118164062,-0.0019255707738921046,-0.0042265490628778934,-0.006575716193765402,0.0075349281542003155,-0.014110644347965717,-0.0005380514194257557,0.0014972637873142958,-0.0020353151485323906,0.011745898984372616,-0.4850217401981354,-4.3356501795587015,-0.027257485976142914,0.001215070353573047,2.4981081971251432e-05,7.221385788472178e-05,2.9152824878692627,-0.5105729035043992
dePablo CV2,test,0,45,0.4090909090909091,104,-0.5269435439476421,-0.5734598575106268,0.007932036183774471,0.008853673934936523,0.0004919525235891342,-0.021810531616210938,-0.0019763847813010216,-0.0043223584070801735,-0.006750893779098988,0.007734798360615969,-0.014485692605376244,-0.0005524364532902837,0.0015363415004685521,-0.002088777953758836,0.012018192559480667,-0.5109537243843079,-4.331542968320706,-0.02494458312701813,0.0011912502826023766,3.48570989085275e-05,7.370892537154261e-05,2.8938283920288086,-0.4771681606074726
dePablo CV2,test,0,46,0.41818181818181815,104,-0.5283355271030274,-0.5734598575106268,0.008136803284287453,0.009080193005502224,0.0005037933588027954,-0.022359848022460938,-0.0020261616446077824,-0.0044183386489748955,-0.0069264015182852745,0.007933988235890865,-0.01486038975417614,-0.0005664765485562384,0.0015740632079541683,-0.002140539698302746,0.012291152030229568,-0.5365020036697388,-4.32738133449044,-0.022628913576625224,0.0011701680657521145,5.888363003078456e-05,7.125182169102382e-05,2.8725550174713135,-0.4441840455917163
dePablo CV2,test,0,47,0.42727272727272725,104,-0.5296397789020049,-0.5734598575106268,0.008340926840901375,0.009306035004556179,0.0005156853003427386,-0.022920608520507812,-0.0020769755356013775,-0.0045132930390536785,-0.007101495750248432,0.008132865652441978,-0.01523436140269041,-0.0005797834019176662,0.0016111539443954825,-0.002190937288105488,0.012564235366880894,-0.5617315173149109,-4.323143812448986,-0.020320218290719203,0.0011448825472557063,7.934253849005718e-05,6.343677740695045e-05,2.85139536857605,-0.411529757862676
dePablo CV2,test,0,48,0.43636363636363634,104,-0.5309737557183641,-0.5734598575106268,0.008546181954443455,0.009532799944281578,0.0005286580417305231,-0.023469924926757812,-0.0021267523989081383,-0.004608247894793749,-0.007276293355971575,0.008333609439432621,-0.015609903261065483,-0.0005929233739152551,0.0016502394573763013,-0.0022431628312915564,0.012836507521569729,-0.5881588459014893,-4.319006529946205,-0.018002510708726382,0.0011225328532738815,9.486170414527567e-05,6.158906753946348e-05,2.8295888900756836,-0.3775178614982848
dePablo CV2,test,0,49,0.44545454545454544,104,-0.532276903034523,-0.5734598575106268,0.008751400746405125,0.009759634733200073,0.0005405216361396015,-0.02402019500732422,-0.0021766156423836946,-0.004704142455011606,-0.0074524711817502975,0.008533514104783535,-0.015985984355211258,-0.0006072852411307395,0.0016883284552022815,-0.002295613754540682,0.013109283521771431,-0.6143933534622192,-4.314931104135991,-0.01568430617521265,0.0010990828854723917,0.00010669778537963757,5.807619831193921e-05,2.807979106903076,-0.34377437293846713
dePablo CV2,test,0,50,0.45454545454545453,104,-0.533466863293201,-0.5734598575106268,0.008956127800047398,0.009986239485442638,0.0005527782486751676,-0.024580001831054688,-0.002227343153208494,-0.004800037015229464,-0.007627577520906925,0.008733134716749191,-0.016360711306333542,-0.0006214418681338429,0.0017269984818995,-0.002348440233618021,0.01338178850710392,-0.6396821737289429,-4.310645178438039,-0.013368535836572853,0.0010728407452008947,0.00012156419714701008,5.2683565320222435e-05,2.786724090576172,-0.31101874761316983
dePablo CV2,test,0,51,0.4636363636363636,104,-0.5347409533262845,-0.5734598575106268,0.00916093960404396,0.010213068686425686,0.0005649576778523624,-0.025140762329101562,-0.0022781570442020893,-0.004895077086985111,-0.007803094107657671,0.008933008648455143,-0.0167361032217741,-0.0006349681643769145,0.0017648835200816393,-0.002399851568043232,0.013654889538884163,-0.6645597815513611,-4.3067703023162975,-0.01105063815328269,0.0010452938646267897,0.00013844327412285606,4.310463734122584e-05,2.7662198543548584,-0.2790139915755646
dePablo CV2,test,0,52,0.4727272727272727,104,-0.5358385967139577,-0.5734598575106268,0.009367261081933975,0.010441271588206291,0.000577703001908958,-0.025690078735351562,-0.00232793390750885,-0.004990972112864256,-0.007979542016983032,0.009134948253631592,-0.017114490270614624,-0.0006483303150162101,0.001803736318834126,-0.002452066633850336,0.013928387314081192,-0.6908242106437683,-4.302089691234603,-0.0087187310335748,0.001014392491668267,0.00015023399131456608,4.0315195219531515e-05,2.74387264251709,-0.24484807299616573
dePablo CV2,test,0,53,0.4818181818181818,104,-0.536998017499974,-0.5734598575106268,0.00957405474036932,0.010669802315533161,0.0005899720708839595,-0.026250839233398438,-0.0023787477985024452,-0.005085926502943039,-0.008156775496900082,0.009336719289422035,-0.017493493854999542,-0.0006630501011386514,0.0018429942429065704,-0.0025060442276299,0.014201424084603786,-0.7179316878318787,-4.297831856733352,-0.006383719121368059,0.0009842788386582614,0.00015618691957540077,3.941346020207049e-05,2.7214882373809814,-0.20995183024481348
dePablo CV2,test,0,54,0.4909090909090909,104,-0.5380000203726152,-0.5734598575106268,0.009779468178749084,0.010896853171288967,0.000602180662099272,-0.026800155639648438,-0.0024285248946398497,-0.005181821528822184,-0.008332853205502033,0.009537214413285255,-0.017870068550109863,-0.0006765452562831342,0.0018809065222740173,-0.0025574518367648125,0.014474128372967243,-0.7438214421272278,-4.293754326175807,-0.004063579166151831,0.0009447329411651316,0.00017047374005045243,3.261589241539036e-05,2.700096368789673,-0.17661618620043282
dePablo CV2,test,0,55,0.5,104,-0.5389953899538995,-0.5734598575106268,0.009985641576349735,0.011124899610877037,0.0006144874496385455,-0.027360916137695312,-0.002479338785633445,-0.005276775918900967,-0.008508948609232903,0.009737923741340637,-0.01824687235057354,-0.0006908821524120867,0.0019198569934815168,-0.0026107390876859426,0.01474775467067957,-0.7695410251617432,-4.289410974261603,-0.0017339383417690484,0.000914479975951752,0.0001891531373944137,2.544127089020118e-05,2.678497791290283,-0.14331257084690316
dePablo CV2,test,0,56,0.509090909090909,104,-0.54007601724629,-0.5734598575106268,0.010192527435719967,0.011353748850524426,0.0006261485978029668,-0.027919769287109375,-0.002529979683458805,-0.005372670944780111,-0.008686995133757591,0.009939291514456272,-0.018626287579536438,-0.0007058460614643991,0.001958143198862672,-0.002663989318534732,0.015020334161818027,-0.7956007122993469,-4.285103179207033,0.0006041247825019749,0.0008766088601318533,0.00019731024080978663,2.565124742690567e-05,2.656723976135254,-0.10962801619817746
dePablo CV2,test,0,57,0.5181818181818182,104,-0.5411919073025306,-0.5734598575106268,0.010400393046438694,0.011584129184484482,0.0006391118513420224,-0.028490066528320312,-0.0025816578418016434,-0.005467711016535759,-0.008864818140864372,0.010143041610717773,-0.019007859751582146,-0.0007196322549134493,0.001997855957597494,-0.0027174882125109434,0.015293043106794357,-0.8221821188926697,-4.280836166382236,0.002957063837522103,0.0008500229162791609,0.00020007663625941932,9.272932141882487e-06,2.634665012359619,-0.07535030243416858
dePablo CV2,test,0,58,0.5272727272727272,104,-0.5421707307823581,-0.5734598575106268,0.010607253760099411,0.011812734417617321,0.0006515512941405177,-0.029050827026367188,-0.0026324717327952385,-0.005562751088291407,-0.009041860699653625,0.01034496258944273,-0.01938682422041893,-0.0007334437686949968,0.0020365463569760323,-0.002769990125671029,0.01556637417525053,-0.8484943509101868,-4.276406484168807,0.005292113978932887,0.000816184631788036,0.00020952292544946822,5.515832054083204e-06,2.6125850677490234,-0.04128807374550722
dePablo CV2,test,0,59,0.5363636363636364,104,-0.5430746863991351,-0.5734598575106268,0.01081387884914875,0.01204156968742609,0.0006636948091909289,-0.02960968017578125,-0.0026831128634512424,-0.00565770547837019,-0.009218784049153328,0.01054617390036583,-0.019764957949519157,-0.0007483049412257969,0.002075694501399994,-0.00282399938441813,0.01583937741816044,-0.8744022846221924,-4.272033417876888,0.0076292627256386225,0.0007843446162314014,0.00022005882166145098,3.197417247841586e-06,2.5908308029174805,-0.0077419061731440544
dePablo CV2,test,0,60,0.5454545454545454,104,-0.5439667179825526,-0.5734598575106268,0.011020153760910034,0.012270208448171616,0.0006763941491954029,-0.030170440673828125,-0.0027339267544448376,-0.005754540674388409,-0.009395567700266838,0.010748356580734253,-0.02014392428100109,-0.0007619718671776354,0.002114760223776102,-0.0028767320327460766,0.016112668439745903,-0.9000529646873474,-4.268074986833843,0.009964434140294784,0.0007492734332167076,0.00023079966939600636,4.8899872305942e-06,2.569733142852783,0.025233834480977924
dePablo CV2,test,0,61,0.5545454545454546,104,-0.5449162242791863,-0.5734598575106268,0.011228247545659542,0.0125000374391675,0.0006887379568070173,-0.030730247497558594,-0.002784654265269637,-0.005849495064467192,-0.009573797695338726,0.010951274074614048,-0.020525071769952774,-0.0007765224436298013,0.0021539984736591578,-0.002930521033704281,0.01638522371649742,-0.9264562726020813,-4.26369315795382,0.012311635437207619,0.0007122152200142166,0.00024249923597353902,-3.1648103457241898e-06,2.547651767730713,0.05937356751725146
dePablo CV2,test,0,62,0.5636363636363636,104,-0.5458479272888495,-0.5734598575106268,0.011436783708631992,0.012730407528579235,0.0007008823449723423,-0.03130054473876953,-0.0028363324236124754,-0.005944449920207262,-0.009753061458468437,0.011154824867844582,-0.02090788632631302,-0.0007917722105048597,0.0021935368422418833,-0.002985309110954404,0.016658300533890724,-0.9541426301002502,-4.2592505807410745,0.014664146294796402,0.0006787701290089774,0.00023510952482234932,-2.832800437778557e-06,2.5246779918670654,0.0950749999347095
dePablo CV2,test,0,63,0.5727272727272728,104,-0.5468276891126604,-0.5734598575106268,0.011645209044218063,0.01296147983521223,0.0007132093887776136,-0.03186988830566406,-0.0028879239689558744,-0.00603948999196291,-0.009932131506502628,0.011358550749719143,-0.02129068225622177,-0.0008060522377490997,0.002232471015304327,-0.0030385232530534267,0.016930727288126945,-0.9798519015312195,-4.255008941032642,0.01702352062301947,0.0006497579084720522,0.0002406009229275408,-7.155231023405414e-06,2.503206729888916,0.12830134822984143
dePablo CV2,test,0,64,0.5818181818181818,104,-0.5475292682717332,-0.5734598575106268,0.011851232498884201,0.013189336284995079,0.0007260172860696912,-0.03242015838623047,-0.0029377874452620745,-0.006134530063718557,-0.010107616893947124,0.011559651233255863,-0.021667268127202988,-0.000820219109300524,0.0022722536232322454,-0.0030924726743251085,0.017203377559781075,-1.005929946899414,-4.250659611054228,0.019350332839512353,0.0006095897164240231,0.00025281255412315295,-1.4575265844794847e-05,2.4813718795776367,0.16203424711328268
dePablo CV2,test,0,65,0.5909090909090909,104,-0.5483767304586086,-0.5734598575106268,0.012059122323989868,0.013419556431472301,0.0007381780887953937,-0.03297996520996094,-0.002988514956086874,-0.00622948445379734,-0.010286148637533188,0.011762505397200584,-0.022048654034733772,-0.0008354575256817043,0.0023118136450648308,-0.003147271228954196,0.017476588487625122,-1.0321283340454102,-4.246313837382547,0.02170078755419748,0.0005807075032106796,0.0002545836023850016,-1.5375565865953068e-05,2.4594643115997314,0.1959077068561631
dePablo CV2,test,0,66,0.6,104,-0.5491339107261826,-0.5734598575106268,0.012267041951417923,0.013649236410856247,0.0007504203822463751,-0.033550262451171875,-0.0030401928815990686,-0.006325379479676485,-0.01046462170779705,0.011965462006628513,-0.02243008464574814,-0.0008499998948536813,0.0023508407175540924,-0.0032008406706154346,0.01775038242340088,-1.0597021579742432,-4.241814660766382,0.024046148065491765,0.000536859329311604,0.00025517528335246504,-1.933087385190864e-05,2.436495304107666,0.23151175832513765
dePablo CV2,test,0,67,0.6090909090909091,104,-0.5498872072515484,-0.5734598575106268,0.012474942952394485,0.013879336416721344,0.000763057847507298,-0.03411102294921875,-0.0030910067725926638,-0.006420333869755268,-0.010642755776643753,0.012168871238827705,-0.02281162701547146,-0.0008642629254609346,0.0023903786204755306,-0.0032546415459364653,0.018022887408733368,-1.0858020782470703,-4.237373462951937,0.026395605774018064,0.0004950173816412282,0.00026232779130430124,-2.3083400255159155e-05,2.4145374298095703,0.26532935498592797
dePablo CV2,test,0,68,0.6181818181818182,104,-0.550704373338075,-0.5734598575106268,0.012683587148785591,0.014110200107097626,0.0007755551487207413,-0.03468036651611328,-0.0031425985507667065,-0.006515373941510916,-0.010821939446032047,0.012373050674796104,-0.023194991052150726,-0.0008784222882241011,0.0024295325856655836,-0.0033079548738896847,0.018295982852578163,-1.1126832962036133,-4.233093185097813,0.02875256294682067,0.00045977394674098337,0.0002607295751671002,-2.2563571855055934e-05,2.392271041870117,0.29997139782680105
dePablo CV2,test,0,69,0.6272727272727273,104,-0.5514379694008394,-0.5734598575106268,0.01289251260459423,0.014341040514409542,0.0007876977324485779,-0.03524017333984375,-0.003193326061591506,-0.006610414013266563,-0.01100129820406437,0.012576693668961525,-0.023577991873025894,-0.0008939805557020009,0.0024693759623914957,-0.0033633564598858356,0.01856948621571064,-1.1391761302947998,-4.228871265864064,0.031109072893324822,0.00042762816294775755,0.0002600688898612161,-2.2294830780660307e-05,2.3703222274780273,0.3341151543480925
dePablo CV2,test,0,70,0.6363636363636364,104,-0.5522008431266339,-0.5734598575106268,0.013100559823215008,0.014571459032595158,0.0008001476526260376,-0.03582000732421875,-0.003245868254452944,-0.006706309039145708,-0.011179805733263493,0.012780101038515568,-0.02395990677177906,-0.0009090877720154822,0.0025093830190598965,-0.0034184707328677177,0.01884196139872074,-1.1663644313812256,-4.224402058778222,0.033461398126178404,0.0003889420190285925,0.00025893682541471377,-2.99044076141175e-05,2.347635269165039,0.36924246539641026
dePablo CV2,test,0,71,0.6454545454545455,104,-0.5529120390077783,-0.5734598575106268,0.013310019858181477,0.014802871271967888,0.0008128203917294741,-0.036380767822265625,-0.003296682145446539,-0.006801178213208914,-0.011359183117747307,0.012984823435544968,-0.024344006553292274,-0.0009235799661837518,0.002549220807850361,-0.0034728008322417736,0.019114792346954346,-1.1926277875900269,-4.219975778641731,0.03582400032702832,0.0003432253071650508,0.00025303734535049897,-3.016045096541371e-05,2.3255906105041504,0.40324450796709704
dePablo CV2,test,0,72,0.6545454545454545,104,-0.5536536039989316,-0.5734598575106268,0.013519832864403725,0.015035119839012623,0.0008254318963736296,-0.036960601806640625,-0.0033492245711386204,-0.0068962182849645615,-0.011539191007614136,0.013190055266022682,-0.024729246273636818,-0.0009383639553561807,0.0025892278645187616,-0.003527591936290264,0.019388139247894287,-1.2202308177947998,-4.215304115403987,0.038194740831737795,0.0003072379038540886,0.0002532227111312652,-3.296261027970452e-05,2.302398204803467,0.43899350125731185
dePablo CV2,test,0,73,0.6636363636363637,104,-0.5542985744177995,-0.5734598575106268,0.013727815821766853,0.015265336260199547,0.0008379407227039337,-0.037520408630371094,-0.00339995208196342,-0.006992112845182419,-0.01171751506626606,0.013393397442996502,-0.025110911577939987,-0.0009527920046821237,0.0026286733336746693,-0.003581465221941471,0.019661111757159233,-1.2467787265777588,-4.211087757625279,0.04054479418772669,0.0002677313441855941,0.0002600579048669626,-2.8600307582217062e-05,2.2804207801818848,0.473199070698962
dePablo CV2,test,0,74,0.6727272727272727,104,-0.554959944761636,-0.5734598575106268,0.013936219736933708,0.015495709143579006,0.0008495483198203146,-0.038089752197265625,-0.003451543627306819,-0.007086212746798992,-0.011897117830812931,0.013596215285360813,-0.025493333116173744,-0.0009688048739917576,0.002667901571840048,-0.0036367063876241446,0.019934682175517082,-1.2733248472213745,-4.20683427936947,0.04289615623535521,0.00023446586521182008,0.0002506886430275787,-3.47474381170825e-05,2.2584004402160645,0.5074262501936716
dePablo CV2,test,0,75,0.6818181818181818,104,-0.5556532249203384,-0.5734598575106268,0.014145998284220695,0.015727806836366653,0.0008623860776424408,-0.03866004943847656,-0.0035032217856496572,-0.007182192988693714,-0.012076804414391518,0.0138015765696764,-0.025878380984067917,-0.0009840321727097034,0.0027088040951639414,-0.003692836267873645,0.020207826048135757,-1.3002701997756958,-4.202267149909367,0.045265259054343115,0.00019500292956256733,0.0002401880854544841,-3.3984849430438726e-05,2.235752582550049,0.5423278090360988
dePablo CV2,test,0,76,0.6909090909090909,104,-0.5563057527433602,-0.5734598575106268,0.014355056919157505,0.015958957374095917,0.0008753129513934255,-0.03923988342285156,-0.003555763978511095,-0.00727620767429471,-0.012255549430847168,0.0140061741694808,-0.026261724531650543,-0.000999235431663692,0.0027498614508658648,-0.003749096766114235,0.020481165498495102,-1.328837513923645,-4.197583994509124,0.04762477977105854,0.00014920805843515473,0.00023598029274106625,-3.610555046586591e-05,2.2119300365448,0.5792286652768015
dePablo CV2,test,0,77,0.7,104,-0.556931681981622,-0.5734598575106268,0.014564186334609985,0.01619056984782219,0.0008869941812008619,-0.03980064392089844,-0.00360657786950469,-0.0073721022345125675,-0.012436150573194027,0.014210138469934464,-0.026646289974451065,-0.0010144996922463179,0.0027884880546480417,-0.0038029877468943596,0.020754864439368248,-1.3546193838119507,-4.193025913756142,0.04998878834937446,0.0001090058928091798,0.00023681328887466607,-3.651904822236436e-05,2.1900367736816406,0.6127434929443012
dePablo CV2,test,0,78,0.7090909090909091,104,-0.5575117784178539,-0.5734598575106268,0.014773217961192131,0.01642180234193802,0.0009002276347018778,-0.04038047790527344,-0.0036591202951967716,-0.007467142306268215,-0.01261468417942524,0.014415139332413673,-0.027029823511838913,-0.001028556376695633,0.0028290117625147104,-0.0038575681392103434,0.021028604358434677,-1.3819938898086548,-4.1889418461153864,0.052348694429873645,7.391396453954216e-05,0.0002322854509333845,-4.223918281868161e-05,2.1676878929138184,0.6478455789456155
dePablo CV2,test,0,79,0.7181818181818181,104,-0.558136624369894,-0.5734598575106268,0.014983334578573704,0.016654178500175476,0.0009121788898482919,-0.040950775146484375,-0.0037107982207089663,-0.0075620971620082855,-0.01279562059789896,0.014619977213442326,-0.027415597811341286,-0.0010446764063090086,0.0028690339531749487,-0.003913710359483957,0.021302442997694016,-1.4089508056640625,-4.18428492761703,0.05472048183476052,3.1388663203121054e-05,0.00022238631896264163,-3.46042579158536e-05,2.144926071166992,0.6828182676007574
dePablo CV2,test,0,80,0.7272727272727273,104,-0.5587786993298912,-0.5734598575106268,0.015193875879049301,0.016887353733181953,0.0009251612355001271,-0.041510581970214844,-0.003761525731533766,-0.007657137233763933,-0.012976144440472126,0.014826466329395771,-0.027802610769867897,-0.0010597676737233996,0.002910090144723654,-0.003969857934862375,0.0215750839561224,-1.4358806610107422,-4.179798437589682,0.0571000848154629,-3.984716679092788e-06,0.00021291436540307322,-4.513016747127918e-05,2.1223838329315186,0.7176498771083936
dePablo CV2,test,0,81,0.7363636363636363,104,-0.5594019122533397,-0.5734598575106268,0.015404139645397663,0.0171198807656765,0.0009380197152495384,-0.042090415954589844,-0.0038140681572258472,-0.0077530317939817905,-0.013156388886272907,0.01503242738544941,-0.02818881720304489,-0.001075437176041305,0.00295147649012506,-0.004026913549751043,0.02184857241809368,-1.4625602960586548,-4.175132570918222,0.05947318718690753,-4.407081733294706e-05,0.00019904775943085004,-4.249115100220023e-05,2.0997886657714844,0.7522991800376566
dePablo CV2,test,0,82,0.7454545454545455,104,-0.5599590092564065,-0.5734598575106268,0.015613125637173653,0.017351094633340836,0.0009504876215942204,-0.042659759521484375,-0.0038656597025692463,-0.007847132161259651,-0.013335686177015305,0.01523666176944971,-0.02857234701514244,-0.0010909485863521695,0.0029919238295406103,-0.004082872532308102,0.02212238311767578,-1.490644097328186,-4.170997887235387,0.061832849521165655,-8.534224276521286e-05,0.0001898329054970473,-4.5195281879247134e-05,2.0769262313842773,0.788275494338857
dePablo CV2,test,0,83,0.7545454545454545,104,-0.5605161290322581,-0.5734598575106268,0.01582290045917034,0.017582949250936508,0.0009626513347029686,-0.04324054718017578,-0.00391828827559948,-0.007943026721477509,-0.013516024686396122,0.015441328287124634,-0.02895735204219818,-0.0011071452172473073,0.0030324480030685663,-0.0041395933367311954,0.022395126521587372,-1.5181647539138794,-4.166217975085068,0.06419908801789037,-0.00012882338424500633,0.00017488946808015497,-3.795967906483117e-05,2.0536580085754395,0.8239959250672881
dePablo CV2,test,0,84,0.7636363636363637,104,-0.5610583712537267,-0.5734598575106268,0.016033323481678963,0.01781582459807396,0.000975162023678422,-0.04382038116455078,-0.003970830701291561,-0.008037981577217579,-0.013696668669581413,0.01564699225127697,-0.029343660920858383,-0.0011230249656364322,0.003073349129408598,-0.004196374211460352,0.022668246179819107,-1.5451639890670776,-4.162138866456525,0.06657547829688244,-0.00016590461267544426,0.0001641271285111895,-4.507764446566776e-05,2.031554937362671,0.8586494289116464
dePablo CV2,test,0,85,0.7727272727272727,104,-0.5616358702674764,-0.5734598575106268,0.016243819147348404,0.018048670142889023,0.0009876404656097293,-0.04438972473144531,-0.00402242224663496,-0.008132935501635075,-0.013877873308956623,0.0158531554043293,-0.02973102778196335,-0.0011396979680284858,0.0031149787828326225,-0.00425467686727643,0.022941719740629196,-1.5726211071014404,-4.1571487634314295,0.06895177744791092,-0.00021256722612985845,0.00013863143693501801,-3.764854790740032e-05,2.00807785987854,0.8944288275894855
dePablo CV2,test,0,86,0.7818181818181819,104,-0.5622872832923598,-0.5734598575106268,0.016456160694360733,0.018283486366271973,0.0010005274089053273,-0.04496955871582031,-0.004074964672327042,-0.008228915743529797,-0.01406038273125887,0.016061436384916306,-0.0301218181848526,-0.0011550275376066566,0.003156082471832633,-0.004311109893023968,0.023214982822537422,-1.60137140750885,-4.152700668424723,0.0713479415662631,-0.00025275763871951835,0.00012008304064346764,-4.025242684622906e-05,1.9844173192977905,0.9313965892866845
dePablo CV2,test,0,87,0.7909090909090909,104,-0.5628404607858608,-0.5734598575106268,0.01666680909693241,0.01851641945540905,0.0010129266884177923,-0.04554939270019531,-0.004127507098019123,-0.00832301564514637,-0.014241390861570835,0.016267243772745132,-0.030508633702993393,-0.0011717054294422269,0.0031975586898624897,-0.004369264002889395,0.023488251492381096,-1.6276142597198486,-4.1479082992344205,0.07372479425840871,-0.00028904774152581646,0.00010081818786595737,-3.427414688799862e-05,1.9619512557983398,0.9656083489443449
dePablo CV2,test,0,88,0.8,104,-0.5633779086818967,-0.5734598575106268,0.016877882182598114,0.018750101327896118,0.0010259946575388312,-0.04612922668457031,-0.004180049058049917,-0.00841797050088644,-0.014421910978853703,0.01647390052676201,-0.030895810574293137,-0.0011876800563186407,0.003239669371396303,-0.0044273491948843,0.023761797696352005,-1.655135154724121,-4.143395577235352,0.0761094759332212,-0.00033667017388744466,8.935794811145083e-05,-3.68537996106384e-05,1.9390000104904175,1.0011582387216666
dePablo CV2,test,0,89,0.8090909090909091,104,-0.5638777663295965,-0.5734598575106268,0.017087891697883606,0.01898239366710186,0.0010386569192633033,-0.04669952392578125,-0.0042317272163927555,-0.00851292535662651,-0.014602473005652428,0.016679786145687103,-0.03128226101398468,-0.0012034232495352626,0.0032807369716465473,-0.004484160337597132,0.02403523400425911,-1.68385910987854,-4.139268047399127,0.07847991933706851,-0.0003835494708260996,7.297227927683436e-05,-3.162107791551722e-05,1.9157367944717407,1.0378897826137463
dePablo CV2,test,0,90,0.8181818181818182,104,-0.5643993240069064,-0.5734598575106268,0.017298778519034386,0.019215943291783333,0.0010510686552152038,-0.04727935791015625,-0.004284269642084837,-0.008608819916844368,-0.014784024097025394,0.016886161640286446,-0.031670186668634415,-0.0012194681912660599,0.0033216055016964674,-0.004541073925793171,0.02430819161236286,-1.711209774017334,-4.134364528429398,0.08086305417119992,-0.0004262536711955048,5.9052902316860664e-05,-2.8717247774043158e-05,1.8924305438995361,1.0734874742001537
dePablo CV2,test,0,91,0.8272727272727273,104,-0.5648467149761369,-0.5734598575106268,0.017509043216705322,0.01944829896092415,0.001063675619661808,-0.04784965515136719,-0.004335947800427675,-0.008703005500137806,-0.01496419683098793,0.017091548070311546,-0.03205574303865433,-0.0012356066145002842,0.0033629576209932566,-0.004598564468324184,0.024581965059041977,-1.7387301921844482,-4.129883488514368,0.08323393630375231,-0.0004682120563455122,4.079433838553808e-05,-2.680573602573943e-05,1.869517207145691,1.1090165425606928
dePablo CV2,test,0,92,0.8363636363636363,104,-0.5653455715163849,-0.5734598575106268,0.017720721662044525,0.019682224839925766,0.001075866399332881,-0.04842948913574219,-0.004388489760458469,-0.008798900060355663,-0.015146411024034023,0.017298143357038498,-0.032444555312395096,-0.0012516784481704235,0.003403411479666829,-0.004655090160667896,0.02485494874417782,-1.7656620740890503,-4.12526631688753,0.08562063621262483,-0.0005025644720439461,2.6272721350677838e-05,-2.8110781082866355e-05,1.8468185663223267,1.143934106684209
dePablo CV2,test,0,93,0.8454545454545455,104,-0.5658924797203954,-0.5734598575106268,0.017932409420609474,0.01991652511060238,0.001088532735593617,-0.04900932312011719,-0.004441032186150551,-0.008892914280295372,-0.015328967943787575,0.017506033182144165,-0.03283499926328659,-0.0012679158244282007,0.003444981062784791,-0.004712896887212992,0.025127483531832695,-1.7938576936721802,-4.120902907836909,0.08801128968539679,-0.0005451157272770623,-8.675989863867076e-06,-2.590922460608649e-05,1.823613166809082,1.1801893710151004
dePablo CV2,test,0,94,0.8545454545454545,104,-0.5664081208312405,-0.5734598575106268,0.018143771216273308,0.02015051059424877,0.0011013599578291178,-0.04960060119628906,-0.004494611639529467,-0.008987954817712307,-0.015510499477386475,0.017713218927383423,-0.0332237184047699,-0.0012844473822042346,0.003487167414277792,-0.004771614912897348,0.025401225313544273,-1.822072982788086,-4.116400141601144,0.09039851675232735,-0.000578869076391472,-3.572356638182684e-05,-2.909598986744129e-05,1.800229787826538,1.2165570771396483
dePablo CV2,test,0,95,0.8636363636363636,104,-0.5668400369856681,-0.5734598575106268,0.01835458166897297,0.02038351073861122,0.0011139264097437263,-0.05018043518066406,-0.004547154065221548,-0.009082994423806667,-0.015691952779889107,0.01791980490088463,-0.033611759543418884,-0.001300907926633954,0.00352876097895205,-0.004829668905586004,0.025675233453512192,-1.8499983549118042,-4.1112521825634145,0.09277591018543267,-0.0006227102955509075,-5.665238268682558e-05,-1.4121857751306644e-05,1.7762659788131714,1.2529931728199366
dePablo CV2,test,0,96,0.8727272727272727,104,-0.5673559721380288,-0.5734598575106268,0.018566416576504707,0.020617645233869553,0.0011262131156399846,-0.050749778747558594,-0.004598745610564947,-0.009177949279546738,-0.015874013304710388,0.018126439303159714,-0.0340004526078701,-0.0013178752269595861,0.003570301691070199,-0.004888176918029785,0.025948448106646538,-1.8775722980499268,-4.107178420445175,0.09516474891132423,-0.0006651208625448332,-8.752817663056912e-05,-1.1277801779505995e-05,1.7538018226623535,1.2883253835341948
dePablo CV2,test,0,97,0.8818181818181818,104,-0.5678015982613814,-0.5734598575106268,0.01877746172249317,0.02085144631564617,0.001139225554652512,-0.05133056640625,-0.0046513741835951805,-0.009272904135286808,-0.016054915264248848,0.01833336614072323,-0.034388281404972076,-0.001333884196355939,0.0036123355384916067,-0.004946219734847546,0.026222078129649162,-1.905177116394043,-4.102459008501312,0.09755009140135812,-0.0007059791861879083,-0.00010580963202931365,-2.0493861360839614e-05,1.7305516004562378,1.3241070265840822
dePablo CV2,test,0,98,0.8909090909090909,104,-0.568200532138356,-0.5734598575106268,0.018988804891705513,0.021084947511553764,0.0011517126113176346,-0.051910400390625,-0.004703916609287262,-0.009368798695504665,-0.016236962750554085,0.018540387973189354,-0.03477735072374344,-0.0013506606919690967,0.0036540860310196877,-0.005004746839404106,0.026496194303035736,-1.933990716934204,-4.097560101120614,0.09993247577463743,-0.0007500645969429637,-0.00013364420865280105,-6.428082216843166e-06,1.706315517425537,1.3614381396566162
dePablo CV2,test,0,99,0.9,104,-0.568706819114369,-0.5734598575106268,0.019200989976525307,0.02131931111216545,0.0011646086350083351,-0.052490234375,-0.004756458569318056,-0.009462984278798103,-0.01641884446144104,0.01874806173145771,-0.0351669043302536,-0.0013667532475665212,0.0036959706339985132,-0.005062723997980356,0.026769308373332024,-1.9618957042694092,-4.092969735003865,0.1023235475737889,-0.0007938597323966423,-0.00016009294314560675,-7.640466740505646e-06,1.6830265522003174,1.3974935519875502
dePablo CV2,test,0,100,0.9090909090909091,104,-0.5691419286843492,-0.5734598575106268,0.019412517547607422,0.021553711965680122,0.0011771598365157843,-0.053070068359375,-0.0048090009950101376,-0.009557939134538174,-0.016601156443357468,0.018955476582050323,-0.03555663302540779,-0.0013836106518283486,0.0037379302084445953,-0.005121540743857622,0.027042636647820473,-1.9897708892822266,-4.088220293537901,0.10471500756809567,-0.0008379320944182379,-0.00018495530746675238,-5.878177635321209e-06,1.6595678329467773,1.4336152941143714
dePablo CV2,test,0,101,0.9181818181818182,104,-0.5695892957103494,-0.5734598575106268,0.019624508917331696,0.021788278594613075,0.001189539791084826,-0.05365943908691406,-0.004862407688051462,-0.00965289305895567,-0.01678382232785225,0.019162900745868683,-0.03594672307372093,-0.0014011433813720942,0.003780222963541746,-0.005181366577744484,0.02731640264391899,-2.018050193786621,-4.083770489963851,0.10710815516601505,-0.0008847552768299946,-0.00021930539744154624,1.1548554592471427e-06,1.6362063884735107,1.4700251197014595
dePablo CV2,test,0,102,0.9272727272727272,104,-0.570024808020363,-0.5734598575106268,0.019836880266666412,0.022023165598511696,0.0012025515316054225,-0.05424022674560547,-0.0049150362610816956,-0.009747933596372604,-0.016966525465250015,0.019371628761291504,-0.03633815422654152,-0.0014168701600283384,0.0038219732232391834,-0.005238843150436878,0.027589967474341393,-2.0467262268066406,-4.079133944642197,0.1095045050042737,-0.0009287789148374542,-0.00024251288736438565,1.0706655022337355e-05,1.6123696565628052,1.5070252157206365
dePablo CV2,test,0,103,0.9363636363636364,104,-0.5704579607584009,-0.5734598575106268,0.020049376413226128,0.02225845865905285,0.0012151162372902036,-0.05483055114746094,-0.004968529101461172,-0.009842973202466965,-0.017149511724710464,0.019579745829105377,-0.03672925755381584,-0.0014338151086121798,0.0038640473503619432,-0.005297862458974123,0.02786369062960148,-2.0748987197875977,-4.07423580641239,0.11190494939785013,-0.0009728277363073092,-0.00027175897096626413,1.4516791911833978e-05,1.5885443687438965,1.5435949018321913
dePablo CV2,test,0,104,0.9454545454545454,104,-0.570877444823255,-0.5734598575106268,0.02026137337088585,0.02249271236360073,0.0012274959590286016,-0.05541038513183594,-0.0050210715271532536,-0.009937928058207035,-0.017332470044493675,0.019787462428212166,-0.03711993247270584,-0.0014510861365124583,0.003906077705323696,-0.005357163958251476,0.028136780485510826,-2.1036343574523926,-4.069704585991248,0.11429483362684037,-0.0010223724825083596,-0.00030954910579979693,1.4020494514678455e-05,1.5647945404052734,1.5805984051745976
dePablo CV2,test,0,105,0.9545454545454546,104,-0.5713083433087824,-0.5734598575106268,0.02047329768538475,0.02272729203104973,0.001240630866959691,-0.05599021911621094,-0.005073613487184048,-0.010032027959823608,-0.01751435175538063,0.019995611160993576,-0.03750996291637421,-0.0014679399318993092,0.003949201665818691,-0.005417141597718,0.028410164639353752,-2.131190061569214,-4.065114094264658,0.11668792218253349,-0.0010665432888489357,-0.00034219730151350836,1.7713964598431984e-05,1.5417287349700928,1.6162393310247423
dePablo CV2,test,0,106,0.9636363636363636,104,-0.5717133433780166,-0.5734598575106268,0.02068699710071087,0.02296331524848938,0.0012533466797322035,-0.05657958984375,-0.005127020180225372,-0.010127922520041466,-0.017698297277092934,0.020204991102218628,-0.03790328651666641,-0.0014853035099804401,0.00399199640378356,-0.005477299913764,0.028684010729193687,-2.160194158554077,-4.060380672433593,0.11909586431122005,-0.0011230996518467936,-0.0003812661154413701,2.022681540503822e-05,1.5175672769546509,1.6536907450582405
dePablo CV2,test,0,107,0.9727272727272728,104,-0.5722258127391541,-0.5734598575106268,0.02090158313512802,0.023200737312436104,0.0012657665647566319,-0.05716991424560547,-0.005180513020604849,-0.0102229630574584,-0.01788359321653843,0.02041512541472912,-0.03829871863126755,-0.0015021131839603186,0.004033645614981651,-0.0055357590317726135,0.02895795926451683,-2.1886987686157227,-4.055753431257158,0.1215178002477033,-0.0011595099358057092,-0.00041307037966978354,3.119682137462579e-05,1.4938511848449707,1.6904814294609043
dePablo CV2,test,0,108,0.9818181818181818,104,-0.5726409293485718,-0.5734598575106268,0.021114785224199295,0.02343638800084591,0.0012787964660674334,-0.05776023864746094,-0.005234005860984325,-0.010317917913198471,-0.018066395074129105,0.020623989403247833,-0.03869038447737694,-0.0015195549931377172,0.004077148158103228,-0.005596702918410301,0.029230736196041107,-2.217374086380005,-4.050784757567397,0.12392172839058439,-0.0012024003171914402,-0.0004456702697745469,3.522910149084393e-05,1.469620704650879,1.7276930177242869
dePablo CV2,test,0,109,0.990909090909091,104,-0.573062108204728,-0.5734598575106268,0.02132752723991871,0.023671872913837433,0.001291684340685606,-0.05834007263183594,-0.005286548286676407,-0.010412017814815044,-0.01824919506907463,0.02083256095647812,-0.03908175602555275,-0.001536813098937273,0.004120181780308485,-0.005656994879245758,0.029504239559173584,-2.244832992553711,-4.046163216800023,0.1263238901350674,-0.001245339652615941,-0.0004823499909038969,3.820965986725437e-05,1.446579933166504,1.7632389041218304
dePablo CV2,test,0,110,1.0,104,-0.5734598575106268,-0.5734598575106268,0.021541671827435493,0.023908179253339767,0.0013045554514974356,-0.058940887451171875,-0.0053409915417432785,-0.010507057420909405,-0.01843363419175148,0.02104274556040764,-0.03947637975215912,-0.0015539403539150953,0.004163051024079323,-0.005716991610825062,0.029778150841593742,-2.27325439453125,-4.041611578938847,0.1287344403965807,-0.0012883136460594138,-0.0005228976363205375,4.56416957865483e-05,1.4230067729949951,1.7998824924234853
dePablo CV2,test,1,0,0.0,128,,-0.3733590050206568,0.0,0.0,0.0,0.0,0.0,0.0,0.0,0.0,0.0,0.0,0.0,0.0,0.0,2.363396644592285,-2.526585237967405,0.09167125552276713,0.0023124872012375646,0.00020138852535820767,-0.0005258707724427637,2.5891828536987305,-2.7347833933914285
dePablo CV2,test,1,1,0.00819672131147541,128,0.09485956544780075,-0.3733590050206568,2.6141584385186434e-05,3.331848347443156e-05,1.914449967443943e-07,0.00010967254638671875,8.876695574144833e-06,-8.160393190337345e-05,2.2893422283232212e-05,-2.2510532289743423e-05,4.5403954572975636e-05,1.2356322258710861e-06,-8.527422323822975e-07,2.0883744582533836e-06,0.000249367905780673,2.3124213218688965,-2.5231763275547716,0.0918157151568825,0.002231055114221136,0.00035176656331634517,-0.0003208416828963378,2.552546501159668,-2.672100978122721
dePablo CV2,test,1,2,0.01639344262295082,128,-0.004510480233483683,-0.3733590050206568,5.118278204463422e-05,6.06940193392802e-05,-6.48753484711051e-07,-2.09808349609375e-05,-1.6981504131763359e-06,-0.00016001534822862595,-3.4598633646965027e-06,2.1623563952744007e-06,-5.622219759970903e-06,-1.7054262571036816e-06,4.079192876815796e-07,-2.113345544785261e-06,0.0004989940789528191,2.2685189247131348,-2.518627759030989,0.09130104880988735,0.002076934552341629,0.0003702286456250424,-0.00011230994115475534,2.5190794467926025,-2.6170848465937335
dePablo CV2,test,1,3,0.02459016393442623,128,-0.07410682702511497,-0.3733590050206568,0.00010854017455130816,0.0001338208094239235,-2.0777806639671326e-06,-0.0002803802490234375,-2.2693464416079223e-05,-0.0002351563744014129,-5.953351501375437e-05,5.53779536858201e-05,-0.00011491146869957447,-6.8517401814460754e-06,2.6961788535118103e-06,-9.547919034957886e-06,0.0007487732800655067,2.2300362586975098,-2.5139212321609405,0.09037666319029056,0.001873982465481054,0.00032562445707949074,5.389019265006996e-05,2.4888899326324463,-2.568400445049523
dePablo CV2,test,1,4,0.03278688524590164,128,-0.128711558854719,-0.3733590050206568,0.00018898615962825716,0.00023502953990828246,-4.452274879440665e-06,-0.0006504058837890625,-5.264266292215325e-05,-0.00031021953327581286,-0.0001339651644229889,0.00012506061466410756,-0.00025902577908709645,-1.3441836927086115e-05,4.537287168204784e-06,-1.79791240952909e-05,0.0010003058705478907,2.1932151317596436,-2.509724016119201,0.08919385636272109,0.0016581946416499523,0.00024846074424335986,0.00014804400427831203,2.460367202758789,-2.52201375637789
dePablo CV2,test,1,5,0.040983606557377046,128,-0.16585365853658537,-0.3733590050206568,0.00028138369088992476,0.00034952041460201144,-6.371119525283575e-06,-0.0010700225830078125,-8.660567254992202e-05,-0.0003853605594485998,-0.0002150468062609434,0.00020230456721037626,-0.0004173513734713197,-2.0581763237714767e-05,7.839524187147617e-06,-2.8421287424862385e-05,0.0012521757744252682,2.157341241836548,-2.505638068756511,0.08788731150970293,0.0014395022738955133,0.00017327988521607842,0.00019748182366791832,2.432582139968872,-2.4768224881216954
dePablo CV2,test,1,6,0.04918032786885246,128,-0.19575784357048165,-0.3733590050206568,0.00038359491736628115,0.0004740085278172046,-9.26738721318543e-06,-0.001529693603515625,-0.00012381060514599085,-0.0004587885341607034,-0.00030461547430604696,0.0002860806998796761,-0.0005906961741857231,-2.956978278234601e-05,1.1035008355975151e-05,-4.060479113832116e-05,0.0015039286809042096,2.123054027557373,-2.5012544721425507,0.08647179700474114,0.0012436289371232385,8.605417509048357e-05,0.0002134210132571684,2.4054582118988037,-2.4333241592146857
dePablo CV2,test,1,7,0.05737704918032787,128,-0.2185535781900795,-0.3733590050206568,0.0004892543656751513,0.0006027704803273082,-1.1344003723934293e-05,-0.0019998550415039062,-0.0001618646056158468,-0.0005331509164534509,-0.00039555481635034084,0.00037286680890247226,-0.0007684216252528131,-3.796251257881522e-05,1.5274505130946636e-05,-5.323701770976186e-05,0.0017572095384821296,2.089250326156616,-2.4970087611856426,0.08501406925871982,0.001047547455257564,5.6477196820448735e-06,0.00020414549236300275,2.3788070678710938,-2.39048787033659
dePablo CV2,test,1,8,0.06557377049180328,128,-0.23518506257035027,-0.3733590050206568,0.000596341269556433,0.0007325666956603527,-1.4848832506686449e-05,-0.0024700164794921875,-0.00019991860608570278,-0.0006074354168958962,-0.0004887169925495982,0.0004590193275362253,-0.0009477363200858235,-4.7561596147716045e-05,1.7863931134343147e-05,-6.542552728205919e-05,0.0020111878402531147,2.0558533668518066,-2.492581117822523,0.0835450154854816,0.0008759730558442336,-6.132321834692482e-05,0.0001878140459720937,2.3522000312805176,-2.3480180309068444
dePablo CV2,test,1,9,0.07377049180327869,128,-0.24922026716883422,-0.3733590050206568,0.0007059132913127542,0.0008649301016703248,-1.6645528376102448e-05,-0.002960205078125,-0.00023959357349667698,-0.0006808633916079998,-0.0005817648489028215,0.0005484737921506166,-0.0011302386410534382,-5.54574653506279e-05,2.2166408598423004e-05,-7.76238739490509e-05,0.0022658733651041985,2.021991729736328,-2.488313784473442,0.08204673660813441,0.0007210796626182473,-0.00012209893323437252,0.00016358851321857524,2.325486183166504,-2.305099153763019
dePablo CV2,test,1,10,0.08196721311475409,128,-0.2599438589057783,-0.3733590050206568,0.0008141340222209692,0.0009965191129595041,-1.9272411009296775e-05,-0.0034503936767578125,-0.0002792685409076512,-0.0007543691899627447,-0.0006736546056345105,0.000635109783615917,-0.0013087643310427666,-6.4032559748739e-05,2.5487737730145454e-05,-8.952029747888446e-05,0.0025210543535649776,1.9891393184661865,-2.4840648705027166,0.08055912726668862,0.0005706079010530244,-0.0001667252154270409,0.00014225618820222009,2.2994394302368164,-2.263389910248996
dePablo CV2,test,1,11,0.09016393442622951,128,-0.2693103614225901,-0.3733590050206568,0.0009235754841938615,0.0011296835727989674,-2.2067222744226456e-05,-0.0039501190185546875,-0.0003197154146619141,-0.0008278750465251505,-0.0007677054964005947,0.0007235710509121418,-0.0014912765473127365,-7.319881115108728e-05,2.9064365662634373e-05,-0.00010226317681372166,0.002776890527456999,1.9548943042755127,-2.4796810404252465,0.07905112158838357,0.0004447131209002645,-0.00021135096354884657,0.00011426155735592675,2.2723422050476074,-2.2199415196720595
dePablo CV2,test,1,12,0.09836065573770492,128,-0.27673649393605293,-0.3733590050206568,0.001032060943543911,0.0012623899383470416,-2.490021870471537e-05,-0.0044403076171875,-0.0003593903675209731,-0.0009013808448798954,-0.0008604290196672082,0.0008106285822577775,-0.0016710576601326466,-8.207251084968448e-05,3.2272073440253735e-05,-0.00011434458428993821,0.0030339956283569336,1.9215812683105469,-2.475232898731841,0.07754905695762059,0.0003264135672037386,-0.00024843041009144773,9.344272533123865e-05,2.2457644939422607,-2.177558184170028
dePablo CV2,test,1,13,0.10655737704918032,128,-0.2836792836792837,-0.3733590050206568,0.001141650602221489,0.0013962397351861,-2.741054049693048e-05,-0.004940032958984375,-0.00039983721217140555,-0.0009748867014423013,-0.0009536721045151353,0.0008988510235212743,-0.0018525230698287487,-9.062158642336726e-05,3.58005054295063e-05,-0.00012642209185287356,0.0032902180682867765,1.887048363685608,-2.47101036964503,0.07603271369002026,0.00022439074832509147,-0.0002791530276562003,7.566070152993216e-05,2.218674659729004,-2.1338712196651795
dePablo CV2,test,1,14,0.11475409836065574,128,-0.2886453806914793,-0.3733590050206568,0.0012493503745645285,0.0015283511020243168,-3.0165247153490782e-05,-0.0054302215576171875,-0.000439512194134295,-0.0010483924997970462,-0.0010451526613906026,0.000984822167083621,-0.0020299749448895454,-9.956676512956619e-05,3.923627082258463e-05,-0.00013880303595215082,0.003546919673681259,1.8536531925201416,-2.4665112563839084,0.07453679202359687,0.00012546543586593723,-0.0002952681524039704,6.471351294990648e-05,2.191983938217163,-2.091357809406097
dePablo CV2,test,1,15,0.12295081967213115,128,-0.29344146685472494,-0.3733590050206568,0.0013577518984675407,0.0016615437343716621,-3.2680691219866276e-05,-0.0059299468994140625,-0.00047995903878472745,-0.0011218205327168107,-0.0011373247252777219,0.0010719633428379893,-0.002209288068115711,-0.0001082451781257987,4.288379568606615e-05,-0.00015112897381186485,0.0038037686608731747,1.820683479309082,-2.4623064447929655,0.07302764474296679,3.826157378313303e-05,-0.0003105999921687452,4.956842688878508e-05,2.165914535522461,-2.0495375355480423
dePablo CV2,test,1,16,0.13114754098360656,128,-0.2978716372529579,-0.3733590050206568,0.0014669123338535428,0.0017957274103537202,-3.548830864019692e-05,-0.006450653076171875,-0.0005221040337346494,-0.0011953263310715556,-0.0012305844575166702,0.0011596078984439373,-0.0023901923559606075,-0.00011739676119759679,4.642014391720295e-05,-0.00016381690511479974,0.004060761071741581,1.786643385887146,-2.457949027981128,0.07150626402824428,-3.6862727670968234e-05,-0.000322977691094041,2.874768771601366e-05,2.13897967338562,-2.00634925383607
dePablo CV2,test,1,17,0.13934426229508196,128,-0.3017042980655595,-0.3733590050206568,0.0015757414512336254,0.0019296552054584026,-3.825404564850032e-05,-0.00695037841796875,-0.0005625509074889123,-0.0012687542475759983,-0.0013229825999587774,0.0012464744504541159,-0.0025694570504128933,-0.00012558914022520185,4.90810489282012e-05,-0.00017467018915340304,0.004317201673984528,1.7525126934051514,-2.453575329781065,0.06998783687829215,-0.00010580455751573034,-0.00032459035003868633,1.8899261612251962e-05,2.1119675636291504,-1.9630430301857582
dePablo CV2,test,1,18,0.14754098360655737,128,-0.3051101321585903,-0.3733590050206568,0.0016848049126565456,0.0020642615854740143,-4.0250306483358145e-05,-0.0074596405029296875,-0.0006037696730345488,-0.001342260162346065,-0.0014155490789562464,0.00133504846598953,-0.0027505974285304546,-0.00013376388233155012,5.326326936483383e-05,-0.00018702715169638395,0.00457387650385499,1.718403697013855,-2.449206416504234,0.06846226708998772,-0.00017365873281252882,-0.0003304287680621562,8.211686795790066e-06,2.084975004196167,-1.9197656169503978
dePablo CV2,test,1,19,0.1557377049180328,128,-0.30803894297635603,-0.3733590050206568,0.0017938062082976103,0.002198841655626893,-4.361046012490988e-05,-0.007960319519042969,-0.000644293671939522,-0.00141576596070081,-0.0015086395433172584,0.0014214186230674386,-0.002930058166384697,-0.0001432957360520959,5.6074815802276134e-05,-0.00019937055185437202,0.00483073852956295,1.6851838827133179,-2.444837824883211,0.06693735785237304,-0.00023986972129609013,-0.0003287670916056562,1.789555751788023e-06,2.05855131149292,-1.8775437860392858
dePablo CV2,test,1,20,0.16393442622950818,128,-0.31079866800570854,-0.3733590050206568,0.0019027142552658916,0.0023331250995397568,-4.608591552823782e-05,-0.008470535278320312,-0.0006855896208435297,-0.0014892717590555549,-0.0016013787826523185,0.0015092069515958428,-0.0031105857342481613,-0.00015124864876270294,5.90768177062273e-05,-0.00021032546646893024,0.00508787902072072,1.6503989696502686,-2.4405780893000815,0.06541488339816275,-0.0002932840006528267,-0.0003293632894060215,-9.880515109010856e-06,2.0312561988830566,-1.8335339234860941
dePablo CV2,test,1,21,0.1721311475409836,128,-0.3137615140685559,-0.3733590050206568,0.002013232558965683,0.0024696707259863615,-4.8720219638198614e-05,-0.008990287780761719,-0.0007276574615389109,-0.0015626997919753194,-0.001695522922091186,0.0015980824828147888,-0.0032936055213212967,-0.00016019283793866634,6.275239866226912e-05,-0.00022294523660093546,0.005344839300960302,1.6165287494659424,-2.4360821647830493,0.06386674223067834,-0.0003412446187139612,-0.000333118657143339,-1.606878381243965e-05,2.004265546798706,-1.7904587127726184
dePablo CV2,test,1,22,0.18032786885245902,128,-0.31587290150587216,-0.3733590050206568,0.0021223495714366436,0.0026049038860946894,-5.133269587531686e-05,-0.009500503540039062,-0.0007689533522352576,-0.0016370621742680669,-0.0017885788111016154,0.0016859134193509817,-0.0034744921140372753,-0.00016890966799110174,6.624427624046803e-05,-0.00023515394423156977,0.005602301098406315,1.5818281173706055,-2.4318369915842752,0.06233322061796784,-0.0003825153818480665,-0.000328033887385933,-2.122086381936083e-05,1.9770416021347046,-1.7465581941492927
dePablo CV2,test,1,23,0.1885245901639344,128,-0.31815675824680695,-0.3733590050206568,0.0022323541343212128,0.0027414339128881693,-5.369499558582902e-05,-0.010030746459960938,-0.0008118702680803835,-0.0017104900907725096,-0.0018820941913872957,0.0017747042002156377,-0.0036567985080182552,-0.00017747865058481693,7.00886594131589e-05,-0.0002475673099979758,0.00585929537191987,1.5479052066802979,-2.4273225450893308,0.06078487002676204,-0.0004187649518996326,-0.00031763913753861704,-2.5733529312285208e-05,1.9499952793121338,-1.7034086029488007
dePablo CV2,test,1,24,0.19672131147540983,128,-0.32000880475456744,-0.3733590050206568,0.0023410101421177387,0.0028763283044099808,-5.651317769661546e-05,-0.010530471801757812,-0.0008523170836269855,-0.001783918123692274,-0.0019747023470699787,0.001861675875261426,-0.0038363782223314047,-0.00018636614549905062,7.33397901058197e-05,-0.0002597059356048703,0.0061167217791080475,1.5140316486358643,-2.422910776791229,0.05925449506915806,-0.00044348509824993637,-0.00030376986555081,-2.7169434721118316e-05,1.9231023788452148,-1.6603832344948632
dePablo CV2,test,1,25,0.20491803278688525,128,-0.32203676315233465,-0.3733590050206568,0.002451901324093342,0.003013758920133114,-5.916855297982693e-05,-0.011059761047363281,-0.0008951568161137402,-0.0018582803895696998,-0.002069074660539627,0.001950737670995295,-0.0040198122151196,-0.00019432406406849623,7.598695810884237e-05,-0.0002703110221773386,0.006374368444085121,1.4792606830596924,-2.418607170151987,0.05769666920823363,-0.0004810091717096742,-0.00029152623668521544,-3.497073063791899e-05,1.8957641124725342,-1.616361878027148
dePablo CV2,test,1,26,0.21311475409836064,128,-0.3240366450669321,-0.3733590050206568,0.0025622136890888214,0.0031510062981396914,-6.232730811461806e-05,-0.011590957641601562,-0.0009381509153172374,-0.0019317863043397665,-0.0021638255566358566,0.0020391710568219423,-0.004202996380627155,-0.00020409200806170702,7.94373918324709e-05,-0.0002835293998941779,0.00663162674754858,1.4447706937789917,-2.414186362499355,0.05613940723053606,-0.0004944736862649855,-0.0002800025721215138,-3.922273664204217e-05,1.8684663772583008,-1.5725990836910035
dePablo CV2,test,1,27,0.22131147540983606,128,-0.3255418198888976,-0.3733590050206568,0.0026717991568148136,0.003287237137556076,-6.503294571302831e-05,-0.0121002197265625,-0.0009793696226552129,-0.002005214337259531,-0.0022568535059690475,0.00212678755633533,-0.004383641295135021,-0.00021303287940099835,8.296698797494173e-05,-0.0002959998673759401,0.006889390759170055,1.4108338356018066,-2.409820743624386,0.054594948689757186,-0.0005198630762233079,-0.00026116073651712916,-3.948291166329082e-05,1.841587781906128,-1.5295280887769929
dePablo CV2,test,1,28,0.22950819672131148,128,-0.32722300801508725,-0.3733590050206568,0.0027824989520013332,0.003424951108172536,-6.743575795553625e-05,-0.012630462646484375,-0.0010222864802926779,-0.0020795767195522785,-0.002351165283471346,0.0022162937093526125,-0.004567459225654602,-0.0002216742723248899,8.68027564138174e-05,-0.0003084770287387073,0.007146755233407021,1.375130295753479,-2.4052638868663734,0.0530328788726559,-0.0005315940022772011,-0.00024632309644026133,-4.5677078206717994e-05,1.8133527040481567,-1.4842379415500986
dePablo CV2,test,1,29,0.23770491803278687,128,-0.3285937955141276,-0.3733590050206568,0.002892767544835806,0.003562131430953741,-7.034963346086442e-05,-0.013150215148925781,-0.001064354320988059,-0.002153861103579402,-0.0024451804347336292,0.002304481342434883,-0.004749661777168512,-0.00023125315783545375,9.05538909137249e-05,-0.00032180704874917865,0.00740436278283596,1.3414047956466675,-2.400854121914696,0.05147789469560716,-0.0005517615405641592,-0.00023092609752787944,-4.383531533995705e-05,1.7865568399429321,-1.4413895849460097
dePablo CV2,test,1,30,0.2459016393442623,128,-0.33021258623116995,-0.3733590050206568,0.0030045383609831333,0.0037011844106018543,-7.304816972464323e-05,-0.01367950439453125,-0.0011071939952671528,-0.0022272891364991665,-0.002540660323575139,0.0023945639841258526,-0.004935224540531635,-0.00023978902027010918,9.369268082082272e-05,-0.0003334817010909319,0.007661548443138599,1.3064194917678833,-2.396595563613743,0.04990097196638444,-0.000561243336048902,-0.00020951371454157834,-4.940844099847737e-05,1.7591350078582764,-1.3971426297562195
dePablo CV2,test,1,31,0.2540983606557377,128,-0.3314827744759115,-0.3733590050206568,0.003114599734544754,0.0038381912745535374,-7.562525570392609e-05,-0.014200210571289062,-0.0011493390193209052,-0.0023007949348539114,-0.0026339013129472733,0.002482650801539421,-0.005116552114486694,-0.0002482583513483405,9.700783994048834e-05,-0.00034526619128882885,0.007918553426861763,1.2720797061920166,-2.392145974590755,0.04834824898055926,-0.0005795043068979321,-0.00018838723409946227,-4.798620673134448e-05,1.7318991422653198,-1.3535397123593227
dePablo CV2,test,1,32,0.26229508196721313,128,-0.33283296493022335,-0.3733590050206568,0.0032254578545689583,0.003976315259933472,-7.858066237531602e-05,-0.014730453491210938,-0.001192255993373692,-0.002375079318881035,-0.0027293108869343996,0.0025721495039761066,-0.00530146062374115,-0.00025766255566850305,0.000100501230917871,-0.00035816378658637404,0.008176067844033241,1.2368369102478027,-2.3876886479346338,0.04678174869095987,-0.0005776890720938192,-0.00017874403929140273,-5.385535079152012e-05,1.7040767669677734,-1.3088600584635768
dePablo CV2,test,1,33,0.27049180327868855,128,-0.33396247540747614,-0.3733590050206568,0.00333590479567647,0.004114372655749321,-8.120728307403624e-05,-0.015260696411132812,-0.001235172851011157,-0.0024485853500664234,-0.0028233430348336697,0.002660928526893258,-0.005484271794557571,-0.0002664263010956347,0.00010401173494756222,-0.0003704380360431969,0.008433094248175621,1.2015933990478516,-2.3832444620419984,0.04521712796180747,-0.0005886591105035254,-0.00015625771625857356,-4.5166810555701484e-05,1.67626953125,-1.2641879569715202
dePablo CV2,test,1,34,0.2786885245901639,128,-0.33493231495280673,-0.3733590050206568,0.0034458707086741924,0.004251129925251007,-8.386431727558374e-05,-0.015779495239257812,-0.001277163508348167,-0.002522869734093547,-0.002916717203333974,0.0027489885687828064,-0.005665705539286137,-0.0002756963949650526,0.00010796776041388512,-0.0003836641553789377,0.008690806105732918,1.1674643754959106,-2.3789297252571076,0.04366698863007503,-0.0005931904836658952,-0.00013458120576688337,-4.516324966266806e-05,1.6493284702301025,-1.2209214102643482
dePablo CV2,test,1,35,0.28688524590163933,128,-0.33609783313479197,-0.3733590050206568,0.003557201474905014,0.004390050191432238,-8.620700100436807e-05,-0.016320228576660156,-0.0013209293829277158,-0.0025963755324482918,-0.0030115360859781504,0.0028391219675540924,-0.005850657820701599,-0.0002848700387403369,0.00011245603673160076,-0.00039732607547193766,0.008948193863034248,1.1318827867507935,-2.3742973359921367,0.04209259645959173,-0.0005987556198841276,-0.00012094114586206736,-4.5136239744657764e-05,1.6210817098617554,-1.1757277171354252
dePablo CV2,test,1,36,0.29508196721311475,128,-0.33702758964435453,-0.3733590050206568,0.0036677238531410694,0.00452756229788065,-8.904974674805999e-05,-0.016839981079101562,-0.001362997223623097,-0.0026698813308030367,-0.0031054578721523285,0.0029273584950715303,-0.006032816134393215,-0.00029428733978420496,0.00011618784628808498,-0.00041047518607228994,0.009205110371112823,1.096664547920227,-2.3697436197441477,0.04053405272838613,-0.0005998285642865541,-9.846058648775977e-05,-4.435111286391664e-05,1.593160629272461,-1.1310155850465449
dePablo CV2,test,1,37,0.30327868852459017,128,-0.3381922950749526,-0.3733590050206568,0.0037802555598318577,0.004667764063924551,-9.200829663313925e-05,-0.0173797607421875,-0.0014066860312595963,-0.002744165947660804,-0.0032018208876252174,0.0030178043525666,-0.006219625473022461,-0.0003038229770027101,0.0001198063837364316,-0.0004236293607391417,0.009462827816605568,1.0613468885421753,-2.3654918374297917,0.03894499919622965,-0.0005972952859078884,-8.432135883811042e-05,-4.808094693842762e-05,1.5655343532562256,-1.086378486825215
dePablo CV2,test,1,38,0.3114754098360656,128,-0.33926711748614913,-0.3733590050206568,0.0038930175360292196,0.004808208905160427,-9.458992280997336e-05,-0.017850875854492188,-0.0014448171714320779,-0.0028176717460155487,-0.0032979832030832767,0.003108803415670991,-0.006406786851584911,-0.0003132910351268947,0.000124111189506948,-0.0004374022246338427,0.009720420464873314,1.0262264013290405,-2.3609508511129693,0.03735365749071864,-0.0006001707600858232,-7.174801443812868e-05,-4.8627023148379156e-05,1.5376908779144287,-1.041790515527256
dePablo CV2,test,1,39,0.319672131147541,128,-0.34012961184094814,-0.3733590050206568,0.004003848880529404,0.004946710076183081,-9.757810039445758e-05,-0.01818084716796875,-0.0014715244760736823,-0.002891956130042672,-0.0033925622701644897,0.0031974059529602528,-0.0065899682231247425,-0.00032291002571582794,0.00012775382492691278,-0.0004506638506427407,0.00997747853398323,0.991243302822113,-2.356447846695693,0.03578436045755346,-0.000599609812187665,-5.026925520611701e-05,-4.565761583647567e-05,1.509980320930481,-0.9973898950279431
dePablo CV2,test,1,40,0.32786885245901637,128,-0.3411117560151963,-0.3733590050206568,0.004116342402994633,0.005086657125502825,-0.00010003577335737646,-0.018500328063964844,-0.001497382647357881,-0.0029654621612280607,-0.0034883785992860794,0.0032883069943636656,-0.006776685826480389,-0.0003317484515719116,0.00013167690485715866,-0.00046342535642907023,0.010234651155769825,0.9552459716796875,-2.3518341065270545,0.03419879077035656,-0.000600306044350111,-3.75584141076968e-05,-4.991278741513826e-05,1.481489896774292,-0.9517146772437519
dePablo CV2,test,1,41,0.3360655737704918,128,-0.3417876261066502,-0.3733590050206568,0.004226662218570709,0.0052244956605136395,-0.00010274988017044961,-0.018840789794921875,-0.0015249390853568912,-0.003039746545255184,-0.0035821874625980854,0.003376687876880169,-0.006958875339478254,-0.00034115248126909137,0.00013565272092819214,-0.0004768052021972835,0.010491756722331047,0.9199762940406799,-2.347685439545988,0.03263689743747672,-0.000593918659104908,-8.64205579765457e-06,-4.7260761207212767e-05,1.4540166854858398,-0.9072004541062013
dePablo CV2,test,1,42,0.3442622950819672,128,-0.34262027383494537,-0.3733590050206568,0.00433842558413744,0.005363910924643278,-0.00010569594451226294,-0.01916980743408203,-0.0015515690902248025,-0.0031140311621129513,-0.003677317639812827,0.003465925808995962,-0.007143243215978146,-0.0003509063390083611,0.00013951444998383522,-0.0004904207889921963,0.01074979081749916,0.8837983012199402,-2.342978284190676,0.03105740145097764,-0.0005885824039862541,4.632492496591028e-06,-4.473889590407841e-05,1.425299882888794,-0.8612510840953278
dePablo CV2,test,1,43,0.3524590163934426,128,-0.34336506845953774,-0.3733590050206568,0.004450115840882063,0.005503284744918346,-0.00010878549073822796,-0.019499778747558594,-0.001578276394866407,-0.003187536960467696,-0.003772930707782507,0.0035553595516830683,-0.007328290492296219,-0.00036054261727258563,0.0001429716357961297,-0.0005035142530687153,0.011007700115442276,0.8485804200172424,-2.3386721531445382,0.029478280959468542,-0.0005802729995289951,2.7308785686655845e-05,-4.54466004555168e-05,1.3976728916168213,-0.8166976662852151
dePablo CV2,test,1,44,0.36065573770491804,128,-0.34401524960437346,-0.3733590050206568,0.00456199748441577,0.0056424918584525585,-0.00011110180639661849,-0.019819259643554688,-0.0016041345661506057,-0.0032618213444948196,-0.0038680750876665115,0.0036458715330809355,-0.007513946853578091,-0.0003700070665217936,0.00014780345372855663,-0.0005178105202503502,0.011265309527516365,0.8138348460197449,-2.3340848947838686,0.02790151958383583,-0.0005769999986870138,3.862047361193189e-05,-3.53234918170977e-05,1.3700141906738281,-0.7725250988818823
dePablo CV2,test,1,45,0.36885245901639346,128,-0.34476250761944954,-0.3733590050206568,0.004674014635384083,0.005781920626759529,-0.00011380540672689676,-0.020150184631347656,-0.0016309190541505814,-0.0033361059613525867,-0.003963706083595753,0.003736095502972603,-0.0076998015865683556,-0.00037969823461025953,0.000152087421156466,-0.0005317856557667255,0.011522750370204449,0.7768365144729614,-2.3295580820891595,0.0263222322990043,-0.0005730703270554759,4.9732577205604565e-05,-3.266340980045853e-05,1.340986967086792,-0.7257173622003836
dePablo CV2,test,1,46,0.3770491803278688,128,-0.34544995871938355,-0.3733590050206568,0.004785495810210705,0.005921186413615942,-0.00011681645992211998,-0.02046966552734375,-0.0016567772254347801,-0.0034096117597073317,-0.0040587387047708035,0.0038251057267189026,-0.007883844897150993,-0.0003893995308317244,0.00015576661098748446,-0.0005451661418192089,0.011779926717281342,0.7416744232177734,-2.325052361961799,0.024744817022235962,-0.0005673206985247842,6.610546883344921e-05,-3.181305498730413e-05,1.3131587505340576,-0.6811025576611061
dePablo CV2,test,1,47,0.38524590163934425,128,-0.3462837648273463,-0.3733590050206568,0.004899259656667709,0.0060627879574894905,-0.00011947916937060654,-0.02082061767578125,-0.001685182680375874,-0.003483896143734455,-0.004156238865107298,0.003917280584573746,-0.008073519915342331,-0.00039896246744319797,0.00016000412870198488,-0.0005589665961451828,0.012037228792905807,0.7050397992134094,-2.3204832040511114,0.02314072507026318,-0.0005552331900613443,7.727807854323327e-05,-3.089271523975781e-05,1.2843137979507446,-0.6346994353366127
dePablo CV2,test,1,48,0.39344262295081966,128,-0.34687822780915545,-0.3733590050206568,0.005010702647268772,0.006202053744345903,-0.00012192336726002395,-0.021140098571777344,-0.0017110408516600728,-0.0035574021749198437,-0.004250640049576759,0.0040067932568490505,-0.008257433772087097,-0.0004079542704857886,0.00016410753596574068,-0.0005720618064515293,0.012294869869947433,0.66924649477005,-2.3161535776532185,0.02156315538870908,-0.0005431208598777653,9.748390822428938e-05,-3.4633371136445366e-05,1.2562910318374634,-0.5894480221115062
dePablo CV2,test,1,49,0.4016393442622951,128,-0.34761315322103226,-0.3733590050206568,0.005124872550368309,0.006343792658299208,-0.0001249629131052643,-0.021480560302734375,-0.001738597173243761,-0.003631686558946967,-0.0043484000489115715,0.0040984745137393475,-0.008446874096989632,-0.00041766377398744226,0.00016773794777691364,-0.0005854017217643559,0.012552248314023018,0.6333127617835999,-2.311667986430348,0.019958154635791533,-0.000541488316624302,0.00011132665897866662,-2.835148191129716e-05,1.227993369102478,-0.5439302195065276
dePablo CV2,test,1,50,0.4098360655737705,128,-0.34822003058910395,-0.3733590050206568,0.00523671368137002,0.006483333185315132,-0.000127842475194484,-0.021810531616210938,-0.0017653044778853655,-0.003705192357301712,-0.00444374606013298,0.004188060760498047,-0.008631806820631027,-0.0004279178101569414,0.00017223285976797342,-0.0006001506699249148,0.012809688225388527,0.5968501567840576,-2.306815540212533,0.01837773539609782,-0.0005298113679740495,0.00012503061993150572,-2.2672099508134028e-05,1.1989221572875977,-0.4975501517463195
dePablo CV2,test,1,51,0.4180327868852459,128,-0.34881027475879756,-0.3733590050206568,0.005349479150027037,0.00662382785230875,-0.0001306079502683133,-0.022150039672851562,-0.0017927836161106825,-0.003779476974159479,-0.004539747256785631,0.004278531298041344,-0.008818278089165688,-0.0004379947786219418,0.00017677887808531523,-0.000614773656707257,0.013066994026303291,0.5616160035133362,-2.3023287502135976,0.016786681979862824,-0.0005206878963964563,0.0001389123908560508,-1.8212393680141252e-05,1.1710703372955322,-0.45286191896541234
dePablo CV2,test,1,52,0.4262295081967213,128,-0.34950914770191877,-0.3733590050206568,0.005463334731757641,0.006765418220311403,-0.00013340642908588052,-0.022489547729492188,-0.0018202628707513213,-0.0038537613581866026,-0.004637124482542276,0.004370311740785837,-0.009007436223328114,-0.0004482240183278918,0.0001814111601561308,-0.0006296351784840226,0.013324765488505363,0.5250080227851868,-2.297741825888265,0.015183060968050268,-0.0005065894775867758,0.0001441609725003375,-2.02508980475494e-05,1.1422213315963745,-0.40647906105371967
dePablo CV2,test,1,53,0.4344262295081967,128,-0.34998656729783784,-0.3733590050206568,0.005574767477810383,0.006904728710651398,-0.00013589352602139115,-0.02281951904296875,-0.001846970058977604,-0.0039272671565413475,-0.0047316839918494225,0.004459897056221962,-0.009191581048071384,-0.00045821990352123976,0.00018643285147845745,-0.0006446527549996972,0.013581780716776848,0.48876896500587463,-2.293254275740855,0.01360534218945213,-0.0004908859524380418,0.0001597686189130037,-1.3723149542455654e-05,1.1137261390686035,-0.3605976138271823
dePablo CV2,test,1,54,0.4426229508196721,128,-0.35054637071179556,-0.3733590050206568,0.005687820725142956,0.007045611273497343,-0.00013887829845771194,-0.02315998077392578,-0.001874526496976614,-0.004001551773399115,-0.004828371573239565,0.004550614859908819,-0.009378986433148384,-0.0004686792381107807,0.00019092264119535685,-0.0006596018793061376,0.013839663937687874,0.4514361619949341,-2.288814924837223,0.012010065365218387,-0.00048191027446872916,0.00016621130650315826,-1.4174609273978735e-05,1.084588885307312,-0.31344880789364865
dePablo CV2,test,1,55,0.45081967213114754,128,-0.3510349654372357,-0.3733590050206568,0.005799427628517151,0.007184929680079222,-0.0001411239500157535,-0.02348041534423828,-0.001900461851619184,-0.004075057338923216,-0.00492285517975688,0.004640607163310051,-0.009563462808728218,-0.0004774820990860462,0.0001952341990545392,-0.0006727162981405854,0.014097226783633232,0.4145820438861847,-2.2840211071498264,0.010432349726915563,-0.00046591784189635644,0.00018312126053124592,-9.690603411626997e-06,1.0553369522094727,-0.26664153363510934
dePablo CV2,test,1,56,0.45901639344262296,128,-0.3515847159187209,-0.3733590050206568,0.005912883672863245,0.007326063234359026,-0.00014437208301387727,-0.023820877075195312,-0.0019280181732028723,-0.004149341955780983,-0.005020083859562874,0.004731339402496815,-0.009751423262059689,-0.0004883095971308649,0.0001995654311031103,-0.0006878750282339752,0.014354863204061985,0.37888824939727783,-2.2796077480493966,0.008834488896782018,-0.00046087403919604914,0.0001917487538733149,-7.872769569682013e-06,1.0272784233093262,-0.22145469627612474
dePablo CV2,test,1,57,0.4672131147540984,128,-0.3521336527876708,-0.3733590050206568,0.006026813760399818,0.007467570714652538,-0.00014750758418813348,-0.024160385131835938,-0.0019554973114281893,-0.0042228479869663715,-0.0051180096343159676,0.004822994582355022,-0.00994100421667099,-0.0004985088016837835,0.00020349363330751657,-0.0007020024349913001,0.014612619765102863,0.34181705117225647,-2.2749636545126575,0.007232515144071939,-0.00045822970939393546,0.00019483690580780579,-7.0568340361308185e-06,0.9980654120445251,-0.1744854918947619
dePablo CV2,test,1,58,0.47540983606557374,128,-0.35255722623225033,-0.3733590050206568,0.0061391303315758705,0.007607890293002129,-0.00014964313595555723,-0.0244903564453125,-0.0019822046160697937,-0.004297132603824139,-0.005212952382862568,0.004913666285574436,-0.010126618668437004,-0.0005080064875073731,0.00020872021559625864,-0.0007167267031036317,0.01487058773636818,0.30534788966178894,-2.2705310007440187,0.005643780659624598,-0.0004466058113003276,0.0002122311278892972,-5.28727949725756e-07,0.969488263130188,-0.1283660300384464
dePablo CV2,test,1,59,0.48360655737704916,128,-0.3530794252216185,-0.3733590050206568,0.006252733524888754,0.007749312557280064,-0.00015218686894513667,-0.024829864501953125,-0.0020096837542951107,-0.0043714167550206184,-0.005309824366122484,0.0050054509192705154,-0.010315274819731712,-0.0005182094755582511,0.0002138357376679778,-0.000732045213226229,0.015128228813409805,0.26791372895240784,-2.2658867680308337,0.004042468342423968,-0.0004336855625948832,0.00021865922202778617,-7.484912606823628e-06,0.940043032169342,-0.080965933869144
dePablo CV2,test,1,60,0.4918032786885246,128,-0.3535294065957241,-0.3733590050206568,0.00636586919426918,0.007890080101788044,-0.00015530729433521628,-0.025159835815429688,-0.002036391058936715,-0.004444922786206007,-0.005406670272350311,0.005096055567264557,-0.010502725839614868,-0.0005286948289722204,0.00021808024030178785,-0.0007467750692740083,0.015385189093649387,0.23190687596797943,-2.261460399620176,0.0024486993191275407,-0.00042081114978591457,0.00023064354682967485,-3.662704119544437e-06,0.911768913269043,-0.035399207805890225
dePablo CV2,test,1,61,0.5,128,-0.35408509865947574,-0.3733590050206568,0.006480071693658829,0.008032300509512424,-0.00015808208263479173,-0.025510787963867188,-0.0020647963974624872,-0.004518428351730108,-0.0055042654275894165,0.005188101436942816,-0.01069236733019352,-0.0005394589970819652,0.00022329483181238174,-0.000762753828894347,0.015642540529370308,0.19485895335674286,-2.2567434561746094,0.000838478837331651,-0.00040787950260203723,0.00022905380262112503,-9.367100877367012e-06,0.8824843168258667,0.01158894605419661
dePablo CV2,test,1,62,0.5081967213114754,128,-0.3544958247589245,-0.3733590050206568,0.006593155674636364,0.008173462934792042,-0.0001611700572539121,-0.025850296020507812,-0.0020922755356878042,-0.004592712968587875,-0.005601098760962486,0.005278758704662323,-0.01087985746562481,-0.0005502194981090724,0.00022787938360124826,-0.0007780988817103207,0.015899399295449257,0.157974973320961,-2.2520520995294118,-0.0007596429054645637,-0.00039558449654172883,0.00023942025172487286,-3.3129909606085086e-06,0.853334903717041,0.058366156752318564
dePablo CV2,test,1,63,0.5163934426229508,128,-0.35498799133032627,-0.3733590050206568,0.006707502529025078,0.008316101506352425,-0.00016375535051338375,-0.026180267333984375,-0.0021189828403294086,-0.004666218999773264,-0.0056986561976373196,0.005371145438402891,-0.01106980163604021,-0.0005601854645647109,0.00023267476353794336,-0.0007928602281026542,0.0161568783223629,0.12116795033216476,-2.247457289816033,-0.0023744784014442495,-0.0003827424074367977,0.0002453860170498639,-2.3252493009891527e-06,0.8243492841720581,0.10499030077022103
dePablo CV2,test,1,64,0.5245901639344263,128,-0.35549954283737367,-0.3733590050206568,0.006822057068347931,0.008459017612040043,-0.00016653278726153076,-0.026519775390625,-0.0021464619785547256,-0.004740503150969744,-0.005796581506729126,0.0054635158739984035,-0.011260097846388817,-0.0005704159266315401,0.00023735035210847855,-0.0008077662787400186,0.016414474695920944,0.08311427384614944,-2.2429295681745374,-0.00399252983645621,-0.0003665383322507273,0.0002535396740396922,-2.313512365275442e-06,0.7946462631225586,0.15305121514257217
dePablo CV2,test,1,65,0.5327868852459017,128,-0.3558938506707327,-0.3733590050206568,0.0069348979741334915,0.008599936030805111,-0.00016952768783085048,-0.026859283447265625,-0.0021739413496106863,-0.004814787767827511,-0.005892806686460972,0.00555375125259161,-0.011446557939052582,-0.0005815247423015535,0.00024246936663985252,-0.000823994108941406,0.016672614961862564,0.0469607412815094,-2.238465652570036,-0.005588009985342077,-0.00034599638621494376,0.00026108103754839997,1.074896764903822e-06,0.7662338018417358,0.19881604148784096
dePablo CV2,test,1,66,0.5409836065573771,128,-0.3562985208140315,-0.3733590050206568,0.0070489803329110146,0.008741708472371101,-0.00017216763808391988,-0.027199745178222656,-0.0022014975547790527,-0.004889072384685278,-0.00598990498110652,0.005645569413900375,-0.011635474860668182,-0.0005922264535911381,0.00024789117742329836,-0.0008401176310144365,0.016929982230067253,0.009461475536227226,-2.233604643538643,-0.007193050062804797,-0.00032856665626386354,0.00026389995997252964,4.212529436556942e-06,0.7364896535873413,0.24643200391654163
dePablo CV2,test,1,67,0.5491803278688525,128,-0.3566932603188091,-0.3733590050206568,0.0071617006324231625,0.008882620371878147,-0.000174964516190812,-0.027540206909179688,-0.002229053992778063,-0.0049625784158706665,-0.006086314562708139,0.0057363854721188545,-0.011822700500488281,-0.00060271070105955,0.00025278166867792606,-0.0008554923697374761,0.017187146469950676,-0.028526730835437775,-2.2289777279399483,-0.008788397011187025,-0.00030805180797069046,0.00027179712314899735,5.212957313387801e-06,0.7067107558250427,0.2944786294725179
dePablo CV2,test,1,68,0.5573770491803278,128,-0.3570470631099948,-0.3733590050206568,0.007274871226400137,0.009023560211062431,-0.00017732338164933026,-0.027860641479492188,-0.002254989231005311,-0.005036862567067146,-0.0061823599971830845,0.005827713292092085,-0.01201007328927517,-0.0006125716608949006,0.00025792489759624004,-0.0008704965584911406,0.017444424331188202,-0.0650891438126564,-2.224651097330822,-0.010383704839100522,-0.00029863380261157906,0.0002813069222393995,1.0176597157183145e-05,0.678199827671051,0.34064098788812436
dePablo CV2,test,1,69,0.5655737704918032,128,-0.3575248281130634,-0.3733590050206568,0.007390186190605164,0.00916677713394165,-0.0001804095518309623,-0.028209686279296875,-0.0022832404356449842,-0.005110368598252535,-0.006280852481722832,0.005920033436268568,-0.012200886383652687,-0.0006243836251087487,0.0002635645214468241,-0.0008879481465555727,0.01770247146487236,-0.10332944989204407,-2.2195680016385033,-0.012005007030017636,-0.0002811585712547876,0.0002749021331880462,1.1624460357737276e-05,0.6477183103561401,0.38927848417491134
dePablo CV2,test,1,70,0.5737704918032787,128,-0.35789156626506025,-0.3733590050206568,0.0075040762312710285,0.009308598935604095,-0.00018330721650272608,-0.028550148010253906,-0.0023107966408133507,-0.005184653215110302,-0.006378111429512501,0.006011497229337692,-0.012389608658850193,-0.0006348025053739548,0.0002681880723685026,-0.0009029905777424574,0.01796014979481697,-0.14044450223445892,-2.2153650968092715,-0.013610338969728943,-0.0002692829333289451,0.00027933140837174317,1.2792484929681284e-05,0.6190009117126465,0.43601767208212616
dePablo CV2,test,1,71,0.5819672131147541,128,-0.3583678560292218,-0.3733590050206568,0.007618816569447517,0.009451736696064472,-0.00018613020074553788,-0.028890609741210938,-0.0023383530788123608,-0.005258158780634403,-0.006476591806858778,0.006104331463575363,-0.012580923736095428,-0.0006456302362494171,0.0002733698347583413,-0.0009190000710077584,0.01821785792708397,-0.17833156883716583,-2.2107529026960004,-0.015230661144705938,-0.0002533147025682238,0.0002791882355190218,1.22188326514925e-05,0.5893041491508484,0.4839348421558196
dePablo CV2,test,1,72,0.5901639344262295,128,-0.35864512492405,-0.3733590050206568,0.007732813712209463,0.009593814611434937,-0.00018875653040595353,-0.029230117797851562,-0.0023658322170376778,-0.00533244339749217,-0.0065734898671507835,0.006195976864546537,-0.012769466266036034,-0.000656290736515075,0.0002787776757031679,-0.0009350684122182429,0.018476033583283424,-0.21589666604995728,-2.2059046052193683,-0.016838893340791455,-0.00023782788899106994,0.00028725366083476756,1.6757401703176127e-05,0.5595329999923706,0.5316208134933198
dePablo CV2,test,1,73,0.5983606557377049,128,-0.35905415162454873,-0.3733590050206568,0.007847273722290993,0.009736267849802971,-0.00019217299995943904,-0.029569625854492188,-0.0023933113552629948,-0.005405949428677559,-0.006672257091850042,0.0062879109755158424,-0.012960167601704597,-0.0006675007753074169,0.00028315477538853884,-0.0009506555506959558,0.01873328536748886,-0.2539132237434387,-2.201140899758106,-0.018451331066575812,-0.00022585833315648382,0.00028396499701406044,1.3040825230296582e-05,0.5295736193656921,0.5797885439430134
dePablo CV2,test,1,74,0.6065573770491803,128,-0.3594535690374781,-0.3733590050206568,0.00796200055629015,0.009879041463136673,-0.00019424068159423769,-0.029920578002929688,-0.0024217169266194105,-0.00547945499420166,-0.006769194267690182,0.006380712613463402,-0.013149906881153584,-0.0006783545832149684,0.00028987322002649307,-0.0009682278032414615,0.01899152435362339,-0.2917134463787079,-2.1967880080854107,-0.02006739591391501,-0.0002111790109235638,0.0002794756900360633,1.4388612676140612e-05,0.5002401471138,0.6274368572364996
dePablo CV2,test,1,75,0.6147540983606558,128,-0.35979676310814707,-0.3733590050206568,0.008076243102550507,0.01002105325460434,-0.0001976648927666247,-0.030260086059570312,-0.0024491960648447275,-0.005554518196731806,-0.0068669794127345085,0.006471649743616581,-0.01333862915635109,-0.0006899896543473005,0.00029465986881405115,-0.0009846495231613517,0.019248563796281815,-0.32912135124206543,-2.1921298333776837,-0.021674865667104783,-0.0001947092603838173,0.0002798023824151306,1.3920821625511896e-05,0.4707951545715332,0.6748147037522759
dePablo CV2,test,1,76,0.6229508196721312,128,-0.3601550634886511,-0.3733590050206568,0.008191214874386787,0.010164194740355015,-0.00020071183098480105,-0.030599594116210938,-0.0024766752030700445,-0.005628802813589573,-0.006966128014028072,0.006564704235643148,-0.013530831784009933,-0.0007011267589405179,0.0002997030969709158,-0.0010008298559114337,0.01950649730861187,-0.3675282299518585,-2.1873355791886913,-0.02329495132005311,-0.00018550835346453406,0.0002762167294866154,1.1238610131358229e-05,0.44054996967315674,0.723465239911059
dePablo CV2,test,1,77,0.6311475409836066,128,-0.36046050019849146,-0.3733590050206568,0.00830542016774416,0.010306177660822868,-0.0002032002666965127,-0.03094005584716797,-0.002504231408238411,-0.005702308379113674,-0.0070631178095936775,0.0066567170433700085,-0.013719834387302399,-0.0007118394132703543,0.00030543887987732887,-0.0010172782931476831,0.01976393163204193,-0.4047683775424957,-2.1827169310486942,-0.02490187614521536,-0.00017531838323305918,0.0002762795226916921,1.8717877183363442e-05,0.41125914454460144,0.7706187033961833
dePablo CV2,test,1,78,0.639344262295082,128,-0.36087482348807826,-0.3733590050206568,0.008421492762863636,0.010450719855725765,-0.00020520581165328622,-0.03129005432128906,-0.0025325596798211336,-0.005776592995971441,-0.007161810994148254,0.006751399487257004,-0.013913210481405258,-0.0007223629509098828,0.00031195138581097126,-0.0010343142785131931,0.020021969452500343,-0.44388318061828613,-2.1780774942235492,-0.026538062139985313,-0.00015326475805463029,0.00026811143846436385,1.742236620209244e-05,0.3807451128959656,0.8200105000132057
dePablo CV2,test,1,79,0.6475409836065574,128,-0.3612341561040694,-0.3733590050206568,0.00853649526834488,0.010593615472316742,-0.00020889489678665996,-0.031630516052246094,-0.0025601161178201437,-0.005850877612829208,-0.007260967046022415,0.006843177136033773,-0.014104144647717476,-0.0007344098412431777,0.0003166199894621968,-0.0010510298889130354,0.020279642194509506,-0.48182088136672974,-2.1733313230473184,-0.028155434068857812,-0.0001370240159268357,0.00026223293494253105,1.7607215209656017e-05,0.3508569598197937,0.8680734243057313
dePablo CV2,test,1,80,0.6557377049180327,128,-0.36156253087842954,-0.3733590050206568,0.008650521747767925,0.01073617022484541,-0.0002110414789058268,-0.03198051452636719,-0.0025884443894028664,-0.00592438317835331,-0.007358161266893148,0.006936078425496817,-0.014294239692389965,-0.000744993390981108,0.00032291049137711525,-0.0010679038241505623,0.020537421107292175,-0.5205078721046448,-2.1687150206214545,-0.02976900047351935,-0.0001167731798363475,0.0002572272049249527,2.0274409396416208e-05,0.32064390182495117,0.9169426567292941
dePablo CV2,test,1,81,0.6639344262295082,128,-0.3619205621157412,-0.3733590050206568,0.008766421116888523,0.010880080051720142,-0.00021405663574114442,-0.03232002258300781,-0.0026159235276281834,-0.005998667795211077,-0.007457745727151632,0.007029632106423378,-0.014487378299236298,-0.0007560339872725308,0.00032792077399790287,-0.0010839547030627728,0.02079484984278679,-0.559145450592041,-2.1639057784798643,-0.03139780465739516,-0.00010280525798078353,0.00025046586594890883,1.6691694351763366e-05,0.29023343324661255,0.9658765944468678
dePablo CV2,test,1,82,0.6721311475409836,128,-0.36219971465662393,-0.3733590050206568,0.00888089369982481,0.011022863909602165,-0.0002170284278690815,-0.032660484313964844,-0.00264347973279655,-0.006073030177503824,-0.007555796764791012,0.007121739909052849,-0.01467753667384386,-0.0007677897810935974,0.0003337329253554344,-0.0011015227064490318,0.021052304655313492,-0.5960331559181213,-2.159316212547893,-0.03301377347320083,-8.854652385440681e-05,0.0002476309852122596,2.3548238652530093e-05,0.26120245456695557,1.0125931483852577
dePablo CV2,test,1,83,0.680327868852459,128,-0.3626003149126371,-0.3733590050206568,0.008997299708425999,0.011167271062731743,-0.00022032670676708221,-0.03301048278808594,-0.0026718080043792725,-0.006146457977592945,-0.007655713241547346,0.007215059828013182,-0.014870773069560528,-0.0007797343423590064,0.000339080928824842,-0.0011188152711838484,0.021309830248355865,-0.6353872418403625,-2.154417641436813,-0.034648313943874104,-6.692532264627977e-05,0.00023471678253057923,1.8790570238743735e-05,0.23022787272930145,1.0624346250875223
dePablo CV2,test,1,84,0.6885245901639344,128,-0.36288870626760433,-0.3733590050206568,0.00911187194287777,0.011310148052871227,-0.00022306834580376744,-0.033359527587890625,-0.0027000592090189457,-0.006220742594450712,-0.007753509096801281,0.007307372055947781,-0.015060881152749062,-0.0007905969396233559,0.000344460248015821,-0.0011350571876391768,0.02156756818294525,-0.6737562417984009,-2.1496994658320037,-0.03626520382380752,-5.9869381525666724e-05,0.00023501650567928588,2.214939940074083e-05,0.2000972032546997,1.1109915630030232
dePablo CV2,test,1,85,0.6967213114754098,128,-0.3631973417478256,-0.3733590050206568,0.009226810187101364,0.01145331934094429,-0.000225402123760432,-0.033699989318847656,-0.002727615414187312,-0.006294248625636101,-0.007851103320717812,0.007400299422442913,-0.015251402743160725,-0.0008018616354092956,0.00035105738788843155,-0.001152919023297727,0.021825304254889488,-0.7124640345573425,-2.1452262924114422,-0.03788559422801801,-4.277513969612954e-05,0.0002210324829514778,2.276957985287042e-05,0.17004072666168213,1.1597939781584783
dePablo CV2,test,1,86,0.7049180327868853,128,-0.36360572769550326,-0.3733590050206568,0.009343227371573448,0.011597882024943829,-0.00022843567421659827,-0.03404998779296875,-0.002755943685770035,-0.006368533242493868,-0.007951375097036362,0.007494504097849131,-0.015445878729224205,-0.0008137212716974318,0.00035684986505657434,-0.001170571194961667,0.022082708775997162,-0.752036988735199,-2.1401997715642076,-0.03952159784958772,-3.406143739444121e-05,0.00020253205826273736,1.906128396774144e-05,0.1387743502855301,1.209977033886784
dePablo CV2,test,1,87,0.7131147540983607,128,-0.36385880756837946,-0.3733590050206568,0.00945768877863884,0.011740769259631634,-0.000231782381888479,-0.03437995910644531,-0.002782650990411639,-0.006441260222345591,-0.00804977584630251,0.0075862109661102295,-0.015635985881090164,-0.0008252427796833217,0.0003616779576987028,-0.0011869207955896854,0.022339940071105957,-0.7900035977363586,-2.1356114910828996,-0.04113871629214211,-1.7398531588286585e-05,0.00020264621619439318,2.3175048165998375e-05,0.10905511677265167,1.257973324596221
dePablo CV2,test,1,88,0.7213114754098361,128,-0.36418015903429773,-0.3733590050206568,0.009573599323630333,0.011884691193699837,-0.00023415085161104798,-0.034740447998046875,-0.002811828162521124,-0.006516323424875736,-0.008148444816470146,0.007680143229663372,-0.015828587114810944,-0.0008360813953913748,0.00036777963396161795,-0.0012038610875606537,0.022598057985305786,-0.8288368582725525,-2.1309586259745434,-0.042767628597681226,1.9394314461583523e-06,0.00019086129470470223,2.037013011499392e-05,0.07870514690876007,1.3070395414963902
dePablo CV2,test,1,89,0.7295081967213115,128,-0.3644151584581047,-0.3733590050206568,0.009688077494502068,0.012027351185679436,-0.00023695104755461216,-0.0350799560546875,-0.0028393075335770845,-0.006590608041733503,-0.008246333338320255,0.007772431243211031,-0.016018765047192574,-0.0008475591894239187,0.0003736570943146944,-0.0012212162837386131,0.02285585179924965,-0.867316722869873,-2.1263287425691026,-0.04438212610628939,1.7802211610200577e-05,0.00018200166867863793,2.903263788963739e-05,0.04860839247703552,1.3556716171913847
dePablo CV2,test,1,90,0.7377049180327869,128,-0.3647625682788176,-0.3733590050206568,0.00980428233742714,0.012172172777354717,-0.00024021585704758763,-0.035419464111328125,-0.0028667866718024015,-0.006664113607257605,-0.008346496149897575,0.007866064086556435,-0.01621256023645401,-0.0008594992686994374,0.000379067612811923,-0.0012385668233036995,0.023113489151000977,-0.9063921570777893,-2.121657123597705,-0.04602126942343652,4.3792598755280996e-05,0.00017356427308555796,2.7851058705915168e-05,0.018081333488225937,1.4050372617757467
dePablo CV2,test,1,91,0.7459016393442623,128,-0.36506962336797616,-0.3733590050206568,0.009920291602611542,0.012316594831645489,-0.00024286453844979405,-0.035770416259765625,-0.0028951920103281736,-0.006738398224115372,-0.008445772342383862,0.007960042916238308,-0.01640581525862217,-0.0008716537849977612,0.00038592470809817314,-0.0012575784930959344,0.023371338844299316,-0.945587694644928,-2.1166946892601928,-0.047655672477852004,5.965793627282572e-05,0.00015151964585658165,3.4023771270449406e-05,-0.012867682613432407,1.4547313862602727
dePablo CV2,test,1,92,0.7540983606557377,128,-0.36535289670813004,-0.3733590050206568,0.010035746730864048,0.012460455298423767,-0.0002458166563883424,-0.03611946105957031,-0.002923442982137203,-0.006812682840973139,-0.008544543758034706,0.00805290974676609,-0.016597453504800797,-0.0008831066079437733,0.0003914732951670885,-0.0012745799031108618,0.023628823459148407,-0.983519971370697,-2.1121854248180205,-0.04928368369510371,7.299254007684404e-05,0.00014814618565725253,3.7833162192855977e-05,-0.042471181601285934,1.5026364100481253
dePablo CV2,test,1,93,0.7622950819672131,128,-0.3657052534969492,-0.3733590050206568,0.010152941569685936,0.012605889700353146,-0.00024878460681065917,-0.03647041320800781,-0.002951848553493619,-0.006887045223265886,-0.008644940331578255,0.00814737193286419,-0.016792312264442444,-0.0008951454656198621,0.00039757625199854374,-0.0012927217176184058,0.023886041715741158,-1.0239622592926025,-2.107313144115402,-0.05092972520652508,9.719359520856892e-05,0.00013434179047108397,2.813766400163776e-05,-0.07411028444766998,1.5537526732335074
dePablo CV2,test,1,94,0.7704918032786885,128,-0.3659492180931562,-0.3733590050206568,0.010269057005643845,0.012749952264130116,-0.00025145866675302386,-0.036800384521484375,-0.0029785558581352234,-0.006959694437682629,-0.008744008839130402,0.00824109185487032,-0.016985099762678146,-0.0009069921798072755,0.0004040747880935669,-0.0013110670261085033,0.024143848568201065,-1.0622479915618896,-2.1026136547683922,-0.052559955104562066,0.000107131356645453,0.00012461951204382894,2.7509443726021943e-05,-0.10416553914546967,1.6021988333519575
dePablo CV2,test,1,95,0.7786885245901639,128,-0.36626256128130613,-0.3733590050206568,0.01038576103746891,0.012895280495285988,-0.0002541933790780604,-0.03716087341308594,-0.003007733030244708,-0.007033979054540396,-0.008844028227031231,0.008335640653967857,-0.017179667949676514,-0.0009185297531075776,0.00041014293674379587,-0.0013286727480590343,0.024401679635047913,-1.102297306060791,-2.0977927816353446,-0.05420470003768246,0.00012918070967602816,0.00010937528375181686,2.3057084110388396e-05,-0.13549238443374634,1.6528158068863616
dePablo CV2,test,1,96,0.7868852459016393,128,-0.3665874553407276,-0.3733590050206568,0.010501977056264877,0.013039868324995041,-0.0002572227385826409,-0.037509918212890625,-0.0030359840020537376,-0.0071082632057368755,-0.008944135159254074,0.008429689332842827,-0.0173738244920969,-0.000930375827010721,0.0004159304080531001,-0.0013463061768561602,0.024659670889377594,-1.1411283016204834,-2.093247808624596,-0.055840890690448806,0.00014034102504213088,9.379216531482148e-05,1.9608882432062313e-05,-0.1657128483057022,1.701810356308972
dePablo CV2,test,1,97,0.7950819672131147,128,-0.36685821673763797,-0.3733590050206568,0.010617982596158981,0.013184539042413235,-0.0002601938904263079,-0.037860870361328125,-0.0030643895734101534,-0.007181769236922264,-0.009043625555932522,0.008523236960172653,-0.01756686344742775,-0.0009425962925888598,0.0004222085699439049,-0.0013648048043251038,0.024917099624872208,-1.180666446685791,-2.0882428379483073,-0.05747808059781683,0.0001579984780644853,7.923237756681857e-05,1.8507051535761533e-05,-0.196931391954422,1.75193831907709
dePablo CV2,test,1,98,0.8032786885245902,128,-0.3671478106604306,-0.3733590050206568,0.010734949260950089,0.013329681009054184,-0.00026266637723892927,-0.03820991516113281,-0.003092640545219183,-0.007256053853780031,-0.009143910370767117,0.008618577383458614,-0.01776248775422573,-0.0009541523177176714,0.00042881956323981285,-0.0013829718809574842,0.025174934417009354,-1.2206002473831177,-2.083718854763265,-0.05912068733710702,0.00018203422056414773,5.114338759720022e-05,1.4860988944806365e-05,-0.22783200442790985,1.8022283763997053
dePablo CV2,test,1,99,0.8114754098360656,128,-0.36743067270492197,-0.3733590050206568,0.010851075872778893,0.013474509119987488,-0.0002657875302247703,-0.038550376892089844,-0.003120196983218193,-0.0073295594193041325,-0.009243549779057503,0.008711975067853928,-0.01795552484691143,-0.0009663336677476764,0.00043475860729813576,-0.0014010922750458121,0.02543233335018158,-1.2590174674987793,-2.0787954223740566,-0.06075951967080673,0.00019319012246666036,3.6644125315845236e-05,1.852855074145358e-05,-0.2582371234893799,1.8509737749524535
dePablo CV2,test,1,100,0.819672131147541,128,-0.3677622602346421,-0.3733590050206568,0.010968364775180817,0.01362045668065548,-0.00026853661984205246,-0.038909912109375,-0.0031492970883846283,-0.0074047003872692585,-0.009344318881630898,0.008807245641946793,-0.01815156452357769,-0.0009783469140529633,0.00044127367436885834,-0.0014196205884218216,0.025690682232379913,-1.3000478744506836,-2.0740039872449225,-0.06241125364793903,0.00021817746081680296,1.4226232537068415e-05,1.3348714319239289e-05,-0.2901562750339508,1.9027363935045272
dePablo CV2,test,1,101,0.8278688524590164,128,-0.36798072208718874,-0.3733590050206568,0.011084224097430706,0.013764571398496628,-0.00027123611653223634,-0.039259910583496094,-0.003177625359967351,-0.007478128653019667,-0.009443342685699463,0.008900870569050312,-0.0183442123234272,-0.0009901328012347221,0.0004476606845855713,-0.0014377934858202934,0.02594768814742565,-1.338959813117981,-2.069104420065326,-0.06404202490346779,0.00023094693915759901,-2.6026521968897915e-06,1.2466788814662036e-05,-0.32084935903549194,1.9520537192412881
dePablo CV2,test,1,102,0.8360655737704918,128,-0.3682348505585654,-0.3733590050206568,0.011200455948710442,0.01390907447785139,-0.00027435191441327333,-0.039600372314453125,-0.0032051815651357174,-0.0075524128042161465,-0.009543009102344513,0.00899430550634861,-0.018537314608693123,-0.0010026380186900496,0.000453934189863503,-0.0014565722085535526,0.02620593272149563,-1.3786765336990356,-2.0644699458949454,-0.06567716929472402,0.00024142167485024106,-1.7560031263344474e-05,1.2188410652396537e-05,-0.35174232721328735,2.0021567633175907
dePablo CV2,test,1,103,0.8442622950819673,128,-0.3685289935865307,-0.3733590050206568,0.011317836120724678,0.014054844155907631,-0.0002772307489067316,-0.03994941711425781,-0.0032334327697753906,-0.007626775186508894,-0.009644226171076298,0.009089764207601547,-0.01873398944735527,-0.0010144213447347283,0.0004599598469212651,-0.0014743811916559935,0.02646402083337307,-1.4188023805618286,-2.0596080521078917,-0.06732665790062842,0.00025361630255870294,-4.172261532781473e-05,1.0231821641779978e-05,-0.3831667900085449,2.052890799597294
dePablo CV2,test,1,104,0.8524590163934426,128,-0.3687766876199835,-0.3733590050206568,0.011433775536715984,0.014199333265423775,-0.00028023432241752744,-0.04030036926269531,-0.0032618381083011627,-0.0077002812176942825,-0.009743450209498405,0.009182981215417385,-0.018926430493593216,-0.001027092570438981,0.0004666239256039262,-0.0014937164960429072,0.026721090078353882,-1.457575798034668,-2.0548336135504646,-0.06896176861082089,0.00027755168255486914,-5.95223750704907e-05,9.962540619493685e-06,-0.41362279653549194,2.1019637144542074
dePablo CV2,test,1,105,0.860655737704918,128,-0.3690661341949208,-0.3733590050206568,0.011551509611308575,0.014345080591738224,-0.0002827777643688023,-0.04065990447998047,-0.003290938213467598,-0.007773709017783403,-0.009844522923231125,0.00927896797657013,-0.019123490899801254,-0.001038525253534317,0.00047296960838139057,-0.0015114948619157076,0.026979319751262665,-1.4981882572174072,-2.049872514637894,-0.07061093421719002,0.0002851401459429999,-8.486079896674291e-05,1.0993491825825696e-05,-0.44547611474990845,2.1533387397069332
dePablo CV2,test,1,106,0.8688524590163934,128,-0.3692713665232127,-0.3733590050206568,0.011667376384139061,0.014489120803773403,-0.0002858772058971226,-0.0410003662109375,-0.003318494651466608,-0.007848071865737438,-0.009943755343556404,0.009372000582516193,-0.019315756857395172,-0.0010506965918466449,0.00047894218005239964,-0.0015296387718990445,0.0272366963326931,-1.537938117980957,-2.0449067227308,-0.07224090132642066,0.00030520206912991856,-0.0001042094943431347,9.750445521265594e-06,-0.47678351402282715,2.203692941028084
dePablo CV2,test,1,107,0.8770491803278688,128,-0.369568642123608,-0.3733590050206568,0.011785205453634262,0.014635312370955944,-0.000288590497802943,-0.04134941101074219,-0.0033467456232756376,-0.007922356016933918,-0.010044839233160019,0.009467658586800098,-0.019512496888637543,-0.0010623626876622438,0.00048518169205635786,-0.0015475443797186017,0.027494195848703384,-1.5787543058395386,-2.0402213856878393,-0.07389517498321274,0.0003215622562429422,-0.00012802467421073574,3.712348714032197e-06,-0.5084397792816162,2.255133469196404
dePablo CV2,test,1,108,0.8852459016393442,128,-0.3698385602107009,-0.3733590050206568,0.011903060600161552,0.014781933277845383,-0.0002920175902545452,-0.04170989990234375,-0.003375923028215766,-0.007995784282684326,-0.010146561078727245,0.009562525898218155,-0.019709087908267975,-0.0010754037648439407,0.0004913685843348503,-0.001566772349178791,0.027752738445997238,-1.6188600063323975,-2.035519834639775,-0.07555434622242967,0.00034072359848945073,-0.00014823467284255299,-2.8867907019060335e-06,-0.5396610498428345,2.3057410809284558
dePablo CV2,test,1,109,0.8934426229508197,128,-0.37007934897116956,-0.3733590050206568,0.012020442634820938,0.014927532523870468,-0.00029456132324412465,-0.04206085205078125,-0.003404328366741538,-0.008070146664977074,-0.010246973484754562,0.009657850489020348,-0.01990482397377491,-0.0010870143305510283,0.0004978915676474571,-0.0015849058981984854,0.028010599315166473,-1.6588735580444336,-2.030844125433069,-0.07720190842095159,0.0003582172385163612,-0.00016750893453378805,-6.6937851689419105e-06,-0.5707927346229553,2.3562227990180267
dePablo CV2,test,1,110,0.9016393442622951,128,-0.3703987473004228,-0.3733590050206568,0.012138834223151207,0.015074808150529861,-0.00029794202418997884,-0.042420387268066406,-0.0034334284719079733,-0.008143573999404907,-0.010349183343350887,0.009753299877047539,-0.02010248228907585,-0.0011002616956830025,0.0005043776473030448,-0.0016046393429860473,0.028268232941627502,-1.699415683746338,-2.02582234179375,-0.07886842444153769,0.0003773109301855238,-0.0001933804872589234,-4.52267802859874e-06,-0.6026731133460999,2.407553142802576
dePablo CV2,test,1,111,0.9098360655737705,128,-0.3706014948392455,-0.3733590050206568,0.01225449051707983,0.015219035558402538,-0.00030064431484788656,-0.0427703857421875,-0.003461756743490696,-0.008217080496251583,-0.010448182001709938,0.009846893139183521,-0.020295076072216034,-0.0011125587625429034,0.0005112701328471303,-0.0016238288953900337,0.02852550521492958,-1.7388145923614502,-2.0209481783408862,-0.08050046842581728,0.00039762511615221505,-0.00021043318551342325,-4.548120717838698e-06,-0.6336473822593689,2.457432215221861
dePablo CV2,test,1,112,0.9180327868852459,128,-0.37088195042115213,-0.3733590050206568,0.012372341938316822,0.015365252271294594,-0.0003035691916011274,-0.043109893798828125,-0.003489235881716013,-0.008291364647448063,-0.01054964680224657,0.009942509233951569,-0.020492155104875565,-0.0011252672411501408,0.000518128857947886,-0.0016433960990980268,0.02878381684422493,-1.7792154550552368,-2.0162088120641886,-0.08215484055886998,0.00040569822672935325,-0.0002481933007424917,-8.764947989393746e-06,-0.6651022434234619,2.508414333700302
dePablo CV2,test,1,113,0.9262295081967213,128,-0.37109269393196415,-0.3733590050206568,0.012488516978919506,0.015510134398937225,-0.00030624232022091746,-0.04347038269042969,-0.0035184132866561413,-0.008365648798644543,-0.010648990981280804,0.010036506690084934,-0.020685497671365738,-0.0011375974863767624,0.0005251128459349275,-0.0016627103323116899,0.029041992500424385,-1.8201534748077393,-2.011303457946122,-0.08379426025268126,0.0004268382258210382,-0.0002683403918132653,-5.569923718771647e-06,-0.6970975399017334,2.560140129575911
dePablo CV2,test,1,114,0.9344262295081968,128,-0.3713758992390255,-0.3733590050206568,0.012607069686055183,0.015657244250178337,-0.0003091529360972345,-0.04382038116455078,-0.0035467413254082203,-0.00844001118093729,-0.010750746354460716,0.010132440365850925,-0.020883187651634216,-0.001150361611507833,0.000532055739313364,-0.001682417350821197,0.02929917722940445,-1.8603453636169434,-2.0066508436722414,-0.08545887334572908,0.0004477062434792966,-0.0002998866943355876,-7.739071504755879e-06,-0.7283158302307129,2.610818751869087
dePablo CV2,test,1,115,0.9426229508196722,128,-0.3716153085153158,-0.3733590050206568,0.012725197710096836,0.0158042274415493,-0.0003118940512649715,-0.044170379638671875,-0.003575069596990943,-0.008514373563230038,-0.010852714069187641,0.010228926315903664,-0.02108164131641388,-0.0011622935999184847,0.0005385054973885417,-0.0017007990973070264,0.029557352885603905,-1.901162028312683,-2.001698952847066,-0.08712199189864431,0.0004627211904459037,-0.0003287087959950543,-1.029330383656615e-05,-0.7602887749671936,2.662430263077945
dePablo CV2,test,1,116,0.9508196721311475,128,-0.3718573342111835,-0.3733590050206568,0.012842622585594654,0.015950065106153488,-0.0003147639217786491,-0.04453086853027344,-0.0036042470019310713,-0.0085869450122118,-0.01095299981534481,0.010323472321033478,-0.02127647213637829,-0.001174646895378828,0.0005451190518215299,-0.001719765947200358,0.02981489896774292,-1.941537618637085,-1.996926739790622,-0.08877224222803505,0.00048537998837701514,-0.0003486609700183177,-1.671699029926572e-05,-0.7917664647102356,2.7134033856833635
dePablo CV2,test,1,117,0.9590163934426229,128,-0.3721695522603067,-0.3733590050206568,0.012961938977241516,0.016098380088806152,-0.00031831616070121527,-0.04488945007324219,-0.0036332698073238134,-0.008660451509058475,-0.011056635528802872,0.010420003905892372,-0.021476639434695244,-0.0011874877382069826,0.0005508554168045521,-0.0017383431550115347,0.03007296659052372,-1.9832144975662231,-1.9918697356301198,-0.09045052007105758,0.0005077066090114712,-0.00037220720519779175,-2.5862563178446864e-05,-0.8244141340255737,2.766103094011952
dePablo CV2,test,1,118,0.9672131147540983,128,-0.3723542907133484,-0.3733590050206568,0.013079240918159485,0.016243798658251762,-0.000321197381708771,-0.04524993896484375,-0.0036624472122639418,-0.008734735660254955,-0.011157171800732613,0.010514777153730392,-0.021671948954463005,-0.0012005907483398914,0.0005581959849223495,-0.0017587867332622409,0.030330177396535873,-2.022989511489868,-1.9871472922575733,-0.09209581336390982,0.0005187992748099509,-0.00040486621059904096,-2.1102827818117927e-05,-0.8554487824440002,2.816331568642132
dePablo CV2,test,1,119,0.9754098360655737,128,-0.3726320727993768,-0.3733590050206568,0.013197406195104122,0.016390737146139145,-0.0003236609627492726,-0.045599937438964844,-0.0036907754838466644,-0.008808241225779057,-0.011258391663432121,0.01061106938868761,-0.021869461983442307,-0.001212933799251914,0.0005656118737533689,-0.0017785456730052829,0.03058774024248123,-2.064228057861328,-1.9822572309383084,-0.093758433807426,0.0005386428226858278,-0.00043503547001159487,-2.5018927993102464e-05,-0.8876180648803711,2.868404284526709
dePablo CV2,test,1,120,0.9836065573770492,128,-0.3728724291394914,-0.3733590050206568,0.013315549120306969,0.01653752289712429,-0.00032658939016982913,-0.04595947265625,-0.0037198755890130997,-0.00888330489397049,-0.011360331438481808,0.010707153007388115,-0.022067483514547348,-0.0012261616066098213,0.0005729828262701631,-0.0017991444328799844,0.03084595873951912,-2.1054701805114746,-1.9775310505093673,-0.09541926504415918,0.0005573704162042721,-0.00047342854092703826,-2.969695738593741e-05,-0.9195951223373413,2.9203764703846193
dePablo CV2,test,1,121,0.9918032786885246,128,-0.3730799531658738,-0.3733590050206568,0.013433270156383514,0.01668356917798519,-0.00032930803718045354,-0.0463104248046875,-0.0037482809275388718,-0.00895758904516697,-0.011461181566119194,0.010802566073834896,-0.022263746708631516,-0.0012381363194435835,0.0005795203614979982,-0.0018176566809415817,0.031102990731596947,-2.1459248065948486,-1.972585019228775,-0.09707175030398547,0.0005725826350047491,-0.0004977841292957742,-3.0446321803979876e-05,-0.9513296484947205,2.9715545291261383
dePablo CV2,test,1,122,1.0,128,-0.3733590050206568,-0.3733590050206568,0.013552561402320862,0.016831938177347183,-0.00033250998239964247,-0.04665946960449219,-0.003776532132178545,-0.009031951427459717,-0.011564272455871105,0.010899252258241177,-0.022463524714112282,-0.0012513003312051296,0.0005862803664058447,-0.0018375806976109743,0.031360890716314316,-2.186840534210205,-1.9678173585220786,-0.09875045826712048,0.0005896215979977159,-0.0005350700892953833,-3.551246161544599e-05,-0.9831472635269165,3.0231658341282106
dePablo CV2,test,2,0,0.0,212,,-0.0696914335517825,0.0,0.0,0.0,0.0,0.0,0.0,0.0,0.0,0.0,0.0,0.0,0.0,0.0,4.134455680847168,-0.5917919916978702,-0.011061454037375712,-0.04256012285829269,-0.0014071064223628844,-0.001954026182535209,1.4250621795654297,-3.5998857850390524
dePablo CV2,test,2,1,0.006329113924050633,212,0.2073170731707317,-0.0696914335517825,5.3198920795693994e-05,6.1844963056501e-05,1.262820660485886e-06,0.00019073486328125,1.194906872115098e-05,-6.305511487880722e-05,5.4153631936060265e-05,-5.162799061508849e-05,0.00010578162618912756,-2.4734169983275933e-06,4.999058546673041e-06,-7.47247577237431e-06,0.0002482886193320155,4.084301471710205,-0.5864494964064925,-0.010790988325226422,-0.042695694016493715,-0.000917796688145895,-0.0018531279802941434,1.3866558074951172,-3.5369417475627425
dePablo CV2,test,2,2,0.012658227848101266,212,0.16304923239809424,-0.0696914335517825,8.480522956233472e-05,9.953067637979984e-05,2.3661041268496774e-06,0.000270843505859375,1.696767685643863e-05,-0.00012683223758358508,8.587117190472782e-05,-8.113896910799667e-05,0.0001670101482886821,-3.6765452477993676e-06,8.408753274125047e-06,-1.208529829455074e-05,0.0004947059787809849,4.038731575012207,-0.5812848492851831,-0.01070073509420336,-0.04265781538208436,-0.0005639569706429766,-0.0017571023003612905,1.3513914346694946,-3.4795525683042525
dePablo CV2,test,2,3,0.0189873417721519,212,0.12414036325163111,-0.0696914335517825,9.944576595444232e-05,0.0001201418272103183,2.4480955289618578e-06,0.0002593994140625,1.625073309696745e-05,-0.00018988735973834991,9.746905561769381e-05,-9.25728672882542e-05,0.00019004193018190563,-4.741064458357869e-06,9.637255971028935e-06,-1.4378319974639453e-05,0.0007404759526252747,3.9959564208984375,-0.5761107046078862,-0.01077104691873157,-0.04248453034710214,-0.0003060238815907558,-0.0016551447952554866,1.3179025650024414,-3.4254744171904066
dePablo CV2,test,2,4,0.02531645569620253,212,0.09555320275277925,-0.0696914335517825,0.00011080440162913874,0.00013659143587574363,2.7918943033000687e-06,0.00019931793212890625,1.2486776540754363e-05,-0.00025234080385416746,0.00010044535156339407,-9.486156341154128e-05,0.00019530691497493535,-4.56994712294545e-06,1.0153735274798237e-05,-1.4723682397743687e-05,0.00098404660820961,3.9543614387512207,-0.5707450856718159,-0.010932653163265282,-0.04221296197205638,-9.789958143294464e-05,-0.0015594720009531242,1.2849409580230713,-3.3726746046157143
dePablo CV2,test,2,5,0.03164556962025317,212,0.07415635248069397,-0.0696914335517825,0.00012395875819493085,0.0001548919826745987,2.5183314846799476e-06,0.00010967254638671875,6.870714514661813e-06,-0.00031539591145701706,9.735969069879502e-05,-9.232302545569837e-05,0.0001896827161544934,-4.707290827354882e-06,9.743953341967426e-06,-1.4451244169322308e-05,0.0012266902485862374,3.9139740467071533,-0.5657127705779507,-0.011161078402042156,-0.04187480600992298,0.00010018107387303972,-0.0014557615912975375,1.253147006034851,-3.321521182208738
dePablo CV2,test,2,6,0.0379746835443038,212,0.05707480592801694,-0.0696914335517825,0.00014057746739126742,0.00017660575394984335,2.1226246644800995e-06,-1.049041748046875e-05,-6.571987682946201e-07,-0.0003791730268858373,9.10865783225745e-05,-8.68413335410878e-05,0.0001779279118636623,-4.4748117034032475e-06,8.720061487110797e-06,-1.3194872735766694e-05,0.0014669832307845354,3.8737525939941406,-0.5609084518860394,-0.011427096806619448,-0.0414900492474861,0.00027618845257461534,-0.0013512265409867464,1.2217297554016113,-3.27071048040682
dePablo CV2,test,2,7,0.04430379746835443,212,0.04467795585122467,-0.0696914335517825,0.00016110794967971742,0.00020257444703020155,2.2089916456025094e-06,-0.0001201629638671875,-7.527913112426177e-06,-0.00044282982707954943,8.321511268150061e-05,-7.87971293902956e-05,0.0001620122347958386,-3.6777753393835155e-06,8.09575885796221e-06,-1.17735344247194e-05,0.0017060840036720037,3.833876132965088,-0.5561264066255904,-0.01171814637622254,-0.041063012432524894,0.0004342363116257887,-0.0012552959974996894,1.1905595064163208,-3.220323491916401
dePablo CV2,test,2,8,0.05063291139240506,212,0.03425019836022216,-0.0696914335517825,0.0001850739645306021,0.0002324603556189686,2.1906112124270294e-06,-0.0002498626708984375,-1.5653280570404604e-05,-0.0005059451214037836,7.323751924559474e-05,-6.885630136821419e-05,0.00014209382061380893,-3.308901341370074e-06,7.690124220971484e-06,-1.0999025107594207e-05,0.0019450344843789935,3.7942278385162354,-0.5515531007277713,-0.012031298183169073,-0.04061299969016371,0.0005851242118681294,-0.0011604025473495078,1.159782886505127,-3.170340770311571
dePablo CV2,test,2,9,0.056962025316455694,212,0.02522045855379189,-0.0696914335517825,0.00021093172836117446,0.0002654396230354905,1.8401880197416176e-06,-0.0003910064697265625,-2.449559178785421e-05,-0.0005696620792150497,6.164245132822543e-05,-5.796207187813707e-05,0.0001196045195683837,-2.3493225853599142e-06,6.029698852216825e-06,-8.37902189232409e-06,0.002182567259296775,3.7543787956237793,-0.5467152078307954,-0.01236634085179673,-0.04014193621801361,0.000727268361207812,-0.0010735894184582553,1.1285638809204102,-3.1199506192752744
dePablo CV2,test,2,10,0.06329113924050633,212,0.017931764083575774,-0.0696914335517825,0.00023807998513802886,0.00030085272737778723,1.5174056215983e-06,-0.000530242919921875,-3.321840995340608e-05,-0.0006327171577140689,4.848978278459981e-05,-4.545497358776629e-05,9.39447563723661e-05,-1.8729424482444301e-06,4.907753464067355e-06,-6.780695912311785e-06,0.0024196773301810026,3.7147016525268555,-0.5422603892554393,-0.012718551658771714,-0.03965494607439941,0.0008507975917235243,-0.0009876739920638663,1.0979094505310059,-3.0700094100559006
dePablo CV2,test,2,11,0.06962025316455696,212,0.011592111592111593,-0.0696914335517825,0.00026695907581597567,0.0003385109012015164,1.1949044846915058e-06,-0.0006694793701171875,-4.194123175693676e-05,-0.0006964943022467196,3.510460373945534e-05,-3.271479727118276e-05,6.781940464861691e-05,-1.061356329046248e-06,3.451165184742422e-06,-4.5125216274755076e-06,0.002655810909345746,3.675509452819824,-0.5375003616618079,-0.013070732489788243,-0.039150817497442356,0.0009695649183539415,-0.0009029965574660055,1.0672028064727783,-3.0204486529541135
dePablo CV2,test,2,12,0.0759493670886076,212,0.006173656127353706,-0.0696914335517825,0.0002979838754981756,0.00037812182563357055,9.630226713852608e-07,-0.000820159912109375,-5.1380997319938615e-05,-0.0007601510733366013,2.103453516610898e-05,-1.9108489141217433e-05,4.014302248833701e-05,-1.5597017011259595e-07,2.0820154986722628e-06,-2.237985654574004e-06,0.0028918131720274687,3.6367106437683105,-0.5330413631056765,-0.013445069924074763,-0.0386398776312672,0.001077589703001558,-0.0008220670430705701,1.0371049642562866,-2.9715472723827934
dePablo CV2,test,2,13,0.08227848101265822,212,0.0018730404332423958,-0.0696914335517825,0.00032937785726971924,0.0004185540019534528,3.9363314385809645e-07,-0.0009698867797851562,-6.0761016356991604e-05,-0.0008226647041738033,6.938036676729098e-06,-6.150770786916837e-06,1.3088807463645935e-05,2.444282358737837e-07,5.428380518424092e-07,-2.984098159686255e-07,0.0031269609462469816,3.596881866455078,-0.5284348078439208,-0.013815853528384811,-0.03812443229045996,0.0011837093759423378,-0.0007506905919355842,1.0061734914779663,-2.9213290768843145
dePablo CV2,test,2,14,0.08860759493670886,212,-0.0025336560278324005,-0.0696914335517825,0.0003623226366471499,0.00046065120841376483,3.5776844242718653e-07,-0.0011205673217773438,-7.020078191999346e-05,-0.000885779969394207,-8.208290637412574e-06,8.92382740858011e-06,-1.7132118955487385e-05,1.5294074273697333e-06,-8.138704856719414e-07,2.343277856198256e-06,0.0033618751913309097,3.557636260986328,-0.523764412346307,-0.0142117737607598,-0.03759816754106538,0.0012722883077808454,-0.0006725775136582642,0.9755390882492065,-2.8717622370043414
dePablo CV2,test,2,15,0.0949367088607595,212,-0.006213372872978889,-0.0696914335517825,0.0003956893633585423,0.0005033667548559606,-3.7983903666827246e-07,-0.0012607574462890625,-7.898334297351539e-05,-0.0009494367986917496,-2.4315882910741493e-05,2.3556205633212812e-05,-4.787209036294371e-05,1.742030121931748e-06,-2.501708195268293e-06,4.243738203513203e-06,0.0035965037532150745,3.5186188220977783,-0.5192140202073299,-0.01460107679359525,-0.037062407462356894,0.0013598058943154767,-0.0006125575348057931,0.9451929926872253,-2.822542932004574
dePablo CV2,test,2,16,0.10126582278481013,212,-0.009332803812549643,-0.0696914335517825,0.00042996619595214725,0.0005472816992551088,-4.760639740197803e-07,-0.0014209747314453125,-8.90205628820695e-05,-0.0010125520639121532,-3.9448153984267265e-05,3.849602580885403e-05,-7.794417615514249e-05,3.0347760002769064e-06,-3.9869041756901424e-06,7.021680175967049e-06,0.0038317053113132715,3.479011058807373,-0.5146031133650205,-0.015003809588634509,-0.03652527614714762,0.00144263504010606,-0.0005419282945856201,0.914397656917572,-2.772584277537845
dePablo CV2,test,2,17,0.10759493670886076,212,-0.012399912764432813,-0.0696914335517825,0.0004639112448785454,0.0005912306951358914,-7.470788432328845e-07,-0.00157928466796875,-9.893828973872587e-05,-0.0010762689635157585,-5.4920619732001796e-05,5.342646181816235e-05,-0.00010834708518814296,3.843058493657736e-06,-5.337216407497181e-06,9.180274901154917e-06,0.004065916873514652,3.4401674270629883,-0.5100237803349553,-0.01540178519101776,-0.035987762633301626,0.001517786254467768,-0.00047952245425280423,0.8841283321380615,-2.723552762583679
dePablo CV2,test,2,18,0.11392405063291139,212,-0.015062367615909626,-0.0696914335517825,0.0004986770800314844,0.000636391865555197,-1.1028791959688533e-06,-0.0017299652099609375,-0.00010837805166374892,-0.0011393241584300995,-7.045269012451172e-05,6.824693264206871e-05,-0.00013869963004253805,4.841155259782681e-06,-7.046913651720388e-06,1.1888068911503069e-05,0.004300334956496954,3.4008827209472656,-0.5053209639835091,-0.01580809414144961,-0.03543795723592019,0.0015904625901845982,-0.0004227813720718956,0.853430449962616,-2.6739187860855096
dePablo CV2,test,2,19,0.12025316455696203,212,-0.01736682184372648,-0.0696914335517825,0.0005334661109372973,0.0006817147368565202,-1.5231165662044077e-06,-0.001880645751953125,-0.00011781782086472958,-0.0012024996103718877,-8.656056161271408e-05,8.351432916242629e-05,-0.000170074898051098,5.816794782731449e-06,-8.86302768776659e-06,1.467982292524539e-05,0.004534665495157242,3.36143159866333,-0.5007589110792012,-0.016213706391780536,-0.03488592464352715,0.0016526223245603763,-0.0003659467315712041,0.8227932453155518,-2.6241772839836788
dePablo CV2,test,2,20,0.12658227848101267,212,-0.01972935038796642,-0.0696914335517825,0.0005681478069163859,0.0007270207861438394,-1.666786261012021e-06,-0.0020303726196289062,-0.00012719783990178257,-0.0012655546888709068,-0.000102735917607788,9.940234303940088e-05,-0.00020213826792314649,6.794437467760872e-06,-1.012801021715859e-05,1.692244768491946e-05,0.004769084509462118,3.321854591369629,-0.49625417123122295,-0.016624050011401662,-0.034337287564476564,0.001706433996160601,-0.00031480008971412004,0.7921435832977295,-2.574323010274854
dePablo CV2,test,2,21,0.13291139240506328,212,-0.02184386429562366,-0.0696914335517825,0.00060492247575894,0.0007742352900095284,-2.1652547275152756e-06,-0.0022001266479492188,-0.00013783251051791012,-0.001329271704889834,-0.00011973757500527427,0.00011540707055246457,-0.00023514464555773884,7.834672032913659e-06,-1.2165181033196859e-05,1.999985397560522e-05,0.00500308396294713,3.2827835083007812,-0.4917388015016014,-0.017046787379377426,-0.03376802736509157,0.0017610965894588172,-0.00025938993209581465,0.7618047595024109,-2.5250624256492022
dePablo CV2,test,2,22,0.13924050632911392,212,-0.023834745762711863,-0.0696914335517825,0.0006410398054867983,0.0008211115491576493,-2.553897274992778e-06,-0.0023508071899414062,-0.00014727227971889079,-0.0013917251490056515,-0.0001368472003377974,0.0001317394053330645,-0.00026858662022277713,8.572385013394523e-06,-1.368018001812743e-05,2.2252565031521954e-05,0.0052372487261891365,3.243699550628662,-0.4869603923581113,-0.017473229090776712,-0.033205187262855054,0.0018052040850661472,-0.00022075353319774138,0.7311455011367798,-2.4756183898419994
dePablo CV2,test,2,23,0.14556962025316456,212,-0.025519957620286984,-0.0696914335517825,0.0006781884003430605,0.0008686401997692883,-2.9387795166258e-06,-0.00251007080078125,-0.0001572497421875596,-0.0014554420486092567,-0.00015374315262306482,0.00014786559040658176,-0.0003016087575815618,9.88175452221185e-06,-1.57593131007161e-05,2.564106762292795e-05,0.005471129901707172,3.2040276527404785,-0.4824107984348288,-0.01789601946974439,-0.032634042687556056,0.0018510705213152935,-0.000170891163866759,0.7003819346427917,-2.4256228130315085
dePablo CV2,test,2,24,0.1518987341772152,212,-0.027126649891846554,-0.0696914335517825,0.0007156803039833903,0.0009164676885120571,-3.2168234156415565e-06,-0.0026607513427734375,-0.00016668951138854027,-0.0015191590646281838,-0.00017038887017406523,0.00016395522106904536,-0.0003343441057950258,1.1479517525003757e-05,-1.791316390153952e-05,2.939268233603798e-05,0.005705265328288078,3.1649742126464844,-0.4779501043925363,-0.01832416252114412,-0.032062761908296974,0.0018978157157717825,-0.00013340221166273359,0.6701192855834961,-2.3764181250442613
dePablo CV2,test,2,25,0.15822784810126583,212,-0.028667683702008645,-0.0696914335517825,0.0007531493902206421,0.0009640116477385163,-3.727100192918442e-06,-0.0028095245361328125,-0.00017600978026166558,-0.0015822743298485875,-0.00018754994380287826,0.0001800957543309778,-0.00036764569813385606,1.243477345269639e-05,-1.9888973838533275e-05,3.2323747291229665e-05,0.0059396252036094666,3.1253395080566406,-0.47331263094873666,-0.018747671274189356,-0.03149266335098506,0.0019323813574757002,-9.270639466399265e-05,0.6392751932144165,-2.326410508803787
dePablo CV2,test,2,26,0.16455696202531644,212,-0.030017117704597328,-0.0696914335517825,0.0007908539846539497,0.0010121435625478625,-3.7271881865308387e-06,-0.0029697418212890625,-0.0001860470074461773,-0.001644727773964405,-0.00020423447131179273,0.0001967800926649943,-0.00040101457852870226,1.4098536667006556e-05,-2.1552912585320882e-05,3.565145016182214e-05,0.006172694731503725,3.0861735343933105,-0.4686357998991747,-0.019177871922102234,-0.03091986663963074,0.001969826459633429,-5.092160618523156e-05,0.6086840629577637,-2.2769340700201597
dePablo CV2,test,2,27,0.17088607594936708,212,-0.03125919821039619,-0.0696914335517825,0.0008294274448417127,0.001060588052496314,-4.3731570258387364e-06,-0.00312042236328125,-0.00019548676209524274,-0.0017084446735680103,-0.00022113941668067127,0.0002123931044479832,-0.0004335325211286545,1.527456879557576e-05,-2.4020882847253233e-05,3.92954534618184e-05,0.00640665041282773,3.0466060638427734,-0.46397356024532344,-0.019608427309030164,-0.030343148343174264,0.0020078419686306768,-1.6664563962728617e-05,0.5778535604476929,-2.22699042045186
dePablo CV2,test,2,28,0.17721518987341772,212,-0.032512632236331634,-0.0696914335517825,0.0008683261112309992,0.0011089462786912918,-4.847287982556736e-06,-0.0032806396484375,-0.00020552398927975446,-0.001771559938788414,-0.00023816779139451683,0.00022847321815788746,-0.0004666410095524043,1.6546227925573476e-05,-2.624080480018165e-05,4.2787032725755125e-05,0.006640249397605658,3.0073280334472656,-0.4595105065937918,-0.02003637847487774,-0.029765628506186977,0.002037075637152015,1.6589279518531042e-05,0.5474445223808289,-2.177517656025299
dePablo CV2,test,2,29,0.18354430379746836,212,-0.03368836436048742,-0.0696914335517825,0.0009070266387425363,0.0011578926350921392,-5.475104899232974e-06,-0.0034313201904296875,-0.0002149637439288199,-0.0018352167680859566,-0.0002555993269197643,0.00024464912712574005,-0.0005002484540455043,1.737654565658886e-05,-2.832675636454951e-05,4.570330202113837e-05,0.006874187849462032,2.9679057598114014,-0.45491433336572473,-0.020472123524926892,-0.029183270390566958,0.00206584460899283,4.331695541525742e-05,0.5167852640151978,-2.1277885802867624
dePablo CV2,test,2,30,0.189873417721519,212,-0.03466911569912223,-0.0696914335517825,0.0009459959110245109,0.0012069508666172624,-5.385732947615907e-06,-0.00360107421875,-0.00022559841454494745,-0.0018976702122017741,-0.00027184048667550087,0.00026106901350431144,-0.0005329095292836428,1.907063960970845e-05,-2.9842105504940264e-05,4.8912745114648715e-05,0.007107853889465332,2.9282584190368652,-0.45034618845056845,-0.020921210776391953,-0.028613507701327024,0.0021026475245428168,7.959028795553332e-05,0.4860153794288635,-2.0778102902001394
dePablo CV2,test,2,31,0.1962025316455696,212,-0.03567460385292559,-0.0696914335517825,0.000985106686130166,0.0012561364565044641,-5.968758614471881e-06,-0.0037403106689453125,-0.00023432123998645693,-0.0019608456641435623,-0.0002894556091632694,0.00027751809102483094,-0.0005669737001881003,2.023978413490113e-05,-3.217730045435019e-05,5.2417082770261914e-05,0.0073419311083853245,2.888493776321411,-0.44560806465598485,-0.02135086029936909,-0.028022486121379763,0.0021201687694775992,0.00010338065986940673,0.45496875047683716,-2.0275841001945287
dePablo CV2,test,2,32,0.20253164556962025,212,-0.03670894459714541,-0.0696914335517825,0.0010245657758787274,0.001305721583776176,-6.152650712465402e-06,-0.0039005279541015625,-0.00024435846717096865,-0.0020239008590579033,-0.00030654529109597206,0.00029423998785205185,-0.0006007852498441935,2.1350939277908765e-05,-3.365624070283957e-05,5.500717816175893e-05,0.007576029282063246,2.848909378051758,-0.44097661248105363,-0.021791875071826956,-0.02743497057935142,0.0021432157306023893,0.0001283921385199852,0.42416396737098694,-1.9776400424967373
dePablo CV2,test,2,33,0.2088607594936709,212,-0.03762284025949001,-0.0696914335517825,0.001063623814843595,0.0013550098519772291,-6.983829734963365e-06,-0.004050254821777344,-0.00025373848620802164,-0.0020876177586615086,-0.0003247277927584946,0.0003107601369265467,-0.0006354879587888718,2.307971953996457e-05,-3.70473790098913e-05,6.012709854985587e-05,0.0078098769299685955,2.8091506958007812,-0.43627575411866043,-0.022239060672338853,-0.026855187190993758,0.00215254704906314,0.00014725844803206023,0.39316537976264954,-1.9274447520931286
dePablo CV2,test,2,34,0.21518987341772153,212,-0.03852447519753144,-0.0696914335517825,0.0011038127122446895,0.0014051521429792047,-6.950196620891802e-06,-0.0042095184326171875,-0.00026371594867669046,-0.0021507330238819122,-0.0003421818255446851,0.0003282814286649227,-0.0006704632542096078,2.4848952307365835e-05,-3.874934554914944e-05,6.359830149449408e-05,0.008043661713600159,2.7697620391845703,-0.43165446740808455,-0.022682322828134097,-0.026260387799307915,0.0021669032844593692,0.00017492546425508027,0.36249780654907227,-1.8777395207187697
dePablo CV2,test,2,35,0.22151898734177214,212,-0.03939320535335796,-0.0696914335517825,0.0011437376961112022,0.0014553061919286847,-7.524875400122255e-06,-0.0043697357177734375,-0.00027375316130928695,-0.002213788218796253,-0.0003604000376071781,0.0003453503013588488,-0.0007057503098621964,2.601904452603776e-05,-4.106879350729287e-05,6.708783621434122e-05,0.008277902379631996,2.7296903133392334,-0.4270412545951145,-0.023131767419457574,-0.025668702760794762,0.0021767312020985227,0.00019652685661422328,0.33140310645103455,-1.8272287114404282
dePablo CV2,test,2,36,0.22784810126582278,212,-0.04022667059169856,-0.0696914335517825,0.0011841629166156054,0.0015058707213029265,-8.0879563029157e-06,-0.0045299530029296875,-0.00028379037394188344,-0.0022768431808799505,-0.00037850861554034054,0.00036233270657248795,-0.0007408413221128285,2.7298645363771357e-05,-4.347455978859216e-05,7.077320333337411e-05,0.008511797524988651,2.690182685852051,-0.4224253217759216,-0.023574937084807013,-0.025065778261034673,0.0021841202271494684,0.00021494049836101497,0.30066582560539246,-1.777385695604119
dePablo CV2,test,2,37,0.23417721518987342,212,-0.04097268964727111,-0.0696914335517825,0.0012239415664225817,0.0015559947350993752,-8.369286661036313e-06,-0.004680633544921875,-0.0002932301431428641,-0.0023400187492370605,-0.0003964361094404012,0.00037969753611832857,-0.0007761336164548993,2.879923522414174e-05,-4.553780672722496e-05,7.43370401323773e-05,0.008745433762669563,2.6501822471618652,-0.41786874813053493,-0.024023882468407847,-0.024475631712671708,0.002189729629901542,0.00023377724421320246,0.26968392729759216,-1.726995708952242
dePablo CV2,test,2,38,0.24050632911392406,212,-0.041765444150048806,-0.0696914335517825,0.001264258986338973,0.0016067404067143798,-8.786360922385938e-06,-0.004840850830078125,-0.0003032673557754606,-0.002403073711320758,-0.0004145311831962317,0.00039695846498943865,-0.0008114896481856704,3.070668753935024e-05,-4.827940938412212e-05,7.898609328549355e-05,0.008979473263025284,2.6104378700256348,-0.41333785711439913,-0.024472893926735646,-0.02387417775138278,0.0021918300465961736,0.00024831106968438,0.2388962209224701,-1.6769260634133774
dePablo CV2,test,2,39,0.2468354430379747,212,-0.04253121900180724,-0.0696914335517825,0.0013046354288235307,0.0016572618624195457,-9.113096893997863e-06,-0.004990577697753906,-0.0003126473748125136,-0.002466128906235099,-0.00043248062138445675,0.00041425443487241864,-0.0008467350853607059,3.189892231603153e-05,-5.0125116104027256e-05,8.202403842005879e-05,0.009213438257575035,2.5705482959747314,-0.4085969484809414,-0.024919860213064537,-0.023276527716363092,0.0021949952154165686,0.00026482685752976314,0.20776641368865967,-1.6265498110546925
dePablo CV2,test,2,40,0.25316455696202533,212,-0.04316146468125696,-0.0696914335517825,0.0013445884687826037,0.0017073615454137325,-9.496046004642267e-06,-0.00514984130859375,-0.00032262486638501287,-0.0025292441714555025,-0.00045037493691779673,0.0004313828540034592,-0.0008817578200250864,3.3261148928431794e-05,-5.225324275670573e-05,8.551438804715872e-05,0.00944758765399456,2.52995228767395,-0.40377599890304205,-0.02536286383859932,-0.022684410760808748,0.002198389399144858,0.00027866858453383907,0.17608995735645294,-1.5752839138042722
dePablo CV2,test,2,41,0.25949367088607594,212,-0.04377439449944426,-0.0696914335517825,0.0013848697999492288,0.001758003723807633,-1.0216995178780053e-05,-0.0053005218505859375,-0.00033206463558599353,-0.0025929610710591078,-0.00046871884842403233,0.0004482848453335464,-0.0009170037228614092,3.4212222089990973e-05,-5.464621426654048e-05,8.885843271855265e-05,0.009681599214673042,2.4903361797332764,-0.3992132267909104,-0.025812147125262568,-0.022086611181455218,0.0021977657509238196,0.0002917449453655211,0.14534641802310944,-1.5253461292142374
dePablo CV2,test,2,42,0.26582278481012656,212,-0.044412480916512106,-0.0696914335517825,0.001425510155968368,0.0018091456731781363,-1.0242474672850221e-05,-0.0054607391357421875,-0.00034210184821859,-0.0026560162659734488,-0.00048677960876375437,0.0004662946448661387,-0.0009530742536298931,3.665994881885126e-05,-5.7144898164551705e-05,9.380484698340297e-05,0.009915799833834171,2.450206756591797,-0.39452409000550204,-0.026269887476177818,-0.02148614461223301,0.0021919094835171275,0.0003053774295431594,0.11412471532821655,-1.474718297767059
dePablo CV2,test,2,43,0.2721518987341772,212,-0.045077573352721535,-0.0696914335517825,0.0014668152434751391,0.001860533724538982,-1.0468944310559891e-05,-0.005620002746582031,-0.00035207931068725884,-0.0027191918343305588,-0.0005053821369074285,0.00048444425920024514,-0.0009898263961076736,3.796408054768108e-05,-5.890196916880086e-05,9.686604607850313e-05,0.010149518959224224,2.4099950790405273,-0.3899448453472265,-0.02672533969583516,-0.020879914731221746,0.0021871533561008856,0.00031737866621120425,0.08298085629940033,-1.424063095812534
dePablo CV2,test,2,44,0.27848101265822783,212,-0.04564505250987571,-0.0696914335517825,0.0015067694475874305,0.0019111782312393188,-1.1197977073607035e-05,-0.005780220031738281,-0.00036211652331985533,-0.002782246796414256,-0.0005240311147645116,0.0005016351351514459,-0.0010256662499159575,3.90646600862965e-05,-6.146061059553176e-05,0.00010052527068182826,0.010383997112512589,2.3696229457855225,-0.3850789613741934,-0.027182444539386924,-0.020289053327807897,0.0021834215854950934,0.000325451166035038,0.05139419808983803,-1.3730341893616942
dePablo CV2,test,2,45,0.2848101265822785,212,-0.046195876167261334,-0.0696914335517825,0.0015474067768082023,0.0019623013213276863,-1.1614049071795307e-05,-0.0059413909912109375,-0.0003722134861163795,-0.002845301991328597,-0.0005424829432740808,0.000519254885148257,-0.0010617377702146769,4.085096952621825e-05,-6.407906766980886e-05,0.00010493003355804831,0.010617738589644432,2.3295493125915527,-0.3805149888181596,-0.027633513158493717,-0.01968529902981316,0.002179942940064205,0.0003272785693678522,0.02035672217607498,-1.3225525972416945
dePablo CV2,test,2,46,0.2911392405063291,212,-0.04675405455215628,-0.0696914335517825,0.0015881061553955078,0.0020133068319410086,-1.2192699614388403e-05,-0.006099700927734375,-0.0003821312275249511,-0.0029084172565490007,-0.0005604008911177516,0.0005360154900699854,-0.001096416381187737,4.180302858003415e-05,-6.618842598982155e-05,0.0001079914509318769,0.010852118954062462,2.2893524169921875,-0.37583241301024123,-0.028078801825032917,-0.01908068305228866,0.002171790939690625,0.00034233383720835473,-0.010900330729782581,-1.2718488769049288
dePablo CV2,test,2,47,0.2974683544303797,212,-0.04723894563575278,-0.0696914335517825,0.0016290328931063414,0.002064873231574893,-1.2560325558297336e-05,-0.0062503814697265625,-0.00039157099672593176,-0.0029715325217694044,-0.0005785800167359412,0.000553459394723177,-0.0011320393532514572,4.35210567957256e-05,-6.864170427434146e-05,0.00011216275743208826,0.011086362414062023,2.2491464614868164,-0.37120414331649865,-0.028535016928520597,-0.0184743587295881,0.0021675097407495778,0.00035223864468115183,-0.042098719626665115,-1.2211691230824901
dePablo CV2,test,2,48,0.3037974683544304,212,-0.04773417232433626,-0.0696914335517825,0.0016698666149750352,0.0021159881725907326,-1.2752811016980559e-05,-0.0064105987548828125,-0.00040160820935852826,-0.0030345877166837454,-0.0005973079823888838,0.0005718023749068379,-0.0011691104155033827,4.529724537860602e-05,-7.080286741256714e-05,0.00011610011279117316,0.011320337653160095,2.208580493927002,-0.36653063952258286,-0.02899197724445259,-0.017874843889644203,0.0021495751688132073,0.00035662343122045266,-0.07358096539974213,-1.1700331486098294
dePablo CV2,test,2,49,0.310126582278481,212,-0.04821023034497675,-0.0696914335517825,0.0017110796179622412,0.002167932689189911,-1.2998714737477712e-05,-0.006561279296875,-0.0004110479785595089,-0.0030983646865934134,-0.0006152666755951941,0.0005892692133784294,-0.0012045358307659626,4.732724846689962e-05,-7.332467794185504e-05,0.00012065192277077585,0.011554546654224396,2.1682276725769043,-0.36191915183325835,-0.029446322661352248,-0.017261700859340444,0.002145702124892848,0.00036897039359791656,-0.10485333204269409,-1.1191898079676637
dePablo CV2,test,2,50,0.31645569620253167,212,-0.048687431775067035,-0.0696914335517825,0.001752779120579362,0.0022194026969373226,-1.3305032553034835e-05,-0.006720542907714844,-0.00042102544102817774,-0.0031614198815077543,-0.0006337264203466475,0.0006071163224987686,-0.001240842742845416,4.9311984184896573e-05,-7.592204929096624e-05,0.000125234029837884,0.011788769625127316,2.127906322479248,-0.3571285314762831,-0.02990449753465272,-0.016657747518431822,0.0021291998492004712,0.0003713470984190097,-0.13631819188594818,-1.068269295055393
dePablo CV2,test,2,51,0.3227848101265823,212,-0.049165679612659226,-0.0696914335517825,0.0017937961965799332,0.002271144650876522,-1.4049089259060565e-05,-0.0068798065185546875,-0.00043100290349684656,-0.0032244750764220953,-0.000652529182843864,0.0006244310061447322,-0.0012769601307809353,5.045392754254863e-05,-7.855210424168035e-05,0.00012900603178422898,0.012022789567708969,2.0875396728515625,-0.3524941103080864,-0.030363199136794878,-0.016049535398426372,0.0021103976834698137,0.000375125165072824,-0.16762661933898926,-1.0173948793616239
dePablo CV2,test,2,52,0.3291139240506329,212,-0.04952311078503301,-0.0696914335517825,0.0018350195605307817,0.002322645392268896,-1.435298145224806e-05,-0.007030487060546875,-0.0004404426726978272,-0.003286928404122591,-0.0006708618020638824,0.0006421558209694922,-0.0013130176812410355,5.225183485890739e-05,-8.09577977634035e-05,0.00013320962898433208,0.012257451191544533,2.046631336212158,-0.34769951857564446,-0.030818468792743275,-0.015445194169170251,0.0021043068692804035,0.00037736830428170703,-0.19947147369384766,-0.9657751288236353
dePablo CV2,test,2,53,0.33544303797468356,212,-0.049938014876429654,-0.0696914335517825,0.001876373658888042,0.002374510746449232,-1.4748371540918015e-05,-0.007180213928222656,-0.0004498226917348802,-0.0033507056068629026,-0.0006892737583257258,0.0006597770261578262,-0.001349050784483552,5.3794421546626836e-05,-8.329116826644167e-05,0.0001370855898130685,0.012491853907704353,2.0063793659210205,-0.3429864010793763,-0.03127877540920155,-0.014836804897196626,0.0020856961246349484,0.0003791873721626862,-0.23079998791217804,-0.9149865135746138
dePablo CV2,test,2,54,0.34177215189873417,212,-0.050357665021440276,-0.0696914335517825,0.0019176482455804944,0.002426594728603959,-1.5130302017496433e-05,-0.0073394775390625,-0.00045980015420354903,-0.0034137608017772436,-0.0007074970053508878,0.0006772364140488207,-0.0013847334776073694,5.563693048316054e-05,-8.5897532699164e-05,0.00014153445954434574,0.012726208195090294,1.9659684896469116,-0.33841218612673546,-0.03174100908392933,-0.014227706608316567,0.00207493316721827,0.00038793233063136133,-0.26206523180007935,-0.8640980968751494
dePablo CV2,test,2,55,0.34810126582278483,212,-0.05074181117533719,-0.0696914335517825,0.0019592614844441414,0.0024786479771137238,-1.570686072227545e-05,-0.007511138916015625,-0.00047055433969944715,-0.0034768760669976473,-0.0007265319582074881,0.0006951182149350643,-0.0014216501731425524,5.7526249293005094e-05,-8.893996709957719e-05,0.0001464662200305611,0.012960486114025116,1.9250824451446533,-0.3336766959288954,-0.03220630114686677,-0.013619993298619964,0.0020544010305897434,0.0003876612715587969,-0.2938256859779358,-0.8125425906977243
dePablo CV2,test,2,56,0.35443037974683544,212,-0.05112362208449638,-0.0696914335517825,0.0020008496940135956,0.002530385972931981,-1.555688322696369e-05,-0.007659912109375,-0.00047987460857257247,-0.0035399310290813446,-0.0007446844247169793,0.0007135706255212426,-0.0014582551084458828,5.970164420432411e-05,-9.08154106582515e-05,0.0001505170512245968,0.013194571249186993,1.8846251964569092,-0.3288353515755522,-0.032655419337751374,-0.013007162085863493,0.0020361016169770105,0.0003926968482852216,-0.32543763518333435,-0.7614283491519571
dePablo CV2,test,2,57,0.36075949367088606,212,-0.05153901216893343,-0.0696914335517825,0.0020430174190551043,0.0025832168757915497,-1.6497922842972912e-05,-0.00782012939453125,-0.000489911821205169,-0.0036030462943017483,-0.0007643370772711933,0.0007313412497751415,-0.0014956783270463347,6.108341040089726e-05,-9.407925244886428e-05,0.00015516266284976155,0.0134285818785429,1.8440122604370117,-0.3242573749892347,-0.03312423923431126,-0.012389010675619053,0.00202197992730379,0.00039040554470278925,-0.3568365275859833,-0.710297701330474
dePablo CV2,test,2,58,0.3670886075949367,212,-0.05190118584297174,-0.0696914335517825,0.0020844244863837957,0.0026355425361543894,-1.6931109712459147e-05,-0.007970809936523438,-0.0004993515904061496,-0.0036661014892160892,-0.0007829826208762825,0.0007491204305551946,-0.001532103051431477,6.246802513487637e-05,-9.633024455979466e-05,0.00015879826969467103,0.013663159683346748,1.8034638166427612,-0.31945274946738517,-0.03358352721906624,-0.011773062828325732,0.0020018164639336433,0.00039140989347986475,-0.38846319913864136,-0.6590986952734226
dePablo CV2,test,2,59,0.37341772151898733,212,-0.052261929353439374,-0.0696914335517825,0.0021261980291455984,0.0026878921780735254,-1.7018286598613486e-05,-0.008130073547363281,-0.0005093290819786489,-0.0037298183888196945,-0.0008014561608433723,0.0007674195803701878,-0.00156887574121356,6.452076195273548e-05,-9.855733514996246e-05,0.00016307810437865555,0.013896778225898743,1.7622910737991333,-0.3148732980346944,-0.03404684020708296,-0.011160080258946312,0.001980883946416763,0.0003940343086408558,-0.420221745967865,-0.6073026657484953
dePablo CV2,test,2,60,0.379746835443038,212,-0.05253490405249075,-0.0696914335517825,0.0021679142955690622,0.0027397649828344584,-1.760821760399267e-05,-0.008290290832519531,-0.0005193662946112454,-0.0037923320196568966,-0.0008199740550480783,0.0007847576634958386,-0.001604731660336256,6.637799378950149e-05,-0.00010159442899748683,0.00016797242278698832,0.014131163246929646,1.721289873123169,-0.31002412303573745,-0.034502463780320375,-0.010550204894573584,0.0019586358519359847,0.000395233725228759,-0.4521907567977905,-0.555537797235728
dePablo CV2,test,2,61,0.3860759493670886,212,-0.05296943269372758,-0.0696914335517825,0.002210302511230111,0.0027921886648982763,-1.8344366253586486e-05,-0.008449554443359375,-0.0005293437279760838,-0.0038553872145712376,-0.0008396987104788423,0.0008030099561437964,-0.0016427086666226387,6.786413723602891e-05,-0.00010455286974320188,0.00017241699970327318,0.014365275390446186,1.680257797241211,-0.30526620377006997,-0.03496916137120656,-0.009938351787135797,0.0019354285471933567,0.0003955227934129101,-0.48407119512557983,-0.5037946256725534
dePablo CV2,test,2,62,0.3924050632911392,212,-0.05331396094184009,-0.0696914335517825,0.002252348233014345,0.002844937378540635,-1.8444896340952255e-05,-0.008620262145996094,-0.0005400381633080542,-0.003919104114174843,-0.0008586639305576682,0.0008217741851694882,-0.0016804381739348173,6.958314770599827e-05,-0.00010647294402588159,0.00017605608445592225,0.014599352143704891,1.6395808458328247,-0.3005758204843185,-0.03543527751551863,-0.009320141592805045,0.0019079193453986636,0.0003951577321096201,-0.5156444311141968,-0.45251613201969876
dePablo CV2,test,2,63,0.3987341772151899,212,-0.05361032844106144,-0.0696914335517825,0.0022946405224502087,0.002897438360378146,-1.8653161532711238e-05,-0.008769989013671875,-0.0005494181532412767,-0.0039822193793952465,-0.0008776193717494607,0.000840313034132123,-0.0017179324058815837,7.166663999669254e-05,-0.00010897296306211501,0.00018063960305880755,0.014833574183285236,1.5987439155578613,-0.2957213722266079,-0.03589884733066437,-0.008704668792175864,0.0018783781168260317,0.00039420750057271586,-0.5475146770477295,-0.40094286586116185
dePablo CV2,test,2,64,0.4050632911392405,212,-0.053989832922124156,-0.0696914335517825,0.0023371351417154074,0.002950273687019944,-1.92750921996776e-05,-0.008930206298828125,-0.0005594554240815341,-0.0040452745743095875,-0.0008973999647423625,0.0008588497876189649,-0.0017562496941536665,7.388104859273881e-05,-0.0001124312257161364,0.0001863122743088752,0.015067811124026775,1.5572905540466309,-0.2909687669555201,-0.036361737027216234,-0.008082788396232917,0.0018507887666317179,0.00039029302646346575,-0.5796581506729126,-0.34870306474734797
dePablo CV2,test,2,65,0.41139240506329117,212,-0.05428075352348036,-0.0696914335517825,0.0023794109001755714,0.0030029157642275095,-1.962539136002306e-05,-0.009099960327148438,-0.0005700900801457465,-0.0041083297692239285,-0.0009164779330603778,0.0008772271685302258,-0.0017937051597982645,7.532114977948368e-05,-0.0001145719361375086,0.0001898930931929499,0.015302580781280994,1.516093134880066,-0.28618315293809654,-0.03682874416850218,-0.0074685899232793005,0.0018318762414499172,0.0003865785165663687,-0.6116771697998047,-0.29674593982390585
dePablo CV2,test,2,66,0.4177215189873418,212,-0.05455873734576078,-0.0696914335517825,0.0024221932981163263,0.003055722452700138,-2.0163450244581327e-05,-0.009250640869140625,-0.0005795298493467271,-0.004171505104750395,-0.0009354139328934252,0.000895087025128305,-0.001830501016229391,7.706500764470547e-05,-0.00011739190813386813,0.00019445692305453122,0.015536775812506676,1.4751919507980347,-0.28140750761491723,-0.037296594200134925,-0.006852257855095006,0.0018058050847443207,0.00039034947485992413,-0.6434949636459351,-0.24514679180483237
dePablo CV2,test,2,67,0.4240506329113924,212,-0.05495409288973595,-0.0696914335517825,0.0024642895441502333,0.0031084853690117598,-2.043826134467963e-05,-0.009410858154296875,-0.0005895670619793236,-0.004234560299664736,-0.0009549980168230832,0.000914121454115957,-0.0018691194709390402,7.95616942923516e-05,-0.00012043821334373206,0.00019999990763608366,0.015771236270666122,1.433459997177124,-0.2767020198225914,-0.03776342477999699,-0.00623429506413927,0.0017731630206761454,0.00037675083290729513,-0.6757606267929077,-0.19260645153216172
dePablo CV2,test,2,68,0.43037974683544306,212,-0.05519885301084653,-0.0696914335517825,0.0025067967362701893,0.0031613055616617203,-2.1058960555819795e-05,-0.009570121765136719,-0.0005995445535518229,-0.004297615494579077,-0.0009745390270836651,0.0009324211277998984,-0.0019069601548835635,8.121920109260827e-05,-0.00012333711492829025,0.00020455631602089852,0.01600562036037445,1.3924052715301514,-0.27190005632238673,-0.03822734442526491,-0.005614823557384557,0.001745347964096886,0.00037590322629775774,-0.7077078223228455,-0.14080823779154156
dePablo CV2,test,2,69,0.43670886075949367,212,-0.05543610142679424,-0.0696914335517825,0.0025493204593658447,0.0032139832619577646,-2.1372798073571175e-05,-0.0097198486328125,-0.0006089245434850454,-0.0043607307597994804,-0.0009934083791449666,0.0009506628266535699,-0.0019440711475908756,8.3348379121162e-05,-0.00012609397526830435,0.00020944235438946635,0.016239885240793228,1.3509199619293213,-0.26717977583459673,-0.03869616885757495,-0.005002238470615572,0.0017206372538152953,0.0003769506642299423,-0.7398333549499512,-0.08855118361348303
dePablo CV2,test,2,70,0.4430379746835443,212,-0.05568045053023594,-0.0696914335517825,0.002592017175629735,0.003267104271799326,-2.185392440878786e-05,-0.00988006591796875,-0.0006189617561176419,-0.004423846025019884,-0.0010122344829142094,0.0009685266413725913,-0.0019807610660791397,8.559852722100914e-05,-0.00012930636876262724,0.00021490489598363638,0.016474341973662376,1.3100032806396484,-0.2622511765083459,-0.03916584445406192,-0.004382313753984321,0.0016970931699324295,0.00037419034163663374,-0.7718425989151001,-0.03683585304640295
dePablo CV2,test,2,71,0.44936708860759494,212,-0.0559622689382915,-0.0696914335517825,0.0026340936310589314,0.003319421550258994,-2.230204700026661e-05,-0.010030746459960938,-0.0006284015253186226,-0.004486901219934225,-0.0010316999396309257,0.000987095758318901,-0.0020187958143651485,8.737394091440365e-05,-0.00013197804219089448,0.00021935199038125575,0.016708288341760635,1.2682956457138062,-0.25755287756005923,-0.03962671388647909,-0.003769619631717539,0.0016647793538459587,0.00036750294686812044,-0.8040841817855835,0.01567102711319247
dePablo CV2,test,2,72,0.45569620253164556,212,-0.05622888933041923,-0.0696914335517825,0.0026762965135276318,0.003372197039425373,-2.2758589693694375e-05,-0.010190963745117188,-0.0006384387379512191,-0.004550016485154629,-0.0010505825048312545,0.0010050652781501412,-0.0020556477829813957,8.935337245929986e-05,-0.00013487055548466742,0.00022422392794396728,0.016942894086241722,1.227324366569519,-0.25287987160048464,-0.04008817033910904,-0.003149538623922317,0.0016337499666505674,0.00036256962381872793,-0.8358249664306641,0.06728775056505695
dePablo CV2,test,2,73,0.4620253164556962,212,-0.0564595732326898,-0.0696914335517825,0.002719320822507143,0.0034253238700330257,-2.3181795768323354e-05,-0.010350227355957031,-0.0006484162295237184,-0.004613131750375032,-0.0010698429541662335,0.0010234793880954385,-0.002093322342261672,9.134401625487953e-05,-0.00013770761142950505,0.00022905162768438458,0.017177285626530647,1.185681700706482,-0.24801008292683224,-0.0405542755033836,-0.0025269896967729183,0.0016079680961893965,0.0003573091495269587,-0.868228554725647,0.11982715780234195
dePablo CV2,test,2,74,0.46835443037974683,212,-0.05671387452923403,-0.0696914335517825,0.0027622717898339033,0.003478508908301592,-2.3543499992229044e-05,-0.010510444641113281,-0.0006584534421563148,-0.004676788579672575,-0.001089461031369865,0.0010423740604892373,-0.0021318350918591022,9.345126454718411e-05,-0.0001405382645316422,0.0002339895290788263,0.017411287873983383,1.1442471742630005,-0.24324582548040732,-0.041024619986168326,-0.0019065569996867837,0.0015756000988236861,0.0003567706836281113,-0.9003738164901733,0.17205205307738933
dePablo CV2,test,2,75,0.47468354430379744,212,-0.05699591675261738,-0.0696914335517825,0.002805128460749984,0.003531760536134243,-2.3744069039821625e-05,-0.010680198669433594,-0.0006690880982205272,-0.004739241674542427,-0.0011084757279604673,0.001060987589880824,-0.0021694633178412914,9.589842375135049e-05,-0.00014338656910695136,0.00023928500013425946,0.017645854502916336,1.1028001308441162,-0.23849900690776898,-0.04149182607887045,-0.001283001389523187,0.0015482789293365018,0.0003565614420139783,-0.9325063824653625,0.22428065556448656
dePablo CV2,test,2,76,0.4810126582278481,212,-0.05717791239970163,-0.0696914335517825,0.002847536001354456,0.003584381192922592,-2.4324599507963285e-05,-0.010829925537109375,-0.0006784681463614106,-0.004802417475730181,-0.0011274077696725726,0.0010787586215883493,-0.0022061662748456,9.747671720106155e-05,-0.00014612592349294573,0.00024360264069400728,0.017880162224173546,1.0616674423217773,-0.23369369131443166,-0.04195295812605133,-0.0006671675967616902,0.0015268339030422961,0.00035573651234726823,-0.9645074009895325,0.2761735471172652
dePablo CV2,test,2,77,0.4873417721518987,212,-0.05739035902516892,-0.0696914335517825,0.0028897023294121027,0.0036367278080433607,-2.468013553880155e-05,-0.010990142822265625,-0.0006885053589940071,-0.004866073839366436,-0.001145987305790186,0.0010966270929202437,-0.0022426145151257515,9.988624515244737e-05,-0.00014924650895409286,0.0002491327468305826,0.018114611506462097,1.0197124481201172,-0.2288802032380086,-0.042418387826800664,-5.8459152609352636e-05,0.0014960063448977538,0.0003443231035595859,-0.9970438480377197,0.32904766420227155
dePablo CV2,test,2,78,0.4936708860759494,212,-0.057634440738753304,-0.0696914335517825,0.002932529430836439,0.0036900846753269434,-2.5329145501018502e-05,-0.011150360107421875,-0.0006985425716266036,-0.004929189570248127,-0.0011660150485113263,0.001115356688387692,-0.0022813717368990183,0.00010192611807724461,-0.00015258441271726042,0.0002545105235185474,0.018348561599850655,0.9778425097465515,-0.22401622901554558,-0.042888871936252605,0.0005647095315412914,0.0014590104613740693,0.00034365171329676133,-1.029585838317871,0.38185310545185175
dePablo CV2,test,2,79,0.5,212,-0.057896078115778744,-0.0696914335517825,0.002975523704662919,0.0037435286212712526,-2.5527217076160014e-05,-0.011310577392578125,-0.0007085797842592001,-0.004991642665117979,-0.0011850593145936728,0.0011340047931298614,-0.0023190639913082123,0.00010425829532323405,-0.0001553127367515117,0.00025957103935070336,0.018582791090011597,0.9363446831703186,-0.21939383736102014,-0.04335793019770043,0.0011901109457025823,0.0014276033861100785,0.00034034003849983365,-1.0616031885147095,0.43406243239225833
dePablo CV2,test,2,80,0.5063291139240507,212,-0.058171414948146385,-0.0696914335517825,0.003019125899299979,0.003797194454818964,-2.5724026272655465e-05,-0.011480331420898438,-0.0007192144403234124,-0.005055359564721584,-0.0012053136015310884,0.00115386547986418,-0.0023591790813952684,0.00010645681322785094,-0.00015790486941114068,0.000264361675363034,0.018817545846104622,0.8943923115730286,-0.21437168505329107,-0.04383188574106972,0.0018165621378739096,0.0013923851038214927,0.00033077949584681186,-1.0943856239318848,0.4870668429702126
dePablo CV2,test,2,81,0.5126582278481012,212,-0.058421087056053374,-0.0696914335517825,0.0030629292596131563,0.0038511937018483877,-2.6824549422599375e-05,-0.011640548706054688,-0.0007292516529560089,-0.005118414759635925,-0.001226260093972087,0.0011726110242307186,-0.0023988711182028055,0.00010834841668838635,-0.00016199752280954272,0.0002703459467738867,0.019052069634199142,0.8527982234954834,-0.20969819740584345,-0.044308589947283844,0.0024465021000397956,0.001359890406240677,0.0003212991134506617,-1.1265251636505127,0.5394230908260034
dePablo CV2,test,2,82,0.5189873417721519,212,-0.05865326217581764,-0.0696914335517825,0.003106195479631424,0.003904717043042183,-2.700556069612503e-05,-0.011800765991210938,-0.0007392888655886054,-0.005181590095162392,-0.0012458175187930465,0.0011918063974007964,-0.002437623916193843,0.00011107371392427012,-0.00016508482804056257,0.0002761585346888751,0.01928582414984703,0.8106445670127869,-0.20491031584411612,-0.044782499263896554,0.0030699156240059757,0.0013181898895886456,0.0003171075969037204,-1.1591582298278809,0.5925166304814883
dePablo CV2,test,2,83,0.5253164556962026,212,-0.058850938615024224,-0.0696914335517825,0.003149328287690878,0.0039580087177455425,-2.7499900170369074e-05,-0.011960983276367188,-0.0007493260782212019,-0.005244645290076733,-0.0012652536388486624,0.0012102538021281362,-0.0024755075573921204,0.00011301760969217867,-0.00016801741730887443,0.0002810350270010531,0.019520694389939308,0.7687410712242126,-0.19984747381281268,-0.04525055958573337,0.0036929203282580164,0.0012828365472124697,0.00031255917544792167,-1.191957712173462,0.6454890443589699
dePablo CV2,test,2,84,0.5316455696202531,212,-0.05907433804700213,-0.0696914335517825,0.0031926040537655354,0.004011713434010744,-2.7837828383781016e-05,-0.0121307373046875,-0.0007599607924930751,-0.005307700484991074,-0.00128542585298419,0.0012297502253204584,-0.0025151760783046484,0.00011574884410947561,-0.00017142450087703764,0.00028717334498651326,0.019754348322749138,0.726971447467804,-0.19502487958046194,-0.045721147684773145,0.0043217003521521585,0.0012429903473877844,0.0003087217019644398,-1.22438645362854,0.6981489657981663
dePablo CV2,test,2,85,0.5379746835443038,212,-0.05926092132408394,-0.0696914335517825,0.003235484706237912,0.00406480161473155,-2.805902659019921e-05,-0.012290000915527344,-0.0007699382258579135,-0.005371477454900742,-0.0013047339161857963,0.0012486157938838005,-0.0025533498264849186,0.00011787447874667123,-0.00017399253556504846,0.00029186700703576207,0.01998909004032612,0.6846165060997009,-0.19028063952242788,-0.04618928938578724,0.004941337916911324,0.0012053670808137877,0.0002920950212426931,-1.2570964097976685,0.7514535104182406
dePablo CV2,test,2,86,0.5443037974683544,212,-0.05949572170441875,-0.0696914335517825,0.003279046854004264,0.004118394572287798,-2.8460286557674408e-05,-0.012450218200683594,-0.00077997543849051,-0.005433870945125818,-0.00132489122916013,0.001267970772460103,-0.002592862118035555,0.00012065660121152177,-0.00017757716705091298,0.00029823376098647714,0.020223325118422508,0.6425222158432007,-0.18537942609661992,-0.04666246767411455,0.0055665843002184155,0.0011621594042544787,0.0002787845392457892,-1.2898260354995728,0.8045490448607898
dePablo CV2,test,2,87,0.5506329113924051,212,-0.0596828605877553,-0.0696914335517825,0.0033224017824977636,0.004172109998762608,-2.8856642529717647e-05,-0.012610435485839844,-0.0007900127093307674,-0.005496986210346222,-0.0013445261865854263,0.001286812825128436,-0.0026313390117138624,0.00012308770965319127,-0.00018080098379869014,0.0003038886934518814,0.020457828417420387,0.6005422472953796,-0.1806437204374979,-0.04713478396477204,0.006193194244850923,0.00113079608493162,0.0002775385801533852,-1.3222861289978027,0.8574030751810977
dePablo CV2,test,2,88,0.5569620253164557,212,-0.05984130615390173,-0.0696914335517825,0.003365550423040986,0.004225361626595259,-2.9484161132131703e-05,-0.012760162353515625,-0.0007993926992639899,-0.005560703109949827,-0.0013641102705150843,0.0013051418354734778,-0.0026692519895732403,0.00012510498345363885,-0.00018407330207992345,0.0003091782855335623,0.0206920113414526,0.5584784746170044,-0.17577548349226352,-0.04760214998063391,0.006815320336560819,0.0010981390206774467,0.0002681465428163227,-1.354957103729248,0.910441305080726
dePablo CV2,test,2,89,0.5632911392405063,212,-0.06004202405966702,-0.0696914335517825,0.0034086585510522127,0.004278939682990313,-2.9775155780953355e-05,-0.012929916381835938,-0.0008100273553282022,-0.005623818375170231,-0.001383564667776227,0.0013240142725408077,-0.0027075789403170347,0.00012786743172910064,-0.00018741773965302855,0.0003152851713821292,0.020926140248775482,0.5166141986846924,-0.17088003551837344,-0.04806895698455509,0.007443854316790476,0.0010640013622515174,0.0002596359135154361,-1.3875328302383423,0.9632601477987087
dePablo CV2,test,2,90,0.569620253164557,212,-0.060225219126554784,-0.0696914335517825,0.0034521801862865686,0.004332803655415773,-3.0312616217997856e-05,-0.013080596923828125,-0.0008194671245291829,-0.00568627193570137,-0.001403599395416677,0.0013429741375148296,-0.0027465736493468285,0.00013057890464551747,-0.0001912041479954496,0.0003217830671928823,0.021160144358873367,0.4742305874824524,-0.16608484984478186,-0.048544887692934566,0.008071286356118175,0.0010209471536661568,0.000246571141359294,-1.4203215837478638,1.0166312921522505
dePablo CV2,test,2,91,0.5759493670886076,212,-0.06043792900682918,-0.0696914335517825,0.0034960221964865923,0.004386742599308491,-3.0928818887332454e-05,-0.013250350952148438,-0.0008301017805933952,-0.0057499888353049755,-0.001424573827534914,0.0013627161970362067,-0.0027872901409864426,0.00013287717592902482,-0.0001947348064277321,0.0003276119823567569,0.02139458991587162,0.4320230782032013,-0.16112932095720567,-0.04901894431369147,0.008701273196040454,0.0009724442803050363,0.00024221644710936075,-1.4531880617141724,1.0698959328335909
dePablo CV2,test,2,92,0.5822784810126582,212,-0.06065404792205324,-0.0696914335517825,0.0035393929574638605,0.004440344870090485,-3.122766793239862e-05,-0.013410568237304688,-0.0008401390514336526,-0.005812382325530052,-0.0014442529063671827,0.001381797599606216,-0.002826050389558077,0.00013523380039259791,-0.00019768913625739515,0.00033292293664999306,0.02162897400557995,0.3896045982837677,-0.15634849830274108,-0.04949374423552039,0.009324142634081453,0.0009364559559014919,0.00023159723543074884,-1.485982060432434,1.1232992803443538
dePablo CV2,test,2,93,0.5886075949367089,212,-0.060828054504853485,-0.0696914335517825,0.003582767443731427,0.004494342487305403,-3.14239296130836e-05,-0.013580322265625,-0.000850773707497865,-0.00587615929543972,-0.0014638686552643776,0.0014010207960382104,-0.002864889334887266,0.00013774422404821962,-0.00020059208327438682,0.00033833630732260644,0.02186327986419201,0.3474162518978119,-0.15133303137799684,-0.04996982801148039,0.009953046016820084,0.0009000535970508498,0.00022384191550214137,-1.5189074277877808,1.1765794969147911
dePablo CV2,test,2,94,0.5949367088607594,212,-0.060951897878096205,-0.0696914335517825,0.003626040415838361,0.0045479279942810535,-3.2187210308620706e-05,-0.013730049133300781,-0.0008601536974310875,-0.005939214490354061,-0.0014832228189334273,0.0014188484055921435,-0.002902071224525571,0.00013988085265737027,-0.0002042552805505693,0.0003441361477598548,0.02209741622209549,0.30548158288002014,-0.14654178941634688,-0.05043584214439246,0.010581193569368484,0.0008711369636197311,0.00021909089722741762,-1.5514044761657715,1.229415267178677
dePablo CV2,test,2,95,0.6012658227848101,212,-0.06111216443795099,-0.0696914335517825,0.003669468918815255,0.0046015456318855286,-3.224764077458531e-05,-0.013890266418457031,-0.000870190910063684,-0.006002329755574465,-0.0015026344917714596,0.0014381392393261194,-0.002940773731097579,0.0001430534612154588,-0.00020754875731654465,0.00035060220398008823,0.022331779822707176,0.262869656085968,-0.14158052989308498,-0.05090814629783759,0.011205825010341439,0.0008312844748687152,0.00021195383304980093,-1.5845363140106201,1.283163577738376
dePablo CV2,test,2,96,0.6075949367088608,212,-0.06133114070182603,-0.0696914335517825,0.003713450161740184,0.0046560331247746944,-3.289640517323278e-05,-0.014050483703613281,-0.0008802281226962805,-0.0060654450207948685,-0.0015241320943459868,0.0014583392767235637,-0.0029824713710695505,0.00014529662439599633,-0.00021108942746650428,0.00035638606641441584,0.02256609871983528,0.22037942707538605,-0.13674233763581572,-0.051390221696154474,0.011839729505864517,0.0007841501059080599,0.00019789464023010713,-1.6174442768096924,1.3366887631433657
dePablo CV2,test,2,97,0.6139240506329114,212,-0.06153367230465913,-0.0696914335517825,0.0037575510796159506,0.004710562061518431,-3.3746560802683234e-05,-0.01422119140625,-0.0008909225580282509,-0.006129161920398474,-0.001544964499771595,0.0014774713199585676,-0.0030224358197301626,0.00014758222096133977,-0.00021507534256670624,0.000362657563528046,0.022800546139478683,0.1780451536178589,-0.1318504709327785,-0.05186910128713506,0.012475914647136307,0.0007442003180122428,0.0001921977955175207,-1.6503162384033203,1.3900631597052882
dePablo CV2,test,2,98,0.620253164556962,212,-0.0617057046018455,-0.0696914335517825,0.0038012522272765636,0.004764846991747618,-3.4057746233884245e-05,-0.014389991760253906,-0.000901497493032366,-0.00619155541062355,-0.001565103535540402,0.0014969881158322096,-0.0030620917677879333,0.00015059711586218327,-0.00021871260832995176,0.00036930973874405026,0.023034216836094856,0.13558906316757202,-0.12691996817524817,-0.0523481413224852,0.013107474094830568,0.0007053561727965466,0.00018455930823183648,-1.683311939239502,1.443606843110072
dePablo CV2,test,2,99,0.6265822784810127,212,-0.06186289670967086,-0.0696914335517825,0.0038449279963970184,0.004818752408027649,-3.424719034228474e-05,-0.014560699462890625,-0.0009121919283643365,-0.006254730746150017,-0.001585040707141161,0.0015165462391451001,-0.0031015868298709393,0.00015329696179833263,-0.0002217913424829021,0.00037508830428123474,0.023269033059477806,0.09281392395496368,-0.12219034920499622,-0.05281629219347328,0.013740347000477746,0.0006617269940167494,0.00017663189009143535,-1.7162731885910034,1.4974007758336245
dePablo CV2,test,2,100,0.6329113924050633,212,-0.06205369440383108,-0.0696914335517825,0.0038888719864189625,0.004872903227806091,-3.488068250590004e-05,-0.014710426330566406,-0.000921571918297559,-0.006318387575447559,-0.0016053231665864587,0.0015355618670582771,-0.003140884917229414,0.00015592944691888988,-0.00022569080465473235,0.0003816202515736222,0.023503603413701057,0.05023515224456787,-0.11711792461472008,-0.05329950988606376,0.01436609758164196,0.0006217185012981586,0.0001689675343008976,-1.7495157718658447,1.5511808060672225
dePablo CV2,test,2,101,0.6392405063291139,212,-0.06220168472730706,-0.0696914335517825,0.003931907936930656,0.004926216788589954,-3.561165067367256e-05,-0.014880180358886719,-0.0009322065743617713,-0.006380840670317411,-0.0016258766409009695,0.0015546532813459635,-0.003180529922246933,0.0001582380646141246,-0.0002294613659614697,0.0003876994305755943,0.02373729646205902,0.007229523733258247,-0.11229561680841621,-0.05376808796838603,0.014987734401576597,0.0005764324734085724,0.0001605673541859013,-1.7827343940734863,1.6053075674006707
dePablo CV2,test,2,102,0.6455696202531646,212,-0.06239580357838427,-0.0696914335517825,0.003975838888436556,0.004980903584510088,-3.5930268495576456e-05,-0.015040397644042969,-0.0009422438452020288,-0.006444618105888367,-0.001646472024731338,0.0015746115241199732,-0.0032210834324359894,0.00016118747589644045,-0.00023304800561163574,0.0003942354815080762,0.023971961811184883,-0.03509833663702011,-0.1072130812700131,-0.05424801237367442,0.01562587864778598,0.0005318536938145813,0.00015105827914278108,-1.815828561782837,1.6587962534230556
dePablo CV2,test,2,103,0.6518987341772152,212,-0.06257297008162363,-0.0696914335517825,0.004019570536911488,0.005034995265305042,-3.6096113035455346e-05,-0.015211105346679688,-0.0009529382223263383,-0.006507673300802708,-0.0016667989548295736,0.001594606670551002,-0.003261405508965254,0.0001642211282160133,-0.000236413354286924,0.0004006344825029373,0.024206219241023064,-0.0782824233174324,-0.10228622809021362,-0.0547225322790845,0.01625697616096393,0.0004880589594366897,0.00014554533263808775,-1.849285364151001,1.7132016675366202
dePablo CV2,test,2,104,0.6582278481012658,212,-0.06276487367563162,-0.0696914335517825,0.004063508473336697,0.0050894636660814285,-3.6762605304829776e-05,-0.015379905700683594,-0.0009635131573304534,-0.00657012639567256,-0.001688013901002705,0.001614488777704537,-0.003302502678707242,0.00016667897580191493,-0.00024020418641157448,0.0004068831622134894,0.024440599605441093,-0.1212950125336647,-0.09741343378147096,-0.055203990137795665,0.01689007495242411,0.0004407465523468567,0.0001322577693590082,-1.882568359375,1.7673689683535314
dePablo CV2,test,2,105,0.6645569620253164,212,-0.06292662008425196,-0.0696914335517825,0.004107811022549868,0.0051441434770822525,-3.721519169630483e-05,-0.015540122985839844,-0.0009735503699630499,-0.006633903831243515,-0.0017089638859033585,0.0016345334006473422,-0.0033434974029660225,0.00016932787548284978,-0.00024375825887545943,0.00041308614891022444,0.024675175547599792,-0.1638377457857132,-0.0924730557103175,-0.055683709390644605,0.017528137193161538,0.0003931578898863622,0.00011993826559824922,-1.9156311750411987,1.8210218023592581
dePablo CV2,test,2,106,0.6708860759493671,212,-0.06310470973932512,-0.0696914335517825,0.004151728004217148,0.0051986053586006165,-3.7325913581298664e-05,-0.015700340270996094,-0.0009835875825956464,-0.006696959026157856,-0.0017292974516749382,0.0016546457773074508,-0.003383943345397711,0.0001725030451780185,-0.00024715487961657345,0.00041965791024267673,0.024909308180212975,-0.20658129453659058,-0.08762467776613027,-0.05616134130105248,0.018163600970227723,0.0003520876808038459,0.00010568016442797153,-1.9487131834030151,1.87485416686594
dePablo CV2,test,2,107,0.6772151898734177,212,-0.06327108541101452,-0.0696914335517825,0.004196321591734886,0.005253538955003023,-3.819824632955715e-05,-0.015871047973632812,-0.000994281959719956,-0.006759412121027708,-0.0017508723540231586,0.0016744759632274508,-0.0034253483172506094,0.00017502943228464574,-0.00025142592494376004,0.00042645534267649055,0.025143664330244064,-0.24996893107891083,-0.08269367292438008,-0.05664969808771748,0.018799598759330665,0.00030400415297742876,9.614437109534307e-05,-1.9823050498962402,1.9295038300897673
dePablo CV2,test,2,108,0.6835443037974683,212,-0.06341662006925847,-0.0696914335517825,0.004240192007273436,0.005307589657604694,-3.867700070259161e-05,-0.016030311584472656,-0.0010042594512924552,-0.006823129020631313,-0.0017715484136715531,0.001694194390438497,-0.00346574280411005,0.0001776925491867587,-0.00025504655786789954,0.000432739092502743,0.02537812851369381,-0.29261595010757446,-0.0776440494303423,-0.05712056542341131,0.019432186100408186,0.0002564696653404324,9.253863711493893e-05,-2.015564203262329,1.9833502860291203
dePablo CV2,test,2,109,0.689873417721519,212,-0.06353549540967832,-0.0696914335517825,0.004283461254090071,0.005361401010304689,-3.8754915294703096e-05,-0.016190528869628906,-0.0010142966639250517,-0.006886244285851717,-0.0017911378527060151,0.0017136279493570328,-0.003504765685647726,0.00018058871501125395,-0.0002580985601525754,0.0004386872751638293,0.02561177872121334,-0.3355273902416229,-0.07275614183014312,-0.057596425783711824,0.02005643120109735,0.00021707901955018134,8.681522057281579e-05,-2.048800468444824,2.0374071947175674
dePablo CV2,test,2,110,0.6962025316455697,212,-0.06370211987248019,-0.0696914335517825,0.004327369388192892,0.005415571387857199,-3.915765046258457e-05,-0.016361236572265625,-0.001024991157464683,-0.00694990111514926,-0.0018115031998604536,0.0017331879353150725,-0.0035446910187602043,0.0001837018644437194,-0.0002620171580929309,0.0004457190225366503,0.025846054777503014,-0.37851378321647644,-0.06798815405286088,-0.058066999776054076,0.02069159986195044,0.00017460414311645984,7.066961862977535e-05,-2.081942319869995,2.091476396574376
dePablo CV2,test,2,111,0.7025316455696202,212,-0.06383090417967147,-0.0696914335517825,0.004371680784970522,0.005470204632729292,-3.981414556619711e-05,-0.016519546508789062,-0.0010349088115617633,-0.007012354675680399,-0.0018321528332307935,0.0017525246366858482,-0.00358467735350132,0.00018662105139810592,-0.00026624934980645776,0.00045287038665264845,0.026080284267663956,-0.4218038022518158,-0.06291708641497475,-0.05854776083838702,0.021327319881397973,0.00013122825937582157,5.8945303432903944e-05,-2.115638017654419,2.1460997438745117
dePablo CV2,test,2,112,0.7088607594936709,212,-0.06395709076117546,-0.0696914335517825,0.004415230825543404,0.0055237519554793835,-4.028597322758287e-05,-0.016679763793945312,-0.0010449460241943598,-0.007076131645590067,-0.0018520571757107973,0.0017714852001518011,-0.0036235423758625984,0.00018907869525719434,-0.00026965062716044486,0.0004587293369695544,0.026314055547118187,-0.464826762676239,-0.05798037628246841,-0.05902306326770086,0.021947034008587142,9.234147454038502e-05,5.25161326881334e-05,-2.149003505706787,2.2003202179569263
dePablo CV2,test,2,113,0.7151898734177216,212,-0.06408273094628676,-0.0696914335517825,0.0044587356969714165,0.005577728617936373,-4.0771632484393194e-05,-0.01685047149658203,-0.0010556405177339911,-0.007138585206121206,-0.0018723432440310717,0.0017907998990267515,-0.003663143143057823,0.0001921135699376464,-0.00027365682763047516,0.00046577039756812155,0.026548929512500763,-0.508165180683136,-0.05314388605089332,-0.059488764791000806,0.022582046807595027,4.3174376528143595e-05,4.171546845235352e-05,-2.1824517250061035,2.2548510368749985
dePablo CV2,test,2,114,0.7215189873417721,212,-0.06422248553704607,-0.0696914335517825,0.004502752795815468,0.005632506217807531,-4.100731166545302e-05,-0.017009735107421875,-0.0010656180093064904,-0.007201640401035547,-0.0018929532961919904,0.0018109387019649148,-0.003703891998156905,0.00019531493308022618,-0.0002773295564111322,0.0004726444894913584,0.026782825589179993,-0.5505931973457336,-0.048089588450591664,-0.05996868111510909,0.023220572114755474,2.680413732670005e-06,4.058002368129431e-05,-2.215576410293579,2.3084405456344896
dePablo CV2,test,2,115,0.7278481012658228,212,-0.06435773541103368,-0.0696914335517825,0.004546837881207466,0.005686965771019459,-4.1513052565278485e-05,-0.017180442810058594,-0.0010763123864308,-0.007265417370945215,-0.0019136203918606043,0.0018305942649021745,-0.0037442147731781006,0.000197525616385974,-0.0002805517287924886,0.00047807733062654734,0.027017245069146156,-0.5939293503761292,-0.04316710942957353,-0.06044794288198948,0.02385412425332267,-4.23671339609859e-05,2.787169959983188e-05,-2.2491252422332764,2.3630236518513357
dePablo CV2,test,2,116,0.7341772151898734,212,-0.06453807760278008,-0.0696914335517825,0.004591445438563824,0.0057416753843426704,-4.204280048725195e-05,-0.017351150512695312,-0.0010870067635551095,-0.007327870931476355,-0.0019350344082340598,0.0018509489018470049,-0.003785983193665743,0.0002005762653425336,-0.0002846618590410799,0.00048523812438361347,0.027251778170466423,-0.6375494003295898,-0.0380576747020534,-0.06093488251918355,0.024486722844455446,-9.074907952453188e-05,1.220926044619885e-05,-2.2830774784088135,2.418063244655308
dePablo CV2,test,2,117,0.740506329113924,212,-0.064699277396454,-0.0696914335517825,0.004636356141418219,0.00579686788842082,-4.261345384293236e-05,-0.01750946044921875,-0.0010969245340675116,-0.007390926126390696,-0.0019568640273064375,0.0018716371851041913,-0.0038285013288259506,0.00020315157598815858,-0.0002883784763980657,0.0004915300523862243,0.02748599648475647,-0.6807431578636169,-0.03319468593681967,-0.061422815454007934,0.025126812622621484,-0.00014523145422902368,1.3328347334753893e-05,-2.31646466255188,2.4724393064397048
dePablo CV2,test,2,118,0.7468354430379747,212,-0.06483962920566516,-0.0696914335517825,0.004681088495999575,0.0058516282588243484,-4.3180927605135366e-05,-0.01768016815185547,-0.001107618911191821,-0.0074547030963003635,-0.0019781470764428377,0.0018917853012681007,-0.0038699323777109385,0.00020587567996699363,-0.00029223752790130675,0.0004981132224202156,0.02771993912756443,-0.7246496081352234,-0.028149731860529728,-0.06190524712671582,0.02576363299649654,-0.00019605661365399178,-6.317425447560793e-06,-2.3505234718322754,2.5277776051434016
dePablo CV2,test,2,119,0.7531645569620253,212,-0.06498524377812696,-0.0696914335517825,0.004725485574454069,0.005906370002776384,-4.301438093534671e-05,-0.017850875854492188,-0.0011183132883161306,-0.00751709658652544,-0.0019985868129879236,0.0019125579856336117,-0.003911145031452179,0.00020937358203809708,-0.0002954023366328329,0.0005047759041190147,0.027954479679465294,-0.7679398059844971,-0.023292088524273787,-0.062385235243649806,0.02640150622810426,-0.0002398228937474654,-1.7702631588371403e-05,-2.3839659690856934,2.582264715119907
dePablo CV2,test,2,120,0.759493670886076,212,-0.06513198552132074,-0.0696914335517825,0.004769894294440746,0.0059609245508909225,-4.404212086228654e-05,-0.018011093139648438,-0.001128350617364049,-0.0075808134861290455,-0.0020199569407850504,0.001931872800923884,-0.003951829858124256,0.00021174686844460666,-0.00029983112472109497,0.0005115779931657016,0.02818896248936653,-0.8116995096206665,-0.01820645539297447,-0.0628624113531739,0.02703818483406679,-0.00029376250096113714,-3.205999457960707e-05,-2.4179792404174805,2.6374548467076195
dePablo CV2,test,2,121,0.7658227848101266,212,-0.06526754483887773,-0.0696914335517825,0.004814105574041605,0.006015709135681391,-4.43174249085132e-05,-0.01818084716796875,-0.0011389852734282613,-0.007643928751349449,-0.002040689578279853,0.0019520546775311232,-0.003992744255810976,0.00021493350504897535,-0.00030356834759004414,0.0005185018526390195,0.02842320129275322,-0.8550228476524353,-0.013042452890454225,-0.06334314418931321,0.027676000782406444,-0.0003373453308772454,-3.9689044606689286e-05,-2.4518065452575684,2.6921771570491346
dePablo CV2,test,2,122,0.7721518987341772,212,-0.06541824781389209,-0.0696914335517825,0.004858533386141062,0.006070454604923725,-4.4856624299427494e-05,-0.018350601196289062,-0.0011496199294924736,-0.0077063823118805885,-0.0020620725117623806,0.001972359139472246,-0.004034431651234627,0.0002183399337809533,-0.0003080531896557659,0.0005263931234367192,0.02865765243768692,-0.8987232446670532,-0.008212726057703144,-0.06382507598225692,0.02831235519150296,-0.0003867168428973308,-4.804065815769794e-05,-2.485478162765503,2.747133287403781
dePablo CV2,test,2,123,0.7784810126582279,212,-0.06555386165732152,-0.0696914335517825,0.004903257824480534,0.006125546991825104,-4.52561434940435e-05,-0.018520355224609375,-0.001160254585556686,-0.007770099211484194,-0.0020833429880440235,0.0019928307738155127,-0.0040761735290288925,0.00022076020832173526,-0.0003112725098617375,0.0005320326890796423,0.02889193594455719,-0.9419966340065002,-0.0031079932565649254,-0.06430994942077999,0.028952658479639525,-0.00043312711783244134,-5.618524491954193e-05,-2.5192031860351562,2.8017584201037664
dePablo CV2,test,2,124,0.7848101265822784,212,-0.06568812982985249,-0.0696914335517825,0.0049480232410132885,0.006180755328387022,-4.5879973185947165e-05,-0.018690109252929688,-0.0011708892416208982,-0.007833214476704597,-0.0021044935565441847,0.0020127336028963327,-0.004117227159440517,0.00022376661945600063,-0.00031552655855193734,0.0005392931634560227,0.029126305133104324,-0.9851817488670349,0.0018663149276062414,-0.06479521787924541,0.029594826912320647,-0.0004850746500468931,-6.968161583962706e-05,-2.5527169704437256,2.8561953942021727
dePablo CV2,test,2,125,0.7911392405063291,212,-0.06582421168164694,-0.0696914335517825,0.0049927146174013615,0.006235525943338871,-4.6542161726392806e-05,-0.018850326538085938,-0.0011809264542534947,-0.007896930910646915,-0.002126208273693919,0.0020331237465143204,-0.004159332253038883,0.00022627698490396142,-0.00031936130835674703,0.000545638264156878,0.029361000284552574,-1.0294626951217651,0.006851562285997853,-0.06527100366377388,0.030236202675672143,-0.0005348385897567541,-8.333897128289754e-05,-2.586944341659546,2.91194001233106
dePablo CV2,test,2,126,0.7974683544303798,212,-0.06594834109674273,-0.0696914335517825,0.0050370413810014725,0.006290426477789879,-4.704500315710902e-05,-0.01902008056640625,-0.001191561110317707,-0.007959384471178055,-0.0021472759544849396,0.0020531860645860434,-0.004200462251901627,0.00022916513262316585,-0.0003232551389373839,0.0005524202715605497,0.029595019295811653,-1.0730319023132324,0.011764409476891474,-0.06575459682028253,0.03087379409463546,-0.0005801878621604906,-9.233574758006036e-05,-2.6206307411193848,2.966793574260435
dePablo CV2,test,2,127,0.8037974683544303,212,-0.06607133919484809,-0.0696914335517825,0.005081620998680592,0.006345200352370739,-4.7307374188676476e-05,-0.0191802978515625,-0.0012015983229503036,-0.008023101836442947,-0.0021681420039385557,0.0020735273137688637,-0.004241669550538063,0.00023286501527763903,-0.000327479763654992,0.000560344778932631,0.0298289991915226,-1.1162883043289185,0.016919471731797947,-0.066233259509243,0.03151271734344988,-0.000630111510805034,-9.791720055338074e-05,-2.654404640197754,3.021430721948126
dePablo CV2,test,2,128,0.810126582278481,212,-0.06619104569023666,-0.0696914335517825,0.005125777330249548,0.006399874575436115,-4.7733956307638437e-05,-0.019350051879882812,-0.0012122329790145159,-0.008085555396974087,-0.002188973594456911,0.0020935058128088713,-0.004282479174435139,0.0002361092483624816,-0.00033157714642584324,0.0005676863947883248,0.03006361611187458,-1.1602081060409546,0.021887731637894016,-0.06671513552528546,0.032147489305077985,-0.0006810440819510743,-0.00011152423074504698,-2.6883809566497803,3.076735834330059
dePablo CV2,test,2,129,0.8164556962025317,212,-0.06630587423728534,-0.0696914335517825,0.005170088727027178,0.0064544412307441235,-4.824111965717748e-05,-0.019519805908203125,-0.00122286775149405,-0.008149271830916405,-0.0022094491869211197,0.00211296696215868,-0.0043224161490798,0.00023905676789581776,-0.0003355389926582575,0.0005745957605540752,0.030298100784420967,-1.2040826082229614,0.02689144046587419,-0.06719574799822021,0.032781023811232955,-0.0007237113787718982,-0.00011994800576125894,-2.7223703861236572,3.1320098440963444
dePablo CV2,test,2,130,0.8227848101265823,212,-0.0664183939143296,-0.0696914335517825,0.005214293021708727,0.006508681923151016,-4.873206853517331e-05,-0.019670486450195312,-0.0012323074042797089,-0.008211725391447544,-0.0022305049933493137,0.0021330409217625856,-0.004363546147942543,0.00024259561905637383,-0.00034005974885076284,0.0005826553679071367,0.03053242713212967,-1.248102068901062,0.03202738140909703,-0.0676672173695058,0.033415576383419326,-0.0007782565354868595,-0.00013158960732294935,-2.7566094398498535,3.1875404467320436
dePablo CV2,test,2,131,0.8291139240506329,212,-0.06654671168348059,-0.0696914335517825,0.005259613506495953,0.006564320996403694,-4.9370322813047096e-05,-0.019840240478515625,-0.001242942176759243,-0.008274780586361885,-0.0022523810621351004,0.002153640380129218,-0.0044060214422643185,0.00024529636721126735,-0.00034403702011331916,0.000589333358220756,0.03076685220003128,-1.2918590307235718,0.0369192420948507,-0.06815291290992415,0.034064957196052105,-0.0008340280501881749,-0.0001452108506432791,-2.790390968322754,3.2426034385953004
dePablo CV2,test,2,132,0.8354430379746836,212,-0.06666800425352622,-0.0696914335517825,0.0053038024343550205,0.006618914660066366,-4.993537368136458e-05,-0.020009994506835938,-0.0012535768328234553,-0.008338557556271553,-0.002273899968713522,0.0021740293595939875,-0.004447929561138153,0.00024860675330273807,-0.00034847750794142485,0.0005970842903479934,0.03100132942199707,-1.3362473249435425,0.042104587797790104,-0.0686324267313364,0.03469988622951534,-0.000882084829742419,-0.00015711929438183182,-2.8249244689941406,3.2986033986160037
dePablo CV2,test,2,133,0.8417721518987342,212,-0.06679225144568525,-0.0696914335517825,0.005348386708647013,0.006673930212855339,-5.0077320338459685e-05,-0.020180702209472656,-0.0012642712099477649,-0.008401011116802692,-0.002294944366440177,0.0021947897039353848,-0.004489733837544918,0.0002521645510569215,-0.00035231918445788324,0.0006044837646186352,0.031235672533512115,-1.3803231716156006,0.047217588419280546,-0.06912238263964046,0.035334413506848746,-0.0009326270737821269,-0.00015983608674857857,-2.8591723442077637,3.3541862596538397
dePablo CV2,test,2,134,0.8481012658227848,212,-0.0669457390080678,-0.0696914335517825,0.005393436644226313,0.006729253102093935,-5.0647657189983875e-05,-0.020360946655273438,-0.001275563146919012,-0.008464066311717033,-0.0023169810883700848,0.0022156857885420322,-0.004532666876912117,0.00025534225278533995,-0.00035663758171722293,0.0006119798636063933,0.03147000074386597,-1.424178957939148,0.05219682836154633,-0.069610356051882,0.03597634743488673,-0.0009937107785228602,-0.00017669901255972976,-2.893120765686035,3.4094224116244494
dePablo CV2,test,2,135,0.8544303797468354,212,-0.06707262048157317,-0.0696914335517825,0.005438488442450762,0.00678458996117115,-5.114516170579009e-05,-0.02052021026611328,-0.0012855405220761895,-0.008527843281626701,-0.002338859485462308,0.0022365693002939224,-0.004575428552925587,0.00025844285846687853,-0.0003607331891544163,0.0006191760767251253,0.031703900545835495,-1.4686951637268066,0.05722167527850072,-0.07009400937904538,0.0366216095874222,-0.0010473586271553832,-0.00019114433185379718,-2.9275455474853516,3.4654715783722336
dePablo CV2,test,2,136,0.8607594936708861,212,-0.0672132105232411,-0.0696914335517825,0.005483702756464481,0.006840085610747337,-5.1499591791071e-05,-0.020700454711914062,-0.0012968324590474367,-0.00859029684215784,-0.0023609797935932875,0.002257980639114976,-0.004618960432708263,0.0002620427112560719,-0.0003650418948382139,0.0006270846351981163,0.031938645988702774,-1.5124948024749756,0.062281377899354076,-0.07058011483851273,0.03726785573234414,-0.0011016065213664342,-0.0002040128529646016,-2.9615535736083984,3.5206925309594936
dePablo CV2,test,2,137,0.8670886075949367,212,-0.06732958829010295,-0.0696914335517825,0.005528916139155626,0.006895751226693392,-5.22393238497898e-05,-0.020870208740234375,-0.001307467115111649,-0.008653953671455383,-0.002382939448580146,0.0022784608881920576,-0.0046614003367722034,0.00026463466929271817,-0.00036911331699229777,0.0006337480153888464,0.03217315673828125,-1.556705355644226,0.06740397544804769,-0.07107176372357589,0.037912849010142316,-0.0011520501471936025,-0.000211879891519151,-2.995898962020874,3.5764414117652024
dePablo CV2,test,2,138,0.8734177215189873,212,-0.06745963207326294,-0.0696914335517825,0.005573522765189409,0.006950774230062962,-5.2527473599184304e-05,-0.021030426025390625,-0.0013175043277442455,-0.008717069402337074,-0.002404456492513418,0.002299401443451643,-0.004703857935965061,0.0002684621431399137,-0.00037351707578636706,0.0006419792189262807,0.032407570630311966,-1.601229190826416,0.07242772585314616,-0.07155702424161449,0.038551144829823615,-0.0012132880081966954,-0.00023179364364095658,-3.030327320098877,3.632498932858676
dePablo CV2,test,2,139,0.879746835443038,212,-0.06757307746535227,-0.0696914335517825,0.005618116818368435,0.007005739025771618,-5.281050471239723e-05,-0.021200180053710938,-0.0013281389838084579,-0.00878018420189619,-0.002425911370664835,0.0023202900774776936,-0.0047462014481425285,0.0002717040479183197,-0.00037732505006715655,0.0006490290979854763,0.032641224563121796,-1.645190954208374,0.07743304237551543,-0.07204093895925896,0.039188890560387185,-0.0012634879229034763,-0.00023452707315106255,-3.0643744468688965,3.687877541431445
dePablo CV2,test,2,140,0.8860759493670886,212,-0.06769195845865729,-0.0696914335517825,0.00566310528665781,0.007060925476253033,-5.340337156667374e-05,-0.02136993408203125,-0.0013387736398726702,-0.008843239396810532,-0.002447614911943674,0.002340808277949691,-0.004788422957062721,0.00027489964850246906,-0.00038170639891177416,0.0006566060474142432,0.03287583589553833,-1.689601182937622,0.08255675621996997,-0.07253231114843355,0.039825432190180886,-0.001314181789780521,-0.00025339226263090055,-3.098848819732666,3.743864132295459
dePablo CV2,test,2,141,0.8924050632911392,212,-0.06779387236855945,-0.0696914335517825,0.005707922391593456,0.00711631728336215,-5.40856271982193e-05,-0.021539688110351562,-0.0013494082959368825,-0.0089070163667202,-0.0024696358013898134,0.002361464546993375,-0.004831100348383188,0.00027818570379167795,-0.00038635695818811655,0.0006645426619797945,0.03310965746641159,-1.7338438034057617,0.08763918091257052,-0.07301308713303267,0.04047340830087965,-0.001375204408827332,-0.0002617829390427573,-3.133167028427124,3.7996253901106147
dePablo CV2,test,2,142,0.8987341772151899,212,-0.06789409684662842,-0.0696914335517825,0.005752876866608858,0.007171389181166887,-5.4957221436779946e-05,-0.02171039581298828,-0.0013601027894765139,-0.008969469927251339,-0.0024907602928578854,0.0023808456026017666,-0.004871605895459652,0.0002810291771311313,-0.0003909436345566064,0.0006719728116877377,0.03334440663456917,-1.7781411409378052,0.09249427123240614,-0.07349278190226703,0.04111632849308048,-0.0014187666934495852,-0.0002745336729813842,-3.167250394821167,3.855306249255967
dePablo CV2,test,2,143,0.9050632911392406,212,-0.06799611831724608,-0.0696914335517825,0.0057973312214016914,0.007226407062262297,-5.483059794642031e-05,-0.021869659423828125,-0.0013700802810490131,-0.009033187292516232,-0.002511396538466215,0.0024017351679503918,-0.004913131706416607,0.0002853503101505339,-0.00039501150604337454,0.0006803618161939085,0.033578261733055115,-1.8227460384368896,0.09782588609739891,-0.07397149917313199,0.041758830980139786,-0.00147064026084544,-0.0002849213930184303,-3.2020959854125977,3.9116568122300923
dePablo CV2,test,2,144,0.9113924050632911,212,-0.06811268496687792,-0.0696914335517825,0.005842222366482019,0.007281437516212463,-5.567845073528588e-05,-0.022050857543945312,-0.0013814318226650357,-0.009095580317080021,-0.002533314283937216,0.002421957440674305,-0.004955271724611521,0.00028783208108507097,-0.0003991890116594732,0.0006870210636407137,0.03381263464689255,-1.8667080402374268,0.10284794759391648,-0.07445757940180407,0.042396162606279784,-0.0015202298868585663,-0.00029421357230629083,-3.2361631393432617,3.967046409426417
dePablo CV2,test,2,145,0.9177215189873418,212,-0.06824125889452229,-0.0696914335517825,0.005887147504836321,0.007337028160691261,-5.612747190752998e-05,-0.022220611572265625,-0.001392066478729248,-0.009159357286989689,-0.002555180573835969,0.002442925702780485,-0.004998106509447098,0.0002915142977144569,-0.0004037692560814321,0.0006952835246920586,0.03404677286744118,-1.9112340211868286,0.10792116236790666,-0.07494906477237286,0.0430395737940655,-0.0015725846493388296,-0.00030171855881452734,-3.2706515789031982,4.0231381016334
dePablo CV2,test,2,146,0.9240506329113924,212,-0.06834003867208899,-0.0696914335517825,0.005932779982686043,0.007392990868538618,-5.617748320219107e-05,-0.022390365600585938,-0.0014027011347934604,-0.00922241248190403,-0.002576841739937663,0.002464486751705408,-0.0050413282588124275,0.0002956847893074155,-0.00040803974843584,0.000703724566847086,0.03428119421005249,-1.9556342363357544,0.11302275037575457,-0.07543851166173238,0.04369130904722237,-0.0016279496641704548,-0.00031692971601347564,-3.305093288421631,4.079098661491403
dePablo CV2,test,2,147,0.930379746835443,212,-0.06845697072769986,-0.0696914335517825,0.005977792665362358,0.007448287680745125,-5.726663948735222e-05,-0.022550582885742188,-0.0014127383474260569,-0.00928486604243517,-0.002599522937089205,0.002484989818185568,-0.005084512755274773,0.0002979038981720805,-0.0004124371916987002,0.0007103410898707807,0.03451535478234291,-2.000368356704712,0.11810578000820514,-0.07591879907665874,0.044337733421913605,-0.0016838084680626264,-0.0003244362019362383,-3.339726448059082,4.13544367086591
dePablo CV2,test,2,148,0.9367088607594937,212,-0.06857099913038188,-0.0696914335517825,0.006023106165230274,0.007504090201109648,-5.7313380239065737e-05,-0.0227203369140625,-0.001423373119905591,-0.009348643012344837,-0.0026210681535303593,0.0025064414367079735,-0.005127509590238333,0.000301882071653381,-0.00041650881757959723,0.0007183909183368087,0.03475020453333855,-2.04481840133667,0.1232325533831368,-0.07641370376720463,0.04498229938658024,-0.0017347859066765051,-0.00033427562873308044,-3.374229907989502,4.191479475577855
dePablo CV2,test,2,149,0.9430379746835443,212,-0.06870185591343574,-0.0696914335517825,0.006068474613130093,0.007559778168797493,-5.7858047512127087e-05,-0.02290058135986328,-0.0014346649404615164,-0.009411698207259178,-0.0026432895101606846,0.0025275731459259987,-0.005170862656086683,0.0003053967375308275,-0.00042111281072720885,0.0007265095482580364,0.03498435392975807,-2.089959144592285,0.12832615192873773,-0.07690089335822872,0.04563060689169458,-0.0018003821768630402,-0.0003472286278562258,-3.409135580062866,4.2483138656811965
dePablo CV2,test,2,150,0.9493670886075949,212,-0.06883280133329567,-0.0696914335517825,0.006113385781645775,0.007615227717906237,-5.848071305081248e-05,-0.023080825805664062,-0.0014459567610174417,-0.00947475340217352,-0.0026656370609998703,0.0025486755184829235,-0.005214312579482794,0.0003085317148361355,-0.00042549314093776047,0.000734024855773896,0.03521862253546715,-2.1346564292907715,0.13357505857247248,-0.07739379469816114,0.0462702599058439,-0.0018549083399784267,-0.00035740408784677735,-3.443942070007324,4.3047212054581845
dePablo CV2,test,2,151,0.9556962025316456,212,-0.06893745681324732,-0.0696914335517825,0.006159085314720869,0.007671354338526726,-5.910097388550639e-05,-0.023250579833984375,-0.001456591533496976,-0.009537928737699986,-0.0026883569080382586,0.0025701550766825676,-0.0052585117518901825,0.00031206573476083577,-0.00043026768253184855,0.0007423334172926843,0.03545321896672249,-2.1791834831237793,0.1386217827102673,-0.0778834755462166,0.04692460950998064,-0.0019136172525443384,-0.0003741703728360696,-3.4783997535705566,4.360797234695894
dePablo CV2,test,2,152,0.9620253164556962,212,-0.06907678101642943,-0.0696914335517825,0.0062043676152825356,0.007727313321083784,-5.890385000384413e-05,-0.023420333862304688,-0.0014672261895611882,-0.009601585566997528,-0.002710332628339529,0.0025925247464329004,-0.005302857607603073,0.0003163368091918528,-0.0004341445164754987,0.0007504813256673515,0.03568759560585022,-2.224109649658203,0.14365218660117726,-0.07837161315184245,0.047576941949764695,-0.0019737749658183894,-0.0003820918427900429,-3.5130932331085205,4.417336539596327
dePablo CV2,test,2,153,0.9683544303797469,212,-0.06919625857640355,-0.0696914335517825,0.006249411031603813,0.007782768923789263,-5.9800484450533986e-05,-0.023590087890625,-0.0014778608456254005,-0.009664039127528667,-0.0027327309362590313,0.0026131300255656242,-0.0053458609618246555,0.00031979690538719296,-0.00043939787428826094,0.0007591947796754539,0.0359216034412384,-2.268970251083374,0.1488984930819467,-0.07886037830199412,0.0482194842493054,-0.002032140293163087,-0.000389453061714124,-3.5480010509490967,4.473936058807436
dePablo CV2,test,2,154,0.9746835443037974,212,-0.06929010912667705,-0.0696914335517825,0.006294282153248787,0.007838060148060322,-6.057901919120923e-05,-0.023759841918945312,-0.0014884955016896129,-0.009727816097438335,-0.0027551099192351103,0.00263395207002759,-0.005389061756432056,0.0003228617715649307,-0.00044401982449926436,0.0007668816251680255,0.03615574538707733,-2.3138113021850586,0.15405007258670889,-0.07934881600690123,0.04885943167988068,-0.002084452196544518,-0.0004024905122808249,-3.5827839374542236,4.5304518113560714
dePablo CV2,test,2,155,0.9810126582278481,212,-0.06939712761704295,-0.0696914335517825,0.006339224986732006,0.007893554866313934,-6.0439531807787716e-05,-0.02393054962158203,-0.0014991898788139224,-0.009790871292352676,-0.0027764588594436646,0.0026555797085165977,-0.005432038567960262,0.00032740627648308873,-0.00044828534009866416,0.0007756915874779224,0.03638989105820656,-2.3586034774780273,0.15919664302408124,-0.07983304008456395,0.04950619294076289,-0.0021412815857546163,-0.0004196232623281628,-3.6175296306610107,4.586906350381994
dePablo CV2,test,2,156,0.9873417721518988,212,-0.06949574924627211,-0.0696914335517825,0.006384292151778936,0.007949122227728367,-6.133133138064295e-05,-0.024100303649902344,-0.0015098245348781347,-0.009853324852883816,-0.0027982851024717093,0.002675622468814254,-0.005473907571285963,0.0003304574347566813,-0.0004531200975179672,0.000783577561378479,0.036624033004045486,-2.403376579284668,0.16428257905516228,-0.08032233017825147,0.05015038273898021,-0.0021909286933850273,-0.00042595307263597294,-3.652191162109375,4.643299485269332
dePablo CV2,test,2,157,0.9936708860759493,212,-0.06958880263943568,-0.0696914335517825,0.006430102977901697,0.008005170151591301,-6.197076436365023e-05,-0.024280548095703125,-0.001521116471849382,-0.009917041286826134,-0.0028205912094563246,0.0026966496370732784,-0.005517240613698959,0.0003341072588227689,-0.0004580488021019846,0.000792156090028584,0.036858610808849335,-2.448117733001709,0.1695094623803721,-0.08080860355746343,0.0508054099704569,-0.0022476288433888277,-0.0004334050701070273,-3.686999559402466,4.699744813231442
dePablo CV2,test,2,158,1.0,212,-0.0696914335517825,-0.0696914335517825,0.006474692840129137,0.008060219697654247,-6.19950151303783e-05,-0.024450302124023438,-0.0015317511279135942,-0.009980157017707825,-0.0028418730944395065,0.0027178828604519367,-0.005559755954891443,0.0003381219576112926,-0.0004621119878720492,0.0008002339163795114,0.03709312528371811,-2.493276596069336,0.17457843591928449,-0.08129091401750844,0.051445398789088034,-0.0023001778332767315,-0.00044976756290944367,-3.7218875885009766,4.756584966250246
dePablo CV2,test,3,0,0.0,212,,0.17903333525441312,0.0,0.0,0.0,0.0,0.0,0.0,0.0,0.0,0.0,0.0,0.0,0.0,0.0,6.372585296630859,1.5766808508431487,-0.011061454037375712,-0.04256012285829269,-0.0014071064223628844,-0.001954026182535209,0.2821999192237854,-4.869958166568285
dePablo CV2,test,3,1,0.006369426751592357,212,0.246684350132626,0.17903333525441312,6.190993008203804e-05,7.192471093731001e-05,3.339131808388629e-06,0.0002498626708984375,1.56854421220487e-05,-6.243134703254327e-05,6.494150875369087e-05,-5.826324559166096e-05,0.00012320475070737302,2.5735826056916267e-06,4.104681465832982e-06,-1.5310988601413555e-06,0.0002504305448383093,6.318819999694824,1.581802462650093,-0.010279173612395762,-0.04197193330607942,-0.0015091635798579538,-0.0017057779687312637,0.24174702167510986,-4.8028693212420865
dePablo CV2,test,3,2,0.012738853503184714,212,0.22809346787041954,0.17903333525441312,0.00011429863661760464,0.0001332201500190422,5.7809115787677e-06,0.00047016143798828125,2.9514972993638366e-05,-0.0001261257566511631,0.0001192593335872516,-0.0001076975095202215,0.00022695685038343072,5.175888873054646e-06,6.385933829733403e-06,-1.2100449566787574e-06,0.000501694215927273,6.267164707183838,1.5865785061223958,-0.00958526171108324,-0.04146274265482368,-0.0015891499215447888,-0.0015160840137316439,0.203053280711174,-4.738505789308775
dePablo CV2,test,3,3,0.01910828025477707,212,0.21374180981051885,0.17903333525441312,0.0001619437534827739,0.00018926690972875804,8.874603736330755e-06,0.0006694793701171875,4.202740819891915e-05,-0.00018915855616796762,0.0001689732598606497,-0.00015122407057788223,0.0003201973158866167,8.338263796758838e-06,9.410944585397374e-06,-1.0726807886385359e-06,0.0007525550317950547,6.215718746185303,1.5915484100640551,-0.008945036332293122,-0.040979389862678156,-0.0016513930294397132,-0.001358193478710268,0.1642632782459259,-4.674266772744637
dePablo CV2,test,3,4,0.025477707006369428,212,0.20489296636085627,0.17903333525441312,0.00020864594262093306,0.00024437590036541224,1.1088427527283784e-05,0.0008697509765625,5.459970634547062e-05,-0.00025291313068009913,0.00021649447444360703,-0.00019431760301813483,0.0004108120920136571,1.1770672244892921e-05,1.0406185538158752e-05,1.3644867067341693e-06,0.0010033311555162072,6.164087295532227,1.5964518443837046,-0.008309739581783679,-0.04049847380763953,-0.001704754553028153,-0.0012270124565405738,0.12543357908725739,-4.609850093497982
dePablo CV2,test,3,5,0.03184713375796178,212,0.19891500904159132,0.17903333525441312,0.0002557435363996774,0.00029989497852511704,1.3551119081967045e-05,0.0010499954223632812,6.591477722395211e-05,-0.0003165473754052073,0.000264384550973773,-0.0002372823073528707,0.0005016668583266437,1.539010372653138e-05,1.1712132618413307e-05,3.677971108118072e-06,0.0012539393501356244,6.113070011138916,1.6013306191646983,-0.007665197132575204,-0.04001716422066601,-0.001753304560645584,-0.0011083051143323387,0.08702580630779266,-4.546178138342016
dePablo CV2,test,3,6,0.03821656050955414,212,0.19622273452739847,0.17903333525441312,0.00030554193654097617,0.000358011806383729,1.5900064681773074e-05,0.0012197494506835938,7.657129754079506e-05,-0.0003797004756052047,0.00031446933280676603,-0.0002826692070811987,0.0005971385398879647,1.8898599591921084e-05,1.290152795263566e-05,5.997071639285423e-06,0.0015048075001686811,6.0615458488464355,1.6060976376938811,-0.006987404625673063,-0.0395187481118026,-0.0017838248562049132,-0.0009858611790562034,0.048426613211631775,-4.481976015776177
dePablo CV2,test,3,7,0.044585987261146494,212,0.19533505546269564,0.17903333525441312,0.0003569679975043982,0.00041837288881652057,1.8384860595688224e-05,0.0014095306396484375,8.84850524016656e-05,-0.0004433347494341433,0.00036657953751273453,-0.00032980978721752763,0.0006963893538340926,2.2694937797496095e-05,1.4074779755901545e-05,8.62015804159455e-06,0.0017555530648678541,6.010339736938477,1.6110489111377506,-0.006284566516675685,-0.03900208544387311,-0.0018311699371268812,-0.0008619018241857383,0.00981206726282835,-4.41803358896231
dePablo CV2,test,3,8,0.050955414012738856,212,0.19440010641127958,0.17903333525441312,0.00040776311652734876,0.0004779636801686138,2.0960267647751607e-05,0.0015697479248046875,9.85428923740983e-05,-0.0005064277211204171,0.00041835178853943944,-0.0003764312423299998,0.0007947830017656088,2.769611637631897e-05,1.4224414371710736e-05,1.3471702004608233e-05,0.0020056942012161016,5.959380626678467,1.6158739415056083,-0.0055902914802010255,-0.03848884278163096,-0.001864487798531619,-0.000753701817514998,-0.02849472314119339,-4.354465041775051
dePablo CV2,test,3,9,0.05732484076433121,212,0.1928828988591358,0.17903333525441312,0.0004581234825309366,0.0005368659039959311,2.3389999114442617e-05,0.0017490386962890625,0.0001097981003113091,-0.0005701220943592489,0.00046916643623262644,-0.000422386423451826,0.0008915528887882829,3.1985578971216455e-05,1.4794419257668778e-05,1.7191159713547677e-05,0.002255987608805299,5.907718181610107,1.6207185786038953,-0.004902690183777047,-0.03798125080658724,-0.0018913287638835604,-0.0006552910248863058,-0.06727445125579834,-4.290049166135037
dePablo CV2,test,3,10,0.06369426751592357,212,0.1921562366964666,0.17903333525441312,0.0005084614385850728,0.0005957317189313471,2.6299314413336106e-05,0.0019197463989257812,0.00012051448720740154,-0.0006338766543194652,0.000520592846442014,-0.0004679942212533206,0.000988587038591504,3.637688496382907e-05,1.6221751138800755e-05,2.0155133825028315e-05,0.002506208373233676,5.855681896209717,1.6257836730897233,-0.004211303464772414,-0.03748251709280698,-0.001925293274942927,-0.0005522237968736397,-0.10655485093593597,-4.225048630636075
dePablo CV2,test,3,11,0.07006369426751592,212,0.19129172714078374,0.17903333525441312,0.0005595767870545387,0.0006555749569088221,2.8910624678246677e-05,0.0020904541015625,0.000131230874103494,-0.0006969094392843544,0.0005725459195673466,-0.0005147246411070228,0.0010872705606743693,4.1831481212284416e-05,1.5989762687240727e-05,2.584171852504369e-05,0.0027570973616093397,5.804347515106201,1.6306104461348998,-0.003510375123542191,-0.03696807759224286,-0.0019485950737265054,-0.00046214150485441593,-0.14510363340377808,-4.1610335576063235
dePablo CV2,test,3,12,0.07643312101910828,212,0.1908921603405463,0.17903333525441312,0.0006107174558565021,0.0007154175546020269,3.125122020719573e-05,0.002269744873046875,0.0001424860820407048,-0.0007599422824569046,0.0006241770461201668,-0.0005616745911538601,0.0011858516372740269,4.711434303317219e-05,1.538809374324046e-05,3.172624928993173e-05,0.003007567720487714,5.752777099609375,1.6353790779962463,-0.002809005704805627,-0.03645562641057227,-0.001977783564897466,-0.0003786167855989799,-0.18373431265354156,-4.096775505317257
dePablo CV2,test,3,13,0.08280254777070063,212,0.1905132192846034,0.17903333525441312,0.0006621259963139892,0.0007757076527923346,3.330123217892833e-05,0.0024394989013671875,0.00015314259508159012,-0.0008236968424171209,0.0006758913514204323,-0.0006092889234423637,0.0012851802166551352,5.196604979573749e-05,1.4636406376666855e-05,3.732964250957593e-05,0.003258088370785117,5.70127534866333,1.6402581032498043,-0.0021034153106130288,-0.035936356540060894,-0.001993489917604311,-0.0002939011080103181,-0.22245211899280548,-4.0325283731570725
dePablo CV2,test,3,14,0.08917197452229299,212,0.18990421164664742,0.17903333525441312,0.0007127353455871344,0.0008352111326530576,3.590201595216058e-05,0.0026092529296875,0.00016379912267439067,-0.0008873310871422291,0.0007272908114828169,-0.0006554867723025382,0.001382777583785355,5.7320750784128904e-05,1.4483269296761137e-05,4.2837480577873066e-05,0.003507719375193119,5.64960241317749,1.6451696490073007,-0.0014065984566525094,-0.035423480575444276,-0.0020129304896038093,-0.00021761648036960457,-0.2613179683685303,-3.968057269337669
dePablo CV2,test,3,15,0.09554140127388536,212,0.18905878596516124,0.17903333525441312,0.0007624468998983502,0.0008935320074670017,3.783462670980953e-05,0.00276947021484375,0.000173856969922781,-0.0009504240588285029,0.0007769597577862442,-0.0007012905552983284,0.0014782503712922335,6.264195690164343e-05,1.3027304703427944e-05,4.961465310771018e-05,0.0037578085903078318,5.598001003265381,1.6499599901025204,-0.0007243360107673015,-0.03491752424364919,-0.0020153379122326144,-0.0001505043038717452,-0.29999423027038574,-3.9037485500858446
dePablo CV2,test,3,16,0.10191082802547771,212,0.18873070782331028,0.17903333525441312,0.0008131708600558341,0.0009532013209536672,4.0766590245766565e-05,0.0029497146606445312,0.00018517202988732606,-0.0010141184320673347,0.0008288675453513861,-0.000747334270272404,0.0015762017574161291,6.896646664245054e-05,1.2566704754135571e-05,5.6399760069325566e-05,0.004007662646472454,5.545923709869385,1.6550783356185053,-2.2604480193683884e-05,-0.03440550708642442,-0.002031268080554844,-8.633550272826283e-05,-0.33936405181884766,-3.8386652966684762
dePablo CV2,test,3,17,0.10828025477707007,212,0.18851740545955423,0.17903333525441312,0.000863980851136148,0.0010130895534530282,4.29086503572762e-05,0.0031099319458007812,0.00019522987713571638,-0.0010778128635138273,0.0008799248025752604,-0.000794107501860708,0.0016740323044359684,7.447792449966073e-05,1.1339370757923461e-05,6.313855556072667e-05,0.004257647320628166,5.494583606719971,1.659866007265051,0.0006810862797954827,-0.03389082584185986,-0.0020432957357979084,-2.5357776923768478e-05,-0.3778700828552246,-3.7746684309813836
dePablo CV2,test,3,18,0.11464968152866242,212,0.18821511988883305,0.17903333525441312,0.0009159631445072591,0.0010738552082329988,4.587252260535024e-05,0.0032796859741210938,0.00020588640472851694,-0.0011409057769924402,0.0009330331231467426,-0.0008412880706600845,0.001774321193806827,8.105653250822797e-05,1.0688512702472508e-05,7.036801980575547e-05,0.004507575184106827,5.443109035491943,1.664829752885348,0.0013959614201755062,-0.033367863940424874,-0.002051423626068556,2.951125401672959e-05,-0.4166710674762726,-3.7103993939566307
dePablo CV2,test,3,19,0.12101910828025478,212,0.1878309101605177,0.17903333525441312,0.0009663014207035303,0.0011331499554216862,4.808316589333117e-05,0.003459930419921875,0.000217201464693062,-0.0012039386201649904,0.0009837911929935217,-0.0008876249194145203,0.001871416112408042,8.752181747695431e-05,8.644492481835186e-06,7.887732499511912e-05,0.0047575002536177635,5.391449451446533,1.6696572309948243,0.002090512025119061,-0.03285322460249285,-0.0020547427626179866,8.115083844404802e-05,-0.4554286003112793,-3.6459978844222736
dePablo CV2,test,3,20,0.12738853503184713,212,0.18737026983873542,0.17903333525441312,0.0010162966791540384,0.0011922309640794992,5.0434791774023324e-05,0.003620147705078125,0.00022725931194145232,-0.0012676931219175458,0.0010342234745621681,-0.0009333539637736976,0.0019675774965435266,9.382313874084502e-05,7.0464307100337464e-06,8.677670848555863e-05,0.005007939413189888,5.33931827545166,1.6746162354450316,0.0027840693894349822,-0.03234128948183183,-0.0020575107357920686,0.00012671733694980447,-0.4946437478065491,-3.5809525496276318
dePablo CV2,test,3,21,0.1337579617834395,212,0.18707551951343132,0.17903333525441312,0.0010668248869478703,0.0012517450377345085,5.308906838763505e-05,0.003780364990234375,0.00023731715918984264,-0.0013313274830579758,0.0010857298038899899,-0.0009795516962185502,0.0020652813836932182,0.0001003124489216134,5.865676030225586e-06,9.444677561987191e-05,0.005257762968540192,5.287448406219482,1.67961455307211,0.003484416997022251,-0.03182899167582383,-0.0020636256436051452,0.00017252709562858134,-0.5337384939193726,-3.5161922274489386
dePablo CV2,test,3,22,0.14012738853503184,212,0.18681956742633182,0.17903333525441312,0.001117875799536705,0.001312163774855435,5.562813385040499e-05,0.0039501190185546875,0.0002479736867826432,-0.0013944203965365887,0.0011373814195394516,-0.001026125275529921,0.002163506578654051,0.00010721429134719074,4.041970896651037e-06,0.0001031723222695291,0.005507894791662693,5.236006259918213,1.6844308722870958,0.004198007315268331,-0.031310557797055626,-0.0020637762857292135,0.00021078600074245747,-0.5723437666893005,-3.4520559306199106
dePablo CV2,test,3,23,0.1464968152866242,212,0.1866583368041094,0.17903333525441312,0.001169513096101582,0.001372914295643568,5.8430272474652156e-05,0.004119873046875,0.00025863019982352853,-0.0014581148279830813,0.001190104871056974,-0.001073244377039373,0.002263349248096347,0.00011434411135269329,2.5164292765111895e-06,0.00011182768503203988,0.0057580494321882725,5.1841206550598145,1.6894272422237941,0.0049086149207456095,-0.030781427552805746,-0.002063742385489871,0.00025125716119093225,-0.6114462614059448,-3.387278176938244
dePablo CV2,test,3,24,0.15286624203821655,212,0.1864993125471238,0.17903333525441312,0.0012206505052745342,0.0014330691192299128,6.074178236303851e-05,0.00428009033203125,0.00026868804707191885,-0.0015218693297356367,0.001241819467395544,-0.0011203358881175518,0.002362155355513096,0.00012123767373850569,2.4588234737166204e-07,0.00012099179002689198,0.006007538177073002,5.132279872894287,1.6941580459245045,0.005619322125216824,-0.030266735761086568,-0.00205730124323428,0.0002920368606341438,-0.6502048969268799,-3.3227234093426303
dePablo CV2,test,3,25,0.1592356687898089,212,0.18636634590820064,0.17903333525441312,0.0012714812764897943,0.0014932946069166064,6.347250018734485e-05,0.0044498443603515625,0.0002793445601128042,-0.001584902172908187,0.0012934458209201694,-0.0011665007332339883,0.0024599465541541576,0.0001287268241867423,-1.7818397282098886e-06,0.00013050866255071014,0.006257697008550167,5.080443859100342,1.6990795364567883,0.006328900867887593,-0.029747545485350423,-0.002050436637055021,0.00032412986073451506,-0.6891868114471436,-3.25805238865599
dePablo CV2,test,3,26,0.16560509554140126,212,0.1860108081552444,0.17903333525441312,0.001321809133514762,0.0015526377828791738,6.561285408679396e-05,0.0046100616455078125,0.0002894024073611945,-0.0016479348996654153,0.0013440237380564213,-0.001212797942571342,0.002556821797043085,0.00013522490917239338,-3.99920463678427e-06,0.00013922411017119884,0.006507835816591978,5.028417587280273,1.7040997184835915,0.00702500243883922,-0.029231308775784275,-0.002044313117678068,0.00035336145984133624,-0.7284075021743774,-3.1930924524411606
dePablo CV2,test,3,27,0.17197452229299362,212,0.1857641284421754,0.17903333525441312,0.0013724060263484716,0.001612360472790897,6.807425961596891e-05,0.0047702789306640625,0.0002994602546095848,-0.0017116895178332925,0.0013953427551314235,-0.0012591942213475704,0.0026545370928943157,0.00014274600835051388,-6.59748911857605e-06,0.00014934349746908993,0.00675748148933053,4.9764275550842285,1.708983442689721,0.007726805907245945,-0.02871550435186814,-0.0020359165427804617,0.00039008640141069265,-0.767443060874939,-3.1282627715173024
dePablo CV2,test,3,28,0.17834394904458598,212,0.185713199513382,0.17903333525441312,0.0014238152652978897,0.0016732816584408283,7.082589581841603e-05,0.004940032958984375,0.00031011676765047014,-0.0017753237625584006,0.00144781987182796,-0.0013061680365353823,0.0027539879083633423,0.0001504827378084883,-8.830918886815198e-06,0.0001593136548763141,0.007006867788732052,4.92443323135376,1.713980156800084,0.008443001480061081,-0.028187548308033383,-0.0020274519403991422,0.0004146885845981208,-0.8066154718399048,-3.063355758574969
dePablo CV2,test,3,29,0.18471337579617833,212,0.18565896452364783,0.17903333525441312,0.0014754871372133493,0.0017343623330816627,7.302022277144715e-05,0.0051097869873046875,0.00032077328069135547,-0.0018384166760370135,0.0014997583348304033,-0.0013537178747355938,0.002853476209565997,0.00015792182239238173,-1.1881386853929143e-05,0.00016980321379378438,0.007257012650370598,4.872769832611084,1.7188253912792444,0.009162030690177046,-0.027660157430430207,-0.0020206220630069023,0.0004399760612712661,-0.8453965187072754,-2.9989383690856712
dePablo CV2,test,3,30,0.1910828025477707,212,0.18541777541245344,0.17903333525441312,0.0015256493352353573,0.0017935795476660132,7.577240467071533e-05,0.0052700042724609375,0.0003308311279397458,-0.0019021111074835062,0.0015507995849475265,-0.0013992547756060958,0.0029500543605536222,0.00016613048501312733,-1.458568476664368e-05,0.00018071617523673922,0.007506920490413904,4.820909023284912,1.7238219602432163,0.00985331430464076,-0.027140577073227985,-0.0020087564559061054,0.0004605141761589944,-0.8844833970069885,-2.934189918156167
dePablo CV2,test,3,31,0.19745222929936307,212,0.18512859252137487,0.17903333525441312,0.001575433649122715,0.0018526737112551928,7.834362622816116e-05,0.0054302215576171875,0.0003408889751881361,-0.0019658056553453207,0.0016012078849598765,-0.0014445206616073847,0.0030457284301519394,0.00017362927610520273,-1.6942023648880422e-05,0.00019057129975408316,0.0077566178515553474,4.76823091506958,1.7289185363793178,0.010552354462296376,-0.026634102955648758,-0.0019920601264020693,0.0004778951316166772,-0.9242115020751953,-2.868407471187803
dePablo CV2,test,3,32,0.20382165605095542,212,0.18487227248536456,0.17903333525441312,0.0016255496302619576,0.001912217470817268,8.042462286539376e-05,0.005579948425292969,0.00035028826096095145,-0.0020288985688239336,0.001651450409553945,-0.0014906011056154966,0.00314205139875412,0.00018133285630028695,-2.0483626940404065e-05,0.0002018164814217016,0.008006363175809383,4.716369152069092,1.733796728934994,0.011252855531186172,-0.026118650642816182,-0.0019783545251395793,0.0004961010734404931,-0.9631584882736206,-2.8037335704793342
dePablo CV2,test,3,33,0.21019108280254778,212,0.1848238045318926,0.17903333525441312,0.0016770334914326668,0.0019727670587599277,8.302204514620826e-05,0.005749702453613281,0.0003609447740018368,-0.002091931411996484,0.0017036519711837173,-0.0015376079827547073,0.0032412600703537464,0.00018930576334241778,-2.3261669412022457e-05,0.00021256743639241904,0.008256051689386368,4.664029598236084,1.738698679495881,0.011963107535781907,-0.025592603618006762,-0.001962866470022567,0.000514622451293497,-1.0024391412734985,-2.7384773870463923
dePablo CV2,test,3,34,0.21656050955414013,212,0.184759638714525,0.17903333525441312,0.0017283438937738538,0.002033821539953351,8.553384395781904e-05,0.00592041015625,0.00037166118272580206,-0.0021556857973337173,0.0017556019593030214,-0.0015845344169065356,0.0033401362597942352,0.00019712725770659745,-2.6059578885906376e-05,0.00022318684204947203,0.008506028912961483,4.61248779296875,1.7435446292245198,0.012678984415284393,-0.0250620928492916,-0.0019597513410787052,0.0005311591880150596,-1.0411432981491089,-2.6742038604518825
dePablo CV2,test,3,35,0.2229299363057325,212,0.18467831455377645,0.17903333525441312,0.0017792799044400454,0.0020941034890711308,8.811514999251813e-05,0.00608062744140625,0.0003817190008703619,-0.0022193200420588255,0.0018074256367981434,-0.0016311953077092767,0.0034386208280920982,0.0002055574004771188,-2.9327084121177904e-05,0.0002348844864172861,0.008756155148148537,4.560459136962891,1.748579396026109,0.013389135025578343,-0.02454295368515374,-0.0019402754019452204,0.0005528992331855785,-1.0803828239440918,-2.6092317698771996
dePablo CV2,test,3,36,0.22929936305732485,212,0.1844147780192487,0.17903333525441312,0.0018293143948540092,0.002153452718630433,9.067160135600716e-05,0.006239891052246094,0.00039171698153950274,-0.0022824129555374384,0.0018580412724986672,-0.0016766980988904834,0.0035347393713891506,0.0002136534167220816,-3.231020673410967e-05,0.0002459636307321489,0.009006076492369175,4.507940769195557,1.75351680060982,0.014085501858730183,-0.024026623441390685,-0.0019216229010737289,0.0005628933132091357,-1.1198198795318604,-2.543740683900905
dePablo CV2,test,3,37,0.2356687898089172,212,0.18423475258918298,0.17903333525441312,0.0018796813674271107,0.00221303035505116,9.308714652433991e-05,0.0063991546630859375,0.00040171496220864356,-0.002345506101846695,0.001908940845169127,-0.0017227664357051253,0.0036317072808742523,0.00022154154430609196,-3.53672330675181e-05,0.00025690876645967364,0.009255741722881794,4.455317497253418,1.7585120955657005,0.014787698547415589,-0.02351326074468668,-0.00190420078591281,0.000575405206989415,-1.1593927145004272,-2.4780880750749836
dePablo CV2,test,3,38,0.24203821656050956,212,0.18420684052774589,0.17903333525441312,0.0019307350739836693,0.0022734233643859625,9.543819760438055e-05,0.006569862365722656,0.0004124313418287784,-0.002409200416877866,0.001960476627573371,-0.0017696002032607794,0.0037300768308341503,0.00022915887529961765,-3.828249828075059e-05,0.00026744138449430466,0.009505721740424633,4.403266429901123,1.7634697072483312,0.015496701278272474,-0.022989119696774165,-0.0018873476509294056,0.0005855570401100252,-1.1985549926757812,-2.4131387122543893
dePablo CV2,test,3,39,0.2484076433121019,212,0.18418646542665704,0.17903333525441312,0.0019821831956505775,0.002334670629352331,9.773696365300566e-05,0.0067291259765625,0.0004224293224979192,-0.0024728947319090366,0.0020123852882534266,-0.0018169113900512457,0.0038292966783046722,0.00023742813209537417,-4.1954182961490005e-05,0.00027938230778090656,0.00975589919835329,4.351232051849365,1.7685016931464155,0.016218210482441067,-0.022461100740936372,-0.001872282822839537,0.000594962319809218,-1.2377948760986328,-2.3481616080699634
dePablo CV2,test,3,40,0.25477707006369427,212,0.1840438554473362,0.17903333525441312,0.0020336948800832033,0.0023954908829182386,0.00010044065857073292,0.00688934326171875,0.0004324871697463095,-0.002535326173529029,0.002064724685624242,-0.0018638432957231998,0.003928568214178085,0.00024621476768516004,-4.533343235380016e-05,0.000291548203676939,0.010005253367125988,4.298689365386963,1.7735398937679654,0.016935681759050265,-0.021937589647529187,-0.0018516909342343093,0.0006002814601618966,-1.277367115020752,-2.2825772156545985
dePablo CV2,test,3,41,0.2611464968152866,212,0.18397653075794748,0.17903333525441312,0.0020844091195613146,0.0024558010045439005,0.00010302207374479622,0.007049560546875,0.00044254501699469984,-0.0025990204885601997,0.00211613392457366,-0.001910089747980237,0.0040262239053845406,0.00025482563069090247,-4.8781486839288846e-05,0.0003036071138922125,0.010255363769829273,4.246727466583252,1.7784769382172048,0.017640140508712338,-0.021409621194125,-0.0018331892456389528,0.0006081921774896506,-1.3164479732513428,-2.2177468369773696
dePablo CV2,test,3,42,0.267515923566879,212,0.1838157027725683,0.17903333525441312,0.002133981790393591,0.002514858730137348,0.00010518413182580844,0.00720977783203125,0.0004526028351392597,-0.0026627150364220142,0.0021659950725734234,-0.001955626765266061,0.004121622070670128,0.0002631069510243833,-5.2738698286702856e-05,0.00031584565294906497,0.010504976846277714,4.193838119506836,1.783404639637145,0.018338867217866435,-0.020904075963187694,-0.0018079014488694162,0.000613457310267132,-1.356110692024231,-2.1518216365351814
dePablo CV2,test,3,43,0.27388535031847133,212,0.1836118331476668,0.17903333525441312,0.0021847961470484734,0.002574771409854293,0.00010772074165288359,0.0073699951171875,0.00046266068238765,-0.0027257478795945644,0.0022173847537487745,-0.002001943066716194,0.004219328053295612,0.0002715137670747936,-5.607227285508998e-05,0.00032758605084382,0.010754781775176525,4.141535758972168,1.7882801223042348,0.01904246062227233,-0.0203840509755688,-0.001791380459090566,0.0006115573844249945,-1.3953361511230469,-2.0866265199406526
dePablo CV2,test,3,44,0.2802547770700637,212,0.18358633202298155,0.17903333525441312,0.0022355052642524242,0.002635352313518524,0.00011043171252822503,0.00753021240234375,0.00047271852963604033,-0.002789502264931798,0.002269089687615633,-0.0020482263062149286,0.004317316226661205,0.0002800624060910195,-5.919895556871779e-05,0.0003392613725736737,0.011004522442817688,4.0892252922058105,1.793422719450587,0.019752111159039434,-0.01985711861236634,-0.0017648623554259088,0.0006210681546598281,-1.4348838329315186,-2.02125100644876
dePablo CV2,test,3,45,0.28662420382165604,212,0.18357716461864157,0.17903333525441312,0.002286823932081461,0.0026962552219629288,0.00011289929534541443,0.007689476013183594,0.00048271651030518115,-0.0028531367424875498,0.0023209238424897194,-0.002095125149935484,0.004416048992425203,0.00028914600261487067,-6.334742647595704e-05,0.0003524934290908277,0.011254547163844109,4.037039279937744,1.7984282669687612,0.020467887088420993,-0.019329989622479386,-0.001744286118388072,0.0006223873999331422,-1.474189281463623,-1.9561108294855678
dePablo CV2,test,3,46,0.2929936305732484,212,0.1835157461184256,0.17903333525441312,0.0023380103521049023,0.002757085021585226,0.00011514306243043393,0.007860183715820312,0.0004934328608214855,-0.0029162897262722254,0.0023722744081169367,-0.0021419881377369165,0.004514262545853853,0.0002972372167278081,-6.695109914289787e-05,0.0003641883085947484,0.011504124850034714,3.984764575958252,1.8034078349746119,0.021182791087612913,-0.018803990268134396,-0.00172256192222606,0.0006269417895080146,-1.51352059841156,-1.8908819932896208
dePablo CV2,test,3,47,0.29936305732484075,212,0.18337466453782655,0.17903333525441312,0.0023885134141892195,0.002817035187035799,0.00011727902892744169,0.008009910583496094,0.0005028321756981313,-0.0029799239709973335,0.0024228980764746666,-0.002188340062275529,0.004611237905919552,0.00030565043562091887,-7.109237049007788e-05,0.00037674279883503914,0.011753985658288002,3.9321210384368896,1.8084136068155354,0.02188796239665661,-0.01828612040567027,-0.0017023220577065035,0.0006289643182883925,-1.5531188249588013,-1.825198632864576
dePablo CV2,test,3,48,0.3057324840764331,212,0.18317089667254322,0.17903333525441312,0.002438404131680727,0.0028761127032339573,0.00012003527081105858,0.008159637451171875,0.0005122314905747771,-0.0030436785891652107,0.0024737517815083265,-0.0022336815018206835,0.00470743328332901,0.00031498316093347967,-7.491263386327773e-05,0.00038989580934867263,0.01200325321406126,3.879335403442383,1.8132911119983117,0.022585829620162663,-0.017778991280446264,-0.0016781901167185595,0.000624429220982152,-1.5926556587219238,-1.7594286212409027
dePablo CV2,test,3,49,0.31210191082802546,212,0.18310379284876396,0.17903333525441312,0.0024885213933885098,0.0029360565822571516,0.0001228209730470553,0.008329391479492188,0.000522887974511832,-0.003106711432337761,0.0025248918682336807,-0.0022792499512434006,0.004804141819477081,0.00032386850216425955,-7.822659972589463e-05,0.00040209508733823895,0.012253266759216785,3.8267202377319336,1.8182811314816205,0.02328699664283216,-0.017255425356316446,-0.0016575857043034448,0.0006164884545633792,-1.6322170495986938,-1.6937890065528287
dePablo CV2,test,3,50,0.3184713375796178,212,0.18305586306735927,0.17903333525441312,0.002539584646001458,0.002996590454131365,0.00012487808999139816,0.008489608764648438,0.0005329458508640528,-0.0031704057473689318,0.002576227532699704,-0.0023264712654054165,0.004902699030935764,0.00033197604352608323,-8.221986354328692e-05,0.00041419590706937015,0.012502404861152172,3.774282932281494,1.8233722796126286,0.02399597696425881,-0.016729486098504616,-0.0016360584674599502,0.0006261705531940408,-1.67178475856781,-1.6282958404461616
dePablo CV2,test,3,51,0.3248407643312102,212,0.18304009350280717,0.17903333525441312,0.002591340569779277,0.003057976486161351,0.00012730297748930752,0.008649826049804688,0.0005430036690086126,-0.0032334986608475447,0.002628621179610491,-0.002374015050008893,0.0050026364624500275,0.0003409741912037134,-8.636827260488644e-05,0.00042734245653264225,0.012752029113471508,3.7217092514038086,1.8284083482581506,0.024719959182410694,-0.016202948741267344,-0.0016114332677477524,0.0006338198563185697,-1.711374282836914,-1.5626760235805206
dePablo CV2,test,3,52,0.33121019108280253,212,0.18297663278779133,0.17903333525441312,0.0026419959031045437,0.0031183597166091204,0.0001299342984566465,0.008810043334960938,0.0005530615453608334,-0.003296531504020095,0.0026799850165843964,-0.0024201166816055775,0.005100101698189974,0.000349624315276742,-8.975574019132182e-05,0.0004393800627440214,0.01300186850130558,3.669156074523926,1.8334508414070592,0.025424223506220076,-0.015674385217320147,-0.001582620169226909,0.0006406082232212282,-1.7509583234786987,-1.497076435650855
dePablo CV2,test,3,53,0.3375796178343949,212,0.1829282988551918,0.17903333525441312,0.0026926063001155853,0.0031786246690899134,0.00013230106560513377,0.008970260620117188,0.0005631193635053933,-0.003359564347192645,0.0027310384903103113,-0.002466436242684722,0.005197474732995033,0.0003585754311643541,-9.39732781262137e-05,0.00045254870201461017,0.013251867145299911,3.616178512573242,1.8383818464308903,0.026132686530102617,-0.015153459574444656,-0.001563210556982053,0.0006367768686828359,-1.7906813621520996,-1.4310444202254422
dePablo CV2,test,3,54,0.34394904458598724,212,0.18274917205488092,0.17903333525441312,0.002742545213550329,0.0032380458433181047,0.00013447011588141322,0.009129524230957031,0.0005731173441745341,-0.0034233189653605223,0.002781209070235491,-0.002512268489226699,0.005293477326631546,0.0003671563172247261,-9.821604908211157e-05,0.00046537237358279526,0.013501601293683052,3.5636982917785645,1.843539166362252,0.026831920795407506,-0.014640423027798093,-0.0015390365470612677,0.0006282165690525946,-1.8303550481796265,-1.3654580116578547
dePablo CV2,test,3,55,0.3503184713375796,212,0.1826248512235952,0.17903333525441312,0.0027924831956624985,0.0032972705084830523,0.00013722904259338975,0.009279251098632812,0.000582516600843519,-0.0034869532100856304,0.002831911901012063,-0.0025574539322406054,0.005389365833252668,0.00037594884634017944,-0.00010149076115339994,0.0004774396074935794,0.013751646503806114,3.5106325149536133,1.8485122436346157,0.027526200155057724,-0.014126574289623231,-0.0015104853250470806,0.0006276610991276353,-1.8701844215393066,-1.2992943951099105
dePablo CV2,test,3,56,0.35668789808917195,212,0.18265282846715328,0.17903333525441312,0.0028443012852221727,0.0033587380312383175,0.00014001078670844436,0.009449958801269531,0.0005932330386713147,-0.003550106193870306,0.0028844692278653383,-0.0026044477708637714,0.005488917231559753,0.00038508488796651363,-0.00010506329272175208,0.0004901482025161386,0.014001386240124702,3.458031177520752,1.8535773058381417,0.028246133769840105,-0.01359201397410254,-0.0014894847375414967,0.0006216858385072614,-1.9098260402679443,-1.233623215890813
dePablo CV2,test,3,57,0.3630573248407643,212,0.18261949447696949,0.17903333525441312,0.0028959617484360933,0.003419881919398904,0.0001422546338289976,0.009609222412109375,0.0006032309611327946,-0.003613740438595414,0.002936405362561345,-0.0026518963277339935,0.005588301457464695,0.000393548485590145,-0.000109039232484065,0.0005025877035222948,0.014251022599637508,3.4056551456451416,1.858515851949214,0.028964268694110895,-0.013063484040161727,-0.0014657150695715452,0.0006206518061905704,-1.9491734504699707,-1.168300339599652
dePablo CV2,test,3,58,0.36942675159235666,212,0.18250807517251505,0.17903333525441312,0.0029460203368216753,0.003479883074760437,0.00014459995145443827,0.009769439697265625,0.0006132888374850154,-0.0036761718802154064,0.0029868644196540117,-0.0026976645458489656,0.005684528965502977,0.00040252733742818236,-0.00011332746362313628,0.0005158548010513186,0.01450084988027811,3.352701187133789,1.8636764143807274,0.029672312368065216,-0.01254844407944459,-0.0014406802608937506,0.0006095063948632767,-1.9891538619995117,-1.102149575254227
dePablo CV2,test,3,59,0.37579617834394907,212,0.1823987876163672,0.17903333525441312,0.0029961911495774984,0.0035394271835684776,0.00014738659956492484,0.009920120239257812,0.0006227479898370802,-0.0037399264983832836,0.0030379011295735836,-0.002743127988651395,0.005781029351055622,0.00041100988164544106,-0.00011623668251559138,0.0005272465641610324,0.014750615693628788,3.2996044158935547,1.868689342302609,0.03037359150643237,-0.012035985429644689,-0.00141253446661097,0.0006029703838181239,-2.029050350189209,-1.0359236933072236
dePablo CV2,test,3,60,0.3821656050955414,212,0.182370578008019,0.17903333525441312,0.0030463282018899918,0.0035994446370750666,0.00014947110321372747,0.010068893432617188,0.0006320874090306461,-0.0038042825181037188,0.0030882670544087887,-0.0027893250808119774,0.005877592135220766,0.00042013806523755193,-0.0001211958151543513,0.000541333865839988,0.014999911189079285,3.2468342781066895,1.8736905971506805,0.031073618856481067,-0.01151039282351278,-0.0013789341954249883,0.0005978739433975475,-2.0687241554260254,-0.970092957978213
dePablo CV2,test,3,61,0.3885350318471338,212,0.18220682795745832,0.17903333525441312,0.003096395405009389,0.0036592045798897743,0.00015192976570688188,0.010239601135253906,0.0006428037886507809,-0.0038673151284456253,0.003138724947348237,-0.002834865590557456,0.005973590537905693,0.0004287463962100446,-0.00012488690845202655,0.0005536333192139864,0.015250313095748425,3.1940102577209473,1.878730723161476,0.031773526002378844,-0.010990189921496744,-0.0013567874818321735,0.0005803745049962159,-2.108478546142578,-0.9041734173187624
dePablo CV2,test,3,62,0.39490445859872614,212,0.1822224129790978,0.17903333525441312,0.003148194868117571,0.0037208066787570715,0.00015477335546165705,0.010389328002929688,0.0006522031035274267,-0.0039303479716181755,0.003191486233845353,-0.0028819397557526827,0.006073425989598036,0.00043808549526147544,-0.00012853876978624612,0.0005666242795996368,0.015499810688197613,3.1410675048828125,1.8839035486838256,0.032493099406308144,-0.010453037994744117,-0.0013277384850302195,0.0005794207900869723,-2.1484663486480713,-0.8380281128488798
dePablo CV2,test,3,63,0.4012738853503185,212,0.1822659266205405,0.17903333525441312,0.0032000322826206684,0.003782376181334257,0.0001572028559166938,0.01055908203125,0.0006628595874644816,-0.003993440885096788,0.0032437515910714865,-0.0029293459374457598,0.006173097528517246,0.0004472328000701964,-0.000132827102788724,0.0005800598883070052,0.015749294310808182,3.088470458984375,1.888775472334349,0.033220164700762625,-0.009926506014307966,-0.0013011137012976565,0.0005784066735480342,-2.187875986099243,-0.7724855074595713
dePablo CV2,test,3,64,0.40764331210191085,212,0.18222188957912333,0.17903333525441312,0.003250549314543605,0.00384259270504117,0.00015947931387927383,0.01071929931640625,0.0006729174638167024,-0.004057135432958603,0.0032946779392659664,-0.002975719515234232,0.006270397454500198,0.000455385132227093,-0.00013642650446854532,0.0005918116075918078,0.015998637303709984,3.035417079925537,1.8938848917795656,0.03392752306253714,-0.009406987561214055,-0.0012801323188884025,0.0005800264173478671,-2.2278592586517334,-0.7062494376297549
dePablo CV2,test,3,65,0.4140127388535032,212,0.182137534596551,0.17903333525441312,0.00330083048902452,0.0039025600999593735,0.00016200364916585386,0.0108795166015625,0.0006829752819612622,-0.004120829980820417,0.003345514414831996,-0.003021507291123271,0.006367021705955267,0.0004644497239496559,-0.00014044245472177863,0.0006048921495676041,0.016248216852545738,2.9821741580963135,1.8988498285057738,0.03463037038263532,-0.008886342947574025,-0.0012502013996605883,0.0005673928086514974,-2.267792224884033,-0.6398807709237894
dePablo CV2,test,3,66,0.42038216560509556,212,0.1819948552121217,0.17903333525441312,0.003350806888192892,0.003961916547268629,0.00016436359146609902,0.011030197143554688,0.0006924344343133271,-0.004184524063020945,0.003395624691620469,-0.0030668973922729492,0.006462521851062775,0.00047290223301388323,-0.00014417505008168519,0.0006170772830955684,0.01649836078286171,2.9288012981414795,1.903927367574249,0.03532651285482773,-0.008371838739655102,-0.0012161349791631963,0.0005529263875600098,-2.3079419136047363,-0.5732858891299474
dePablo CV2,test,3,67,0.4267515923566879,212,0.18193589387139056,0.17903333525441312,0.003401349065825343,0.004022210370749235,0.00016674316429998726,0.011190414428710938,0.0007024923106655478,-0.004247556906193495,0.0034465680364519358,-0.0031130819115787745,0.00655964994803071,0.00048209703527390957,-0.00014861069212201983,0.0006307077128440142,0.01674775406718254,2.875819206237793,1.909067151319295,0.036034753367762996,-0.007850703300059908,-0.0011895530076511472,0.0005397287915670499,-2.3479156494140625,-0.5071150175919462
dePablo CV2,test,3,68,0.43312101910828027,212,0.1818914709266376,0.17903333525441312,0.0034522104542702436,0.004082783591002226,0.00016927532851696014,0.011349678039550781,0.0007124902913346887,-0.004311311524361372,0.003497963771224022,-0.0031594131141901016,0.0066573768854141235,0.0004909266135655344,-0.00015237589832395315,0.0006433025118894875,0.01699722744524479,2.82291841506958,1.9141012780793143,0.03674329672965443,-0.007323671808440368,-0.0011696871023393351,0.0005324968631651301,-2.387712001800537,-0.4411081926625847
dePablo CV2,test,3,69,0.4394904458598726,212,0.18188619867794859,0.17903333525441312,0.003503882559016347,0.004144251346588135,0.00017139222472906113,0.011508941650390625,0.0007224882137961686,-0.004374344367533922,0.0035498591605573893,-0.0032070749439299107,0.006756934337317944,0.000499503395985812,-0.00015671896107960492,0.0006562223425135016,0.01724696345627308,2.7701416015625,1.9192254875088577,0.0374661644474084,-0.006794813005674974,-0.0011365522872670733,0.0005339360976823774,-2.4275360107421875,-0.37519092474386745
dePablo CV2,test,3,70,0.445859872611465,212,0.1818679480551078,0.17903333525441312,0.0035546966828405857,0.004204596858471632,0.00017417520575691015,0.011669158935546875,0.0007325460901483893,-0.004437437281012535,0.00360132590867579,-0.003252975409850478,0.006854301318526268,0.0005090335034765303,-0.00016068309196271002,0.0006697166245430708,0.01749722845852375,2.716874599456787,1.9242503704419838,0.03817219777059054,-0.006269728398757123,-0.0011093820042215954,0.0005213530883210294,-2.467555522918701,-0.3087553512934597
dePablo CV2,test,3,71,0.45222929936305734,212,0.1817779743476338,0.17903333525441312,0.0036051806528121233,0.004264633636921644,0.00017637918062973768,0.011829376220703125,0.0007426039082929492,-0.00450113182887435,0.0036519174464046955,-0.0032991592306643724,0.006951076909899712,0.0005173183744773269,-0.0001645601005293429,0.0006818784750066698,0.017746254801750183,2.6633973121643066,1.9293126373575602,0.03887675844419217,-0.005750790470890537,-0.0010764211781528097,0.0005150405796449125,-2.507753849029541,-0.24204628795157648
dePablo CV2,test,3,72,0.4585987261146497,212,0.18169050522970026,0.17903333525441312,0.0036556425038725138,0.004324648529291153,0.00017917038348969072,0.011980056762695312,0.000752063060645014,-0.0045641646720469,0.0037032822147011757,-0.003344941418617964,0.0070482236333191395,0.0005263668135739863,-0.0001680260756984353,0.0006943928892724216,0.017996124923229218,2.610185384750366,1.9343657804858543,0.039577275633206906,-0.0052266663381137024,-0.0010499523363561567,0.0005043487039971608,-2.547771692276001,-0.17565801532960157
dePablo CV2,test,3,73,0.46496815286624205,212,0.18164652017322583,0.17903333525441312,0.0037056179717183113,0.004384345840662718,0.00018121655739378184,0.012140274047851562,0.0007621209369972348,-0.004627919290214777,0.003753301687538624,-0.0033908686600625515,0.007144170347601175,0.0005355878965929151,-0.0001731547963572666,0.0007087427075020969,0.018246015533804893,2.556955099105835,1.9394644760141206,0.040279987321593415,-0.004713211022629712,-0.0010218536759901912,0.0004917283785154855,-2.587855339050293,-0.10921882996106592
dePablo CV2,test,3,74,0.4713375796178344,212,0.18161483356828448,0.17903333525441312,0.003756926627829671,0.0044454545713961124,0.0001836706360336393,0.012300491333007812,0.0007721787551417947,-0.00469095166772604,0.003805021056905389,-0.003437679959461093,0.007242701016366482,0.0005441592657007277,-0.0001768180081853643,0.0007209772593341768,0.018495656549930573,2.503803253173828,1.9445544016154068,0.040995183862855916,-0.004182595077864125,-0.0009900852260651674,0.00048447670288939145,-2.627878427505493,-0.04287835217528316
dePablo CV2,test,3,75,0.47770700636942676,212,0.18159173970123835,0.17903333525441312,0.0038080797530710697,0.00450647110119462,0.00018653050938155502,0.012460708618164062,0.0007822366314940155,-0.004754646215587854,0.00385701353661716,-0.0034839524887502193,0.0073409657925367355,0.0005536177777685225,-0.0001805567735573277,0.0007341745658777654,0.018744809553027153,2.450692653656006,1.94968542698196,0.041711129144620024,-0.0036545272677684796,-0.000965077924973701,0.0004686669659180925,-2.667923927307129,0.023439446447658975
dePablo CV2,test,3,76,0.4840764331210191,212,0.1816119160498323,0.17903333525441312,0.0038589683827012777,0.004567015916109085,0.00018920157162938267,0.0126190185546875,0.0007921747164800763,-0.004817739129066467,0.003908506128937006,-0.003530103014782071,0.007438609376549721,0.000563071807846427,-0.00018466862093191594,0.0007477404433302581,0.01899484172463417,2.3974671363830566,1.9547497302416872,0.0424271824355901,-0.00313956594658135,-0.0009327803070337871,0.0004679606491866561,-2.707963705062866,0.08985098403108921
dePablo CV2,test,3,77,0.49044585987261147,212,0.18153542028103983,0.17903333525441312,0.00390942208468914,0.004627066198736429,0.00019102482474409044,0.012769699096679688,0.0008016338688321412,-0.004881433676928282,0.003958744928240776,-0.0035766949877142906,0.007535439915955067,0.0005708716926164925,-0.00018882199947256595,0.0007596936775371432,0.01924470253288746,2.343921661376953,1.959873293855417,0.04312895450329763,-0.0026166721884014203,-0.0009112470869602592,0.000460496176928261,-2.7482783794403076,0.1566801689706382
dePablo CV2,test,3,78,0.4968152866242038,212,0.18143111553866414,0.17903333525441312,0.003959724213927984,0.0046866885386407375,0.00019378190336283296,0.012929916381835938,0.000811691686976701,-0.004945128224790096,0.004009676165878773,-0.0036221123300492764,0.007631788495928049,0.0005801781662739813,-0.00019261428678873926,0.0007727924385108054,0.01949472539126873,2.2905125617980957,1.9648467443613582,0.043826795454096304,-0.0020985305262551613,-0.0008836367874676144,0.00044357563172392733,-2.788327693939209,0.22325151640871527
dePablo CV2,test,3,79,0.5031847133757962,212,0.18137353975504264,0.17903333525441312,0.0040096319280564785,0.004746211227029562,0.00019602704560384154,0.01309967041015625,0.0008223482291214168,-0.0050081610679626465,0.00405982555821538,-0.0036677715834230185,0.0077275969088077545,0.0005883025005459785,-0.00019624843844212592,0.000784550909884274,0.019744427874684334,2.236870288848877,1.9700366827304268,0.044525780032611574,-0.001585317816764595,-0.000855317281114553,0.00044003915208862916,-2.8287830352783203,0.29023802721311354
dePablo CV2,test,3,80,0.5095541401273885,212,0.18135490609594646,0.17903333525441312,0.004060476552695036,0.00480673648416996,0.0001986343413591385,0.013250350952148438,0.0008318073814734817,-0.005071915220469236,0.004111164715141058,-0.0037138962652534246,0.007825060747563839,0.0005975107196718454,-0.000200242007849738,0.0007977527566254139,0.019993454217910767,2.1834678649902344,1.9751356595534584,0.04523400323295993,-0.0010596906567903906,-0.0008269587107555294,0.000432587052728943,-2.8689770698547363,0.3568817045191148
dePablo CV2,test,3,81,0.5159235668789809,212,0.1812996911755043,0.17903333525441312,0.004111902788281441,0.004867729265242815,0.00020136014791205525,0.013400077819824219,0.0008412066963501275,-0.005134948063641787,0.00416320376098156,-0.003760483581572771,0.007923686876893044,0.0006067559006623924,-0.00020403560483828187,0.0008107915055006742,0.02024373970925808,2.1301474571228027,1.980310151094033,0.045946748195661045,-0.0005289100296836276,-0.0007901395125965924,0.0004226153426375394,-2.909208297729492,0.423476315628095
dePablo CV2,test,3,82,0.5222929936305732,212,0.18130602124994322,0.17903333525441312,0.004162904806435108,0.004928735550493002,0.00020367896649986506,0.013569831848144531,0.0008518631802871823,-0.0051980409771203995,0.004214674700051546,-0.0038073163013905287,0.008021990768611431,0.000615351484157145,-0.00020799350750166923,0.000823344977106899,0.020493552088737488,2.077019691467285,1.9852145843593785,0.046662124900828564,-1.1943365554864234e-06,-0.0007685826876661259,0.0004144417241931375,-2.94899582862854,0.48966962067427067
dePablo CV2,test,3,83,0.5286624203821656,212,0.18124222487271235,0.17903333525441312,0.004213043488562107,0.004988506902009249,0.0002062385028693825,0.013730049133300781,0.0008619210566394031,-0.005261735524982214,0.004265328403562307,-0.0038528512232005596,0.008118179626762867,0.0006244926480576396,-0.00021201561321504414,0.0008365082321688533,0.02074298821389675,2.02335262298584,1.9904106512260757,0.04736608914129349,0.0005116662186320433,-0.0007349606976065158,0.0004002521323346191,-2.989474296569824,0.5566894796369879
dePablo CV2,test,3,84,0.535031847133758,212,0.181175948805677,0.17903333525441312,0.004262886010110378,0.005048212129622698,0.00020834202587138861,0.013889312744140625,0.0008719190373085439,-0.005324768368154764,0.004315339494496584,-0.003898655530065298,0.008213995024561882,0.0006330981268547475,-0.00021641410421580076,0.0008495122310705483,0.020992973819375038,1.9695165157318115,1.9955100398812775,0.04806516311418362,0.0010298203594556036,-0.0007081198414995643,0.00038526344315066314,-3.0299460887908936,0.6238481622118855
dePablo CV2,test,3,85,0.5414012738853503,212,0.18114195192506372,0.17903333525441312,0.004314221907407045,0.005108969286084175,0.00021128029038663954,0.014049530029296875,0.0008819768554531038,-0.005388522986322641,0.00436738645657897,-0.00394482584670186,0.00831221230328083,0.0006423334707506001,-0.0002197728754254058,0.0008621063316240907,0.021242430433630943,1.9157869815826416,2.0007708874079557,0.0487768811668057,0.0015558391599560493,-0.0006755080775753689,0.0003785143482373002,-3.0705413818359375,0.6909835786520987
dePablo CV2,test,3,86,0.5477707006369427,212,0.18110143636014828,0.17903333525441312,0.004364524967968464,0.0051691471599042416,0.0002131637156708166,0.014200210571289062,0.0008914360078051686,-0.005452156998217106,0.004417581018060446,-0.003991253674030304,0.008408835157752037,0.0006508969818241894,-0.00022456955048255622,0.0008754665032029152,0.021492166444659233,1.8623483180999756,2.005698081195684,0.04948026800210584,0.002079573530050174,-0.0006488861612902075,0.0003636768250556941,-3.1105546951293945,0.757560442177742
dePablo CV2,test,3,87,0.554140127388535,212,0.18110298840730432,0.17903333525441312,0.004415405448526144,0.0052296873182058334,0.00021590734831988811,0.014369964599609375,0.0009020925499498844,-0.005514588672667742,0.004469005391001701,-0.004037190694361925,0.00850619561970234,0.0006597729516215622,-0.00022795826953370124,0.0008877312066033483,0.02174162119626999,1.8087466955184937,2.010813496701144,0.05019163003100897,0.002601184503312355,-0.0006202378847095653,0.0003510744120610621,-3.150895595550537,0.824451059713856
dePablo CV2,test,3,88,0.5605095541401274,212,0.18106602638152205,0.17903333525441312,0.004466229118406773,0.005290251690894365,0.00021865217422600836,0.014519691467285156,0.0009114918648265302,-0.005578343290835619,0.004520576912909746,-0.004083272535353899,0.008603849448263645,0.0006686256965622306,-0.00023132139176595956,0.0008999470737762749,0.02199072577059269,1.7552911043167114,2.0161196604658573,0.05089868613340207,0.0031287127422377735,-0.0005942240905005051,0.000349602258417164,-3.1913695335388184,0.891290303524011
dePablo CV2,test,3,89,0.5668789808917197,212,0.18101468688704972,0.17903333525441312,0.004517046269029379,0.0053507001139223576,0.0002207409852417186,0.014669418334960938,0.0009208911214955151,-0.0056419773027300835,0.0045714168809354305,-0.004129934590309858,0.008701351471245289,0.0006775744259357452,-0.00023609245545230806,0.0009136669104918838,0.0222402922809124,1.7017056941986084,2.021125092491987,0.05161398712486946,0.0036429414613275432,-0.00055994023714525,0.00032887381257374677,-3.231569528579712,0.958091362116259
dePablo CV2,test,3,90,0.5732484076433121,212,0.18095964613492288,0.17903333525441312,0.004566775634884834,0.005410436540842056,0.00022337705013342202,0.014829635620117188,0.0009309489978477359,-0.005705130286514759,0.0046216221526265144,-0.004174868110567331,0.008796490728855133,0.0006862231530249119,-0.00023946903820615262,0.0009256922057829797,0.022490205243229866,1.6478455066680908,2.026246060457077,0.05230889114421297,0.004167391440362464,-0.000533970318701501,0.00031251237498293926,-3.2720823287963867,1.0252924221474762
dePablo CV2,test,3,91,0.5796178343949044,212,0.1808749561352205,0.17903333525441312,0.004617135040462017,0.005470464937388897,0.000225589974434115,0.014989852905273438,0.0009410068159922957,-0.005768764764070511,0.004672042094171047,-0.004220862407237291,0.008892904967069626,0.0006954451091587543,-0.0002442651893943548,0.0009397102985531092,0.0227398332208395,1.5938103199005127,2.0313993145355003,0.05301560290512575,0.004682499299482705,-0.0004928384521635578,0.00029554167069981033,-3.3127453327178955,1.0927218316757443
dePablo CV2,test,3,92,0.5859872611464968,212,0.18088048131435844,0.17903333525441312,0.004667218774557114,0.0055303205735981464,0.000228295277338475,0.015139579772949219,0.0009504061308689415,-0.005832519382238388,0.004723051097244024,-0.0042664604261517525,0.00898951105773449,0.0007043156074360013,-0.0002477250818628818,0.0009520406601950526,0.02298930659890175,1.5400346517562866,2.0365585779160162,0.05371911482323004,0.005197569389923768,-0.0004650766137523055,0.0002850211160161279,-3.3532495498657227,1.1598470586212581
dePablo CV2,test,3,93,0.5923566878980892,212,0.1808114913585899,0.17903333525441312,0.004717847798019648,0.005590910091996193,0.00023066659923642874,0.015299797058105469,0.0009604639490135014,-0.005895552225410938,0.004773994442075491,-0.00431266101077199,0.00908665545284748,0.0007136942585930228,-0.0002523610892239958,0.0009660553187131882,0.02323862351477146,1.4866259098052979,2.0416874965127216,0.05442769885915919,0.005724151225131583,-0.00043818175251655357,0.0002707652916330104,-3.3934831619262695,1.2265173777314458
dePablo CV2,test,3,94,0.5987261146496815,212,0.1808087785654429,0.17903333525441312,0.004769230727106333,0.005652070976793766,0.00023310758115258068,0.015459060668945312,0.0009704619296826422,-0.005957983434200287,0.004825665149837732,-0.004359450191259384,0.00918511487543583,0.0007224113796837628,-0.00025619621737860143,0.0009786075679585338,0.023488355800509453,1.4326303005218506,2.046846200208752,0.05514748692253448,0.006249390151604072,-0.00040804380221128495,0.0002528019679585379,-3.4341273307800293,1.2939032965860566
dePablo CV2,test,3,95,0.6050955414012739,212,0.18079140358445428,0.17903333525441312,0.00481925206258893,0.005711742676794529,0.00023542756389360875,0.0156097412109375,0.000979921082034707,-0.006021677982062101,0.0048759873025119305,-0.004405132029205561,0.009281119331717491,0.0007311583030968904,-0.0002603032044135034,0.0009914615657180548,0.02373805269598961,1.3788120746612549,2.0520397886558834,0.05584256868050735,0.006771286900121938,-0.0003789061334620011,0.00024360132057771975,-3.4746994972229004,1.3611009807998147
dePablo CV2,test,3,96,0.6114649681528662,212,0.18074466669623454,0.17903333525441312,0.004870057106018066,0.005772157106548548,0.00023810462153051049,0.015779495239257812,0.0009905776241794229,-0.0060853720642626286,0.00492731062695384,-0.004451101180166006,0.009378411807119846,0.0007405942305922508,-0.0002643850748427212,0.0010049792472273111,0.023987919092178345,1.3249554634094238,2.057151434071697,0.05655455464322287,0.0072887704126293265,-0.0003454242218993476,0.0002251472513019533,-3.5151989459991455,1.4282918358907684
dePablo CV2,test,3,97,0.6178343949044586,212,0.18065843621399177,0.17903333525441312,0.004919871222227812,0.005831792484968901,0.0002403407997917384,0.01593017578125,0.0010000367183238268,-0.006148404907435179,0.00497737992554903,-0.004496698267757893,0.009474078193306923,0.000748745515011251,-0.00026806394453160465,0.001016809488646686,0.02423691749572754,1.2707290649414062,2.062377656279563,0.057253546464349575,0.007804313588531639,-0.0003078028519260465,0.0002121535912789792,-3.5560708045959473,1.4959948470306224
dePablo CV2,test,3,98,0.6242038216560509,212,0.18062336731313372,0.17903333525441312,0.004969947971403599,0.005891548004001379,0.00024259430938400328,0.01609039306640625,0.0010100946528837085,-0.006212159525603056,0.005027576349675655,-0.004542388021945953,0.009569964371621609,0.0007570451125502586,-0.0002718564937822521,0.0010289016645401716,0.024486588314175606,1.216675043106079,2.0674731576440717,0.057949212700338065,0.008327581740645448,-0.000276719238973774,0.00019716258993392237,-3.596677303314209,1.5634096887242324
dePablo CV2,test,3,99,0.6305732484076433,212,0.1806261189335656,0.17903333525441312,0.005021323915570974,0.005953014362603426,0.0002447366714477539,0.0162506103515625,0.0010201524710282683,-0.0062758540734648705,0.005079096183180809,-0.004589622374624014,0.00966871902346611,0.0007664009463042021,-0.00027692760340869427,0.0010433285497128963,0.024735869839787483,1.1631104946136475,2.0725334165255216,0.05867026744386004,0.008858285309813396,-0.00024623743604719163,0.00018310832794508902,-3.6369290351867676,1.6302210392119385
dePablo CV2,test,3,100,0.6369426751592356,212,0.18058726787909754,0.17903333525441312,0.005072182975709438,0.006013586185872555,0.0002477286907378584,0.016399383544921875,0.0010294918902218342,-0.006338285282254219,0.00513079296797514,-0.004635335877537727,0.009766128845512867,0.0007753775571472943,-0.00027992023387923837,0.0010552977910265326,0.02498585358262062,1.1092472076416016,2.07779151875816,0.059384848178018396,0.009375955342582608,-0.00022224620308097462,0.00016787224321135295,-3.6776065826416016,1.697513452686894
dePablo CV2,test,3,101,0.643312101910828,212,0.18056689975707307,0.17903333525441312,0.0051226262003183365,0.006073987577110529,0.0002499304246157408,0.016569137573242188,0.00104014843236655,-0.006402581464499235,0.005181376822292805,-0.004681515507400036,0.00986289232969284,0.0007843120256438851,-0.00028445120551623404,0.0010687632020562887,0.025235945358872414,1.0552542209625244,2.0829327529979005,0.06008827159369527,0.009904441599478573,-0.0001900474275781364,0.00015041501821424735,-3.718228340148926,1.7648850899239612
dePablo CV2,test,3,102,0.6496815286624203,212,0.18054214824284484,0.17903333525441312,0.005173295270651579,0.006134288851171732,0.0002522821305319667,0.016719818115234375,0.001049607526510954,-0.006465674377977848,0.005232310388237238,-0.004727745894342661,0.009960056282579899,0.0007930683204904199,-0.0002885040594264865,0.0010815723799169064,0.025485007092356682,1.0013718605041504,2.088078939037101,0.06079320073258564,0.010428141652927748,-0.00015890387911092238,0.00014386673095453663,-3.7587852478027344,1.8321285899537458
dePablo CV2,test,3,103,0.6560509554140127,212,0.1804859395830965,0.17903333525441312,0.005223683547228575,0.006194166373461485,0.0002549582568462938,0.016880035400390625,0.0010596653446555138,-0.006528767291456461,0.005283203907310963,-0.0047732871025800705,0.010056491009891033,0.0008021239773370326,-0.00029220740543678403,0.0010943313827738166,0.025734426453709602,0.9470171332359314,2.0933232154019237,0.06149937699248322,0.010939989946509856,-0.00013044339077773016,0.00012918977271986443,-3.799760580062866,1.899995458126957
dePablo CV2,test,3,104,0.6624203821656051,212,0.18043877650237708,0.17903333525441312,0.005273771937936544,0.006254294887185097,0.0002573860401753336,0.017029762268066406,0.0010690647177398205,-0.006592461373656988,0.00533355912193656,-0.004818787332624197,0.010152346454560757,0.0008106192108243704,-0.0002958471595775336,0.0011064663995057344,0.025984328240156174,0.8927756547927856,2.098455340701924,0.06220371357404265,0.011460350899968854,-8.844284939285242e-05,0.0001102560131192127,-3.8405303955078125,1.9676562083815787
dePablo CV2,test,3,105,0.6687898089171974,212,0.1804058129691864,0.17903333525441312,0.005324298050254583,0.006314488593488932,0.00025988605921156704,0.017179489135742188,0.0010784639744088054,-0.006656155921518803,0.005384616553783417,-0.004864844959229231,0.010249461978673935,0.0008197737624868751,-0.00030000164406374097,0.001119775464758277,0.026234004646539688,0.8385182619094849,2.1036690859327307,0.06290694242023717,0.01198386997172645,-6.153104151802027e-05,9.684002535174098e-05,-3.8814072608947754,2.0353880300537073
dePablo CV2,test,3,106,0.6751592356687898,212,0.18037898415376272,0.17903333525441312,0.005375092849135399,0.006374949123710394,0.0002619265578687191,0.0173492431640625,0.0010891205165535212,-0.006719188764691353,0.005435234867036343,-0.004911381751298904,0.010346616618335247,0.0008278659079223871,-0.0003040128212887794,0.001131878700107336,0.026483705267310143,0.7845144271850586,2.108734572723383,0.06361630675514146,0.012505504378550688,-2.6760550263717063e-05,8.160035489072337e-05,-3.9219460487365723,2.102724114942859
dePablo CV2,test,3,107,0.6815286624203821,212,0.18035942559551937,0.17903333525441312,0.005425273906439543,0.006434953771531582,0.0002649123780429363,0.017499923706054688,0.001098579610697925,-0.006782281678169966,0.005486306268721819,-0.004956481512635946,0.010442787781357765,0.0008367515401914716,-0.000306926725897938,0.0011436783242970705,0.026733137667179108,0.7304139733314514,2.1139936837080424,0.06431804886180671,0.01302624481608061,2.5646645727399396e-06,7.177308675884221e-05,-3.9627764225006104,2.1702986684414087
dePablo CV2,test,3,108,0.6878980891719745,212,0.18036349658482737,0.17903333525441312,0.0054764701053500175,0.006495993584394455,0.0002670064859557897,0.017669677734375,0.0011092361528426409,-0.00684597622603178,0.005537501070648432,-0.005003488156944513,0.010540989227592945,0.0008449737215414643,-0.0003109607787337154,0.0011559345293790102,0.02698262222111225,0.6764246225357056,2.119101321774326,0.06503647732369942,0.013549623858957032,2.734998247523088e-05,6.609354447315931e-05,-4.003355979919434,2.237644511023097
dePablo CV2,test,3,109,0.6942675159235668,212,0.1803076171875,0.17903333525441312,0.005526423919945955,0.006555767264217138,0.00026953124324791133,0.01781940460205078,0.0011186354095116258,-0.0069090090692043304,0.005587987136095762,-0.005048925057053566,0.010636912658810616,0.0008537079556845129,-0.0003146454691886902,0.001168353483080864,0.02723262645304203,0.6222796440124512,2.124140597318354,0.06573809557146702,0.014064857671278463,6.220030039609298e-05,4.982126008028028e-05,-4.043953895568848,2.305131362752541
dePablo CV2,test,3,110,0.7006369426751592,212,0.18027163157971135,0.17903333525441312,0.005576134659349918,0.00661521777510643,0.0002720268676057458,0.017969131469726562,0.0011280347825959325,-0.006972763687372208,0.005638198461383581,-0.005094144493341446,0.010732343420386314,0.0008629718795418739,-0.00031891808612272143,0.0011818900238722563,0.027481671422719955,0.5675176978111267,2.1295690782487213,0.06643022385419696,0.014584976250728878,9.654583276909512e-05,3.586245688839265e-05,-4.0854082107543945,2.3735993304020053
dePablo CV2,test,3,111,0.7070063694267515,212,0.18020100116994955,0.17903333525441312,0.0056260088458657265,0.006674610543996096,0.0002743931545410305,0.018129348754882812,0.0011380926007404923,-0.007035796530544758,0.00568814342841506,-0.005139356944710016,0.010827500373125076,0.0008715734584257007,-0.00032278712023980916,0.0011943605495616794,0.02773141860961914,0.5132213234901428,2.1347642363808697,0.06712902716927727,0.015095094185262706,0.00011900942091561092,1.3917607232283908e-05,-4.126287937164307,2.4413655360485933
dePablo CV2,test,3,112,0.7133757961783439,212,0.18018086516848594,0.17903333525441312,0.005676846485584974,0.006735176779329777,0.00027679483173415065,0.018289566040039062,0.0011481504188850522,-0.007099550683051348,0.005739279091358185,-0.005185688845813274,0.01092496793717146,0.0008801733492873609,-0.0003265836858190596,0.0012067570351064205,0.027980705723166466,0.4590039551258087,2.139899907649985,0.06783922848449322,0.015617747651477262,0.00015395832910532377,5.9416961015084785e-06,-4.167046546936035,2.5089999369367026
dePablo CV2,test,3,113,0.7197452229299363,212,0.18018679967783413,0.17903333525441312,0.0057281008921563625,0.006796300411224365,0.0002793405728880316,0.018449783325195312,0.001158208237029612,-0.0071631851606070995,0.005790982395410538,-0.005232302006334066,0.011023284867405891,0.000888799608219415,-0.0003301184333395213,0.0012189180124551058,0.028230363503098488,0.40500733256340027,2.145110694474535,0.06855563121388156,0.016145978577732485,0.0001827444228852293,-6.425045213447659e-06,-4.2077531814575195,2.5764203570101643
dePablo CV2,test,3,114,0.7261146496815286,212,0.1801803063620787,0.17903333525441312,0.005778946448117495,0.006857060827314854,0.00028183727408759296,0.0186004638671875,0.0011676674475893378,-0.007226278074085712,0.00584209430962801,-0.005278419703245163,0.011120514012873173,0.0008978911209851503,-0.00033421648549847305,0.0012321076355874538,0.02848053351044655,0.35057854652404785,2.1504329915641396,0.0692663186228223,0.01667269910934564,0.00021857187913008918,-1.6385498135855894e-05,-4.248868465423584,2.644425007432159
dePablo CV2,test,3,115,0.732484076433121,212,0.1801377344169428,0.17903333525441312,0.00582937803119421,0.006917186547070742,0.0002838948566932231,0.018770217895507812,0.0011783239897340536,-0.007289370987564325,0.005892507266253233,-0.005324717611074448,0.011217225342988968,0.0009058711002580822,-0.00033808141597546637,0.001243952545337379,0.028729408979415894,0.2961679995059967,2.1554557675496397,0.0699735640973266,0.017189119547741088,0.0002418901477732903,-3.403022851360074e-05,-4.289616584777832,2.712216515595874
dePablo CV2,test,3,116,0.7388535031847133,212,0.18010304974008157,0.17903333525441312,0.0058793178759515285,0.006977044977247715,0.0002865284914150834,0.018918991088867188,0.0011876634089276195,-0.007353005465120077,0.0059431069530546665,-0.005370050203055143,0.01131315715610981,0.0009150454425252974,-0.0003419884014874697,0.0012570337858051062,0.02897937037050724,0.24155481159687042,2.1607635042165434,0.07067135676585022,0.017711543124352264,0.00027227969130262056,-4.833581449631033e-05,-4.330832481384277,2.7804307249524705
dePablo CV2,test,3,117,0.7452229299363057,212,0.18005067621356793,0.17903333525441312,0.0059288423508405685,0.00703610060736537,0.000288961484329775,0.019069671630859375,0.0011971225030720234,-0.00741609837859869,0.005992800462990999,-0.0054148780182003975,0.011407678946852684,0.00092328927712515,-0.0003453663084656,0.001268655527383089,0.029228318482637405,0.18708445131778717,2.1659372583430545,0.07136187221494014,0.018223952315580768,0.00030641377234295777,-6.0171280502717825e-05,-4.371798038482666,2.8483897514725203
dePablo CV2,test,3,118,0.7515923566878981,212,0.1799914300534494,0.17903333525441312,0.005978972651064396,0.0070959520526230335,0.0002913959324359894,0.019220352172851562,0.0012065817136317492,-0.007479792460799217,0.006043236702680588,-0.005460445769131184,0.011503682471811771,0.0009319559903815389,-0.00034916415461339056,0.001281120115891099,0.02947845123708248,0.13236655294895172,2.1710483821782627,0.07206614330621786,0.018737491743241647,0.00033611532782475655,-7.932510948048489e-05,-4.412847518920898,2.9166025410305805
dePablo CV2,test,3,119,0.7579617834394905,212,0.17995151797055298,0.17903333525441312,0.006028918549418449,0.0071558780036866665,0.00029348465614020824,0.019390106201171875,0.001217238255776465,-0.007543487008661032,0.006093193776905537,-0.0055062249302864075,0.011599418707191944,0.0009407628676854074,-0.0003537935554049909,0.0012945564230903983,0.02972780540585518,0.07789001613855362,2.176368661138876,0.07276820473112244,0.019255728344277148,0.0003677558154932913,-9.517653070064223e-05,-4.453990936279297,2.984662576929508
dePablo CV2,test,3,120,0.7643312101910829,212,0.17994367196682412,0.17903333525441312,0.006079543847590685,0.007216292899101973,0.00029643034213222563,0.019539833068847656,0.0012266375124454498,-0.007606579922139645,0.0061445944011211395,-0.005551734007894993,0.011696328409016132,0.0009498806321062148,-0.0003570199478417635,0.0013069005217403173,0.029977204278111458,0.023882420733571053,2.1815156857199534,0.07347413339510674,0.019780734220010643,0.0003966839582243803,-0.00011026000464966606,-4.49462890625,3.052055255335473
dePablo CV2,test,3,121,0.7707006369426752,212,0.17994598541430243,0.17903333525441312,0.006131041795015335,0.007277642842382193,0.0002986345789395273,0.019710540771484375,0.0012373538920655847,-0.007670274470001459,0.006196267902851105,-0.005598998162895441,0.011795265600085258,0.0009582266211509705,-0.00036095737596042454,0.0013191839680075645,0.030226532369852066,-0.030987132340669632,2.186777329962148,0.07419387773904959,0.020309468151325016,0.00043276797408724145,-0.00011853725489957854,-4.535953998565674,3.120544277881677
dePablo CV2,test,3,122,0.7770700636942676,212,0.17993630573248406,0.17903333525441312,0.0061817350797355175,0.007338442374020815,0.0003013445239048451,0.01985931396484375,0.0012466933112591505,-0.007732705678790808,0.006247640587389469,-0.005644951947033405,0.011892592534422874,0.0009676773333922029,-0.00036498834379017353,0.0013326656771823764,0.030475949868559837,-0.08533666282892227,2.1920013051158125,0.07490965218511719,0.020830337325649706,0.0004672493590524704,-0.00013462266985930728,-4.576901912689209,3.1883919986905283
dePablo CV2,test,3,123,0.7834394904458599,212,0.17988472422954763,0.17903333525441312,0.006231611594557762,0.007397958543151617,0.00030364718986675143,0.020009994506835938,0.0012561525218188763,-0.007796400226652622,0.006297748070210218,-0.005690453574061394,0.0119882021099329,0.0009761284454725683,-0.00036883403663523495,0.0013449625112116337,0.030725352466106415,-0.14019513130187988,2.197286998787302,0.07559936952487553,0.021355379197096656,0.0004914735409835987,-0.0001516561978507287,-4.618248462677002,3.2568832404773636
dePablo CV2,test,3,124,0.7898089171974523,212,0.17982153051107172,0.17903333525441312,0.006280725821852684,0.00745665468275547,0.0003057228459510952,0.020170211791992188,0.0012662103399634361,-0.00786009430885315,0.0063466355204582214,-0.005735190585255623,0.012081826105713844,0.0009841222781687975,-0.00037267658626660705,0.0013567989226430655,0.0309749823063612,-0.19498394429683685,2.2024531294815977,0.0762912462350927,0.02185691655111354,0.0005266120836432027,-0.00016293288574007573,-4.6594085693359375,3.3252153669130364
dePablo CV2,test,3,125,0.7961783439490446,212,0.17978250502435536,0.17903333525441312,0.0063309622928500175,0.007516611833125353,0.00030821506516076624,0.02032947540283203,0.001276208320632577,-0.00792318768799305,0.006397315766662359,-0.005780885927379131,0.012178201228380203,0.0009928303770720959,-0.0003764003049582243,0.0013692306820303202,0.031224939972162247,-0.24995051324367523,2.207726795162375,0.07699301683129288,0.022376413969533302,0.000558543838939913,-0.00018712256060176015,-4.700809955596924,3.393827224025392
dePablo CV2,test,3,126,0.802547770700637,212,0.17977604028064662,0.17903333525441312,0.006382063962519169,0.007577548269182444,0.0003105799842160195,0.02048969268798828,0.0012862661387771368,-0.007986881770193577,0.006448572501540184,-0.005827412474900484,0.01227598451077938,0.001001718919724226,-0.0003805589221883565,0.001382277812808752,0.03147432580590248,-0.30445268750190735,2.2128488622042113,0.07770301614223286,0.022908352202052774,0.0005915961829020422,-0.0002013834194653984,-4.741734504699707,3.4617909654421193
dePablo CV2,test,3,127,0.8089171974522293,212,0.17977796497227705,0.17903333525441312,0.006432740017771721,0.007638311479240656,0.00031357104307971895,0.020639419555664062,0.0012956653954461217,-0.008049914613366127,0.006500225514173508,-0.0058730836026370525,0.012373309582471848,0.0010108299320563674,-0.00038368796231225133,0.0013945179525762796,0.0317237414419651,-0.3589499592781067,2.2181692210847577,0.07842009576762801,0.023426393676498104,0.0006228844245780594,-0.0002082293323835801,-4.782891273498535,3.5298756629180668
dePablo CV2,test,3,128,0.8152866242038217,212,0.1797628997584089,0.17903333525441312,0.006484034936875105,0.007699084002524614,0.0003157530154567212,0.020809173583984375,0.0013063219375908375,-0.008113007992506027,0.006551512982696295,-0.0059200068935751915,0.012471519410610199,0.0010188826126977801,-0.0003873765526805073,0.001406259136274457,0.03197286278009415,-0.4135654866695404,2.223470073108957,0.07913089262291768,0.02395325596668811,0.000649967039399601,-0.00021747814283201716,-4.824100494384766,3.598088247432305
dePablo CV2,test,3,129,0.821656050955414,212,0.17978265174769778,0.17903333525441312,0.006534624844789505,0.00775976711884141,0.0003178561164531857,0.020959854125976562,0.0013157811481505632,-0.008176040835678577,0.006601988337934017,-0.005966275464743376,0.012568263337016106,0.0010271372739225626,-0.0003914249246008694,0.001418562140315771,0.032223112881183624,-0.46789658069610596,2.2286392978072005,0.07984346202796698,0.024475497013818,0.0006825387047087029,-0.00022983073621191534,-4.86497163772583,3.6658790820056337
dePablo CV2,test,3,130,0.8280254777070064,212,0.17971340839303993,0.17903333525441312,0.00658409995958209,0.007819008082151413,0.00032064493279904127,0.02111053466796875,0.0013252402422949672,-0.008239795453846455,0.006652279291301966,-0.006010989658534527,0.01266326941549778,0.0010357334977015853,-0.0003944435156881809,0.0014301770133897662,0.03247206658124924,-0.5235285758972168,2.233936187892198,0.08053682968350663,0.02498868138189312,0.0007099392759306774,-0.0002501587508704041,-4.906826019287109,3.7352955865370565
dePablo CV2,test,3,131,0.8343949044585988,212,0.1796652175679519,0.17903333525441312,0.00663340650498867,0.007878169417381287,0.0003231398295611143,0.021269798278808594,0.001335238222964108,-0.008303429000079632,0.006701937410980463,-0.006055658217519522,0.012757595628499985,0.0010449051624163985,-0.00039862541598267853,0.0014435305492952466,0.0327211357653141,-0.578607976436615,2.239280045883233,0.08123229022739517,0.025496957315491856,0.0007448843198400096,-0.0002723235264005526,-4.94838285446167,3.8040862406644647
dePablo CV2,test,3,132,0.8407643312101911,212,0.17962210286930855,0.17903333525441312,0.006683745887130499,0.007938233204185963,0.00032532340264879167,0.021419525146484375,0.0013446375960484147,-0.008366581983864307,0.006752398796379566,-0.006101751234382391,0.01285414956510067,0.0010529439896345139,-0.0004022971843369305,0.0014552411157637835,0.03297024965286255,-0.6331385970115662,2.2444237509269764,0.0819356738543035,0.02601638494601587,0.0007766317239226959,-0.0002828675167562891,-4.989351272583008,3.8720975791461987
dePablo CV2,test,3,133,0.8471337579617835,212,0.17959717792442184,0.17903333525441312,0.0067341201938688755,0.00799840223044157,0.00032772967824712396,0.021579742431640625,0.0013546954141929746,-0.00843021646142006,0.006802970543503761,-0.0061475117690861225,0.012950481846928596,0.0010617122752591968,-0.0004062529478687793,0.0014679651940241456,0.03322015330195427,-0.6882729530334473,2.2497440330331875,0.08263867240278014,0.026539168388708647,0.0008073805350614115,-0.00030249429814180155,-5.030915260314941,3.9409383874537585
dePablo CV2,test,3,134,0.8535031847133758,212,0.17957405230211942,0.17903333525441312,0.006784943863749504,0.008058927021920681,0.00033019515103660524,0.021739959716796875,0.0013647532323375344,-0.00849330984055996,0.006854030303657055,-0.006193640176206827,0.01304767094552517,0.0010707905748859048,-0.0004104003310203552,0.00148119090590626,0.033469680696725845,-0.7433093786239624,2.2549210131163395,0.08334716008950055,0.027062866135118577,0.0008422231335160189,-0.0003137791103677153,-5.072246551513672,4.009571343467274
dePablo CV2,test,3,135,0.8598726114649682,212,0.17956774742950862,0.17903333525441312,0.006835563108325005,0.008119448088109493,0.00033276801696047187,0.021889686584472656,0.0013741524890065193,-0.008557003922760487,0.006905043497681618,-0.006239506881684065,0.01314455084502697,0.0010794561821967363,-0.00041392006096430123,0.001493376214057207,0.03371933102607727,-0.7980345487594604,2.260284534947997,0.08405480733033195,0.02758806866669387,0.0008696233400606261,-0.00033551140169090903,-5.113600254058838,4.07795413073216
dePablo CV2,test,3,136,0.8662420382165605,212,0.1795358484658735,0.17903333525441312,0.006886135786771774,0.008179948665201664,0.0003352130006533116,0.022060394287109375,0.0013848688686266541,-0.008620036765933037,0.0069559612311422825,-0.006285535171627998,0.013241495937108994,0.001087810262106359,-0.00041738423169590533,0.0015051944646984339,0.033968571573495865,-0.852898359298706,2.2654821805896304,0.08476004105120938,0.028115592034360086,0.0009027386699637664,-0.0003475519376744819,-5.154845714569092,4.1463954208966
dePablo CV2,test,3,137,0.8726114649681529,212,0.17951118691214807,0.17903333525441312,0.006935780867934227,0.008239573799073696,0.00033746223198249936,0.02220916748046875,0.00139420828782022,-0.008683791384100914,0.0070056919939816,-0.00633076811209321,0.01333646010607481,0.0010963869281113148,-0.00042146246414631605,0.0015178493922576308,0.03421817719936371,-0.9077624678611755,2.2707041723036587,0.08546194251075287,0.028626522101268075,0.0009299812522522733,-0.0003668711442216783,-5.196120262145996,4.214852630075556
dePablo CV2,test,3,138,0.8789808917197452,212,0.1794893551373033,0.17903333525441312,0.006985658314079046,0.008299335837364197,0.0003401886497158557,0.022359848022460938,0.0014036674983799458,-0.008746824227273464,0.007056220434606075,-0.006375843659043312,0.013432064093649387,0.001105418079532683,-0.00042504072189331055,0.0015304588014259934,0.03446774557232857,-0.9629254937171936,2.2761351599828425,0.08616396220036598,0.02914008805835243,0.0009698881591430652,-0.000379900477883064,-5.2378339767456055,4.283798244730281
dePablo CV2,test,3,139,0.8853503184713376,212,0.17945075394971627,0.17903333525441312,0.007036196533590555,0.008359326981008053,0.00034287586458958685,0.022520065307617188,0.0014137253165245056,-0.008810518309473991,0.007107201963663101,-0.006421450525522232,0.013528652489185333,0.001114035490900278,-0.0004282837326172739,0.0015423191944137216,0.03471740707755089,-1.018522024154663,2.281275187920251,0.08686729883390035,0.029657898892059272,0.0009984821575485154,-0.0003972643816515091,-5.279479503631592,4.353072368464173
dePablo CV2,test,3,140,0.89171974522293,212,0.1793974969205736,0.17903333525441312,0.007085436023771763,0.00841837003827095,0.00034428550861775875,0.02266979217529297,0.0014231245731934905,-0.008873611688613892,0.00715573551133275,-0.0064671640284359455,0.013622899539768696,0.0011216646526008844,-0.0004330936644691974,0.0015547582879662514,0.03496702387928963,-1.0734623670578003,2.286448884094121,0.08755937556246952,0.03016758446641598,0.0010327916980771045,-0.0004132832047640008,-5.320745468139648,4.421589183721415
dePablo CV2,test,3,141,0.8980891719745223,212,0.17939851951395364,0.17903333525441312,0.007136249449104071,0.008479160256683826,0.00034707417944446206,0.022829055786132812,0.0014331225538626313,-0.008937246166169643,0.007207114715129137,-0.0065129660069942474,0.013720080256462097,0.001130811171606183,-0.000436662754509598,0.0015674738679081202,0.035216353833675385,-1.1283385753631592,2.291890943863003,0.08827079292860707,0.030694046182215055,0.0010634160280767143,-0.00043366550955880446,-5.362288951873779,4.49020145131412
dePablo CV2,test,3,142,0.9044585987261147,212,0.1793948207813431,0.17903333525441312,0.007187318056821823,0.0085401376709342,0.0003494395350571722,0.022989273071289062,0.001443180488422513,-0.009000399149954319,0.007258471567183733,-0.006559592206031084,0.013818063773214817,0.001139050698839128,-0.0004401716578286141,0.0015792223857715726,0.035466477274894714,-1.183351993560791,2.297118483039031,0.08898551400083217,0.03122047459264459,0.0010923870307406338,-0.0004473226408222423,-5.403665542602539,4.558839423867846
dePablo CV2,test,3,143,0.910828025477707,212,0.1793796245291727,0.17903333525441312,0.007238193415105343,0.00860082358121872,0.00035172735806554556,0.023149490356445312,0.0014532383065670729,-0.00906403362751007,0.007309493608772755,-0.006606039125472307,0.01391553319990635,0.0011475839419290423,-0.00044412928400561213,0.0015917131677269936,0.03571552783250809,-1.2381372451782227,2.302462899292663,0.08969412914807935,0.03174778909411675,0.0011289383280613896,-0.0004628197863781457,-5.445034980773926,4.627281307421042
dePablo CV2,test,3,144,0.9171974522292994,212,0.17936767249663654,0.17903333525441312,0.007288567256182432,0.008660977706313133,0.0003543757484294474,0.023309707641601562,0.0014632961247116327,-0.009127787314355373,0.007360418792814016,-0.006651667412370443,0.01401208620518446,0.0011559543199837208,-0.00044720276491716504,0.001603157026693225,0.035965196788311005,-1.2934863567352295,2.3077550830262483,0.09039633896219561,0.03227094566240562,0.001161291853608461,-0.00047580537497633854,-5.486702919006348,4.696359046367977
dePablo CV2,test,3,145,0.9235668789808917,212,0.17932444535803957,0.17903333525441312,0.0073379469104111195,0.00872005894780159,0.0003570712869986892,0.02346038818359375,0.0014727553352713585,-0.009190219454467297,0.007410175167024136,-0.006696032825857401,0.014106208458542824,0.0011647796491160989,-0.0004506370460148901,0.0016154167242348194,0.0362144410610199,-1.3490753173828125,2.313011677807815,0.09108900989676028,0.032780595895930256,0.001197573875334134,-0.0004959847400874427,-5.528481960296631,4.765698710690183
dePablo CV2,test,3,146,0.9299363057324841,212,0.17927396541164806,0.17903333525441312,0.007387693040072918,0.008779438212513924,0.0003595670568756759,0.023609161376953125,0.0014820947544649243,-0.009253853000700474,0.007460249122232199,-0.006741114892065525,0.014201363548636436,0.0011733229039236903,-0.0004541888483799994,0.0016275118105113506,0.03646429255604744,-1.4046027660369873,2.3183118518301216,0.09178284769015874,0.033296227340276534,0.0012281688363455715,-0.0005161367905976314,-5.570273399353027,4.834993227701125
dePablo CV2,test,3,147,0.9363057324840764,212,0.17924255041819037,0.17903333525441312,0.0074373818933963776,0.008839229121804237,0.0003616498433984816,0.023769378662109375,0.0014921525726094842,-0.009317607618868351,0.007510000374168158,-0.006786700803786516,0.014296701177954674,0.0011816101614385843,-0.0004583105619531125,0.0016399207524955273,0.0367136187851429,-1.4597312211990356,2.3236055831463887,0.09248432670960173,0.03381136045496177,0.0012652737615928594,-0.0005393594126753717,-5.611802101135254,4.90381005739432
dePablo CV2,test,3,148,0.9426751592356688,212,0.17924161889623327,0.17903333525441312,0.007488001137971878,0.008899535983800888,0.0003639961942099035,0.023929595947265625,0.001502210390754044,-0.009380640462040901,0.007560775149613619,-0.006832783110439777,0.014393558725714684,0.0011896693613380194,-0.0004616769729182124,0.0016513463342562318,0.036962881684303284,-1.5148532390594482,2.328911218653517,0.09319171189560543,0.03433131438335407,0.001290114510706113,-0.000548072565543325,-5.653340816497803,4.972626857369617
dePablo CV2,test,3,149,0.9490445859872612,212,0.17922256990583965,0.17903333525441312,0.007538313046097755,0.008959896862506866,0.00036655677831731737,0.024089813232421875,0.001512268208898604,-0.009444335475564003,0.007611434906721115,-0.006878321524709463,0.014489756897091866,0.001198306679725647,-0.0004651931521948427,0.0016634998610243201,0.03721218556165695,-1.5699808597564697,2.3342728930583196,0.09390045960979847,0.03485035826180103,0.001328914351426747,-0.0005639625865999184,-5.694949626922607,5.041486135003491
dePablo CV2,test,3,150,0.9554140127388535,212,0.17921341536976715,0.17903333525441312,0.0075890724547207355,0.009020610712468624,0.00036889498005621135,0.024250030517578125,0.0015223260270431638,-0.009507427923381329,0.007662363350391388,-0.006924573332071304,0.014586936682462692,0.001206808490678668,-0.0004690185596700758,0.0016758270794525743,0.03746206313371658,-1.6250499486923218,2.3393860778598508,0.09460974136719986,0.03537751427080441,0.0013603493435223846,-0.0005768246742555767,-5.7362260818481445,5.110117072842268
dePablo CV2,test,3,151,0.9617834394904459,212,0.17918160316671425,0.17903333525441312,0.007639206945896149,0.009080466814339161,0.0003715476195793599,0.024410247802734375,0.0015323839616030455,-0.00957112293690443,0.007712940219789743,-0.006969844456762075,0.014682784676551819,0.0012152924900874496,-0.00047219719272106886,0.0016874896828085184,0.03771132975816727,-1.6807551383972168,2.3447050086727925,0.09531222378556845,0.035892907117078654,0.0013934770979181078,-0.0005931142100888174,-5.778153419494629,5.1796345438635
dePablo CV2,test,3,152,0.9681528662420382,212,0.17914958137385015,0.17903333525441312,0.007688766345381737,0.009140055626630783,0.0003737763618119061,0.024559974670410156,0.0015417832182720304,-0.009634215384721756,0.007762557826936245,-0.007015005219727755,0.014777563512325287,0.0012241643853485584,-0.00047661163262091577,0.0017007760470733047,0.03796079754829407,-1.736302137374878,2.35016619802723,0.09600816417991297,0.03641068295538163,0.0014310007416119214,-0.0006237869766092886,-5.820148468017578,5.249055207982364
dePablo CV2,test,3,153,0.9745222929936306,212,0.17911958699766226,0.17903333525441312,0.007738145068287849,0.009199246764183044,0.000376176496502012,0.02471923828125,0.0015517811989411712,-0.009697248227894306,0.007812166120857,-0.0070598130114376545,0.014871979132294655,0.0012321870308369398,-0.0004798340087290853,0.0017120210686698556,0.03821004927158356,-1.7918426990509033,2.3554110989284167,0.09670272877818976,0.03692058663235263,0.0014599209163024861,-0.00064252042170593,-5.86188268661499,5.318329950910517
dePablo CV2,test,3,154,0.9808917197452229,212,0.17907084447946692,0.17903333525441312,0.007787840440869331,0.009258722886443138,0.0003783340216614306,0.024869918823242188,0.001561240293085575,-0.009761002846062183,0.007861796766519547,-0.00710512837395072,0.014966925606131554,0.0012400518171489239,-0.0004833838320337236,0.0017234357073903084,0.03845979645848274,-1.8474889993667603,2.3607404582391656,0.09739905032714169,0.037434716978661395,0.0014975236947271458,-0.0006589397674632532,-5.90378475189209,5.387784192988779
dePablo CV2,test,3,155,0.9872611464968153,212,0.17903708205851954,0.17903333525441312,0.007838083431124687,0.009318806231021881,0.00038095112540759146,0.025020599365234375,0.0015706995036453009,-0.009824035689234734,0.007912512868642807,-0.007150611374527216,0.015063123777508736,0.001248561660759151,-0.00048665940994396806,0.00173522112891078,0.038709286600351334,-1.9030416011810303,2.3660021750094895,0.09810342636858045,0.03795292122450352,0.0015311386069078404,-0.0006727293587033765,-5.945546627044678,5.457083977412859
dePablo CV2,test,3,156,0.9936305732484076,212,0.17904835991183715,0.17903333525441312,0.007889456115663052,0.0093799764290452,0.00038348601083271205,0.025190353393554688,0.0015813560457900167,-0.00988772977143526,0.00796419382095337,-0.007197221275418997,0.015161415562033653,0.00125650514382869,-0.000489533063955605,0.001746038207784295,0.03895873576402664,-1.9583021402359009,2.3713569335122773,0.09881701518737833,0.03848544808030239,0.0015616878054154164,-0.0006856163357870693,-5.987232208251953,5.52609659523453
dePablo CV2,test,3,157,1.0,212,0.17903333525441312,0.17903333525441312,0.00793981272727251,0.009440379217267036,0.0003860528813675046,0.025339126586914062,0.0015906954649835825,-0.009951424784958363,0.008014900609850883,-0.007242794148623943,0.015257694758474827,0.0012654438614845276,-0.0004933380405418575,0.001758781960234046,0.03920828923583031,-2.013535499572754,2.3765821051395624,0.09952417526076057,0.03900768516710468,0.0015987566251251977,-0.0007068657596082901,-6.028746604919434,5.5949941038670215
dePablo CV2,test,4,0,0.0,144,,0.40844515428566636,0.0,0.0,0.0,0.0,0.0,0.0,0.0,0.0,0.0,0.0,0.0,0.0,0.0,8.140547752380371,3.3316182837242794,0.09305270299526384,0.001126870476139448,0.00016300826231807999,0.00013346683338767725,-0.6704283356666565,-5.84637326458144
dePablo CV2,test,4,1,0.007751937984496124,144,0.37318255250403876,0.40844515428566636,9.208984556607902e-05,0.00010665943409549072,-2.4385130359405593e-07,0.0003795623779296875,2.903346648963634e-05,-7.691849896218628e-05,9.127530211117119e-05,-9.17630095500499e-05,0.0001830383116612211,-5.965638592897449e-06,5.4779357014922425e-06,-1.1443574294389691e-05,0.00024524706532247365,8.079286575317383,3.336715000723169,0.09180118736253909,0.0008925726629303496,0.00016810473638840195,3.70464963019977e-05,-0.7156440615653992,-5.770403420830605
dePablo CV2,test,4,2,0.015503875968992248,144,0.3817204301075269,0.40844515428566636,0.0001894103188533336,0.00021879823179915547,-1.0344924703531433e-06,0.0007791519165039062,5.959884947515093e-05,-0.00015449694183189422,0.00018665887182578444,-0.00018872786313295364,0.0003753867349587381,-1.2903681636089459e-05,1.0834696695383172e-05,-2.3738379240967333e-05,0.0004902149084955454,8.01937484741211,3.341419890127777,0.0904690415810678,0.0007010253209691497,0.00014282481183799917,-3.447174586174055e-05,-0.7595319747924805,-5.69628575705392
dePablo CV2,test,4,3,0.023255813953488372,144,0.387941862551588,0.40844515428566636,0.0002903149288613349,0.00033469556365162134,-1.5257651284628082e-06,0.0011892318725585938,9.096667054109275e-05,-0.00023148876789491624,0.00028560994542203844,-0.0002886614529415965,0.0005742714274674654,-1.958416214620229e-05,1.653263097978197e-05,-3.6116791306994855e-05,0.0007350302767008543,7.960247993469238,3.3462903878914276,0.08908493273430965,0.000547957561175403,9.888706565566716e-05,-7.032880608438644e-05,-0.803114652633667,-5.622993786712521
dePablo CV2,test,4,4,0.031007751937984496,144,0.3925636535093628,0.40844515428566636,0.0003923120384570211,0.00045239305472932756,-2.371612936258316e-06,0.0016088485717773438,0.00012306396092753857,-0.0003076006832998246,0.0003851513611152768,-0.00038989458698779345,0.0007750459481030703,-2.6643690944183618e-05,2.1900465071666986e-05,-4.8544156015850604e-05,0.0009804409928619862,7.9012532234191895,3.3508238076400625,0.08767445015043897,0.00043267863397970454,5.159399935479169e-05,-8.388225804304693e-05,-0.8462128043174744,-5.5500740933697665
dePablo CV2,test,4,5,0.03875968992248062,144,0.3940504419055831,0.40844515428566636,0.0004943149397149682,0.0005697636515833437,-3.042372100026114e-06,0.0020198822021484375,0.0001545047271065414,-0.00038444585516117513,0.00048477097880095243,-0.0004908557166345417,0.0009756266954354942,-3.271436071372591e-05,2.6629617423168384e-05,-5.934397631790489e-05,0.0012266370467841625,7.842121601104736,3.3556083240437453,0.08626578003204267,0.00033851653355586374,1.7494539096175926e-05,-6.427231875273879e-05,-0.889696478843689,-5.476831434279426
dePablo CV2,test,4,6,0.046511627906976744,144,0.39735872787709997,0.40844515428566636,0.0005984836025163531,0.000689968466758728,-3.3927046843018616e-06,0.0024394989013671875,0.00018660203204490244,-0.0004605577851179987,0.0005868037114851177,-0.0005935890949331224,0.00118039280641824,-3.9538368582725525e-05,3.275295966886915e-05,-7.229132461361587e-05,0.0014726859517395496,7.783425807952881,3.360437023406231,0.08482221387016095,0.0002652952719095114,-1.659053716907726e-05,-5.2713728277366495e-05,-0.932953953742981,-5.404077816287914
dePablo CV2,test,4,7,0.05426356589147287,144,0.3977981368850566,0.40844515428566636,0.0007010058034211397,0.0008082472486421466,-4.295880444260547e-06,0.0028591156005859375,0.0002186993369832635,-0.0005366696859709918,0.0006864320021122694,-0.0006950238021090627,0.001381455804221332,-4.640718179871328e-05,3.781542181968689e-05,-8.422259998042136e-05,0.0017182547599077225,7.724245548248291,3.3651794217399322,0.08340090722386712,0.00021413210935640773,-5.170496173671497e-05,-4.4951377858143826e-05,-0.9764187335968018,-5.330804356669247
dePablo CV2,test,4,8,0.06201550387596899,144,0.3998651836872262,0.40844515428566636,0.0008055925136432052,0.0009290889138355851,-4.232499122736044e-06,0.0032892227172851562,0.00025159906363114715,-0.0006135148578323424,0.0007891555433161557,-0.0007976205670274794,0.001586776110343635,-5.241183316684328e-05,4.394683492137119e-05,-9.635866445023566e-05,0.0019636990036815405,7.665518283843994,3.3698873171663104,0.08194911566728018,0.000163856065240065,-7.092594036356047e-05,-3.3360676341281814e-05,-1.0195529460906982,-5.2580906193664845
dePablo CV2,test,4,9,0.06976744186046512,144,0.399748322147651,0.40844515428566636,0.0009072876418940723,0.001046850928105414,-5.473227702168515e-06,0.0036993026733398438,0.00028296688105911016,-0.000688893545884639,0.0008877379004843533,-0.0008986843749880791,0.0017864222172647715,-5.887417864869349e-05,4.7927722334861755e-05,-0.00010680190462153405,0.002209662226960063,7.606032848358154,3.3748798338414954,0.08053368891318138,0.00012744166326528327,-7.722311883296077e-05,-2.2706812961374457e-05,-1.0635097026824951,-5.184295035065943
dePablo CV2,test,4,10,0.07751937984496124,144,0.40160707544626006,0.40844515428566636,0.0010126156266778708,0.0011689011007547379,-6.326008588075638e-06,0.004119873046875,0.0003151371201965958,-0.0007658120593987405,0.0009903269819915295,-0.0010029789991676807,0.00199330598115921,-6.535700958920643e-05,5.270499241305515e-05,-0.00011806200200226158,0.002456231042742729,7.547358989715576,3.3794469591079084,0.07906762563903831,8.763686419293385e-05,-8.87348096575977e-05,-1.890274927734287e-05,-1.1064426898956299,-5.111734684695693
dePablo CV2,test,4,11,0.08527131782945736,144,0.40169641106099235,0.40844515428566636,0.0011153987143188715,0.0012877583503723145,-6.5267086029052734e-06,0.00453948974609375,0.00034723442513495684,-0.000842730572912842,0.001090993988327682,-0.0011040474055334926,0.0021950413938611746,-7.018757605692372e-05,5.713415521313436e-05,-0.0001273217349080369,0.0027022857684642076,7.487700939178467,3.384183687434177,0.07763859542447919,7.063616034781165e-05,-8.971440591930868e-05,-1.3349775407188344e-05,-1.150206208229065,-5.037897756701821
dePablo CV2,test,4,12,0.09302325581395349,144,0.4027690371302706,0.40844515428566636,0.0012201211648061872,0.0014092305209487677,-7.85503289080225e-06,0.0049686431884765625,0.0003800612175837159,-0.0009188425028696656,0.0011924714781343937,-0.0012081816093996167,0.0024006529711186886,-7.658461981918663e-05,6.087455403758213e-05,-0.00013745916658081114,0.0029483670368790627,7.428904056549072,3.389040091732375,0.07617926599330008,4.342292765792287e-05,-9.081760539388846e-05,-7.306935092897361e-06,-1.1935611963272095,-4.965006442149142
dePablo CV2,test,4,13,0.10077519379844961,144,0.40265560165975106,0.40844515428566636,0.0013229497708380222,0.001528147142380476,-8.005700692592654e-06,0.00537872314453125,0.00041142903501167893,-0.0009956876747310162,0.0012932675890624523,-0.0013092788867652416,0.002602546475827694,-8.20581044536084e-05,6.604670488741249e-05,-0.00014810480934102088,0.003194710472598672,7.369091510772705,3.3939007011692928,0.07475033703976951,2.8886767932513895e-05,-9.843954724077052e-05,-8.004667521406607e-06,-1.2375705242156982,-4.890906941143075
dePablo CV2,test,4,14,0.10852713178294573,144,0.403654164899973,0.40844515428566636,0.001428130897693336,0.0016501779900863767,-8.930762305681128e-06,0.0057888031005859375,0.00044279685243964195,-0.0010710663627833128,0.0013956596376374364,-0.0014135211240500212,0.0028091808781027794,-8.756542956689373e-05,6.970390677452087e-05,-0.00015726932906545699,0.0034407058265060186,7.310187339782715,3.3985765800552388,0.073284464944445,8.379404288013548e-06,-9.913407581186222e-05,-2.7722633285228574e-06,-1.2807798385620117,-4.818003701414373
dePablo CV2,test,4,15,0.11627906976744186,144,0.40327338129496404,0.40844515428566636,0.0015303798718377948,0.0017689180094748735,-9.605764716980048e-06,0.006209373474121094,0.0004749670915771276,-0.0011479115346446633,0.0014951825141906738,-0.0015143940690904856,0.0030095765832811594,-9.32132825255394e-05,7.400175672955811e-05,-0.0001672150392550975,0.0036865866277366877,7.250312328338623,3.403422725435498,0.07185766959482753,2.1696691036470976e-06,-0.00010173424765541351,-1.6622824687480274e-06,-1.3248119354248047,-4.743839306826957
dePablo CV2,test,4,16,0.12403100775193798,144,0.40417566109012415,0.40844515428566636,0.001635878812521696,0.0018913635285571218,-1.0326504707336426e-05,0.006628990173339844,0.0005070643965154886,-0.001224023406393826,0.0015979409217834473,-0.0016185939311981201,0.0032165348529815674,-9.849439811659977e-05,7.784138870192692e-05,-0.00017633578681852669,0.003932972904294729,7.191265106201172,3.4081930951967823,0.07038691396720934,-1.2612876281020146e-05,-9.74574210614543e-05,2.757874967159483e-06,-1.368224859237671,-4.6707058673586
dePablo CV2,test,4,17,0.13178294573643412,144,0.4041850569967929,0.40844515428566636,0.001738628838211298,0.002010397845879197,-1.106204217649065e-05,0.0070400238037109375,0.0005385051481425762,-0.0013009419199079275,0.00169811537489295,-0.001720239408314228,0.003418354783207178,-0.00010353409743402153,8.141001308104023e-05,-0.00018494410323910415,0.0041782185435295105,7.131450176239014,3.4128540574939206,0.06895668985435739,-1.5100822274197064e-05,-8.784598607600721e-05,4.442429993995728e-06,-1.4119987487792969,-4.596731177886829
dePablo CV2,test,4,18,0.13953488372093023,144,0.40468407952739377,0.40844515428566636,0.0018437786493450403,0.0021324623376131058,-1.1384073332010303e-05,0.0074596405029296875,0.0005706024821847677,-0.001377860433422029,0.0018010623753070831,-0.0018238305347040296,0.003624892793595791,-0.0001085017720470205,8.573362720198929e-05,-0.0001942353992490098,0.00442411657422781,7.072147846221924,3.417636662857278,0.06749087903284869,-3.0605784191862274e-05,-8.029261070529869e-05,1.0318456204280743e-05,-1.4555892944335938,-4.523287126379347
dePablo CV2,test,4,19,0.14728682170542637,144,0.40460900204591954,0.40844515428566636,0.0019465317018330097,0.002251620404422283,-1.225874075316824e-05,0.007869720458984375,0.0006019702996127307,-0.0014531657798215747,0.0019009786192327738,-0.0019254961516708136,0.0038264747709035873,-0.00011436796194175258,8.98504804354161e-05,-0.00020421843510121107,0.004670748952776194,7.011873722076416,3.4226149337336094,0.06605940732987266,-3.01344868532896e-05,-7.59031665367296e-05,2.1239570782374725e-05,-1.5000333786010742,-4.448564549616524
dePablo CV2,test,4,20,0.15503875968992248,144,0.40517194838848997,0.40844515428566636,0.0020518959499895573,0.002374129369854927,-1.3022373423154932e-05,0.008298873901367188,0.0006347970338538289,-0.0015300842933356762,0.0020036413334310055,-0.0020296862348914146,0.00403332756832242,-0.00011997142428299412,9.392667561769485e-05,-0.0002138981071766466,0.004916157107800245,6.952413082122803,3.427416919756856,0.06458848595898435,-4.289097257205065e-05,-7.631441057457815e-05,1.7009060304916306e-05,-1.543748140335083,-4.374920208168
dePablo CV2,test,4,21,0.16279069767441862,144,0.40515866892969193,0.40844515428566636,0.0021545568015426397,0.0024932329542934895,-1.3156742170394864e-05,0.008708953857421875,0.0006661648512817919,-0.0016061961650848389,0.002104254439473152,-0.002130568027496338,0.00423482246696949,-0.00012509214866440743,9.87786625046283e-05,-0.00022387081116903573,0.005162226967513561,6.89216947555542,3.4323557861908083,0.06315835289230846,-5.1059750383011994e-05,-7.591118107471171e-05,1.8465807033725316e-05,-1.5881259441375732,-4.300259045567049
dePablo CV2,test,4,22,0.17054263565891473,144,0.4055321028863145,0.40844515428566636,0.0022595482878386974,0.002615387085825205,-1.3961818694951944e-05,0.009129524230957031,0.000698335119523108,-0.0016830413369461894,0.0022065266966819763,-0.0022344503086060286,0.0044409772381186485,-0.00013051481801085174,0.00010259118425892666,-0.0002331059949938208,0.005408217664808035,6.832859039306641,3.437210758878087,0.0616916307588204,-5.8188870410154846e-05,-7.283782097624919e-05,1.2884305826199714e-05,-1.631807565689087,-4.226759105773904
dePablo CV2,test,4,23,0.17829457364341086,144,0.40549868519909843,0.40844515428566636,0.002362604020163417,0.002734995214268565,-1.4758565157535486e-05,0.009538650512695312,0.0007296300027519464,-0.001759959850460291,0.0023068536538630724,-0.0023363707587122917,0.0046432241797447205,-0.00013654948270414025,0.00010703234875109047,-0.0002435818314552307,0.005654602311551571,6.772322177886963,3.4421582866559928,0.06025577848274841,-7.086920327514928e-05,-7.6105726994762e-05,1.6234912082543238e-05,-1.676383137702942,-4.151744339362254
dePablo CV2,test,4,24,0.18604651162790697,144,0.40582318925365074,0.40844515428566636,0.0024676984176039696,0.0028572040610015392,-1.6008711099857464e-05,0.009959220886230469,0.0007618002709932625,-0.0018352651968598366,0.0024088004138320684,-0.0024408181197941303,0.004849618300795555,-0.00014151436334941536,0.00010949694114970043,-0.0002510113117750734,0.005900004878640175,6.712636947631836,3.4468452215486165,0.058788221251340124,-7.208020396976248e-05,-6.16327331601833e-05,1.7973489761856578e-05,-1.7201049327850342,-4.077906986233094
dePablo CV2,test,4,25,0.1937984496124031,144,0.4057335436064724,0.40844515428566636,0.0025696796365082264,0.00297557539306581,-1.5778932720422745e-05,0.010369300842285156,0.0007931680884212255,-0.001912183710373938,0.002509003272280097,-0.0025405611377209425,0.0050495644100010395,-0.00014590658247470856,0.00011434871703386307,-0.0002602552995085716,0.006146024446934462,6.651998519897461,3.451720061818542,0.05736699933834809,-7.679262017066233e-05,-5.3049745341443105e-05,1.7607299036845263e-05,-1.7646591663360596,-4.002818141670408
dePablo CV2,test,4,26,0.20155038759689922,144,0.4059825508932281,0.40844515428566636,0.00267501687631011,0.0030978324357420206,-1.6926425814745016e-05,0.010788917541503906,0.0008252653642557561,-0.0019891022238880396,0.0026111879851669073,-0.002645040862262249,0.0052562290802598,-0.00015171141421888024,0.0001178585589514114,-0.00026956998044624925,0.006391601637005806,6.592172145843506,3.4565776417948495,0.05589941777972498,-8.885771558316743e-05,-4.799443149771881e-05,2.2561835202100957e-05,-1.8086737394332886,-3.9287041646205374
dePablo CV2,test,4,27,0.20930232558139536,144,0.4059374249819957,0.40844515428566636,0.0027780381496995687,0.0032173017971217632,-1.7597289115656167e-05,0.011199951171875,0.0008567061158828437,-0.0020652140956372023,0.0027115962002426386,-0.002746790647506714,0.005458386614918709,-0.00015742208051960915,0.00012222750228829682,-0.00027964956825599074,0.006637532729655504,6.531583309173584,3.461556430566541,0.054465122533699444,-9.154000715196165e-05,-4.395459504844307e-05,1.2966303308691704e-05,-1.8533196449279785,-3.853607722169365
dePablo CV2,test,4,28,0.21705426356589147,144,0.4061577637594768,0.40844515428566636,0.0028832617681473494,0.0033396484795957804,-1.7989634216064587e-05,0.01161956787109375,0.0008888034499250352,-0.0021420593839138746,0.002814545528963208,-0.0028505248483270407,0.005665070377290249,-0.0001618659298401326,0.00012588666868396103,-0.00028775259852409363,0.006884453352540731,6.4715094566345215,3.466452954067098,0.052996501414750014,-0.00010162523568626998,-4.029324369199127e-05,1.695924349247415e-05,-1.897538661956787,-3.7791751131630464
dePablo CV2,test,4,29,0.2248062015503876,144,0.4062208977463215,0.40844515428566636,0.0029861265793442726,0.0034592326264828444,-1.8829428881872445e-05,0.0120391845703125,0.0009209007257595658,-0.0022181712556630373,0.0029145884327590466,-0.002952247392386198,0.005866835825145245,-0.00016734428936615586,0.00012968543160241097,-0.00029702973552048206,0.007130726240575314,6.410357475280762,3.4713359042319096,0.05156076571840215,-0.00010079627707829511,-3.635561498613858e-05,1.4085684275750654e-05,-1.942430853843689,-3.7034715431442624
dePablo CV2,test,4,30,0.23255813953488372,144,0.40637773016187406,0.40844515428566636,0.0030910756904631853,0.0035809960681945086,-1.8950551748275757e-05,0.01245880126953125,0.0009529980015940964,-0.0022942831274122,0.0030175084248185158,-0.0030554095283150673,0.006072917953133583,-0.00017213562387041748,0.00013423452037386596,-0.00030637014424428344,0.007376650348305702,6.350446701049805,3.4761044319325594,0.05009920603869242,-0.00011039648286898571,-3.003154503456613e-05,1.5616283785400907e-05,-1.986393690109253,-3.6293143251204336
dePablo CV2,test,4,31,0.24031007751937986,144,0.40619282440885884,0.40844515428566636,0.0031932303681969643,0.003699769964441657,-2.0155632228124887e-05,0.012868881225585938,0.0009843658190220594,-0.0023712017573416233,0.0031164565589278936,-0.00315676792524755,0.006273224484175444,-0.00017829953867476434,0.00013798827421851456,-0.00031628779834136367,0.007622740231454372,6.289423942565918,3.481273229421008,0.04867316702066461,-0.00010479295728699224,-2.8167952289426944e-05,1.5220679831685233e-05,-2.0315425395965576,-3.5535813785546657
dePablo CV2,test,4,32,0.24806201550387597,144,0.4064720876449636,0.40844515428566636,0.003298782743513584,0.0038222884759306908,-2.062894964183215e-05,0.013289451599121094,0.0010165361454710364,-0.002447313629090786,0.003219486214220524,-0.003260744037106633,0.006480230018496513,-0.00018339820962864906,0.00014214031398296356,-0.0003255385090596974,0.00786891020834446,6.229341983795166,3.4861073339213675,0.04720271412962538,-0.00011795535205989406,-2.116917589832943e-05,1.3733913736727826e-05,-2.075692653656006,-3.479179054835092
dePablo CV2,test,4,33,0.2558139534883721,144,0.40651910546478504,0.40844515428566636,0.0034015816636383533,0.003941738978028297,-2.1405983716249466e-05,0.013698577880859375,0.001047830912284553,-0.0025242320261895657,0.0033194799907505512,-0.0033622917253524065,0.006681771948933601,-0.00018885452300310135,0.00014604255557060242,-0.00033489707857370377,0.008114944212138653,6.1679792404174805,3.4910610575800236,0.04576881797600431,-0.0001186804111955748,-2.126238392644037e-05,9.81296244195031e-06,-2.1208035945892334,-3.403180081890516
dePablo CV2,test,4,34,0.26356589147286824,144,0.40666709037752635,0.40844515428566636,0.0035069799050688744,0.004064084030687809,-2.201936331402976e-05,0.014120101928710938,0.0010800741147249937,-0.0026003438979387283,0.003422209294512868,-0.003466248046606779,0.006888457573950291,-0.0001944589166669175,0.00015042017912492156,-0.0003448791103437543,0.008360432460904121,6.107605457305908,3.4959880570444657,0.04430036457826363,-0.0001278693774441011,-1.8261655668472783e-05,1.6142226365873802e-05,-2.165250539779663,-3.3283719987694944
dePablo CV2,test,4,35,0.2713178294573643,144,0.40654760986000277,0.40844515428566636,0.003609561361372471,0.0041832271963357925,-2.2878612071508542e-05,0.014529228210449219,0.0011113689979538321,-0.0026771891862154007,0.003521926235407591,-0.0035676832776516676,0.007089609280228615,-0.0001999827945837751,0.0001542255631648004,-0.0003542083431966603,0.008607153780758381,6.046135425567627,3.5009860330802725,0.0428701494400564,-0.00012763283851442516,-1.625900944139584e-05,1.6476315589604857e-05,-2.210482597351074,-3.2522173924111506
dePablo CV2,test,4,36,0.27906976744186046,144,0.4067292973557043,0.40844515428566636,0.003714840393513441,0.004305260255932808,-2.3146676539909095e-05,0.014948844909667969,0.0011434663319960237,-0.0027533010579645634,0.003625053446739912,-0.00367134646512568,0.007296400144696236,-0.0002053560019703582,0.00015906264889054,-0.0003644186654128134,0.008853188715875149,5.985652446746826,3.5060040654830593,0.04140552916274366,-0.00013647432149272446,-1.974927279331196e-05,1.1150635767837224e-05,-2.2551074028015137,-3.1772215035949527
dePablo CV2,test,4,37,0.2868217054263566,144,0.40662597827356617,0.40844515428566636,0.0038175624795258045,0.004424845799803734,-2.3872746169217862e-05,0.015359878540039062,0.0011749070836231112,-0.002829412929713726,0.0037250593304634094,-0.0037728052120655775,0.007497864775359631,-0.00021029822528362274,0.00016255273658316582,-0.0003728509764187038,0.009098776616156101,5.923988342285156,3.5110407261107524,0.03996995318314666,-0.00013267802350483675,-1.3889892929093711e-05,1.5159445658659056e-05,-2.300509452819824,-3.100811818510885
dePablo CV2,test,4,38,0.29457364341085274,144,0.40686399954505387,0.40844515428566636,0.003922931384295225,0.004547141492366791,-2.468837919877842e-05,0.015779495239257812,0.0012070044176653028,-0.0029064049012959003,0.0038275644183158875,-0.0038769410457462072,0.007704505696892738,-0.00021617280435748398,0.00016679604595992714,-0.00038296886486932635,0.009344877675175667,5.863603115081787,3.51583561327013,0.03850208446741107,-0.00013632714940980256,-7.693207195580553e-06,5.212609748935984e-06,-2.3448069095611572,-3.0260746162935046
dePablo CV2,test,4,39,0.3023255813953488,144,0.406774260580453,0.40844515428566636,0.004025885835289955,0.0046669128350913525,-2.5455528884776868e-05,0.0161895751953125,0.0012383721768856049,-0.002983249956741929,0.003927851095795631,-0.0039787618443369865,0.007906612940132618,-0.0002217823639512062,0.00017087130981963128,-0.0003926536883227527,0.00959072820842266,5.80175256729126,3.521040413363879,0.03706444284441607,-0.00013709908847669628,-6.518634851795665e-06,7.076144465403267e-06,-2.3905277252197266,-2.949336142875946
dePablo CV2,test,4,40,0.31007751937984496,144,0.40700266111929106,0.40844515428566636,0.0041311923414468765,0.004789075814187527,-2.6070305466419086e-05,0.016618728637695312,0.001271198969334364,-0.0030586286447942257,0.004030645824968815,-0.00408278638496995,0.008113432675600052,-0.00022717741376254708,0.0001750367955537513,-0.00040221420931629837,0.009836940094828606,5.741154193878174,3.5260370651627158,0.03559843764269252,-0.0001520194191914675,-4.835902998423368e-06,9.074052515592132e-06,-2.4352009296417236,-2.874216960742203
dePablo CV2,test,4,41,0.3178294573643411,144,0.40691345659651296,0.40844515428566636,0.00423387298360467,0.004908327013254166,-2.6555007934803143e-05,0.01702880859375,0.0013025668449699879,-0.003135473933070898,0.004130782559514046,-0.004183892626315355,0.008314674720168114,-0.00023290753597393632,0.00017979751282837242,-0.00041270506335422397,0.010082758031785488,5.6792216300964355,3.530981747510806,0.03416695568006726,-0.00014603803456211795,-5.082020016185948e-06,3.551157754601115e-06,-2.480665445327759,-2.797547444246914
dePablo CV2,test,4,42,0.32558139534883723,144,0.4071095900985513,0.40844515428566636,0.004338623024523258,0.005030411761254072,-2.7371985197532922e-05,0.017449378967285156,0.001334737055003643,-0.0032123189885169268,0.004232786130160093,-0.004287530202418566,0.008520316332578659,-0.00023798231268301606,0.00018323834228795022,-0.0004212206695228815,0.010329166427254677,5.6182942390441895,3.536022936674625,0.032701760546525495,-0.0001553585490446456,4.758523783639573e-06,5.50059605295964e-06,-2.525601863861084,-2.7220092744064286
dePablo CV2,test,4,43,0.3333333333333333,144,0.40701926339201566,0.40844515428566636,0.004442030563950539,0.005150461569428444,-2.782445153570734e-05,0.017858505249023438,0.0013660319382324815,-0.0032885042019188404,0.004333747550845146,-0.0043893964029848576,0.008723143488168716,-0.00024281007063109428,0.0001871611748356372,-0.0004299712600186467,0.010575915686786175,5.556351184844971,3.541069837530712,0.03126078801628901,-0.0001537313458209505,8.758723119614572e-06,6.961255374452203e-06,-2.5711944103240967,-2.645261954920611
dePablo CV2,test,4,44,0.34108527131782945,144,0.407154523461581,0.40844515428566636,0.004546578042209148,0.005271869711577892,-2.8528789698611945e-05,0.018280029296875,0.0013982751406729221,-0.0033653494901955128,0.004435562528669834,-0.004492620006203651,0.008928182534873486,-0.0002488695608917624,0.00019181199604645371,-0.0004406815569382161,0.010822132229804993,5.494923114776611,3.54605586617605,0.02980373961933122,-0.0001613715869044455,7.633536781356551e-06,4.204162129578745e-06,-2.6163854598999023,-2.56916479155407
dePablo CV2,test,4,45,0.3488372093023256,144,0.4070485110470701,0.40844515428566636,0.004649890586733818,0.005391694605350494,-2.9486345738405362e-05,0.018678665161132812,0.0014287675730884075,-0.0034422678872942924,0.004535874351859093,-0.004594846628606319,0.009130720980465412,-0.00025430621462874115,0.00019533353042788804,-0.0004496397450566292,0.011067443527281284,5.43303918838501,3.5511380314337284,0.028365431195560047,-0.00015630629516719685,1.1173210038629784e-05,6.000465493998224e-06,-2.6619820594787598,-2.49246510553718
dePablo CV2,test,4,46,0.35658914728682173,144,0.40718464393957193,0.40844515428566636,0.004755147732794285,0.0055138422176241875,-2.9764758437522687e-05,0.01909923553466797,0.0014609377831220627,-0.003517646575346589,0.004638930782675743,-0.004698460455983877,0.009337391704320908,-0.0002589201903901994,0.00019939067715313286,-0.0004583108820952475,0.01131342351436615,5.371761798858643,3.5560981593145464,0.02689947907269538,-0.00016277845846843176,1.530089525501045e-05,7.5745741599122505e-06,-2.7070460319519043,-2.416563345256984
dePablo CV2,test,4,47,0.3643410852713178,144,0.4071561616115161,0.40844515428566636,0.00485888309776783,0.005634244065731764,-3.097408261965029e-05,0.019519805908203125,0.0014931081095710397,-0.0035944918636232615,0.00473951967433095,-0.00480146799236536,0.009540988132357597,-0.00026495548081584275,0.00020300730830058455,-0.0004679627891164273,0.011559326201677322,5.309478282928467,3.561319022926531,0.025454385388349272,-0.00016326961866699736,1.5546774852906084e-05,7.289235607099855e-06,-2.7530627250671387,-2.3393007088469364
dePablo CV2,test,4,48,0.37209302325581395,144,0.40728398536448074,0.40844515428566636,0.0049630096182227135,0.005755560472607613,-3.108961755060591e-05,0.019928932189941406,0.0015244028763845563,-0.00367133691906929,0.004841472953557968,-0.004903652239590883,0.009745124727487564,-0.00026957422960549593,0.0002073949872283265,-0.00047696923138573766,0.011805708520114422,5.247983455657959,3.566315695129129,0.02399827645625745,-0.00016107644636110993,2.2371467974282325e-05,2.7117428056173705e-06,-2.798309087753296,-2.2631175060771875
dePablo CV2,test,4,49,0.3798449612403101,144,0.40725219462702367,0.40844515428566636,0.005066782236099243,0.005875969771295786,-3.169388946844265e-05,0.020349502563476562,0.0015565732028335333,-0.0037474490236490965,0.004942637402564287,-0.005006025079637766,0.009948662482202053,-0.0002749177219811827,0.00021152995759621263,-0.0004864476795773953,0.012051481753587723,5.185835361480713,3.5714433818395963,0.02255314778439725,-0.00016373156480438942,2.342769180584958e-05,9.886689165950444e-06,-2.8441286087036133,-2.186075173953999
dePablo CV2,test,4,50,0.3875968992248062,144,0.40731093072774244,0.40844515428566636,0.005170820280909538,0.005997037515044212,-3.2943931728368625e-05,0.020769119262695312,0.001588670420460403,-0.003824440762400627,0.005043444689363241,-0.005109332501888275,0.010152777656912804,-0.0002805747790262103,0.00021468692284543067,-0.0004952616873197258,0.012297648936510086,5.123968601226807,3.576540217332691,0.021100139170851583,-0.00016632613645596188,2.9774364392083995e-05,5.293517433112744e-06,-2.8897316455841064,-2.1093864833601814
dePablo CV2,test,4,51,0.3953488372093023,144,0.40731792605779316,0.40844515428566636,0.0052742743864655495,0.006117372307926416,-3.291894245194271e-05,0.02117919921875,0.001620038296096027,-0.003899672767147422,0.005144897382706404,-0.005210735369473696,0.0103556327521801,-0.0002855903876479715,0.00021975248819217086,-0.0005053428467363119,0.012543897144496441,5.061737537384033,3.581660172717435,0.019655749110328392,-0.00015920213019913508,3.147255375761144e-05,8.89399947454357e-06,-2.9355950355529785,-2.0322506168433763
dePablo CV2,test,4,52,0.40310077519379844,144,0.40740394308816347,0.40844515428566636,0.0053785257041454315,0.006238800473511219,-3.360713890288025e-05,0.02159881591796875,0.0016521356301382184,-0.0039766645058989525,0.005246414802968502,-0.005313629284501076,0.010560044087469578,-0.0002914791402872652,0.00022426486248150468,-0.0005157439736649394,0.012790147215127945,4.999480724334717,3.586637899775901,0.018198353203319913,-0.00015723293597958042,3.224513406137681e-05,6.49498108811285e-06,-2.9813060760498047,-1.9551751199089324
dePablo CV2,test,4,53,0.4108527131782946,144,0.4074043863495009,0.40844515428566636,0.005483058746904135,0.0063599832355976105,-3.435690450714901e-05,0.022008895874023438,0.0016835033893585205,-0.004053509794175625,0.005348112899810076,-0.00541682681068778,0.010764939710497856,-0.0002967396576423198,0.00022802584862802178,-0.0005247655208222568,0.013037142343819141,4.937284469604492,3.5919427279350384,0.016743941324034402,-0.0001571905849031663,4.0492364334777935e-05,4.1607741464549465e-06,-3.0273666381835938,-1.8779623730030646
dePablo CV2,test,4,54,0.4186046511627907,144,0.4074155616712534,0.40844515428566636,0.005586869083344936,0.0064806751906871796,-3.526804721332155e-05,0.022429466247558594,0.0017156735993921757,-0.0041296216659247875,0.005448991898447275,-0.005519527941942215,0.010968519374728203,-0.0003026921476703137,0.00023215606051962823,-0.0005348481936380267,0.013283107429742813,4.874990940093994,3.597041891738221,0.015295482195958223,-0.00016021692484718738,3.657495328705596e-05,6.853012863079605e-06,-3.0732452869415283,-1.800765658311068
dePablo CV2,test,4,55,0.4263565891472868,144,0.40746600110054243,0.40844515428566636,0.005691352766007185,0.006601836998015642,-3.5884426324628294e-05,0.022849082946777344,0.0017477709334343672,-0.004206540063023567,0.005550948902964592,-0.005622717086225748,0.011173665523529053,-0.00030802603578194976,0.00023625718313269317,-0.0005442831898108125,0.01352862548083067,4.812803745269775,3.6020573199434347,0.013841284380210445,-0.0001573635287451125,4.526287835127807e-05,5.444242537273702e-06,-3.1189565658569336,-1.7237486881025113
dePablo CV2,test,4,56,0.43410852713178294,144,0.4073884637283948,0.40844515428566636,0.005794707685709,0.006722116842865944,-3.672949969768524e-05,0.02325916290283203,0.0017791388090699911,-0.0042833853513002396,0.005651526618748903,-0.005724985618144274,0.011376512236893177,-0.00031376496190205216,0.00024030596250668168,-0.0005540709244087338,0.013774963095784187,4.749913692474365,3.6072985787862213,0.01239768949244163,-0.0001544845819578154,4.3196397041657125e-05,5.88539618818133e-06,-3.1653852462768555,-1.6457531093054563
dePablo CV2,test,4,57,0.4418604651162791,144,0.4075113542624707,0.40844515428566636,0.0058999815955758095,0.0068441457115113735,-3.7278565287124366e-05,0.023679733276367188,0.0018113090191036463,-0.0043587638065218925,0.005754193291068077,-0.005828750319778919,0.011582943610846996,-0.00031967140967026353,0.00024511426454409957,-0.0005647856742143631,0.014020903035998344,4.687675952911377,3.612345636791161,0.010933234441829085,-0.00015815488410567802,4.3223533783002184e-05,-6.046301191008823e-06,-3.2111663818359375,-1.568655925151402
dePablo CV2,test,4,58,0.4496124031007752,144,0.4074640078274239,0.40844515428566636,0.006002603564411402,0.0069636451080441475,-3.835931420326233e-05,0.02408885955810547,0.0018426039023324847,-0.0044356826692819595,0.005853699520230293,-0.005930418148636818,0.011784117668867111,-0.00032523347181268036,0.0002485148434061557,-0.0005737483152188361,0.014266669750213623,4.62462854385376,3.617560789894533,0.009498883112160583,-0.00014764736811527445,4.658158874740109e-05,-1.2325737683673987e-07,-3.257664680480957,-1.4904902693691575
dePablo CV2,test,4,59,0.4573643410852713,144,0.4075760351777208,0.40844515428566636,0.006107635330408812,0.0070858728140592575,-3.8246987969614565e-05,0.024509429931640625,0.0018747741123661399,-0.004511794541031122,0.005956899840384722,-0.006033394020050764,0.011990293860435486,-0.00033012611675076187,0.00025363214081153274,-0.0005837582284584641,0.014512794092297554,4.562198162078857,3.6227411111125183,0.0080320560429505,-0.00015206229699494183,4.679712175672173e-05,-1.90065479916136e-06,-3.303727149963379,-1.4130792369806304
dePablo CV2,test,4,60,0.46511627906976744,144,0.40751984001873653,0.40844515428566636,0.00621073367074132,0.007205556146800518,-3.920635208487511e-05,0.024919509887695312,0.0019061419880017638,-0.004588639829307795,0.006057137623429298,-0.006135549861937761,0.012192687019705772,-0.00033567732316441834,0.0002572646189946681,-0.0005929419421590865,0.01475834846496582,4.499159336090088,3.6279160926783764,0.006595596138591988,-0.00014579587916402988,5.401319477613961e-05,-2.4432630568275328e-06,-3.350172281265259,-1.3349494515624927
dePablo CV2,test,4,61,0.4728682170542636,144,0.4076325326292099,0.40844515428566636,0.006316361948847771,0.007328197825700045,-3.9865055441623554e-05,0.025348663330078125,0.001938968780450523,-0.00466548465192318,0.00616011768579483,-0.0062398482114076614,0.012399965897202492,-0.00034105157828889787,0.00026132146012969315,-0.000602373038418591,0.015004608780145645,4.436857223510742,3.633126939094164,0.005123930912995826,-0.00015928632871182452,4.888420879308066e-05,-3.143867097138567e-06,-3.396188974380493,-1.257671146995543
dePablo CV2,test,4,62,0.4806201550387597,144,0.40755463730592534,0.40844515428566636,0.006418721284717321,0.007447258569300175,-4.06619074055925e-05,0.02574920654296875,0.0019696070812642574,-0.004741670098155737,0.006259689573198557,-0.006341013591736555,0.012600703164935112,-0.00034686291473917663,0.00026553909992799163,-0.0006124019855633378,0.015250748954713345,4.3731818199157715,3.638484510206315,0.0036949089479243855,-0.00014987749514820033,5.1663866035286734e-05,-2.9308403429439974e-06,-3.4432578086853027,-1.1786690671648563
dePablo CV2,test,4,63,0.4883720930232558,144,0.4076562084437924,0.40844515428566636,0.006524709518998861,0.0075704073533415794,-4.1215887904400006e-05,0.02617931365966797,0.00200250674970448,-0.004818515386432409,0.006363109219819307,-0.006445541046559811,0.012808650732040405,-0.00035309273516759276,0.00027066096663475037,-0.0006237537018023431,0.015496538951992989,4.311007499694824,3.6435295721336383,0.0022170708429965725,-0.0001564758074695306,4.6960164970297274e-05,3.256268281920711e-09,-3.4889960289001465,-1.1016484320499216
dePablo CV2,test,4,64,0.49612403100775193,144,0.4076348127190575,0.40844515428566636,0.006627468392252922,0.0076897586695849895,-4.196508598397486e-05,0.026589393615722656,0.002033874625340104,-0.004894700367003679,0.0064630694687366486,-0.006546999327838421,0.01301006879657507,-0.0003579918120522052,0.00027406163280829787,-0.0006320534739643335,0.01574280485510826,4.247422218322754,3.6488089367478036,0.0007846949152239973,-0.0001560330039634239,5.3359159793067005e-05,3.7858190771272263e-06,-3.535914421081543,-1.0228033190667862
dePablo CV2,test,4,65,0.5038759689922481,144,0.4077388129828442,0.40844515428566636,0.0067322347313165665,0.007811621762812138,-4.267604526830837e-05,0.026998519897460938,0.0020651693921536207,-0.004970812238752842,0.006565183401107788,-0.006650535389780998,0.013215718790888786,-0.00036409765016287565,0.00027874557417817414,-0.0006428431952372193,0.01598890870809555,4.184665203094482,3.654033673470048,-0.0006778029191462019,-0.00015566491087747392,5.0002864278543624e-05,4.955866621620525e-06,-3.5822384357452393,-0.9449762066887266
dePablo CV2,test,4,66,0.5116279069767442,144,0.4076491544162811,0.40844515428566636,0.00683584064245224,0.00793172512203455,-4.3268679291941226e-05,0.027429580688476562,0.0020981421694159508,-0.005047657527029514,0.0066661536693573,-0.0067526912316679955,0.013418844901025295,-0.0003697120992001146,0.00028317474061623216,-0.0006528868107125163,0.016234995797276497,4.1208882331848145,3.6592519674073842,-0.0021192646464963513,-0.0001489535938181524,4.694952546315127e-05,-6.606520483568918e-07,-3.629206895828247,-0.8659426217908409
dePablo CV2,test,4,67,0.5193798449612403,144,0.40775610307049387,0.40844515428566636,0.0069403937086462975,0.008053628727793694,-4.3800464482046664e-05,0.027849197387695312,0.0021302395034581423,-0.005124575924128294,0.00676813954487443,-0.006855740211904049,0.013623880222439766,-0.00037558923941105604,0.00028798833955079317,-0.0006635775789618492,0.016480859369039536,4.0579023361206055,3.6644333633360167,-0.0035822166531486364,-0.00015079844180002173,4.8398862257806225e-05,-3.2319593707287693e-06,-3.675625801086426,-0.7878715571728808
dePablo CV2,test,4,68,0.5271317829457365,144,0.40775657178286684,0.40844515428566636,0.0070439791306853294,0.008174069225788116,-4.4384869397617877e-05,0.02825927734375,0.002161607379093766,-0.005200614687055349,0.006869115401059389,-0.006957885343581438,0.013827000744640827,-0.00038059832877479494,0.0002918285899795592,-0.0006724268896505237,0.016726914793252945,3.9942526817321777,3.66983252499742,-0.005027672301368255,-0.00014680991323826417,5.001478032754741e-05,-4.25464161739572e-06,-3.7227275371551514,-0.7088734489815566
dePablo CV2,test,4,69,0.5348837209302325,144,0.4077506384445454,0.40844515428566636,0.007147989235818386,0.008294862695038319,-4.5026496081845835e-05,0.02867889404296875,0.002193704480305314,-0.005277606658637524,0.006970542948693037,-0.007060596719384193,0.014031140133738518,-0.00038610160117968917,0.0002960486162919551,-0.0006821502465754747,0.016973130404949188,3.9308974742889404,3.6750803439819384,-0.006477366461079395,-0.00014357302093017142,5.4233347424353555e-05,-7.236536180211732e-06,-3.7694613933563232,-0.6303215806300451
dePablo CV2,test,4,70,0.5426356589147286,144,0.4078272687959474,0.40844515428566636,0.007252444978803396,0.008416443131864071,-4.605555659509264e-05,0.029079437255859375,0.0022243428975343704,-0.005353644955903292,0.007071946281939745,-0.007164057809859514,0.01423600409179926,-0.00039192248368635774,0.00029981136322021484,-0.0006917338469065726,0.017219137400388718,3.867257833480835,3.6802450561933315,-0.007936487114184399,-0.00014042702620804825,5.167499922348835e-05,-3.7118417184089375e-06,-3.8162784576416016,-0.5514852492957546
dePablo CV2,test,4,71,0.5503875968992248,144,0.4078236109207741,0.40844515428566636,0.007356401067227125,0.008537192828953266,-4.649990296456963e-05,0.029508590698242188,0.0022571696899831295,-0.005429830402135849,0.007173352874815464,-0.007266352418810129,0.01443970575928688,-0.00039720203494653106,0.0003042022290173918,-0.0007014042930677533,0.017464473843574524,3.803495407104492,3.68545631943012,-0.009385638855365908,-0.00013845699568900487,5.667190970329498e-05,-3.4957389911069463e-06,-3.863229274749756,-0.47247342119388885
dePablo CV2,test,4,72,0.5581395348837209,144,0.4078470235816122,0.40844515428566636,0.0074613699689507484,0.008659184910356998,-4.723398888017982e-05,0.029929161071777344,0.0022893399000167847,-0.005506675690412521,0.007275634445250034,-0.007370102684944868,0.014645736664533615,-0.00040265845018438995,0.0003081904724240303,-0.0007108489517122507,0.017710944637656212,3.7400307655334473,3.690809104093841,-0.010849616455481482,-0.00014157465846262427,5.901064825635474e-05,-4.248994641949582e-06,-3.9101576805114746,-0.3937245564819354
dePablo CV2,test,4,73,0.5658914728682171,144,0.4078017860580839,0.40844515428566636,0.007564142346382141,0.0087785255163908,-4.7709429054521024e-05,0.030328750610351562,0.0023199054412543774,-0.005582787562161684,0.007375973742455244,-0.007471392396837473,0.014847366139292717,-0.00040825840551406145,0.00031283951830118895,-0.0007210979238152504,0.017957013100385666,3.6756978034973145,3.6961439192031476,-0.012281883316554715,-0.0001349530730524049,5.861875406362739e-05,-2.901007654130505e-06,-3.9576199054718018,-0.3139565644658597
dePablo CV2,test,4,74,0.5736434108527132,144,0.4078908920901148,0.40844515428566636,0.007669461891055107,0.008901000954210758,-4.806814467883669e-05,0.030759811401367188,0.0023528779856860638,-0.005659705959260464,0.007478958927094936,-0.007575095631182194,0.01505405455827713,-0.0004137979994993657,0.0003176617028657347,-0.0007314597023651004,0.018203120678663254,3.6124043464660645,3.7014400659515445,-0.01375171898864371,-0.0001333461612566196,6.1021373664759796e-05,-4.833268518134134e-06,-4.004371643066406,-0.2354470905107955
dePablo CV2,test,4,75,0.5813953488372093,144,0.40781156526815765,0.40844515428566636,0.007771429140120745,0.009019855409860611,-4.899750274489634e-05,0.031159400939941406,0.002383443294093013,-0.005735744722187519,0.0075780353508889675,-0.007676030043512583,0.01525406539440155,-0.00041910301661118865,0.0003211080329492688,-0.0007402110495604575,0.018449170514941216,3.548095226287842,3.70696911266729,-0.01517812473799283,-0.0001284910944941331,5.818346685644068e-05,-6.107123656889428e-06,-4.052049160003662,-0.15558321756554888
dePablo CV2,test,4,76,0.5891472868217055,144,0.40791111553699844,0.40844515428566636,0.007877224124968052,0.009142706170678139,-4.9759790272219107e-05,0.031589508056640625,0.002416343195363879,-0.005812736228108406,0.007680973969399929,-0.0077804941684007645,0.015461468137800694,-0.0004248508485034108,0.000325331260683015,-0.0007501820800825953,0.01869528740644455,3.484287738800049,3.7120552648163088,-0.0166524972986803,-0.00012301029781607755,5.9975177070403595e-05,-4.6915536914585345e-06,-4.098880290985107,-0.07659789396158317
dePablo CV2,test,4,77,0.5968992248062015,144,0.40785464552998496,0.40844515428566636,0.007979691959917545,0.009261907078325748,-5.0189439207315445e-05,0.032009124755859375,0.0024484405294060707,-0.005888115148991346,0.0077810403890907764,-0.00788141880184412,0.015662459656596184,-0.00043044984340667725,0.00033007096499204636,-0.0007605208083987236,0.018941687420010567,3.419703245162964,3.7175661461995597,-0.018083024063179253,-0.00012133400432396754,5.5954812463790466e-05,-1.742594087164636e-07,-4.146712303161621,0.003581208013885213
dePablo CV2,test,4,78,0.6046511627906976,144,0.4079703364868143,0.40844515428566636,0.008085195906460285,0.009384780190885067,-5.135250466992147e-05,0.03241920471191406,0.002479808172211051,-0.005964960437268019,0.007883395999670029,-0.007986100390553474,0.015869496390223503,-0.0004364835622254759,0.0003337785601615906,-0.000770262093283236,0.01918785832822323,3.3559305667877197,3.7229040621005156,-0.019557612896207003,-0.00011968335803281916,5.7116283185498156e-05,-1.7309751515980707e-06,-4.193819999694824,0.08268617772913779
dePablo CV2,test,4,79,0.6124031007751938,144,0.40790365073391044,0.40844515428566636,0.008188608102500439,0.009504801593720913,-5.16668806085363e-05,0.03283882141113281,0.0025119055062532425,-0.006041072309017181,0.007984445430338383,-0.008087779395282269,0.01607222482562065,-0.00044132934999652207,0.00033799558877944946,-0.0007793249096721411,0.019434073939919472,3.2912752628326416,3.728237394661197,-0.0209980249056358,-0.00011412626115845678,5.872065813662522e-05,-1.3244732499410869e-06,-4.241486549377441,0.16283581186408633
dePablo CV2,test,4,80,0.6201550387596899,144,0.4079725373860511,0.40844515428566636,0.008293266408145428,0.009626595303416252,-5.226985740591772e-05,0.03325939178466797,0.0025440757162868977,-0.0061179171316325665,0.008086425252258778,-0.00819096527993679,0.016277391463518143,-0.0004478305927477777,0.0003432908852118999,-0.000791121507063508,0.019679762423038483,3.2272284030914307,3.733634922899292,-0.022459652311556024,-0.00011129399996643979,5.2507447879884964e-05,-2.2540064146691375e-06,-4.288840293884277,0.2423043216679578
dePablo CV2,test,4,81,0.627906976744186,144,0.4080066210137092,0.40844515428566636,0.008397581055760384,0.00974762998521328,-5.306003367877565e-05,0.03366851806640625,0.002575370715931058,-0.006194029003381729,0.00818781927227974,-0.008293937891721725,0.016481757164001465,-0.00045359073556028306,0.00034747066092677414,-0.0008010613964870572,0.019925564527511597,3.1630334854125977,3.7390105505008444,-0.02391222993680133,-0.00010514841197858747,5.3861161899690314e-05,-1.5975573730842764e-06,-4.3362627029418945,0.32193456067619847
dePablo CV2,test,4,82,0.6356589147286822,144,0.40796265896639705,0.40844515428566636,0.008501517586410046,0.009868614375591278,-5.373042949941009e-05,0.034089088439941406,0.002607540925964713,-0.0062708742916584015,0.008289117366075516,-0.008396577090024948,0.016685694456100464,-0.00045894260983914137,0.0003514817508403212,-0.0008104243315756321,0.020172182470560074,3.098301410675049,3.744431892752162,-0.02536416175205318,-0.00010090377229695014,5.574441366262768e-05,-2.6077614854592017e-06,-4.384082794189453,0.4022315822582381
dePablo CV2,test,4,83,0.6434108527131783,144,0.407991663138698,0.40844515428566636,0.008605856448411942,0.009990083053708076,-5.414833503891714e-05,0.03450965881347656,0.0026397111359983683,-0.006347866263240576,0.00839113350957632,-0.008499430492520332,0.01689056307077408,-0.000464501790702343,0.0003562051279004663,-0.0008207069477066398,0.02041814476251602,3.033926010131836,3.7497617258748184,-0.026821931890672748,-9.46327737271822e-05,5.236174127829154e-05,1.3793499723632578e-06,-4.43156623840332,0.48204675968957095
dePablo CV2,test,4,84,0.6511627906976745,144,0.40796637876662073,0.40844515428566636,0.008708273060619831,0.010109159164130688,-5.490482726600021e-05,0.03490924835205078,0.0026702764444053173,-0.0064239781349897385,0.008490754291415215,-0.008600564673542976,0.01709131896495819,-0.0004700306453742087,0.00036022099084220827,-0.0008302516071125865,0.020664870738983154,2.968770980834961,3.7551874512456997,-0.028250993976647615,-8.622216280275557e-05,4.649814502973538e-05,-3.159941016591496e-07,-4.47966194152832,0.5628485913888868
dePablo CV2,test,4,85,0.6589147286821705,144,0.4080215230208552,0.40844515428566636,0.008813801221549511,0.010231776162981987,-5.599214637186378e-05,0.03533935546875,0.0027031763456761837,-0.006500823423266411,0.008593148551881313,-0.008705132640898228,0.01729828119277954,-0.0004765336634591222,0.00036454934161156416,-0.0008410830050706863,0.020911356434226036,2.9045796394348145,3.7605770576595225,-0.029722498994744287,-8.32205691537972e-05,5.354500461090203e-05,-5.733761168453608e-06,-4.527098655700684,0.6424835228255668
dePablo CV2,test,4,86,0.6666666666666666,144,0.40794428065852417,0.40844515428566636,0.008916313759982586,0.010351080447435379,-5.617551505565643e-05,0.03573894500732422,0.0027337416540831327,-0.006576201878488064,0.008693455718457699,-0.008805806748569012,0.01749926246702671,-0.00048163399333134294,0.00036928296322003007,-0.000850916956551373,0.02115711010992527,2.8392786979675293,3.7661081869746345,-0.031154259664260456,-7.901509576466469e-05,4.9637296677267286e-05,-5.462768219761696e-06,-4.575412750244141,0.723525927136936
dePablo CV2,test,4,87,0.6744186046511628,144,0.4080633334576141,0.40844515428566636,0.009022152982652187,0.01047439780086279,-5.715821680496447e-05,0.03616905212402344,0.0027666413225233555,-0.006653047166764736,0.008796329610049725,-0.008910644799470901,0.0177069753408432,-0.0004872978897765279,0.00037298144889064133,-0.0008602793095633388,0.021402964368462563,2.774766206741333,3.771630132301461,-0.03263417790640412,-7.571289124456702e-05,5.0435925262044446e-05,-3.7984367024312133e-06,-4.623211860656738,0.8036266424911279
dePablo CV2,test,4,88,0.6821705426356589,144,0.4080210848369796,0.40844515428566636,0.009124863892793655,0.010593799874186516,-5.747015529777855e-05,0.03658866882324219,0.002798738656565547,-0.006729965563863516,0.008896637707948685,-0.009011577814817429,0.017908215522766113,-0.0004930653376504779,0.0003781249397434294,-0.0008711902773939073,0.02164893038570881,2.709414005279541,3.7768869770799314,-0.03406715831574437,-6.481451898892029e-05,4.759470342776093e-05,-6.788468954762952e-06,-4.671233177185059,0.8845545280435803
dePablo CV2,test,4,89,0.689922480620155,144,0.40808664961698976,0.40844515428566636,0.00923032034188509,0.010716289281845093,-5.81647182116285e-05,0.037009239196777344,0.002830908866599202,-0.006806151010096073,0.00899946503341198,-0.009115793742239475,0.01811525970697403,-0.0004983074613846838,0.00038197802496142685,-0.0008802855154499412,0.021895047277212143,2.6447434425354004,3.7823788156620504,-0.035537086906494486,-6.654231149124878e-05,4.752301335024707e-05,-7.257410533368822e-07,-4.71909761428833,0.9648236113437203
dePablo CV2,test,4,90,0.6976744186046512,144,0.4080604080063436,0.40844515428566636,0.009333746507763863,0.010836628265678883,-5.916231748415157e-05,0.03741931915283203,0.002862276742234826,-0.0068829962983727455,0.009099964052438736,-0.009218288585543633,0.01831825263798237,-0.000504828174598515,0.00038650340866297483,-0.0008913315832614899,0.02214127779006958,2.579329013824463,3.7877764998249273,-0.036981315040382316,-5.520214610498422e-05,4.164311547598385e-05,-6.226464113718656e-06,-4.7673258781433105,1.0459153983737381
dePablo CV2,test,4,91,0.7054263565891473,144,0.40808602917149395,0.40844515428566636,0.009437824599444866,0.010957837104797363,-5.966719982097857e-05,0.03783893585205078,0.0028943740762770176,-0.006959841120988131,0.009201470762491226,-0.009320804849267006,0.018522275611758232,-0.0005101768765598536,0.00039084244053810835,-0.0009010193170979619,0.022387675940990448,2.5142366886138916,3.7932034595699315,-0.03843597397037115,-4.477643313786479e-05,4.166055360576246e-05,-8.79629966069812e-06,-4.815382957458496,1.126643595316014
dePablo CV2,test,4,92,0.7131782945736435,144,0.4080895099635073,0.40844515428566636,0.009542485699057579,0.011079237796366215,-6.0090795159339905e-05,0.038249969482421875,0.002925814827904105,-0.007035952992737293,0.009303661994636059,-0.009423843584954739,0.018727505579590797,-0.0005159860011190176,0.00039580443990416825,-0.0009117904119193554,0.022633971646428108,2.448826313018799,3.798701353385418,-0.03989281860345863,-4.742717238576015e-05,3.6297602363023496e-05,-2.4071539063859775e-06,-4.863727569580078,1.2077946391803476
dePablo CV2,test,4,93,0.7209302325581395,144,0.4080759459820832,0.40844515428566636,0.009646501392126083,0.01120010670274496,-6.115607538959011e-05,0.038669586181640625,0.0029579121619462967,-0.00711287185549736,0.009404534474015236,-0.009526846930384636,0.018931381404399872,-0.000522204558365047,0.0003998923348262906,-0.0009220968931913376,0.022880401462316513,2.383436441421509,3.8043452789997647,-0.04134340801691276,-3.617971085667402e-05,3.792845434082778e-05,-6.713341625107176e-06,-4.912232398986816,1.289014709895329
dePablo CV2,test,4,94,0.7286821705426356,144,0.40813615082879917,0.40844515428566636,0.009751986712217331,0.01132267527282238,-6.125427898950875e-05,0.03907966613769531,0.0029892800375819206,-0.007188910152763128,0.009507987648248672,-0.009630496613681316,0.019138485193252563,-0.0005273398710414767,0.0004048313421662897,-0.0009321712423115969,0.023126356303691864,2.3181512355804443,3.8097820370150703,-0.04281429116195128,-3.3597808881610066e-05,3.339303764591256e-05,-1.2353987822783141e-05,-4.960424423217773,1.369978102632234
dePablo CV2,test,4,95,0.7364341085271318,144,0.40812238207976687,0.40844515428566636,0.009854929521679878,0.011442652903497219,-6.197449692990631e-05,0.03949928283691406,0.0030213771387934685,-0.007265095598995686,0.009608160704374313,-0.009732110425829887,0.0193402711302042,-0.0005327870603650808,0.00040883809560909867,-0.0009416251559741795,0.023372165858745575,2.252268075942993,3.815338626019138,-0.044254152489378924,-2.3878645937030762e-05,2.801313457375663e-05,-1.3068192667682096e-05,-5.009140968322754,1.4517278231786634
dePablo CV2,test,4,96,0.7441860465116279,144,0.40819878015127026,0.40844515428566636,0.009960341267287731,0.01156524010002613,-6.309586024144664e-05,0.03991889953613281,0.00305347447283566,-0.007342013996094465,0.009710409678518772,-0.00983660202473402,0.019547011703252792,-0.0005389257567003369,0.0004127341089770198,-0.0009516598656773567,0.023618362843990326,2.1873559951782227,3.8207754962799005,-0.045725267920052735,-2.2659757974523852e-05,3.320461898431612e-05,-9.38798292347782e-06,-5.057094573974609,1.5322484228162307
dePablo CV2,test,4,97,0.751937984496124,144,0.4081187887030338,0.40844515428566636,0.010062850080430508,0.011684446595609188,-6.32377341389656e-05,0.0403289794921875,0.003084842348471284,-0.007418125867843628,0.009810744784772396,-0.009937220253050327,0.019747965037822723,-0.0005437762592919171,0.00041730082011781633,-0.000961077050305903,0.023864762857556343,2.1210412979125977,3.826372019843498,-0.04715593909094602,-4.892259918959796e-06,2.644016763504053e-05,-6.715450868420287e-06,-5.106134414672852,1.6145358700554213
dePablo CV2,test,4,98,0.7596899224806202,144,0.40816855717879685,0.40844515428566636,0.010167715139687061,0.011806403286755085,-6.381427374435589e-05,0.04074859619140625,0.0031169396825134754,-0.0074949711561203,0.009913019835948944,-0.01004064828157425,0.019953668117523193,-0.0005497640813700855,0.0004221355193294585,-0.000971899600699544,0.024110518395900726,2.0555222034454346,3.831826617998201,-0.048619522349363675,1.0649039958005776e-06,2.4950387055622382e-05,1.454583241276267e-06,-5.154497146606445,1.6957882727205018
dePablo CV2,test,4,99,0.7674418604651163,144,0.4081406398479569,0.40844515428566636,0.010271616280078888,0.011927049607038498,-6.45068139419891e-05,0.04115867614746094,0.0031483075581490993,-0.007570349611341953,0.010014106519520283,-0.010143120773136616,0.0201572272926569,-0.0005553393857553601,0.0004263256269041449,-0.0009816649835556746,0.024356864392757416,1.9895117282867432,3.8374604621194726,-0.050067418049109184,1.3626754972245761e-05,2.4308452959962055e-05,-3.7005827401911748e-06,-5.2033867835998535,1.7777384968595527
dePablo CV2,test,4,100,0.7751937984496124,144,0.4081621618699007,0.40844515428566636,0.010375442914664745,0.012048175558447838,-6.529678648803383e-05,0.041579246520996094,0.0031804777681827545,-0.007647194899618626,0.010115165263414383,-0.010245759040117264,0.020360924303531647,-0.0005616669659502804,0.0004310735093895346,-0.0009927405044436455,0.02460247278213501,1.9234161376953125,3.843065733451659,-0.05152100676453162,1.856952520033937e-05,1.9225966225726886e-05,2.6356585534306715e-08,-5.2522969245910645,1.859771477548436
dePablo CV2,test,4,101,0.7829457364341085,144,0.40822149537213,0.40844515428566636,0.010480998083949089,0.0121707022190094,-6.621843203902245e-05,0.04200935363769531,0.0032133774366229773,-0.007723306771367788,0.010217800736427307,-0.010350237600505352,0.020568039268255234,-0.0005681500188075006,0.0004357131547294557,-0.0010038631735369563,0.024848461151123047,1.8577406406402588,3.848556206954086,-0.052991426754817314,2.6538183659711878e-05,1.5296851413026193e-05,-5.104295286490824e-06,-5.300802230834961,1.941232451934713
dePablo CV2,test,4,102,0.7906976744186046,144,0.4082133542545748,0.40844515428566636,0.010584177449345589,0.012290826998651028,-6.662003579549491e-05,0.04241943359375,0.003244745312258601,-0.007800225634127855,0.010318583808839321,-0.01045182440429926,0.02077040821313858,-0.0005738536710850894,0.00044061357039026916,-0.0010144672123715281,0.02509448304772377,1.791089653968811,3.8541780844928115,-0.05443302310242897,3.5321742606143566e-05,1.0633115723627415e-05,-1.4011027101507906e-05,-5.3500871658325195,2.02393525318673
dePablo CV2,test,4,103,0.7984496124031008,144,0.4082459722929451,0.40844515428566636,0.010689563117921352,0.012413273565471172,-6.761852273484692e-05,0.04283905029296875,0.0032768426463007927,-0.007876411080360413,0.010420935228466988,-0.010556171648204327,0.02097710594534874,-0.0005797522608190775,0.0004445152007974684,-0.001024267403408885,0.025341220200061798,1.7255690097808838,3.859631847881165,-0.05590242464903468,3.610027298460028e-05,9.624345914192086e-06,-1.4998813336977382e-05,-5.398449897766113,2.1051889615315527
dePablo CV2,test,4,104,0.8062015503875969,144,0.40822385010112144,0.40844515428566636,0.010792654007673264,0.012533275410532951,-6.779273098800331e-05,0.04324913024902344,0.003308210289105773,-0.00795325543731451,0.010521933436393738,-0.010657519102096558,0.021179452538490295,-0.000585361267440021,0.00044977583456784487,-0.001035137102007866,0.02558738738298416,1.6588166952133179,3.8654112672827754,-0.057342554999985036,4.543623130487494e-05,6.082574127629687e-06,-9.097236956363244e-06,-5.447986602783203,2.1881127515767367
dePablo CV2,test,4,105,0.813953488372093,144,0.40827214023090314,0.40844515428566636,0.010897647589445114,0.01265527680516243,-6.88452273607254e-05,0.04366874694824219,0.0033403076231479645,-0.008030100725591183,0.010623865760862827,-0.010761555284261703,0.021385420113801956,-0.0005918716196902096,0.00045418107765726745,-0.0010460526682436466,0.025833919644355774,1.592949390411377,3.870822527252998,-0.058806642174521306,5.1112691885497355e-05,-6.39829159390313e-08,-9.082002653732359e-06,-5.496520519256592,2.269750740011364
dePablo CV2,test,4,106,0.8217054263565892,144,0.4082063628897742,0.40844515428566636,0.011000358499586582,0.012774921953678131,-6.985871004872024e-05,0.044078826904296875,0.0033716754987835884,-0.00810701958835125,0.010723571293056011,-0.010863288305699825,0.021586859598755836,-0.0005985490279272199,0.00045883149141445756,-0.0010573805775493383,0.026079442352056503,1.5258378982543945,3.876404054276121,-0.06024249846221658,6.323947676437048e-05,-1.3887278422331454e-05,-4.268057555505956e-06,-5.546051979064941,2.3529743210829146
dePablo CV2,test,4,107,0.8294573643410853,144,0.40824978776731213,0.40844515428566636,0.011105630546808243,0.012897145934402943,-6.996167940087616e-05,0.04449939727783203,0.0034038457088172436,-0.008183130994439125,0.01082673855125904,-0.01096666231751442,0.02179340086877346,-0.000603464141022414,0.00046354078222066164,-0.0010670048650354147,0.02632564678788185,1.4595717191696167,3.8820982235228354,-0.06170920753029561,6.171990055989133e-05,-9.85999330872089e-06,-6.097708937143608e-06,-5.595176696777344,2.4352666100133415
dePablo CV2,test,4,108,0.8372093023255814,144,0.40825777639819966,0.40844515428566636,0.011209900490939617,0.013018181547522545,-7.082884258124977e-05,0.04491901397705078,0.003435943042859435,-0.00825931690633297,0.010928042232990265,-0.011069700121879578,0.021997742354869843,-0.0006094440468586981,0.0004677863616961986,-0.0010772304376587272,0.02657138742506504,1.393178105354309,3.887736203466484,-0.06316168436937285,6.355709310852287e-05,-1.4971240781988758e-05,6.5125925293789045e-06,-5.64431619644165,2.517674228380029
dePablo CV2,test,4,109,0.8449612403100775,144,0.4082376752353834,0.40844515428566636,0.011313029564917088,0.013138152658939362,-7.160380482673645e-05,0.045330047607421875,0.0034673837944865227,-0.008335355669260025,0.01102838758379221,-0.011171596124768257,0.02219998463988304,-0.0006159318145364523,0.00047272423398680985,-0.0010886560194194317,0.026817956939339638,1.3263113498687744,3.8935013848021267,-0.06460141911286554,7.186204264603184e-05,-2.2862892410467683e-05,-2.376789310339384e-06,-5.693909168243408,2.6007247462920766
dePablo CV2,test,4,110,0.8527131782945736,144,0.4082905680410547,0.40844515428566636,0.011418499052524567,0.013261165469884872,-7.202714186860248e-05,0.04575920104980469,0.0035002105869352818,-0.008412273600697517,0.011131462641060352,-0.011275517754256725,0.022406980395317078,-0.0006212948355823755,0.0004772404208779335,-0.001098535256460309,0.027063723653554916,1.2599319219589233,3.8989919314899457,-0.06607763262257056,7.626077825389841e-05,-2.8902105226178952e-05,3.0451155310271592e-06,-5.742864608764648,2.6830212681100534
dePablo CV2,test,4,111,0.8604651162790697,144,0.40827451152322913,0.40844515428566636,0.011520841158926487,0.013380351476371288,-7.241094863275066e-05,0.046158790588378906,0.003530775895342231,-0.008488385938107967,0.011231307871639729,-0.011376130394637585,0.022607438266277313,-0.0006262848619371653,0.00048146292101591825,-0.0011077477829530835,0.027309931814670563,1.192396879196167,3.9046831801908373,-0.06750801547769619,9.308490249329564e-05,-2.6569017552515647e-05,7.822623711262327e-06,-5.792797088623047,2.7668177133449277
dePablo CV2,test,4,112,0.8682170542635659,144,0.4083145047602495,0.40844515428566636,0.011626359075307846,0.013502843677997589,-7.352186366915703e-05,0.04657936096191406,0.0035629463382065296,-0.00856523122638464,0.011333795264363289,-0.011480838060379028,0.022814633324742317,-0.0006328076124191284,0.00048576388508081436,-0.0011185714974999428,0.027555637061595917,1.1256749629974365,3.9104319693847556,-0.06897798825608699,0.00010066053259522879,-2.934221153107671e-05,9.740824648816675e-07,-5.842278003692627,2.8496858403912007
dePablo CV2,test,4,113,0.875968992248062,144,0.40826502438067347,0.40844515428566636,0.011729687452316284,0.013623127713799477,-7.415955769829452e-05,0.04698944091796875,0.00359431398101151,-0.008642149157822132,0.01143444050103426,-0.011582760140299797,0.02301720157265663,-0.000637729128357023,0.0004894101293757558,-0.0011271391995251179,0.027802076190710068,1.0586005449295044,3.9161539908713374,-0.07042151920205766,0.00011581495550297393,-2.8082055707693558e-05,5.112018196729575e-06,-5.8919525146484375,2.9329552409412094
dePablo CV2,test,4,114,0.8837209302325582,144,0.4082940434291786,0.40844515428566636,0.011834450997412205,0.013744735158979893,-7.447667303495109e-05,0.0474090576171875,0.0036264113150537014,-0.008718261495232582,0.011536729522049427,-0.011685683391988277,0.023222412914037704,-0.000643377483356744,0.0004944241372868419,-0.0011378016788512468,0.028047846630215645,0.991736114025116,3.9218324416292853,-0.07188089147636094,0.00012385787113718678,-3.216597848819075e-05,1.5969337946951914e-06,-5.941441059112549,3.015947549924233
dePablo CV2,test,4,115,0.8914728682170543,144,0.4083383878991344,0.40844515428566636,0.011939519084990025,0.013866981491446495,-7.558929792139679e-05,0.04783916473388672,0.003659310983493924,-0.008794446475803852,0.01163859385997057,-0.011789772659540176,0.02342836558818817,-0.0006497330614365637,0.0004985544364899397,-0.0011482874397188425,0.028294609859585762,0.9247491955757141,3.9274288438346923,-0.07334790538840662,0.00012899609757054955,-3.525251957382093e-05,2.3850696424441456e-06,-5.990910530090332,3.0990327837779317
dePablo CV2,test,4,116,0.8992248062015504,144,0.4083245153200356,0.40844515428566636,0.01204290334135294,0.013987435027956963,-7.586134597659111e-05,0.048248291015625,0.0036906059831380844,-0.008871291764080524,0.011739647015929222,-0.011891369707882404,0.0236310176551342,-0.0006550349644385278,0.0005033122724853456,-0.0011583472369238734,0.028540607541799545,0.8567530512809753,3.9332670370912126,-0.07479348204023269,0.00014783640572122773,-4.136832707919367e-05,5.943750595425292e-06,-6.041312217712402,3.183470460520031
dePablo CV2,test,4,117,0.9069767441860465,144,0.4083707688610356,0.40844515428566636,0.01214902475476265,0.014110268093645573,-7.677570101805031e-05,0.04866981506347656,0.0037228490691632032,-0.008948137052357197,0.011842787265777588,-0.011996339075267315,0.023839127272367477,-0.0006616769824177027,0.000508125638589263,-0.0011698026210069656,0.028787003830075264,0.7900708317756653,3.9389805627328274,-0.07626745753170762,0.00014140880163317383,-4.692874560974878e-05,5.561039512423847e-06,-6.090725898742676,3.266268926060514
dePablo CV2,test,4,118,0.9147286821705426,144,0.4083164541880138,0.40844515428566636,0.012251313775777817,0.014229599386453629,-7.708013436058536e-05,0.049078941345214844,0.0037541440688073635,-0.00902351550757885,0.011942712590098381,-0.012096873484551907,0.024039585143327713,-0.0006668832502327859,0.0005127229960635304,-0.0011796061880886555,0.029032835736870766,0.7222500443458557,3.9445930201649975,-0.07769959383127248,0.0001646495798859162,-4.804825414405074e-05,4.890645981550947e-06,-6.140747547149658,3.3503541497239095
dePablo CV2,test,4,119,0.9224806201550387,144,0.4083545764775913,0.40844515428566636,0.012356438674032688,0.014352057129144669,-7.805610948707908e-05,0.04949951171875,0.0037863142788410187,-0.009100360795855522,0.012044941075146198,-0.012201053090393543,0.02424599416553974,-0.0006726938881911337,0.0005165815819054842,-0.001189275411888957,0.029278717935085297,0.6550788283348083,3.950463774667557,-0.0791691388439937,0.00017184050958614486,-5.096267287695743e-05,6.762075366933223e-06,-6.19066047668457,3.433833530631596
dePablo CV2,test,4,120,0.9302325581395349,144,0.4083428715628577,0.40844515428566636,0.012459727935492992,0.01447209995239973,-7.85258089308627e-05,0.04990959167480469,0.0038176821544766426,-0.009176473133265972,0.012145740911364555,-0.012302792631089687,0.024448532611131668,-0.0006790380575694144,0.0005219865124672651,-0.0012010245118290186,0.029524998739361763,0.5871378183364868,3.956321622651966,-0.08060975715130127,0.000187735294060423,-5.9451071308341905e-05,7.4759741844868165e-06,-6.2410502433776855,3.518218334026343
dePablo CV2,test,4,121,0.937984496124031,144,0.4083301678099792,0.40844515428566636,0.012563607655465603,0.014593074098229408,-7.930331048555672e-05,0.05032920837402344,0.003849779488518834,-0.009253391064703465,0.012246675789356232,-0.012405282817780972,0.024651959538459778,-0.0006844562594778836,0.0005258495802991092,-0.0012103058397769928,0.029771314933896065,0.5195197463035583,3.9618616840229404,-0.08206151519889425,0.00019379272702130517,-6.0706200723056806e-05,1.3825437526348844e-05,-6.29085636138916,3.602016668000409
dePablo CV2,test,4,122,0.9457364341085271,144,0.40837185800463627,0.40844515428566636,0.012668688781559467,0.014715282246470451,-7.971966260811314e-05,0.050759315490722656,0.003882679156959057,-0.009329576045274734,0.012349335476756096,-0.012508775107562542,0.024858109652996063,-0.0006906597409397364,0.0005312205175869167,-0.001221880316734314,0.030017362907528877,0.45221981406211853,3.9675506154272715,-0.0835280434233304,0.00020226987996835584,-6.494315276054102e-05,2.9776994575896496e-06,-6.340635776519775,3.685532577322677
dePablo CV2,test,4,123,0.9534883720930233,144,0.40835769712690423,0.40844515428566636,0.012772110290825367,0.014835684560239315,-8.042348054004833e-05,0.051158905029296875,0.0039132446981966496,-0.009406421333551407,0.012450105510652065,-0.01261095330119133,0.02506105974316597,-0.0006969947717152536,0.0005361479124985635,-0.0012331426842138171,0.03026386722922325,0.3836858570575714,3.9735237598808486,-0.08497300413048028,0.00022135093413692877,-7.122880165576117e-05,4.882169197047054e-06,-6.391541481018066,3.7706948668556923
dePablo CV2,test,4,124,0.9612403100775194,144,0.4084244771224728,0.40844515428566636,0.012877926230430603,0.01495891623198986,-8.124289161060005e-05,0.0515899658203125,0.003946217242628336,-0.00948326662182808,0.012553052976727486,-0.012715538963675499,0.025268591940402985,-0.0007027561659924686,0.0005402704700827599,-0.0012430266942828894,0.030510446056723595,0.31624940037727356,3.979204234693695,-0.08645181458800984,0.00022816860842416432,-7.320040136263587e-05,-3.5916446977427038e-06,-6.4413981437683105,3.854367411433265
dePablo CV2,test,4,125,0.9689922480620154,144,0.4083537020613874,0.40844515428566636,0.012979951687157154,0.015077895484864712,-8.179174619726837e-05,0.05199909210205078,0.003977512009441853,-0.00955937895923853,0.01265251636505127,-0.012816100381314754,0.0254686176776886,-0.000708248873706907,0.0005446652648970485,-0.0012529140803962946,0.030756495893001556,0.2476927787065506,3.9850498691245124,-0.08787971424834594,0.00025146080027465444,-7.756140126398323e-05,2.2411909496789413e-06,-6.492166996002197,3.9394750802425453
dePablo CV2,test,4,126,0.9767441860465116,144,0.4083989613956782,0.40844515428566636,0.01308532990515232,0.01520061120390892,-8.264240750577301e-05,0.05241966247558594,0.004009682219475508,-0.009635490365326405,0.012755035422742367,-0.012920320965349674,0.02567535638809204,-0.0007145173149183393,0.000549232354387641,-0.0012637496693059802,0.0310025904327631,0.18001540005207062,3.9908488499011314,-0.08935232556785261,0.00025654668454309443,-8.558157582492414e-05,-2.779022604654218e-06,-6.542318344116211,4.023509341833561
dePablo CV2,test,4,127,0.9844961240310077,144,0.4084086641431023,0.40844515428566636,0.013189786113798618,0.01532186008989811,-8.303076901938766e-05,0.052829742431640625,0.004041050095111132,-0.009712482802569866,0.012857047840952873,-0.013023111037909985,0.025880157947540283,-0.0007203608402051032,0.0005542992730624974,-0.0012746601132676005,0.03124874457716942,0.11175281554460526,3.9966704757906646,-0.09080735463662788,0.00026568366207815544,-9.508987447132777e-05,-3.004525250642166e-06,-6.592870712280273,4.108252666305971
dePablo CV2,test,4,128,0.9922480620155039,144,0.4083725174585873,0.40844515428566636,0.013293077237904072,0.015442273579537868,-8.424143743468449e-05,0.053238868713378906,0.004072344861924648,-0.009789328090846539,0.012957112863659859,-0.013125594705343246,0.026082707569003105,-0.0007267979090102017,0.0005583149613812566,-0.0012851129285991192,0.03149526193737984,0.0430687740445137,4.002584872452619,-0.09225242411259228,0.00028541542946643053,-9.903588261775131e-05,-3.122039692693712e-06,-6.643802642822266,4.193555532715287
dePablo CV2,test,4,129,1.0,144,0.40844515428566636,0.40844515428566636,0.013398577459156513,0.015564930625259876,-8.441865065833554e-05,0.05365943908691406,0.0041045150719583035,-0.009866172447800636,0.013060417026281357,-0.013229254633188248,0.026289671659469604,-0.000732637126930058,0.0005637996946461499,-0.0012964368797838688,0.03174145892262459,-0.024675121530890465,4.008353246211288,-0.09372431434607303,0.0002869539215730983,-0.00010639018747467674,-9.496023282599116e-07,-6.693960189819336,4.27764917559437
