case,case_short,original_sim_idx,frame,trajectory_progress,p_ratio,final_p_ratio,horizontal_strain,x_compression,vertical_strain,mean_abs_x_disp,mean_abs_y_disp,mean_x_disp,mean_y_disp,rms_disp,max_node_disp,z0,z1,lambda1,lambda2,lambda3,lambda4,lambda5,lambda6,lambda7,lambda8,lambda9,lambda10,lambda11,lambda12,soft_mode_gap_6_5
low final p-ratio,low_p,61,0,0.0,,-0.5734598575106268,0.0,-0.0,0.0,0.0,0.0,0.0,0.0,0.0,0.0,-1.7182366847991943,2.390892267227173,-9.31987374476238e-10,-7.44170820739977e-16,2.8586884354615095e-15,0.03082542001612942,0.041649976840348456,0.048799178151274464,0.06200807559319611,0.07436969276485088,0.08134462843501523,0.10064253270068056,0.11078902489472049,0.12835187531881298,0.007149201310926008
low final p-ratio,low_p,61,1,0.00909090909090909,0.021750951604132682,-0.5734598575106268,-9.504008691723632e-05,9.504008691723632e-05,3.6295651936450806e-06,0.0002479944669175893,2.8630360247916542e-05,-2.440620301058516e-05,-7.101692744981847e-07,0.00029076894861645997,0.0005606122431345284,-1.6404229402542114,2.3880820274353027,-6.859622034646379e-05,-5.265831396460961e-15,-6.581972190068994e-16,0.030778346995473237,0.041616893943235735,0.048768253163956554,0.06194265386065021,0.07427961138098971,0.08129485434727161,0.10059583921823897,0.11074371904334396,0.12827503233468082,0.00715135922072082
low final p-ratio,low_p,61,2,0.01818181818181818,-0.10762942779291552,-0.5734598575106268,-0.0001927296726604028,0.0001927296726604028,-1.633304337140286e-05,0.0004982269019819796,8.57195773278363e-05,-4.879184780293144e-05,4.450790584087372e-06,0.0005909219617024064,0.0011601448059082031,-1.5748203992843628,2.3857953548431396,-0.000158368595714965,-2.4425322166511954e-15,8.281733545643978e-16,0.030722842065173825,0.04157717723843875,0.0487320260304868,0.06185850305186282,0.0741739463774132,0.08123589049399124,0.1005344823985022,0.11069026592015355,0.12817921417119935,0.0071548487920480505
low final p-ratio,low_p,61,3,0.02727272727272727,-0.19130751045644662,-0.5734598575106268,-0.00028768429187357687,0.00028768429187357687,-4.6233747109526625e-05,0.0007512200972996652,0.0001839958131313324,-7.367352372966707e-05,1.2800956938008312e-05,0.0009056705166585743,0.0017618064302951097,-1.5170103311538696,2.383869171142578,-0.00025753414407135583,-1.0828590279102447e-15,-1.2457358268283936e-16,0.03066195708541978,0.04153388583936618,0.04869294491974956,0.061768193651574835,0.0740663583021048,0.0811742974441833,0.10046310544753967,0.11063096015773717,0.1280743473191403,0.007159059080383383
low final p-ratio,low_p,61,4,0.03636363636363636,-0.24627375905920962,-0.5734598575106268,-0.0003835790558314358,0.0003835790558314358,-7.881341563343604e-05,0.0010068181436508894,0.00030223437352105975,-9.832080104388297e-05,2.1248053599265404e-05,0.0012297063367441297,0.002375258132815361,-1.4647305011749268,2.382108688354492,-0.0003603969197535223,-1.5097999974022866e-15,-1.3531547479131042e-15,0.03059925164304288,0.04149058004777562,0.048653386957509065,0.061671257835261915,0.07395243642287493,0.08111225627083504,0.10038802601169652,0.1105702860242859,0.12796669834763438,0.007162806909733442
low final p-ratio,low_p,61,5,0.045454545454545456,-0.28460103171989903,-0.5734598575106268,-0.0004794738197892948,0.0004794738197892948,-0.00011510906756988685,0.0012638892512768507,0.0004313308163546026,-0.00012266827980056405,3.0916973628336564e-05,0.0015600076876580715,0.0029902129899710417,-1.412976622581482,2.380350112915039,-0.00046449843933257497,-1.6450676402502284e-15,3.76751122460728e-15,0.030535737424655117,0.04144699796207901,0.048613459885915006,0.06157627482167755,0.07384578564925351,0.081050199291306,0.10031436540928212,0.1105109125114809,0.12785888759231273,0.007166461923835993
low final p-ratio,low_p,61,6,0.05454545454545454,-0.3108566193311956,-0.5734598575106268,-0.0005753685837471537,0.0005753685837471537,-0.0001503677008795819,0.0015224914532154799,0.0005653258413076401,-0.00014704294153489172,3.9989128708839417e-05,0.0018945911433547735,0.0036071271169930696,-1.36139714717865,2.3785932064056396,-0.0005695072522751426,9.0873455415183e-16,1.622132815368264e-15,0.030471279838123623,0.041403044683295184,0.04857366614911239,0.06147988516764287,0.07373514834397672,0.08098873773038401,0.10023701305106654,0.11045060926912473,0.12774980118929036,0.007170621465817206
low final p-ratio,low_p,61,7,0.06363636363636363,-0.3310794873810834,-0.5734598575106268,-0.0006721180247456353,0.0006721180247456353,-0.00018761395322389215,0.0017819685162976384,0.0007058586925268173,-0.00017213674436789006,4.9709844461176544e-05,0.0022335185203701258,0.00422292947769165,-1.308833122253418,2.3768045902252197,-0.0006754227921402858,-1.2772999325619036e-15,9.3554929785414e-17,0.030407913674352673,0.041359549662157255,0.04853397623565393,0.06138347944267281,0.07362448678826168,0.08092760062933425,0.10016269103829775,0.11039085815190063,0.1276414295084762,0.007174426573496678
low final p-ratio,low_p,61,8,0.07272727272727272,-0.3485359972442301,-0.5734598575106268,-0.0007671581116628716,0.0007671581116628716,-0.0002265885699461286,0.002042436273768544,0.0008537235553376377,-0.00019689129840116948,5.945111843175255e-05,0.0025770021602511406,0.004831227939575911,-1.25930655002594,2.3751308917999268,-0.0007825717820679679,-1.836587381177067e-15,1.9505057184443618e-15,0.030342465517224304,0.04131549423001685,0.04849373362875273,0.061285319105319515,0.07351367999279643,0.08086631193427915,0.10008401315104493,0.11033122412453433,0.12753073416096458,0.007178239398735881
low final p-ratio,low_p,61,9,0.08181818181818182,-0.36444989273674533,-0.5734598575106268,-0.0008630528756207305,0.0008630528756207305,-0.00026642736885732816,0.0023039248771965504,0.001008794759400189,-0.00022107147378847003,6.89684457029216e-05,0.0029250059742480516,0.005441579967737198,-1.209770917892456,2.373441219329834,-0.0008913771690078949,-5.618810472683039e-15,-7.571662985702876e-16,0.03027577741562255,0.04127169346499855,0.04845249415999839,0.06118829942532962,0.07340503766022201,0.08080490312257706,0.10000525630015297,0.11026939988678203,0.12741957884108826,0.0071808006949998365
low final p-ratio,low_p,61,10,0.09090909090909091,-0.3775104833370117,-0.5734598575106268,-0.0009598023166192121,0.0009598023166192121,-0.0003081673685842466,0.002567797899246216,0.0011690986575558782,-0.00024553414550609887,8.009668090380728e-05,0.003278205171227455,0.0060517797246575356,-1.1628170013427734,2.3718857765197754,-0.001001307140718389,6.681784539552136e-16,1.2038780520150352e-15,0.030209277461373762,0.041227143964993836,0.04841139392521214,0.061088216961055396,0.07329249084595829,0.08074313764830011,0.09992584373481124,0.11020885658066328,0.12730687559415174,0.007184249960218304
low final p-ratio,low_p,61,11,0.1,-0.38968337598474584,-0.5734598575106268,-0.001057577370066441,0.001057577370066441,-0.0003488703496844093,0.0028321915306150913,0.0013340176083147526,-0.0002703495556488633,9.05180349946022e-05,0.003634504973888397,0.006673609837889671,-1.1135352849960327,2.37021541595459,-0.0011128679751662468,-1.5562839651017447e-15,-1.7448172387276994e-16,0.030142996174495087,0.041182168019812546,0.0483708298354564,0.06099013754129753,0.07318224632622061,0.0806811870185584,0.09984917757339586,0.11014730778535857,0.1271946922105336,0.007188661815643857
low final p-ratio,low_p,61,12,0.10909090909090909,-0.4008097165991903,-0.5734598575106268,-0.0011534721340243,0.0011534721340243,-0.00039233871378925394,0.0030976166017353535,0.0015039497520774603,-0.00029501054086722434,0.0001016475580399856,0.003994554281234741,0.007287284824997187,-1.067274808883667,2.368668794631958,-0.0012254547805828253,-1.7164123102812571e-15,-7.671103014175928e-16,0.030074140301178613,0.04113671237961428,0.04832893571918363,0.06088761281880575,0.07306867601203035,0.08061916816528222,0.09976620097353489,0.11008598664281435,0.1270779511580553,0.007192223339569349
low final p-ratio,low_p,61,13,0.11818181818181818,-0.41090013168514505,-0.5734598575106268,-0.0012502215750227815,0.0012502215750227815,-0.00043589349611299495,0.003363107331097126,0.001677361549809575,-0.000319499580655247,0.00011237159196753055,0.004356612451374531,0.007901724427938461,-1.0180002450942993,2.3669943809509277,-0.00133881328841751,8.053289961874631e-16,2.0206267819246802e-15,0.030006512006552202,0.041091839254056094,0.048287591472786065,0.06078741179032999,0.0729558228487006,0.08055714599475038,0.09968730759745832,0.11002245303130428,0.12696499750708,0.007195752218729971
low final p-ratio,low_p,61,14,0.12727272727272726,-0.4198193222612332,-0.5734598575106268,-0.0013461163389806403,0.0013461163389806403,-0.00048031246062569903,0.00362907606177032,0.0018537672003731132,-0.0003439658903516829,0.00012379289546515793,0.004721167962998152,0.008507742546498775,-0.9709978103637695,2.365434408187866,-0.001452767643155757,1.1990455425680075e-15,1.544306948740036e-15,0.029937393270277335,0.04104644676123606,0.04824505523487172,0.06068467801252306,0.0728403579839687,0.08049553840106662,0.09960405535147981,0.10996057780983282,0.12684934300071415,0.007198608473635661
low final p-ratio,low_p,61,15,0.13636363636363635,-0.42786124613345117,-0.5734598575106268,-0.0014420111029384993,0.0014420111029384993,-0.0005255956073273663,0.0038957560900598764,0.00203263433650136,-0.00036883645225316286,0.00013504148228093982,0.0050879232585430145,0.009123913943767548,-0.9238135814666748,2.3638291358947754,-0.001567722886485694,2.615587648999875e-16,2.267206332565995e-15,0.02986718034763541,0.041000889290997676,0.04820273581379506,0.06058210755213289,0.07272558242185542,0.08043334123751407,0.09952082287204964,0.10989645048208987,0.12673182895279753,0.007201846522797387
low final p-ratio,low_p,61,16,0.14545454545454545,-0.4352734051367026,-0.5734598575106268,-0.0015387605439369809,0.0015387605439369809,-0.0005708787540290334,0.004163446836173534,0.00221350509673357,-0.0003928421647287905,0.00014629430370405316,0.005456980783492327,0.00974260177463293,-0.8771300315856934,2.3622660636901855,-0.001683956128889099,-1.3268345236698851e-15,4.017758878174467e-15,0.02979727581514181,0.04095511814110713,0.048160230945475696,0.06047914548991513,0.07261185060341933,0.08037118547943471,0.09943977999051135,0.10983275685858337,0.12661533454378204,0.0072051128043685644
low final p-ratio,low_p,61,17,0.15454545454545454,-0.4420652456459579,-0.5734598575106268,-0.0016355954526395247,0.0016355954526395247,-0.0006161619007307006,0.004431084729731083,0.002397090895101428,-0.0004182089469395578,0.00015800374967511743,0.005827784072607756,0.010351281613111496,-0.8319841623306274,2.360785484313965,-0.0017999900420635475,-2.2949660069325477e-15,1.279367434259232e-15,0.02972799576685372,0.040909510800284855,0.048118729148660166,0.06037674168733192,0.0724987392339083,0.08031028311772775,0.09935964472463173,0.10977079099688877,0.12649945112371083,0.007209218348375311
low final p-ratio,low_p,61,18,0.16363636363636364,-0.4484736922840927,-0.5734598575106268,-0.0017324303613420685,0.0017324303613420685,-0.0006624820660591235,0.004699551500380039,0.002583506517112255,-0.0004426402738317847,0.00016886267985682935,0.006201093550771475,0.01097181811928749,-0.7836493253707886,2.359119415283203,-0.001917997870532197,-1.023357867727797e-15,9.571771949967554e-17,0.02965623836858199,0.040863194752475455,0.04807517992385679,0.0602725860607407,0.07238215138271471,0.0802473376976709,0.09927598998965692,0.10970570548918346,0.12637939085651148,0.007211985171381337
low final p-ratio,low_p,61,19,0.17272727272727273,-0.4545190267158929,-0.5734598575106268,-0.0018283251252999276,0.0018283251252999276,-0.000709493577138717,0.0049680243246257305,0.0027707454282790422,-0.000466597470222041,0.00018092073150910437,0.006574998144060373,0.011583383195102215,-0.7371710538864136,2.3575778007507324,-0.002035972988734747,-1.6407842060499445e-15,-6.426048419024756e-16,0.029585485898980548,0.04081710671520401,0.04803227269504353,0.06016973035979692,0.0722672182182151,0.08018565280579058,0.09919338086018353,0.10964093499227258,0.1262628577714437,0.007215165979839518
low final p-ratio,low_p,61,20,0.18181818181818182,-0.459887879373671,-0.5734598575106268,-0.0019242198892577866,0.0019242198892577866,-0.0007558137424671399,0.005236682947725058,0.002959214150905609,-0.0004914760356768966,0.00019225348660256714,0.006950131617486477,0.012194672599434853,-0.6913858652114868,2.356037139892578,-0.0021542988178702704,-1.3792423478114489e-15,-3.912619773688634e-16,0.029514071006489468,0.04077080486095606,0.04798933256145611,0.0600633009211522,0.07214998724860207,0.08012450764650672,0.09911089680589869,0.10957695517295132,0.12614388117553207,0.007218527700500056
low final p-ratio,low_p,61,21,0.19090909090909092,-0.46468577438864056,-0.5734598575106268,-0.0020218240072968907,0.0020218240072968907,-0.0008028252535467334,0.005505979061126709,0.003149093594402075,-0.0005161669687367976,0.00020371872233226895,0.007326692342758179,0.012816113419830799,-0.6447012424468994,2.3544857501983643,-0.002273485531161955,-9.782840909298953e-16,1.2740187006637046e-15,0.029442260831969325,0.04072418725198064,0.04794628977788503,0.059959186260842075,0.07203539242707888,0.08006239115262175,0.09902857684502879,0.10951253481834362,0.12602439534192705,0.0072221025259043906
low final p-ratio,low_p,61,22,0.2,-0.4692064448125282,-0.5734598575106268,-0.0021177187712547495,0.0021177187712547495,-0.0008500096010641194,0.005775869823992252,0.003340258728712797,-0.0005404579569585621,0.00021585728973150253,0.007704615592956543,0.013430304825305939,-0.5986790060997009,2.352931499481201,-0.0023933858935011702,-7.899346266198146e-16,1.8578407345884537e-15,0.029369307541489774,0.04067792504950902,0.04790366199868864,0.0598545161538098,0.0719191412534692,0.08000087749861953,0.09894524273517721,0.10944701347835589,0.12590430771435335,0.00722573694917962
low final p-ratio,low_p,61,23,0.20909090909090908,-0.47348839442164137,-0.5734598575106268,-0.0022145536799572933,0.0022145536799572933,-0.0008971075303626092,0.006045880727469921,0.003532733768224716,-0.0005647285142913461,0.0002273759600939229,0.0080834636464715,0.014044379815459251,-0.5522556900978088,2.351378917694092,-0.0025135780463467552,3.5861839788178357e-16,3.9103623307641714e-15,0.029297507275984683,0.040631404816291565,0.04786056260084699,0.0597501653749066,0.0718022321529881,0.07993975351493526,0.09886311217916041,0.10938179702041528,0.12578555736409186,0.0072291577845554275
low final p-ratio,low_p,61,24,0.21818181818181817,-0.47761194029850745,-0.5734598575106268,-0.00231036297621109,0.00231036297621109,-0.0009451560600689583,0.006315998267382383,0.0037261510733515024,-0.0005896550719626248,0.00023890723241493106,0.008463423699140549,0.014660662040114403,-0.5045666694641113,2.3497719764709473,-0.0026350990932899466,-2.152365155022857e-15,-5.108457309132127e-16,0.029222925259140102,0.04058410256834372,0.04781552648929233,0.059644046894430945,0.07168679222519593,0.07987736451382643,0.09877739203816698,0.10931557903322818,0.1256636326769464,0.00723142392094861
low final p-ratio,low_p,61,25,0.22727272727272727,-0.4814111621335217,-0.5734598575106268,-0.0024062577401689493,0.0024062577401689493,-0.000993118171556411,0.006585829425603151,0.00392052112147212,-0.000614119810052216,0.00025095423916354775,0.008843687362968922,0.015275195240974426,-0.458890825510025,2.3482260704040527,-0.0027566414439696096,-5.337279492796397e-16,1.6024115216501456e-15,0.02914956644995138,0.040537408131593886,0.0477723933906064,0.059537761435004305,0.07156909971606995,0.0798159897738675,0.09869442911047784,0.10924997807311637,0.125542580228816,0.007234985259012512
low final p-ratio,low_p,61,26,0.23636363636363636,-0.48487678560057734,-0.5734598575106268,-0.00250223797183087,0.00250223797183087,-0.0010411667012627604,0.006855850573629141,0.004116040654480457,-0.0006386156310327351,0.0002625224879011512,0.009224631823599339,0.015901286154985428,-0.4127456843852997,2.3466885089874268,-0.002878483409353151,-2.0903813312388205e-15,3.688306848510165e-15,0.029076070198869118,0.04049082659061244,0.04772873641676486,0.05943286068091021,0.07145457125559547,0.0797550561800357,0.09861270328681915,0.10918373268111033,0.12542239381876466,0.007237909826152418
low final p-ratio,low_p,61,27,0.24545454545454545,-0.4883212424644937,-0.5734598575106268,-0.002598047268084667,0.002598047268084667,-0.0010892152309691094,0.007126780692487955,0.004312649369239807,-0.0006627834518440068,0.00027428611065261066,0.009607646614313126,0.016537202522158623,-0.3667348325252533,2.345151424407959,-0.0030017174311780586,-1.9388693655885877e-15,4.5077013549276985e-15,0.029001177818129272,0.04044325037973316,0.047684354431672044,0.05932612367965763,0.07133720303669104,0.07969374265513234,0.0985277626010607,0.10911694772617117,0.12529988809279916,0.007241104051938882
low final p-ratio,low_p,61,28,0.2545454545454545,-0.4916553368406534,-0.5734598575106268,-0.002693942032042526,0.002693942032042526,-0.0011381279428644218,0.007397504989057779,0.004510092083364725,-0.0006879899883642793,0.00028621312230825424,0.009990951977670193,0.01717323623597622,-0.32125425338745117,2.3436267375946045,-0.003125327533111566,1.0789309525509385e-15,1.6033566505927027e-15,0.028927407397556497,0.04039564535998295,0.047640690301805226,0.05922156287284611,0.07122279603882654,0.07963211560739736,0.09844737074401234,0.10905050650317556,0.125179636284902,0.007245044941822279
low final p-ratio,low_p,61,29,0.2636363636363636,-0.4946357237968423,-0.5734598575106268,-0.002789836796000385,0.002789836796000385,-0.001187040654759734,0.00766788749024272,0.004707369487732649,-0.0007124601397663355,0.0002985268656630069,0.010373936034739017,0.017807727679610252,-0.27277064323425293,2.341972589492798,-0.0032491778855536666,9.506690120933433e-16,1.8179564437929997e-15,0.02885187179292747,0.040348334577450594,0.04759606494712967,0.05911361898062491,0.07110473940910127,0.07957050310221805,0.09836257642525564,0.10898274641906663,0.1250570439043488,0.007247730369679073
low final p-ratio,low_p,61,30,0.2727272727272727,-0.49734350583693354,-0.5734598575106268,-0.0028866717047029288,0.0028866717047029288,-0.0012350891844660832,0.007939697243273258,0.0049057528376579285,-0.0007371329120360315,0.00031020850292406976,0.010758625343441963,0.01844615489244461,-0.2274080365896225,2.3404552936553955,-0.0033735935165298825,-1.1109004375962543e-15,-8.324035879092619e-16,0.028777620341914934,0.04030086541390274,0.04755208185548914,0.0590077562554514,0.07098635784919641,0.0795096730621823,0.09828010077226335,0.10891660086872591,0.12493544226871796,0.007251216441586404
low final p-ratio,low_p,61,31,0.2818181818181818,-0.49977763942008363,-0.5734598575106268,-0.0029825664686607876,0.0029825664686607876,-0.0012831377141724323,0.008210966363549232,0.005102396011352539,-0.0007613591151311994,0.00032229305361397564,0.011142718605697155,0.019082525745034218,-0.18265382945537567,2.3389573097229004,-0.0034978549577076336,1.5554085901236692e-15,5.868936578251549e-15,0.028701908002204207,0.04025387369983067,0.04750797707312899,0.058901406185347366,0.07087210921199795,0.0794494573473061,0.09819719784399983,0.10884871304952919,0.12481354554759223,0.007254103373298321
low final p-ratio,low_p,61,32,0.2909090909090909,-0.5022572196567647,-0.5734598575106268,-0.003078461232618647,0.003078461232618647,-0.0013320504260677447,0.008482716046273708,0.005301480181515217,-0.0007858344470150769,0.0003335977380629629,0.011527997441589832,0.01972072757780552,-0.13449345529079437,2.337310552597046,-0.0036232684620242607,-5.420971668628989e-16,4.027519133260867e-16,0.02862479920325677,0.040206040366750496,0.047462893310787596,0.058794137843660665,0.07075534524265611,0.0793881029036983,0.09811254922397127,0.10878051307818673,0.12468882518604082,0.0072568529440371
low final p-ratio,low_p,61,33,0.3,-0.5048363654588283,-0.5734598575106268,-0.0031743559965765056,0.0031743559965765056,-0.0013809631379630568,0.008754379115998745,0.005502169020473957,-0.0008105748565867543,0.00034576698089949787,0.011914337053894997,0.020357288420200348,-0.08864814788103104,2.335784673690796,-0.0037496550842827797,-1.404946967198756e-15,1.876919714163231e-15,0.028548688239973866,0.04015803095482755,0.04741796692441567,0.05868644839580247,0.0706363063660813,0.07932683346072356,0.09802870273067374,0.10871223372415906,0.1245664962673991,0.00725993596958812
low final p-ratio,low_p,61,34,0.3090909090909091,-0.5071246778089387,-0.5734598575106268,-0.0032693106157896798,0.0032693106157896798,-0.0014298758498583692,0.009025955572724342,0.005702327471226454,-0.0008350066491402686,0.00035804702201858163,0.012300938367843628,0.020994415506720543,-0.040712177753448486,2.3341591358184814,-0.003876578857964358,-3.2232767595478005e-15,-1.7563924480342542e-16,0.028471354253767553,0.04010986962502851,0.047372760883368434,0.05857916495622493,0.07052120072577042,0.0792655018614185,0.0979449108007617,0.10864461857116813,0.12444224946039815,0.007262891258339926
low final p-ratio,low_p,61,35,0.3181818181818182,-0.5092824413056828,-0.5734598575106268,-0.0033661455244922236,0.0033661455244922236,-0.0014798255803804372,0.009297555312514305,0.005903142038732767,-0.0008597393753007054,0.00037033038097433746,0.012687559239566326,0.021634718403220177,0.004320473410189152,2.332660675048828,-0.004003843393764278,-1.7341481627321134e-15,2.1977521322457744e-16,0.028393417776368224,0.040061926108811846,0.047327649823692794,0.05847100634549021,0.07040321659799413,0.0792044824726373,0.09786107646184712,0.10857477183070327,0.12431739741099984,0.007265723714880948
low final p-ratio,low_p,61,36,0.32727272727272727,-0.5113199748955256,-0.5734598575106268,-0.0034611001437053978,0.0034611001437053978,-0.0015287382922757496,0.00956893153488636,0.0061043305322527885,-0.0008841228554956615,0.00038252657395787537,0.013074062764644623,0.02228318341076374,0.0517263188958168,2.331068277359009,-0.004131222144892588,8.561467541817547e-16,2.2489929582072274e-15,0.028315959882856265,0.04001417180014601,0.04728241212061267,0.05836457265946066,0.07028694913621163,0.07914413754494816,0.09777745707297358,0.10850659057575959,0.12419527098044496,0.007268240320466655
low final p-ratio,low_p,61,37,0.33636363636363636,-0.513290149653786,-0.5734598575106268,-0.003556140230622634,0.003556140230622634,-0.0015776510041710617,0.00984111800789833,0.0063056726939976215,-0.0009086932986974716,0.00039420012035407126,0.013461836613714695,0.022921888157725334,0.09838180243968964,2.329462766647339,-0.004259485738226765,-6.938795241061356e-16,1.0351033897469003e-15,0.02823805335782814,0.03996577008731472,0.04723741973145113,0.05825615719525769,0.07016986744261128,0.07908343800613193,0.09769440331738377,0.10843754601302205,0.12407028851218507,0.007271649644136409
low final p-ratio,low_p,61,38,0.34545454545454546,-0.5154849934754241,-0.5734598575106268,-0.003652034994580493,0.003652034994580493,-0.0016283784986631967,0.010112098418176174,0.006508128717541695,-0.0009336943039670587,0.000406489270972088,0.013849104754626751,0.02355928160250187,0.1450408399105072,2.3278987407684326,-0.004388694138832194,-1.9928962759227243e-15,1.936531001495868e-15,0.028159458894217185,0.03991737150893128,0.04719187675939783,0.058147588347664945,0.07005178972579733,0.0790225523179355,0.09761042991934644,0.10836799330549593,0.12394537626355678,0.007274505250466551
low final p-ratio,low_p,61,39,0.35454545454545455,-0.5172394310493382,-0.5734598575106268,-0.0037487844355789746,0.0037487844355789746,-0.0016772912105585088,0.010384554043412209,0.006710647605359554,-0.0009581119520589709,0.0004183514683973044,0.014237802475690842,0.024198146536946297,0.19220973551273346,2.326322078704834,-0.004518241217606189,-4.765500135472621e-16,5.912050660555778e-15,0.02808067063651134,0.03986855556004913,0.04714601431756735,0.05803908490448228,0.06993569669749805,0.0789614408295722,0.09752758573868367,0.10829825604327638,0.12382000240443825,0.007277458757518215
low final p-ratio,low_p,61,40,0.36363636363636365,-0.5189826353984495,-0.5734598575106268,-0.003843824522496211,0.003843824522496211,-0.0017262903406727174,0.010655946098268032,0.006913096643984318,-0.0009825252927839756,0.00043060968164354563,0.01462551299482584,0.024837058037519455,0.2389364242553711,2.324713706970215,-0.004647758685570644,-1.4830495495191666e-15,9.3160517581646e-16,0.028002141908663514,0.03982037917396915,0.04710056224916627,0.05793093645148423,0.06981770662228406,0.07890124113280862,0.09744428680209913,0.10822851358722445,0.12369505102234274,0.007280183075197122
low final p-ratio,low_p,61,41,0.37272727272727274,-0.5206802520048897,-0.5734598575106268,-0.00393971928645407,0.00393971928645407,-0.0017760672347569928,0.010928565636277199,0.007116094697266817,-0.0010068280389532447,0.00044280471047386527,0.015014871023595333,0.025477943941950798,0.2847929298877716,2.3231539726257324,-0.004778109515541362,-2.326552176907908e-15,7.482795954926599e-16,0.027921930508589054,0.039771685481274785,0.04705512541160451,0.05782371913756361,0.06970307356162365,0.07884131170644929,0.09736028726483144,0.10815934013961599,0.12357084441951348,0.007283439930329726
low final p-ratio,low_p,61,42,0.38181818181818183,-0.5223947133791367,-0.5734598575106268,-0.004034673905667244,0.004034673905667244,-0.0018258441288412682,0.01120118610560894,0.007320172153413296,-0.0010319208959117532,0.00045521542779169977,0.015404606238007545,0.026116993278265,0.3316507041454315,2.3215909004211426,-0.004909298405798651,-1.8356067662947874e-15,2.1472717178873086e-15,0.02784167745685256,0.039722818478823335,0.04700819100930076,0.057713127809657636,0.0695834319759791,0.07877966241644782,0.09727508499284783,0.1080883624392395,0.1234447574283547,0.007285372530477424
low final p-ratio,low_p,61,43,0.39090909090909093,-0.5240613635199508,-0.5734598575106268,-0.00412971399258448,0.00412971399258448,-0.0018766580415522994,0.011473209597170353,0.007524385116994381,-0.0010564052499830723,0.0004670832713600248,0.015794293954968452,0.026766391471028328,0.38035863637924194,2.3199405670166016,-0.005041020432493844,-1.3243570832346762e-15,2.891395927878073e-16,0.0277613204548421,0.039673762194676256,0.04696239961751374,0.05760519243541961,0.06946817311961462,0.07871908118754865,0.09719248816525478,0.10801708286407684,0.12331845762007405,0.007288637422837488
low final p-ratio,low_p,61,44,0.4,-0.5254069745617438,-0.5734598575106268,-0.004226548901287024,0.004226548901287024,-0.0019255707534476117,0.011745898984372616,0.007727553136646748,-0.0010805806377902627,0.00047960618394427,0.016184020787477493,0.02740750089287758,0.4258568584918976,2.3183956146240234,-0.005173123734438639,-8.511037397447888e-16,7.793183476539848e-16,0.0276809757488634,0.03962504852475481,0.04691633068129765,0.05749709135754415,0.06935074604856183,0.07865929792160593,0.09710903643903177,0.10794592622515653,0.1231925189182238,0.007291282156542837
low final p-ratio,low_p,61,45,0.4090909090909091,-0.5269435439476421,-0.5734598575106268,-0.004322358197540821,0.004322358197540821,-0.001976384666158643,0.012018192559480667,0.007932036183774471,-0.0011050557950511575,0.0004919525235891342,0.016573991626501083,0.028046714141964912,0.4733605682849884,2.3167717456817627,-0.005305974763266219,-1.3664383342742157e-15,1.3053216769132425e-15,0.027599544038976232,0.03957578982380774,0.046869940033933834,0.05738771462669759,0.06923388187215164,0.07859829199122854,0.0970253498092222,0.1078748144866605,0.12306563320267015,0.007294150210126096
low final p-ratio,low_p,61,46,0.41818181818181815,-0.5283355271030274,-0.5734598575106268,-0.004418338429202742,0.004418338429202742,-0.0020261615602429183,0.012291152961552143,0.008136803284287453,-0.0011297613382339478,0.0005037933588027954,0.016964659094810486,0.02868795394897461,0.5199443101882935,2.315199375152588,-0.005439027045135991,-2.409378768892198e-15,3.610873104190621e-15,0.027518546739072,0.039526905795051775,0.04682381129670245,0.057278787938678195,0.0691165906902036,0.07853893730208245,0.09694281276013908,0.10780373718371089,0.1229399226075891,0.007296905501650672
low final p-ratio,low_p,61,47,0.42727272727272725,-0.5296397789020049,-0.5734598575106268,-0.004513293048415916,0.004513293048415916,-0.0020769754729539494,0.012564233504235744,0.008340926840901375,-0.00115433509927243,0.0005156853003427386,0.01735510118305683,0.0293277557939291,0.5664258003234863,2.313640832901001,-0.0055725098977279855,2.543276237931891e-16,1.4499875985588653e-15,0.027436687504799034,0.03947762959678212,0.04677732739636197,0.05717012498495303,0.06900068516169014,0.07847834531871657,0.0968592638953141,0.10773104155923333,0.12281353730827939,0.0072996977995798545
low final p-ratio,low_p,61,48,0.43636363636363634,-0.5309737557183641,-0.5734598575106268,-0.00460824766762909,0.00460824766762909,-0.002126752367038225,0.012836507521569729,0.00854618102312088,-0.0011791439028456807,0.0005286580417305231,0.017745524644851685,0.029978923499584198,0.6147423982620239,2.311997413635254,-0.005706956815480967,6.168793983354794e-16,3.4569925845341478e-15,0.027353330582810056,0.0394283546348453,0.04672993847236565,0.057060635049027725,0.0688841370006706,0.07841804895524938,0.09677448934442141,0.10765841537451545,0.1226872391784752,0.007301583837520352
low final p-ratio,low_p,61,49,0.44545454545454544,-0.532276903034523,-0.5734598575106268,-0.004704142431586949,0.004704142431586949,-0.0021766156793413963,0.013109282590448856,0.008751400746405125,-0.0012040367582812905,0.0005405216361396015,0.01813637837767601,0.030620334669947624,0.6628701090812683,2.310347080230713,-0.00584153296158497,-2.708539676356052e-16,2.0958032738875487e-16,0.027271509725560132,0.03937894954895544,0.046684164404729375,0.056951606841001916,0.0687680154468368,0.07835855097324324,0.09669240665616888,0.10758647041119539,0.12255964558154474,0.007305214855773935
low final p-ratio,low_p,61,50,0.45454545454545453,-0.533466863293201,-0.5734598575106268,-0.004800037195544808,0.004800037195544808,-0.002227343173833531,0.01338178850710392,0.008956127800047398,-0.0012282041134312749,0.0005527782486751676,0.018526917323470116,0.03126957640051842,0.7096007466316223,2.3087475299835205,-0.005976845840888876,-2.336345727876289e-15,5.383002815069527e-16,0.027188262446773657,0.03932962498228024,0.04663673253037515,0.05684284892171519,0.06865366587586703,0.07829811679841865,0.0966096398291964,0.10751354321463925,0.12243315893517917,0.00730710754809491
low final p-ratio,low_p,61,51,0.4636363636363636,-0.5347409533262845,-0.5734598575106268,-0.0048950772824620445,0.0048950772824620445,-0.002278157086544562,0.013654889538884163,0.00916093960404396,-0.0012521857861429453,0.0005649576778523624,0.018918126821517944,0.03191154822707176,0.7550523281097412,2.3071889877319336,-0.006112628036419443,1.3183513841355223e-16,2.930724710215813e-15,0.02710475787086724,0.03927999312177737,0.04658972305911419,0.0567329853718594,0.06853711906401648,0.07823814300627906,0.09652699712289912,0.1074403478223435,0.12230620756050786,0.00730972993733682
low final p-ratio,low_p,61,52,0.4727272727272727,-0.5358385967139577,-0.5734598575106268,-0.004990972046419903,0.004990972046419903,-0.0023279339806288376,0.013928388245403767,0.009367261081933975,-0.0012770805042237043,0.000577703001908958,0.019310319796204567,0.03255310282111168,0.8037317991256714,2.305553674697876,-0.006249299136064456,-2.378588359718706e-15,-8.61665020831261e-16,0.02702164967723533,0.03923018432055725,0.046542333824068305,0.056622995044186546,0.06841735896532515,0.0781783488910729,0.09644240412901653,0.10736736735151,0.12217901182416312,0.007312149503511056
low final p-ratio,low_p,61,53,0.4818181818181818,-0.536998017499974,-0.5734598575106268,-0.0050859266656330775,0.0050859266656330775,-0.0023787478933398687,0.014201424084603786,0.00957405474036932,-0.0013021087506785989,0.0005899720708839595,0.019702289253473282,0.03319264203310013,0.8531707525253296,2.3038833141326904,-0.00638621922067646,-3.8712112335929456e-16,2.1288703046628982e-15,0.02693712118621343,0.039179966225652424,0.04649467500936435,0.05651339756140139,0.06830150760232913,0.0781180993917535,0.09635780940883112,0.10729272742327792,0.12205130959679085,0.007314708783711925
low final p-ratio,low_p,61,54,0.4909090909090909,-0.5380000203726152,-0.5734598575106268,-0.005181821429590936,0.005181821429590936,-0.002428524787424144,0.014474128372967243,0.00977946724742651,-0.0013261953135952353,0.000602180662099272,0.020093701779842377,0.03384407237172127,0.9006644487380981,2.302248239517212,-0.006523538141660367,1.5753467034749822e-16,6.916615446015068e-16,0.026852035987959703,0.03913044263862401,0.04644705176241127,0.05640342243610825,0.06818518316610865,0.07805824630295895,0.09627414677109473,0.10721932698401987,0.1219238028203637,0.00731660912378726
low final p-ratio,low_p,61,55,0.5,-0.5389953899538995,-0.5734598575106268,-0.0052767760488041104,0.0052767760488041104,-0.0024793387001351753,0.01474775467067957,0.009985641576349735,-0.0013510813005268574,0.0006144874496385455,0.02048601396381855,0.03448575362563133,0.9477784037590027,2.3006632328033447,-0.006661443803491222,-1.201485285050453e-15,-1.6923590153648493e-16,0.02676758952826596,0.03908077600199235,0.04639966002778717,0.05629464494551146,0.06807179656984247,0.07799881183055792,0.09619292734146173,0.1071447486220633,0.12179675514072069,0.007318884025794822
low final p-ratio,low_p,61,56,0.509090909090909,-0.54007601724629,-0.5734598575106268,-0.005372670812761969,0.005372670812761969,-0.002529979776408414,0.015020335093140602,0.010192527435719967,-0.0013753038365393877,0.0006261485978029668,0.020878063514828682,0.03512793406844139,0.9960618019104004,2.2989752292633057,-0.006800083088635911,3.457165123729934e-16,1.1644624710605094e-15,0.026681682601886452,0.03903058596251217,0.04635207495272485,0.056184859125852145,0.06795491133141747,0.07793920554205909,0.09610861966376341,0.10706978458921527,0.12166831054104746,0.007321488990212684
low final p-ratio,low_p,61,57,0.5181818181818182,-0.5411919073025306,-0.5734598575106268,-0.005467710899679206,0.005467710899679206,-0.002581657871308408,0.015293043106794357,0.010400393046438694,-0.0013999269576743245,0.0006391118513420224,0.02127121575176716,0.035779502242803574,1.0442875623703003,2.297363519668579,-0.006940436177047851,5.347240138181022e-16,9.731067245597183e-16,0.026595018538736866,0.038979934435293614,0.04630327358304226,0.05607309292338147,0.06783718454125438,0.07787871997547964,0.096023988940351,0.10699463284052517,0.12154018366335902,0.007323339147748645
low final p-ratio,low_p,61,58,0.5272727272727272,-0.5421707307823581,-0.5734598575106268,-0.005562750986596442,0.005562750986596442,-0.002632471784019439,0.015566373243927956,0.010607253760099411,-0.001424549613147974,0.0006515512941405177,0.021663984283804893,0.036421291530132294,1.0926915407180786,2.2956957817077637,-0.00708017107546308,-1.426313891431083e-15,4.610599133648479e-16,0.026509152962897492,0.03892949973919934,0.04625536229729238,0.055964152962316896,0.067722788683855,0.07781884220354456,0.09594156055394276,0.10691860859696005,0.12141251692776993,0.0073258625580930395
low final p-ratio,low_p,61,59,0.5363636363636364,-0.5430746863991351,-0.5734598575106268,-0.005657705605809616,0.005657705605809616,-0.002683112860292678,0.01583937741816044,0.01081387884914875,-0.0014491633046418428,0.0006636948091909289,0.02205631695687771,0.037070777267217636,1.1405268907546997,2.2940757274627686,-0.007220398076576456,-1.0039899715768807e-15,-9.131890620742718e-16,0.026423069462189502,0.03887939859993544,0.0462070847597025,0.055853323036313025,0.06760438166871699,0.07775912709951976,0.09585868087032819,0.10684303719285167,0.12128397814555328,0.007327686159767061
low final p-ratio,low_p,61,60,0.5454545454545454,-0.5439667179825526,-0.5734598575106268,-0.00575454051451216,0.00575454051451216,-0.002733926773003709,0.016112668439745903,0.011020153760910034,-0.0014736053999513388,0.0006763941491954029,0.02244928479194641,0.03771308809518814,1.1870688199996948,2.292454481124878,-0.00736162802143231,-1.6283043683106473e-15,6.974720670504067e-17,0.0263354971338443,0.03882863227577751,0.046159230026199885,0.05574360969910396,0.06749067969794545,0.0776995398912242,0.09577659014773345,0.10676593702530439,0.12115560076257939,0.007330597750422378
low final p-ratio,low_p,61,61,0.5545454545454546,-0.5449162242791863,-0.5734598575106268,-0.0058494951337253335,0.0058494951337253335,-0.0027846542674958437,0.01638522557914257,0.011228247545659542,-0.0014983124565333128,0.0006887379568070173,0.022842003032565117,0.03835495933890343,1.2356725931167603,2.290820598602295,-0.007502762751615988,-2.5146453587159163e-15,-2.5317949215378704e-16,0.026248398589546595,0.038778373382893916,0.04611042146537843,0.05563286292921288,0.06737347369730448,0.0776405997569948,0.09569185008911055,0.1066904967723629,0.12102844622374925,0.007332048082484513
low final p-ratio,low_p,61,62,0.5636363636363636,-0.5458479272888495,-0.5734598575106268,-0.005944449752938508,0.005944449752938508,-0.002836332362395838,0.016658300533890724,0.011436783708631992,-0.0015227178810164332,0.0007008823449723423,0.023235032334923744,0.0389968678355217,1.2860952615737915,2.2890827655792236,-0.007644916912731975,-1.0762639882220522e-15,1.6129733338640273e-15,0.026160933405877936,0.03872744424772079,0.04606213529804094,0.05552327801054648,0.06726001017783831,0.07758099451128964,0.09561004341911013,0.10661326418698144,0.12090021977995515,0.007334691050320155
low final p-ratio,low_p,61,63,0.5727272727272728,-0.5468276891126604,-0.5734598575106268,-0.006039489839855744,0.006039489839855744,-0.0028879240390769357,0.016930729150772095,0.011645208112895489,-0.0015469654463231564,0.0007132093887776136,0.02362876385450363,0.03964857757091522,1.3332592248916626,2.2874691486358643,-0.0077886120450251645,3.5103965270094836e-16,2.048032848962656e-15,0.026071580508497793,0.03867612780075876,0.04601262383831928,0.05541211905329479,0.06714302795726802,0.07752102924046542,0.09552515560041225,0.10653564773722192,0.12077153990867003,0.007336496037560515
low final p-ratio,low_p,61,64,0.5818181818181818,-0.5475292682717332,-0.5734598575106268,-0.00613452992677298,0.00613452992677298,-0.0029377873513801076,0.017203375697135925,0.011851232498884201,-0.0015719681978225708,0.0007260172860696912,0.024020573124289513,0.04029053822159767,1.3813410997390747,2.2858235836029053,-0.007931307443855345,-1.3367104023748828e-15,1.3846267510650026e-15,0.025983532575118214,0.03862592093458255,0.04596440519857902,0.055301642923334324,0.06702634015369957,0.07746217145897252,0.09544274949947579,0.10645761596153001,0.12064277090464258,0.00733848426399647
low final p-ratio,low_p,61,65,0.5909090909090909,-0.5483767304586086,-0.5734598575106268,-0.006229484545986154,0.006229484545986154,-0.0029885148458722423,0.017476588487625122,0.012059122323989868,-0.0015965687343850732,0.0007381780887953937,0.024414271116256714,0.04094276204705238,1.4291678667068481,2.2841856479644775,-0.008075007569240076,2.0882749926332337e-16,1.8641931148912873e-15,0.025895028073555742,0.03857480976479205,0.0459155271684226,0.0551914820817819,0.06691303651468825,0.07740276628645772,0.09536051067995832,0.10637993615732036,0.12051510392860511,0.007340717403630549
low final p-ratio,low_p,61,66,0.6,-0.5491339107261826,-0.5734598575106268,-0.006325379309944014,0.006325379309944014,-0.0030401929407722367,0.01775038242340088,0.012267042882740498,-0.001620883122086525,0.0007504203822463751,0.024808038026094437,0.041584767401218414,1.479340672492981,2.282447576522827,-0.008219682376604894,-2.8020099908400185e-16,2.609158849908599e-16,0.025804770525478922,0.03852370142367767,0.045866375029020134,0.055080754301968,0.06679716045442231,0.07734334980935599,0.0952762787280898,0.106300849737713,0.1203862903347924,0.007342673605342465
low final p-ratio,low_p,61,67,0.6090909090909091,-0.5498872072515484,-0.5734598575106268,-0.006420333929157187,0.006420333929157187,-0.003091006853483268,0.018022887408733368,0.012474942952394485,-0.0016453434946015477,0.000763057847507298,0.025201240554451942,0.0422365702688694,1.5273534059524536,2.280797243118286,-0.00836444272497561,7.125106693433766e-16,1.0504862456899162e-15,0.025715492842190286,0.03847270482828126,0.04581660048623489,0.05497023890198192,0.06668266253172604,0.07728375723899937,0.09519440626226176,0.1062225780066377,0.12025816136992275,0.007343895657953632
low final p-ratio,low_p,61,68,0.6181818181818182,-0.550704373338075,-0.5734598575106268,-0.006515374016074424,0.006515374016074424,-0.003142598530164366,0.018295980989933014,0.01268358901143074,-0.0016701241256669164,0.0007755551487207413,0.025595074519515038,0.04286884889006615,1.5766451358795166,2.27911639213562,-0.008509965142804277,-3.6736826746229715e-15,-4.536496407663901e-17,0.02562487497964284,0.03842144273391038,0.04576767584521522,0.05486030151457609,0.06656839980379828,0.07722487665304768,0.09511060169215196,0.10614376518479503,0.12013064275211667,0.007346233111304841
low final p-ratio,low_p,61,69,0.6272727272727273,-0.5514379694008394,-0.5734598575106268,-0.0066104141029916606,0.0066104141029916606,-0.0031933260246565006,0.01856948621571064,0.01289251260459423,-0.0016950429417192936,0.0007876977324485779,0.025989379733800888,0.043521154671907425,1.624679446220398,2.2774453163146973,-0.008656543552953032,-1.320918165505557e-15,-8.569659757256007e-16,0.025534713871329478,0.03836998904892647,0.04571865562012093,0.054750222763172034,0.0664536251838666,0.07716639170912362,0.09502903891007718,0.10606410632321749,0.12000215480013844,0.0073486665711944635
low final p-ratio,low_p,61,70,0.6363636363636364,-0.5522008431266339,-0.5734598575106268,-0.006706308866949519,0.006706308866949519,-0.003245868301745458,0.018841959536075592,0.013100559823215008,-0.0017186944605782628,0.0008001476526260376,0.02638251706957817,0.04416324943304062,1.6745151281356812,2.2757601737976074,-0.008803703681845743,-5.063639553842786e-16,2.438272380906527e-15,0.025443093287202623,0.03831813793098882,0.045668173084462436,0.05463743590257786,0.06633678318255445,0.07710581354656282,0.09494506907913963,0.1059830922479681,0.1198723739397193,0.007350035153473614
low final p-ratio,low_p,61,71,0.6454545454545455,-0.5529120390077783,-0.5734598575106268,-0.006801178018458631,0.006801178018458631,-0.003296682214456489,0.019114792346954346,0.013310019858181477,-0.0017440433148294687,0.0008128203917294741,0.02677665837109089,0.04481515660881996,1.7230329513549805,2.274073362350464,-0.008950520530488013,-2.1911973199631037e-15,-2.008091582673174e-15,0.02535238695510111,0.03826702329539999,0.045618863484213304,0.05452957585316797,0.06622569231708307,0.07704766945187866,0.09486406905381564,0.10590359725331112,0.11974546972247876,0.007351840188813311
low final p-ratio,low_p,61,72,0.6545454545454545,-0.5536536039989316,-0.5734598575106268,-0.006896218105375868,0.006896218105375868,-0.0033492244915454463,0.019388137385249138,0.01351983193308115,-0.0017684532795101404,0.0008254318963736296,0.02717174030840397,0.04545728117227554,1.7730988264083862,2.272362470626831,-0.009099527136347116,-6.680228847640119e-16,-2.234118981586488e-16,0.02525912561440163,0.03821466639597806,0.04556811231322002,0.054416891727229647,0.06610963736415534,0.07698740273365673,0.09477879773634879,0.10582136530896902,0.1196157404434544,0.007353445917241963
low final p-ratio,low_p,61,73,0.6636363636363637,-0.5542985744177995,-0.5734598575106268,-0.0069921128693337265,0.0069921128693337265,-0.003399951986037581,0.019661111757159233,0.013727815821766853,-0.0017930554458871484,0.0008379407227039337,0.027565492317080498,0.046109192073345184,1.8216758966445923,2.2706942558288574,-0.009247674769453313,2.368098264874414e-16,2.3881806739533874e-15,0.025167755825418487,0.038163473467305045,0.04551840168686151,0.054306476991467824,0.06599467129751051,0.07692915041341564,0.09469778221832081,0.10574052666683265,0.11948788034624634,0.007354928219556467
low final p-ratio,low_p,61,74,0.6727272727272727,-0.554959944761636,-0.5734598575106268,-0.007086212811506278,0.007086212811506278,-0.003451543662718679,0.019934682175517082,0.013936220668256283,-0.0018173604039475322,0.0008495484362356365,0.027959514409303665,0.04675405099987984,1.8702409267425537,2.269011974334717,-0.009397009767630958,2.578588297047731e-16,7.004505792856305e-16,0.025073676560013705,0.03811155106931592,0.045466992396346884,0.054194954531066646,0.06587960965629126,0.07686954860798034,0.09461244047746394,0.10565949293475832,0.11935953519716914,0.007355441327030962
low final p-ratio,low_p,61,75,0.6818181818181818,-0.5556532249203384,-0.5734598575106268,-0.007182193043168199,0.007182193043168199,-0.0035032217576186735,0.020207829773426056,0.014145998284220695,-0.0018420398700982332,0.0008623860776424408,0.02835465595126152,0.04739399999380112,1.9198215007781982,2.267282247543335,-0.009547223982183495,4.157471345646343e-16,2.6013849207129034e-15,0.024980271044953047,0.03805905705190014,0.04541702898961995,0.05408376783654517,0.0657660973706178,0.07681091965228806,0.09452943435150686,0.1055774377594665,0.11923092924436483,0.007357971937719809
low final p-ratio,low_p,61,76,0.6909090909090909,-0.5563057527433602,-0.5734598575106268,-0.007276207517636688,0.007276207517636688,-0.0035557640347076308,0.020481161773204803,0.014355056919157505,-0.0018667398253455758,0.0008753129513934255,0.02874881587922573,0.04804595559835434,1.97133469581604,2.2655141353607178,-0.009697014233185308,-1.9213826285800263e-15,-6.536651100496895e-16,0.02488783141272667,0.038007509381868365,0.04536686333815897,0.05397405443005099,0.06565197834114021,0.07675185113865203,0.09444876290213064,0.10549458916086639,0.11910350074034523,0.007359353956290608
low final p-ratio,low_p,61,77,0.7,-0.556931681981622,-0.5734598575106268,-0.007372102281594547,0.007372102281594547,-0.003606577947418662,0.020754864439368248,0.014564186334609985,-0.001891135354526341,0.0008869941812008619,0.029144229367375374,0.04869041219353676,2.0195319652557373,2.263831615447998,-0.009848653364646243,1.6186509573726768e-16,4.995712932721187e-16,0.024792901388680868,0.03795523047177435,0.04531588784957663,0.05386389707255119,0.06554048399686574,0.07669266362578027,0.09436614380573766,0.10541161672687092,0.11897518253620312,0.007360657377802282
low final p-ratio,low_p,61,78,0.7090909090909091,-0.5575117784178539,-0.5734598575106268,-0.007467142368511783,0.007467142368511783,-0.003659120224507619,0.021028606221079826,0.014773217961192131,-0.0019151488086208701,0.0009002275764942169,0.029539013281464577,0.049342863261699677,2.0683960914611816,2.2621729373931885,-0.01000075920832795,-2.734001498571132e-15,-1.9071774371883197e-16,0.024697967466597543,0.03790269907467817,0.04526486637692914,0.053752628411925706,0.06542760349796992,0.07663346322661758,0.09428294254293428,0.10532780710081792,0.11884803919395584,0.00736216730225097
low final p-ratio,low_p,61,79,0.7181818181818181,-0.558136624369894,-0.5734598575106268,-0.007562096987724957,0.007562096987724957,-0.0037107983194076136,0.021302444860339165,0.014983334578573704,-0.0019405068596825004,0.0009121788898482919,0.02993454970419407,0.04998510703444481,2.1183111667633057,2.260427951812744,-0.010152773618225752,-2.0635171064581267e-15,5.0220347707115226e-17,0.024603690469226964,0.03785038893419496,0.04521474843936565,0.053642342396912936,0.06531317757573488,0.07657517614306862,0.09420057992624015,0.10524411133868175,0.11871962917843226,0.007364359505170684
low final p-ratio,low_p,61,80,0.7272727272727273,-0.5587786993298912,-0.5734598575106268,-0.007657137074642194,0.007657137074642194,-0.0037615258138997483,0.0215750839561224,0.015193875879049301,-0.001965003553777933,0.0009251612355001271,0.030329903587698936,0.05063711851835251,2.1671090126037598,2.2587316036224365,-0.010306399778786736,-1.6428853606848833e-15,4.671578257252797e-16,0.024508253125508344,0.03779796039004108,0.04516274099130741,0.0535297876920083,0.06519700605081981,0.07651584764265734,0.09411757762981048,0.10515894087522848,0.11859100570950679,0.00736478060126633
low final p-ratio,low_p,61,81,0.7363636363636363,-0.5594019122533397,-0.5734598575106268,-0.007753031838600053,0.007753031838600053,-0.0038140680909887056,0.021848570555448532,0.015404139645397663,-0.0019890007097274065,0.0009380197734571993,0.030725209042429924,0.05127938464283943,2.2166457176208496,2.2570271492004395,-0.010459936764105782,-3.4226654587876077e-15,-1.6019328479934682e-16,0.024412482857327788,0.037745021104596155,0.04511176085338236,0.05341816742136354,0.0650831106194361,0.07645784764449542,0.094034738215578,0.10507483778108048,0.118463813003817,0.007366739748786204
low final p-ratio,low_p,61,82,0.7454545454545455,-0.5599590092564065,-0.5734598575106268,-0.007847131780772605,0.007847131780772605,-0.0038656597676698036,0.022122381255030632,0.015613125637173653,-0.0020140933338552713,0.0009504877380095422,0.031120091676712036,0.05192166566848755,2.2672269344329834,2.255263566970825,-0.010614466539965882,-2.0729229735229696e-15,-1.0502047328495071e-15,0.024315731499367454,0.037692653561091326,0.04506012358874894,0.053308620672083466,0.06497121668066437,0.07639887293792731,0.09395205823069355,0.10498847637125623,0.11833611088463838,0.007367470027657613
low final p-ratio,low_p,61,83,0.7545454545454545,-0.5605161290322581,-0.5734598575106268,-0.007943026544730463,0.007943026544730463,-0.003918288462977657,0.022395124658942223,0.01582290045917034,-0.0020386544056236744,0.0009626513929106295,0.03151475638151169,0.052574172616004944,2.3174126148223877,2.253547430038452,-0.010769040127881123,-1.7690056828108575e-15,2.9315632818151995e-16,0.024220181506297157,0.0376403146322978,0.045008346746415,0.0531971432229164,0.06485763291014665,0.07633965795271759,0.093871916021174,0.10490272726064218,0.11820878225394639,0.007368032114117198
low final p-ratio,low_p,61,84,0.7636363636363637,-0.5610583712537267,-0.5734598575106268,-0.008037981163943638,0.008037981163943638,-0.003970830740066615,0.022668244317173958,0.016033323481678963,-0.002063256222754717,0.0009751619072631001,0.03191003575921059,0.05321647599339485,2.366508960723877,2.2518277168273926,-0.01092417921549675,-1.0568208760273329e-15,3.910558363750951e-15,0.024123028446471018,0.03758757475831647,0.044957370250371956,0.05308727149087152,0.06474533922193726,0.07628159225159879,0.09378894290925002,0.10481670687779582,0.1180830237107869,0.007369795492055485
low final p-ratio,low_p,61,85,0.7727272727272727,-0.5616358702674764,-0.5734598575106268,-0.008132935783156811,0.008132935783156811,-0.004022422416747712,0.022941719740629196,0.016243819147348404,-0.0020876219496130943,0.000987640698440373,0.03230592608451843,0.05387082323431969,2.417104721069336,2.25006103515625,-0.011080746829234685,-2.1783573478509956e-15,-1.318757649581259e-15,0.024024881669640643,0.037534564274995366,0.04490453112607328,0.052975468552684556,0.06463077533986618,0.07622212153857816,0.09370581460853473,0.10472946047485063,0.11795476204687602,0.007369966851077915
low final p-ratio,low_p,61,86,0.7818181818181819,-0.5622872832923598,-0.5734598575106268,-0.008228916014818732,0.008228916014818732,-0.00407496469383667,0.023214982822537422,0.016456160694360733,-0.0021122803445905447,0.0010005275253206491,0.03270227462053299,0.054513148963451385,2.4690144062042236,2.2482831478118896,-0.011238335971563094,-5.536935226195918e-16,5.417607033771076e-16,0.023927037382936233,0.03748098745384547,0.04485238897577229,0.05286316191474144,0.06451630098409837,0.07616280780014101,0.09362292463367423,0.1046412583890345,0.11782687765610465,0.007371401521926821
low final p-ratio,low_p,61,87,0.7909090909090909,-0.5628404607858608,-0.5734598575106268,-0.008323015956991284,0.008323015956991284,-0.004127506970925628,0.023488251492381096,0.01666681095957756,-0.002136676339432597,0.0010129266884177923,0.033097777515649796,0.05516570061445236,2.518157720565796,2.246595621109009,-0.011395238024365543,-1.4624695920619874e-16,-4.4782555683329577e-17,0.023829306240294237,0.037427987107298034,0.044800332600012524,0.05275388296473236,0.06440682903882089,0.07610522376066901,0.09354121020961617,0.10455489838992572,0.11770272146343011,0.00737234549271449
low final p-ratio,low_p,61,88,0.8,-0.5633779086818967,-0.5734598575106268,-0.008417970576204458,0.008417970576204458,-0.0041800492480145845,0.023761797696352005,0.016877882182598114,-0.0021611179690808058,0.0010259945411235094,0.03349408879876137,0.05580804869532585,2.567824125289917,2.2448480129241943,-0.011553732554893736,-6.860962947957974e-16,-4.9782330709362706e-17,0.023729341952662047,0.03737457786220713,0.044747677307068655,0.05264196060692368,0.06429363149405923,0.07604627711597423,0.09345787896699631,0.10446504217085543,0.1175761382307887,0.007373099444861524
low final p-ratio,low_p,61,89,0.8090909090909091,-0.5638777663295965,-0.5734598575106268,-0.008512925195417633,0.008512925195417633,-0.004231727342914579,0.02403523586690426,0.017087893560528755,-0.0021861817222088575,0.0010386569192633033,0.03388971462845802,0.056460149586200714,2.6194114685058594,2.243075370788574,-0.01171227523362077,9.407265055173808e-16,1.1901449100562325e-15,0.02363047933277893,0.03732126560443964,0.04469546581810032,0.05253102201716203,0.06418225910787222,0.0759877460995277,0.09337631241909469,0.10437714078737506,0.11744943257488889,0.007374200213660684
low final p-ratio,low_p,61,90,0.8181818181818182,-0.5643993240069064,-0.5734598575106268,-0.00860881995937549,0.00860881995937549,-0.004284269620003537,0.02430819347500801,0.017298778519034386,-0.0022103029768913984,0.001051068538799882,0.03428547829389572,0.057102516293525696,2.6696107387542725,2.2413172721862793,-0.011872020670255003,-1.454393858586322e-15,1.6410352988597094e-16,0.023530681149238012,0.03726790219744414,0.04464227799260341,0.0524209259654978,0.06406967596210297,0.07592910804538344,0.09329322637537935,0.10428699553165721,0.11732253676089226,0.007374375795159267
low final p-ratio,low_p,61,91,0.8272727272727273,-0.5648467149761369,-0.5734598575106268,-0.008703005369252104,0.008703005369252104,-0.00433594771490353,0.024581966921687126,0.017509043216705322,-0.0022347739432007074,0.0010636755032464862,0.03468140587210655,0.05774492025375366,2.7196195125579834,2.2395713329315186,-0.012032041027266188,-1.5899230971063206e-15,3.4973506550779132e-15,0.023430362916371284,0.03721446211933326,0.04458926643465352,0.0523100135143102,0.06395708562839439,0.07587082346827088,0.09321031495202292,0.10419827747415575,0.11719867479038747,0.007374804315320255
low final p-ratio,low_p,61,92,0.8363636363636363,-0.5653455715163849,-0.5734598575106268,-0.008798900133209964,0.008798900133209964,-0.004388489991992488,0.024854950606822968,0.017720721662044525,-0.0022599550429731607,0.001075866399332881,0.035077501088380814,0.05839979648590088,2.7691798210144043,2.2378671169281006,-0.012193004664124872,-1.8245149359518155e-15,2.450235336838394e-15,0.023330528416217577,0.03716105398302385,0.04453639136305973,0.052200330545902826,0.06384597009157533,0.07581238817126125,0.09312998394950467,0.10410721250575189,0.11707229031479614,0.00737533738003588
low final p-ratio,low_p,61,93,0.8454545454545455,-0.5658924797203954,-0.5734598575106268,-0.008892914607678453,0.008892914607678453,-0.004441032269081445,0.025127481669187546,0.017932409420609474,-0.002283903071656823,0.001088532735593617,0.035473354160785675,0.05904221534729004,2.8202056884765625,2.2360711097717285,-0.012354341829977864,1.585488587968153e-16,2.0271735002158287e-15,0.023229181854499698,0.03710739902959763,0.04448359147837258,0.05208867981930813,0.06373296212847142,0.07575419791382591,0.09304628560896416,0.10401562545956708,0.11694698829627674,0.007376192448774951
low final p-ratio,low_p,61,94,0.8545454545454545,-0.5664081208312405,-0.5734598575106268,-0.00898795469459569,0.00898795469459569,-0.004494611564797159,0.025401225313544273,0.01814376935362816,-0.0023083677515387535,0.0011013599578291178,0.03587029501795769,0.05969436094164848,2.8708512783050537,2.23433518409729,-0.01251731553633826,-8.231234882250786e-16,2.146503643394474e-15,0.023127994749862515,0.037053140579217395,0.044429853176691854,0.051977484342715735,0.06362040323274328,0.07569528434743288,0.09296483309160009,0.10392408222743792,0.11682147225430271,0.007376712597474459
low final p-ratio,low_p,61,95,0.8636363636363636,-0.5668400369856681,-0.5734598575106268,-0.009082994781512926,0.009082994781512926,-0.0045471538418861155,0.02567523531615734,0.01835458166897297,-0.0023333376739174128,0.001113926526159048,0.03626658767461777,0.060348838567733765,2.9228053092956543,2.2324931621551514,-0.01267918681442256,5.465433013329325e-16,3.6072432336594895e-15,0.023026983812329028,0.03699969285086095,0.04437659704943025,0.05186781687767255,0.06350999134181574,0.07563672153606296,0.09288399338123628,0.10383191975342129,0.1166973874882052,0.0073769041985692965
low final p-ratio,low_p,61,96,0.8727272727272727,-0.5673559721380288,-0.5734598575106268,-0.0091779494007261,0.0091779494007261,-0.004598745518567214,0.025948451831936836,0.018566416576504707,-0.0023580824490636587,0.0011262131156399846,0.03666280582547188,0.060991719365119934,2.9723644256591797,2.230747938156128,-0.012842818516621038,-9.175915249811136e-16,1.9493521273103247e-15,0.022924760607261407,0.03694568397188788,0.04432297500118237,0.051756839138903825,0.06339786113017223,0.07557871641527746,0.09280179515120865,0.10373972052770421,0.11657191167904717,0.007377291029294485
low final p-ratio,low_p,61,97,0.8818181818181818,-0.5678015982613814,-0.5734598575106268,-0.009272904019939273,0.009272904019939273,-0.004651374213875068,0.026222078129649162,0.01877746172249317,-0.0023822321090847254,0.001139225554652512,0.03705936297774315,0.06163414940237999,3.022947072982788,2.2289929389953613,-0.01300701117781853,-4.423038496036885e-16,1.6814187584801328e-16,0.022820858954849147,0.036891655899851564,0.044268267796879576,0.0516454412414892,0.06328496764579998,0.0755202268190178,0.09271698694224886,0.10364722487809837,0.1164490958355243,0.0073766118970280126
low final p-ratio,low_p,61,98,0.8909090909090909,-0.568200532138356,-0.5734598575106268,-0.009368798783897132,0.009368798783897132,-0.0047039164909640245,0.026496194303035736,0.018988804891705513,-0.0024067519698292017,0.0011517126113176346,0.037456367164850235,0.06228632107377052,3.075425624847412,2.227137804031372,-0.013172038646628387,3.7638061962449353e-16,3.1698562686724904e-15,0.022719140827987146,0.03683733716879826,0.04421550524896855,0.05153568933019804,0.0631745017001428,0.0754616093628881,0.09263789263949962,0.1035527255591948,0.11632425899148566,0.0073781680801702915
low final p-ratio,low_p,61,99,0.9,-0.568706819114369,-0.5734598575106268,-0.009462984193773746,0.009462984193773746,-0.004756458768052982,0.026769308373332024,0.019200989976525307,-0.0024312909226864576,0.0011646085185930133,0.03785263001918793,0.06293109804391861,3.1265692710876465,2.225358724594116,-0.013337324019835428,1.3877358538349344e-15,2.6532678487609675e-15,0.02261567544538546,0.03678273201107291,0.04416058020030908,0.05142425413088389,0.06306308964581576,0.07540330232086423,0.09255540191230685,0.10345845807928115,0.11620041646897583,0.007377848189236168
low final p-ratio,low_p,61,100,0.9090909090909091,-0.5691419286843492,-0.5734598575106268,-0.009557938812986921,0.009557938812986921,-0.004809001045141939,0.027042636647820473,0.019412517547607422,-0.0024561716709285975,0.0011771598365157843,0.03824964165687561,0.06358328461647034,3.1774635314941406,2.2235805988311768,-0.013503544368820777,-1.820765579002537e-15,-3.093058687426171e-16,0.022510500013485136,0.03672801309335846,0.04410610510944445,0.05131437371310778,0.06295296178545187,0.07534538956453098,0.09247145212314678,0.10336374431166356,0.11607809697007217,0.007378092016085996
low final p-ratio,low_p,61,101,0.9181818181818182,-0.5695892957103494,-0.5734598575106268,-0.009652893432200094,0.009652893432200094,-0.00486240750441986,0.02731640450656414,0.019624508917331696,-0.0024807038716971874,0.001189539791084826,0.03864699974656105,0.06422621011734009,3.2280588150024414,2.2217965126037598,-0.013670664425378804,-1.385339478814756e-15,8.061312216420004e-16,0.022406551659627415,0.03667360575863029,0.044051745904037966,0.05120323333222383,0.06284168443983047,0.07528603278107744,0.09239113468384341,0.10326759162684807,0.11595406297169564,0.007378140145407677
low final p-ratio,low_p,61,102,0.9272727272727272,-0.570024808020363,-0.5734598575106268,-0.009747933519117331,0.009747933519117331,-0.004915036199727714,0.027589967474341393,0.019836880266666412,-0.0025053764693439007,0.0012025515316054225,0.03904401883482933,0.06487840414047241,3.280571222305298,2.2199642658233643,-0.013838042800992975,-7.129623579588313e-16,3.26890874073378e-15,0.022301461028939606,0.036619445659705346,0.043996751527347756,0.05109377512138046,0.06273093342590093,0.07522803762122092,0.09230845705070838,0.10317169345061213,0.11583240208087445,0.00737730586764241
low final p-ratio,low_p,61,103,0.9363636363636364,-0.5704579607584009,-0.5734598575106268,-0.009842973606034568,0.009842973606034568,-0.00496852907722453,0.027863692492246628,0.020049380138516426,-0.0025294709485024214,0.0012151162372902036,0.03944170102477074,0.06553060561418533,3.3318967819213867,2.2181997299194336,-0.014006716883389874,-1.1341055540883128e-16,3.8029128993422786e-16,0.02219672343380774,0.03656422091885154,0.04394159458454192,0.05098246756049888,0.06261972990800532,0.07516982336189347,0.09222727484699748,0.10307468866295753,0.11570914421912172,0.007377373665690384
low final p-ratio,low_p,61,104,0.9454545454545454,-0.570877444823255,-0.5734598575106268,-0.009937928225247741,0.009937928225247741,-0.005021071354313488,0.028136780485510826,0.02026137337088585,-0.002554174978286028,0.0012274959590286016,0.039837829768657684,0.0661754310131073,3.3840627670288086,2.2163479328155518,-0.014175680562350173,-1.7277267399328018e-15,1.6911806141145436e-15,0.022090647446642818,0.036509443175738496,0.04388698073765859,0.05087309050878865,0.06250915930051151,0.07511144322457897,0.0921443867793928,0.10297764533631314,0.11558778058485748,0.007377537561920097
low final p-ratio,low_p,61,105,0.9545454545454546,-0.5713083433087824,-0.5734598575106268,-0.010032028167420293,0.010032028167420293,-0.005073613631402445,0.028410164639353752,0.02047329768538475,-0.0025789181236177683,0.001240630866959691,0.04023458808660507,0.06681837886571884,3.4345932006835938,2.214566230773926,-0.014344539990742181,-1.3252835141676122e-15,7.55338816942368e-16,0.021985813486871408,0.03645515218761394,0.043831510823421314,0.050763656882962555,0.0624007167648982,0.0750537794555077,0.09206460200196606,0.10288045252775349,0.11546743401815238,0.0073763586358073716
low final p-ratio,low_p,61,106,0.9636363636363636,-0.5717133433780166,-0.5734598575106268,-0.010127922931378151,0.010127922931378151,-0.0051270200906803655,0.028684008866548538,0.02068699710071087,-0.002603107364848256,0.0012533466797322035,0.040632639080286026,0.06747295707464218,3.486740827560425,2.21274995803833,-0.014515777066458522,-2.328452942604636e-15,2.4346672905337112e-15,0.021877835553074345,0.03639988814867631,0.04377612256029661,0.05065298233457875,0.06228944145477192,0.07499539020783831,0.0919810129164919,0.10278116814002723,0.11534580373966918,0.007376234411620296
low final p-ratio,low_p,61,107,0.9727272727272728,-0.5722258127391541,-0.5734598575106268,-0.010222963018295388,0.010222963018295388,-0.0051805129681771825,0.02895795926451683,0.02090158313512802,-0.002627595094963908,0.0012657662155106664,0.0410313718020916,0.06811545789241791,3.537940502166748,2.2109615802764893,-0.01468754093683489,-1.2243972828650906e-15,-3.2638204025248126e-16,0.021770911100145656,0.036344301136778286,0.043721196115829045,0.050541843814622706,0.06217758649493178,0.07493688797511168,0.09189910868357377,0.10268143665713339,0.11522300380712311,0.007376894979050759
low final p-ratio,low_p,61,108,0.9818181818181818,-0.5726409293485718,-0.5734598575106268,-0.010317917637508561,0.010317917637508561,-0.005234005845673999,0.029230736196041107,0.021114785224199295,-0.0026523324195295572,0.0012787964660674334,0.04142849147319794,0.06876768916845322,3.590634346008301,2.209115982055664,-0.014859348121207781,-1.3767482902765862e-16,4.0026656536695805e-16,0.021662738315524014,0.036289051760725236,0.04366450992133134,0.05043284178233086,0.062070838750312475,0.0748781998953622,0.09181753157843034,0.10258263561770363,0.1151036019026891,0.007375458160606106
low final p-ratio,low_p,61,109,0.990909090909091,-0.573062108204728,-0.5734598575106268,-0.010412017579681113,0.010412017579681113,-0.005286548122762956,0.029504239559173584,0.02132752723991871,-0.002677238080650568,0.0012916842242702842,0.041826143860816956,0.06941018998622894,3.640582323074341,2.2073428630828857,-0.015031327883988858,-4.199032605378108e-15,-6.038257201111319e-16,0.02155585014620342,0.03623373633811294,0.04360887140200297,0.05032257503864685,0.061958372638489675,0.07482098337077005,0.09173529510795107,0.10248257879523441,0.1149842926412303,0.00737513506389003
low final p-ratio,low_p,61,110,1.0,-0.5734598575106268,-0.5734598575106268,-0.01050705766659835,0.01050705766659835,-0.005340991600667633,0.029778150841593742,0.021541668102145195,-0.002701606834307313,0.0013045554514974356,0.04222468286752701,0.07006525993347168,3.6923677921295166,2.2055327892303467,-0.015204570571283512,-1.497063538016932e-15,-1.018754003186321e-15,0.021448015796026138,0.036178603073812064,0.04355283406236293,0.050213096924901175,0.061849822217807,0.07476225310000627,0.09165451779448736,0.10238213403162587,0.11486530450249474,0.007374230988550869
high final p-ratio,high_p,56,0,0.0,,0.40844515428566636,0.0,-0.0,0.0,0.0,0.0,0.0,0.0,0.0,0.0,1.9464350938796997,0.41856032609939575,-3.0091525813795445e-09,-2.3519131038803605e-15,6.1906991074066824e-15,0.05522763063233765,0.06127635978310579,0.06884185354315205,0.09886109416217408,0.12051036680749609,0.13080498848534383,0.16320198834602911,0.17267825033148054,0.1773258106613028,0.007565493760046255
high final p-ratio,high_p,56,1,0.007751937984496124,0.37318255250403876,0.40844515428566636,-7.691850253680741e-05,7.691850253680741e-05,2.903346712558025e-05,0.00024524706532247365,9.208984556607902e-05,-5.699176597318001e-08,-2.4385130359405593e-07,0.00030371741740964353,0.0005264428909868002,1.8971196413040161,0.4230825901031494,-3.523435558516885e-05,-1.1536654614501171e-15,5.813365716080543e-17,0.055209474843259033,0.0612334454415088,0.06883474233771955,0.098803668221249,0.12047842567883167,0.1307793790237567,0.1631707126490524,0.1726450924573088,0.17731032702809407,0.007601296896210752
high final p-ratio,high_p,56,2,0.015503875968992248,0.3817204301075269,0.40844515428566636,-0.0001544969350286494,0.0001544969350286494,5.9598850858289107e-05,0.0004902149084955454,0.0001894103188533336,-4.588962667639862e-07,-1.0344924703531433e-06,0.0006097850273363292,0.0010433024726808071,1.849183201789856,0.42746633291244507,-6.949736340822775e-05,1.5947182160116152e-15,2.2553606109811887e-15,0.05519198454356791,0.06119069709186098,0.06882881844157654,0.09874883299386379,0.12044767133645407,0.1307537852787582,0.16313978007725205,0.17261359262544135,0.17729712990952032,0.00763812134971556
high final p-ratio,high_p,56,3,0.023255813953488372,0.387941862551588,0.40844515428566636,-0.0002314887631160162,0.0002314887631160162,9.09666670994939e-05,0.0007350302767008543,0.0002903149288613349,-6.131206760073837e-07,-1.5257651284628082e-06,0.0009168244432657957,0.0015692394226789474,1.8017497062683105,0.43181613087654114,-0.00010336752644497286,-1.3220196126240958e-14,3.2096404919163496e-15,0.05517494816218747,0.061148276996091135,0.0688229209895932,0.09869348522501344,0.12041706445845178,0.13072784711144994,0.163109287598987,0.17258324209777104,0.1772839527602131,0.00767464399350206
high final p-ratio,high_p,56,4,0.031007751937984496,0.3925636535093628,0.40844515428566636,-0.00030760068459667026,0.00030760068459667026,0.00012306396743933136,0.0009804409928619862,0.0003923120384570211,-9.502465445621056e-07,-2.371612936258316e-06,0.0012247331906110048,0.0020927346777170897,1.754732608795166,0.43611791729927063,-0.00013656143099665362,-1.9933201276141804e-16,6.867614046452858e-16,0.05515808942823402,0.061106004110965624,0.06881744639969545,0.09863894265988926,0.12038658585073676,0.13070222475771676,0.16307894607415144,0.17255296619832936,0.17727138150840344,0.007711442288729824
high final p-ratio,high_p,56,5,0.03875968992248062,0.3940504419055831,0.40844515428566636,-0.00038444586158291826,0.00038444586158291826,0.00015450473209039942,0.0012266370467841625,0.0004943149397149682,-5.420038746706268e-07,-3.042372100026114e-06,0.0015332810580730438,0.0026261107996106148,1.7075170278549194,0.44044968485832214,-0.00017043913097579449,-4.516507175712757e-16,2.8331306794760065e-15,0.05514088803813814,0.06106345116620091,0.0688113181024333,0.09858404557497075,0.12035617812456627,0.13067653847052205,0.16304749223375087,0.17252213049986612,0.17725814316602076,0.007747866936232382
high final p-ratio,high_p,56,6,0.046511627906976744,0.39735872787709997,0.40844515428566636,-0.0004605577830635723,0.0004605577830635723,0.0001866020324302369,0.0014726859517395496,0.0005984836025163531,-1.4650868251919746e-06,-3.3927046843018616e-06,0.0018427936593070626,0.0031593062449246645,1.6604996919631958,0.44474831223487854,-0.00020380740149954379,5.3302951542798614e-15,6.643065433985182e-15,0.055124169706233614,0.061021029757508824,0.06880622900351398,0.09852995565980266,0.1203259026858508,0.1306512648306767,0.1630164539484947,0.1724918570474408,0.1772456822870735,0.007785199246005153
high final p-ratio,high_p,56,7,0.05426356589147287,0.3977981368850566,0.40844515428566636,-0.0005366697045442264,0.0005366697045442264,0.00021869933277007434,0.0017182548763230443,0.0007010058034211397,-1.2693667486018967e-06,-4.295880444260547e-06,0.00215157400816679,0.0036920642014592886,1.6132489442825317,0.4490748941898346,-0.00023780670784240981,1.4909864273756941e-15,1.8004672547259185e-15,0.055107182949422955,0.060978372506374286,0.06880065449348817,0.09847588665432429,0.12029596951063845,0.1306255107925264,0.16298474165610316,0.17246109626791983,0.17723250305510116,0.007822281987113884
high final p-ratio,high_p,56,8,0.06201550387596899,0.3998651836872262,0.40844515428566636,-0.0006135148815304744,0.0006135148815304744,0.00025159906561840776,0.0019636990036815405,0.0008055925136432052,-1.6116019878609222e-06,-4.232499122736044e-06,0.002460773568600416,0.004229369107633829,1.5663983821868896,0.4533645212650299,-0.0002713478163013372,1.6008268660306754e-15,3.465169116148799e-15,0.05509040181463601,0.0609363958147708,0.0687954196300146,0.09842230260467147,0.12026726201290386,0.13060003570343467,0.1629545364503161,0.1724311623124885,0.17721967005688874,0.00785902381524381
high final p-ratio,high_p,56,9,0.06976744186046512,0.399748322147651,0.40844515428566636,-0.0006888935475055344,0.0006888935475055344,0.0002829668818596125,0.0022096619941294193,0.0009072876418940723,-1.227017492055893e-06,-5.473227702168515e-06,0.0027692816220223904,0.004758209455758333,1.5187904834747314,0.45771440863609314,-0.0003057322494399316,-2.0956281368722407e-15,8.777104870145518e-15,0.055073349227596685,0.06089341888359595,0.0687896033455598,0.09836710278743183,0.12023625306213774,0.13057423711617888,0.16292225478384953,0.1724002979320926,0.1772062548514353,0.007896184461963843
high final p-ratio,high_p,56,10,0.07751937984496124,0.40160707544626006,0.40844515428566636,-0.0007658120500423418,0.0007658120500423418,0.00031513713060931324,0.002456231042742729,0.0010126156266778708,-2.0280324406485306e-06,-6.326008588075638e-06,0.003080107271671295,0.005291596055030823,1.4720163345336914,0.46197035908699036,-0.000339477887917522,-2.389018680781789e-15,2.2207014840099114e-15,0.05505660993040838,0.06085059033828579,0.06878462424341684,0.09831359764243337,0.1202065983336769,0.13054919823507893,0.16289191230288477,0.17237078464570468,0.17719375315618957,0.007934033905131053
high final p-ratio,high_p,56,11,0.08527131782945736,0.40169641106099235,0.40844515428566636,-0.0008427305525791493,0.0008427305525791493,0.00034723443094915074,0.0027022857684642076,0.0011153987143188715,-2.1515234038815834e-06,-6.5267086029052734e-06,0.003389179240912199,0.005824796389788389,1.4245760440826416,0.4663042426109314,-0.00037435563019683205,-1.0187806673289743e-14,-2.3673873679175205e-15,0.055039568283968304,0.06080705707525254,0.06877922698076082,0.09825871337557973,0.12017620976624598,0.13052322213142226,0.16285977974186674,0.17233944112062857,0.1771810544176001,0.00797216990550828
high final p-ratio,high_p,56,12,0.09302325581395349,0.4027690371302706,0.40844515428566636,-0.0009188424740598032,0.0009188424740598032,0.0003800612153876209,0.0029483670368790627,0.0012201211648061872,-2.4872908852557885e-06,-7.85503289080225e-06,0.0036993143148720264,0.006357558537274599,1.3776850700378418,0.4705759584903717,-0.000408328629083278,2.0819418643561733e-15,6.043859066834434e-15,0.0550228747967643,0.06076385499333981,0.06877420336844317,0.09820502019906881,0.12014582874106661,0.1304980292016755,0.16282888600346818,0.1723095774035166,0.17716812258549336,0.008010348375103359
high final p-ratio,high_p,56,13,0.10077519379844961,0.40265560165975106,0.40844515428566636,-0.0009956876510460514,0.0009956876510460514,0.00041142903162882564,0.003194710472598672,0.0013229497708380222,-2.033167675108416e-06,-8.005700692592654e-06,0.004008454270660877,0.0068909465335309505,1.3301175832748413,0.4749222695827484,-0.0004432487238669468,-8.289608542270563e-16,1.4794474199035242e-15,0.05500577741444103,0.060721041102515264,0.0687689100293463,0.09815077645227052,0.12011675926918455,0.13047240653648168,0.16279731248729404,0.1722781604632996,0.17715450394402776,0.008047868926831042
high final p-ratio,high_p,56,14,0.10852713178294573,0.403654164899973,0.40844515428566636,-0.0010710663170211115,0.0010710663170211115,0.00044279684787003044,0.0034407060593366623,0.0014281310141086578,-2.3827112727303756e-06,-8.930762305681128e-06,0.004318546038120985,0.007419790141284466,1.2832268476486206,0.47918450832366943,-0.00047763038666195733,-6.032837447619426e-16,4.024031696093926e-16,0.054989150621806517,0.060677874960827105,0.06876393128943967,0.09809736246703481,0.12008710194482039,0.13044713599648197,0.16276632838475066,0.17224813726178256,0.1771420113744394,0.008086056328612562
high final p-ratio,high_p,56,15,0.11627906976744186,0.40327338129496404,0.40844515428566636,-0.0011479114940073595,0.0011479114940073595,0.00047496709661973117,0.0036865861620754004,0.0015303798718377948,-2.523936018405948e-06,-9.605764716980048e-06,0.004627707879990339,0.007953176274895668,1.2357255220413208,0.4835119843482971,-0.0005129861741316194,-2.8053082678631298e-15,-9.332575071130148e-16,0.05497202614123222,0.060633903984008364,0.06875849483945577,0.09804218611882076,0.1200560533458036,0.13042127682675023,0.16273398866356187,0.1722174485224393,0.17712843561286312,0.008124590855447408
high final p-ratio,high_p,56,16,0.12403100775193798,0.40417566109012415,0.40844515428566636,-0.0012240234154880134,0.0012240234154880134,0.0005070643969595686,0.003932972904294729,0.0016358786961063743,-2.786051481962204e-06,-1.0326504707336426e-05,0.004938383586704731,0.008486376143991947,1.188820481300354,0.487773597240448,-0.0005476522571380054,-4.610645551225239e-15,2.4778129681632614e-15,0.05495527689545876,0.060590839496414695,0.06875392335745865,0.09798940208210775,0.12002761063560027,0.1303956992864966,0.1627031465334062,0.17218696101703612,0.17711603762792366,0.00816308386104396
high final p-ratio,high_p,56,17,0.13178294573643412,0.4041850569967929,0.40844515428566636,-0.0013009419180248208,0.0013009419180248208,0.0005385051616106367,0.0041782185435295105,0.001738628838211298,-3.408821612538304e-06,-1.106204217649065e-05,0.005246731918305159,0.009015410207211971,1.1414140462875366,0.4920741617679596,-0.0005831104321050219,-5.199526581504913e-15,1.36144195078309e-15,0.054938517651854216,0.06054663183077913,0.06874870494691993,0.09793443993995306,0.11999711369993626,0.13037019888024073,0.1626719856421619,0.17215666709192018,0.17710288676146982,0.008202073116140796
high final p-ratio,high_p,56,18,0.13953488372093023,0.40468407952739377,0.40844515428566636,-0.0013778604205616283,0.0013778604205616283,0.0005706024619504742,0.004424116108566523,0.0018437786493450403,-3.5427510738372803e-06,-1.1384073332010303e-05,0.005557007621973753,0.009548609144985676,1.094448447227478,0.49634596705436707,-0.0006182003496559853,-9.037696729700596e-15,-5.165148238549147e-15,0.054921605341603875,0.06050298994977435,0.06874379872077563,0.09788094002197299,0.11996740331488209,0.13034475056590467,0.1626402667073482,0.17212593299732343,0.17709017818387154,0.008240808771001279
high final p-ratio,high_p,56,19,0.14728682170542637,0.40460900204591954,0.40844515428566636,-0.001453165760986129,0.001453165760986129,0.000601970278191679,0.004670748952776194,0.0019465317018330097,-3.2827051654749084e-06,-1.225874075316824e-05,0.0058664982207119465,0.01007746160030365,1.0465220212936401,0.5006948709487915,-0.0006539340699780511,-6.951010284997484e-15,-2.2492023449641115e-15,0.054904617139963835,0.06045884144902411,0.06873867108245718,0.09782659886105778,0.11993660637561959,0.13031953945463665,0.1626080441466952,0.17209509468252146,0.17707704119004836,0.008279829633433072
high final p-ratio,high_p,56,20,0.15503875968992248,0.40517194838848997,0.40844515428566636,-0.0015300842635229362,0.0015300842635229362,0.0006347970626301491,0.004916157107800245,0.0020518959499895573,-3.560834329618956e-06,-1.3022373423154932e-05,0.006176468450576067,0.010614756494760513,0.9994161128997803,0.5049647092819214,-0.0006891950539888543,-5.471460044702977e-15,5.7216030400695175e-15,0.05488784499126475,0.06041465496346022,0.06873417666557857,0.09777304950971161,0.11990715389165646,0.1302941862733429,0.16257712153786938,0.17206434667444345,0.17706407867855833,0.008319521702118353
high final p-ratio,high_p,56,21,0.16279069767441862,0.40515866892969193,0.40844515428566636,-0.0016061961850035904,0.0016061961850035904,0.0006661648788713539,0.005162226501852274,0.0021545568015426397,-3.807712346315384e-06,-1.3156742170394864e-05,0.006485372316092253,0.011144043877720833,0.9516996741294861,0.5092917084693909,-0.0007252466282064272,-2.59689951865777e-15,-2.1636794358202526e-16,0.05487092273026704,0.06037049882225395,0.06872925150327522,0.09771897732220808,0.1198770492737079,0.13026829895674527,0.16254510446923381,0.1720333767647975,0.17705132386715072,0.008358752681021271
high final p-ratio,high_p,56,22,0.17054263565891473,0.4055321028863145,0.40844515428566636,-0.0016830413619898384,0.0016830413619898384,0.0006983351276210546,0.005408217664808035,0.0022595482878386974,-4.155121587245958e-06,-1.3961818694951944e-05,0.0067959134466946125,0.011676990427076817,0.9047466516494751,0.5135418176651001,-0.0007611114540198084,-6.182563228557299e-15,-3.646789633677161e-15,0.054854093406497745,0.060326013399640256,0.06872448185012899,0.0976647503567863,0.11984702791917268,0.1302430259752694,0.16251276629926412,0.17200278085218315,0.1770377968843876,0.008398468450488729
high final p-ratio,high_p,56,23,0.17829457364341086,0.40549868519909843,0.40844515428566636,-0.0017599598645266458,0.0017599598645266458,0.0007296299954523962,0.005654602311551571,0.002362604020163417,-4.0644467844686005e-06,-1.4758565157535486e-05,0.007105493918061256,0.012206281535327435,0.8567857146263123,0.5178830623626709,-0.0007975518304465795,-6.352145909087591e-15,-3.0311900861581137e-16,0.05483699461420296,0.06028147731106208,0.06871960873650249,0.09761033583894854,0.11981704473347671,0.13021710697099323,0.16248063834202034,0.17197157572721058,0.1770243052991604,0.008438131425440407
high final p-ratio,high_p,56,24,0.18604651162790697,0.40582318925365074,0.40844515428566636,-0.0018352652049511465,0.0018352652049511465,0.0007618002442020969,0.005900004878640175,0.0024676984176039696,-4.618635557562811e-06,-1.6008711099857464e-05,0.007415329106152058,0.012748261913657188,0.8096790909767151,0.5221315026283264,-0.0008333751103148571,-3.9710608143721165e-15,2.3144662622395325e-16,0.0548202900523658,0.060237391370124634,0.06871515991499619,0.09755696098265057,0.11978802835560687,0.13019236166250836,0.1624494470166282,0.17194125940295477,0.17701196836773944,0.008477768544871554
high final p-ratio,high_p,56,25,0.1937984496124031,0.4057335436064724,0.40844515428566636,-0.0019121837074879539,0.0019121837074879539,0.0007931680604433016,0.006146024446934462,0.0025696796365082264,-4.205283403280191e-06,-1.5778932720422745e-05,0.007724222727119923,0.013277743011713028,0.7619115114212036,0.5264691114425659,-0.0008701222033237954,-3.861728414769189e-15,5.2627497941538645e-15,0.054803287775129786,0.06019237724871864,0.06871010913080239,0.09750268411809641,0.11975719211679314,0.13016687047960845,0.1624173778344463,0.1719102707684628,0.1769982126979185,0.008517731882083747
high final p-ratio,high_p,56,26,0.20155038759689922,0.4059825508932281,0.40844515428566636,-0.0019891022100247614,0.0019891022100247614,0.0008252653607831391,0.006391601171344519,0.00267501687631011,-4.143867954553571e-06,-1.6926425814745016e-05,0.00803422648459673,0.01380171813070774,0.7146837115287781,0.5307265520095825,-0.0009065169140309932,-3.655178577659026e-15,1.0495602547232352e-14,0.054786494514595774,0.06014674579322134,0.06870589723883971,0.09744892322891119,0.11972598288617899,0.13014168212959534,0.16238499719759572,0.1718790939389052,0.17698552451915073,0.008559151445618376
high final p-ratio,high_p,56,27,0.20930232558139536,0.4059374249819957,0.40844515428566636,-0.002065214131505415,0.002065214131505415,0.0008567061254342071,0.006637532729655504,0.0027780381496995687,-4.848775915888837e-06,-1.7597289115656167e-05,0.008343536406755447,0.014339984394609928,0.6667814254760742,0.5350462198257446,-0.0009435649419437431,-2.2158313834644492e-15,1.031384584133713e-14,0.05476951880134327,0.06010215624227483,0.0687010444643594,0.09739441607497244,0.11969658351480558,0.13011602798084576,0.16235279003731534,0.17184793130652298,0.17697237563929874,0.008598888222084572
high final p-ratio,high_p,56,28,0.21705426356589147,0.4061577637594768,0.40844515428566636,-0.002142059308491663,0.002142059308491663,0.0008888034257740447,0.006884453818202019,0.0028832617681473494,-5.1629936024255585e-06,-1.7989634216064587e-05,0.008654464036226273,0.014873181469738483,0.6194676160812378,0.5393171906471252,-0.0009802023305438556,3.864962391606211e-15,8.90214192016152e-15,0.05475259045019976,0.060057838124626485,0.06869657833729864,0.09734163625868647,0.11966817907481528,0.13009069632290748,0.16232148589938866,0.17181724810337262,0.17695929288893186,0.008638740212672157
high final p-ratio,high_p,56,29,0.2248062015503876,0.4062208977463215,0.40844515428566636,-0.0022181712299723173,0.0022181712299723173,0.0009209007261138821,0.007130726240575314,0.0029861265793442726,-5.008963398722699e-06,-1.8829428881872445e-05,0.008964190259575844,0.015405938029289246,0.5713898539543152,0.5436515212059021,-0.0010175008918341787,-4.708979801622584e-15,3.708801992961858e-15,0.05473559270294712,0.060012340216146834,0.06869206651723946,0.0972872044669319,0.11963769690798345,0.13006543877437787,0.16228933531910797,0.17178623216315977,0.17694624317067753,0.008679726301092622
high final p-ratio,high_p,56,30,0.23255813953488372,0.40637773016187406,0.40844515428566636,-0.0022942831514529715,0.0022942831514529715,0.0009529980264537196,0.007376649416983128,0.0030910756904631853,-5.8433247431821655e-06,-1.8950551748275757e-05,0.009273959323763847,0.015939321368932724,0.5243281126022339,0.5478858351707458,-0.001054495270442458,1.291529014271693e-15,3.614005729307888e-15,0.05471869785692337,0.05996641001462296,0.06868772601850733,0.09723387493243608,0.1196068246959662,0.13004005259786452,0.16225685995448394,0.17175526109854466,0.17693356153635467,0.008721316003884365
high final p-ratio,high_p,56,31,0.24031007751937986,0.40619282440885884,0.40844515428566636,-0.002371201653989779,0.002371201653989779,0.0009843658426949243,0.007622740231454372,0.0031932303681969643,-5.598335064860294e-06,-2.0155632228124887e-05,0.009583117440342903,0.01646861806511879,0.4761248826980591,0.5522304773330688,-0.001092283874045686,-4.239666631209678e-15,9.827490285078754e-15,0.054701577205565566,0.05992125319551321,0.068682956124871,0.09717930277873733,0.11957738392401432,0.13001417222981618,0.1622241530084078,0.17172343431609402,0.17691953672557892,0.008761702929357795
high final p-ratio,high_p,56,32,0.24806201550387597,0.4064720876449636,0.40844515428566636,-0.002447313575470433,0.002447313575470433,0.001016536091444625,0.007868909277021885,0.003298782976344228,-5.994768343953183e-06,-2.062894964183215e-05,0.009893574751913548,0.01700156182050705,0.42887336015701294,0.5564768314361572,-0.0011295241376812898,-5.46775681958957e-15,6.3342459451727375e-15,0.05468470325851854,0.05987601917921405,0.06867865958153223,0.09712637232096352,0.11954820464056354,0.1299888259497722,0.1621923351117262,0.17169270303263376,0.17690665549291124,0.00880264040231818
high final p-ratio,high_p,56,33,0.2558139534883721,0.40651910546478504,0.40844515428566636,-0.0025242320780072404,0.0025242320780072404,0.0010478309592759666,0.008114944212138653,0.0034015816636383533,-6.102439328969922e-06,-2.1405983716249466e-05,0.010202874429523945,0.017530860379338264,0.38074129819869995,0.5608035922050476,-0.001167430828627297,-3.6483576714372e-15,-3.3197871612133864e-15,0.054667665719776944,0.05983061998935317,0.06867413294830273,0.0970725898044714,0.11951848374601258,0.12996372961843064,0.16216009285603014,0.17166152215633224,0.17689359162414398,0.008843512958949556
high final p-ratio,high_p,56,34,0.26356589147286824,0.40666709037752635,0.40844515428566636,-0.0026003439994878945,0.0026003439994878945,0.0010800741564355306,0.008360432460904121,0.0035069799050688744,-6.272716291277902e-06,-2.201936331402976e-05,0.010512840002775192,0.018073027953505516,0.33328932523727417,0.5650658011436462,-0.0012052336608191772,-6.5243474255626054e-15,1.116229782910357e-15,0.05465075298498508,0.05978443489137329,0.06867000123788225,0.09701867990805084,0.11948837221273807,0.12993883125730107,0.16212760878065127,0.1716303121487056,0.1768807109053299,0.008885566346508958
high final p-ratio,high_p,56,35,0.2713178294573643,0.40654760986000277,0.40844515428566636,-0.0026771891764741425,0.0026771891764741425,0.0011113690242668722,0.008607153780758381,0.003609561361372471,-6.420744739443762e-06,-2.2878612071508542e-05,0.01082270871847868,0.018606223165988922,0.28506261110305786,0.5693936347961426,-0.001243558115880676,-5.0393261561543375e-15,1.0095402641211452e-14,0.05463369023067141,0.059738414072960766,0.0686654444379514,0.09696473057718943,0.11945827008885787,0.1299129378193981,0.1620945964544047,0.17159853081347934,0.17686690949521547,0.008927030364990637
high final p-ratio,high_p,56,36,0.27906976744186046,0.4067292973557043,0.40844515428566636,-0.0027533010979547963,0.0027533010979547963,0.0011434663246067097,0.008853188715875149,0.003714840393513441,-6.085727363824844e-06,-2.3146676539909095e-05,0.011133000254631042,0.019135523587465286,0.23766176402568817,0.5736621618270874,-0.0012815163778757102,-2.1687029628168383e-15,-4.691985969015994e-16,0.05461682469105936,0.059692474315564126,0.06866133933756777,0.09691115517199138,0.11942793907593434,0.12988780829172333,0.16206204979664263,0.17156772709575324,0.1768540146469222,0.008968865022003641
high final p-ratio,high_p,56,37,0.2868217054263566,0.40662597827356617,0.40844515428566636,-0.0028294130194354505,0.0028294130194354505,0.0011749070892577776,0.009098777547478676,0.0038175624795258045,-6.59805846225936e-06,-2.3872746169217862e-05,0.011442165821790695,0.019664572551846504,0.18929508328437805,0.5779933333396912,-0.001320211493797794,-1.5955225287068044e-15,4.001734215636952e-15,0.0545997218209025,0.05964565119389995,0.06865702353901308,0.09685622310043951,0.11939693751537461,0.1298620102385426,0.16202896032229833,0.17153584136833427,0.17684065047100153,0.00901137234511313
high final p-ratio,high_p,56,38,0.29457364341085274,0.40686399954505387,0.40844515428566636,-0.002906404847522817,0.002906404847522817,0.001207004389597615,0.009344877675175667,0.003922931384295225,-6.834200121375034e-06,-2.468837919877842e-05,0.011752588674426079,0.02019776590168476,0.142052561044693,0.5822198987007141,-0.0013585436333831585,7.92616430661387e-16,7.566709413085882e-15,0.054582818815633476,0.05959962327080589,0.06865298934288763,0.09680313354276827,0.1193678190926839,0.1298368839812142,0.16199751916949523,0.17150512100199375,0.17682724021753476,0.009053366072081744
high final p-ratio,high_p,56,39,0.3023255813953488,0.406774260580453,0.40844515428566636,-0.002983250024509065,0.002983250024509065,0.00123837220583882,0.009590727277100086,0.004025885835289955,-7.032054782030173e-06,-2.5455528884776868e-05,0.012061878107488155,0.02073070965707302,0.09344311058521271,0.5865711569786072,-0.0013974149502958082,-2.1124043428033815e-15,-1.7700471264603858e-15,0.05456569116429852,0.05955332202467685,0.06864861721001737,0.09674907874004227,0.11933796798393186,0.12981147897999887,0.1619645671457029,0.17147338883041666,0.17681410560429905,0.009095295185340524
high final p-ratio,high_p,56,40,0.31007751937984496,0.40700266111929106,0.40844515428566636,-0.0030586286904841255,0.0030586286904841255,0.00127119899027729,0.009836940094828606,0.0041311923414468765,-7.098954483808484e-06,-2.6070305466419086e-05,0.012372199445962906,0.021263903006911278,0.046024031937122345,0.5908132195472717,-0.0014356236219926766,3.7067528044819843e-16,2.4583857050441096e-15,0.05454892952962217,0.05950712888594848,0.06864454824646705,0.09669679353178003,0.11930789300052813,0.1297862530519271,0.16193219684391041,0.1714418626438367,0.17680083209386657,0.009137419360518574
high final p-ratio,high_p,56,41,0.3178294573643411,0.40691345659651296,0.40844515428566636,-0.0031354738674703735,0.0031354738674703735,0.0013025668065184948,0.010082758031785488,0.00423387298360467,-6.911137916176813e-06,-2.6555007934803143e-05,0.012681118212640285,0.02179320529103279,-0.002245647832751274,0.5951396822929382,-0.0014752516051289577,-3.1433260743643785e-15,3.826712531500517e-15,0.05453159663789728,0.0594603907782553,0.06864033365158755,0.09664198859883794,0.11927785471497065,0.12976069720516162,0.16189871213947052,0.17141001160886102,0.17678706667154467,0.009179942873332243
high final p-ratio,high_p,56,42,0.32558139534883723,0.4071095900985513,0.40844515428566636,-0.0032123190444566215,0.0032123190444566215,0.0013347370552681955,0.010329166427254677,0.004338623024523258,-7.179876320151379e-06,-2.7371985197532922e-05,0.012991455383598804,0.022335372865200043,-0.049904532730579376,0.5993939638137817,-0.001514041202874128,-4.697643829646164e-15,1.914874997622469e-15,0.054514695281997656,0.05941354076560517,0.06863637226841528,0.09658852387383293,0.11924783075320283,0.12973579492872667,0.16186649061793876,0.1713793256800792,0.176774389819261,0.009222831502810107
high final p-ratio,high_p,56,43,0.3333333333333333,0.40701926339201566,0.40844515428566636,-0.003288504291487835,0.003288504291487835,0.001366031923099537,0.010575915686786175,0.004442030098289251,-7.837493285478558e-06,-2.782445153570734e-05,0.013301782310009003,0.022864677011966705,-0.09831760823726654,0.6037096977233887,-0.0015537038904531583,-1.126208308727132e-15,6.1604351889918686e-15,0.05449755489252167,0.059366908364860145,0.06863206921365783,0.09653488217595638,0.1192181502564259,0.12970986338975055,0.16183371797262303,0.17134700487045063,0.17676076014449915,0.009265160848797686
high final p-ratio,high_p,56,44,0.34108527131782945,0.407154523461581,0.40844515428566636,-0.003365349468474083,0.003365349468474083,0.0013982751202591011,0.010822132229804993,0.004546578042209148,-7.754243597446475e-06,-2.8528789698611945e-05,0.013612023554742336,0.023397617042064667,-0.14611473679542542,0.6079790592193604,-0.0015931606207154557,-1.6484081913539646e-15,-8.686894891609678e-16,0.05448056832127677,0.05931926827257996,0.06862819300403053,0.09648119171519286,0.11918672158938032,0.1296850240423032,0.16180011475463144,0.17131512593040177,0.1767479856054819,0.00930892473145057
high final p-ratio,high_p,56,45,0.3488372093023256,0.4070485110470701,0.40844515428566636,-0.0034422679710108903,0.0034422679710108903,0.0014287675555819466,0.011067443527281284,0.004649890586733818,-7.795273631927557e-06,-2.9486345738405362e-05,0.013921105302870274,0.02392692118883133,-0.19448314607143402,0.6122862100601196,-0.0016331920574934634,7.697044981643302e-16,4.01169596321326e-15,0.05446335833082553,0.059272437465230976,0.0686238781229065,0.09642688982276443,0.11915761635332511,0.12965918611776295,0.161767293574982,0.17128349163109194,0.17673406539871772,0.009351440657675528
high final p-ratio,high_p,56,46,0.35658914728682173,0.40718464393957193,0.40844515428566636,-0.0035176466369859502,0.0035176466369859502,0.0014609378043316473,0.01131342351436615,0.004755147732794285,-7.870865374570712e-06,-2.9764758437522687e-05,0.014231090433895588,0.02446030080318451,-0.24213401973247528,0.616540789604187,-0.0016726331717153986,1.42059665885119e-15,1.9037046650780236e-15,0.05444638373700072,0.05922529277060324,0.06862012869061046,0.09637352326149247,0.11912697373423445,0.12963418416833505,0.1617340559469381,0.17125155984577456,0.17672089663257645,0.00939483592000722
high final p-ratio,high_p,56,47,0.3643410852713178,0.4071561616115161,0.40844515428566636,-0.0035944918139721982,0.0035944918139721982,0.001493108053081348,0.011559326201677322,0.004858883563429117,-8.077360689640045e-06,-3.097408261965029e-05,0.014540544711053371,0.025002282112836838,-0.2907959818840027,0.6208676099777222,-0.0017126918818001875,-7.871637565724645e-16,4.1333606035473576e-16,0.054429318733080496,0.05917817577578935,0.0686160984816257,0.09632006669381875,0.11909718481932324,0.12960874353359242,0.16170059149265156,0.17121997055942823,0.17670788459650652,0.009437922705836349
high final p-ratio,high_p,56,48,0.37209302325581395,0.40728398536448074,0.40844515428566636,-0.0036713369909584462,0.0036713369909584462,0.0015244029209126896,0.011805708520114422,0.0049630096182227135,-8.648778930364642e-06,-3.108961755060591e-05,0.014850851148366928,0.02553158812224865,-0.33856117725372314,0.6251260638237,-0.0017527621629037915,-1.9856321105548306e-15,1.9976266517859794e-15,0.054412253445526124,0.0591310248833638,0.06861223195252858,0.09626741108102875,0.11906809617137412,0.12958365758449367,0.16166807498688132,0.1711887737602532,0.1766942326127055,0.009481207069164777
high final p-ratio,high_p,56,49,0.3798449612403101,0.40725219462702367,0.40844515428566636,-0.0037474489124391004,0.0037474489124391004,0.0015565731696623904,0.012051481753587723,0.005066781770437956,-8.604592949268408e-06,-3.169388946844265e-05,0.015160320326685905,0.026064526289701462,-0.38695693016052246,0.6294281482696533,-0.0017932378254835299,3.471150325969851e-16,8.011572098032264e-15,0.054395150449298706,0.05908311031238262,0.0686083202095514,0.09621338351088443,0.11903730105709764,0.12955834326905716,0.16163451699168,0.17115654120496784,0.17668092869370025,0.009525209897168783
high final p-ratio,high_p,56,50,0.3875968992248062,0.40731093072774244,0.40844515428566636,-0.003824440740526467,0.003824440740526467,0.0015886704700022278,0.012297648936510086,0.005170820280909538,-8.996627911983524e-06,-3.2943931728368625e-05,0.015470129437744617,0.026597721502184868,-0.43505269289016724,0.6336924433708191,-0.0018335620255017944,-2.131622053380209e-15,-1.152577618384913e-15,0.05437802322869982,0.05903561688352396,0.06860469178681557,0.09615977556978411,0.11900715674913132,0.1295328632599562,0.16160140053955135,0.17112473642288967,0.1766676601645016,0.009569074903291605
high final p-ratio,high_p,56,51,0.3953488372093023,0.40731792605779316,0.40844515428566636,-0.0038996727554004083,0.0038996727554004083,0.0016200382862434327,0.012543896213173866,0.0052742743864655495,-9.196448445436545e-06,-3.291894245194271e-05,0.01578015461564064,0.027127211913466454,-0.4833558201789856,0.6379931569099426,-0.001874263891309041,-1.9199688017179806e-15,4.397763184473643e-15,0.05436077219988657,0.058988226779721,0.0686005079518612,0.09610659483670898,0.11897771806135544,0.12950771037363995,0.16156793038501718,0.17109294376507034,0.17665356324123593,0.009612281172140205
high final p-ratio,high_p,56,52,0.40310077519379844,0.40740394308816347,0.40844515428566636,-0.003976664583487775,0.003976664583487775,0.0016521355865832701,0.01279014814645052,0.0053785257041454315,-9.039054930326529e-06,-3.360713890288025e-05,0.016090387478470802,0.027659965679049492,-0.5316133499145508,0.6422746777534485,-0.0019150821585303057,-1.0554432725810273e-14,-4.22865947010456e-15,0.054343642245707306,0.05894023959445858,0.06859698716420953,0.0960529629260308,0.11894785366213684,0.12948250806819328,0.16153508748257406,0.17106079515333597,0.17664082313970228,0.009656747569750955
high final p-ratio,high_p,56,53,0.4108527131782946,0.4074043863495009,0.40844515428566636,-0.0040535097604740234,0.0040535097604740234,0.001683503402824475,0.013037141412496567,0.0054830582812428474,-9.25755375646986e-06,-3.435690450714901e-05,0.016401324421167374,0.028189271688461304,-0.5799644589424133,0.6465674638748169,-0.0019561318202374308,3.667652421152701e-15,7.445433885959337e-15,0.05432641237715071,0.058892363107380406,0.06859312245559773,0.09599952097517267,0.11891819583668849,0.12945711081223898,0.16150136930998024,0.17102876965482378,0.17662702066763755,0.009700759348217326
high final p-ratio,high_p,56,54,0.4186046511627907,0.4074155616712534,0.40844515428566636,-0.004129621681954678,0.004129621681954678,0.0017156736515741757,0.013283106498420238,0.005586869083344936,-9.560388207319193e-06,-3.526804721332155e-05,0.01671108789741993,0.028731439262628555,-0.6283252239227295,0.6508455276489258,-0.0019974158471274986,-4.4152527270886146e-15,2.861773325088995e-16,0.05430923795174702,0.05884440965089481,0.0685891557737395,0.0959461683991505,0.1188882493005057,0.12943138492450956,0.1614675257245501,0.17099663208710672,0.1766135095603048,0.009744746122844691
high final p-ratio,high_p,56,55,0.4263565891472868,0.40746600110054243,0.40844515428566636,-0.0042065401844914845,0.0042065401844914845,0.0017477709519140132,0.01352862361818552,0.005691352300345898,-9.660247087595053e-06,-3.5884426324628294e-05,0.017020495608448982,0.029255403205752373,-0.6763333082199097,0.6551005244255066,-0.0020386146097386855,-9.72269856201555e-16,1.2701060810529324e-15,0.054292092370561304,0.05879585051672027,0.06858521012163303,0.09589236235431561,0.11885728689747366,0.129405899089639,0.16143406764574492,0.1709647288237779,0.1765997939751798,0.009789359604912763
high final p-ratio,high_p,56,56,0.43410852713178294,0.4073884637283948,0.40844515428566636,-0.004283385361477733,0.004283385361477733,0.0017791387681552178,0.013774963095784187,0.005794707220047712,-9.849925845628604e-06,-3.672949969768524e-05,0.017330264672636986,0.029794123023748398,-0.7251911759376526,0.6594256162643433,-0.0020804537149382548,1.78254914227191e-15,4.0908913048626864e-15,0.05427486234764259,0.05874758646006942,0.06858158839309404,0.09583853722659894,0.11882773263419134,0.12938119632166256,0.16140018155957814,0.17093248133366556,0.17658684238308953,0.009834001933024625
high final p-ratio,high_p,56,57,0.4418604651162791,0.4075113542624707,0.40844515428566636,-0.004358764027452793,0.004358764027452793,0.0018113090169049185,0.014020903035998344,0.0058999815955758095,-1.0166524589294568e-05,-3.7278565287124366e-05,0.017640339210629463,0.030326876789331436,-0.7732580304145813,0.663673996925354,-0.0021218059262690966,-4.099319999802529e-15,2.2229300012225703e-15,0.05425768787045289,0.058699213842020474,0.06857800820615687,0.09578566634760607,0.11879720499097202,0.12935618262746942,0.16136712115979854,0.1709004054611911,0.17657368863649128,0.009878794364136391
high final p-ratio,high_p,56,58,0.4496124031007752,0.4074640078274239,0.40844515428566636,-0.004435682529989601,0.004435682529989601,0.0018426038847362601,0.014266669750213623,0.006002603564411402,-1.078523291653255e-05,-3.835931420326233e-05,0.017949415370821953,0.030856184661388397,-0.8220973610877991,0.6679844856262207,-0.002163834966666749,-4.883130388171821e-15,-4.0916102997569285e-15,0.054240410046780624,0.05865081819141863,0.06857425820389859,0.09573224062615397,0.11876739873042745,0.12933055071647598,0.16133280682531695,0.17086804438970055,0.17655983903862477,0.00992344001247996
high final p-ratio,high_p,56,59,0.4573643410852713,0.4075760351777208,0.40844515428566636,-0.004511794451470254,0.004511794451470254,0.0018747741334859608,0.014512794092297554,0.006107635330408812,-1.0485243365110364e-05,-3.8246987969614565e-05,0.018259836360812187,0.03138956055045128,-0.870257556438446,0.6722504496574402,-0.0022053760349567534,-1.9393840975574457e-15,1.9388390166149733e-15,0.05422334578872157,0.05860236106894766,0.06857087312793494,0.0956791621491578,0.11873716215873671,0.12930542314750806,0.16129976272727845,0.17083605571854515,0.1765460703703155,0.009968512058987286
high final p-ratio,high_p,56,60,0.46511627906976744,0.40751984001873653,0.40844515428566636,-0.004588639628456502,0.004588639628456502,0.0019061419497271657,0.01475834846496582,0.006210734136402607,-1.062820138031384e-05,-3.920635208487511e-05,0.018569082021713257,0.03192766010761261,-0.9190143942832947,0.6765599250793457,-0.002248124435482298,-2.3800821348059045e-15,-8.513825198336913e-16,0.05420588432445328,0.0585534727820062,0.06856684338130921,0.0956251478594965,0.11870690446165635,0.12927990233566553,0.16126499834444422,0.17080406959515262,0.17653248838116659,0.01001337059930301
high final p-ratio,high_p,56,61,0.4728682170542636,0.4076325326292099,0.40844515428566636,-0.00466548480544275,0.00466548480544275,0.0019389687341656357,0.015004608780145645,0.006316361948847771,-1.0871742233575787e-05,-3.9865055441623554e-05,0.018879631534218788,0.03246103599667549,-0.9671164155006409,0.6807999610900879,-0.0022900291938814142,-5.821863083338069e-15,1.157553622508021e-15,0.05418877016320243,0.05850522300919394,0.06856340313827868,0.09557210948743643,0.1186776452867768,0.12925522561699115,0.16123132293178144,0.17077202549859974,0.17651913538840402,0.010058180129084736
high final p-ratio,high_p,56,62,0.4806201550387597,0.40755463730592534,0.40844515428566636,-0.0047416700524739635,0.0047416700524739635,0.001969607066308208,0.015250748954713345,0.006418721750378609,-1.1256688594585285e-05,-4.06619074055925e-05,0.01918887346982956,0.032989904284477234,-1.0163743495941162,0.6851400136947632,-0.002333025194795236,-9.238791611875264e-15,3.0917129645981457e-15,0.05417123848021645,0.058455574257892426,0.06855974749744548,0.09551817990055257,0.11864657952456208,0.12922949672888437,0.16119670095517796,0.17073876358557089,0.1765053209139681,0.010104173239553052
high final p-ratio,high_p,56,63,0.4883720930232558,0.4076562084437924,0.40844515428566636,-0.004818515229460212,0.004818515229460212,0.002002506799156541,0.015496538951992989,0.006524709053337574,-1.159931252914248e-05,-4.1215887904400006e-05,0.019499396905303,0.033523283898830414,-1.0642930269241333,0.6893590092658997,-0.0023752902894560992,1.5517693611136646e-15,2.352832225355988e-15,0.05415410990208995,0.05840653757126749,0.0685564168623366,0.09546570075691284,0.11861652428839216,0.12920422664164644,0.16116336031094772,0.17070699827231706,0.17649174522860184,0.010149879291069107
high final p-ratio,high_p,56,64,0.49612403100775193,0.4076348127190575,0.40844515428566636,-0.004894700476491425,0.004894700476491425,0.002033874615397746,0.01574280485510826,0.006627468392252922,-1.1401509254937991e-05,-4.196508598397486e-05,0.019808752462267876,0.034056033939123154,-1.1133114099502563,0.6936835050582886,-0.002418371421893164,-3.04677530690923e-15,2.748218144463538e-15,0.054136685465107214,0.05835736423961379,0.06855262590913995,0.09541189311118788,0.11858597803400359,0.12917890754390127,0.16112916176698008,0.17067448050202885,0.17647849879805366,0.01019526166952616
high final p-ratio,high_p,56,65,0.5038759689922481,0.4077388129828442,0.40844515428566636,-0.00497081239797208,0.00497081239797208,0.0020651694832290878,0.01598890870809555,0.0067322347313165665,-1.1587411790969782e-05,-4.267604526830837e-05,0.02011888287961483,0.034585341811180115,-1.1617403030395508,0.6979390382766724,-0.0024611549523896625,-3.095868122905567e-15,3.9304292955551604e-15,0.05411935822511609,0.05830857820143075,0.06854925713124738,0.09535910637957735,0.11855657194044716,0.12915390975619437,0.16109510498843646,0.17064238555544267,0.17646515159823523,0.01024067892981663
high final p-ratio,high_p,56,66,0.5116279069767442,0.4076491544162811,0.40844515428566636,-0.005047657574958327,0.005047657574958327,0.0020981421644872844,0.016234997659921646,0.006835840176790953,-1.2162659004388843e-05,-4.3268679291941226e-05,0.020428534597158432,0.035127948969602585,-1.2107229232788086,0.7022476196289062,-0.002504708219193539,-4.340729840760115e-15,-2.984768356799032e-15,0.05410188530600752,0.05825914413250167,0.06854539507191391,0.09530537586369711,0.11852647205552123,0.12912817678013275,0.16106105852875208,0.17060938238697207,0.17645094132760292,0.010286250939412246
high final p-ratio,high_p,56,67,0.5193798449612403,0.40775610307049387,0.40844515428566636,-0.005124576077495135,0.005124576077495135,0.0021302394648271216,0.016480859369039536,0.0069403937086462975,-1.1409063517930917e-05,-4.3800464482046664e-05,0.02073867991566658,0.03566070273518562,-1.2590687274932861,0.7065092325210571,-0.002547647286633739,-9.611761520571671e-15,-4.616637795317655e-16,0.054084734408278004,0.0582098201417353,0.0685422761727488,0.0952529287203289,0.11849683615008172,0.1291037608142797,0.16102695175471576,0.1705778149046575,0.17643770830102457,0.010332456031013501
high final p-ratio,high_p,56,68,0.5271317829457365,0.40775657178286684,0.40844515428566636,-0.005200614673425229,0.005200614673425229,0.0021616072810683265,0.016726912930607796,0.0070439791306853294,-1.1901009202119894e-05,-4.4384869397617877e-05,0.021048545837402344,0.0361994244158268,-1.3081716299057007,0.7108169794082642,-0.002591340608702833,1.519287614062557e-15,4.22776681650435e-15,0.054067220804189284,0.05816039942070011,0.06853864813646117,0.09519976075730463,0.11846688924628285,0.12907840638490478,0.1609924256416076,0.17054476625953807,0.17642398412882998,0.010378248715761061
high final p-ratio,high_p,56,69,0.5348837209302325,0.4077506384445454,0.40844515428566636,-0.005277606501512596,0.005277606501512596,0.002193704581408164,0.016973130404949188,0.007147989235818386,-1.2005575626972131e-05,-4.5026496081845835e-05,0.02135847881436348,0.036732178181409836,-1.356750249862671,0.7150853872299194,-0.0026351326799101404,5.647736731923244e-16,8.030218235259618e-15,0.05404976139725727,0.05811058215302002,0.06853510206867001,0.09514585319618021,0.11843640674317585,0.12905295642638964,0.16095802608747678,0.17051187805921175,0.1764101897553135,0.010424519915649993
high final p-ratio,high_p,56,70,0.5426356589147286,0.4078272687959474,0.40844515428566636,-0.005353645097442691,0.005353645097442691,0.002224342913550736,0.017219137400388718,0.007252444978803396,-1.2153035640949383e-05,-4.605555659509264e-05,0.021668361499905586,0.037261489778757095,-1.4055743217468262,0.7193554043769836,-0.002678583174253039,-9.240238175132447e-15,3.2499376187240484e-15,0.054032515985736856,0.05806103719638407,0.06853198567609944,0.0950935250942911,0.11840638395569424,0.12902775943834652,0.16092437931057643,0.17047965085635897,0.17639662476187637,0.010470948479715372
high final p-ratio,high_p,56,71,0.5503875968992248,0.4078236109207741,0.40844515428566636,-0.005429830344473904,0.005429830344473904,0.002257169697989206,0.017464473843574524,0.007356401067227125,-1.2662261724472046e-05,-4.649990296456963e-05,0.021977759897708893,0.03779486566781998,-1.454445719718933,0.7236394286155701,-0.0027227261736584175,8.84354736357402e-17,1.6430905909236241e-15,0.054014983327079366,0.05801154234490754,0.0685283450185064,0.09504039420549462,0.1183764200096813,0.1290028019657814,0.16088952556066713,0.17044719415554976,0.17638320544432706,0.010516802673598856
high final p-ratio,high_p,56,72,0.5581395348837209,0.4078470235816122,0.40844515428566636,-0.005506675521460152,0.005506675521460152,0.002289339946738907,0.01771094650030136,0.007461370900273323,-1.3034273251832929e-05,-4.723398888017982e-05,0.022288396954536438,0.03832761570811272,-1.5031908750534058,0.7279011607170105,-0.002766913546177455,-2.618130395455437e-15,-1.6926425289817237e-15,0.05399753127583432,0.05796128239528344,0.06852501359178455,0.09498735399586249,0.11834613702390825,0.12897721557253689,0.16085552733205594,0.17041419550043707,0.17637005241801249,0.010563731196501107
high final p-ratio,high_p,56,73,0.5658914728682171,0.4078017860580839,0.40844515428566636,-0.005582787442940806,0.005582787442940806,0.002319905330471616,0.017957011237740517,0.007564142346382141,-1.2842110663768835e-05,-4.7709429054521024e-05,0.02259775996208191,0.0388571098446846,-1.5523604154586792,0.7322126626968384,-0.002811650792996046,3.90019017368757e-15,5.1838503878297095e-15,0.05397984421145401,0.05791114232335824,0.06852140052088294,0.09493386059417139,0.118315554035256,0.1289520523022075,0.16082002269149853,0.17038094488433606,0.1763556360562198,0.010610258197524702
high final p-ratio,high_p,56,74,0.5736434108527132,0.4078908920901148,0.40844515428566636,-0.005659705945477614,0.005659705945477614,0.0023528780117298125,0.018203122541308403,0.007669461891055107,-1.3312480405147653e-05,-4.806814467883669e-05,0.0229080468416214,0.03938985988497734,-1.6008118391036987,0.7364554405212402,-0.002855715467350724,-4.8198652160256005e-15,7.061150869259287e-16,0.05396250740788898,0.05786086993092474,0.06851847624640053,0.09488099344079182,0.11828493038815686,0.1289269933897958,0.16078573075276995,0.17034882988614874,0.17634217392130544,0.010657606315475791
high final p-ratio,high_p,56,75,0.5813953488372093,0.40781156526815765,0.40844515428566636,-0.005735744541407709,0.005735744541407709,0.0023834433954625215,0.018449170514941216,0.00777142820879817,-1.3471477359416895e-05,-4.899750274489634e-05,0.023217182606458664,0.03991935774683952,-1.6503151655197144,0.7407820224761963,-0.002900753352691382,-5.898238295632214e-15,-4.2575409930744434e-16,0.053944834192584966,0.057811152191124295,0.06851488235023459,0.09482837839529056,0.11825601549628471,0.12890148917592423,0.16075066657985487,0.17031551029955216,0.17632815671223562,0.010703730159110296
high final p-ratio,high_p,56,76,0.5891472868217055,0.40791111553699844,0.40844515428566636,-0.005812736369495075,0.005812736369495075,0.0024163431283108546,0.01869528740644455,0.007877224124968052,-1.3415857210929971e-05,-4.9759790272219107e-05,0.023527761921286583,0.04045254737138748,-1.6988085508346558,0.7450132369995117,-0.0029454267333252817,3.2462530734977e-15,4.642380772935279e-15,0.05392732903584537,0.057760589278122595,0.06851187665592492,0.09477500247886347,0.11822558694713972,0.12887676995507352,0.16071607013341369,0.17028320912289494,0.17631508316165292,0.01075128737780233
high final p-ratio,high_p,56,77,0.5968992248062015,0.40785464552998496,0.40844515428566636,-0.005888115035470135,0.005888115035470135,0.0024484404286506923,0.018941687420010567,0.007979691959917545,-1.3610865607915912e-05,-5.0189439207315445e-05,0.02383718453347683,0.04099452868103981,-1.7482706308364868,0.7493389844894409,-0.0029906406478126812,-5.117216687158202e-15,-1.884996458215208e-15,0.053909637143934305,0.0577106109707197,0.06850807511913683,0.09472206365724527,0.11819524605640946,0.12885175712020336,0.16068100754606493,0.17024989347915767,0.17630039034163325,0.010797464148417125
high final p-ratio,high_p,56,78,0.6046511627906976,0.4079703364868143,0.40844515428566636,-0.005964960212456383,0.005964960212456383,0.002479808244891897,0.01918785460293293,0.008085195906460285,-1.3288058653415646e-05,-5.135250466992147e-05,0.024147791787981987,0.04152402654290199,-1.7970939874649048,0.7535918951034546,-0.0030357481359851585,4.032132019548299e-15,9.237422996908806e-15,0.05389209426870826,0.05766043862451064,0.06850508764936754,0.09466960279102554,0.11816597571680437,0.12882646829816433,0.16064676232468356,0.17021731659557707,0.1762869173856411,0.0108446490248569
high final p-ratio,high_p,56,79,0.6124031007751938,0.40790365073391044,0.40844515428566636,-0.0060410721339370374,0.0060410721339370374,0.0025119055452317344,0.019434073939919472,0.008188607171177864,-1.424437141395174e-05,-5.16668806085363e-05,0.024457676336169243,0.042056772857904434,-1.8463517427444458,0.7578862905502319,-0.0030814841765041032,-3.971480558756505e-16,1.2776086977507821e-15,0.053874160516539184,0.05760941305691715,0.06850152748960686,0.09461626944491584,0.11813507276637522,0.12880092084942837,0.1606111044879186,0.17018409056068726,0.17627316504549234,0.010892114432689712
high final p-ratio,high_p,56,80,0.6201550387596899,0.4079725373860511,0.40844515428566636,-0.006117917310923285,0.006117917310923285,0.002544075793981435,0.019679760560393333,0.008293266408145428,-1.4168210327625275e-05,-5.226985740591772e-05,0.024767590686678886,0.042590152472257614,-1.8952513933181763,0.7621471881866455,-0.0031267245531181056,-1.3806634170224031e-15,3.9064592962440473e-16,0.05385662159039165,0.05755901443086847,0.06849852278473699,0.09456385480356581,0.11810520648715372,0.12877584517179794,0.16057621893115445,0.17015076183121466,0.17625938215269682,0.010939508353868518
high final p-ratio,high_p,56,81,0.627906976744186,0.4080066210137092,0.40844515428566636,-0.006194029232403939,0.006194029232403939,0.002575370661812777,0.019925566390156746,0.008397581055760384,-1.4354630366142374e-05,-5.306003367877565e-05,0.025077128782868385,0.043119460344314575,-1.9443517923355103,0.7664198875427246,-0.003172138184160924,-5.1395412798563355e-15,-9.552644619218514e-16,0.053839054873199156,0.05750855763248729,0.06849535604224187,0.09451145252928607,0.11807553378994803,0.12875059919715434,0.1605421325782356,0.1701182883988758,0.17624561964888968,0.010986798409754583
high final p-ratio,high_p,56,82,0.6356589147286822,0.40796265896639705,0.40844515428566636,-0.006270874409390188,0.006270874409390188,0.0026075409105624776,0.020172184333205223,0.00850151851773262,-1.4612761333410162e-05,-5.373042949941009e-05,0.025387542322278023,0.0436614453792572,-1.9936091899871826,0.7707080245018005,-0.003218577282174873,-6.847991026800524e-15,-2.3478059358728956e-15,0.05382109212024513,0.057457532045902406,0.0684919709021172,0.09445776358065378,0.11804507691131595,0.12872570023045904,0.16050646736883342,0.1700850223545401,0.1762317710886227,0.011034438856214794
high final p-ratio,high_p,56,83,0.6434108527131783,0.407991663138698,0.40844515428566636,-0.006347866237477554,0.006347866237477554,0.0026397111593121783,0.02041814662516117,0.008605856448411942,-1.4464215382758994e-05,-5.414833503891714e-05,0.025697793811559677,0.044194821268320084,-2.0425961017608643,0.7749773859977722,-0.0032644998373751867,-5.735887542478723e-15,4.697633289958581e-15,0.0538035032208348,0.05740638712209834,0.06848882173454,0.09440557144801495,0.11801480427515673,0.12870110462936746,0.16047115246137386,0.170052202405847,0.176218174822058,0.011082434612441662
high final p-ratio,high_p,56,84,0.6511627906976745,0.40796637876662073,0.40844515428566636,-0.006423978158958208,0.006423978158958208,0.002670276543044887,0.020664870738983154,0.008708273060619831,-1.481051276641665e-05,-5.490482726600021e-05,0.026007061824202538,0.04471981152892113,-2.092057228088379,0.7792755365371704,-0.0033109349594373652,-3.5912529546412714e-16,1.1129357647817922e-14,0.05378551405131191,0.0573555474091,0.06848568934250954,0.09435239508794603,0.11798441710535128,0.12867522022541467,0.1604354958284272,0.17001879323337787,0.17620392626337925,0.01113014193340954
high final p-ratio,high_p,56,85,0.6589147286821705,0.4080215230208552,0.40844515428566636,-0.0065008233359444565,0.0065008233359444565,0.0027031762758932204,0.020911356434226036,0.008813802152872086,-1.5010747119958978e-05,-5.599214637186378e-05,0.026317952200770378,0.04525318369269371,-2.140960931777954,0.7835148572921753,-0.0033573787286312225,-6.825489715398704e-15,6.411339978031782e-15,0.05376759110390208,0.057303694433686485,0.06848239731133744,0.09429891947510859,0.11795306051094116,0.12864963647629396,0.16040143639648569,0.16998558461405766,0.17619020274511055,0.011178702877650958
high final p-ratio,high_p,56,86,0.6666666666666666,0.40794428065852417,0.40844515428566636,-0.006576202001919516,0.006576202001919516,0.0027337416596259294,0.02115710824728012,0.008916313759982586,-1.5267067283275537e-05,-5.617551505565643e-05,0.026627160608768463,0.04578249901533127,-2.19065523147583,0.7878355383872986,-0.003404359105345747,-1.113460229030083e-14,-1.1005691882657402e-14,0.053749526866823105,0.05725274964140694,0.06847903980504244,0.09424548275286157,0.11792294816460422,0.12862470634694592,0.1603642997517507,0.16995179842005523,0.17617541478459856,0.0112262901636355
high final p-ratio,high_p,56,87,0.6744186046511628,0.4080633334576141,0.40844515428566636,-0.006653047178905764,0.006653047178905764,0.0027666413924742625,0.021402962505817413,0.009022152982652187,-1.505172531324206e-05,-5.715821680496447e-05,0.026937806978821754,0.0463244803249836,-2.239701986312866,0.7920891046524048,-0.0034504645380544047,6.87183573434549e-15,1.053356584852157e-14,0.053732038911965825,0.05720194275834178,0.06847635189781588,0.0941944018205713,0.11789350685744426,0.12860024749445986,0.16032957862681518,0.16991955190765284,0.17616304982277914,0.011274409139474105
high final p-ratio,high_p,56,88,0.6821705426356589,0.4080210848369796,0.40844515428566636,-0.006729965681442572,0.006729965681442572,0.0027987386928141,0.021648932248353958,0.00912486482411623,-1.5486652046092786e-05,-5.747015529777855e-05,0.027246937155723572,0.04685785248875618,-2.289125919342041,0.7963756322860718,-0.003497611566835891,-2.7553281813118825e-15,1.2002412071087366e-15,0.053713861345183064,0.05715101795818114,0.06847276663367616,0.09414159424911547,0.11786392115999489,0.12857471323904457,0.1602945758365905,0.1698861552693759,0.17614843000990885,0.01132174867549502
high final p-ratio,high_p,56,89,0.689922480620155,0.40808664961698976,0.40844515428566636,-0.006806150928473785,0.006806150928473785,0.002830908941563801,0.02189505100250244,0.00923032034188509,-1.586590769875329e-05,-5.81647182116285e-05,0.02755732461810112,0.04739060625433922,-2.3382632732391357,0.8006272912025452,-0.003544396189248589,-5.604516509651742e-16,1.0161035165658934e-14,0.05369603103417268,0.05709936320412605,0.06846990037499356,0.09408925995270657,0.11783319965070438,0.12854988050269425,0.16025909394744164,0.16985257404507742,0.17613513705888145,0.011370537170867515
high final p-ratio,high_p,56,90,0.6976744186046512,0.4080604080063436,0.40844515428566636,-0.006882996105460033,0.006882996105460033,0.0028622767578050058,0.02214127779006958,0.009333746507763863,-1.5939171134959906e-05,-5.916231748415157e-05,0.027866991236805916,0.0479201041162014,-2.387845039367676,0.8049138784408569,-0.003592062680157778,-2.4681039749398487e-15,-8.497036566359474e-17,0.053677780667180035,0.05704826929838102,0.06846678133234849,0.09403618657135382,0.11780369385376148,0.12852422984312695,0.16022336648783642,0.1698190822650587,0.17612053921984663,0.011418512033967466
high final p-ratio,high_p,56,91,0.7054263565891473,0.40808602917149395,0.40844515428566636,-0.006959841282446281,0.006959841282446281,0.002894374058144843,0.022387675940990448,0.009437822736799717,-1.585804420756176e-05,-5.966719982097857e-05,0.02817738987505436,0.04845329374074936,-2.4370806217193604,0.8091820478439331,-0.0036395395216348094,3.884986361272173e-15,4.448001816629666e-15,0.0536597639527624,0.05699675667974682,0.06846363618535427,0.0939830529975701,0.11777338735204419,0.12849953704104142,0.16018733392933732,0.1697859639024437,0.17610691537174894,0.011466879505607451
high final p-ratio,high_p,56,92,0.7131782945736435,0.4080895099635073,0.40844515428566636,-0.007035953203926935,0.007035953203926935,0.0029258148227959114,0.02263396978378296,0.009542485699057579,-1.6298765331157483e-05,-6.0090795159339905e-05,0.028487814590334892,0.04899157956242561,-2.486539602279663,0.8134583234786987,-0.003687409220157551,-7.821288876243826e-15,-3.5672504983556964e-15,0.053641477511212884,0.056944852087676814,0.06846059204335617,0.09393103438414861,0.11774331677422095,0.12847423530392799,0.16015118396517405,0.1697522995837204,0.17609296890284168,0.011515739955679352
high final p-ratio,high_p,56,93,0.7209302325581395,0.4080759459820832,0.40844515428566636,-0.007112871706463742,0.007112871706463742,0.0029579121231357486,0.022880401462316513,0.009646501392126083,-1.6239679098362103e-05,-6.115607538959011e-05,0.02879786118865013,0.04952476918697357,-2.5362958908081055,0.8177566528320312,-0.003735293921088998,4.892362519032896e-15,1.1295188517511049e-14,0.053623311355630705,0.05689307374476223,0.06845732015144461,0.09387839491622427,0.11771278789321489,0.128448623744856,0.16011584566208378,0.1697189189925014,0.1760789867779952,0.011564246406682376
high final p-ratio,high_p,56,94,0.7286821705426356,0.40813615082879917,0.40844515428566636,-0.007188910302393837,0.007188910302393837,0.0029892799393769535,0.023126356303691864,0.009751986712217331,-1.6783571481937543e-05,-6.125427898950875e-05,0.02910839579999447,0.05005364492535591,-2.5854716300964355,0.8220027089118958,-0.0037830209435684324,-5.909818124567776e-16,1.191233386032714e-15,0.053605260746263185,0.056841242318725026,0.06845459107993415,0.09382566336726864,0.11768201923218312,0.12842363347661534,0.1600800364689152,0.1696853610500542,0.17606509099388934,0.011613348761209126
high final p-ratio,high_p,56,95,0.7364341085271318,0.40812238207976687,0.40844515428566636,-0.007265095549425051,0.007265095549425051,0.003021377239716791,0.023372169584035873,0.009854928590357304,-1.6966007024166174e-05,-6.197449692990631e-05,0.029417729005217552,0.050587017089128494,-2.6354305744171143,0.8263171911239624,-0.0038312982838944716,-5.114042617271635e-15,8.691912762831012e-15,0.05358675915540544,0.05678975030831484,0.06845135285395097,0.09377309454698254,0.11765195220134006,0.1283983993816548,0.16004416183742617,0.1696515901042646,0.17605067884749928,0.011661602545636134
high final p-ratio,high_p,56,96,0.7441860465116279,0.40819878015127026,0.40844515428566636,-0.007342014051961858,0.007342014051961858,0.0030534745400566284,0.023618366569280624,0.009960341267287731,-1.689419150352478e-05,-6.309586024144664e-05,0.02972847782075405,0.05112943798303604,-2.6843948364257812,0.8305362462997437,-0.0038795208274177108,-1.4845021180269212e-15,-1.3104619049260962e-15,0.05356857765615419,0.05673790046767463,0.0684485689655375,0.09372111349914447,0.11762215692732823,0.1283737645634683,0.160008579282647,0.1696184446124879,0.17603688803546386,0.01171066849786287
high final p-ratio,high_p,56,97,0.751937984496124,0.4081187887030338,0.40844515428566636,-0.007418125973442512,0.007418125973442512,0.0030848423562978332,0.023864764720201492,0.010062850080430508,-1.6673053323756903e-05,-6.32377341389656e-05,0.030037999153137207,0.051658496260643005,-2.7343714237213135,0.834857165813446,-0.003928393986178812,-3.871418101890297e-15,2.569976091533719e-15,0.05355005099921332,0.05668580604338603,0.0684452759072987,0.09366805742406388,0.1175915637348024,0.12834831778007394,0.15997212423452986,0.1695840927694072,0.17602232052508374,0.011759469863912665
high final p-ratio,high_p,56,98,0.7596899224806202,0.40816855717879685,0.40844515428566636,-0.00749497115042876,0.00749497115042876,0.0031169396566376704,0.024110520258545876,0.010167714208364487,-1.685145434748847e-05,-6.381427374435589e-05,0.030347781255841255,0.05219168961048126,-2.7837061882019043,0.8391010761260986,-0.003976834686758413,-2.0725340294555513e-15,2.970705225146365e-15,0.05353170473944251,0.05663392897477553,0.06844229117069023,0.093616272155224,0.11756158846505113,0.12832332692401577,0.15993604045067725,0.1695509203513857,0.17600903689779776,0.011808362195914697
high final p-ratio,high_p,56,99,0.7674418604651163,0.4081406398479569,0.40844515428566636,-0.00757034981640382,0.00757034981640382,0.0031483074728788753,0.024356866255402565,0.010271617211401463,-1.7639249563217163e-05,-6.45068139419891e-05,0.030657777562737465,0.052720557898283005,-2.83358097076416,0.8433903455734253,-0.004025859834798395,-4.3425466629250514e-15,-3.892132088265842e-15,0.05351315576550793,0.05658200690595941,0.0684392264771169,0.09356360743742753,0.1175312998801257,0.12829778258837446,0.15989956915592637,0.16951692763066145,0.1759945011541958,0.011857219571157485
high final p-ratio,high_p,56,100,0.7751937984496124,0.4081621618699007,0.40844515428566636,-0.0076471949933900685,0.0076471949933900685,0.003180477721628576,0.02460247091948986,0.01037544384598732,-1.7346193999401294e-05,-6.529678648803383e-05,0.030967149883508682,0.053253933787345886,-2.883314371109009,0.8476669788360596,-0.004074775653129363,-2.341470889986158e-15,1.8517613857054508e-15,0.05349465099914095,0.056529684995286614,0.06843638984378747,0.09351134888356075,0.11750069578126898,0.1282730342984544,0.15986346661578946,0.16948295795412896,0.17598051196558492,0.011906704848500857
high final p-ratio,high_p,56,101,0.7829457364341085,0.40822149537213,0.40844515428566636,-0.007723306914870723,0.007723306914870723,0.0032133774544769096,0.024848463013768196,0.010480998083949089,-1.7517142623546533e-05,-6.621843203902245e-05,0.03127781301736832,0.05379635468125343,-2.9327495098114014,0.8519124388694763,-0.004123750260226594,-6.306895202983836e-17,1.0582961227121137e-14,0.0534762016690681,0.05647744455349141,0.06843348631913392,0.09345952260068405,0.11747070783680823,0.12824809064104334,0.15982758615671847,0.16945006475421961,0.17596667106352257,0.011956041765642508
high final p-ratio,high_p,56,102,0.7906976744186046,0.4082133542545748,0.40844515428566636,-0.00780022541740753,0.00780022541740753,0.0032447452707181144,0.02509448491036892,0.010584177449345589,-1.7663463950157166e-05,-6.662003579549491e-05,0.03158729523420334,0.0543254129588604,-2.9828391075134277,0.8562231063842773,-0.004173352316880437,-3.341394665567716e-15,5.165490350453297e-15,0.053457257129412655,0.05642556952321919,0.06843060298087437,0.09340662744123164,0.11744030535973828,0.12822265917571699,0.1597904039232688,0.16941582898953483,0.17595199857638957,0.012005033457655183
high final p-ratio,high_p,56,103,0.7984496124031008,0.4082459722929451,0.40844515428566636,-0.007876410664438744,0.007876410664438744,0.0032768425710579517,0.025341220200061798,0.010689561255276203,-1.7968937754631042e-05,-6.761852273484692e-05,0.031898148357868195,0.054858602583408356,-3.032160997390747,0.8604474067687988,-0.004222833822179856,-7.80168622537496e-15,-8.056408369877943e-16,0.05343844390988854,0.056373528522800836,0.06842765284483204,0.09335521244260436,0.11741091950823578,0.12819786149486612,0.15975533263903802,0.1693823490394203,0.17593846738538044,0.012054124322031207
high final p-ratio,high_p,56,104,0.8062015503875969,0.40822385010112144,0.40844515428566636,-0.007953255841424992,0.007953255841424992,0.0033082103872991565,0.02558738738298416,0.010792654007673264,-1.8197628378402442e-05,-6.779273098800331e-05,0.0322079062461853,0.05539689213037491,-3.0824689865112305,0.8647726774215698,-0.004272915992072724,-8.055003928900026e-15,-5.404848153742034e-15,0.05341955717772755,0.05632121035757655,0.06842459553041569,0.09330170346561081,0.1173801569762304,0.12817281614883486,0.1597179039077717,0.1693485482198654,0.17592396978873964,0.01210338517283914
high final p-ratio,high_p,56,105,0.813953488372093,0.40827214023090314,0.40844515428566636,-0.008030101018411239,0.008030101018411239,0.003340307687638994,0.025833917781710625,0.010897647589445114,-1.7999878764385357e-05,-6.88452273607254e-05,0.032518621534109116,0.05592084676027298,-3.1317033767700195,0.8689923286437988,-0.004322630983760915,-2.4370263372485947e-15,-3.6185851027899703e-16,0.053400828399545845,0.056269255818789075,0.06842186521701937,0.09325083397972055,0.11735098975814778,0.12814767130980453,0.15968168011225603,0.16931459970207055,0.1759102664576776,0.012152609398230298
high final p-ratio,high_p,56,106,0.8217054263565892,0.4082063628897742,0.40844515428566636,-0.008107019520948047,0.008107019520948047,0.003371675503880199,0.026079442352056503,0.011000358499586582,-1.8423734218231402e-05,-6.985871004872024e-05,0.03282773122191429,0.05645016208291054,-3.181994915008545,0.8732913732528687,-0.004373232253665149,-3.701469104281991e-17,7.724147648013025e-16,0.0533815873283618,0.056216283172829014,0.06841862895850721,0.0931970530345558,0.11731952796614238,0.1281223417808985,0.1596448096980799,0.16928026173565086,0.17589551903138698,0.0122023457856782
high final p-ratio,high_p,56,107,0.8294573643410853,0.40824978776731213,0.40844515428566636,-0.008183131442428701,0.008183131442428701,0.0034038457526298998,0.026325648650527,0.011105631478130817,-1.8616414308780804e-05,-6.996167940087616e-05,0.033138372004032135,0.05699232965707779,-3.231774091720581,0.8775596618652344,-0.004423466511621571,-5.701343498446631e-15,-1.590867984587115e-15,0.05336255045728192,0.056164183019433184,0.0684159598999642,0.09314538608496209,0.11729001452380867,0.12809750289830255,0.15960780164298904,0.1692458920248212,0.17588137191617786,0.012251776880531015
high final p-ratio,high_p,56,108,0.8372093023255814,0.40825777639819966,0.40844515428566636,-0.008259316689459914,0.008259316689459914,0.003435943052969737,0.02657138742506504,0.011209900490939617,-1.8911332517745905e-05,-7.082884258124977e-05,0.033447783440351486,0.05752551928162575,-3.2816338539123535,0.881824791431427,-0.004473765728448188,-5.5235834584400125e-15,-5.302871325422343e-16,0.05334342671804473,0.05611202710025275,0.06841292973166954,0.09309360666722571,0.11726012500729684,0.1280725455424847,0.159572130222287,0.1692126076186736,0.1758672991756075,0.01230090263141679
high final p-ratio,high_p,56,109,0.8449612403100775,0.4082376752353834,0.40844515428566636,-0.00833535528539001,0.00833535528539001,0.003467383817620805,0.026817956939339638,0.011313027702271938,-1.8753627955447882e-05,-7.160380482673645e-05,0.03375778719782829,0.0580638088285923,-3.331782817840576,0.8861212730407715,-0.004524614982335634,1.4596483181370402e-15,2.2353886802390143e-15,0.05332415108490718,0.05605920388597232,0.06840991797277499,0.09304126324955694,0.11722901130428914,0.12804697933441636,0.15953457859227052,0.16917813016820266,0.17585318690720672,0.012350714086802668
high final p-ratio,high_p,56,110,0.8527131782945736,0.4082905680410547,0.40844515428566636,-0.008412273787926815,0.008412273787926815,0.0035002106020592754,0.027063725516200066,0.011418499052524567,-1.9196628272766247e-05,-7.202714186860248e-05,0.03406812623143196,0.05859699845314026,-3.3813815116882324,0.8903610110282898,-0.004575068358594188,-7.017240449952358e-15,1.5217414726217823e-15,0.05330492155095913,0.056007418520879176,0.06840725624415307,0.09299012449501552,0.11720004198035887,0.12802248769486227,0.15949789122893815,0.16914423409145263,0.17583920249381774,0.012399837723273896
high final p-ratio,high_p,56,111,0.8604651162790697,0.40827451152322913,0.40844515428566636,-0.00848838570940747,0.00848838570940747,0.003530775985791984,0.027309931814670563,0.011520841158926487,-1.9497238099575043e-05,-7.241094863275066e-05,0.03437747061252594,0.05912631377577782,-3.4318127632141113,0.8946693539619446,-0.004626369094964722,-5.0554694611096956e-15,1.6173074966640982e-14,0.053285358298677026,0.055954073017098864,0.06840444061764175,0.0929377281515433,0.11716862647090333,0.1279967752199472,0.15946110417237658,0.16910977851141934,0.17582491914124468,0.01245036760054289
high final p-ratio,high_p,56,112,0.8682170542635659,0.4083145047602495,0.40844515428566636,-0.008565230886393719,0.008565230886393719,0.0035629462345416847,0.027555637061595917,0.011626359075307846,-1.9454086213954724e-05,-7.352186366915703e-05,0.03468763455748558,0.05966847762465477,-3.4816031455993652,0.8989183902740479,-0.004677554560013986,-1.0951306221957382e-14,-2.9860948802846315e-15,0.05326579309518171,0.05590178496241019,0.06840160038229504,0.09288549000765345,0.11713878480959343,0.1279718003029288,0.1594239877303387,0.1690757762734243,0.1758102944998513,0.012499815419884847
high final p-ratio,high_p,56,113,0.875968992248062,0.40826502438067347,0.40844515428566636,-0.008642149388930525,0.008642149388930525,0.0035943140507828895,0.027802079916000366,0.011729687452316284,-1.9681536286952905e-05,-7.415955769829452e-05,0.0349973700940609,0.06019779294729233,-3.5319056510925293,0.9032056331634521,-0.004729110755194791,-3.4233710707469026e-15,-5.623171525544327e-16,0.05324620381376628,0.05584889804403118,0.06839858568202428,0.0928330030492846,0.11710760160383468,0.1279469302695004,0.1593868252668592,0.16904138534530838,0.17579592663052526,0.0125496876379931
high final p-ratio,high_p,56,114,0.8837209302325582,0.4082940434291786,0.40844515428566636,-0.008718261310411179,0.008718261310411179,0.003626411351122727,0.028047842904925346,0.011834450997412205,-1.99218175112037e-05,-7.447667303495109e-05,0.0353073813021183,0.06073072552680969,-3.5817651748657227,0.9074593782424927,-0.004780445494999139,-3.8766428974655825e-15,3.244492296107359e-15,0.053226399439942,0.05579712558818465,0.06839572377591593,0.09278200473029787,0.11707876634346703,0.12792211263223,0.1593502324675081,0.16900748756987743,0.1757819283726758,0.012598598187731284
high final p-ratio,high_p,56,115,0.8914728682170543,0.4083383878991344,0.40844515428566636,-0.008794446557442393,0.008794446557442393,0.0036593110839710603,0.02829461358487606,0.011939519084990025,-1.974921178771183e-05,-7.558929792139679e-05,0.03561842814087868,0.06126391515135765,-3.6317148208618164,0.9117072224617004,-0.004832118459649781,-8.268247739836994e-15,2.3640363715091153e-15,0.05320652330927962,0.05574416545025291,0.06839289105844638,0.09272974858383118,0.11704786280774317,0.12789709057814536,0.15931310578458388,0.16897329666349037,0.17576783517743994,0.012648725608193474
high final p-ratio,high_p,56,116,0.8992248062015504,0.4083245153200356,0.40844515428566636,-0.008871291734428641,0.008871291734428641,0.003690605951802402,0.028540607541799545,0.012042905203998089,-2.0215702534187585e-05,-7.586134597659111e-05,0.03592798486351967,0.06179322674870491,-3.6824536323547363,0.9160339832305908,-0.004884081009959501,-3.1524868232500673e-15,-9.92967446196707e-16,0.05318659056627464,0.05569192558695937,0.06839037853053978,0.092678197538947,0.11701802171984549,0.12787224026708863,0.159275235227865,0.1689388596386108,0.17575371688713343,0.012698452943580407
high final p-ratio,high_p,56,117,0.9069767441860465,0.4083707688610356,0.40844515428566636,-0.008948136911414889,0.008948136911414889,0.003722849148961966,0.028787003830075264,0.01214902475476265,-2.0699575543403625e-05,-7.677575194975361e-05,0.03623903542757034,0.06232616305351257,-3.732174873352051,0.9202544093132019,-0.004936198772519492,1.0381479334708711e-15,7.340115158932848e-15,0.0531664543744795,0.05563926423441123,0.06838749996110692,0.09262645264942465,0.11698789603925742,0.12784717404939008,0.15923863038929398,0.1689046560846458,0.17573912413415785,0.012748235726695693
high final p-ratio,high_p,56,118,0.9147286821705426,0.4083164541880138,0.40844515428566636,-0.00902351557738995,0.00902351557738995,0.0037541440167933077,0.029032835736870766,0.012251313775777817,-2.053452408290468e-05,-7.708008342888206e-05,0.03654782846570015,0.06285548210144043,-3.7826268672943115,0.9245532155036926,-0.004988459532836619,-3.725096295558368e-15,-3.3241995213016808e-15,0.05314622866742681,0.05558697662522804,0.06838453770509242,0.09257400323237516,0.11695729422451583,0.12782175900821394,0.15920120126870682,0.1688702006705531,0.1757247133419432,0.012797561079864385
high final p-ratio,high_p,56,119,0.9224806201550387,0.4083545764775913,0.40844515428566636,-0.009100360754376197,0.009100360754376197,0.0037863142655430084,0.029278717935085297,0.012356439605355263,-2.115364623023197e-05,-7.805605855537578e-05,0.0368584468960762,0.06339763849973679,-3.832702875137329,0.9288014769554138,-0.005041014674321344,1.574342168006583e-15,7.433945506717096e-15,0.053125729972635406,0.05553439877546399,0.0683817477367879,0.09252269626112808,0.11692723426629702,0.12779673040271924,0.15916374967017413,0.16883532980292631,0.17571023611052974,0.01284734896132391
high final p-ratio,high_p,56,120,0.9302325581395349,0.4083428715628577,0.40844515428566636,-0.009176472675856851,0.009176472675856851,0.0038176820817842133,0.029524998739361763,0.012459728866815567,-2.132076770067215e-05,-7.8525859862566e-05,0.03716803342103958,0.06392695754766464,-3.883340835571289,0.9331127405166626,-0.005093761661159106,-1.6977827041419432e-15,4.196854560966274e-15,0.053105210756546874,0.05548199514399682,0.06837878126347173,0.0924708573273883,0.1168966509163293,0.12777192664519738,0.1591252531436543,0.16880090900234995,0.1756955029522887,0.01289678611947491
high final p-ratio,high_p,56,121,0.937984496124031,0.4083301678099792,0.40844515428566636,-0.009253391178393659,0.009253391178393659,0.0038497793821240505,0.029771311208605766,0.012563607655465603,-2.0907777070533484e-05,-7.930331048555672e-05,0.03747817128896713,0.06446032971143723,-3.9333505630493164,0.9373548626899719,-0.0051466986685100085,-1.6745651069133723e-15,2.3567279059222044e-15,0.05308448404725911,0.055429718405340986,0.0683760427491437,0.09241924564028346,0.11686690296917261,0.1277467426003237,0.1590878359660805,0.1687665074029288,0.17568166987057277,0.012946324343802718
high final p-ratio,high_p,56,122,0.9457364341085271,0.40837185800463627,0.40844515428566636,-0.009329576425424872,0.009329576425424872,0.003882679114972384,0.030017362907528877,0.012668688781559467,-2.1208388716331683e-05,-7.971961167640984e-05,0.037788502871990204,0.06500231474637985,-3.9832589626312256,0.9415875673294067,-0.005199436241372586,8.132372383814608e-15,1.2769405527078134e-14,0.05306368803410053,0.05537773599465189,0.06837335635571311,0.09236770853799621,0.11683704875448951,0.1277213428645164,0.15905113448856809,0.1687323445918819,0.17566733465323803,0.012995620361061215
high final p-ratio,high_p,56,123,0.9534883720930233,0.40835769712690423,0.40844515428566636,-0.00940642160241112,0.00940642160241112,0.003913244498705093,0.030263863503932953,0.012772111222147942,-2.1648489564540796e-05,-8.042348054004833e-05,0.0380982980132103,0.06553162634372711,-4.034280300140381,0.9459113478660583,-0.0052527719241305774,-5.332883741608446e-15,-2.1420390430321113e-15,0.05304263643997568,0.05532473923763845,0.06837051489225884,0.09231528953773539,0.11680573248942623,0.12769650599715723,0.15901301147212865,0.16869715626502604,0.1756525455880294,0.013045775654620395
high final p-ratio,high_p,56,124,0.9612403100775194,0.4084244771224728,0.40844515428566636,-0.009483266779397368,0.009483266779397368,0.003946217179963289,0.030510446056723595,0.012877926230430603,-2.194413355027791e-05,-8.124294254230335e-05,0.03840956836938858,0.06606455892324448,-4.084167003631592,0.9501270055770874,-0.005305827509542064,3.6565770240711436e-15,8.190903735526946e-15,0.05302159828017948,0.05527243151652027,0.06836812230933195,0.09226389995378005,0.11677527104844748,0.12767174856209415,0.15897546465161505,0.1686630856826766,0.17563876991898938,0.013095690792811684
high final p-ratio,high_p,56,125,0.9689922480620154,0.4083537020613874,0.40844515428566636,-0.009559378700878023,0.009559378700878023,0.003977512047794631,0.030756494030356407,0.012979951687157154,-2.2052063286537305e-05,-8.179180440492928e-05,0.03871874511241913,0.06659387052059174,-4.134931564331055,0.9544382691383362,-0.0053596951123878285,-5.22222443067149e-15,-1.2787344841350412e-15,0.05299999228343577,0.055220510691298436,0.06836503514499093,0.0922124627860474,0.11674557786566538,0.12764662149045344,0.1589374435965707,0.16862795654621177,0.17562372469560428,0.013144524453692491
high final p-ratio,high_p,56,126,0.9767441860465116,0.4083989613956782,0.40844515428566636,-0.009635490622358677,0.009635490622358677,0.004009682296544331,0.0310025904327631,0.013085328973829746,-2.199887421738822e-05,-8.264240750577301e-05,0.039029430598020554,0.0671364814043045,-4.185146808624268,0.9586774110794067,-0.0054132163600710695,-3.631349508721827e-16,2.6800036740330805e-15,0.052978535535753137,0.055168550661612754,0.06836252171260085,0.09216140448073683,0.11671568260911136,0.12762132416373784,0.15889993675483835,0.16859345641662715,0.1756092651524327,0.013193971050988094
high final p-ratio,high_p,56,127,0.9844961240310077,0.4084086641431023,0.40844515428566636,-0.009712482450446043,0.009712482450446043,0.004041050112785536,0.03124874457716942,0.013189786113798618,-2.2327112674247473e-05,-8.303081995109096e-05,0.03933962062001228,0.06766535341739655,-4.2356390953063965,0.9629496932029724,-0.005467128167076487,2.5434444512658947e-15,4.4534337724805624e-15,0.052956924985615224,0.05511655439276841,0.06835961892087279,0.09210960936244195,0.11668512714903058,0.12759678650208758,0.15886194512387708,0.16855909129275617,0.17559469671159228,0.013243064528104379
high final p-ratio,high_p,56,128,0.9922480620155039,0.4083725174585873,0.40844515428566636,-0.00978932762743229,0.00978932762743229,0.004072344980616878,0.03149526193737984,0.013293076306581497,-2.2880733013153076e-05,-8.424138650298119e-05,0.03964979201555252,0.0681946724653244,-4.286594867706299,0.9672516584396362,-0.005521723569316608,-7.222827516804174e-16,-1.8075925689350376e-16,0.052934680979600815,0.05506427438694367,0.06835650160357024,0.09205768868057973,0.11665428833715064,0.12757103845176254,0.1588225493123894,0.16852367868552814,0.17558012014590293,0.013292227216626568
high final p-ratio,high_p,56,129,1.0,0.40844515428566636,0.40844515428566636,-0.009866172804418538,0.009866172804418538,0.004104515229366579,0.03174145519733429,0.013398576527833939,-2.242065966129303e-05,-8.441854151897132e-05,0.039960406720638275,0.06872759759426117,-4.336483478546143,0.9714721441268921,-0.005575639109988794,-7.636981672436727e-15,1.8804911971716722e-15,0.05291270185669166,0.05501259001814243,0.06835431686182787,0.09200655691535332,0.11662408689140025,0.12754652484480253,0.15878518113852175,0.16848922340094788,0.17556608271770205,0.01334172684368544
