dataset,latent_dim,hidden_size,epoch,train_dz_mse_norm,val_dz_mse_norm,val_dz_mse_raw,sweep_latent_dim,sweep_train_count,sweep_train_frames
CV1 | nets=1 | frames=2,1,128,1,0.4824010133743286,25.29904132353887,0.021722603303873256,1,1,2
CV1 | nets=1 | frames=2,1,128,2,0.3739076256752014,11.780767272308468,0.010115360923315166,1,1,2
CV1 | nets=1 | frames=2,1,128,3,0.27976399660110474,85.05027895647288,0.07302701601863373,1,1,2
CV1 | nets=1 | frames=2,1,128,4,0.1991506963968277,246.81968183255196,0.21192763775167986,1,1,2
CV1 | nets=1 | frames=2,1,128,5,0.13178467750549316,500.5229463119507,0.42976574826333674,1,1,2
CV1 | nets=1 | frames=2,1,128,6,0.07782818377017975,832.5721510901451,0.7148743043802679,1,1,2
CV1 | nets=1 | frames=2,1,128,7,0.037919528782367706,1255.4366101531982,1.0779598914114759,1,1,2
CV1 | nets=1 | frames=2,1,128,8,0.012957088649272919,1741.8261364507675,1.4955902185821905,1,1,2
CV1 | nets=1 | frames=2,1,128,9,0.0027762833051383495,2257.2533091869354,1.93815324713476,1,1,2
CV1 | nets=1 | frames=2,1,128,10,0.005332081578671932,2728.537405265808,2.3428135743830354,1,1,2
CV1 | nets=1 | frames=2,1,128,11,0.016255374997854233,3091.6401326885225,2.654585737954825,1,1,2
CV1 | nets=1 | frames=2,1,128,12,0.02955400012433529,3313.71170432663,2.8452638541646302,1,1,2
CV1 | nets=1 | frames=2,1,128,13,0.03960152715444565,3400.499219722748,2.919782498728484,1,1,2
CV1 | nets=1 | frames=2,1,128,14,0.043326713144779205,3372.9698832130434,2.8961448903381823,1,1,2
CV1 | nets=1 | frames=2,1,128,15,0.04071134701371193,3259.0764158630373,2.7983521421514452,1,1,2
CV1 | nets=1 | frames=2,1,128,16,0.03363264724612236,3087.5209908180236,2.651048886824399,1,1,2
CV1 | nets=1 | frames=2,1,128,17,0.02451929822564125,2884.0638002872465,2.4763537488449363,1,1,2
CV1 | nets=1 | frames=5,1,128,1,0.953682541847229,2749.698350816503,7.996454401816424,1,1,5
CV1 | nets=1 | frames=5,1,128,2,0.8024595379829407,2041.1801426012116,5.935998281665168,1,1,5
CV1 | nets=1 | frames=5,1,128,3,0.670535147190094,1456.6540816791057,4.2361258089160545,1,1,5
CV1 | nets=1 | frames=5,1,128,4,0.5566900968551636,983.7051834302545,2.8607333508073354,1,1,5
CV1 | nets=1 | frames=5,1,128,5,0.46023425459861755,651.2306128761768,1.8938572076442652,1,1,5
CV1 | nets=1 | frames=5,1,128,6,0.38100144267082214,457.30763448500636,1.3299058047835715,1,1,5
CV1 | nets=1 | frames=5,1,128,7,0.3191722333431244,382.90899589411544,1.1135455655830737,1,1,5
CV1 | nets=1 | frames=5,1,128,8,0.27477410435676575,388.38297057876366,1.129464566350789,1,1,5
CV1 | nets=1 | frames=5,1,128,9,0.24665866792201996,416.1832851078287,1.210311232251086,1,1,5
CV1 | nets=1 | frames=5,1,128,10,0.23140282928943634,422.16333375655114,1.2277019535495202,1,1,5
CV1 | nets=1 | frames=5,1,128,11,0.22409355640411377,403.2492745242119,1.1726975501764392,1,1,5
CV1 | nets=1 | frames=5,1,128,12,0.22019493579864502,381.50249027088284,1.1094553036711003,1,1,5
CV1 | nets=1 | frames=5,1,128,13,0.2160264253616333,384.5886231517941,1.1184301336121862,1,1,5
CV1 | nets=1 | frames=5,1,128,14,0.20888566970825195,432.1776809880696,1.2568248378005882,1,1,5
CV1 | nets=1 | frames=5,1,128,15,0.19753940403461456,535.2415284702778,1.5565469377185217,1,1,5
CV1 | nets=1 | frames=5,1,128,16,0.18236111104488373,700.6905053751468,2.0376926052537745,1,1,5
CV1 | nets=1 | frames=5,1,128,17,0.16485120356082916,923.2663796229363,2.6849699780850207,1,1,5
CV1 | nets=1 | frames=5,1,128,18,0.14694491028785706,1202.63722908926,3.4974141902662814,1,1,5
CV1 | nets=1 | frames=5,1,128,19,0.13043668866157532,1485.928389340341,4.321259052144829,1,1,5
CV1 | nets=1 | frames=5,1,128,20,0.11661994457244873,1772.4242957906238,5.15442364454591,1,1,5
CV1 | nets=1 | frames=5,1,128,21,0.10611587017774582,2068.986268768631,6.0168615386969035,1,1,5
CV1 | nets=1 | frames=5,1,128,22,0.09885408729314804,2371.6680932779277,6.897096877863397,1,1,5
CV1 | nets=1 | frames=5,1,128,23,0.09419490396976471,2667.7106860746517,7.758024555660544,1,1,5
CV1 | nets=1 | frames=5,1,128,24,0.09114491939544678,2949.214850149028,8.57667235263379,1,1,5
CV1 | nets=1 | frames=5,1,128,25,0.08863034099340439,3207.14470858673,9.326763738459572,1,1,5
CV1 | nets=1 | frames=5,1,128,26,0.085773766040802,3426.1767344205955,9.963735294630839,1,1,5
CV1 | nets=1 | frames=5,1,128,27,0.08209963887929916,3602.9322575169167,10.477761491494602,1,1,5
CV1 | nets=1 | frames=10,1,128,1,0.632964015007019,2572.44380439885,1.715817630914331,1,1,10
CV1 | nets=1 | frames=10,1,128,2,1.026617020368576,2183.122369716287,1.4561405747404934,1,1,10
CV1 | nets=1 | frames=10,1,128,3,0.7241603583097458,1837.424100057818,1.225560166874955,1,1,10
CV1 | nets=1 | frames=10,1,128,4,0.22269774973392487,1529.2260981759132,1.0199923741164238,1,1,10
CV1 | nets=1 | frames=10,1,128,5,0.1648030411452055,1260.9918570213317,0.841080387147871,1,1,10
CV1 | nets=1 | frames=10,1,128,6,0.2774043194949627,1026.1838951331376,0.6844636987661943,1,1,10
CV1 | nets=1 | frames=10,1,128,7,0.2094300128519535,835.1214788610339,0.5570252502599614,1,1,10
CV1 | nets=1 | frames=10,1,128,8,0.06607740343315527,709.5813048639893,0.47329005587255235,1,1,10
CV1 | nets=1 | frames=10,1,128,9,0.14633101969957352,652.503983899951,0.4352195462023374,1,1,10
CV1 | nets=1 | frames=10,1,128,10,0.11769619584083557,653.5218281188011,0.4358984516597411,1,1,10
CV1 | nets=1 | frames=10,1,128,11,0.11691690981388092,703.8822010464668,0.46948876139926143,1,1,10
CV1 | nets=1 | frames=10,1,128,12,0.08189579471945763,800.7584987431169,0.5341051656490309,1,1,10
CV1 | nets=1 | frames=10,1,128,13,0.11128325760364532,910.7988168381453,0.6075019651651965,1,1,10
CV1 | nets=1 | frames=10,1,128,14,0.17934348620474339,1017.4888729296326,0.6786641355934553,1,1,10
CV1 | nets=1 | frames=10,1,128,15,0.06360292294993997,1087.15665369761,0.7251324643550324,1,1,10
CV1 | nets=1 | frames=10,1,128,16,0.19848026148974895,1127.5742109296323,0.7520909434701025,1,1,10
CV1 | nets=1 | frames=10,1,128,17,0.09726572409272194,1122.506451173246,0.7487107440812397,1,1,10
CV1 | nets=1 | frames=10,1,128,18,0.11693474650382996,1093.4506169676781,0.7293305193987617,1,1,10
CV1 | nets=1 | frames=10,1,128,19,0.11275691539049149,1027.6878526759745,0.6854668287356035,1,1,10
CV1 | nets=1 | frames=10,1,128,20,0.15373683534562588,957.390656874001,0.6385786694627604,1,1,10
CV1 | nets=1 | frames=10,1,128,21,0.07453016564249992,865.9809397908449,0.5776084676810714,1,1,10
CV1 | nets=1 | frames=10,1,128,22,0.13996095396578312,763.6984019594192,0.5093861221966508,1,1,10
CV1 | nets=1 | frames=10,1,128,23,0.055685163009911776,672.9504159359932,0.44885728549276244,1,1,10
CV1 | nets=1 | frames=10,1,128,24,0.10756444558501244,602.7797163711489,0.4020535071515187,1,1,10
CV1 | nets=1 | frames=10,1,128,25,0.11852726712822914,556.7813776438236,0.3713726534597809,1,1,10
CV1 | nets=1 | frames=10,1,128,26,0.0510797705501318,522.2522375051975,0.3483417503783421,1,1,10
CV1 | nets=1 | frames=10,1,128,27,0.10583411529660225,499.5266454567909,0.3331838035857945,1,1,10
CV1 | nets=1 | frames=10,1,128,28,0.11422946490347385,482.2570750940442,0.3216650133275398,1,1,10
CV1 | nets=1 | frames=10,1,128,29,0.09586111083626747,474.20520738065244,0.3162944332071056,1,1,10
CV1 | nets=1 | frames=10,1,128,30,0.05986560508608818,467.5293889490962,0.3118416603141377,1,1,10
CV1 | nets=1 | frames=10,1,128,31,0.10042350739240646,464.0929653606415,0.3095495634006802,1,1,10
CV1 | nets=1 | frames=10,1,128,32,0.04587927367538214,453.33307541278003,0.302372737830854,1,1,10
CV1 | nets=1 | frames=10,1,128,33,0.046266026329249144,428.5066775078773,0.28581354984380597,1,1,10
CV1 | nets=1 | frames=10,1,128,34,0.0875112134963274,402.71297147348525,0.26860917638670073,1,1,10
CV1 | nets=1 | frames=10,1,128,35,0.04977297969162464,381.9120360234603,0.25473496757854447,1,1,10
CV1 | nets=1 | frames=25,1,128,1,0.426839507475961,79.87032008320838,0.003924081280840255,1,1,25
CV1 | nets=1 | frames=25,1,128,2,0.11269764380267588,58.2697398660332,0.002862830562165982,1,1,25
CV1 | nets=1 | frames=25,1,128,3,0.0924227861687541,50.51098658332415,0.0024816378859339352,1,1,25
CV1 | nets=1 | frames=25,1,128,4,0.1086530601605773,53.9290291017741,0.0026495684697433715,1,1,25
CV1 | nets=1 | frames=25,1,128,5,0.060160544773310676,64.00873803820461,0.003144791231077761,1,1,25
CV1 | nets=1 | frames=25,1,128,6,0.06080914870835841,69.56135318747162,0.0034175947500716575,1,1,25
CV1 | nets=1 | frames=25,1,128,7,0.06980777624994516,66.34074304637313,0.003259364144629217,1,1,25
CV1 | nets=1 | frames=25,1,128,8,0.06206837680656463,60.89574486791342,0.002991847863463136,1,1,25
CV1 | nets=1 | frames=25,1,128,9,0.0517215620202478,55.05493431057036,0.0027048849945508664,1,1,25
CV1 | nets=1 | frames=25,1,128,10,0.05480022029951215,52.348559945162386,0.0025719190904681,1,1,25
CV1 | nets=1 | frames=25,1,128,11,0.05582008010242134,53.176046916481106,0.0026125740833572307,1,1,25
CV1 | nets=1 | frames=25,1,128,12,0.05838467157445848,55.08219329961389,0.00270622427537819,1,1,25
CV1 | nets=1 | frames=25,1,128,13,0.05749266580096446,55.49759890456125,0.0027266333968068465,1,1,25
CV1 | nets=1 | frames=25,1,128,14,0.056100509747921024,53.616272826761005,0.002634202592965039,1,1,25
CV1 | nets=1 | frames=25,1,128,15,0.049769398967328016,51.49432162400335,0.0025299497367835782,1,1,25
CV1 | nets=1 | frames=25,1,128,16,0.05326576847437536,50.23964760464803,0.0024683068728838862,1,1,25
CV1 | nets=1 | frames=25,1,128,17,0.05294496673741378,51.02213676490635,0.0025067510427770686,1,1,25
CV1 | nets=1 | frames=25,1,128,18,0.048536545750366145,52.69968553122878,0.0025891700993859105,1,1,25
CV1 | nets=1 | frames=25,1,128,19,0.05170772911515087,53.40225113192573,0.0026236876252987715,1,1,25
CV1 | nets=1 | frames=25,1,128,20,0.04941229021642357,52.08248609387502,0.002558846624847206,1,1,25
CV1 | nets=1 | frames=25,1,128,21,0.04767653262751992,50.322643331244585,0.0024723844714128517,1,1,25
CV1 | nets=1 | frames=25,1,128,22,0.04799455715692602,50.40686763193458,0.0024765224037744246,1,1,25
CV1 | nets=1 | frames=25,1,128,23,0.049115290027657466,52.92620891770348,0.0026002993515674006,1,1,25
CV1 | nets=1 | frames=25,1,128,24,0.048444522923091426,53.27795312165469,0.0026175807370182155,1,1,25
CV1 | nets=1 | frames=25,1,128,25,0.0474431606271537,52.60092721831426,0.002584318089148837,1,1,25
CV1 | nets=1 | frames=25,1,128,26,0.04986876083421521,52.17694561812654,0.0025634875965124594,1,1,25
CV1 | nets=1 | frames=25,1,128,27,0.05109575483947992,51.54489920056984,0.0025324346920818927,1,1,25
CV1 | nets=1 | frames=25,1,128,28,0.08317559014540166,49.740011150842534,0.0024437593324616812,1,1,25
CV1 | nets=1 | frames=25,1,128,29,0.04598480504273539,48.45274665037263,0.0023805151927932117,1,1,25
CV1 | nets=1 | frames=25,1,128,30,0.04656720459524877,48.55002721420862,0.0023852946335433103,1,1,25
CV1 | nets=1 | frames=25,1,128,31,0.04541213555057766,50.10523824008182,0.002461703137452389,1,1,25
CV1 | nets=1 | frames=25,1,128,32,0.055000207270495594,51.183135708063844,0.0025146610480469463,1,1,25
CV1 | nets=1 | frames=25,1,128,33,0.046251517575001344,51.618757355049254,0.002536063383623514,1,1,25
CV1 | nets=1 | frames=25,1,128,34,0.05701390921603888,50.032538349614946,0.002458131400846632,1,1,25
CV1 | nets=1 | frames=25,1,128,35,0.05975426692748442,48.75355758994399,0.002395294232284556,1,1,25
CV1 | nets=1 | frames=50,1,128,1,0.5368247670786721,25.396493674837984,0.00016023774050257343,1,1,50
CV1 | nets=1 | frames=50,1,128,2,0.12459500396757253,21.54797372695338,0.00013595572261056077,1,1,50
CV1 | nets=1 | frames=50,1,128,3,0.09116947125377399,23.519570497997105,0.00014839540207145773,1,1,50
CV1 | nets=1 | frames=50,1,128,4,0.07189032927687679,24.13276830535941,0.0001522643393197427,1,1,50
CV1 | nets=1 | frames=50,1,128,5,0.07480033909502838,22.147582508511842,0.00013973892086846718,1,1,50
CV1 | nets=1 | frames=50,1,128,6,0.0642160845122167,21.557999459914864,0.0001360189792377895,1,1,50
CV1 | nets=1 | frames=50,1,128,7,0.06855787330381904,21.89942003526166,0.00013817315507253625,1,1,50
CV1 | nets=1 | frames=50,1,128,8,0.06428250693404282,21.953649793565273,0.00013851531232987214,1,1,50
CV1 | nets=1 | frames=50,1,128,9,0.06639683945936017,21.941907859571277,0.0001384412273690998,1,1,50
CV1 | nets=1 | frames=50,1,128,10,0.06676908687222749,21.81998765242845,0.00013767197911762708,1,1,50
CV1 | nets=1 | frames=50,1,128,11,0.06723027380316385,21.610815657110884,0.00013635221997147085,1,1,50
CV1 | nets=1 | frames=50,1,128,12,0.06248577420566497,22.101725123926997,0.00013944958547290297,1,1,50
CV1 | nets=1 | frames=50,1,128,13,0.06697120766953699,22.03826347155124,0.0001390491782472054,1,1,50
CV1 | nets=1 | frames=50,1,128,14,0.06459364190232009,21.828177361138167,0.00013772365311153577,1,1,50
CV1 | nets=1 | frames=50,1,128,15,0.06341538471835,21.934784127116203,0.00013839628009768034,1,1,50
CV1 | nets=1 | frames=50,1,128,16,0.06325215435520347,22.20761976888776,0.0001401177223990544,1,1,50
CV1 | nets=1 | frames=50,1,128,17,0.06475110913119611,21.95684466894716,0.00013853547169088642,1,1,50
CV1 | nets=1 | frames=100,1,128,1,1.0298787862635577,249.82207062530517,3.587670973782764e-06,1,1,100
CV1 | nets=1 | frames=100,1,128,2,0.9097487897827075,247.42517686367034,3.553249469012698e-06,1,1,100
CV1 | nets=1 | frames=100,1,128,3,0.9273313236637757,248.1876832859516,3.564199745401453e-06,1,1,100
CV1 | nets=1 | frames=100,1,128,4,0.9384178054304078,247.44840718126298,3.553583070996069e-06,1,1,100
CV1 | nets=1 | frames=100,1,128,5,0.9221984844368237,247.92058823418617,3.560364049715048e-06,1,1,100
CV1 | nets=1 | frames=100,1,128,6,0.9206068101697243,248.2111260008812,3.5645364118508382e-06,1,1,100
CV1 | nets=1 | frames=100,1,128,7,0.9179265737049997,248.04630655765533,3.562169431353013e-06,1,1,100
CV1 | nets=1 | frames=100,1,128,8,0.9347380184066983,248.34752160334588,3.5664951724854176e-06,1,1,100
CV1 | nets=1 | frames=100,1,128,9,0.9247455416390529,248.11155595493318,3.56310645480562e-06,1,1,100
CV1 | nets=1 | frames=100,1,128,10,0.9348379428713367,248.0423235156536,3.5621122756843703e-06,1,1,100
CV1 | nets=1 | frames=100,1,128,11,0.9251101512032059,247.81668497443198,3.558871850239953e-06,1,1,100
CV1 | nets=1 | frames=100,1,128,12,0.9140809059429628,248.08250257885456,3.5626892868023673e-06,1,1,100
CV1 | nets=1 | frames=100,1,128,13,0.9297986364421936,247.75595371723176,3.5579997044425936e-06,1,1,100
CV1 | nets=1 | frames=100,1,128,14,0.9227756219557844,248.28574658632277,3.565608055726699e-06,1,1,100
CV1 | nets=1 | frames=100,1,128,15,0.9462147960439324,248.21602624201773,3.5646067974006713e-06,1,1,100
CV1 | nets=1 | frames=100,1,128,16,0.929820135808908,247.7108956427574,3.5573526523222653e-06,1,1,100
CV1 | nets=1 | frames=100,1,128,17,0.9454875700175762,248.26423016405104,3.5652990215009337e-06,1,1,100
CV1 | nets=2 | frames=2,1,128,1,0.7206307053565979,131.76202124224602,3.1793678332841955,1,2,2
CV1 | nets=2 | frames=2,1,128,2,0.6587307453155518,654.1070174071789,15.783355316814035,1,2,2
CV1 | nets=2 | frames=2,1,128,3,0.6159198880195618,1873.6223272180557,45.209799235261976,1,2,2
CV1 | nets=2 | frames=2,1,128,4,0.5918667912483215,3544.5603667020796,85.52890450678765,1,2,2
CV1 | nets=2 | frames=2,1,128,5,0.5847922563552856,5444.435854708671,131.37218185552953,1,2,2
CV1 | nets=2 | frames=2,1,128,6,0.5901446342468262,7193.983826324463,173.5881117411554,1,2,2
CV1 | nets=2 | frames=2,1,128,7,0.6000897288322449,8484.550200845719,204.7289973938465,1,2,2
CV1 | nets=2 | frames=2,1,128,8,0.6070433259010315,9210.122185647964,222.23677313625814,1,2,2
CV1 | nets=2 | frames=2,1,128,9,0.6079700589179993,9438.621027376175,227.7503591516018,1,2,2
CV1 | nets=2 | frames=2,1,128,10,0.6038424968719482,9302.030274944305,224.45448175138236,1,2,2
CV1 | nets=2 | frames=2,1,128,11,0.5971453785896301,8957.472054534912,216.14041743409635,1,2,2
CV1 | nets=2 | frames=2,1,128,12,0.5902188420295715,8537.4053099823,206.0043679782152,1,2,2
CV1 | nets=2 | frames=2,1,128,13,0.5846505165100098,8145.380488712311,196.5449583236575,1,2,2
CV1 | nets=2 | frames=2,1,128,14,0.5811614394187927,7852.283108016014,189.47262617111207,1,2,2
CV1 | nets=2 | frames=2,1,128,15,0.5797595977783203,7704.311873844147,185.90213883093,1,2,2
CV1 | nets=2 | frames=2,1,128,16,0.5799819231033325,7730.434475606919,186.53246959376335,1,2,2
CV1 | nets=2 | frames=5,1,128,1,0.6950660347938538,1543.2172092618941,8.674496095310896,1,2,5
CV1 | nets=2 | frames=5,1,128,2,0.6397474855184555,1629.96476816988,9.162108539509587,1,2,5
CV1 | nets=2 | frames=5,1,128,3,0.6611973643302917,1734.1134312306642,9.747532262473367,1,2,5
CV1 | nets=2 | frames=5,1,128,4,0.8071666657924652,1832.4089380352498,10.300056477774866,1,2,5
CV1 | nets=2 | frames=5,1,128,5,0.6506409645080566,1887.1639160232544,10.607837143901735,1,2,5
CV1 | nets=2 | frames=5,1,128,6,1.5487900376319885,1914.8238486049174,10.763314343249425,1,2,5
CV1 | nets=2 | frames=5,1,128,7,0.7489099204540253,1934.8998775856494,10.876163105074315,1,2,5
CV1 | nets=2 | frames=5,1,128,8,0.6924590468406677,1950.2006406741143,10.962169402578846,1,2,5
CV1 | nets=2 | frames=5,1,128,9,0.6709978580474854,1951.45748242712,10.969234020633623,1,2,5
CV1 | nets=2 | frames=5,1,128,10,0.6914936602115631,1960.9109856529235,11.022372339120135,1,2,5
CV1 | nets=2 | frames=5,1,128,11,0.5920441299676895,1976.18851682806,11.10824846797809,1,2,5
CV1 | nets=2 | frames=5,1,128,12,0.5165610834956169,1977.1368378894329,11.113579121593386,1,2,5
CV1 | nets=2 | frames=5,1,128,13,0.8512434363365173,1961.9250673179627,11.028072866352275,1,2,5
CV1 | nets=2 | frames=5,1,128,14,0.8859724998474121,1958.3180437436104,11.007797827463596,1,2,5
CV1 | nets=2 | frames=5,1,128,15,0.6816043704748154,1954.5034219179154,10.986355323530734,1,2,5
CV1 | nets=2 | frames=5,1,128,16,0.6241014152765274,1953.1708581562043,10.978865082077682,1,2,5
CV1 | nets=2 | frames=10,1,128,1,1.0178533991177876,45.187343566954134,0.0017514644050138485,1,2,10
CV1 | nets=2 | frames=10,1,128,2,1.0133637587229412,36.155763285426424,0.0014013997568072228,1,2,10
CV1 | nets=2 | frames=10,1,128,3,0.9485339721043905,19.481961610607804,0.0007551221150451966,1,2,10
CV1 | nets=2 | frames=10,1,128,4,0.9894281228383383,12.382653185000644,0.00047995244778388724,1,2,10
CV1 | nets=2 | frames=10,1,128,5,0.98410032192866,12.777573601141572,0.0004952595941228992,1,2,10
CV1 | nets=2 | frames=10,1,128,6,0.9850939909617106,14.195357789970934,0.000550212994605289,1,2,10
CV1 | nets=2 | frames=10,1,128,7,0.9704858064651489,18.195139702607413,0.0007052448157180606,1,2,10
CV1 | nets=2 | frames=10,1,128,8,0.9769857128461202,26.270399747387973,0.0010182424130771822,1,2,10
CV1 | nets=2 | frames=10,1,128,9,0.9631550709406534,31.767061116635798,0.0012312933679673108,1,2,10
CV1 | nets=2 | frames=10,1,128,10,0.9495803117752075,34.41323868986591,0.001333859385276554,1,2,10
CV1 | nets=2 | frames=10,1,128,11,0.9597523212432861,31.285443027358504,0.0012126258013963706,1,2,10
CV1 | nets=2 | frames=10,1,128,12,0.9493500789006551,26.367720650766977,0.0010220145794678074,1,2,10
CV1 | nets=2 | frames=10,1,128,13,0.9566760460535685,22.200674876709467,0.0008604996036672787,1,2,10
CV1 | nets=2 | frames=10,1,128,14,1.0068275133768718,17.94760447225906,0.0006956503279997293,1,2,10
CV1 | nets=2 | frames=10,1,128,15,0.9503652850786845,15.255591540396214,0.000591307725326402,1,2,10
CV1 | nets=2 | frames=10,1,128,16,0.9579320152600607,12.1979732497558,0.0004727942354921879,1,2,10
CV1 | nets=2 | frames=10,1,128,17,0.956226130326589,10.95979799894616,0.0004248024877434773,1,2,10
CV1 | nets=2 | frames=10,1,128,18,0.9482604066530863,9.373819971229882,0.0003633298825454858,1,2,10
CV1 | nets=2 | frames=10,1,128,19,0.9501988291740417,9.063162061642855,0.00035128875159659855,1,2,10
CV1 | nets=2 | frames=10,1,128,20,0.914453943570455,9.111508546648547,0.00035316266898871617,1,2,10
CV1 | nets=2 | frames=10,1,128,21,0.9500367442766825,9.79899703594111,0.00037980976045309947,1,2,10
CV1 | nets=2 | frames=10,1,128,22,0.9240460395812988,10.845176801631228,0.000420359761004903,1,2,10
CV1 | nets=2 | frames=10,1,128,23,0.9146177570025126,10.37240442714747,0.00040203507416038066,1,2,10
CV1 | nets=2 | frames=10,1,128,24,0.9814050197601318,11.037035626519472,0.0004277962274526317,1,2,10
CV1 | nets=2 | frames=10,1,128,25,0.9798402388890585,10.346305754787288,0.0004010234870349905,1,2,10
CV1 | nets=2 | frames=10,1,128,26,0.9823562304178873,10.129837482897564,0.0003926331607272573,1,2,10
CV1 | nets=2 | frames=10,1,128,27,0.9430375297864279,9.854497030468657,0.0003819609496964631,1,2,10
CV1 | nets=2 | frames=10,1,128,28,0.9272734920183817,9.465845008749515,0.0003668967729652195,1,2,10
CV1 | nets=2 | frames=10,1,128,29,0.9440998832384745,9.869870760840364,0.00038255683813781614,1,2,10
CV1 | nets=2 | frames=10,1,128,30,0.9634058872858683,9.352602266423403,0.00036250747698227315,1,2,10
CV1 | nets=2 | frames=10,1,128,31,0.927585224310557,8.631477017883212,0.00033455660973413613,1,2,10
CV1 | nets=2 | frames=10,1,128,32,0.9503957033157349,8.570168338567019,0.0003321802850155109,1,2,10
CV1 | nets=2 | frames=10,1,128,33,0.9732163945833842,8.279819882914424,0.00032092635842604977,1,2,10
CV1 | nets=2 | frames=10,1,128,34,0.9701540867487589,8.279816727235913,0.00032092623991457006,1,2,10
CV1 | nets=2 | frames=10,1,128,35,0.9528354605038961,8.409132315497846,0.00032593851968545093,1,2,10
CV1 | nets=2 | frames=25,1,128,1,0.887235133908689,48.81524697083235,0.09478751318252762,1,2,25
CV1 | nets=2 | frames=25,1,128,2,0.8529673346451351,57.22943241274357,0.1111258419588994,1,2,25
CV1 | nets=2 | frames=25,1,128,3,0.8599561623164585,65.52730302608013,0.1272383156370488,1,2,25
CV1 | nets=2 | frames=25,1,128,4,0.7607262262276241,70.77003267270327,0.13741843462071848,1,2,25
CV1 | nets=2 | frames=25,1,128,5,0.7354006352169173,73.87145210304857,0.14344064727534714,1,2,25
CV1 | nets=2 | frames=25,1,128,6,0.7510102689266205,76.1157897074148,0.147798607427525,1,2,25
CV1 | nets=2 | frames=25,1,128,7,0.9219110352652413,80.11889986821264,0.1555717029607622,1,2,25
CV1 | nets=2 | frames=25,1,128,8,0.7425376187477793,78.82506528143772,0.15305938255870932,1,2,25
CV1 | nets=2 | frames=25,1,128,9,0.9941001534461975,72.05438199504465,0.13991234075008832,1,2,25
CV1 | nets=2 | frames=25,1,128,10,0.7315815676535878,66.74522785244882,0.1296032358094526,1,2,25
CV1 | nets=2 | frames=25,1,128,11,0.7228993305138179,68.80856236329674,0.1336097350398195,1,2,25
CV1 | nets=2 | frames=25,1,128,12,0.869288125208446,74.3490885271579,0.14436810933019298,1,2,25
CV1 | nets=2 | frames=25,1,128,13,0.8243452480861119,72.89443539971113,0.14154352068601292,1,2,25
CV1 | nets=2 | frames=25,1,128,14,0.8367212201867785,69.26189161429181,0.1344899964693468,1,2,25
CV1 | nets=2 | frames=25,1,128,15,0.7037627803427833,67.87960769007356,0.13180593059673265,1,2,25
CV1 | nets=2 | frames=25,1,128,16,0.7096177180314304,64.70778482331336,0.12564700223327963,1,2,25
CV1 | nets=2 | frames=50,1,128,1,0.7199428803645648,4.00298942361027,0.0010883205807358535,1,2,50
CV1 | nets=2 | frames=50,1,128,2,0.6217156167213733,3.814516905454919,0.0010370792462708778,1,2,50
CV1 | nets=2 | frames=50,1,128,3,0.5036097484139296,3.5877319558728487,0.0009754216488777275,1,2,50
CV1 | nets=2 | frames=50,1,128,4,0.3875068242733295,3.8595116759408263,0.0010493123012870456,1,2,50
CV1 | nets=2 | frames=50,1,128,5,0.2597228196951059,3.832684499760624,0.0010420186076905225,1,2,50
CV1 | nets=2 | frames=50,1,128,6,0.17739186751154754,4.266433195529971,0.0011599448580126364,1,2,50
CV1 | nets=2 | frames=50,1,128,7,0.15299981775192115,5.090721678400645,0.0013840499071491195,1,2,50
CV1 | nets=2 | frames=50,1,128,8,0.12406981650453347,4.928744183479808,0.0013400119732111763,1,2,50
CV1 | nets=2 | frames=50,1,128,9,0.11619926817142047,4.906954377443995,0.0013340878187734688,1,2,50
CV1 | nets=2 | frames=50,1,128,10,0.10497716069221497,4.212912380416819,0.0011453937995983523,1,2,50
CV1 | nets=2 | frames=50,1,128,11,0.11304379326219742,4.846218490472063,0.0013175751470098475,1,2,50
CV1 | nets=2 | frames=50,1,128,12,0.10688591361618958,5.07009955847729,0.0013784432178672432,1,2,50
CV1 | nets=2 | frames=50,1,128,13,0.13090701601826227,4.066488026186824,0.0011055844061011158,1,2,50
CV1 | nets=2 | frames=50,1,128,14,0.08075945351559383,4.5474373588766905,0.0012363434223570948,1,2,50
CV1 | nets=2 | frames=50,1,128,15,0.07571892569271418,4.816754256406799,0.0013095644975890082,1,2,50
CV1 | nets=2 | frames=50,1,128,16,0.07749744418721932,5.085328840909526,0.0013825837246208721,1,2,50
CV1 | nets=2 | frames=50,1,128,17,0.0938374766936669,4.252827541957609,0.001156245797103111,1,2,50
CV1 | nets=2 | frames=50,1,128,18,0.07747101525847729,4.495495876895264,0.0012222217626085695,1,2,50
CV1 | nets=2 | frames=100,1,128,1,0.8519971990585327,2.8769733406165616,8.135569002911324e-05,1,2,100
CV1 | nets=2 | frames=100,1,128,2,0.6899655240774155,3.0438308235034346,8.607412350551158e-05,1,2,100
CV1 | nets=2 | frames=100,1,128,3,0.5708900748193264,3.186220512807369,9.010064976823173e-05,1,2,100
CV1 | nets=2 | frames=100,1,128,4,0.5219867610931397,3.31839166266378,9.383821463271857e-05,1,2,100
CV1 | nets=2 | frames=100,1,128,5,0.5257090158760548,3.208646406543907,9.073481396381312e-05,1,2,100
CV1 | nets=2 | frames=100,1,128,6,0.511846122816205,3.320063974400284,9.388550423896902e-05,1,2,100
CV1 | nets=2 | frames=100,1,128,7,0.5090166154503822,3.2630490500237794,9.227322520236215e-05,1,2,100
CV1 | nets=2 | frames=100,1,128,8,0.5307087798416614,3.406803723932244,9.633835299751326e-05,1,2,100
CV1 | nets=2 | frames=100,1,128,9,0.4971815998852253,3.2173539744176667,9.098104942392027e-05,1,2,100
CV1 | nets=2 | frames=100,1,128,10,0.49131771437823774,3.4071476827794687,9.634807699066527e-05,1,2,100
CV1 | nets=2 | frames=100,1,128,11,0.4842819064855576,3.1619503010602203,8.941433071859706e-05,1,2,100
CV1 | nets=2 | frames=100,1,128,12,0.48852400820702313,3.414256787639577,9.654911035997315e-05,1,2,100
CV1 | nets=2 | frames=100,1,128,13,0.4831045444309712,3.2560791978600903,9.20761287696692e-05,1,2,100
CV1 | nets=2 | frames=100,1,128,14,0.48880126267671586,3.343010233251378,9.45343838314514e-05,1,2,100
CV1 | nets=2 | frames=100,1,128,15,0.4846633369103074,3.1658454653446095,8.952448034041538e-05,1,2,100
CV1 | nets=2 | frames=100,1,128,16,0.5043766817823052,3.2836624486248476,9.285613475557853e-05,1,2,100
CV1 | nets=4 | frames=2,1,128,1,0.8907567858695984,1993.257516577065,4.898321866045706,1,4,2
CV1 | nets=4 | frames=2,1,128,2,0.7974059581756592,6362.674779362678,15.635927098982036,1,4,2
CV1 | nets=4 | frames=2,1,128,3,0.7239781618118286,13176.37597097683,32.380226864486936,1,4,2
CV1 | nets=4 | frames=2,1,128,4,0.6702914237976074,22114.915730799676,54.346201294256375,1,4,2
CV1 | nets=4 | frames=2,1,128,5,0.6369051933288574,32097.68204724121,78.87830528541282,1,4,2
CV1 | nets=4 | frames=2,1,128,6,0.6237493753433228,41331.369834716796,101.56958991190047,1,4,2
CV1 | nets=4 | frames=2,1,128,7,0.6276819109916687,47824.236437871936,117.52545460424945,1,4,2
CV1 | nets=4 | frames=2,1,128,8,0.6407648324966431,50127.585683626174,123.18580730702728,1,4,2
CV1 | nets=4 | frames=2,1,128,9,0.6526828408241272,48419.53981871414,118.98837922482937,1,4,2
CV1 | nets=4 | frames=2,1,128,10,0.6572755575180054,43817.32703383446,107.67869300819933,1,4,2
CV1 | nets=4 | frames=2,1,128,11,0.6542018055915833,37552.13736280632,92.28233112240582,1,4,2
CV1 | nets=4 | frames=2,1,128,12,0.64616459608078,30695.777273410797,75.43319889310003,1,4,2
CV1 | nets=4 | frames=2,1,128,13,0.6364150047302246,23959.653822013377,58.87954361363873,1,4,2
CV1 | nets=4 | frames=2,1,128,14,0.6275324821472168,17709.102649594784,43.51915533077251,1,4,2
CV1 | nets=4 | frames=2,1,128,15,0.6210411787033081,12469.901204896689,30.64410301820282,1,4,2
CV1 | nets=4 | frames=2,1,128,16,0.6174309253692627,8381.60637656355,20.59734157413803,1,4,2
CV1 | nets=4 | frames=5,1,128,1,0.9649617870648702,26.372396698565687,0.4678732851882814,1,4,5
CV1 | nets=4 | frames=5,1,128,2,0.9367405374844869,29.79110321687814,0.528524639115305,1,4,5
CV1 | nets=4 | frames=5,1,128,3,0.8056662579377493,33.97750019914657,0.6027955971636693,1,4,5
CV1 | nets=4 | frames=5,1,128,4,0.7964017887910207,39.88323622775078,0.7075693884305656,1,4,5
CV1 | nets=4 | frames=5,1,128,5,0.8025007992982864,44.40366835296154,0.7877664875537157,1,4,5
CV1 | nets=4 | frames=5,1,128,6,0.8778170347213745,44.023071179986,0.7810142985014245,1,4,5
CV1 | nets=4 | frames=5,1,128,7,0.9039328893025717,44.22465373791754,0.7845905754636042,1,4,5
CV1 | nets=4 | frames=5,1,128,8,0.9174110690752665,46.06252517064661,0.8171963040241972,1,4,5
CV1 | nets=4 | frames=5,1,128,9,0.9017103910446167,49.77400392426551,0.8830417271299521,1,4,5
CV1 | nets=4 | frames=5,1,128,10,1.0008676449457805,51.6737970340997,0.9167459936651867,1,4,5
CV1 | nets=4 | frames=5,1,128,11,1.0311734278996785,49.48572118642926,0.8779272931494052,1,4,5
CV1 | nets=4 | frames=5,1,128,12,0.9385206898053488,47.71084529388696,0.846439177341992,1,4,5
CV1 | nets=4 | frames=5,1,128,13,0.828239917755127,47.42687661895156,0.841401281764498,1,4,5
CV1 | nets=4 | frames=5,1,128,14,0.9619002739588419,47.97490845490992,0.8511239409941481,1,4,5
CV1 | nets=4 | frames=5,1,128,15,0.9033525387446085,50.211467701099814,0.8908027910147793,1,4,5
CV1 | nets=4 | frames=5,1,128,16,0.9688768982887268,49.82132260788977,0.8838812065669336,1,4,5
CV1 | nets=4 | frames=10,1,128,1,0.9424176931381225,204.7581423830986,1.9190579954730347,1,4,10
CV1 | nets=4 | frames=10,1,128,2,0.8398668348789216,304.39689399290086,2.8529037660053,1,4,10
CV1 | nets=4 | frames=10,1,128,3,0.775865626335144,381.6188246255368,3.576652098454535,1,4,10
CV1 | nets=4 | frames=10,1,128,4,0.7192717790603638,410.9727827064693,3.85176685053797,1,4,10
CV1 | nets=4 | frames=10,1,128,5,0.7312174439430237,441.7497507452667,4.14021802929393,1,4,10
CV1 | nets=4 | frames=10,1,128,6,0.736344039440155,457.49528765206037,4.287790205586236,1,4,10
CV1 | nets=4 | frames=10,1,128,7,0.7374243021011353,466.25339253659547,4.369873800195288,1,4,10
CV1 | nets=4 | frames=10,1,128,8,0.7367349684238433,434.8433326773122,4.075489049381227,1,4,10
CV1 | nets=4 | frames=10,1,128,9,0.7278768718242645,422.5269901323467,3.9600564223342225,1,4,10
CV1 | nets=4 | frames=10,1,128,10,0.7263164401054383,400.5454397107363,3.7540384849091644,1,4,10
CV1 | nets=4 | frames=10,1,128,11,0.7218031167984009,380.05601568158716,3.562005197041377,1,4,10
CV1 | nets=4 | frames=10,1,128,12,0.7197751879692078,355.3266136341542,3.3302329414181875,1,4,10
CV1 | nets=4 | frames=10,1,128,13,0.7191585093736649,341.1977323059589,3.19781282581063,1,4,10
CV1 | nets=4 | frames=10,1,128,14,0.7339496076107025,328.1441099245548,3.0754702971804653,1,4,10
CV1 | nets=4 | frames=10,1,128,15,0.7239081382751464,323.2079321047366,3.0292068815428066,1,4,10
CV1 | nets=4 | frames=10,1,128,16,0.7108983278274537,323.1436866632998,3.028604640758829,1,4,10
CV1 | nets=4 | frames=25,1,128,1,0.874975167787992,7.170130588412285,0.01563681996316882,1,4,25
CV1 | nets=4 | frames=25,1,128,2,0.8607501158347497,3.1719347851499915,0.006917443428188562,1,4,25
CV1 | nets=4 | frames=25,1,128,3,0.8301833019806788,6.1833325028121475,0.01348478319674905,1,4,25
CV1 | nets=4 | frames=25,1,128,4,0.8351140366150782,4.620935572259128,0.010077464697584219,1,4,25
CV1 | nets=4 | frames=25,1,128,5,0.839738826912183,4.299009114842862,0.009375398528412916,1,4,25
CV1 | nets=4 | frames=25,1,128,6,0.8073582511681777,5.36632459865883,0.011703029886099102,1,4,25
CV1 | nets=4 | frames=25,1,128,7,0.8139861799203433,7.871403896950185,0.017166176479498974,1,4,25
CV1 | nets=4 | frames=25,1,128,8,0.8193313089700845,6.953435009650886,0.015164244340994629,1,4,25
CV1 | nets=4 | frames=25,1,128,9,0.802389172407297,4.816977068129927,0.010504997482399631,1,4,25
CV1 | nets=4 | frames=25,1,128,10,0.7902630384151752,5.85023735717684,0.012758360176543648,1,4,25
CV1 | nets=4 | frames=25,1,128,11,0.8072890501755935,5.092471597336233,0.011105803542661306,1,4,25
CV1 | nets=4 | frames=25,1,128,12,0.806183343896499,6.360065102942288,0.013870206716557731,1,4,25
CV1 | nets=4 | frames=25,1,128,13,0.7970573351933405,5.048797227211296,0.01101055734383408,1,4,25
CV1 | nets=4 | frames=25,1,128,14,0.7899140325876383,5.48774999461323,0.01196783767623856,1,4,25
CV1 | nets=4 | frames=25,1,128,15,0.7854241522458884,6.46887361947447,0.014107499465295405,1,4,25
CV1 | nets=4 | frames=25,1,128,16,0.8093236363851107,5.996724520187825,0.013077823587089369,1,4,25
CV1 | nets=4 | frames=25,1,128,17,0.8126450066383069,6.121019963461905,0.013348890492532519,1,4,25
CV1 | nets=4 | frames=50,1,128,1,0.6200400787591934,5.735567633681931,0.0034543169491580558,1,4,50
CV1 | nets=4 | frames=50,1,128,2,0.5451089203357696,5.4711952719446275,0.0032950954585231782,1,4,50
CV1 | nets=4 | frames=50,1,128,3,0.5476788198947906,5.1218351467549805,0.0030846888938431223,1,4,50
CV1 | nets=4 | frames=50,1,128,4,0.5448183357715607,5.160859742058441,0.0031081920582728345,1,4,50
CV1 | nets=4 | frames=50,1,128,5,0.5370020568370819,5.092692032504827,0.0030671371000080398,1,4,50
CV1 | nets=4 | frames=50,1,128,6,0.5424185299873352,5.769860129851848,0.003474970128339919,1,4,50
CV1 | nets=4 | frames=50,1,128,7,0.5510759973526,4.7291637249038905,0.0028481976768497505,1,4,50
CV1 | nets=4 | frames=50,1,128,8,0.5350257050991059,5.009641011096537,0.0030171186285224394,1,4,50
CV1 | nets=4 | frames=50,1,128,9,0.5530488216876983,4.839597042992711,0.002914707561392788,1,4,50
CV1 | nets=4 | frames=50,1,128,10,0.5592603576183319,5.303891728611663,0.003194334871418505,1,4,50
CV1 | nets=4 | frames=50,1,128,11,0.5412625324726105,5.372843257196248,0.003235861729524913,1,4,50
CV1 | nets=4 | frames=50,1,128,12,0.5368006277084351,5.062805928125978,0.0030491378637234447,1,4,50
CV1 | nets=4 | frames=50,1,128,13,0.5387349271774292,4.8403023911938075,0.0029151323471924115,1,4,50
CV1 | nets=4 | frames=50,1,128,14,0.5403200978040695,5.229623400449753,0.0031496056970099742,1,4,50
CV1 | nets=4 | frames=50,1,128,15,0.537812380194664,4.852303123652935,0.0029223598770186073,1,4,50
CV1 | nets=4 | frames=50,1,128,16,0.5408364272117615,4.8206918276455255,0.00290332162751929,1,4,50
CV1 | nets=4 | frames=50,1,128,17,0.5390102624893188,4.767527498193085,0.0028713027373851218,1,4,50
CV1 | nets=4 | frames=50,1,128,18,0.5501987200975418,5.5994437119904905,0.0033723346488986864,1,4,50
CV1 | nets=4 | frames=50,1,128,19,0.5365281784534455,5.599333752000704,0.003372268389355668,1,4,50
CV1 | nets=4 | frames=50,1,128,20,0.5395971357822418,4.938386216744781,0.002974204540216306,1,4,50
CV1 | nets=4 | frames=50,1,128,21,0.5450863409042358,5.3839048788324,0.003242523684933985,1,4,50
CV1 | nets=4 | frames=50,1,128,22,0.5355216503143311,5.502340360417962,0.0033138529211664716,1,4,50
CV1 | nets=4 | frames=100,1,128,1,0.23391208060085775,0.5237610967295477,0.002925782280318117,1,4,100
CV1 | nets=4 | frames=100,1,128,2,0.137901406660676,0.6593448905358091,0.003683166982307739,1,4,100
CV1 | nets=4 | frames=100,1,128,3,0.14608761847019194,0.5162385895585175,0.002883760760549194,1,4,100
CV1 | nets=4 | frames=100,1,128,4,0.13047660365700722,0.45545284409681336,0.0025442054349368846,1,4,100
CV1 | nets=4 | frames=100,1,128,5,0.13230701118707658,0.6997441296698526,0.0039088411879783964,1,4,100
CV1 | nets=4 | frames=100,1,128,6,0.1483537057042122,0.567188866127748,0.0031683741409160573,1,4,100
CV1 | nets=4 | frames=100,1,128,7,0.1257434482127428,0.5255368232936598,0.0029357016289905005,1,4,100
CV1 | nets=4 | frames=100,1,128,8,0.12620935373008252,0.6111916461382061,0.0034141781185462604,1,4,100
CV1 | nets=4 | frames=100,1,128,9,0.12673541642725467,0.500890972660738,0.002798027428093633,1,4,100
CV1 | nets=4 | frames=100,1,128,10,0.12571000516414643,0.5309607488084584,0.002966000229058409,1,4,100
CV1 | nets=4 | frames=100,1,128,11,0.12710983403027057,0.5765089315022341,0.0032204369210339793,1,4,100
CV1 | nets=4 | frames=100,1,128,12,0.12337571889162063,0.49860578784812243,0.0027852621961901606,1,4,100
CV1 | nets=4 | frames=100,1,128,13,0.1310774587839842,0.4911607218103018,0.0027436732491285054,1,4,100
CV1 | nets=4 | frames=100,1,128,14,0.12303908355534077,0.5688486648321195,0.0031776458972190085,1,4,100
CV1 | nets=4 | frames=100,1,128,15,0.1334272639453411,0.4850738897837,0.00270967156684128,1,4,100
CV1 | nets=4 | frames=100,1,128,16,0.12714318878948688,0.5197802748149261,0.002903544966922709,1,4,100
CV1 | nets=4 | frames=100,1,128,17,0.12398597668856383,0.46075605615391396,0.002573829773484249,1,4,100
CV1 | nets=4 | frames=100,1,128,18,0.12288428209722042,0.5878411415887822,0.0032837398652193314,1,4,100
CV1 | nets=4 | frames=100,1,128,19,0.12156646125018597,0.47123739652801305,0.0026323795443468044,1,4,100
CV1 | nets=8 | frames=2,1,128,1,0.9378232359886169,2.100963171424344,0.009950766280559492,1,8,2
CV1 | nets=8 | frames=2,1,128,2,0.8752756118774414,202.1994639890194,0.9576748393280432,1,8,2
CV1 | nets=8 | frames=2,1,128,3,0.8469845652580261,611.8885188603401,2.8980801639780402,1,8,2
CV1 | nets=8 | frames=2,1,128,4,0.8422421514987946,1013.3166844463349,4.799359406668692,1,8,2
CV1 | nets=8 | frames=2,1,128,5,0.8442643284797668,1605.4158246936797,7.603711087197065,1,8,2
CV1 | nets=8 | frames=2,1,128,6,0.8317065238952637,2063.50698248291,9.773362418919803,1,8,2
CV1 | nets=8 | frames=2,1,128,7,0.8235552906990051,2424.541352039337,11.483324922829867,1,8,2
CV1 | nets=8 | frames=2,1,128,8,0.8176682591438293,2759.5088308830263,13.069827191010118,1,8,2
CV1 | nets=8 | frames=2,1,128,9,0.8059336245059967,3410.9531637649534,16.15525487267971,1,8,2
CV1 | nets=8 | frames=2,1,128,10,0.7964910268783569,4147.521742996216,19.64385567584634,1,8,2
CV1 | nets=8 | frames=2,1,128,11,0.790641188621521,5045.581443580628,23.89732512357831,1,8,2
CV1 | nets=8 | frames=2,1,128,12,0.7854687571525574,6014.7142499084475,28.487416844725608,1,8,2
CV1 | nets=8 | frames=2,1,128,13,0.7815879583358765,6941.788176132202,32.87830617052317,1,8,2
CV1 | nets=8 | frames=2,1,128,14,0.7757182121276855,8235.900092514039,39.007593452334405,1,8,2
CV1 | nets=8 | frames=2,1,128,15,0.7670147120952606,9359.358233459472,44.328614686489104,1,8,2
CV1 | nets=8 | frames=2,1,128,16,0.7628292739391327,10903.66331098938,51.642888247966766,1,8,2
CV1 | nets=8 | frames=5,1,128,1,0.7783543288707733,1021.1360677340031,34.088814566073474,1,8,5
CV1 | nets=8 | frames=5,1,128,2,0.6563656449317932,1565.0193719988763,52.24539241367599,1,8,5
CV1 | nets=8 | frames=5,1,128,3,0.6160364747047424,1843.3107214495092,61.53565483951871,1,8,5
CV1 | nets=8 | frames=5,1,128,4,0.5996219038963317,1821.6010915203988,60.81091754478961,1,8,5
CV1 | nets=8 | frames=5,1,128,5,0.5731337428092956,1767.6787025207877,59.010813434291634,1,8,5
CV1 | nets=8 | frames=5,1,128,6,0.5657431125640869,1946.6067280750274,64.98400739774853,1,8,5
CV1 | nets=8 | frames=5,1,128,7,0.5636762797832489,2022.146387001276,67.50576553165168,1,8,5
CV1 | nets=8 | frames=5,1,128,8,0.5589802265167236,2044.4828453832865,68.25143034778536,1,8,5
CV1 | nets=8 | frames=5,1,128,9,0.5507259249687195,2016.1410353316069,67.30528806905076,1,8,5
CV1 | nets=8 | frames=5,1,128,10,0.5547747611999512,1979.3519851511717,66.07715152022988,1,8,5
CV1 | nets=8 | frames=5,1,128,11,0.5522020339965821,1818.535032669425,60.70856329320371,1,8,5
CV1 | nets=8 | frames=5,1,128,12,0.5436372995376587,1720.778098325014,57.445122569985685,1,8,5
CV1 | nets=8 | frames=5,1,128,13,0.5438450992107391,1581.3388815108538,52.79019167681038,1,8,5
CV1 | nets=8 | frames=5,1,128,14,0.5441260695457458,1502.3301025335788,50.152622600995,1,8,5
CV1 | nets=8 | frames=5,1,128,15,0.5404176533222198,1348.9609356491567,45.03266601904854,1,8,5
CV1 | nets=8 | frames=5,1,128,16,0.5407309055328369,1213.626521508217,40.51476631883159,1,8,5
CV1 | nets=8 | frames=10,1,128,1,0.9048969924449921,71.8736852168776,0.07583321477879508,1,8,10
CV1 | nets=8 | frames=10,1,128,2,0.8649958789348602,84.32201636724174,0.08896732674265513,1,8,10
CV1 | nets=8 | frames=10,1,128,3,0.8050101578235627,309.5939876177013,0.32664955825955255,1,8,10
CV1 | nets=8 | frames=10,1,128,4,0.8037329196929932,604.2099068414867,0.637495895932414,1,8,10
CV1 | nets=8 | frames=10,1,128,5,0.7845591276884079,523.8164962067567,0.5526736063815588,1,8,10
CV1 | nets=8 | frames=10,1,128,6,0.814192396402359,886.9816550985574,0.9358455747977641,1,8,10
CV1 | nets=8 | frames=10,1,128,7,0.7758626341819763,1345.6043377949745,1.419733847579686,1,8,10
CV1 | nets=8 | frames=10,1,128,8,0.78243128657341,870.9766009641513,0.9189587986195984,1,8,10
CV1 | nets=8 | frames=10,1,128,9,0.7925699830055237,807.775643680077,0.8522761130905273,1,8,10
CV1 | nets=8 | frames=10,1,128,10,0.7847055613994598,1161.7757438005954,1.2257781080239074,1,8,10
CV1 | nets=8 | frames=10,1,128,11,0.7935230731964111,826.745292752847,0.8722907940044315,1,8,10
CV1 | nets=8 | frames=10,1,128,12,0.7923782646656037,837.6041128349007,0.8837478466269968,1,8,10
CV1 | nets=8 | frames=10,1,128,13,0.7952804207801819,868.2138606460467,0.9160438656509977,1,8,10
CV1 | nets=8 | frames=10,1,128,14,0.7781902700662613,1100.736725261353,1.1613764474859563,1,8,10
CV1 | nets=8 | frames=10,1,128,15,0.7831625401973724,1143.622991713062,1.2066253385011805,1,8,10
CV1 | nets=8 | frames=10,1,128,16,0.7793140649795532,999.8806223456189,1.0549641659997506,1,8,10
CV1 | nets=8 | frames=25,1,128,1,0.8135014808177948,76.50867005053162,0.11070014944369905,1,8,25
CV1 | nets=8 | frames=25,1,128,2,0.7118426811695099,77.10164213323593,0.11155812787948526,1,8,25
CV1 | nets=8 | frames=25,1,128,3,0.6780169081687927,76.40960640770197,0.11055681347291102,1,8,25
CV1 | nets=8 | frames=25,1,128,4,0.6780050486326218,75.98669330978393,0.1099449077534664,1,8,25
CV1 | nets=8 | frames=25,1,128,5,0.679082623720169,69.12710111638904,0.10001978400943336,1,8,25
CV1 | nets=8 | frames=25,1,128,6,0.6752022707462311,65.84883792688697,0.09527647715480998,1,8,25
CV1 | nets=8 | frames=25,1,128,7,0.6586774659156799,70.1879299153015,0.10155469431271194,1,8,25
CV1 | nets=8 | frames=25,1,128,8,0.6603655749559403,65.0496218508631,0.09412009676516754,1,8,25
CV1 | nets=8 | frames=25,1,128,9,0.6569459843635559,67.06754925869406,0.09703982299633208,1,8,25
CV1 | nets=8 | frames=25,1,128,10,0.6647219449281693,66.2444117685072,0.09584882353556895,1,8,25
CV1 | nets=8 | frames=25,1,128,11,0.6574861961603164,66.33563625777512,0.09598082411832001,1,8,25
CV1 | nets=8 | frames=25,1,128,12,0.6518079257011413,66.22740082288907,0.0958242123753007,1,8,25
CV1 | nets=8 | frames=25,1,128,13,0.6473348391056061,65.37692340229825,0.09459366600828434,1,8,25
CV1 | nets=8 | frames=25,1,128,14,0.6450754818320275,63.57575035137311,0.09198755189243094,1,8,25
CV1 | nets=8 | frames=25,1,128,15,0.6509820485115051,65.3669991176501,0.09457930107721768,1,8,25
CV1 | nets=8 | frames=25,1,128,16,0.6478322392702103,63.595685481756924,0.09201639711942698,1,8,25
CV1 | nets=8 | frames=25,1,128,17,0.6464160007238388,64.41107035690546,0.09319617526445655,1,8,25
CV1 | nets=8 | frames=25,1,128,18,0.665146780014038,64.29637416014076,0.0930302172040756,1,8,25
CV1 | nets=8 | frames=25,1,128,19,0.6418435338139534,65.62691641567275,0.09495538042257977,1,8,25
CV1 | nets=8 | frames=25,1,128,20,0.6472665280103683,66.156364372693,0.0957214341537292,1,8,25
CV1 | nets=8 | frames=25,1,128,21,0.6401247155666351,66.32299364215508,0.09596253173413061,1,8,25
CV1 | nets=8 | frames=25,1,128,22,0.6476415491104126,67.07527045346797,0.09705099518355564,1,8,25
CV1 | nets=8 | frames=25,1,128,23,0.639146226644516,66.36698861863464,0.09602618257671565,1,8,25
CV1 | nets=8 | frames=25,1,128,24,0.6443945372104645,65.76256790928542,0.09515164993333747,1,8,25
CV1 | nets=8 | frames=25,1,128,25,0.6381866174936295,66.64474429952726,0.09642807044924484,1,8,25
CV1 | nets=8 | frames=25,1,128,26,0.6368438255786896,66.59878270434216,0.09636156871169442,1,8,25
CV1 | nets=8 | frames=25,1,128,27,0.6459157902002335,66.50989429368823,0.09623295923940169,1,8,25
CV1 | nets=8 | frames=25,1,128,28,0.6431988316774369,71.17247510372103,0.10297922469727563,1,8,25
CV1 | nets=8 | frames=25,1,128,29,0.6431108880043029,64.28479355578125,0.09301346258661579,1,8,25
CV1 | nets=8 | frames=50,1,128,1,0.8222541087865829,6.280822637997567,0.0027397854581486174,1,8,50
CV1 | nets=8 | frames=50,1,128,2,0.6840962907671928,6.375097218868614,0.0027809093580268324,1,8,50
CV1 | nets=8 | frames=50,1,128,3,0.6579004243016243,5.725056155990809,0.0024973521068013724,1,8,50
CV1 | nets=8 | frames=50,1,128,4,0.6647716498374939,6.593491629905999,0.00287617616445732,1,8,50
CV1 | nets=8 | frames=50,1,128,5,0.6540014105290175,6.629991698673926,0.002892098029841236,1,8,50
CV1 | nets=8 | frames=50,1,128,6,0.6536464829742908,6.850240524029709,0.002988173715873813,1,8,50
CV1 | nets=8 | frames=50,1,128,7,0.6604340206086635,6.358864376949845,0.002773828374231016,1,8,50
CV1 | nets=8 | frames=50,1,128,8,0.6478316970169544,6.370681797921832,0.00277898329599482,1,8,50
CV1 | nets=8 | frames=50,1,128,9,0.6602340233325958,6.511722913790495,0.002840507417474669,1,8,50
CV1 | nets=8 | frames=50,1,128,10,0.6408585423231125,6.458906146521913,0.002817468020257138,1,8,50
CV1 | nets=8 | frames=50,1,128,11,0.6441416223347187,6.003561653990648,0.0026188401826694302,1,8,50
CV1 | nets=8 | frames=50,1,128,12,0.6492551921680569,6.909591916282603,0.0030140636246340762,1,8,50
CV1 | nets=8 | frames=50,1,128,13,0.6521803974360227,7.02984951762855,0.0030665217643959294,1,8,50
CV1 | nets=8 | frames=50,1,128,14,0.6636862739920616,6.720978076071246,0.002931787561738929,1,8,50
CV1 | nets=8 | frames=50,1,128,15,0.6425529506802559,6.173865055813687,0.0026931289643864604,1,8,50
CV1 | nets=8 | frames=50,1,128,16,0.649136413782835,6.7318252884047105,0.00293651927499468,1,8,50
CV1 | nets=8 | frames=50,1,128,17,0.642761912792921,6.117866276924499,0.002668701534944148,1,8,50
CV1 | nets=8 | frames=50,1,128,18,0.6430724495649338,5.742913208499143,0.00250514158373241,1,8,50
CV1 | nets=8 | frames=100,1,128,1,0.7847822150588035,2.532718742411584,0.00013548710387283335,1,8,100
CV1 | nets=8 | frames=100,1,128,2,0.7593760070204735,3.265686699464917,0.00017469702788631026,1,8,100
CV1 | nets=8 | frames=100,1,128,3,0.7409256742149591,2.8072010655878112,0.00015017046306658698,1,8,100
CV1 | nets=8 | frames=100,1,128,4,0.7630595919489861,3.1248996256003156,0.0001671656597304434,1,8,100
CV1 | nets=8 | frames=100,1,128,5,0.7389668174088001,2.72861069554463,0.00014596629065776766,1,8,100
CV1 | nets=8 | frames=100,1,128,6,0.7376086960732937,2.9618925795221585,0.00015844564333565713,1,8,100
CV1 | nets=8 | frames=100,1,128,7,0.7321378885209561,2.4887495891742,0.0001331349866581011,1,8,100
CV1 | nets=8 | frames=100,1,128,8,0.7355606336146593,2.5386885818615554,0.00013580645750903387,1,8,100
CV1 | nets=8 | frames=100,1,128,9,0.7279835256189108,2.667898730569519,0.00014271852142144325,1,8,100
CV1 | nets=8 | frames=100,1,128,10,0.721445636227727,2.775308542829007,0.00014846437952996893,1,8,100
CV1 | nets=8 | frames=100,1,128,11,0.7223753771930933,2.8256307167210615,0.00015115635082332802,1,8,100
CV1 | nets=8 | frames=100,1,128,12,0.7202419194579125,2.885570244152099,0.00015436280098901989,1,8,100
CV1 | nets=8 | frames=100,1,128,13,0.7197982235997915,3.0213225300372577,0.00016162483277483376,1,8,100
CV1 | nets=8 | frames=100,1,128,14,0.7215191058814525,2.986028935330454,0.00015973680899570298,1,8,100
CV1 | nets=8 | frames=100,1,128,15,0.7202551790699363,2.8490562745034693,0.00015240949555072803,1,8,100
CV1 | nets=8 | frames=100,1,128,16,0.7221285425871611,2.8604860653220676,0.0001530209288642368,1,8,100
CV1 | nets=8 | frames=100,1,128,17,0.717922730371356,2.861329159560613,0.00015306602954478875,1,8,100
CV1 | nets=8 | frames=100,1,128,18,0.7158634693920612,2.801487656245008,0.00014986482397534928,1,8,100
CV1 | nets=8 | frames=100,1,128,19,0.71446713142097,2.777296543363482,0.0001485707276761161,1,8,100
CV1 | nets=8 | frames=100,1,128,20,0.7160582943260669,3.094891663038172,0.00016556039246586353,1,8,100
CV1 | nets=8 | frames=100,1,128,21,0.715018303617835,3.129763633303577,0.00016742585969225843,1,8,100
CV1 | nets=8 | frames=100,1,128,22,0.709373729750514,2.721290460539982,0.00014557469629403386,1,8,100
CV2 | nets=1 | frames=2,2,128,1,0.5779930949211121,764.4740371448994,0.03430833560753308,2,1,2
CV2 | nets=1 | frames=2,2,128,2,0.4960682988166809,444.7899306288958,0.012035278998489957,2,1,2
CV2 | nets=1 | frames=2,2,128,3,0.4211290776729584,289.72411646807194,0.004469690557645663,2,1,2
CV2 | nets=1 | frames=2,2,128,4,0.3526594936847687,291.44370887255667,0.009149990878890095,2,1,2
CV2 | nets=1 | frames=2,2,128,5,0.29015520215034485,444.2517937641144,0.024412897537418758,2,1,2
CV2 | nets=1 | frames=2,2,128,6,0.23332537710666656,783.6998549919128,0.051373965900857,2,1,2
CV2 | nets=1 | frames=2,2,128,7,0.18215209245681763,1327.4505459804534,0.09279262774658856,2,1,2
CV2 | nets=1 | frames=2,2,128,8,0.13675737380981445,2090.2750609369277,0.1513894273552578,2,1,2
CV2 | nets=1 | frames=2,2,128,9,0.0974416434764862,3061.234424665451,0.22806912395247492,2,1,2
CV2 | nets=1 | frames=2,2,128,10,0.0646287053823471,4254.538553066253,0.3245985661187442,2,1,2
CV2 | nets=1 | frames=2,2,128,11,0.03879377245903015,5641.503106376648,0.4379723236205755,2,1,2
CV2 | nets=1 | frames=2,2,128,12,0.02029579132795334,7173.53826618576,0.5661455406255554,2,1,2
CV2 | nets=1 | frames=2,2,128,13,0.009171966463327408,8776.266944976807,0.7051544892082456,2,1,2
CV2 | nets=1 | frames=2,2,128,14,0.004909525625407696,10339.455200511933,0.846535280130338,2,1,2
CV2 | nets=1 | frames=2,2,128,15,0.006325332447886467,11749.334486999513,0.9803513594041579,2,1,2
CV2 | nets=1 | frames=2,2,128,16,0.011629870161414146,12895.083759010315,1.0939830335420557,2,1,2
CV2 | nets=1 | frames=2,2,128,17,0.01870138756930828,13719.722328193664,1.1805256445650012,2,1,2
CV2 | nets=1 | frames=2,2,128,18,0.025477536022663116,14205.798654571534,1.2358902911879122,2,1,2
CV2 | nets=1 | frames=5,2,128,1,0.7859005331993103,4664.014685209155,2.2460883839828893,2,1,5
CV2 | nets=1 | frames=5,2,128,2,0.6968738436698914,3912.05343298316,1.867362693795236,2,1,5
CV2 | nets=1 | frames=5,2,128,3,0.6141301989555359,3219.7924704546926,1.5238143525478662,2,1,5
CV2 | nets=1 | frames=5,2,128,4,0.5373356938362122,2584.521099231094,1.2135745315999085,2,1,5
CV2 | nets=1 | frames=5,2,128,5,0.46643826365470886,2039.2190259031058,0.9497480038188806,2,1,5
CV2 | nets=1 | frames=5,2,128,6,0.4016195237636566,1551.2160180253982,0.7119162083012925,2,1,5
CV2 | nets=1 | frames=5,2,128,7,0.34332165122032166,1143.5265029963255,0.516244231527322,2,1,5
CV2 | nets=1 | frames=5,2,128,8,0.29220983386039734,837.5075079421401,0.3710313604849507,2,1,5
CV2 | nets=1 | frames=5,2,128,9,0.2493126392364502,638.1725753142833,0.2779672983723576,2,1,5
CV2 | nets=1 | frames=5,2,128,10,0.21556642651557922,538.8840919098258,0.23525505579341552,2,1,5
CV2 | nets=1 | frames=5,2,128,11,0.19154225289821625,515.0987737029195,0.2303926092692127,2,1,5
CV2 | nets=1 | frames=5,2,128,12,0.1770545244216919,536.5880142923594,0.24792182950838468,2,1,5
CV2 | nets=1 | frames=5,2,128,13,0.1707603931427002,569.7805530238152,0.2697952868806315,2,1,5
CV2 | nets=1 | frames=5,2,128,14,0.17010371387004852,591.425095556736,0.28232477712180115,2,1,5
CV2 | nets=1 | frames=5,2,128,15,0.17185524106025696,596.9565932233334,0.28180004514881873,2,1,5
CV2 | nets=1 | frames=5,2,128,16,0.17294876277446747,597.6272320369482,0.27340339355901233,2,1,5
CV2 | nets=1 | frames=5,2,128,17,0.17123541235923767,611.0552291595936,0.26603121565209586,2,1,5
CV2 | nets=1 | frames=5,2,128,18,0.16576701402664185,651.1590366597176,0.26779654855444096,2,1,5
CV2 | nets=1 | frames=5,2,128,19,0.15670113265514374,730.9097778260708,0.2861452909953368,2,1,5
CV2 | nets=1 | frames=5,2,128,20,0.14496652781963348,853.3949288335442,0.3243931932927226,2,1,5
CV2 | nets=1 | frames=5,2,128,21,0.1318642646074295,1023.6431848032474,0.3851051594269811,2,1,5
CV2 | nets=1 | frames=5,2,128,22,0.1187102347612381,1236.289814963758,0.46700493959410233,2,1,5
CV2 | nets=1 | frames=5,2,128,23,0.10660729557275772,1486.1830027182698,0.5680137216532894,2,1,5
CV2 | nets=1 | frames=5,2,128,24,0.09627663344144821,1751.7852612239121,0.6815929576890776,2,1,5
CV2 | nets=1 | frames=5,2,128,25,0.08805244415998459,2036.5760866068006,0.805547608644265,2,1,5
CV2 | nets=1 | frames=5,2,128,26,0.08188436925411224,2321.825213421434,0.9338707284641278,2,1,5
CV2 | nets=1 | frames=10,2,128,1,0.6992959529161453,705.2245944530964,0.05858254621281776,2,1,10
CV2 | nets=1 | frames=10,2,128,2,0.5775403827428818,568.080430601269,0.045920457290460036,2,1,10
CV2 | nets=1 | frames=10,2,128,3,0.4329947382211685,451.5993250669241,0.03554336740197687,2,1,10
CV2 | nets=1 | frames=10,2,128,4,0.31869529001414776,362.9143492938876,0.02806362812232328,2,1,10
CV2 | nets=1 | frames=10,2,128,5,0.9822741625830531,299.6319305074811,0.023452285208841205,2,1,10
CV2 | nets=1 | frames=10,2,128,6,0.24131444049999118,260.08019073206185,0.0211056818373836,2,1,10
CV2 | nets=1 | frames=10,2,128,7,0.26123807579278946,241.74427270799876,0.020358015539972258,2,1,10
CV2 | nets=1 | frames=10,2,128,8,0.6957009956240654,238.05131789249927,0.02037214198203219,2,1,10
CV2 | nets=1 | frames=10,2,128,9,0.24183645844459534,240.962818203941,0.020662262002110764,2,1,10
CV2 | nets=1 | frames=10,2,128,10,0.6016225516796112,255.1866116886288,0.021638279683000063,2,1,10
CV2 | nets=1 | frames=10,2,128,11,0.20672790333628654,277.34010920614,0.02328827144504794,2,1,10
CV2 | nets=1 | frames=10,2,128,12,0.2549116611480713,305.40369735485314,0.025469884620193624,2,1,10
CV2 | nets=1 | frames=10,2,128,13,0.47799254953861237,336.7014396161437,0.027941920278975886,2,1,10
CV2 | nets=1 | frames=10,2,128,14,0.2330641821026802,364.58464959448577,0.03018898565391555,2,1,10
CV2 | nets=1 | frames=10,2,128,15,0.29795391857624054,390.3638805112243,0.03235731585275789,2,1,10
CV2 | nets=1 | frames=10,2,128,16,0.16506887041032314,413.95096965897085,0.03444548258598661,2,1,10
CV2 | nets=1 | frames=10,2,128,17,0.2058432772755623,434.02892587935924,0.03635041058123897,2,1,10
CV2 | nets=1 | frames=10,2,128,18,0.1419234062632313,450.66329180768133,0.03811519306281116,2,1,10
CV2 | nets=1 | frames=10,2,128,19,0.22052153944969177,461.8228788682371,0.03946396031080076,2,1,10
CV2 | nets=1 | frames=10,2,128,20,0.13657182827591896,469.36753586862983,0.04063777785521233,2,1,10
CV2 | nets=1 | frames=10,2,128,21,0.2168361395597458,473.38600755132734,0.041490657955717325,2,1,10
CV2 | nets=1 | frames=10,2,128,22,0.13703202549368143,477.5898240529299,0.0423880355510264,2,1,10
CV2 | nets=1 | frames=10,2,128,23,0.39878764748573303,482.1215372464359,0.04324994633232382,2,1,10
CV2 | nets=1 | frames=25,2,128,1,0.7057105749845505,66.82575722966344,0.0010387224986109231,2,1,25
CV2 | nets=1 | frames=25,2,128,2,0.32948591676540673,46.98679226775467,0.0007288718430461358,2,1,25
CV2 | nets=1 | frames=25,2,128,3,0.1697502665920183,35.14522068606317,0.0005462852920938985,2,1,25
CV2 | nets=1 | frames=25,2,128,4,0.09697860269807279,31.91688251431659,0.0004977620038920349,2,1,25
CV2 | nets=1 | frames=25,2,128,5,0.13014176301658154,32.29837655165792,0.0005042472920545151,2,1,25
CV2 | nets=1 | frames=25,2,128,6,0.1336370650678873,36.10184451542795,0.00056444052643144,2,1,25
CV2 | nets=1 | frames=25,2,128,7,0.09594954270869493,41.25406624093652,0.0006448614517951227,2,1,25
CV2 | nets=1 | frames=25,2,128,8,0.09099607728421688,44.63470907440036,0.0006968152371430278,2,1,25
CV2 | nets=1 | frames=25,2,128,9,0.09311319096013904,44.928586924210194,0.0007007787921006638,2,1,25
CV2 | nets=1 | frames=25,2,128,10,0.1002383609302342,42.8253194155097,0.0006678961793618327,2,1,25
CV2 | nets=1 | frames=25,2,128,11,0.09395141224376857,40.55049999224767,0.000632995444809012,2,1,25
CV2 | nets=1 | frames=25,2,128,12,0.0940625995863229,38.224553970929236,0.0005973769581560759,2,1,25
CV2 | nets=1 | frames=25,2,128,13,0.09250067488756031,36.72919897105172,0.0005739754791065934,2,1,25
CV2 | nets=1 | frames=25,2,128,14,0.08350142394192517,36.51326968325488,0.00056997787588611,2,1,25
CV2 | nets=1 | frames=25,2,128,15,0.07956807962909807,36.932044931717215,0.0005757598647049918,2,1,25
CV2 | nets=1 | frames=25,2,128,16,0.07711463853775058,36.82427161166072,0.0005737688440404156,2,1,25
CV2 | nets=1 | frames=25,2,128,17,0.07644865812471835,36.61278028476518,0.0005708271859196614,2,1,25
CV2 | nets=1 | frames=25,2,128,18,0.10757935931906104,36.70512448242679,0.000573064921924086,2,1,25
CV2 | nets=1 | frames=25,2,128,19,0.07798948945128359,36.6108893047981,0.0005718578918408071,2,1,25
CV2 | nets=1 | frames=50,2,128,1,0.6396641858986446,27.701121084824205,0.01523823861037954,2,1,50
CV2 | nets=1 | frames=50,2,128,2,0.17824176446135556,17.066296933934094,0.009937348397216283,2,1,50
CV2 | nets=1 | frames=50,2,128,3,0.018000387054468905,12.180336810627137,0.0070327617412689275,2,1,50
CV2 | nets=1 | frames=50,2,128,4,0.041916433455688615,14.506239039657173,0.008191875141539868,2,1,50
CV2 | nets=1 | frames=50,2,128,5,0.008440257698696638,17.98948400127096,0.010248559281292273,2,1,50
CV2 | nets=1 | frames=50,2,128,6,0.018229150342189575,16.801816428598016,0.009643324371290419,2,1,50
CV2 | nets=1 | frames=50,2,128,7,0.006966982228082738,14.783764873018487,0.008477399901058107,2,1,50
CV2 | nets=1 | frames=50,2,128,8,0.0077517592747296605,15.42852898293361,0.008814110480041564,2,1,50
CV2 | nets=1 | frames=50,2,128,9,0.006169760512420908,16.25927942132205,0.00933374132662675,2,1,50
CV2 | nets=1 | frames=50,2,128,10,0.00581056923640842,15.218196289811283,0.008717179214456337,2,1,50
CV2 | nets=1 | frames=50,2,128,11,0.004765226018207613,14.925830789314583,0.008511310826575481,2,1,50
CV2 | nets=1 | frames=50,2,128,12,0.005522083898540586,15.317773795648478,0.008787963243000376,2,1,50
CV2 | nets=1 | frames=50,2,128,13,0.005499818733369466,15.32446503898874,0.00878864330736269,2,1,50
CV2 | nets=1 | frames=50,2,128,14,0.005862406844763817,14.832573694275693,0.008495076264863202,2,1,50
CV2 | nets=1 | frames=50,2,128,15,0.0047873669287322885,15.153005405723118,0.008687626412410282,2,1,50
CV2 | nets=1 | frames=50,2,128,16,0.005217038857933533,15.146827635442838,0.00866332237262759,2,1,50
CV2 | nets=1 | frames=50,2,128,17,0.016394875996671283,14.880615955691784,0.008496003951374405,2,1,50
CV2 | nets=1 | frames=50,2,128,18,0.005461152443396193,15.054826693513895,0.008611963308892428,2,1,50
CV2 | nets=1 | frames=100,2,128,1,0.4343600897834851,2.2743672486016293,0.00048310349521045736,2,1,100
CV2 | nets=1 | frames=100,2,128,2,0.03417418302538303,2.084100899879355,0.00044143925755378533,2,1,100
CV2 | nets=1 | frames=100,2,128,3,0.012988886106401108,2.1749167475067077,0.00046193454881779416,2,1,100
CV2 | nets=1 | frames=100,2,128,4,0.004517801383581872,2.127988220267114,0.0004508515104687305,2,1,100
CV2 | nets=1 | frames=100,2,128,5,0.002996198723289686,2.147851040020818,0.00045575489150121486,2,1,100
CV2 | nets=1 | frames=100,2,128,6,0.002906399875288256,2.1288084719997133,0.0004516081646205237,2,1,100
CV2 | nets=1 | frames=100,2,128,7,0.002684840417574518,2.126832603616058,0.00045103067747247395,2,1,100
CV2 | nets=1 | frames=100,2,128,8,0.002692626319073427,2.1310059296215185,0.00045198163947678436,2,1,100
CV2 | nets=1 | frames=100,2,128,9,0.002821292452538798,2.1469794224789367,0.00045533100521276995,2,1,100
CV2 | nets=1 | frames=100,2,128,10,0.0028794374733339422,2.1332049098322168,0.00045234069497593056,2,1,100
CV2 | nets=1 | frames=100,2,128,11,0.0026587924322274584,2.127123574384954,0.00045113775958394343,2,1,100
CV2 | nets=1 | frames=100,2,128,12,0.002572712610484674,2.1384718943294136,0.00045354844020209837,2,1,100
CV2 | nets=1 | frames=100,2,128,13,0.0025533515206636647,2.1232457210076974,0.00045033255510629997,2,1,100
CV2 | nets=1 | frames=100,2,128,14,0.0031602319952351255,2.1349339859260943,0.0004528454375675608,2,1,100
CV2 | nets=1 | frames=100,2,128,15,0.002769518123106816,2.145338455416495,0.0004549820922306367,2,1,100
CV2 | nets=1 | frames=100,2,128,16,0.0031570633694242975,2.1210155608914794,0.00044977650200704036,2,1,100
CV2 | nets=1 | frames=100,2,128,17,0.00322347024092988,2.1307412941451185,0.0004519757459642051,2,1,100
CV2 | nets=2 | frames=2,2,128,1,0.7760188579559326,403.2502685053349,0.5277515302306274,2,2,2
CV2 | nets=2 | frames=2,2,128,2,0.7185081243515015,193.54854519739746,0.25154989926621785,2,2,2
CV2 | nets=2 | frames=2,2,128,3,0.666765570640564,89.83484520256519,0.10720222030329751,2,2,2
CV2 | nets=2 | frames=2,2,128,4,0.6203247308731079,89.66252611207962,0.09129051719832933,2,2,2
CV2 | nets=2 | frames=2,2,128,5,0.5788429975509644,183.97709181165695,0.18979263467667623,2,2,2
CV2 | nets=2 | frames=2,2,128,6,0.5420616865158081,357.81128095817564,0.37892249296372754,2,2,2
CV2 | nets=2 | frames=2,2,128,7,0.5097944140434265,593.537523244381,0.6367041750759818,2,2,2
CV2 | nets=2 | frames=2,2,128,8,0.48190492391586304,877.6572868499755,0.9472925991211086,2,2,2
CV2 | nets=2 | frames=2,2,128,9,0.4582100510597229,1194.780870270729,1.2921263594031334,2,2,2
CV2 | nets=2 | frames=2,2,128,10,0.43839481472969055,1531.1731969566345,1.6551206797584892,2,2,2
CV2 | nets=2 | frames=2,2,128,11,0.4219125509262085,1871.7149436645507,2.0188995171729474,2,2,2
CV2 | nets=2 | frames=2,2,128,12,0.4079364538192749,2201.478057121277,2.3663128878716377,2,2,2
CV2 | nets=2 | frames=2,2,128,13,0.3954087495803833,2508.483957393646,2.6845987142287195,2,2,2
CV2 | nets=2 | frames=2,2,128,14,0.38317641615867615,2779.2078347644806,2.9597604686245322,2,2,2
CV2 | nets=2 | frames=2,2,128,15,0.3701687157154083,3000.2430767860415,3.1783482661247255,2,2,2
CV2 | nets=2 | frames=2,2,128,16,0.3556315004825592,3160.215073627472,3.329563667457551,2,2,2
CV2 | nets=2 | frames=2,2,128,17,0.33917924761772156,3253.3673680000306,3.4092212624587117,2,2,2
CV2 | nets=2 | frames=2,2,128,18,0.3208092451095581,3278.8998208465578,3.418276687525213,2,2,2
CV2 | nets=2 | frames=2,2,128,19,0.30080723762512207,3238.2705826034544,3.359892724715173,2,2,2
CV2 | nets=2 | frames=5,2,128,1,0.9933917820453644,4453.350041280806,4.683588242698519,2,2,5
CV2 | nets=2 | frames=5,2,128,2,1.0693819522857666,5335.743155786156,5.548687351708301,2,2,5
CV2 | nets=2 | frames=5,2,128,3,0.6588024795055389,5425.646210049748,5.601518858183233,2,2,5
CV2 | nets=2 | frames=5,2,128,4,0.8731258809566498,5897.527050749898,6.047600695951259,2,2,5
CV2 | nets=2 | frames=5,2,128,5,1.277304232120514,6425.256833314061,6.573348956436966,2,2,5
CV2 | nets=2 | frames=5,2,128,6,1.0169032216072083,6844.177272515059,6.996558108167374,2,2,5
CV2 | nets=2 | frames=5,2,128,7,0.7052236199378967,7061.93988645041,7.216009960188879,2,2,5
CV2 | nets=2 | frames=5,2,128,8,0.9265358746051788,7567.461235226393,7.7350041257385165,2,2,5
CV2 | nets=2 | frames=5,2,128,9,0.81959068775177,8165.077744274377,8.346231500708381,2,2,5
CV2 | nets=2 | frames=5,2,128,10,0.7010868191719055,8764.781392900824,8.958575329825514,2,2,5
CV2 | nets=2 | frames=5,2,128,11,0.9443192780017853,9521.208389419198,9.739617326225503,2,2,5
CV2 | nets=2 | frames=5,2,128,12,0.7438363134860992,10115.193537655472,10.359832412278163,2,2,5
CV2 | nets=2 | frames=5,2,128,13,0.9765065312385559,10798.215262162566,11.079385477683507,2,2,5
CV2 | nets=2 | frames=5,2,128,14,0.5659345239400864,11261.355255312204,11.584343947660644,2,2,5
CV2 | nets=2 | frames=5,2,128,15,0.695663720369339,11883.1704702816,12.258354402136058,2,2,5
CV2 | nets=2 | frames=5,2,128,16,0.6819569021463394,12530.452170795203,12.949596354618436,2,2,5
CV2 | nets=2 | frames=10,2,128,1,0.8884325623512268,143.89555305075646,0.8095051828708966,2,2,10
CV2 | nets=2 | frames=10,2,128,2,1.0175652305285137,147.95461115145685,0.8367305729836225,2,2,10
CV2 | nets=2 | frames=10,2,128,3,0.7343358894189199,153.18594057488443,0.8741216379888356,2,2,10
CV2 | nets=2 | frames=10,2,128,4,0.8753875494003296,160.6991659770012,0.9218083440596238,2,2,10
CV2 | nets=2 | frames=10,2,128,5,0.8997679551442465,169.28555409407616,0.9736498921401798,2,2,10
CV2 | nets=2 | frames=10,2,128,6,0.9061289032300314,176.82898751223087,1.0176705607771874,2,2,10
CV2 | nets=2 | frames=10,2,128,7,0.8103453318277994,183.23596390008927,1.0519223936554045,2,2,10
CV2 | nets=2 | frames=10,2,128,8,0.6385329763094584,187.95095286142825,1.0755847355062143,2,2,10
CV2 | nets=2 | frames=10,2,128,9,0.7933926284313202,193.49098698794842,1.1052573863798751,2,2,10
CV2 | nets=2 | frames=10,2,128,10,0.5967764556407928,198.1638804343939,1.13045919200778,2,2,10
CV2 | nets=2 | frames=10,2,128,11,0.6785213450590769,202.40173998308182,1.1535166430668906,2,2,10
CV2 | nets=2 | frames=10,2,128,12,0.6123272379239401,206.5213932324648,1.1761180488029495,2,2,10
CV2 | nets=2 | frames=10,2,128,13,0.6972442468007406,209.00079327344895,1.1889717235644348,2,2,10
CV2 | nets=2 | frames=10,2,128,14,0.587426761786143,211.50337222826482,1.2030144081814214,2,2,10
CV2 | nets=2 | frames=10,2,128,15,0.6666049162546793,215.01213241350652,1.2246405100128614,2,2,10
CV2 | nets=2 | frames=10,2,128,16,0.5377428332964579,219.18905214858054,1.2515919536622242,2,2,10
CV2 | nets=2 | frames=25,2,128,1,0.734707168170384,12.87512931391783,0.008770106635171032,2,2,25
CV2 | nets=2 | frames=25,2,128,2,0.3140373889889036,9.180744776159525,0.006361520331614884,2,2,25
CV2 | nets=2 | frames=25,2,128,3,0.11030947144276329,6.9239621743299065,0.004888944416616141,2,2,25
CV2 | nets=2 | frames=25,2,128,4,0.05141268377857549,5.8844065321106465,0.004227971659171999,2,2,25
CV2 | nets=2 | frames=25,2,128,5,0.02700997463294438,5.651713307602331,0.004067605541797093,2,2,25
CV2 | nets=2 | frames=25,2,128,6,0.01852873247116804,5.576475872636773,0.003997654255671023,2,2,25
CV2 | nets=2 | frames=25,2,128,7,0.019692268954323872,5.575914228386246,0.003996247850734108,2,2,25
CV2 | nets=2 | frames=25,2,128,8,0.016639709788640693,5.624798695739359,0.004041195063387022,2,2,25
CV2 | nets=2 | frames=25,2,128,9,0.013360134167929314,5.6977482604151595,0.004096702627728064,2,2,25
CV2 | nets=2 | frames=25,2,128,10,0.015746868065824465,5.723411286266987,0.004115810437954906,2,2,25
CV2 | nets=2 | frames=25,2,128,11,0.012409936620055564,5.678531437547179,0.004083777806128069,2,2,25
CV2 | nets=2 | frames=25,2,128,12,0.014956326604338497,5.6213974946157546,0.00404125243239082,2,2,25
CV2 | nets=2 | frames=25,2,128,13,0.012857081164838746,5.587930596703198,0.00401449872481976,2,2,25
CV2 | nets=2 | frames=25,2,128,14,0.012185208906885237,5.581833508906421,0.004009452946564807,2,2,25
CV2 | nets=2 | frames=25,2,128,15,0.012564333428079928,5.600937310779467,0.0040267160367925495,2,2,25
CV2 | nets=2 | frames=25,2,128,16,0.011335859821494003,5.619150101875887,0.004039003232732966,2,2,25
CV2 | nets=2 | frames=25,2,128,17,0.012587804966772507,5.6179010255401955,0.004036837710506461,2,2,25
CV2 | nets=2 | frames=25,2,128,18,0.01133096803927661,5.601986093276181,0.004024497858820496,2,2,25
CV2 | nets=2 | frames=25,2,128,19,0.011104339559096843,5.584949035934173,0.004012251617137963,2,2,25
CV2 | nets=2 | frames=25,2,128,20,0.01562165521733862,5.597643062529154,0.004021109977462175,2,2,25
CV2 | nets=2 | frames=25,2,128,21,0.010821233869397215,5.586568318429869,0.004012103588016771,2,2,25
CV2 | nets=2 | frames=25,2,128,22,0.014285079053869205,5.55258559300797,0.003985422833522079,2,2,25
CV2 | nets=2 | frames=25,2,128,23,0.012441896991471626,5.555008126873989,0.003986866923261232,2,2,25
CV2 | nets=2 | frames=25,2,128,24,0.010581326970298375,5.6078649470508095,0.004028263058109246,2,2,25
CV2 | nets=2 | frames=25,2,128,25,0.0332945639467133,5.627735481757205,0.004042561984905319,2,2,25
CV2 | nets=2 | frames=25,2,128,26,0.011850646705300148,5.655632520890794,0.0040631094382838455,2,2,25
CV2 | nets=2 | frames=25,2,128,27,0.010926493896736897,5.6426264297743325,0.004052242510018459,2,2,25
CV2 | nets=2 | frames=25,2,128,28,0.011950179394001939,5.607322837003973,0.004024046439981476,2,2,25
CV2 | nets=2 | frames=25,2,128,29,0.01099289980317865,5.599983994428069,0.0040181171542842545,2,2,25
CV2 | nets=2 | frames=25,2,128,30,0.011077531234020301,5.60484245609818,0.004022046638362781,2,2,25
CV2 | nets=2 | frames=25,2,128,31,0.010919762742040413,5.6331347355195325,0.0040431033674049105,2,2,25
CV2 | nets=2 | frames=25,2,128,32,0.010540854044458163,5.633294135180302,0.0040419320175733445,2,2,25
CV2 | nets=2 | frames=25,2,128,33,0.010711209125085068,5.596002695469651,0.004011640230125522,2,2,25
CV2 | nets=2 | frames=25,2,128,34,0.010733045853807457,5.632241204037797,0.00403774833112493,2,2,25
CV2 | nets=2 | frames=25,2,128,35,0.010545047573811774,5.6483925718376415,0.004048285599787959,2,2,25
CV2 | nets=2 | frames=50,2,128,1,0.6777173956999412,2.024707779720426,0.0008220020063236007,2,2,50
CV2 | nets=2 | frames=50,2,128,2,0.10939022483160862,1.2880500859431923,0.0005269014290749965,2,2,50
CV2 | nets=2 | frames=50,2,128,3,0.03214795192560324,1.1621424269212874,0.0004904210239936902,2,2,50
CV2 | nets=2 | frames=50,2,128,4,0.013038994171298467,1.2030267772627994,0.0005045475010933842,2,2,50
CV2 | nets=2 | frames=50,2,128,5,0.008499854777115755,1.1871948884623125,0.0005000127392806348,2,2,50
CV2 | nets=2 | frames=50,2,128,6,0.006608409045908887,1.1989063831408275,0.0005041549508540868,2,2,50
CV2 | nets=2 | frames=50,2,128,7,0.0065355555315573625,1.187213669375633,0.0004989694703342025,2,2,50
CV2 | nets=2 | frames=50,2,128,8,0.007399622641969472,1.1947070822173265,0.0005028310574861621,2,2,50
CV2 | nets=2 | frames=50,2,128,9,0.005443794160293272,1.1880551882330328,0.0004990087979396663,2,2,50
CV2 | nets=2 | frames=50,2,128,10,0.005672305092537919,1.185554169359617,0.0004986309178956106,2,2,50
CV2 | nets=2 | frames=50,2,128,11,0.009767555251108626,1.179354763811687,0.0004959953792251213,2,2,50
CV2 | nets=2 | frames=50,2,128,12,0.005982967684618556,1.189020382131217,0.0005008607811178649,2,2,50
CV2 | nets=2 | frames=50,2,128,13,0.006257743162747759,1.181749576871982,0.000496837940942271,2,2,50
CV2 | nets=2 | frames=50,2,128,14,0.0049513602839747015,1.189819382352289,0.000500695212340645,2,2,50
CV2 | nets=2 | frames=50,2,128,15,0.005248483684576618,1.1855505443695,0.0004990511555901662,2,2,50
CV2 | nets=2 | frames=50,2,128,16,0.004998055150141367,1.1886730768750422,0.0005003372729358944,2,2,50
CV2 | nets=2 | frames=50,2,128,17,0.005218509112287743,1.1868410063220654,0.0004996507301743804,2,2,50
CV2 | nets=2 | frames=50,2,128,18,0.010148543770460842,1.1758078845115378,0.0004944572906244957,2,2,50
CV2 | nets=2 | frames=100,2,128,1,0.41458399295806886,1.7941484828058165,0.00021358079646302032,2,2,100
CV2 | nets=2 | frames=100,2,128,2,0.0502827775105834,1.4139542603604496,0.00015666751866865524,2,2,100
CV2 | nets=2 | frames=100,2,128,3,0.013156757839024067,1.4601960964798928,0.00015851351124183567,2,2,100
CV2 | nets=2 | frames=100,2,128,4,0.009165550200268626,1.4911965985894202,0.00016074322859367386,2,2,100
CV2 | nets=2 | frames=100,2,128,5,0.009333374297711998,1.4534923981167376,0.00016037970613979268,2,2,100
CV2 | nets=2 | frames=100,2,128,6,0.008949242616072297,1.4736792349889873,0.00016035869112511136,2,2,100
CV2 | nets=2 | frames=100,2,128,7,0.008985804714029655,1.422426210016012,0.00015704629270067017,2,2,100
CV2 | nets=2 | frames=100,2,128,8,0.00975758247775957,1.4037895570881664,0.00015480481594067896,2,2,100
CV2 | nets=2 | frames=100,2,128,9,0.010534477804321795,1.4198463129978627,0.00015724233099376761,2,2,100
CV2 | nets=2 | frames=100,2,128,10,0.008965233797207475,1.4705224304832518,0.000160222357802013,2,2,100
CV2 | nets=2 | frames=100,2,128,11,0.00919423087616451,1.3970411446914077,0.00015478719685575016,2,2,100
CV2 | nets=2 | frames=100,2,128,12,0.009831152849365025,1.4733612740822137,0.00015998942016904038,2,2,100
CV2 | nets=2 | frames=100,2,128,13,0.009614277960499748,1.4311023433431982,0.00015538032620770537,2,2,100
CV2 | nets=2 | frames=100,2,128,14,0.009305681583937258,1.4265193898156285,0.00015631735297893102,2,2,100
CV2 | nets=2 | frames=100,2,128,15,0.009259205674752594,1.4373617289271206,0.0001583441438904174,2,2,100
CV2 | nets=2 | frames=100,2,128,16,0.00856899298960343,1.4399445163980127,0.00015817753825717772,2,2,100
CV2 | nets=2 | frames=100,2,128,17,0.009086287069367245,1.437251841591671,0.00015819014797398268,2,2,100
CV2 | nets=2 | frames=100,2,128,18,0.008849095364566892,1.4391667421609162,0.00015664920923427416,2,2,100
CV2 | nets=2 | frames=100,2,128,19,0.008615911316592246,1.4787575937993824,0.00016128797199235122,2,2,100
CV2 | nets=2 | frames=100,2,128,20,0.008658432820811867,1.429545680494979,0.0001575355476270488,2,2,100
CV2 | nets=2 | frames=100,2,128,21,0.010021986189531162,1.4060022447183729,0.00015460302882092946,2,2,100
CV2 | nets=2 | frames=100,2,128,22,0.009928913386538625,1.441432939529419,0.0001572426954862749,2,2,100
CV2 | nets=2 | frames=100,2,128,23,0.008812028737738729,1.4858576342910528,0.00016032917440134042,2,2,100
CV2 | nets=2 | frames=100,2,128,24,0.009400361787993462,1.4123052747175098,0.00015751193664482343,2,2,100
CV2 | nets=2 | frames=100,2,128,25,0.010630911686457694,1.4210511864684523,0.0001563257367283768,2,2,100
CV2 | nets=2 | frames=100,2,128,26,0.00983332158997655,1.4109313145726918,0.00015542520713552222,2,2,100
CV2 | nets=4 | frames=2,2,128,1,0.8838942646980286,1259.2661718645693,9.375407424909064,2,4,2
CV2 | nets=4 | frames=2,2,128,2,0.8161520957946777,3630.147448712349,32.31119314440805,2,4,2
CV2 | nets=4 | frames=2,2,128,3,0.7561202049255371,8833.580083934545,77.18010689727403,2,4,2
CV2 | nets=4 | frames=2,2,128,4,0.7036305665969849,16924.47111449909,144.0357595386859,2,4,2
CV2 | nets=4 | frames=2,2,128,5,0.6588267683982849,28103.357773288964,234.15843473441527,2,4,2
CV2 | nets=4 | frames=2,2,128,6,0.6219452619552612,42790.804847655774,350.7600604433566,2,4,2
CV2 | nets=4 | frames=2,2,128,7,0.5932772159576416,61274.561139641286,493.7850759819411,2,4,2
CV2 | nets=4 | frames=2,2,128,8,0.573058009147644,82608.23210058689,654.6013821009993,2,4,2
CV2 | nets=4 | frames=2,2,128,9,0.5612521171569824,106961.87663258552,834.2524523231983,2,4,2
CV2 | nets=4 | frames=2,2,128,10,0.5572344064712524,132833.95266760635,1020.8433483138979,2,4,2
CV2 | nets=4 | frames=2,2,128,11,0.5594732165336609,157935.65890955733,1198.3823453990817,2,4,2
CV2 | nets=4 | frames=2,2,128,12,0.5654670000076294,180490.31126826478,1355.573342401713,2,4,2
CV2 | nets=4 | frames=2,2,128,13,0.5722032189369202,199000.33186986542,1482.531514565468,2,4,2
CV2 | nets=4 | frames=2,2,128,14,0.577081561088562,212603.93989614106,1574.642749053657,2,4,2
CV2 | nets=4 | frames=2,2,128,15,0.5786532163619995,221133.8497756653,1632.217660586059,2,4,2
CV2 | nets=4 | frames=2,2,128,16,0.5767694115638733,225269.16186573793,1661.0384998719096,2,4,2
CV2 | nets=4 | frames=5,2,128,1,1.0956687927246094,425.97257839548587,5.588679706061492,2,4,5
CV2 | nets=4 | frames=5,2,128,2,0.8670680522918701,441.9086523597687,5.760049117482558,2,4,5
CV2 | nets=4 | frames=5,2,128,3,0.8040584524472555,452.3956805824842,5.837177218575584,2,4,5
CV2 | nets=4 | frames=5,2,128,4,0.8645216226577759,446.0743336417712,5.677366191157664,2,4,5
CV2 | nets=4 | frames=5,2,128,5,1.0843046108881633,449.6972255581692,5.659425191826304,2,4,5
CV2 | nets=4 | frames=5,2,128,6,0.8370023270448049,449.744215664953,5.623610728912871,2,4,5
CV2 | nets=4 | frames=5,2,128,7,1.0013974905014038,446.2951603228748,5.583945154150599,2,4,5
CV2 | nets=4 | frames=5,2,128,8,1.0341116587320964,448.1643643914014,5.6222852685011455,2,4,5
CV2 | nets=4 | frames=5,2,128,9,1.1423610250155132,449.3077317594141,5.651489967141999,2,4,5
CV2 | nets=4 | frames=5,2,128,10,0.9509024620056152,451.37871412442627,5.689178413373418,2,4,5
CV2 | nets=4 | frames=5,2,128,11,1.0151706735293071,450.8058423172832,5.687636247299611,2,4,5
CV2 | nets=4 | frames=5,2,128,12,0.9159144361813863,453.09773552690444,5.71759994483157,2,4,5
CV2 | nets=4 | frames=5,2,128,13,1.0711427529652913,451.92868215340377,5.700244597015902,2,4,5
CV2 | nets=4 | frames=5,2,128,14,0.9944768746693929,451.7056460662484,5.694156673534773,2,4,5
CV2 | nets=4 | frames=5,2,128,15,0.8257233103116354,446.1648602079153,5.628721588725457,2,4,5
CV2 | nets=4 | frames=5,2,128,16,0.8183803955713908,438.30966275680066,5.5287355560204015,2,4,5
CV2 | nets=4 | frames=10,2,128,1,0.8759578764438629,49.17708928819746,0.23146612244668358,2,4,10
CV2 | nets=4 | frames=10,2,128,2,0.6135935425758362,46.6545050242357,0.21792772331697416,2,4,10
CV2 | nets=4 | frames=10,2,128,3,0.4976252198219299,45.701136478438976,0.21142557679346646,2,4,10
CV2 | nets=4 | frames=10,2,128,4,0.46137734651565554,46.03426994235814,0.21033533110949792,2,4,10
CV2 | nets=4 | frames=10,2,128,5,0.4563935220241547,45.73028533728421,0.20706872980011395,2,4,10
CV2 | nets=4 | frames=10,2,128,6,0.44936606884002683,44.360176420524716,0.20130806565354578,2,4,10
CV2 | nets=4 | frames=10,2,128,7,0.43932766616344454,43.01958017656952,0.19615795128088212,2,4,10
CV2 | nets=4 | frames=10,2,128,8,0.431916743516922,41.77384167510271,0.19078947832074483,2,4,10
CV2 | nets=4 | frames=10,2,128,9,0.426846569776535,41.07645547071099,0.18752050080844493,2,4,10
CV2 | nets=4 | frames=10,2,128,10,0.42904988899827,40.17921125997603,0.18288388501293956,2,4,10
CV2 | nets=4 | frames=10,2,128,11,0.42222709357738497,39.90652524611726,0.18097539314803726,2,4,10
CV2 | nets=4 | frames=10,2,128,12,0.4188967406749725,39.82109508998692,0.18013958348406595,2,4,10
CV2 | nets=4 | frames=10,2,128,13,0.41401208341121676,39.49494253948331,0.17840875336185855,2,4,10
CV2 | nets=4 | frames=10,2,128,14,0.41502212882041933,39.25368083514273,0.17727418510022108,2,4,10
CV2 | nets=4 | frames=10,2,128,15,0.4116807371377945,38.60826965638995,0.17416407086825347,2,4,10
CV2 | nets=4 | frames=10,2,128,16,0.4156766474246979,38.24545767680556,0.17233549813460558,2,4,10
CV2 | nets=4 | frames=10,2,128,17,0.40879815220832827,37.830681941721586,0.17001271479018032,2,4,10
CV2 | nets=4 | frames=10,2,128,18,0.4079195871949196,37.38003255626559,0.16741770688432733,2,4,10
CV2 | nets=4 | frames=10,2,128,19,0.4058713883161545,36.87385356315225,0.16459331365674734,2,4,10
CV2 | nets=4 | frames=10,2,128,20,0.4096557289361954,36.481365865506234,0.1626282889254071,2,4,10
CV2 | nets=4 | frames=10,2,128,21,0.4024548649787903,36.574814673639835,0.16275332992509356,2,4,10
CV2 | nets=4 | frames=10,2,128,22,0.40519038438796995,36.765599435560404,0.16311138797899913,2,4,10
CV2 | nets=4 | frames=10,2,128,23,0.4050475418567657,36.58650851669908,0.16183574171904183,2,4,10
CV2 | nets=4 | frames=10,2,128,24,0.3983690142631531,36.37221106150001,0.1603273988823421,2,4,10
CV2 | nets=4 | frames=10,2,128,25,0.3988833397626877,35.891791685789826,0.15805232096378313,2,4,10
CV2 | nets=4 | frames=10,2,128,26,0.3969611167907715,35.57941229903325,0.1566351326949043,2,4,10
CV2 | nets=4 | frames=10,2,128,27,0.39314837753772736,35.72791435416159,0.15731870319532118,2,4,10
CV2 | nets=4 | frames=10,2,128,28,0.3930224716663361,35.45340523127653,0.15584204914444855,2,4,10
CV2 | nets=4 | frames=10,2,128,29,0.3913906663656235,35.34035966438241,0.15494331590093133,2,4,10
CV2 | nets=4 | frames=10,2,128,30,0.3966336965560913,35.59445806730539,0.15583772968754966,2,4,10
CV2 | nets=4 | frames=10,2,128,31,0.3907162606716156,35.170988486917686,0.15352005118234957,2,4,10
CV2 | nets=4 | frames=10,2,128,32,0.3957545816898346,35.240471966207025,0.1538104818169595,2,4,10
CV2 | nets=4 | frames=10,2,128,33,0.3870701134204865,35.56086093700677,0.1549379067402624,2,4,10
CV2 | nets=4 | frames=10,2,128,34,0.38225596845149995,35.37248026418313,0.15368862944531428,2,4,10
CV2 | nets=4 | frames=10,2,128,35,0.38137915432453157,35.288675197169184,0.15301048319151597,2,4,10
CV2 | nets=4 | frames=25,2,128,1,0.6023682837302868,4.472449785962701,0.015807899188854207,2,4,25
CV2 | nets=4 | frames=25,2,128,2,0.13971285837200972,5.383849929101765,0.01771366052563826,2,4,25
CV2 | nets=4 | frames=25,2,128,3,0.08416915971499223,4.567950798686594,0.015796249859198724,2,4,25
CV2 | nets=4 | frames=25,2,128,4,0.07138998999905127,4.672921490690671,0.016150729319193487,2,4,25
CV2 | nets=4 | frames=25,2,128,5,0.06782610685779498,4.62781483571697,0.015943874548433087,2,4,25
CV2 | nets=4 | frames=25,2,128,6,0.06753654921284089,4.443639988400042,0.015440047379624957,2,4,25
CV2 | nets=4 | frames=25,2,128,7,0.06164669159513254,4.47377317341324,0.015475583680849014,2,4,25
CV2 | nets=4 | frames=25,2,128,8,0.06487541244580196,4.419544351634104,0.01530359357881025,2,4,25
CV2 | nets=4 | frames=25,2,128,9,0.0645934844819399,4.378282880269922,0.015213522802407169,2,4,25
CV2 | nets=4 | frames=25,2,128,10,0.06658105924725533,4.35426278154878,0.015096650832807427,2,4,25
CV2 | nets=4 | frames=25,2,128,11,0.06281682791618201,4.33369671072159,0.015022834836847323,2,4,25
CV2 | nets=4 | frames=25,2,128,12,0.06163882492826535,4.357717123715207,0.015084241745516919,2,4,25
CV2 | nets=4 | frames=25,2,128,13,0.06918994380304447,4.313838972055353,0.01500742617760261,2,4,25
CV2 | nets=4 | frames=25,2,128,14,0.06469930536471881,4.427684162545018,0.015241346179715946,2,4,25
CV2 | nets=4 | frames=25,2,128,15,0.059706338752920814,4.335887597202324,0.014975630647222715,2,4,25
CV2 | nets=4 | frames=25,2,128,16,0.06297578655469876,4.355768522383645,0.015088515391311376,2,4,25
CV2 | nets=4 | frames=25,2,128,17,0.06012044589106853,4.348365926267579,0.014981035468859772,2,4,25
CV2 | nets=4 | frames=25,2,128,18,0.06362613319204403,4.366472593398067,0.01507992485444538,2,4,25
CV2 | nets=4 | frames=25,2,128,19,0.06325898140382308,4.3951274068038915,0.01513478021786068,2,4,25
CV2 | nets=4 | frames=25,2,128,20,0.061614812996525034,4.33736591682001,0.014970095513800515,2,4,25
CV2 | nets=4 | frames=25,2,128,21,0.06553374202205585,4.39572468579188,0.015057433776149992,2,4,25
CV2 | nets=4 | frames=25,2,128,22,0.059777223433439546,4.373544934110716,0.015107655466425058,2,4,25
CV2 | nets=4 | frames=25,2,128,23,0.06231014530819196,4.389758185826242,0.015142846812138941,2,4,25
CV2 | nets=4 | frames=25,2,128,24,0.06246760946053725,4.410582543101802,0.015180813777173967,2,4,25
CV2 | nets=4 | frames=25,2,128,25,0.05927848364584721,4.42517383320909,0.015184250450900435,2,4,25
CV2 | nets=4 | frames=25,2,128,26,0.05915869485873442,4.381704363715602,0.015076086944614644,2,4,25
CV2 | nets=4 | frames=25,2,128,27,0.06183064685991177,4.512835707787424,0.015480454387644386,2,4,25
CV2 | nets=4 | frames=25,2,128,28,0.058379203224411376,4.481525214147754,0.015323989937798614,2,4,25
CV2 | nets=4 | frames=50,2,128,1,0.6566214323043823,6.113826602257788,0.007180288864121394,2,4,50
CV2 | nets=4 | frames=50,2,128,2,0.4541356286406517,6.456813378276303,0.007501108516061322,2,4,50
CV2 | nets=4 | frames=50,2,128,3,0.4450585556030273,5.414984739091247,0.006329556397973647,2,4,50
CV2 | nets=4 | frames=50,2,128,4,0.4436370086669922,5.468821212203707,0.006348554780548511,2,4,50
CV2 | nets=4 | frames=50,2,128,5,0.44147985339164736,5.333775479241958,0.006216050348669001,2,4,50
CV2 | nets=4 | frames=50,2,128,6,0.43827144265174867,6.306522696016822,0.00731497891920867,2,4,50
CV2 | nets=4 | frames=50,2,128,7,0.43593859791755674,6.000321220231243,0.006996027372701065,2,4,50
CV2 | nets=4 | frames=50,2,128,8,0.43469824075698854,6.607471966281068,0.007653912802161585,2,4,50
CV2 | nets=4 | frames=50,2,128,9,0.43007230520248413,7.1754463517428375,0.008334122254231942,2,4,50
CV2 | nets=4 | frames=50,2,128,10,0.44402758359909056,7.035884749877965,0.008059487453892416,2,4,50
CV2 | nets=4 | frames=50,2,128,11,0.4272268325090408,6.116595659755171,0.007062999437157487,2,4,50
CV2 | nets=4 | frames=50,2,128,12,0.4249533784389496,6.888828833309002,0.007796093751079752,2,4,50
CV2 | nets=4 | frames=50,2,128,13,0.4224038767814636,6.666378473125864,0.007574402089054729,2,4,50
CV2 | nets=4 | frames=50,2,128,14,0.43626188158988954,7.36103175374493,0.00831142221646951,2,4,50
CV2 | nets=4 | frames=50,2,128,15,0.42031315237283706,6.449254503801465,0.007272631196519797,2,4,50
CV2 | nets=4 | frames=50,2,128,16,0.4169364923238754,7.06943845959939,0.007626887980806714,2,4,50
CV2 | nets=4 | frames=50,2,128,17,0.42022547364234925,8.469324471673929,0.009113769638701343,2,4,50
CV2 | nets=4 | frames=50,2,128,18,0.4075457400083542,7.1674386099986735,0.0077418369726783565,2,4,50
CV2 | nets=4 | frames=50,2,128,19,0.3979237502813339,8.316130641563795,0.009433227574543707,2,4,50
CV2 | nets=4 | frames=50,2,128,20,0.3854761689901352,8.653779208805412,0.009818437380123213,2,4,50
CV2 | nets=4 | frames=100,2,128,1,0.24332325930707158,0.7245411037567537,0.0016352181817751443,2,4,100
CV2 | nets=4 | frames=100,2,128,2,0.05201496547088027,1.0123328925198876,0.002287712027683483,2,4,100
CV2 | nets=4 | frames=100,2,128,3,0.0388066934235394,1.0902978927677032,0.002448259426103505,2,4,100
CV2 | nets=4 | frames=100,2,128,4,0.028514610677957533,1.1087576754963957,0.002486587070794485,2,4,100
CV2 | nets=4 | frames=100,2,128,5,0.023833529027178883,1.1206075300008524,0.0025120389770559087,2,4,100
CV2 | nets=4 | frames=100,2,128,6,0.02319283554330468,1.2735812239367514,0.0028493034063867525,2,4,100
CV2 | nets=4 | frames=100,2,128,7,0.021651240466162562,1.2051623384943233,0.0026921371853768504,2,4,100
CV2 | nets=4 | frames=100,2,128,8,0.019295189352706073,1.147765298367478,0.00257128556443422,2,4,100
CV2 | nets=4 | frames=100,2,128,9,0.018875249843113125,1.1683995678478387,0.002607312816186095,2,4,100
CV2 | nets=4 | frames=100,2,128,10,0.017060454431921245,1.0365465588904916,0.0023091045693250864,2,4,100
CV2 | nets=4 | frames=100,2,128,11,0.014538321439176797,1.0000697282832116,0.002218197585822054,2,4,100
CV2 | nets=4 | frames=100,2,128,12,0.01132584453560412,0.979423583837226,0.0021720289437107566,2,4,100
CV2 | nets=4 | frames=100,2,128,13,0.011270691019017249,1.0639722903412767,0.002347947834624392,2,4,100
CV2 | nets=4 | frames=100,2,128,14,0.007046546977944672,1.0206970360206324,0.0022673665179257798,2,4,100
CV2 | nets=4 | frames=100,2,128,15,0.005556600126437843,1.0249432390304283,0.0022775940622250346,2,4,100
CV2 | nets=4 | frames=100,2,128,16,0.00420648013940081,1.0223909318419173,0.0022686316095787335,2,4,100
CV2 | nets=8 | frames=2,2,128,1,0.9439411163330078,4263.571222710133,29.261680098276585,2,8,2
CV2 | nets=8 | frames=2,2,128,2,0.8391571044921875,11024.026307638169,75.84550933508389,2,8,2
CV2 | nets=8 | frames=2,2,128,3,0.7898243069648743,22656.392456954956,157.6227906000316,2,8,2
CV2 | nets=8 | frames=2,2,128,4,0.7457524836063385,36758.96691213989,258.1086801046431,2,8,2
CV2 | nets=8 | frames=2,2,128,5,0.7256128787994385,56606.894806461336,399.3723323105872,2,8,2
CV2 | nets=8 | frames=2,2,128,6,0.7073390185832977,74051.49357025146,523.5932760552167,2,8,2
CV2 | nets=8 | frames=2,2,128,7,0.7130252718925476,95916.73166627502,678.8412339580655,2,8,2
CV2 | nets=8 | frames=2,2,128,8,0.703983873128891,114756.70018713379,812.4860164801478,2,8,2
CV2 | nets=8 | frames=2,2,128,9,0.6942591369152069,131131.18190338134,928.5675578061342,2,8,2
CV2 | nets=8 | frames=2,2,128,10,0.6843137145042419,151131.70240058898,1070.4735345227718,2,8,2
CV2 | nets=8 | frames=2,2,128,11,0.6745830774307251,170664.79380897523,1209.9171434146165,2,8,2
CV2 | nets=8 | frames=2,2,128,12,0.6565787494182587,189623.88111817933,1345.3880185847283,2,8,2
CV2 | nets=8 | frames=2,2,128,13,0.6447954773902893,211780.9464385376,1503.3844159603118,2,8,2
CV2 | nets=8 | frames=2,2,128,14,0.6336332559585571,231355.07966818238,1643.4021195626258,2,8,2
CV2 | nets=8 | frames=2,2,128,15,0.6187509149312973,255269.6904204712,1813.5288431341648,2,8,2
CV2 | nets=8 | frames=2,2,128,16,0.6126009821891785,276962.6467082214,1968.5610770361423,2,8,2
CV2 | nets=8 | frames=5,2,128,1,0.8697222232818603,165.64640666648,0.44363989816961114,2,8,5
CV2 | nets=8 | frames=5,2,128,2,0.7283330202102661,374.92591084373,0.9918356648418121,2,8,5
CV2 | nets=8 | frames=5,2,128,3,0.6970788359642028,1248.6817492767573,3.31960171581991,2,8,5
CV2 | nets=8 | frames=5,2,128,4,0.6929872274398804,1905.717903074503,5.0768293496146795,2,8,5
CV2 | nets=8 | frames=5,2,128,5,0.6827263474464417,1818.2123837542533,4.84192783904355,2,8,5
CV2 | nets=8 | frames=5,2,128,6,0.677015221118927,1901.4780172524452,5.06797584334435,2,8,5
CV2 | nets=8 | frames=5,2,128,7,0.6719550371170044,2276.348798395872,6.070082043241709,2,8,5
CV2 | nets=8 | frames=5,2,128,8,0.6731608867645263,2715.792853122711,7.236751421811991,2,8,5
CV2 | nets=8 | frames=5,2,128,9,0.6712459325790405,3686.7692985730173,9.83073648031801,2,8,5
CV2 | nets=8 | frames=5,2,128,10,0.6687006711959839,3802.154152953863,10.137439663621597,2,8,5
CV2 | nets=8 | frames=5,2,128,11,0.6696393966674805,4472.606845733642,11.925097279534675,2,8,5
CV2 | nets=8 | frames=5,2,128,12,0.6685969769954682,3988.3471249945164,10.640404988642782,2,8,5
CV2 | nets=8 | frames=5,2,128,13,0.6654147148132324,5070.3044584674835,13.523936398006045,2,8,5
CV2 | nets=8 | frames=5,2,128,14,0.660703432559967,5441.1689141364095,14.51244880156964,2,8,5
CV2 | nets=8 | frames=5,2,128,15,0.6648936033248901,6194.559691044331,16.518153138209133,2,8,5
CV2 | nets=8 | frames=5,2,128,16,0.66814683675766,6269.2679354557995,16.720212290764785,2,8,5
CV2 | nets=8 | frames=10,2,128,1,0.6643465965986252,162.7165064295139,1.7717007835143013,2,8,10
CV2 | nets=8 | frames=10,2,128,2,0.2552330955862999,220.84110014459492,2.4026732394925783,2,8,10
CV2 | nets=8 | frames=10,2,128,3,0.19409506618976594,222.2042071506679,2.4062082795666067,2,8,10
CV2 | nets=8 | frames=10,2,128,4,0.1608647957444191,212.7448296209015,2.2894778046379214,2,8,10
CV2 | nets=8 | frames=10,2,128,5,0.1519645493477583,197.44123334715516,2.1438699442562648,2,8,10
CV2 | nets=8 | frames=10,2,128,6,0.1474407657980919,197.35334392757713,2.144282743069227,2,8,10
CV2 | nets=8 | frames=10,2,128,7,0.1386412415653467,198.59571975521743,2.1533067202795064,2,8,10
CV2 | nets=8 | frames=10,2,128,8,0.13780247420072556,199.62924554549903,2.166232087321463,2,8,10
CV2 | nets=8 | frames=10,2,128,9,0.1377575047314167,199.31983268390596,2.1652632164901586,2,8,10
CV2 | nets=8 | frames=10,2,128,10,0.13444045558571815,189.8763266735673,2.0585053304516476,2,8,10
CV2 | nets=8 | frames=10,2,128,11,0.13092873245477676,180.41752224186064,1.9559712861850858,2,8,10
CV2 | nets=8 | frames=10,2,128,12,0.13319493755698203,180.01711801925302,1.949594608572661,2,8,10
CV2 | nets=8 | frames=10,2,128,13,0.12797357365489007,178.10646524569393,1.9282453767504777,2,8,10
CV2 | nets=8 | frames=10,2,128,14,0.12699946165084838,173.2978453924209,1.875094726212672,2,8,10
CV2 | nets=8 | frames=10,2,128,15,0.13377660289406776,172.64574546124786,1.8709511135629144,2,8,10
CV2 | nets=8 | frames=10,2,128,16,0.12886722832918168,170.71518109206855,1.8466781404779757,2,8,10
CV2 | nets=8 | frames=25,2,128,1,0.4659166297316551,42.369145898900925,0.06372848394079847,2,8,25
CV2 | nets=8 | frames=25,2,128,2,0.1598781406879425,38.45285493507236,0.05827651060308563,2,8,25
CV2 | nets=8 | frames=25,2,128,3,0.1279593214392662,39.116405430153016,0.05947627799710608,2,8,25
CV2 | nets=8 | frames=25,2,128,4,0.1287844441831112,37.22125554063916,0.05665585703184479,2,8,25
CV2 | nets=8 | frames=25,2,128,5,0.11758530512452126,36.05900452128053,0.05544496172228537,2,8,25
CV2 | nets=8 | frames=25,2,128,6,0.11840101599693298,36.0092556206584,0.05471477078436874,2,8,25
CV2 | nets=8 | frames=25,2,128,7,0.11823761388659478,35.06386517611146,0.05363423086526018,2,8,25
CV2 | nets=8 | frames=25,2,128,8,0.1137530529499054,33.95812198464572,0.052107893840497126,2,8,25
CV2 | nets=8 | frames=25,2,128,9,0.1157148864865303,34.997066138893366,0.05369324920498184,2,8,25
CV2 | nets=8 | frames=25,2,128,10,0.10994374513626098,34.94393804290518,0.05412984343256903,2,8,25
CV2 | nets=8 | frames=25,2,128,11,0.11604440465569496,33.30285926181078,0.051305638421981714,2,8,25
CV2 | nets=8 | frames=25,2,128,12,0.11232996284961701,33.92553919816762,0.05235770021681674,2,8,25
CV2 | nets=8 | frames=25,2,128,13,0.11026907294988632,34.28072876729071,0.0532176345135631,2,8,25
CV2 | nets=8 | frames=25,2,128,14,0.10756161540746689,34.16402054238052,0.053259310318104096,2,8,25
CV2 | nets=8 | frames=25,2,128,15,0.10936817690730095,33.40433713219594,0.051870231906475966,2,8,25
CV2 | nets=8 | frames=25,2,128,16,0.10557490304112434,35.046189000613055,0.05466782091465848,2,8,25
CV2 | nets=8 | frames=25,2,128,17,0.10857754334807396,35.109988243937494,0.05474788925742177,2,8,25
CV2 | nets=8 | frames=25,2,128,18,0.1060581136494875,34.01711864431389,0.05290398649774215,2,8,25
CV2 | nets=8 | frames=25,2,128,19,0.10659156650304795,33.43427376335859,0.05218281038946225,2,8,25
CV2 | nets=8 | frames=25,2,128,20,0.10176818400621414,34.371348762745036,0.05376513545706439,2,8,25
CV2 | nets=8 | frames=25,2,128,21,0.10233663581311703,33.98663657585904,0.053374047739191154,2,8,25
CV2 | nets=8 | frames=25,2,128,22,0.1054344391822815,33.501715331427754,0.05240405520462809,2,8,25
CV2 | nets=8 | frames=25,2,128,23,0.10749793604016304,33.53460368861631,0.05266357267259446,2,8,25
CV2 | nets=8 | frames=25,2,128,24,0.11103131234645844,33.79773530611955,0.05302140978494026,2,8,25
CV2 | nets=8 | frames=25,2,128,25,0.10409823261201381,34.487121012929826,0.0543789627403512,2,8,25
CV2 | nets=8 | frames=25,2,128,26,0.10374759763479233,33.647127025209365,0.053138491376208546,2,8,25
CV2 | nets=8 | frames=50,2,128,1,0.29786378122866153,2.278935831591487,0.0007268277895491337,2,8,50
CV2 | nets=8 | frames=50,2,128,2,0.15851471334695816,2.1856944084987044,0.0006873697126939078,2,8,50
CV2 | nets=8 | frames=50,2,128,3,0.15136087015271188,2.487731373364106,0.0008086168338876405,2,8,50
CV2 | nets=8 | frames=50,2,128,4,0.14242515668272973,2.3408341218829154,0.0007478126537062053,2,8,50
CV2 | nets=8 | frames=50,2,128,5,0.13892273485660553,2.1260486042872073,0.0006643451937452482,2,8,50
CV2 | nets=8 | frames=50,2,128,6,0.13643610574305057,2.2235270753093066,0.0007071375889272531,2,8,50
CV2 | nets=8 | frames=50,2,128,7,0.12560465231537818,2.241334968579933,0.0007137831898930926,2,8,50
CV2 | nets=8 | frames=50,2,128,8,0.12075379498302936,2.27155379111832,0.0007121704201153989,2,8,50
CV2 | nets=8 | frames=50,2,128,9,0.11864281103014945,2.320951212884858,0.0007366210313782631,2,8,50
CV2 | nets=8 | frames=50,2,128,10,0.11343579977750778,2.4303304595360533,0.0007797015012870929,2,8,50
CV2 | nets=8 | frames=50,2,128,11,0.1140392540767789,2.4358237293614073,0.0007770203751942972,2,8,50
CV2 | nets=8 | frames=50,2,128,12,0.11252146132290364,2.718485178358853,0.0008782387840049068,2,8,50
CV2 | nets=8 | frames=50,2,128,13,0.1115548375993967,2.482502108208835,0.000799055814732128,2,8,50
CV2 | nets=8 | frames=50,2,128,14,0.11467732317745685,2.773370659984648,0.0008950991876722583,2,8,50
CV2 | nets=8 | frames=50,2,128,15,0.10918768778443337,2.921764940158464,0.0009501288843200655,2,8,50
CV2 | nets=8 | frames=50,2,128,16,0.11246973142027855,2.4845287697631866,0.000797988154752602,2,8,50
CV2 | nets=8 | frames=50,2,128,17,0.1077845811098814,2.5313530849083326,0.0008121936769393301,2,8,50
CV2 | nets=8 | frames=50,2,128,18,0.10547910869121552,2.9811452027782797,0.0009717571234486968,2,8,50
CV2 | nets=8 | frames=50,2,128,19,0.10690154083073139,2.7596712862849238,0.0008831215608070124,2,8,50
CV2 | nets=8 | frames=50,2,128,20,0.10372179821133613,2.9218994459845127,0.0009550112630417971,2,8,50
CV2 | nets=8 | frames=100,2,128,1,0.3564730414748192,1.2391805656701327,6.320296312924256e-05,2,8,100
CV2 | nets=8 | frames=100,2,128,2,0.272007062099874,1.5416639555618168,6.893304840684777e-05,2,8,100
CV2 | nets=8 | frames=100,2,128,3,0.25614611312747004,1.8070528705287725,7.781580543917244e-05,2,8,100
CV2 | nets=8 | frames=100,2,128,4,0.24406593780964614,1.8435741011626088,7.539154040716766e-05,2,8,100
CV2 | nets=8 | frames=100,2,128,5,0.24348385520279409,2.169012679915875,8.27930036082023e-05,2,8,100
CV2 | nets=8 | frames=100,2,128,6,0.2420184719003737,2.223664216102101,7.61716285261116e-05,2,8,100
CV2 | nets=8 | frames=100,2,128,7,0.2401252356544137,2.043071796084754,7.680169189333696e-05,2,8,100
CV2 | nets=8 | frames=100,2,128,8,0.2400846403837204,2.0506162143293767,7.539161924148629e-05,2,8,100
CV2 | nets=8 | frames=100,2,128,9,0.23426168978214265,2.434109593924135,8.479233653974916e-05,2,8,100
CV2 | nets=8 | frames=100,2,128,10,0.23530452579259872,2.255368621341884,7.432636576140794e-05,2,8,100
CV2 | nets=8 | frames=100,2,128,11,0.23547617387026548,2.810248915016651,8.697859439689637e-05,2,8,100
CV2 | nets=8 | frames=100,2,128,12,0.2325882502272725,2.9148574187085035,8.656918459109874e-05,2,8,100
CV2 | nets=8 | frames=100,2,128,13,0.23025453370064497,2.9700176782906054,8.63453896899955e-05,2,8,100
CV2 | nets=8 | frames=100,2,128,14,0.22981917690485715,3.1984638973921538,8.58918031324265e-05,2,8,100
CV2 | nets=8 | frames=100,2,128,15,0.22559623766690493,3.2126374242901803,8.659006267043878e-05,2,8,100
CV2 | nets=8 | frames=100,2,128,16,0.2295237222313881,3.253985510826111,8.513637104078953e-05,2,8,100
CV3 | nets=1 | frames=2,3,128,1,0.5270770788192749,2650.2361302263735,5.253419199230848,3,1,2
CV3 | nets=1 | frames=2,3,128,2,0.4669981598854065,1626.2784591628313,3.066630881818244,3,1,2
CV3 | nets=1 | frames=2,3,128,3,0.41105470061302185,878.6070385113954,1.5667024965288583,3,1,2
CV3 | nets=1 | frames=2,3,128,4,0.3586885929107666,467.0838175059557,0.8677429533379618,3,1,2
CV3 | nets=1 | frames=2,3,128,5,0.30945345759391785,357.62522615098953,0.8897488856324925,3,1,2
CV3 | nets=1 | frames=2,3,128,6,0.26305335760116577,523.8902041556835,1.5724304635371082,3,1,2
CV3 | nets=1 | frames=2,3,128,7,0.21936556696891785,1002.4942506222725,3.0098192591257393,3,1,2
CV3 | nets=1 | frames=2,3,128,8,0.17845819890499115,1736.114124879837,5.0253454888938,3,1,2
CV3 | nets=1 | frames=2,3,128,9,0.1405707448720932,2747.417047449112,7.724180504542775,3,1,2
CV3 | nets=1 | frames=2,3,128,10,0.10610716044902802,4071.216306180477,11.161948471754789,3,1,2
CV3 | nets=1 | frames=2,3,128,11,0.07561793178319931,5716.673095022678,15.340298381781206,3,1,2
CV3 | nets=1 | frames=2,3,128,12,0.04975121468305588,7702.299687007904,20.289813401661814,3,1,2
CV3 | nets=1 | frames=2,3,128,13,0.029179787263274193,9994.89915555954,25.879146920677275,3,1,2
CV3 | nets=1 | frames=2,3,128,14,0.014487947337329388,12577.298536706925,32.08431857998669,3,1,2
CV3 | nets=1 | frames=2,3,128,15,0.005988843739032745,15228.779133710861,38.35447922594845,3,1,2
CV3 | nets=1 | frames=2,3,128,16,0.003497723024338484,17807.79674248123,44.33178666429222,3,1,2
CV3 | nets=1 | frames=2,3,128,17,0.006107322406023741,20189.758869140624,49.660992880620064,3,1,2
CV3 | nets=1 | frames=2,3,128,18,0.012132667005062103,22226.883741123198,53.97965388894826,3,1,2
CV3 | nets=1 | frames=2,3,128,19,0.01938546821475029,23753.171493091584,56.95430298940092,3,1,2
CV3 | nets=1 | frames=2,3,128,20,0.025739192962646484,24672.566667583465,58.42657239614427,3,1,2
CV3 | nets=1 | frames=5,3,128,1,0.8521214127540588,4262.68535916099,8.505872871074477,3,1,5
CV3 | nets=1 | frames=5,3,128,2,0.7544994950294495,3399.0845397565363,6.8648658255123305,3,1,5
CV3 | nets=1 | frames=5,3,128,3,0.6643016338348389,2704.022269112408,5.520852489434881,3,1,5
CV3 | nets=1 | frames=5,3,128,4,0.5806443691253662,2143.6075297876596,4.39787294024427,3,1,5
CV3 | nets=1 | frames=5,3,128,5,0.5030643939971924,1676.9551072555184,3.423394748159801,3,1,5
CV3 | nets=1 | frames=5,3,128,6,0.4313812851905823,1325.7746976704598,2.667286976704607,3,1,5
CV3 | nets=1 | frames=5,3,128,7,0.36571523547172546,1093.6441239283085,2.1375193564519286,3,1,5
CV3 | nets=1 | frames=5,3,128,8,0.3064888119697571,1001.4841038499475,1.8684680611630902,3,1,5
CV3 | nets=1 | frames=5,3,128,9,0.254406601190567,1050.1214448201656,1.852522332829656,3,1,5
CV3 | nets=1 | frames=5,3,128,10,0.21058230102062225,1229.0995366706252,2.084259789515287,3,1,5
CV3 | nets=1 | frames=5,3,128,11,0.17624683678150177,1533.7655984351038,2.539215297637973,3,1,5
CV3 | nets=1 | frames=5,3,128,12,0.15233448147773743,1916.0223781831264,3.1200726552263367,3,1,5
CV3 | nets=1 | frames=5,3,128,13,0.13897553086280823,2300.656853173375,3.7046753746985925,3,1,5
CV3 | nets=1 | frames=5,3,128,14,0.13494212925434113,2595.493617218673,4.143945746559883,3,1,5
CV3 | nets=1 | frames=5,3,128,15,0.13749629259109497,2733.816146061182,4.332870634068735,3,1,5
CV3 | nets=1 | frames=5,3,128,16,0.14297987520694733,2699.0777531635763,4.250300371287274,3,1,5
CV3 | nets=1 | frames=5,3,128,17,0.14782480895519257,2519.0402604250908,3.9465912425809075,3,1,5
CV3 | nets=1 | frames=5,3,128,18,0.14938895404338837,2245.3109660132527,3.5091033753838854,3,1,5
CV3 | nets=1 | frames=5,3,128,19,0.14638933539390564,1932.5190394574404,3.0313344669088256,3,1,5
CV3 | nets=1 | frames=5,3,128,20,0.13892021775245667,1630.5835004187823,2.5899343630196525,3,1,5
CV3 | nets=1 | frames=5,3,128,21,0.12811775505542755,1375.6063119594455,2.236407892282703,3,1,5
CV3 | nets=1 | frames=5,3,128,22,0.11564091593027115,1190.1281144161223,2.002694926321623,3,1,5
CV3 | nets=1 | frames=5,3,128,23,0.10317976772785187,1068.97855768466,1.8812712510742131,3,1,5
CV3 | nets=1 | frames=10,3,128,1,0.8626480996608734,1881.3676160928012,0.5524888306994544,3,1,10
CV3 | nets=1 | frames=10,3,128,2,0.48970331624150276,1399.3785293122082,0.4034795652270313,3,1,10
CV3 | nets=1 | frames=10,3,128,3,0.4147864580154419,1023.998847330451,0.29534523286740294,3,1,10
CV3 | nets=1 | frames=10,3,128,4,0.32061993330717087,710.6325582027436,0.20468240869196597,3,1,10
CV3 | nets=1 | frames=10,3,128,5,0.7764567565172911,461.58113762047884,0.1316431081253031,3,1,10
CV3 | nets=1 | frames=10,3,128,6,0.6303732171654701,298.60396794205906,0.08410055510897291,3,1,10
CV3 | nets=1 | frames=10,3,128,7,0.5151127325370908,225.66866388574243,0.06179423724923981,3,1,10
CV3 | nets=1 | frames=10,3,128,8,0.41663150303065777,216.1300866380334,0.05701783833320951,3,1,10
CV3 | nets=1 | frames=10,3,128,9,0.1498289294540882,221.89059959983825,0.05722994624004787,3,1,10
CV3 | nets=1 | frames=10,3,128,10,0.11531800590455532,223.8310514243245,0.059021443260760864,3,1,10
CV3 | nets=1 | frames=10,3,128,11,0.30321085825562477,232.90664838030935,0.06537049060031132,3,1,10
CV3 | nets=1 | frames=10,3,128,12,0.1076681800186634,258.7817412198484,0.07714093875860271,3,1,10
CV3 | nets=1 | frames=10,3,128,13,0.18395523354411125,304.6184825236201,0.09354207701220002,3,1,10
CV3 | nets=1 | frames=10,3,128,14,0.09544600732624531,362.3688192300796,0.1100693351414593,3,1,10
CV3 | nets=1 | frames=10,3,128,15,0.07872669864445925,422.42418922656776,0.12231714235634718,3,1,10
CV3 | nets=1 | frames=10,3,128,16,0.08723604306578636,475.33081450295447,0.12742554004718112,3,1,10
CV3 | nets=1 | frames=10,3,128,17,0.1146853044629097,523.0816523216366,0.1323023320872744,3,1,10
CV3 | nets=1 | frames=10,3,128,18,0.07829716335982084,549.170489076078,0.1352663273511789,3,1,10
CV3 | nets=1 | frames=10,3,128,19,0.1401316039264202,547.4107843101025,0.135078571520462,3,1,10
CV3 | nets=1 | frames=10,3,128,20,0.14869677275419235,541.5086308975518,0.13545588553974086,3,1,10
CV3 | nets=1 | frames=10,3,128,21,0.19324493035674095,535.0874189466834,0.13649818526478338,3,1,10
CV3 | nets=1 | frames=10,3,128,22,0.20581192336976528,523.9925280384422,0.13599117170048702,3,1,10
CV3 | nets=1 | frames=10,3,128,23,0.06651574466377497,499.7035203714371,0.13115198975839304,3,1,10
CV3 | nets=1 | frames=25,3,128,1,0.9296129420399666,84.76707550599053,0.0010227656799490319,3,1,25
CV3 | nets=1 | frames=25,3,128,2,0.43413503281772137,66.70511011706293,0.0008072252984335932,3,1,25
CV3 | nets=1 | frames=25,3,128,3,0.23259417479857802,52.84061821343005,0.0006446223789491796,3,1,25
CV3 | nets=1 | frames=25,3,128,4,0.15217530308291316,45.37489594948292,0.0005582096996377004,3,1,25
CV3 | nets=1 | frames=25,3,128,5,0.15809934865683317,44.47264953795075,0.0005538040806427489,3,1,25
CV3 | nets=1 | frames=25,3,128,6,0.1514595947228372,46.98465560227633,0.0005907208641956458,3,1,25
CV3 | nets=1 | frames=25,3,128,7,0.1455494799592998,50.248413307070734,0.0006321193084272637,3,1,25
CV3 | nets=1 | frames=25,3,128,8,0.8955687517300248,52.36951660280675,0.0006517867404604658,3,1,25
CV3 | nets=1 | frames=25,3,128,9,0.13505042155156843,52.53142655196786,0.0006470633554880578,3,1,25
CV3 | nets=1 | frames=25,3,128,10,0.138527718372643,51.22631504009291,0.0006289620224609962,3,1,25
CV3 | nets=1 | frames=25,3,128,11,0.13263683387776837,48.423127297461036,0.0005969416295984047,3,1,25
CV3 | nets=1 | frames=25,3,128,12,0.13435283151920885,47.14419128334522,0.0005826555288385862,3,1,25
CV3 | nets=1 | frames=25,3,128,13,0.1332456538802944,47.90244392490387,0.0005898810797552869,3,1,25
CV3 | nets=1 | frames=25,3,128,14,0.13027634780155495,49.1916362420246,0.0006019570055675558,3,1,25
CV3 | nets=1 | frames=25,3,128,15,0.13939604768529534,50.12487829723023,0.0006113001379270883,3,1,25
CV3 | nets=1 | frames=25,3,128,16,0.12696676113955618,50.32408427385613,0.0006144006545779348,3,1,25
CV3 | nets=1 | frames=25,3,128,17,0.13533456216100603,49.82377942330763,0.000608830422048527,3,1,25
CV3 | nets=1 | frames=25,3,128,18,0.13411821145564318,48.61493319398165,0.0005930936910153264,3,1,25
CV3 | nets=1 | frames=25,3,128,19,0.13129320424923208,46.9997251521647,0.0005720852080767145,3,1,25
CV3 | nets=1 | frames=25,3,128,20,0.1291300441371277,46.02867301678658,0.0005594571745969006,3,1,25
CV3 | nets=1 | frames=50,3,128,1,0.7108372492449624,17.131530691415072,0.0017638560299292295,3,1,50
CV3 | nets=1 | frames=50,3,128,2,0.22415378423673765,10.480687245186418,0.0010766618424174793,3,1,50
CV3 | nets=1 | frames=50,3,128,3,0.02810200077614614,8.551296809017659,0.0009065694063041292,3,1,50
CV3 | nets=1 | frames=50,3,128,4,0.05322821917278426,9.946273266276345,0.0010696063535026498,3,1,50
CV3 | nets=1 | frames=50,3,128,5,0.012295420281589031,11.226585156330838,0.001188737597531258,3,1,50
CV3 | nets=1 | frames=50,3,128,6,0.018259061334122504,10.819263083748053,0.0011327043453263172,3,1,50
CV3 | nets=1 | frames=50,3,128,7,0.014042300837380546,10.092274614722468,0.0010686446530028633,3,1,50
CV3 | nets=1 | frames=50,3,128,8,0.009722805914602109,10.732477675571571,0.0011446486666166606,3,1,50
CV3 | nets=1 | frames=50,3,128,9,0.029056609866009758,10.804960603357758,0.0011397087528424662,3,1,50
CV3 | nets=1 | frames=50,3,128,10,0.008570331024072533,10.593636992309591,0.001113435655765329,3,1,50
CV3 | nets=1 | frames=50,3,128,11,0.00851882048508352,10.596396762550343,0.0011224241939289642,3,1,50
CV3 | nets=1 | frames=50,3,128,12,0.008073382719885558,10.554673399468884,0.0011165031322307754,3,1,50
CV3 | nets=1 | frames=50,3,128,13,0.008888488807964936,10.474645081898663,0.0011035973533127504,3,1,50
CV3 | nets=1 | frames=50,3,128,14,0.00813805345127808,10.414562009355752,0.0011002954055023793,3,1,50
CV3 | nets=1 | frames=50,3,128,15,0.008114784590101667,10.43949962433637,0.0011067835834862195,3,1,50
CV3 | nets=1 | frames=50,3,128,16,0.007967642432569326,10.45082638719352,0.001106130744503929,3,1,50
CV3 | nets=1 | frames=50,3,128,17,0.008342443979927339,10.420292416530195,0.0011012126530948194,3,1,50
CV3 | nets=1 | frames=50,3,128,18,0.007862188249418978,10.417361775259954,0.001103242613421827,3,1,50
CV3 | nets=1 | frames=100,3,128,1,0.6231691894622949,2.9891181611539794,0.00045858022629326455,3,1,100
CV3 | nets=1 | frames=100,3,128,2,0.03909336642111437,2.507040410298854,0.0003853842944230337,3,1,100
CV3 | nets=1 | frames=100,3,128,3,0.01085660493789384,2.709153385142039,0.0004157313459165977,3,1,100
CV3 | nets=1 | frames=100,3,128,4,0.005438861598332341,2.6219300024234107,0.000402988242853624,3,1,100
CV3 | nets=1 | frames=100,3,128,5,0.0041727965379742766,2.6454051833832635,0.000405990211851325,3,1,100
CV3 | nets=1 | frames=100,3,128,6,0.002768034307966725,2.6418010809617116,0.00040579270553800484,3,1,100
CV3 | nets=1 | frames=100,3,128,7,0.002511044467190424,2.6359811014308945,0.00040475066833278815,3,1,100
CV3 | nets=1 | frames=100,3,128,8,0.0022658693980282317,2.6379483754818502,0.00040504540239787444,3,1,100
CV3 | nets=1 | frames=100,3,128,9,0.002550362592536168,2.639582976781181,0.0004053579825646736,3,1,100
CV3 | nets=1 | frames=100,3,128,10,0.002362178588205447,2.63652825989938,0.00040485948723326007,3,1,100
CV3 | nets=1 | frames=100,3,128,11,0.002534093481909412,2.656234728116542,0.00040788689523415655,3,1,100
CV3 | nets=1 | frames=100,3,128,12,0.002807784556912688,2.640610355899902,0.00040554836650240843,3,1,100
CV3 | nets=1 | frames=100,3,128,13,0.0029869443902638382,2.6347816581247314,0.00040458642656238905,3,1,100
CV3 | nets=1 | frames=100,3,128,14,0.0044699021186366174,2.6493240799610795,0.0004067353132263278,3,1,100
CV3 | nets=1 | frames=100,3,128,15,0.004844377906500505,2.6446201106706866,0.0004061380421715128,3,1,100
CV3 | nets=1 | frames=100,3,128,16,0.004486001739188885,2.66822558664612,0.00040972743439139945,3,1,100
CV3 | nets=1 | frames=100,3,128,17,0.004541995420228117,2.6751813303061938,0.00041091802520563903,3,1,100
CV3 | nets=2 | frames=2,3,128,1,0.7686456441879272,1202.517923131168,0.5415270148152777,3,2,2
CV3 | nets=2 | frames=2,3,128,2,0.720693051815033,755.5297408333421,0.3481763762157207,3,2,2
CV3 | nets=2 | frames=2,3,128,3,0.6752883791923523,414.82806124550103,0.19480011957093665,3,2,2
CV3 | nets=2 | frames=2,3,128,4,0.6318624019622803,202.66717964476348,0.09313833258526574,3,2,2
CV3 | nets=2 | frames=2,3,128,5,0.5899690389633179,145.09133360278605,0.05476816327503184,3,2,2
CV3 | nets=2 | frames=2,3,128,6,0.5492868423461914,254.79474555897713,0.0847389335771295,3,2,2
CV3 | nets=2 | frames=2,3,128,7,0.5096043348312378,548.1120076646805,0.1875077540074708,3,2,2
CV3 | nets=2 | frames=2,3,128,8,0.4708118438720703,1037.4756464695931,0.3665396121317754,3,2,2
CV3 | nets=2 | frames=2,3,128,9,0.43292713165283203,1730.9367320876122,0.6228407071869587,3,2,2
CV3 | nets=2 | frames=2,3,128,10,0.39604949951171875,2642.664004262447,0.9622051240820437,3,2,2
CV3 | nets=2 | frames=2,3,128,11,0.3603561818599701,3803.0677092671394,1.399403466745629,3,2,2
CV3 | nets=2 | frames=2,3,128,12,0.32605645060539246,5215.338909337043,1.934716890460113,3,2,2
CV3 | nets=2 | frames=2,3,128,13,0.29339075088500977,6878.739554271698,2.564338857996743,3,2,2
CV3 | nets=2 | frames=2,3,128,14,0.2625613212585449,8795.047723127365,3.286710908754263,3,2,2
CV3 | nets=2 | frames=2,3,128,15,0.23373429477214813,10898.496147510528,4.075284926247783,3,2,2
CV3 | nets=2 | frames=2,3,128,16,0.20700427889823914,13115.709480796813,4.901593035448342,3,2,2
CV3 | nets=2 | frames=2,3,128,17,0.18236926198005676,15363.933267856597,5.73363883591257,3,2,2
CV3 | nets=2 | frames=2,3,128,18,0.15973347425460815,17546.45835603714,6.53404262666963,3,2,2
CV3 | nets=2 | frames=2,3,128,19,0.1389186680316925,19561.548012161256,7.264195053599775,3,2,2
CV3 | nets=2 | frames=2,3,128,20,0.11970691382884979,21308.713283317567,7.886493099041283,3,2,2
CV3 | nets=2 | frames=5,3,128,1,0.8649213016033173,2296.5162654799224,1.044843621746273,3,2,5
CV3 | nets=2 | frames=5,3,128,2,0.8451634347438812,2015.9702292725146,0.9378752956789395,3,2,5
CV3 | nets=2 | frames=5,3,128,3,0.9592012166976929,1697.0959087824822,0.8003923174697557,3,2,5
CV3 | nets=2 | frames=5,3,128,4,0.9317430257797241,1267.8304859696627,0.6018285811426686,3,2,5
CV3 | nets=2 | frames=5,3,128,5,0.6662710309028625,899.9613180336654,0.42769104576412065,3,2,5
CV3 | nets=2 | frames=5,3,128,6,0.7056306153535843,663.5606487443894,0.3155925533124973,3,2,5
CV3 | nets=2 | frames=5,3,128,7,0.8973632752895355,549.571214381367,0.262070559906424,3,2,5
CV3 | nets=2 | frames=5,3,128,8,0.8357204496860504,466.57164097842576,0.22485188038049092,3,2,5
CV3 | nets=2 | frames=5,3,128,9,0.891048938035965,414.5335473849177,0.20453864959682688,3,2,5
CV3 | nets=2 | frames=5,3,128,10,0.863193154335022,414.3915775542855,0.21138019364519278,3,2,5
CV3 | nets=2 | frames=5,3,128,11,0.7361060678958893,457.0814322671294,0.23804710475943283,3,2,5
CV3 | nets=2 | frames=5,3,128,12,0.74932461977005,479.53571720176933,0.25099500061009894,3,2,5
CV3 | nets=2 | frames=5,3,128,13,0.8094878792762756,507.18558410239217,0.2662665804561693,3,2,5
CV3 | nets=2 | frames=5,3,128,14,0.8652647733688354,510.93948408842084,0.268001451173739,3,2,5
CV3 | nets=2 | frames=5,3,128,15,0.7606306076049805,511.14988322770597,0.2676518639889255,3,2,5
CV3 | nets=2 | frames=5,3,128,16,0.7831721007823944,494.3648062896132,0.2581692271520442,3,2,5
CV3 | nets=2 | frames=5,3,128,17,1.0768824219703674,505.14777381920817,0.26349003530768095,3,2,5
CV3 | nets=2 | frames=5,3,128,18,0.7426601052284241,465.7346436787844,0.24211967498977902,3,2,5
CV3 | nets=2 | frames=5,3,128,19,0.8761219382286072,413.80689706295726,0.2138812927925028,3,2,5
CV3 | nets=2 | frames=5,3,128,20,0.9255425930023193,378.99758894890545,0.194171112043201,3,2,5
CV3 | nets=2 | frames=5,3,128,21,0.7247147560119629,377.03378634727,0.1908211073798302,3,2,5
CV3 | nets=2 | frames=5,3,128,22,0.8899631798267365,412.0326374800503,0.20602777174660877,3,2,5
CV3 | nets=2 | frames=5,3,128,23,0.8162344694137573,476.50794447910783,0.23635141715998179,3,2,5
CV3 | nets=2 | frames=5,3,128,24,0.8687248826026917,540.1528921937943,0.2665050205140724,3,2,5
CV3 | nets=2 | frames=5,3,128,25,0.5930069088935852,621.7998771715611,0.30533713650868594,3,2,5
CV3 | nets=2 | frames=5,3,128,26,0.8779897093772888,690.4552666409463,0.33763493638188447,3,2,5
CV3 | nets=2 | frames=5,3,128,27,0.9046225547790527,764.6086441601217,0.37264350015562375,3,2,5
CV3 | nets=2 | frames=5,3,128,28,0.8227964639663696,882.5535398309343,0.4291640173718915,3,2,5
CV3 | nets=2 | frames=5,3,128,29,1.0397274792194366,1041.7983147477917,0.5058685730143152,3,2,5
CV3 | nets=2 | frames=5,3,128,30,0.592514157295227,1086.7598475662135,0.5274227686801823,3,2,5
CV3 | nets=2 | frames=5,3,128,31,0.5788023173809052,1077.0551904057525,0.522743391107817,3,2,5
CV3 | nets=2 | frames=5,3,128,32,0.7832234799861908,1039.472005124487,0.504599959430523,3,2,5
CV3 | nets=2 | frames=5,3,128,33,0.7722627520561218,917.5037794731371,0.44562772958694225,3,2,5
CV3 | nets=2 | frames=5,3,128,34,0.8490646183490753,811.0157542757391,0.3942625446434322,3,2,5
CV3 | nets=2 | frames=5,3,128,35,0.6759353876113892,767.3021568079516,0.3734869041941201,3,2,5
CV3 | nets=2 | frames=10,3,128,1,0.9034539063771566,53.97323842584342,0.0848185289450339,3,2,10
CV3 | nets=2 | frames=10,3,128,2,0.9013473888238271,44.095675809815525,0.06892435484667658,3,2,10
CV3 | nets=2 | frames=10,3,128,3,0.7142439881960551,39.355733585089446,0.06135212144616525,3,2,10
CV3 | nets=2 | frames=10,3,128,4,0.7214126189549764,39.14097172093391,0.06093179980822606,3,2,10
CV3 | nets=2 | frames=10,3,128,5,0.7162421941757202,40.66465704658628,0.06334737144381507,3,2,10
CV3 | nets=2 | frames=10,3,128,6,0.7217747171719869,40.14567643475532,0.06259840007100138,3,2,10
CV3 | nets=2 | frames=10,3,128,7,0.6741893589496613,39.58460309024155,0.061717777958023363,3,2,10
CV3 | nets=2 | frames=10,3,128,8,0.7779248158137003,38.86708657434583,0.0604600729655067,3,2,10
CV3 | nets=2 | frames=10,3,128,9,0.7198047439257304,38.974584544509646,0.0605205466026091,3,2,10
CV3 | nets=2 | frames=10,3,128,10,0.6662851472695669,39.362292840108275,0.061086132361204366,3,2,10
CV3 | nets=2 | frames=10,3,128,11,0.7057931820551554,39.399009712785485,0.0612118085816619,3,2,10
CV3 | nets=2 | frames=10,3,128,12,0.6570154825846354,39.40683230987191,0.06127756584086455,3,2,10
CV3 | nets=2 | frames=10,3,128,13,0.6935246785481771,39.367131557434796,0.061240243099804505,3,2,10
CV3 | nets=2 | frames=10,3,128,14,0.7226318518320719,39.22960485559702,0.06104194123303751,3,2,10
CV3 | nets=2 | frames=10,3,128,15,0.6312358379364014,39.18130523091555,0.060948887089412894,3,2,10
CV3 | nets=2 | frames=10,3,128,16,0.6729558904965719,38.97636286520958,0.060634688558406195,3,2,10
CV3 | nets=2 | frames=10,3,128,17,0.6913816432158152,38.874309856146574,0.060450972638936944,3,2,10
CV3 | nets=2 | frames=10,3,128,18,0.6691199541091919,38.78127402704954,0.06029816637834301,3,2,10
CV3 | nets=2 | frames=10,3,128,19,0.6865366895993551,38.74480713936686,0.06024657262614346,3,2,10
CV3 | nets=2 | frames=10,3,128,20,0.6864277919133505,38.725149343669415,0.06020537844125647,3,2,10
CV3 | nets=2 | frames=10,3,128,21,0.6913328170776367,38.738169219300154,0.06023125693699694,3,2,10
CV3 | nets=2 | frames=10,3,128,22,0.6288251280784607,38.726606256842615,0.06020493638137123,3,2,10
CV3 | nets=2 | frames=10,3,128,23,0.6889562606811523,38.8547441708073,0.06036652270579362,3,2,10
CV3 | nets=2 | frames=10,3,128,24,0.7380011975765228,38.92415163487196,0.060474593796301636,3,2,10
CV3 | nets=2 | frames=10,3,128,25,0.6320256888866425,39.01901461561769,0.06062348031466536,3,2,10
CV3 | nets=2 | frames=10,3,128,26,0.6766652862230936,39.12188350072503,0.06077700011758134,3,2,10
CV3 | nets=2 | frames=10,3,128,27,0.6649059653282166,39.257532975256446,0.06097821808943991,3,2,10
CV3 | nets=2 | frames=10,3,128,28,0.7117891709009806,39.24568990519643,0.0609691274400684,3,2,10
CV3 | nets=2 | frames=10,3,128,29,0.6163432598114014,39.11038516056538,0.060772519451478726,3,2,10
CV3 | nets=2 | frames=10,3,128,30,0.646619995435079,39.08831025987863,0.06073619807473733,3,2,10
CV3 | nets=2 | frames=10,3,128,31,0.7472719748814901,39.01394184964895,0.060615014170951324,3,2,10
CV3 | nets=2 | frames=10,3,128,32,0.6175617774327596,38.837512403458355,0.06036145960591966,3,2,10
CV3 | nets=2 | frames=10,3,128,33,0.6950794458389282,38.75072032961249,0.0602431126665324,3,2,10
CV3 | nets=2 | frames=10,3,128,34,0.676129937171936,38.72206266862154,0.06021647313251742,3,2,10
CV3 | nets=2 | frames=10,3,128,35,0.7122000455856323,38.876547975420955,0.06046695099538192,3,2,10
CV3 | nets=2 | frames=25,3,128,1,0.7841281465121678,29.45585256653279,0.07196744622479309,3,2,25
CV3 | nets=2 | frames=25,3,128,2,0.4302538846220289,30.36017526884377,0.07426028448155557,3,2,25
CV3 | nets=2 | frames=25,3,128,3,0.1877524299280984,31.815746708784253,0.07761621997573093,3,2,25
CV3 | nets=2 | frames=25,3,128,4,0.10347665952784675,32.38355403995887,0.07883277775484021,3,2,25
CV3 | nets=2 | frames=25,3,128,5,0.05121914776308196,32.54447578895278,0.0791752166756396,3,2,25
CV3 | nets=2 | frames=25,3,128,6,0.029301043965720704,31.35961020034179,0.07652770466724178,3,2,25
CV3 | nets=2 | frames=25,3,128,7,0.021330017879206156,30.178601882416753,0.07380386918400472,3,2,25
CV3 | nets=2 | frames=25,3,128,8,0.024108804895409515,29.58050058978051,0.0722068818279331,3,2,25
CV3 | nets=2 | frames=25,3,128,9,0.020234681549482048,29.917668601769954,0.07291511503161746,3,2,25
CV3 | nets=2 | frames=25,3,128,10,0.017055987297291204,29.87212696401775,0.0727258597332766,3,2,25
CV3 | nets=2 | frames=25,3,128,11,0.01770119458836104,29.468823520304635,0.07171815299298032,3,2,25
CV3 | nets=2 | frames=25,3,128,12,0.017067034961655736,29.267518765160816,0.07128145283006597,3,2,25
CV3 | nets=2 | frames=25,3,128,13,0.01718245935626328,29.241791268138215,0.07116732424198927,3,2,25
CV3 | nets=2 | frames=25,3,128,14,0.016042752540670335,29.391288898833096,0.07145649780426175,3,2,25
CV3 | nets=2 | frames=25,3,128,15,0.01972156674102215,29.434244019575416,0.07156402719896869,3,2,25
CV3 | nets=2 | frames=25,3,128,16,0.01822737281742905,29.646639444757252,0.07215582053906837,3,2,25
CV3 | nets=2 | frames=25,3,128,17,0.016312152180554613,29.18611024847254,0.0708936142729799,3,2,25
CV3 | nets=2 | frames=25,3,128,18,0.01767135617722358,28.9237235301733,0.07023422394611407,3,2,25
CV3 | nets=2 | frames=25,3,128,19,0.01729828687218417,28.98120140130073,0.07045997108385928,3,2,25
CV3 | nets=2 | frames=25,3,128,20,0.01554637067186247,29.189303627952935,0.0709539949159298,3,2,25
CV3 | nets=2 | frames=25,3,128,21,0.016269831785133908,29.08585992095992,0.07062549844634486,3,2,25
CV3 | nets=2 | frames=25,3,128,22,0.015894755820876787,28.962704190108926,0.07032835813480778,3,2,25
CV3 | nets=2 | frames=25,3,128,23,0.01560339966921934,28.817017745435237,0.0699401288743029,3,2,25
CV3 | nets=2 | frames=25,3,128,24,0.04905567573483235,28.84770040051639,0.07005780765693635,3,2,25
CV3 | nets=2 | frames=25,3,128,25,0.015038707992061973,28.618169050624594,0.06935619225881237,3,2,25
CV3 | nets=2 | frames=25,3,128,26,0.015639934354112484,28.510756571389734,0.06911351067056239,3,2,25
CV3 | nets=2 | frames=25,3,128,27,0.016970739300761904,28.693151920553298,0.06963799826609465,3,2,25
CV3 | nets=2 | frames=25,3,128,28,0.015449478997782404,28.86158260513097,0.07000603904404852,3,2,25
CV3 | nets=2 | frames=25,3,128,29,0.015447018150423122,28.519021081011743,0.06907166043432517,3,2,25
CV3 | nets=2 | frames=25,3,128,30,0.015099487932665008,28.477915878947826,0.06904776778358064,3,2,25
CV3 | nets=2 | frames=25,3,128,31,0.016638640048248426,28.25470760139823,0.06844919352249416,3,2,25
CV3 | nets=2 | frames=25,3,128,32,0.014512687678299179,28.49020402797498,0.06909399598901655,3,2,25
CV3 | nets=2 | frames=25,3,128,33,0.014958381769247353,28.50743943364732,0.06912494556021556,3,2,25
CV3 | nets=2 | frames=25,3,128,34,0.04780659602589107,28.350977683961393,0.06867295934302092,3,2,25
CV3 | nets=2 | frames=25,3,128,35,0.015553722232912801,27.97367184957862,0.06770066535477236,3,2,25
CV3 | nets=2 | frames=50,3,128,1,0.6647429156761903,3.216259509131312,0.0006914482498850702,3,2,50
CV3 | nets=2 | frames=50,3,128,2,0.16778531555946058,2.829792911518365,0.0006102836214349736,3,2,50
CV3 | nets=2 | frames=50,3,128,3,0.0479942003909785,2.8949337796233596,0.0006356287406988486,3,2,50
CV3 | nets=2 | frames=50,3,128,4,0.016442643174041923,2.596163896240294,0.0005728501013736604,3,2,50
CV3 | nets=2 | frames=50,3,128,5,0.017074629431590438,2.5205577283166347,0.0005562340553860849,3,2,50
CV3 | nets=2 | frames=50,3,128,6,0.010323628210104428,2.5097828651256857,0.0005564570098772492,3,2,50
CV3 | nets=2 | frames=50,3,128,7,0.008174050639634235,2.497930270139128,0.000555213668698343,3,2,50
CV3 | nets=2 | frames=50,3,128,8,0.00821776402881369,2.474274962518364,0.0005523092522453226,3,2,50
CV3 | nets=2 | frames=50,3,128,9,0.007869664722910294,2.451974054981023,0.0005456779819796793,3,2,50
CV3 | nets=2 | frames=50,3,128,10,0.007688496799136584,2.4384210334941745,0.0005435077079539496,3,2,50
CV3 | nets=2 | frames=50,3,128,11,0.007526593206701084,2.446932546183467,0.0005457347359661072,3,2,50
CV3 | nets=2 | frames=50,3,128,12,0.007468566728325991,2.4532128812000153,0.000547405932817128,3,2,50
CV3 | nets=2 | frames=50,3,128,13,0.014374886688668854,2.438924274329096,0.0005437445231318634,3,2,50
CV3 | nets=2 | frames=50,3,128,14,0.007622520385596614,2.442786177413538,0.0005442409370410814,3,2,50
CV3 | nets=2 | frames=50,3,128,15,0.007876401238788206,2.458936918314546,0.0005491726319023655,3,2,50
CV3 | nets=2 | frames=50,3,128,16,0.007869394764734002,2.4376348623782396,0.0005438986448971264,3,2,50
CV3 | nets=2 | frames=50,3,128,17,0.008959698557961158,2.4394072443600745,0.0005432200870632187,3,2,50
CV3 | nets=2 | frames=50,3,128,18,0.008787672848064596,2.427295701932162,0.000540705571327635,3,2,50
CV3 | nets=2 | frames=50,3,128,19,0.007924050553880919,2.4440313702225684,0.0005438520653076466,3,2,50
CV3 | nets=2 | frames=50,3,128,20,0.007676192921980356,2.448405336368829,0.0005453510151232876,3,2,50
CV3 | nets=2 | frames=50,3,128,21,0.007664793005320602,2.446165435234085,0.0005434144221708266,3,2,50
CV3 | nets=2 | frames=50,3,128,22,0.007994619576493278,2.4347257014811037,0.0005418137435503922,3,2,50
CV3 | nets=2 | frames=50,3,128,23,0.007404206004978802,2.4191895610280336,0.000536512342391461,3,2,50
CV3 | nets=2 | frames=50,3,128,24,0.007505640398728876,2.4258468442186714,0.0005390809599989553,3,2,50
CV3 | nets=2 | frames=50,3,128,25,0.007540945559202765,2.422925976617262,0.0005382099232083419,3,2,50
CV3 | nets=2 | frames=50,3,128,26,0.007482218031117764,2.4559657889250666,0.0005451313425410263,3,2,50
CV3 | nets=2 | frames=50,3,128,27,0.007868413257081276,2.4260046069202943,0.0005382919793282781,3,2,50
CV3 | nets=2 | frames=50,3,128,28,0.0071487393568252,2.433218397852033,0.0005395065606927573,3,2,50
CV3 | nets=2 | frames=50,3,128,29,0.007874165865359828,2.418256720480509,0.0005350727539569107,3,2,50
CV3 | nets=2 | frames=50,3,128,30,0.008846016383568685,2.436951461147517,0.0005394551923197924,3,2,50
CV3 | nets=2 | frames=50,3,128,31,0.00843582297854412,2.4150912905447184,0.0005340614794863541,3,2,50
CV3 | nets=2 | frames=50,3,128,32,0.013184749642207932,2.417913762348704,0.0005342309462525918,3,2,50
CV3 | nets=2 | frames=50,3,128,33,0.008203029654955922,2.4278593136919664,0.0005369929276324683,3,2,50
CV3 | nets=2 | frames=50,3,128,34,0.010245116535001077,2.4951105252727865,0.0005540958300298371,3,2,50
CV3 | nets=2 | frames=50,3,128,35,0.008349327769023009,2.407818300699815,0.0005300113073703869,3,2,50
CV3 | nets=2 | frames=100,3,128,1,0.4554111558198929,1.5185691059175879,0.00013953012418187427,3,2,100
CV3 | nets=2 | frames=100,3,128,2,0.06214347813278437,1.1334767453297974,9.985348191685261e-05,3,2,100
CV3 | nets=2 | frames=100,3,128,3,0.014137692134827375,1.1689039430320263,0.00010029157012627366,3,2,100
CV3 | nets=2 | frames=100,3,128,4,0.009408066249452531,1.1727547558806837,0.00010055870670930744,3,2,100
CV3 | nets=2 | frames=100,3,128,5,0.007256532530300319,1.1744549341350794,0.00010179361101359064,3,2,100
CV3 | nets=2 | frames=100,3,128,6,0.0074678142147604374,1.1700036461129784,0.00010158063349035728,3,2,100
CV3 | nets=2 | frames=100,3,128,7,0.008116751150228084,1.167873200841248,0.00010205926230491968,3,2,100
CV3 | nets=2 | frames=100,3,128,8,0.006806557861855253,1.1882473510950804,0.00010332811797070463,3,2,100
CV3 | nets=2 | frames=100,3,128,9,0.006337909699650482,1.2120429355986417,0.00010374927235011455,3,2,100
CV3 | nets=2 | frames=100,3,128,10,0.00790594391291961,1.1752934008166194,0.00010178987935842088,3,2,100
CV3 | nets=2 | frames=100,3,128,11,0.008010554717329796,1.1652670019418,0.00010185210886311324,3,2,100
CV3 | nets=2 | frames=100,3,128,12,0.007339308680966497,1.1962900550439954,0.00010264748889881048,3,2,100
CV3 | nets=2 | frames=100,3,128,13,0.0070771133550442756,1.1820469160676002,0.00010335862501688098,3,2,100
CV3 | nets=2 | frames=100,3,128,14,0.00674896894255653,1.197873248524964,0.00010392147372863292,3,2,100
CV3 | nets=2 | frames=100,3,128,15,0.006670812112279236,1.1885290382131934,0.00010304779060197689,3,2,100
CV3 | nets=2 | frames=100,3,128,16,0.007569073779741302,1.171792549483478,0.00010232337073193776,3,2,100
CV3 | nets=2 | frames=100,3,128,17,0.006440357021056116,1.2003910061009229,0.00010326381531012885,3,2,100
CV3 | nets=4 | frames=2,3,128,1,0.9013711214065552,3952.862784359932,49.38791727152467,3,4,2
CV3 | nets=4 | frames=2,3,128,2,0.8435284495353699,3007.6837383677957,57.281416666183624,3,4,2
CV3 | nets=4 | frames=2,3,128,3,0.7915873527526855,4792.30322980082,101.21227133327909,3,4,2
CV3 | nets=4 | frames=2,3,128,4,0.7449406981468201,8962.98754387951,176.5327424847558,3,4,2
CV3 | nets=4 | frames=2,3,128,5,0.7031208872795105,15517.09743239069,284.86158275684716,3,4,2
CV3 | nets=4 | frames=2,3,128,6,0.6658860445022583,24754.055975681305,434.89426086744663,3,4,2
CV3 | nets=4 | frames=2,3,128,7,0.6332241296768188,36642.93767615366,623.0300183855779,3,4,2
CV3 | nets=4 | frames=2,3,128,8,0.6053261756896973,50912.55391245317,841.1216535645705,3,4,2
CV3 | nets=4 | frames=2,3,128,9,0.5825214982032776,67788.32549503159,1099.397692105703,3,4,2
CV3 | nets=4 | frames=2,3,128,10,0.5651689767837524,87370.81256265116,1400.6672765551955,3,4,2
CV3 | nets=4 | frames=2,3,128,11,0.5534917712211609,108812.4531056261,1721.7303635586948,3,4,2
CV3 | nets=4 | frames=2,3,128,12,0.5473735332489014,131976.5529196558,2062.9634207892454,3,4,2
CV3 | nets=4 | frames=2,3,128,13,0.546139121055603,154799.5348051598,2395.296368575759,3,4,2
CV3 | nets=4 | frames=2,3,128,14,0.5484685897827148,175527.68870920755,2691.3003469876426,3,4,2
CV3 | nets=4 | frames=2,3,128,15,0.5525608658790588,192951.74826983453,2937.303712359443,3,4,2
CV3 | nets=4 | frames=2,3,128,16,0.5565616488456726,206299.29670897673,3119.617154882148,3,4,2
CV3 | nets=4 | frames=2,3,128,17,0.5590471625328064,214765.31110880853,3231.067401173845,3,4,2
CV3 | nets=4 | frames=5,3,128,1,1.075727065404256,1323.0743189771474,0.8036015076964977,3,4,5
CV3 | nets=4 | frames=5,3,128,2,1.0122805833816528,1484.0529576605559,0.880028431380546,3,4,5
CV3 | nets=4 | frames=5,3,128,3,0.8084285457928976,1661.4263456433416,0.9777159168102371,3,4,5
CV3 | nets=4 | frames=5,3,128,4,0.9082619547843933,1870.6397836039662,1.1013030572568823,3,4,5
CV3 | nets=4 | frames=5,3,128,5,0.8499037623405457,2002.2306313851475,1.1833368682574072,3,4,5
CV3 | nets=4 | frames=5,3,128,6,0.8901090423266093,2249.5651144081353,1.3367327897495125,3,4,5
CV3 | nets=4 | frames=5,3,128,7,0.8223315874735514,2478.044999544382,1.4779490367377293,3,4,5
CV3 | nets=4 | frames=5,3,128,8,0.720141073067983,2680.2812415293456,1.6012575780396001,3,4,5
CV3 | nets=4 | frames=5,3,128,9,0.8158754805723826,3027.724245910704,1.8076068327288959,3,4,5
CV3 | nets=4 | frames=5,3,128,10,0.692059208949407,3498.4882855381966,2.083310496132588,3,4,5
CV3 | nets=4 | frames=5,3,128,11,0.6533732215563456,4057.7366838223934,2.407393509747577,3,4,5
CV3 | nets=4 | frames=5,3,128,12,0.76217653354009,4850.058500864744,2.8684796663093146,3,4,5
CV3 | nets=4 | frames=5,3,128,13,0.6756358742713928,5207.001961612463,3.072867554748489,3,4,5
CV3 | nets=4 | frames=5,3,128,14,0.6622815877199173,5408.401538960099,3.186504115922202,3,4,5
CV3 | nets=4 | frames=5,3,128,15,0.5702183544635773,5805.977836797714,3.4184028543472524,3,4,5
CV3 | nets=4 | frames=5,3,128,16,0.5759715537230173,6500.6623141731025,3.8268960509086027,3,4,5
CV3 | nets=4 | frames=10,3,128,1,0.9688367366790771,6.590009408563375,0.0007116795314486807,3,4,10
CV3 | nets=4 | frames=10,3,128,2,0.8852575421333313,11.646962991967797,0.0011798096866350533,3,4,10
CV3 | nets=4 | frames=10,3,128,3,0.877690589427948,31.69354080206156,0.003311343320820015,3,4,10
CV3 | nets=4 | frames=10,3,128,4,0.8722671687602996,53.31941581016779,0.005680319124734524,3,4,10
CV3 | nets=4 | frames=10,3,128,5,0.8729995369911194,63.415331040710214,0.006786829838805715,3,4,10
CV3 | nets=4 | frames=10,3,128,6,0.8638503670692443,61.447134944558144,0.0066125458387614345,3,4,10
CV3 | nets=4 | frames=10,3,128,7,0.8608343243598938,49.31193148723245,0.005387559445000079,3,4,10
CV3 | nets=4 | frames=10,3,128,8,0.8548395752906799,49.10895517268777,0.005381499948749479,3,4,10
CV3 | nets=4 | frames=10,3,128,9,0.8497641086578369,58.13675489220023,0.006354974553147258,3,4,10
CV3 | nets=4 | frames=10,3,128,10,0.8500768661499023,70.6707454136014,0.007604820849786848,3,4,10
CV3 | nets=4 | frames=10,3,128,11,0.8454679191112519,93.77447555416822,0.010107548569358187,3,4,10
CV3 | nets=4 | frames=10,3,128,12,0.8388113260269165,101.57610558193922,0.010998303015981946,3,4,10
CV3 | nets=4 | frames=10,3,128,13,0.8386880874633789,104.17570923861861,0.011324897250913636,3,4,10
CV3 | nets=4 | frames=10,3,128,14,0.8369820356369019,135.04233589836954,0.014688600597988625,3,4,10
CV3 | nets=4 | frames=10,3,128,15,0.830679577589035,138.34311723560094,0.015005259641895464,3,4,10
CV3 | nets=4 | frames=10,3,128,16,0.8273537278175354,131.70525300338863,0.014262100857475162,3,4,10
CV3 | nets=4 | frames=25,3,128,1,0.7252494326004615,36.640289914529774,0.15789105158076563,3,4,25
CV3 | nets=4 | frames=25,3,128,2,0.2394635625756704,44.13505284960382,0.1910704746099509,3,4,25
CV3 | nets=4 | frames=25,3,128,3,0.13567686539429885,39.87249103541486,0.1753269491855026,3,4,25
CV3 | nets=4 | frames=25,3,128,4,0.09011756686063913,39.910460275001824,0.17229712143111828,3,4,25
CV3 | nets=4 | frames=25,3,128,5,0.08257522491308358,38.85293637863826,0.16894281973488068,3,4,25
CV3 | nets=4 | frames=25,3,128,6,0.07868981261092883,38.04048128612526,0.16512167572794714,3,4,25
CV3 | nets=4 | frames=25,3,128,7,0.07356096001771781,37.11687037593685,0.16176149003467616,3,4,25
CV3 | nets=4 | frames=25,3,128,8,0.06988182663917542,36.223433232784274,0.15726305240610963,3,4,25
CV3 | nets=4 | frames=25,3,128,9,0.06794541945251134,35.521646730445326,0.15440957580525538,3,4,25
CV3 | nets=4 | frames=25,3,128,10,0.06973706587002827,35.0978313076254,0.15247512192858811,3,4,25
CV3 | nets=4 | frames=25,3,128,11,0.07193850883497642,34.4924454472214,0.1501184438302589,3,4,25
CV3 | nets=4 | frames=25,3,128,12,0.06955310559043518,34.80161472792178,0.15088480535777127,3,4,25
CV3 | nets=4 | frames=25,3,128,13,0.0707425234409479,34.155682639788836,0.1483722743524595,3,4,25
CV3 | nets=4 | frames=25,3,128,14,0.06471391516522719,34.045649083000605,0.1474236002110265,3,4,25
CV3 | nets=4 | frames=25,3,128,15,0.06977190908331138,33.85146706907824,0.14651826431315568,3,4,25
CV3 | nets=4 | frames=25,3,128,16,0.06586676406172606,33.477603555668146,0.14469811684128217,3,4,25
CV3 | nets=4 | frames=25,3,128,17,0.06548117659986019,33.57315030237287,0.14513490272554555,3,4,25
CV3 | nets=4 | frames=25,3,128,18,0.07438614448675743,34.11901486434415,0.14807097787961537,3,4,25
CV3 | nets=4 | frames=25,3,128,19,0.0688661364122079,32.27659815082233,0.13807130298331322,3,4,25
CV3 | nets=4 | frames=25,3,128,20,0.06497153367560643,33.44966785108391,0.14467215840249628,3,4,25
CV3 | nets=4 | frames=25,3,128,21,0.0661005566899593,33.11227125767991,0.14298695466048958,3,4,25
CV3 | nets=4 | frames=25,3,128,22,0.06692329335671204,33.66233847435191,0.14439251113616502,3,4,25
CV3 | nets=4 | frames=25,3,128,23,0.07312071681595765,33.814005578471345,0.14640309310531666,3,4,25
CV3 | nets=4 | frames=25,3,128,24,0.06802768159944278,32.741887605957686,0.1399380126033975,3,4,25
CV3 | nets=4 | frames=25,3,128,25,0.06925847710898289,32.89249852444232,0.1410492621799531,3,4,25
CV3 | nets=4 | frames=25,3,128,26,0.07126782490656926,33.29658502371795,0.1428964010479467,3,4,25
CV3 | nets=4 | frames=25,3,128,27,0.0623017128270406,32.35972105197981,0.13837518274032845,3,4,25
CV3 | nets=4 | frames=25,3,128,28,0.0653240393417386,32.5046684983857,0.13925965620911301,3,4,25
CV3 | nets=4 | frames=25,3,128,29,0.06753265628447899,32.78533902745507,0.14005318209290635,3,4,25
CV3 | nets=4 | frames=25,3,128,30,0.06778808539876571,32.713503996480256,0.13994287200053804,3,4,25
CV3 | nets=4 | frames=25,3,128,31,0.06720957761773697,32.41806482779421,0.13876567822083236,3,4,25
CV3 | nets=4 | frames=25,3,128,32,0.06066587839562159,32.73909559359029,0.13930208137774752,3,4,25
CV3 | nets=4 | frames=25,3,128,33,0.06349346987329997,32.292359123039994,0.13794089923856517,3,4,25
CV3 | nets=4 | frames=25,3,128,34,0.06355435114640456,33.142870782735756,0.1410337911376264,3,4,25
CV3 | nets=4 | frames=50,3,128,1,0.620510616004467,0.8955148314237594,0.011834144958877005,3,4,50
CV3 | nets=4 | frames=50,3,128,2,0.35694613084197047,1.0188909808825701,0.012828771746077109,3,4,50
CV3 | nets=4 | frames=50,3,128,3,0.2524793383479118,1.2220686227940023,0.014773698392396908,3,4,50
CV3 | nets=4 | frames=50,3,128,4,0.1789251969754696,0.7984772794144228,0.00939150949515897,3,4,50
CV3 | nets=4 | frames=50,3,128,5,0.12000547587871552,0.5903920673620887,0.007321401097731723,3,4,50
CV3 | nets=4 | frames=50,3,128,6,0.07995534554123879,0.4985366740601603,0.0060536768017118445,3,4,50
CV3 | nets=4 | frames=50,3,128,7,0.060129458159208296,0.5376770867714659,0.0065670626231221834,3,4,50
CV3 | nets=4 | frames=50,3,128,8,0.054911599569022654,0.49627957048639654,0.006102917322830762,3,4,50
CV3 | nets=4 | frames=50,3,128,9,0.044530924186110495,0.5565422323374077,0.0068761535330850165,3,4,50
CV3 | nets=4 | frames=50,3,128,10,0.04209278203547001,0.5336350983334706,0.006580828448932152,3,4,50
CV3 | nets=4 | frames=50,3,128,11,0.03435486763715744,0.5997377415394877,0.007409199127343527,3,4,50
CV3 | nets=4 | frames=50,3,128,12,0.03190662365406752,0.5723423134144395,0.007007962206640513,3,4,50
CV3 | nets=4 | frames=50,3,128,13,0.028193303272128104,0.6430264876987785,0.007946646122014499,3,4,50
CV3 | nets=4 | frames=50,3,128,14,0.026856951527297498,0.7282738571625669,0.00905479137715156,3,4,50
CV3 | nets=4 | frames=50,3,128,15,0.02234684657305479,0.7409726415993646,0.009067169827147155,3,4,50
CV3 | nets=4 | frames=50,3,128,16,0.01971785068511963,0.7102794500105083,0.008732391528164954,3,4,50
CV3 | nets=4 | frames=50,3,128,17,0.020208045653998852,0.7706740854803938,0.009231620037907305,3,4,50
CV3 | nets=4 | frames=50,3,128,18,0.017220533955842256,0.7467003416516819,0.009130844154176884,3,4,50
CV3 | nets=4 | frames=50,3,128,19,0.015580012146383524,0.8251216592630372,0.010200639782604413,3,4,50
CV3 | nets=4 | frames=50,3,128,20,0.017847034558653833,0.8050052848383784,0.009811236715773703,3,4,50
CV3 | nets=4 | frames=50,3,128,21,0.015994579046964646,0.8017969947056844,0.009770175801655569,3,4,50
CV3 | nets=4 | frames=50,3,128,22,0.012254450311884284,0.8065771669899113,0.00992899247148307,3,4,50
CV3 | nets=4 | frames=50,3,128,23,0.011362997144460677,0.851342775695608,0.010315848654980982,3,4,50
CV3 | nets=4 | frames=100,3,128,1,0.37521606773138044,0.8453472032565623,0.0006336190058204921,3,4,100
CV3 | nets=4 | frames=100,3,128,2,0.10345818769186735,0.8342097070869058,0.0006248823886944592,3,4,100
CV3 | nets=4 | frames=100,3,128,3,0.08003937136381864,0.8563409436121583,0.0006418924907275141,3,4,100
CV3 | nets=4 | frames=100,3,128,4,0.0709420137759298,0.8389883557483554,0.0006289319795941993,3,4,100
CV3 | nets=4 | frames=100,3,128,5,0.06542325333692134,0.8796605120655149,0.000659219002991449,3,4,100
CV3 | nets=4 | frames=100,3,128,6,0.058258839203044775,0.9630638349503279,0.0007208762429872877,3,4,100
CV3 | nets=4 | frames=100,3,128,7,0.054411490075290204,1.0051977774370462,0.0007520770983010152,3,4,100
CV3 | nets=4 | frames=100,3,128,8,0.0505396141926758,1.105722507737577,0.000826755660503295,3,4,100
CV3 | nets=4 | frames=100,3,128,9,0.04257100826362148,1.1223837975300848,0.0008391679281430697,3,4,100
CV3 | nets=4 | frames=100,3,128,10,0.04082681748084724,1.2849761091924738,0.0009602879281028436,3,4,100
CV3 | nets=4 | frames=100,3,128,11,0.03659139958908782,1.176754069489427,0.0008794519584466798,3,4,100
CV3 | nets=4 | frames=100,3,128,12,0.03445526723749936,1.2797349755158647,0.0009566545249108458,3,4,100
CV3 | nets=4 | frames=100,3,128,13,0.03610388939268887,1.198463786849752,0.0008960251041062292,3,4,100
CV3 | nets=4 | frames=100,3,128,14,0.029155845739878714,1.3039340363387018,0.0009748491421023573,3,4,100
CV3 | nets=4 | frames=100,3,128,15,0.024468422974459825,1.6625892523205839,0.0012415285493298143,3,4,100
CV3 | nets=4 | frames=100,3,128,16,0.025695263487286867,1.480446919264272,0.0011055524425482872,3,4,100
CV3 | nets=4 | frames=100,3,128,17,0.026858836584724485,1.5497493184087798,0.0011574572140571036,3,4,100
CV3 | nets=8 | frames=2,3,128,1,0.8912449479103088,123.67018353533744,0.10856003418914043,3,8,2
CV3 | nets=8 | frames=2,3,128,2,0.8036927878856659,168.3158968360424,0.14071480228495784,3,8,2
CV3 | nets=8 | frames=2,3,128,3,0.7198665738105774,211.4586570456028,0.15831952965725213,3,8,2
CV3 | nets=8 | frames=2,3,128,4,0.6616897881031036,296.2423069717884,0.2045481187456753,3,8,2
CV3 | nets=8 | frames=2,3,128,5,0.5919841527938843,408.43057548236845,0.2701911694845185,3,8,2
CV3 | nets=8 | frames=2,3,128,6,0.5435900092124939,553.8893007459641,0.355783445071429,3,8,2
CV3 | nets=8 | frames=2,3,128,7,0.4901333749294281,708.8168697137833,0.4427885479410179,3,8,2
CV3 | nets=8 | frames=2,3,128,8,0.452494740486145,879.9009654283524,0.5403050792450085,3,8,2
CV3 | nets=8 | frames=2,3,128,9,0.4161313474178314,1016.7939067173004,0.6137852414203808,3,8,2
CV3 | nets=8 | frames=2,3,128,10,0.3801689147949219,1148.516467420578,0.6799722411260009,3,8,2
CV3 | nets=8 | frames=2,3,128,11,0.3579842150211334,1262.5601922187805,0.7464086731411517,3,8,2
CV3 | nets=8 | frames=2,3,128,12,0.340815007686615,1248.6304723129272,0.7268722320627421,3,8,2
CV3 | nets=8 | frames=2,3,128,13,0.3160809725522995,1236.753936712265,0.7208014067076146,3,8,2
CV3 | nets=8 | frames=2,3,128,14,0.30269138514995575,1174.5676495552063,0.6923403511159122,3,8,2
CV3 | nets=8 | frames=2,3,128,15,0.286324605345726,1074.1280626277924,0.6492373726805672,3,8,2
CV3 | nets=8 | frames=2,3,128,16,0.282915860414505,966.1900106410981,0.6054347292007879,3,8,2
CV3 | nets=8 | frames=5,3,128,1,0.9085823655128479,676.2873573168963,6.8901897672996855,3,8,5
CV3 | nets=8 | frames=5,3,128,2,0.6834023952484131,851.3434384519755,8.802584194991272,3,8,5
CV3 | nets=8 | frames=5,3,128,3,0.6028199911117553,1043.8719922115206,10.796647383430507,3,8,5
CV3 | nets=8 | frames=5,3,128,4,0.6060666799545288,1186.799914449811,12.135179396559485,3,8,5
CV3 | nets=8 | frames=5,3,128,5,0.6017072796821594,1171.546879137516,11.798653798116371,3,8,5
CV3 | nets=8 | frames=5,3,128,6,0.5869261741638183,1075.6463184547424,10.757458794057834,3,8,5
CV3 | nets=8 | frames=5,3,128,7,0.5864820003509521,994.677077844739,9.94435089839832,3,8,5
CV3 | nets=8 | frames=5,3,128,8,0.5804963767528534,984.1270104981363,9.894684038911945,3,8,5
CV3 | nets=8 | frames=5,3,128,9,0.5792333245277405,1008.635648950249,10.199484086951939,3,8,5
CV3 | nets=8 | frames=5,3,128,10,0.575123730301857,974.3292919987887,9.827111926105456,3,8,5
CV3 | nets=8 | frames=5,3,128,11,0.5732113718986511,964.8677087894678,9.697097528838553,3,8,5
CV3 | nets=8 | frames=5,3,128,12,0.5700332134962082,955.964960637182,9.5712233825,3,8,5
CV3 | nets=8 | frames=5,3,128,13,0.5694264233112335,964.2320403296352,9.6387437572754,3,8,5
CV3 | nets=8 | frames=5,3,128,14,0.5717908799648285,918.9351780957579,9.14752132216841,3,8,5
CV3 | nets=8 | frames=5,3,128,15,0.565676474571228,906.9924909663051,9.02253129316843,3,8,5
CV3 | nets=8 | frames=5,3,128,16,0.5652595520019531,883.3015079030395,8.784104611743707,3,8,5
CV3 | nets=8 | frames=10,3,128,1,0.7654943734407424,311.31106702966986,2.3333626410127617,3,8,10
CV3 | nets=8 | frames=10,3,128,2,0.44753018766641617,398.6129982407093,2.964510808169376,3,8,10
CV3 | nets=8 | frames=10,3,128,3,0.336124187707901,418.89970597334207,3.0975459643081993,3,8,10
CV3 | nets=8 | frames=10,3,128,4,0.31144739836454394,395.2237526720017,2.909942191204056,3,8,10
CV3 | nets=8 | frames=10,3,128,5,0.286258102953434,402.3692812445462,2.9587238183049487,3,8,10
CV3 | nets=8 | frames=10,3,128,6,0.26965801417827606,377.73859595157205,2.765721406976576,3,8,10
CV3 | nets=8 | frames=10,3,128,7,0.26234225556254387,354.78589098013936,2.6015953926597724,3,8,10
CV3 | nets=8 | frames=10,3,128,8,0.25507001429796217,344.5775696266443,2.510980469043367,3,8,10
CV3 | nets=8 | frames=10,3,128,9,0.24464548155665397,331.0624814483598,2.4127531488491223,3,8,10
CV3 | nets=8 | frames=10,3,128,10,0.2382332280278206,327.96486046214403,2.382955209242529,3,8,10
CV3 | nets=8 | frames=10,3,128,11,0.2340882398188114,317.43659948796034,2.303677163592074,3,8,10
CV3 | nets=8 | frames=10,3,128,12,0.23806751072406768,317.0021235488653,2.299064952351502,3,8,10
CV3 | nets=8 | frames=10,3,128,13,0.2381761685013771,294.4943112448305,2.1331798134922284,3,8,10
CV3 | nets=8 | frames=10,3,128,14,0.22455196976661682,296.85415187060835,2.1447929061467295,3,8,10
CV3 | nets=8 | frames=10,3,128,15,0.22648150026798247,301.2698084525466,2.1728144639899254,3,8,10
CV3 | nets=8 | frames=10,3,128,16,0.22421256303787232,268.49358681240676,1.9374492270414485,3,8,10
CV3 | nets=8 | frames=10,3,128,17,0.22531880885362626,290.62400002712013,2.102290137338161,3,8,10
CV3 | nets=8 | frames=10,3,128,18,0.21833245307207108,273.25988009747863,1.9668843449199922,3,8,10
CV3 | nets=8 | frames=10,3,128,19,0.21938782483339309,285.13445585504917,2.0600076127199864,3,8,10
CV3 | nets=8 | frames=10,3,128,20,0.21438656598329545,282.02091445744037,2.031617517689476,3,8,10
CV3 | nets=8 | frames=10,3,128,21,0.21242705732584,266.87969713965805,1.9208281154079014,3,8,10
CV3 | nets=8 | frames=10,3,128,22,0.22360930889844893,282.1653960712254,2.0301158421682195,3,8,10
CV3 | nets=8 | frames=10,3,128,23,0.20886334925889968,278.70153258997203,2.008467676810804,3,8,10
CV3 | nets=8 | frames=10,3,128,24,0.2132788948714733,274.34169309343025,1.974636052070826,3,8,10
CV3 | nets=8 | frames=10,3,128,25,0.21067759692668914,271.90336705441774,1.9584201156611962,3,8,10
CV3 | nets=8 | frames=10,3,128,26,0.20724762678146363,280.2850317562222,2.011547831952339,3,8,10
CV3 | nets=8 | frames=10,3,128,27,0.21537602096796035,269.4347987226397,1.9393558641117414,3,8,10
CV3 | nets=8 | frames=10,3,128,28,0.2099982239305973,280.530111035645,2.0134162295313724,3,8,10
CV3 | nets=8 | frames=10,3,128,29,0.20757147595286368,278.1379905732535,1.995748134461406,3,8,10
CV3 | nets=8 | frames=10,3,128,30,0.2111498683691025,266.42714947618543,1.9122135385354924,3,8,10
CV3 | nets=8 | frames=10,3,128,31,0.20574009120464326,286.60250636247173,2.0602725510148883,3,8,10
CV3 | nets=8 | frames=10,3,128,32,0.20351212322711945,268.1236902235355,1.9194282678117016,3,8,10
CV3 | nets=8 | frames=10,3,128,33,0.20462564527988433,265.28413294532896,1.9061185357286303,3,8,10
CV3 | nets=8 | frames=10,3,128,34,0.1999149426817894,279.33006257914377,2.000112242344243,3,8,10
CV3 | nets=8 | frames=10,3,128,35,0.20200505964457988,273.6716862631049,1.9541761314820323,3,8,10
CV3 | nets=8 | frames=25,3,128,1,0.5255086129903793,13.422940589904785,0.010992690295162902,3,8,25
CV3 | nets=8 | frames=25,3,128,2,0.2215279158949852,11.567793426305055,0.009534440709641785,3,8,25
CV3 | nets=8 | frames=25,3,128,3,0.19102417342364789,10.85575997106731,0.008897682122376864,3,8,25
CV3 | nets=8 | frames=25,3,128,4,0.18474640741944312,11.511838945418596,0.009462044171406888,3,8,25
CV3 | nets=8 | frames=25,3,128,5,0.18446115136146546,10.698882741332055,0.008826950705253694,3,8,25
CV3 | nets=8 | frames=25,3,128,6,0.17537765622138976,10.159896372914314,0.008333062233490637,3,8,25
CV3 | nets=8 | frames=25,3,128,7,0.17175753086805343,10.543003943532705,0.008712498691937071,3,8,25
CV3 | nets=8 | frames=25,3,128,8,0.17780548632144927,10.12689289611578,0.00833577233205142,3,8,25
CV3 | nets=8 | frames=25,3,128,9,0.17398563802242278,10.58058507940173,0.00875159593324861,3,8,25
CV3 | nets=8 | frames=25,3,128,10,0.17300189569592475,9.605185790896416,0.007905379726980754,3,8,25
CV3 | nets=8 | frames=25,3,128,11,0.16778867736458777,9.963079795479775,0.008208667064609472,3,8,25
CV3 | nets=8 | frames=25,3,128,12,0.1706956359744072,10.397564335957169,0.008604109623265686,3,8,25
CV3 | nets=8 | frames=25,3,128,13,0.1687941375374794,9.364032756745816,0.00771925816777366,3,8,25
CV3 | nets=8 | frames=25,3,128,14,0.16738331764936448,9.82643660288304,0.00811010423211701,3,8,25
CV3 | nets=8 | frames=25,3,128,15,0.16298141852021217,9.894625223368406,0.00819356663266808,3,8,25
CV3 | nets=8 | frames=25,3,128,16,0.16635888144373895,9.377531562909484,0.007724198813088151,3,8,25
CV3 | nets=8 | frames=25,3,128,17,0.1640507011860609,8.924012325003742,0.007374967476884194,3,8,25
CV3 | nets=8 | frames=25,3,128,18,0.16678854048252106,9.969110900767147,0.008250288438815914,3,8,25
CV3 | nets=8 | frames=25,3,128,19,0.17429321616888047,8.977025906085968,0.007398794728680514,3,8,25
CV3 | nets=8 | frames=25,3,128,20,0.1646713025867939,10.459450732156634,0.008664126107785705,3,8,25
CV3 | nets=8 | frames=25,3,128,21,0.16029153883457184,9.416480072572828,0.007795243153173942,3,8,25
CV3 | nets=8 | frames=25,3,128,22,0.16019246816635133,9.085314419068396,0.007512437425310054,3,8,25
CV3 | nets=8 | frames=25,3,128,23,0.16150022074580192,9.723114608936012,0.008051748701047473,3,8,25
CV3 | nets=8 | frames=25,3,128,24,0.15878296434879302,9.912347576279194,0.008215861545388179,3,8,25
CV3 | nets=8 | frames=25,3,128,25,0.1616605381667614,10.448886496253312,0.008689593997856718,3,8,25
CV3 | nets=8 | frames=25,3,128,26,0.16165716901421548,10.350382877921685,0.008607782677383512,3,8,25
CV3 | nets=8 | frames=25,3,128,27,0.16083569303154946,9.90204987778887,0.008212396838847781,3,8,25
CV3 | nets=8 | frames=25,3,128,28,0.15860960096120835,10.533481756847351,0.008780731821333574,3,8,25
CV3 | nets=8 | frames=25,3,128,29,0.15694463826715946,9.819820878576488,0.008150690524256788,3,8,25
CV3 | nets=8 | frames=25,3,128,30,0.16110575035214425,10.605674080260098,0.008847914187512287,3,8,25
CV3 | nets=8 | frames=25,3,128,31,0.15606819599866867,9.894987546235322,0.00823314914367802,3,8,25
CV3 | nets=8 | frames=25,3,128,32,0.1573033684492111,9.561506523616613,0.007945909807105637,3,8,25
CV3 | nets=8 | frames=50,3,128,1,0.6603975650668145,2.9939245350435377,0.00013046034715716813,3,8,50
CV3 | nets=8 | frames=50,3,128,2,0.50886563539505,2.964136718557915,0.00012814238644817523,3,8,50
CV3 | nets=8 | frames=50,3,128,3,0.4914727191627026,2.855925928976387,0.0001258785493173491,3,8,50
CV3 | nets=8 | frames=50,3,128,4,0.471155518591404,3.123822443962097,0.00013552268080366047,3,8,50
CV3 | nets=8 | frames=50,3,128,5,0.46014555752277375,3.2832083669528367,0.000141853999164141,3,8,50
CV3 | nets=8 | frames=50,3,128,6,0.46548200130462647,3.1563078149817883,0.00013952778431860225,3,8,50
CV3 | nets=8 | frames=50,3,128,7,0.453916018307209,3.281717842541635,0.00014386197023304705,3,8,50
CV3 | nets=8 | frames=50,3,128,8,0.45026394486427307,3.3407120993733406,0.0001463115943874982,3,8,50
CV3 | nets=8 | frames=50,3,128,9,0.4485646176338196,3.2189848938882353,0.00014128977333871263,3,8,50
CV3 | nets=8 | frames=50,3,128,10,0.44676612943410876,3.204006070591509,0.00014130325792848452,3,8,50
CV3 | nets=8 | frames=50,3,128,11,0.44048986822366715,3.236243869390339,0.0001427318628905141,3,8,50
CV3 | nets=8 | frames=50,3,128,12,0.445190150141716,3.238608371242881,0.00014265233173637172,3,8,50
CV3 | nets=8 | frames=50,3,128,13,0.4369800221920013,3.2554904750958085,0.00014383786911412245,3,8,50
CV3 | nets=8 | frames=50,3,128,14,0.43871805965900423,3.1442690734528007,0.00013822167317016466,3,8,50
CV3 | nets=8 | frames=50,3,128,15,0.44431249871850015,3.1302113709077237,0.0001371165878076681,3,8,50
CV3 | nets=8 | frames=50,3,128,16,0.4315008065104485,3.1472057070061563,0.00013790503439804525,3,8,50
CV3 | nets=8 | frames=50,3,128,17,0.4310667026042938,3.187674259930849,0.00014272773707443774,3,8,50
CV3 | nets=8 | frames=50,3,128,18,0.44000198841094973,3.2300779632367194,0.00014208249106422954,3,8,50
CV3 | nets=8 | frames=100,3,128,1,0.22011100739240647,1.169377722051926,0.00010347571611623607,3,8,100
CV3 | nets=8 | frames=100,3,128,2,0.10739049527794123,1.0228248714767396,9.039795012563446e-05,3,8,100
CV3 | nets=8 | frames=100,3,128,3,0.10677813306450844,0.9626239364501089,8.550150294990998e-05,3,8,100
CV3 | nets=8 | frames=100,3,128,4,0.09892177768051624,0.8834348786789924,7.83588701140161e-05,3,8,100
CV3 | nets=8 | frames=100,3,128,5,0.10197562638670206,0.9980831093639135,8.897590885840146e-05,3,8,100
CV3 | nets=8 | frames=100,3,128,6,0.10066609289497137,0.8832317930832505,7.845740956418012e-05,3,8,100
CV3 | nets=8 | frames=100,3,128,7,0.09800292119383812,1.0467877315357328,9.409286613640688e-05,3,8,100
CV3 | nets=8 | frames=100,3,128,8,0.09739470520988107,0.8954149511754512,7.992877106755713e-05,3,8,100
CV3 | nets=8 | frames=100,3,128,9,0.09404264418408274,0.8526115911118686,7.622373382446313e-05,3,8,100
CV3 | nets=8 | frames=100,3,128,10,0.09134724112227559,0.8728696281425655,7.767500542468042e-05,3,8,100
CV3 | nets=8 | frames=100,3,128,11,0.08870448883622885,0.8721447964124381,7.730489563664378e-05,3,8,100
CV3 | nets=8 | frames=100,3,128,12,0.08185052253305912,0.8766165668740868,7.817436184723192e-05,3,8,100
CV3 | nets=8 | frames=100,3,128,13,0.078320156596601,0.9259618295319378,8.299555439748473e-05,3,8,100
CV3 | nets=8 | frames=100,3,128,14,0.06985539010725915,1.0673377852737904,9.69512165265769e-05,3,8,100
CV3 | nets=8 | frames=100,3,128,15,0.05794126539491117,1.5708029199764133,0.00014248639151810493,3,8,100
CV3 | nets=8 | frames=100,3,128,16,0.042814505426213144,3.0755369340628387,0.0002868413359865372,3,8,100
CV3 | nets=8 | frames=100,3,128,17,0.031918861772865056,4.5887944958359,0.00042778437433662475,3,8,100
CV3 | nets=8 | frames=100,3,128,18,0.025091508184559644,5.229230919338763,0.00048207232136837777,3,8,100
CV3 | nets=8 | frames=100,3,128,19,0.02484061506576836,6.532105791985988,0.0006061931189597089,3,8,100
CV3 | nets=8 | frames=100,3,128,20,0.02146893604192883,7.266072597205639,0.0006779405630904876,3,8,100
CV3 | nets=8 | frames=100,3,128,21,0.019710460489150136,8.316008090769872,0.0007773802749654805,3,8,100
CV3 | nets=8 | frames=100,3,128,22,0.020306552320253104,8.387001344755292,0.000779771176083159,3,8,100
CV3 | nets=8 | frames=100,3,128,23,0.01982936857966706,9.127027039751411,0.0008496509248182065,3,8,100
CV3 | nets=8 | frames=100,3,128,24,0.01889732478419319,8.596310868632049,0.0008066844778906557,3,8,100
