dataset,latent_dim,hidden_size,epoch,train_mse_norm,val_mse_norm,sweep_latent_dim,sweep_train_count,sweep_train_frames
CV1 | nets=1 | frames=2,1,128,1,1.0080325603485107,26212.321627609253,1,1,2
CV1 | nets=1 | frames=2,1,128,2,0.9746124744415284,26210.229853118897,1,1,2
CV1 | nets=1 | frames=2,1,128,3,0.9416714310646056,26215.76009288025,1,1,2
CV1 | nets=1 | frames=2,1,128,4,0.9052784442901612,26256.18471328735,1,1,2
CV1 | nets=1 | frames=2,1,128,5,0.8607975840568542,26391.66193127441,1,1,2
CV1 | nets=1 | frames=2,1,128,6,0.801089346408844,26780.06542491913,1,1,2
CV1 | nets=1 | frames=2,1,128,7,0.7145845890045166,27798.43101213074,1,1,2
CV1 | nets=1 | frames=2,1,128,8,0.5891003012657166,31609.0999125824,1,1,2
CV1 | nets=1 | frames=2,1,128,9,0.4463904201984405,47220.79037952804,1,1,2
CV1 | nets=1 | frames=2,1,128,10,0.4542849659919739,71855.96270816802,1,1,2
CV1 | nets=1 | frames=2,1,128,11,0.5475735068321228,91287.63167233276,1,1,2
CV1 | nets=1 | frames=2,1,128,12,0.5254050493240356,94450.22526461029,1,1,2
CV1 | nets=1 | frames=2,1,128,13,0.3811799585819244,85710.82912599944,1,1,2
CV1 | nets=1 | frames=2,1,128,14,0.2624787092208862,79968.7504029007,1,1,2
CV1 | nets=1 | frames=2,1,128,15,0.2366029173135757,90206.42752815246,1,1,2
CV1 | nets=1 | frames=2,1,128,16,0.2394927442073822,117010.75416698457,1,1,2
CV1 | nets=1 | frames=2,1,128,17,0.2204211056232452,170844.36009339904,1,1,2
CV1 | nets=1 | frames=5,1,128,1,1.0050272941589355,2781.3676068372724,1,1,5
CV1 | nets=1 | frames=5,1,128,2,0.9758701920509338,2780.736501857757,1,1,5
CV1 | nets=1 | frames=5,1,128,3,0.9466089010238647,2779.984759521484,1,1,5
CV1 | nets=1 | frames=5,1,128,4,0.9140291810035706,2779.003565720558,1,1,5
CV1 | nets=1 | frames=5,1,128,5,0.8751975893974304,2777.533176967621,1,1,5
CV1 | nets=1 | frames=5,1,128,6,0.8270179033279419,2774.677241598129,1,1,5
CV1 | nets=1 | frames=5,1,128,7,0.766791820526123,2767.542494767189,1,1,5
CV1 | nets=1 | frames=5,1,128,8,0.7030062079429626,2750.4465660562514,1,1,5
CV1 | nets=1 | frames=5,1,128,9,0.7089443206787109,2742.0222465052607,1,1,5
CV1 | nets=1 | frames=5,1,128,10,0.6898438930511475,2742.0454925146105,1,1,5
CV1 | nets=1 | frames=5,1,128,11,0.6620679497718811,2742.513245246887,1,1,5
CV1 | nets=1 | frames=5,1,128,12,0.6469089984893799,2740.0153614349365,1,1,5
CV1 | nets=1 | frames=5,1,128,13,0.6399574875831604,2729.444899301529,1,1,5
CV1 | nets=1 | frames=5,1,128,14,0.6342413425445557,2703.961676472664,1,1,5
CV1 | nets=1 | frames=5,1,128,15,0.6243792176246643,2685.05122537756,1,1,5
CV1 | nets=1 | frames=5,1,128,16,0.6065961122512817,2806.5242797207834,1,1,5
CV1 | nets=1 | frames=5,1,128,17,0.5793326497077942,3390.5882776947024,1,1,5
CV1 | nets=1 | frames=5,1,128,18,0.5453669428825378,4932.33524070549,1,1,5
CV1 | nets=1 | frames=5,1,128,19,0.5165784955024719,7227.555195287705,1,1,5
CV1 | nets=1 | frames=5,1,128,20,0.5040082931518555,8958.260220693588,1,1,5
CV1 | nets=1 | frames=5,1,128,21,0.4945492744445801,10233.296583210946,1,1,5
CV1 | nets=1 | frames=5,1,128,22,0.4900634288787842,12026.782709869383,1,1,5
CV1 | nets=1 | frames=5,1,128,23,0.4841944873332977,14910.973701828005,1,1,5
CV1 | nets=1 | frames=5,1,128,24,0.467623621225357,18077.56458986759,1,1,5
CV1 | nets=1 | frames=5,1,128,25,0.4549874067306518,17870.70496549225,1,1,5
CV1 | nets=1 | frames=5,1,128,26,0.4392410516738891,15360.119038777351,1,1,5
CV1 | nets=1 | frames=5,1,128,27,0.4240623712539673,13928.214402935027,1,1,5
CV1 | nets=1 | frames=5,1,128,28,0.4137713611125946,13511.109588777545,1,1,5
CV1 | nets=1 | frames=5,1,128,29,0.4008387923240661,12693.920142890933,1,1,5
CV1 | nets=1 | frames=5,1,128,30,0.3891864418983459,10628.110242071152,1,1,5
CV1 | nets=1 | frames=10,1,128,1,0.6421391386538744,398.2675345898867,1,1,10
CV1 | nets=1 | frames=10,1,128,2,1.2742491662502289,397.68613090467454,1,1,10
CV1 | nets=1 | frames=10,1,128,3,0.9041224122047424,396.384791437149,1,1,10
CV1 | nets=1 | frames=10,1,128,4,0.6758959889411926,392.3880741317272,1,1,10
CV1 | nets=1 | frames=10,1,128,5,0.5203434079885483,387.1457330749035,1,1,10
CV1 | nets=1 | frames=10,1,128,6,0.5950285196304321,384.9879150310755,1,1,10
CV1 | nets=1 | frames=10,1,128,7,0.7955987304449081,379.9829423353672,1,1,10
CV1 | nets=1 | frames=10,1,128,8,0.4960509240627289,368.5606561045647,1,1,10
CV1 | nets=1 | frames=10,1,128,9,0.8124590367078781,360.67360273873805,1,1,10
CV1 | nets=1 | frames=10,1,128,10,0.5233401209115982,432.3777241892815,1,1,10
CV1 | nets=1 | frames=10,1,128,11,0.4430544674396515,879.1193673706055,1,1,10
CV1 | nets=1 | frames=10,1,128,12,0.5131434053182602,1448.1823909761906,1,1,10
CV1 | nets=1 | frames=10,1,128,13,0.4819713830947876,2243.563670897007,1,1,10
CV1 | nets=1 | frames=10,1,128,14,0.3182768933475017,1828.015900825381,1,1,10
CV1 | nets=1 | frames=10,1,128,15,0.3004350252449512,1736.4853720844983,1,1,10
CV1 | nets=1 | frames=10,1,128,16,0.2674030717462301,1252.4064292366504,1,1,10
CV1 | nets=1 | frames=10,1,128,17,0.2664718814194202,1279.1823241649863,1,1,10
CV1 | nets=1 | frames=10,1,128,18,0.4203295558691025,907.1878270484208,1,1,10
CV1 | nets=1 | frames=10,1,128,19,0.3342737406492233,997.4244083957672,1,1,10
CV1 | nets=1 | frames=10,1,128,20,0.4110525101423263,873.7973388420344,1,1,10
CV1 | nets=1 | frames=10,1,128,21,0.2885532230138778,998.769915919423,1,1,10
CV1 | nets=1 | frames=10,1,128,22,0.2869057655334472,1251.845422983408,1,1,10
CV1 | nets=1 | frames=10,1,128,23,0.209698311984539,1156.8416324682237,1,1,10
CV1 | nets=1 | frames=10,1,128,24,0.2468140125274658,1075.052325082302,1,1,10
CV1 | nets=1 | frames=25,1,128,1,0.9692180156707764,41.88229972936213,1,1,25
CV1 | nets=1 | frames=25,1,128,2,0.6534842103719711,40.47729306399823,1,1,25
CV1 | nets=1 | frames=25,1,128,3,0.5733683556318283,38.598538662433626,1,1,25
CV1 | nets=1 | frames=25,1,128,4,0.648932695388794,37.81779379570485,1,1,25
CV1 | nets=1 | frames=25,1,128,5,0.4640236161649227,42.80622013795376,1,1,25
CV1 | nets=1 | frames=25,1,128,6,0.4081918559968471,267.0419524559975,1,1,25
CV1 | nets=1 | frames=25,1,128,7,0.4673100914806127,49.46721236392855,1,1,25
CV1 | nets=1 | frames=25,1,128,8,0.43581761745736,42.39888207226991,1,1,25
CV1 | nets=1 | frames=25,1,128,9,0.37880964204669,70.07667378431559,1,1,25
CV1 | nets=1 | frames=25,1,128,10,0.4475738704204559,44.93524942931533,1,1,25
CV1 | nets=1 | frames=25,1,128,11,0.3306312682107091,50.34898250247538,1,1,25
CV1 | nets=1 | frames=25,1,128,12,0.3169003445655107,71.46122495341301,1,1,25
CV1 | nets=1 | frames=25,1,128,13,0.2956839744001627,68.36320729008317,1,1,25
CV1 | nets=1 | frames=25,1,128,14,0.3370159193873405,70.95572843880952,1,1,25
CV1 | nets=1 | frames=25,1,128,15,0.3354310765862465,63.4870581382066,1,1,25
CV1 | nets=1 | frames=25,1,128,16,0.2445334922522306,60.34141977775097,1,1,25
CV1 | nets=1 | frames=25,1,128,17,0.2376729389652609,60.95267609240115,1,1,25
CV1 | nets=1 | frames=25,1,128,18,0.2431801706552505,66.08233432905377,1,1,25
CV1 | nets=1 | frames=25,1,128,19,0.3536072261631489,48.43041682571173,1,1,25
CV1 | nets=1 | frames=50,1,128,1,0.8688743880816868,8.240545992791652,1,1,50
CV1 | nets=1 | frames=50,1,128,2,0.6056031393153327,7.820792700052261,1,1,50
CV1 | nets=1 | frames=50,1,128,3,0.5757782203810555,7.62975380218029,1,1,50
CV1 | nets=1 | frames=50,1,128,4,0.4895429313182831,7.832854127317667,1,1,50
CV1 | nets=1 | frames=50,1,128,5,0.4646888673305511,7.698073045700789,1,1,50
CV1 | nets=1 | frames=50,1,128,6,0.3349749573639461,8.428463075608015,1,1,50
CV1 | nets=1 | frames=50,1,128,7,0.2998424065964563,8.254953179083765,1,1,50
CV1 | nets=1 | frames=50,1,128,8,0.2468944644289357,8.417237994261086,1,1,50
CV1 | nets=1 | frames=50,1,128,9,0.3177322638886315,8.591608942307532,1,1,50
CV1 | nets=1 | frames=50,1,128,10,0.2330640767301832,8.144285474792122,1,1,50
CV1 | nets=1 | frames=50,1,128,11,0.2069355100393295,8.386753819271922,1,1,50
CV1 | nets=1 | frames=50,1,128,12,0.1798602284065314,8.350668592080474,1,1,50
CV1 | nets=1 | frames=50,1,128,13,0.1989908580269132,8.14514242682606,1,1,50
CV1 | nets=1 | frames=50,1,128,14,0.1592095398477145,8.314704288057984,1,1,50
CV1 | nets=1 | frames=50,1,128,15,0.1652195411069052,8.071958414122463,1,1,50
CV1 | nets=1 | frames=50,1,128,16,0.1486179291137627,8.049087827458978,1,1,50
CV1 | nets=1 | frames=50,1,128,17,0.132922989981515,7.896026052512228,1,1,50
CV1 | nets=1 | frames=50,1,128,18,0.12897418652262,7.954422435492277,1,1,50
CV1 | nets=1 | frames=100,1,128,1,0.7717192975374368,1.6529036216139794,1,1,100
CV1 | nets=1 | frames=100,1,128,2,0.5337719848522773,1.675401472687721,1,1,100
CV1 | nets=1 | frames=100,1,128,3,0.3400782518661939,1.6873875571787358,1,1,100
CV1 | nets=1 | frames=100,1,128,4,0.2371102709036607,1.690409422814846,1,1,100
CV1 | nets=1 | frames=100,1,128,5,0.2030850087220852,1.6700931437388062,1,1,100
CV1 | nets=1 | frames=100,1,128,6,0.1682823695815526,1.7188309866935014,1,1,100
CV1 | nets=1 | frames=100,1,128,7,0.1434279256142102,1.7225756366103888,1,1,100
CV1 | nets=1 | frames=100,1,128,8,0.1178252261418562,1.7470880844146013,1,1,100
CV1 | nets=1 | frames=100,1,128,9,0.1060824176439872,1.6749354350194334,1,1,100
CV1 | nets=1 | frames=100,1,128,10,0.0901357987179206,1.7605683736093345,1,1,100
CV1 | nets=1 | frames=100,1,128,11,0.0855078132679829,1.713599994827062,1,1,100
CV1 | nets=1 | frames=100,1,128,12,0.0689343949063466,1.6942419340126216,1,1,100
CV1 | nets=1 | frames=100,1,128,13,0.0623838712389652,1.708349722210318,1,1,100
CV1 | nets=1 | frames=100,1,128,14,0.0579514798636619,1.743951221331954,1,1,100
CV1 | nets=1 | frames=100,1,128,15,0.0567399743371284,1.7222823677435517,1,1,100
CV1 | nets=1 | frames=100,1,128,16,0.0453255667995948,1.6991114553511142,1,1,100
CV1 | nets=2 | frames=2,1,128,1,1.0126886367797852,6218.312676528931,1,2,2
CV1 | nets=2 | frames=2,1,128,2,0.9771773219108582,6217.64078843689,1,2,2
CV1 | nets=2 | frames=2,1,128,3,0.9425398707389832,6216.7862866745,1,2,2
CV1 | nets=2 | frames=2,1,128,4,0.905264973640442,6215.906047981262,1,2,2
CV1 | nets=2 | frames=2,1,128,5,0.862122654914856,6214.188041831971,1,2,2
CV1 | nets=2 | frames=2,1,128,6,0.8093795776367188,6207.250306297302,1,2,2
CV1 | nets=2 | frames=2,1,128,7,0.7424929141998291,6190.361200141907,1,2,2
CV1 | nets=2 | frames=2,1,128,8,0.6615718603134155,6154.100030319214,1,2,2
CV1 | nets=2 | frames=2,1,128,9,0.5970373749732971,6031.746534511566,1,2,2
CV1 | nets=2 | frames=2,1,128,10,0.5406692624092102,5854.980546035767,1,2,2
CV1 | nets=2 | frames=2,1,128,11,0.4763024747371673,10434.380969942093,1,2,2
CV1 | nets=2 | frames=2,1,128,12,0.4089118540287018,24765.7073999424,1,2,2
CV1 | nets=2 | frames=2,1,128,13,0.3440972566604614,51492.40473387909,1,2,2
CV1 | nets=2 | frames=2,1,128,14,0.3040358126163482,102633.91287046242,1,2,2
CV1 | nets=2 | frames=2,1,128,15,0.2742244005203247,193248.74226499177,1,2,2
CV1 | nets=2 | frames=2,1,128,16,0.2435032874345779,317233.3340741844,1,2,2
CV1 | nets=2 | frames=2,1,128,17,0.2121133357286453,448160.752265213,1,2,2
CV1 | nets=2 | frames=2,1,128,18,0.1823303252458572,585045.1886682281,1,2,2
CV1 | nets=2 | frames=2,1,128,19,0.1618968397378921,732802.5447052307,1,2,2
CV1 | nets=2 | frames=2,1,128,20,0.1473482400178909,763427.1060518723,1,2,2
CV1 | nets=2 | frames=2,1,128,21,0.1259194910526275,270588.9692128067,1,2,2
CV1 | nets=2 | frames=2,1,128,22,0.0995898023247718,43487.71361717224,1,2,2
CV1 | nets=2 | frames=2,1,128,23,0.0816258192062377,29459.95979219818,1,2,2
CV1 | nets=2 | frames=2,1,128,24,0.0730141103267669,71343.24973252868,1,2,2
CV1 | nets=2 | frames=2,1,128,25,0.0675667822360992,671224.8159243622,1,2,2
CV1 | nets=2 | frames=5,1,128,1,0.806211531162262,486.26197768783567,1,2,5
CV1 | nets=2 | frames=5,1,128,2,0.5699843456968665,485.4504860887528,1,2,5
CV1 | nets=2 | frames=5,1,128,3,1.2282671928405762,483.85976993846896,1,2,5
CV1 | nets=2 | frames=5,1,128,4,0.9893166720867156,477.72728037047386,1,2,5
CV1 | nets=2 | frames=5,1,128,5,0.5125681608915329,455.064368535757,1,2,5
CV1 | nets=2 | frames=5,1,128,6,0.6787534058094025,448.6602541987896,1,2,5
CV1 | nets=2 | frames=5,1,128,7,0.5898973941802979,466.9543784434795,1,2,5
CV1 | nets=2 | frames=5,1,128,8,0.3690878450870514,471.9184785957336,1,2,5
CV1 | nets=2 | frames=5,1,128,9,0.3703104555606842,469.8311297352314,1,2,5
CV1 | nets=2 | frames=5,1,128,10,0.6498365178704262,469.83753234124185,1,2,5
CV1 | nets=2 | frames=5,1,128,11,0.3690634369850158,508.3422499125004,1,2,5
CV1 | nets=2 | frames=5,1,128,12,0.2433960661292076,701.1301941643953,1,2,5
CV1 | nets=2 | frames=5,1,128,13,0.3751850947737694,544.3174247002602,1,2,5
CV1 | nets=2 | frames=5,1,128,14,0.169773232191801,439.948482757926,1,2,5
CV1 | nets=2 | frames=5,1,128,15,0.2015426456928253,446.23293123948577,1,2,5
CV1 | nets=2 | frames=5,1,128,16,0.1391784586012363,482.965521070242,1,2,5
CV1 | nets=2 | frames=5,1,128,17,0.2715385630726814,540.7326769163609,1,2,5
CV1 | nets=2 | frames=5,1,128,18,0.1913668848574161,553.9652117928266,1,2,5
CV1 | nets=2 | frames=5,1,128,19,0.1039746599271893,502.2985645819903,1,2,5
CV1 | nets=2 | frames=5,1,128,20,0.22701096534729,509.87503207218646,1,2,5
CV1 | nets=2 | frames=5,1,128,21,0.1327693345956504,562.4679196156263,1,2,5
CV1 | nets=2 | frames=5,1,128,22,0.2101751565933227,697.2446172767877,1,2,5
CV1 | nets=2 | frames=5,1,128,23,0.1687359809875488,693.1887261203527,1,2,5
CV1 | nets=2 | frames=5,1,128,24,0.3125934936106205,604.8065562539101,1,2,5
CV1 | nets=2 | frames=5,1,128,25,0.1883956417441368,488.7615010818243,1,2,5
CV1 | nets=2 | frames=5,1,128,26,0.1122379750013351,473.70643207764624,1,2,5
CV1 | nets=2 | frames=5,1,128,27,0.2891415134072304,480.5453360748291,1,2,5
CV1 | nets=2 | frames=5,1,128,28,0.1623063758015632,479.2370118035078,1,2,5
CV1 | nets=2 | frames=5,1,128,29,0.1077129170298576,474.5536165341138,1,2,5
CV1 | nets=2 | frames=10,1,128,1,0.9431891242663064,96.22873628467322,1,2,10
CV1 | nets=2 | frames=10,1,128,2,0.7828304370244344,94.808235008955,1,2,10
CV1 | nets=2 | frames=10,1,128,3,0.6302764614423116,85.62077557873725,1,2,10
CV1 | nets=2 | frames=10,1,128,4,0.5780941247940063,90.19616994422674,1,2,10
CV1 | nets=2 | frames=10,1,128,5,0.5104807416598002,94.49880708891152,1,2,10
CV1 | nets=2 | frames=10,1,128,6,0.4535570740699768,95.7016400976181,1,2,10
CV1 | nets=2 | frames=10,1,128,7,0.3641170114278793,95.72577027380468,1,2,10
CV1 | nets=2 | frames=10,1,128,8,0.3016279439131419,97.0858611394763,1,2,10
CV1 | nets=2 | frames=10,1,128,9,0.2936786512533824,90.08975883090496,1,2,10
CV1 | nets=2 | frames=10,1,128,10,0.2375119825204213,100.8700947137773,1,2,10
CV1 | nets=2 | frames=10,1,128,11,0.1867424100637436,152.00118423207104,1,2,10
CV1 | nets=2 | frames=10,1,128,12,0.1800238291422526,139.2737154698968,1,2,10
CV1 | nets=2 | frames=10,1,128,13,0.1929858376582463,173.3175709772259,1,2,10
CV1 | nets=2 | frames=10,1,128,14,0.2090984880924224,111.57689745029808,1,2,10
CV1 | nets=2 | frames=10,1,128,15,0.1675038586060206,89.86325924402476,1,2,10
CV1 | nets=2 | frames=10,1,128,16,0.1907317290703455,95.82906420896948,1,2,10
CV1 | nets=2 | frames=10,1,128,17,0.1926652664939562,95.5325732281655,1,2,10
CV1 | nets=2 | frames=10,1,128,18,0.1424245635668436,88.87630038821698,1,2,10
CV1 | nets=2 | frames=25,1,128,1,1.0152302724974496,12.419910813048482,1,2,25
CV1 | nets=2 | frames=25,1,128,2,0.6081951771463666,12.270120073258877,1,2,25
CV1 | nets=2 | frames=25,1,128,3,0.4519320854118892,12.379109971761704,1,2,25
CV1 | nets=2 | frames=25,1,128,4,0.2925511332494871,11.009555034726858,1,2,25
CV1 | nets=2 | frames=25,1,128,5,0.2331901884504727,16.46408566914499,1,2,25
CV1 | nets=2 | frames=25,1,128,6,0.2338372809546334,12.537526509925724,1,2,25
CV1 | nets=2 | frames=25,1,128,7,0.1817524156400135,11.975726795941592,1,2,25
CV1 | nets=2 | frames=25,1,128,8,0.2046833027686391,12.414941650435328,1,2,25
CV1 | nets=2 | frames=25,1,128,9,0.1971869000366755,11.16885005544126,1,2,25
CV1 | nets=2 | frames=25,1,128,10,0.1731616726943425,12.081657020512967,1,2,25
CV1 | nets=2 | frames=25,1,128,11,0.1564158914344651,11.56543275489658,1,2,25
CV1 | nets=2 | frames=25,1,128,12,0.178546385041305,10.915368644263596,1,2,25
CV1 | nets=2 | frames=25,1,128,13,0.1478202412171023,10.935805427223444,1,2,25
CV1 | nets=2 | frames=25,1,128,14,0.1358205931527274,10.633336022697389,1,2,25
CV1 | nets=2 | frames=25,1,128,15,0.1295640557738287,10.468608371973035,1,2,25
CV1 | nets=2 | frames=25,1,128,16,0.1417074991124016,10.474175134055317,1,2,25
CV1 | nets=2 | frames=25,1,128,17,0.1374301463365554,10.284999170303344,1,2,25
CV1 | nets=2 | frames=25,1,128,18,0.1304113417863845,10.488119222790004,1,2,25
CV1 | nets=2 | frames=25,1,128,19,0.1328428557940892,10.488277641750871,1,2,25
CV1 | nets=2 | frames=25,1,128,20,0.1330942937305995,10.593631788656117,1,2,25
CV1 | nets=2 | frames=25,1,128,21,0.1221170856484345,10.814297395221889,1,2,25
CV1 | nets=2 | frames=25,1,128,22,0.123074713562216,10.932692641191183,1,2,25
CV1 | nets=2 | frames=25,1,128,23,0.1488073542714119,10.937096551820636,1,2,25
CV1 | nets=2 | frames=25,1,128,24,0.1261732610208647,11.255067001231014,1,2,25
CV1 | nets=2 | frames=25,1,128,25,0.1140514372714928,11.37002064242214,1,2,25
CV1 | nets=2 | frames=25,1,128,26,0.1096257051186902,11.450059072948992,1,2,25
CV1 | nets=2 | frames=25,1,128,27,0.1090413347951003,11.42744127728045,1,2,25
CV1 | nets=2 | frames=25,1,128,28,0.1059165219111102,11.47656536589563,1,2,25
CV1 | nets=2 | frames=25,1,128,29,0.0967197455465793,11.506791685387492,1,2,25
CV1 | nets=2 | frames=25,1,128,30,0.1075201843466077,11.423140830025076,1,2,25
CV1 | nets=2 | frames=25,1,128,31,0.1109068755592618,11.324742053978143,1,2,25
CV1 | nets=2 | frames=25,1,128,32,0.1189354807138443,11.395104580584912,1,2,25
CV1 | nets=2 | frames=50,1,128,1,0.7516140250059274,2.6493699370026587,1,2,50
CV1 | nets=2 | frames=50,1,128,2,0.4453055274028044,2.869877594053745,1,2,50
CV1 | nets=2 | frames=50,1,128,3,0.2941120668099476,2.9969447670429945,1,2,50
CV1 | nets=2 | frames=50,1,128,4,0.2068752090518291,2.304728883095086,1,2,50
CV1 | nets=2 | frames=50,1,128,5,0.1779055956464547,2.3905416684001684,1,2,50
CV1 | nets=2 | frames=50,1,128,6,0.1626043087587906,2.304747096784413,1,2,50
CV1 | nets=2 | frames=50,1,128,7,0.1563831539108203,2.1412511629648505,1,2,50
CV1 | nets=2 | frames=50,1,128,8,0.1507101159256238,2.110754382878542,1,2,50
CV1 | nets=2 | frames=50,1,128,9,0.1431915817352441,2.0205780403614044,1,2,50
CV1 | nets=2 | frames=50,1,128,10,0.1245001133244771,1.9867545614764093,1,2,50
CV1 | nets=2 | frames=50,1,128,11,0.1082602279404034,2.0864681196138264,1,2,50
CV1 | nets=2 | frames=50,1,128,12,0.0967382731345983,2.036091150071472,1,2,50
CV1 | nets=2 | frames=50,1,128,13,0.0804215967655181,2.0423324459455907,1,2,50
CV1 | nets=2 | frames=50,1,128,14,0.0690628740793237,2.045812883742154,1,2,50
CV1 | nets=2 | frames=50,1,128,15,0.0647596027702093,2.0052971863225104,1,2,50
CV1 | nets=2 | frames=50,1,128,16,0.0586267175296178,1.9942819445990023,1,2,50
CV1 | nets=2 | frames=50,1,128,17,0.0571627536645302,2.039089257668704,1,2,50
CV1 | nets=2 | frames=50,1,128,18,0.05128425739419,2.0741017463952303,1,2,50
CV1 | nets=2 | frames=50,1,128,19,0.0539266782311292,2.0296616860628127,1,2,50
CV1 | nets=2 | frames=50,1,128,20,0.0565676297992467,2.085225394818932,1,2,50
CV1 | nets=2 | frames=50,1,128,21,0.0647703128365369,2.0168515698984266,1,2,50
CV1 | nets=2 | frames=50,1,128,22,0.070732237627873,2.006110279913992,1,2,50
CV1 | nets=2 | frames=50,1,128,23,0.0732680418743537,2.0178240675255656,1,2,50
CV1 | nets=2 | frames=50,1,128,24,0.04543931552997,2.0068773876577617,1,2,50
CV1 | nets=2 | frames=50,1,128,25,0.0442490998942118,2.0062969352155924,1,2,50
CV1 | nets=2 | frames=100,1,128,1,0.5542598176002502,0.5989606676399708,1,2,100
CV1 | nets=2 | frames=100,1,128,2,0.2571456155180931,0.46193592043221,1,2,100
CV1 | nets=2 | frames=100,1,128,3,0.1947692483663559,0.459686554133892,1,2,100
CV1 | nets=2 | frames=100,1,128,4,0.1643294535577297,0.4780159727036953,1,2,100
CV1 | nets=2 | frames=100,1,128,5,0.1407001596689224,0.5969170119464398,1,2,100
CV1 | nets=2 | frames=100,1,128,6,0.1105452638864517,0.5815758500397206,1,2,100
CV1 | nets=2 | frames=100,1,128,7,0.0992779782414436,0.6113003696501255,1,2,100
CV1 | nets=2 | frames=100,1,128,8,0.0752204084396362,0.610936589103192,1,2,100
CV1 | nets=2 | frames=100,1,128,9,0.0708310012519359,0.5903585201576352,1,2,100
CV1 | nets=2 | frames=100,1,128,10,0.0653180074691772,0.6445966693870723,1,2,100
CV1 | nets=2 | frames=100,1,128,11,0.0614502378553152,0.6326397318374366,1,2,100
CV1 | nets=2 | frames=100,1,128,12,0.0575192534178495,0.6302419903203845,1,2,100
CV1 | nets=2 | frames=100,1,128,13,0.0439952114224433,0.6557577987350524,1,2,100
CV1 | nets=2 | frames=100,1,128,14,0.037071603834629,0.6832009684033692,1,2,100
CV1 | nets=2 | frames=100,1,128,15,0.0416510554403066,0.6724615901522338,1,2,100
CV1 | nets=2 | frames=100,1,128,16,0.0329058435559272,0.6874309860654175,1,2,100
CV1 | nets=2 | frames=100,1,128,17,0.039527468830347,0.6188550287857651,1,2,100
CV1 | nets=2 | frames=100,1,128,18,0.033083731457591,0.6710263540763408,1,2,100
CV1 | nets=4 | frames=2,1,128,1,1.0030289888381958,8208.819348098756,1,4,2
CV1 | nets=4 | frames=2,1,128,2,0.969630002975464,8207.774442008973,1,4,2
CV1 | nets=4 | frames=2,1,128,3,0.936205267906189,8205.419641189575,1,4,2
CV1 | nets=4 | frames=2,1,128,4,0.8996105194091797,8196.178968887329,1,4,2
CV1 | nets=4 | frames=2,1,128,5,0.8568373918533325,8177.723599853515,1,4,2
CV1 | nets=4 | frames=2,1,128,6,0.8044474124908447,8159.079520294189,1,4,2
CV1 | nets=4 | frames=2,1,128,7,0.7376790046691895,8202.271860595703,1,4,2
CV1 | nets=4 | frames=2,1,128,8,0.651006281375885,8765.858277305602,1,4,2
CV1 | nets=4 | frames=2,1,128,9,0.5568345189094543,11534.059437541962,1,4,2
CV1 | nets=4 | frames=2,1,128,10,0.5344170331954956,14899.236892749786,1,4,2
CV1 | nets=4 | frames=2,1,128,11,0.4873064458370209,19559.33063310623,1,4,2
CV1 | nets=4 | frames=2,1,128,12,0.4353516399860382,25434.667709985733,1,4,2
CV1 | nets=4 | frames=2,1,128,13,0.3771892786026001,34632.097824611665,1,4,2
CV1 | nets=4 | frames=2,1,128,14,0.3310395777225494,53944.960467281344,1,4,2
CV1 | nets=4 | frames=2,1,128,15,0.2961291074752807,93953.73286043169,1,4,2
CV1 | nets=4 | frames=2,1,128,16,0.2536092400550842,178068.0108704834,1,4,2
CV1 | nets=4 | frames=2,1,128,17,0.2167808264493942,306711.0130154724,1,4,2
CV1 | nets=4 | frames=2,1,128,18,0.2152340859174728,397940.3745864869,1,4,2
CV1 | nets=4 | frames=2,1,128,19,0.1904520243406295,446149.3047907944,1,4,2
CV1 | nets=4 | frames=2,1,128,20,0.1714370101690292,558035.5215207901,1,4,2
CV1 | nets=4 | frames=2,1,128,21,0.1544857770204544,784553.1007004699,1,4,2
CV1 | nets=4 | frames=5,1,128,1,0.9618752400080364,708.4586163487435,1,4,5
CV1 | nets=4 | frames=5,1,128,2,0.8257073958714803,697.9153062729836,1,4,5
CV1 | nets=4 | frames=5,1,128,3,0.617722084124883,686.2736152756214,1,4,5
CV1 | nets=4 | frames=5,1,128,4,0.5159246226151785,941.6661040372848,1,4,5
CV1 | nets=4 | frames=5,1,128,5,0.5110857834418615,2637.8403761764766,1,4,5
CV1 | nets=4 | frames=5,1,128,6,0.4373644193013509,5885.396516854286,1,4,5
CV1 | nets=4 | frames=5,1,128,7,0.3834708233674367,6952.775989449978,1,4,5
CV1 | nets=4 | frames=5,1,128,8,0.3569898655017217,13705.544810006855,1,4,5
CV1 | nets=4 | frames=5,1,128,9,0.3489522238572438,6507.538478830099,1,4,5
CV1 | nets=4 | frames=5,1,128,10,0.3628309617439906,1029.4939156773091,1,4,5
CV1 | nets=4 | frames=5,1,128,11,0.3833248168230057,603.1969966868162,1,4,5
CV1 | nets=4 | frames=5,1,128,12,0.2928816725810368,649.7052325121165,1,4,5
CV1 | nets=4 | frames=5,1,128,13,0.3060402572154999,660.8190476416349,1,4,5
CV1 | nets=4 | frames=5,1,128,14,0.2641009291013081,650.6577360976935,1,4,5
CV1 | nets=4 | frames=5,1,128,15,0.2826342930396398,646.7180045367479,1,4,5
CV1 | nets=4 | frames=5,1,128,16,0.270836333433787,665.9600464084149,1,4,5
CV1 | nets=4 | frames=5,1,128,17,0.2286684960126876,686.5773505061865,1,4,5
CV1 | nets=4 | frames=5,1,128,18,0.2185323635737101,696.9864596853256,1,4,5
CV1 | nets=4 | frames=5,1,128,19,0.2231562882661819,693.0487940436601,1,4,5
CV1 | nets=4 | frames=5,1,128,20,0.1998503506183624,698.0643244724274,1,4,5
CV1 | nets=4 | frames=5,1,128,21,0.2051381568113962,707.1519299077987,1,4,5
CV1 | nets=4 | frames=5,1,128,22,0.222396433353424,718.8475360065698,1,4,5
CV1 | nets=4 | frames=5,1,128,23,0.2149376074473063,715.922945827365,1,4,5
CV1 | nets=4 | frames=5,1,128,24,0.2453052202860514,720.7299171447754,1,4,5
CV1 | nets=4 | frames=5,1,128,25,0.2442865620056788,713.5437579764127,1,4,5
CV1 | nets=4 | frames=5,1,128,26,0.254932810862859,713.0203101425171,1,4,5
CV1 | nets=4 | frames=10,1,128,1,0.9254312753677368,134.01055047118663,1,4,10
CV1 | nets=4 | frames=10,1,128,2,0.7116044044494629,120.45225857675076,1,4,10
CV1 | nets=4 | frames=10,1,128,3,0.5760240674018859,133.89467878091335,1,4,10
CV1 | nets=4 | frames=10,1,128,4,0.5331587284803391,146.27015972056984,1,4,10
CV1 | nets=4 | frames=10,1,128,5,0.478248643875122,303.1321286359727,1,4,10
CV1 | nets=4 | frames=10,1,128,6,0.4380022585391998,157.8821264948249,1,4,10
CV1 | nets=4 | frames=10,1,128,7,0.3943108141422272,123.23010270684958,1,4,10
CV1 | nets=4 | frames=10,1,128,8,0.3270840853452682,148.38692093327643,1,4,10
CV1 | nets=4 | frames=10,1,128,9,0.3246083945035934,134.9853448372483,1,4,10
CV1 | nets=4 | frames=10,1,128,10,0.2921398609876632,153.98998443634807,1,4,10
CV1 | nets=4 | frames=10,1,128,11,0.3085058659315109,128.5969214859903,1,4,10
CV1 | nets=4 | frames=10,1,128,12,0.2746288627386093,158.65663299000263,1,4,10
CV1 | nets=4 | frames=10,1,128,13,0.3847597450017929,135.2347722300291,1,4,10
CV1 | nets=4 | frames=10,1,128,14,0.2688324868679047,127.95597979304196,1,4,10
CV1 | nets=4 | frames=10,1,128,15,0.2530601233243942,119.99670004341006,1,4,10
CV1 | nets=4 | frames=10,1,128,16,0.2432452857494354,119.85002662721276,1,4,10
CV1 | nets=4 | frames=10,1,128,17,0.2433955907821655,121.97977240099011,1,4,10
CV1 | nets=4 | frames=10,1,128,18,0.2494423002004623,119.87689901265502,1,4,10
CV1 | nets=4 | frames=10,1,128,19,0.2479110419750213,120.89592462946474,1,4,10
CV1 | nets=4 | frames=10,1,128,20,0.2439890205860138,122.0270007161498,1,4,10
CV1 | nets=4 | frames=10,1,128,21,0.2523359030485153,121.94937470909952,1,4,10
CV1 | nets=4 | frames=10,1,128,22,0.2501459449529647,125.8573445777297,1,4,10
CV1 | nets=4 | frames=10,1,128,23,0.2371946513652801,122.17098121866584,1,4,10
CV1 | nets=4 | frames=10,1,128,24,0.2251577392220497,123.34022865182162,1,4,10
CV1 | nets=4 | frames=10,1,128,25,0.2281524211168289,125.31819834148884,1,4,10
CV1 | nets=4 | frames=10,1,128,26,0.2215424746274948,124.21920518651604,1,4,10
CV1 | nets=4 | frames=10,1,128,27,0.2353341281414032,127.08122957634926,1,4,10
CV1 | nets=4 | frames=10,1,128,28,0.2490194737911224,127.02065009358525,1,4,10
CV1 | nets=4 | frames=10,1,128,29,0.2478202998638153,126.84065136444568,1,4,10
CV1 | nets=4 | frames=10,1,128,30,0.2738356500864028,125.92198977947236,1,4,10
CV1 | nets=4 | frames=10,1,128,31,0.23379747569561,121.0669424035698,1,4,10
CV1 | nets=4 | frames=25,1,128,1,0.7819170516270858,14.860561869084837,1,4,25
CV1 | nets=4 | frames=25,1,128,2,0.5148081687780527,15.271547866746785,1,4,25
CV1 | nets=4 | frames=25,1,128,3,0.4743384054073921,13.077077918767928,1,4,25
CV1 | nets=4 | frames=25,1,128,4,0.4382715752491584,14.344120494142174,1,4,25
CV1 | nets=4 | frames=25,1,128,5,0.4446574644400523,14.494419708564877,1,4,25
CV1 | nets=4 | frames=25,1,128,6,0.4255846990988804,14.366841378238052,1,4,25
CV1 | nets=4 | frames=25,1,128,7,0.4378348176295941,12.83239432894066,1,4,25
CV1 | nets=4 | frames=25,1,128,8,0.4127034739806102,30.070668754387647,1,4,25
CV1 | nets=4 | frames=25,1,128,9,0.3859725881081361,13.606340181034058,1,4,25
CV1 | nets=4 | frames=25,1,128,10,0.3936008237875424,13.614129634350538,1,4,25
CV1 | nets=4 | frames=25,1,128,11,0.3525909930467605,15.660243279248476,1,4,25
CV1 | nets=4 | frames=25,1,128,12,0.3572139671215644,16.577763359732927,1,4,25
CV1 | nets=4 | frames=25,1,128,13,0.3514592234904949,20.358201478477568,1,4,25
CV1 | nets=4 | frames=25,1,128,14,0.2939154276481041,30.35028646040708,1,4,25
CV1 | nets=4 | frames=25,1,128,15,0.3603230244838274,16.032256481304763,1,4,25
CV1 | nets=4 | frames=25,1,128,16,0.3908702433109283,21.95154900559783,1,4,25
CV1 | nets=4 | frames=25,1,128,17,0.3113452219046079,20.408247856985778,1,4,25
CV1 | nets=4 | frames=25,1,128,18,0.2773545223933,25.065448776990173,1,4,25
CV1 | nets=4 | frames=25,1,128,19,0.3049823962725125,15.389073393501342,1,4,25
CV1 | nets=4 | frames=25,1,128,20,0.3187278623764331,19.726187157325448,1,4,25
CV1 | nets=4 | frames=25,1,128,21,0.2842241537112456,42.673651586703954,1,4,25
CV1 | nets=4 | frames=25,1,128,22,0.3040025325921865,15.31425921908766,1,4,25
CV1 | nets=4 | frames=50,1,128,1,0.7017292618751526,3.0261340631246565,1,4,50
CV1 | nets=4 | frames=50,1,128,2,0.4886863601207733,2.971102255865932,1,4,50
CV1 | nets=4 | frames=50,1,128,3,0.4649465239048004,3.090483451161534,1,4,50
CV1 | nets=4 | frames=50,1,128,4,0.4664250409603119,2.915419062048197,1,4,50
CV1 | nets=4 | frames=50,1,128,5,0.420207177400589,3.6159050602428615,1,4,50
CV1 | nets=4 | frames=50,1,128,6,0.3913953679800033,4.154454171258956,1,4,50
CV1 | nets=4 | frames=50,1,128,7,0.3737097220122814,3.091747653480619,1,4,50
CV1 | nets=4 | frames=50,1,128,8,0.3375042334198951,3.911456219941378,1,4,50
CV1 | nets=4 | frames=50,1,128,9,0.3298246252536774,3.0896310647800567,1,4,50
CV1 | nets=4 | frames=50,1,128,10,0.3121726495027542,3.97104900768213,1,4,50
CV1 | nets=4 | frames=50,1,128,11,0.3096308881044388,6.398541775736958,1,4,50
CV1 | nets=4 | frames=50,1,128,12,0.2966229858994484,3.094632831398397,1,4,50
CV1 | nets=4 | frames=50,1,128,13,0.3029182210564613,4.055702388077974,1,4,50
CV1 | nets=4 | frames=50,1,128,14,0.3017583179473877,3.495048368446529,1,4,50
CV1 | nets=4 | frames=50,1,128,15,0.2892578983306885,2.952829616844654,1,4,50
CV1 | nets=4 | frames=50,1,128,16,0.2512228140234947,3.830026726529002,1,4,50
CV1 | nets=4 | frames=50,1,128,17,0.2429206535220146,3.771705366306007,1,4,50
CV1 | nets=4 | frames=50,1,128,18,0.2414260971546173,3.47893049993366,1,4,50
CV1 | nets=4 | frames=50,1,128,19,0.2617457380890846,3.0925914495922626,1,4,50
CV1 | nets=4 | frames=100,1,128,1,0.5677657097578048,0.7071026363633574,1,4,100
CV1 | nets=4 | frames=100,1,128,2,0.4593267081677913,0.5866618966180831,1,4,100
CV1 | nets=4 | frames=100,1,128,3,0.4147284561395645,0.5920688856840134,1,4,100
CV1 | nets=4 | frames=100,1,128,4,0.3518073117733001,0.7126359879299998,1,4,100
CV1 | nets=4 | frames=100,1,128,5,0.321462208032608,0.6688532043211162,1,4,100
CV1 | nets=4 | frames=100,1,128,6,0.2873371866345405,0.6093988401480019,1,4,100
CV1 | nets=4 | frames=100,1,128,7,0.2852971136569976,0.608601203719154,1,4,100
CV1 | nets=4 | frames=100,1,128,8,0.2751692560315132,0.5717521884199231,1,4,100
CV1 | nets=4 | frames=100,1,128,9,0.2833424730598926,0.6156248482204973,1,4,100
CV1 | nets=4 | frames=100,1,128,10,0.2355293108522892,0.7667248142287135,1,4,100
CV1 | nets=4 | frames=100,1,128,11,0.2271657298505306,0.6223673255220056,1,4,100
CV1 | nets=4 | frames=100,1,128,12,0.2037359836697578,0.6015288437232376,1,4,100
CV1 | nets=4 | frames=100,1,128,13,0.2027153944969177,0.5917118020355702,1,4,100
CV1 | nets=4 | frames=100,1,128,14,0.1767100748419761,0.6032013789340853,1,4,100
CV1 | nets=4 | frames=100,1,128,15,0.174198328256607,0.6056728711985052,1,4,100
CV1 | nets=4 | frames=100,1,128,16,0.1467504973709583,0.6200312863588333,1,4,100
CV1 | nets=4 | frames=100,1,128,17,0.1330692855268717,0.6684505285806954,1,4,100
CV1 | nets=4 | frames=100,1,128,18,0.1299651147425174,0.6343728382065892,1,4,100
CV1 | nets=4 | frames=100,1,128,19,0.1258133535087108,0.6196635473780334,1,4,100
CV1 | nets=4 | frames=100,1,128,20,0.1543047974258661,0.6446392095834017,1,4,100
CV1 | nets=4 | frames=100,1,128,21,0.1120321878045797,0.638203143954277,1,4,100
CV1 | nets=4 | frames=100,1,128,22,0.1011013532429933,0.6481989138536155,1,4,100
CV1 | nets=4 | frames=100,1,128,23,0.0867113283276558,0.6745683138482272,1,4,100
CV1 | nets=8 | frames=2,1,128,1,0.9602574408054352,6691.817130859375,1,8,2
CV1 | nets=8 | frames=2,1,128,2,0.9170522093772888,6686.365976905823,1,8,2
CV1 | nets=8 | frames=2,1,128,3,0.8354401886463165,6637.835231655121,1,8,2
CV1 | nets=8 | frames=2,1,128,4,0.679436594247818,6704.644740898132,1,8,2
CV1 | nets=8 | frames=2,1,128,5,0.5779701620340347,16207.008595180512,1,8,2
CV1 | nets=8 | frames=2,1,128,6,0.497350126504898,24699.406358169555,1,8,2
CV1 | nets=8 | frames=2,1,128,7,0.3863662332296371,34638.638798475266,1,8,2
CV1 | nets=8 | frames=2,1,128,8,0.295647919178009,97203.3695855217,1,8,2
CV1 | nets=8 | frames=2,1,128,9,0.248938463628292,235290.37308101845,1,8,2
CV1 | nets=8 | frames=2,1,128,10,0.2024803757667541,376746.0543948364,1,8,2
CV1 | nets=8 | frames=2,1,128,11,0.1721027493476867,564364.4812087326,1,8,2
CV1 | nets=8 | frames=2,1,128,12,0.1168078258633613,565058.9597210083,1,8,2
CV1 | nets=8 | frames=2,1,128,13,0.1168818697333335,493135.03907520295,1,8,2
CV1 | nets=8 | frames=2,1,128,14,0.093352660536766,515918.4708109283,1,8,2
CV1 | nets=8 | frames=2,1,128,15,0.0874457024037838,667317.8467147369,1,8,2
CV1 | nets=8 | frames=2,1,128,16,0.0780140962451696,860941.5032704086,1,8,2
CV1 | nets=8 | frames=2,1,128,17,0.0747608374804258,818635.2548276901,1,8,2
CV1 | nets=8 | frames=2,1,128,18,0.057429214939475,678278.184947113,1,8,2
CV1 | nets=8 | frames=5,1,128,1,0.9126970946788788,519.9066890878678,1,8,5
CV1 | nets=8 | frames=5,1,128,2,0.6777911126613617,579.7919641721248,1,8,5
CV1 | nets=8 | frames=5,1,128,3,0.4985932856798172,931.861334245205,1,8,5
CV1 | nets=8 | frames=5,1,128,4,0.402949047088623,577.5320850269794,1,8,5
CV1 | nets=8 | frames=5,1,128,5,0.3267487913370132,1305.5415696793796,1,8,5
CV1 | nets=8 | frames=5,1,128,6,0.2526358753442764,491.2741885398626,1,8,5
CV1 | nets=8 | frames=5,1,128,7,0.2224673330783844,612.7988850332498,1,8,5
CV1 | nets=8 | frames=5,1,128,8,0.2164657682180404,530.5095868901014,1,8,5
CV1 | nets=8 | frames=5,1,128,9,0.2230564728379249,491.32453326833246,1,8,5
CV1 | nets=8 | frames=5,1,128,10,0.1738530769944191,490.9675249712468,1,8,5
CV1 | nets=8 | frames=5,1,128,11,0.1947261750698089,495.6079421789646,1,8,5
CV1 | nets=8 | frames=5,1,128,12,0.1574190393090248,489.9507329962254,1,8,5
CV1 | nets=8 | frames=5,1,128,13,0.1564379900693893,500.2737945908308,1,8,5
CV1 | nets=8 | frames=5,1,128,14,0.1406113445758819,509.8078614054919,1,8,5
CV1 | nets=8 | frames=5,1,128,15,0.1366367191076278,513.179867524743,1,8,5
CV1 | nets=8 | frames=5,1,128,16,0.1402080029249191,523.2484347544909,1,8,5
CV1 | nets=8 | frames=5,1,128,17,0.1340832680463791,523.1812400711178,1,8,5
CV1 | nets=8 | frames=5,1,128,18,0.1197005830705165,527.9317480398416,1,8,5
CV1 | nets=8 | frames=5,1,128,19,0.12407306432724,527.7822131853104,1,8,5
CV1 | nets=8 | frames=5,1,128,20,0.1281666055321693,531.3462240936756,1,8,5
CV1 | nets=8 | frames=5,1,128,21,0.1317173287272453,533.0387857643366,1,8,5
CV1 | nets=8 | frames=5,1,128,22,0.1263836309313774,525.8938866280317,1,8,5
CV1 | nets=8 | frames=5,1,128,23,0.1430084004998207,530.0587177780867,1,8,5
CV1 | nets=8 | frames=5,1,128,24,0.1283645644783973,530.1545245429278,1,8,5
CV1 | nets=8 | frames=5,1,128,25,0.1162265047430992,530.703685882926,1,8,5
CV1 | nets=8 | frames=5,1,128,26,0.1168617762625217,528.1387158740163,1,8,5
CV1 | nets=8 | frames=5,1,128,27,0.1134043768048286,520.1700845974684,1,8,5
CV1 | nets=8 | frames=10,1,128,1,0.7605172306299209,85.86597442150116,1,8,10
CV1 | nets=8 | frames=10,1,128,2,0.5482531964778901,136.33258669048547,1,8,10
CV1 | nets=8 | frames=10,1,128,3,0.4390124931931495,354.6919718981087,1,8,10
CV1 | nets=8 | frames=10,1,128,4,0.3223005905747413,141.28961454296112,1,8,10
CV1 | nets=8 | frames=10,1,128,5,0.2614163175225258,109.51644878968597,1,8,10
CV1 | nets=8 | frames=10,1,128,6,0.236437976360321,122.11233871544896,1,8,10
CV1 | nets=8 | frames=10,1,128,7,0.2578874967992305,104.90473553213477,1,8,10
CV1 | nets=8 | frames=10,1,128,8,0.2213660381734371,95.11275195375084,1,8,10
CV1 | nets=8 | frames=10,1,128,9,0.1891422145068645,92.72101709502935,1,8,10
CV1 | nets=8 | frames=10,1,128,10,0.1782348647713661,91.37467072448136,1,8,10
CV1 | nets=8 | frames=10,1,128,11,0.1813068822026252,93.018790444538,1,8,10
CV1 | nets=8 | frames=10,1,128,12,0.2166060298681259,94.31974415925146,1,8,10
CV1 | nets=8 | frames=10,1,128,13,0.1755639895796776,93.71737523159383,1,8,10
CV1 | nets=8 | frames=10,1,128,14,0.1694248795509338,92.48372649770975,1,8,10
CV1 | nets=8 | frames=10,1,128,15,0.161982973664999,93.0765927003622,1,8,10
CV1 | nets=8 | frames=10,1,128,16,0.1664866112172603,94.29817884385584,1,8,10
CV1 | nets=8 | frames=25,1,128,1,0.6122180044651031,15.401974661424756,1,8,25
CV1 | nets=8 | frames=25,1,128,2,0.3000245034694672,13.923157751768828,1,8,25
CV1 | nets=8 | frames=25,1,128,3,0.2592810410261154,10.757903566665949,1,8,25
CV1 | nets=8 | frames=25,1,128,4,0.225216916501522,11.083466913588346,1,8,25
CV1 | nets=8 | frames=25,1,128,5,0.240457526743412,10.478051007315516,1,8,25
CV1 | nets=8 | frames=25,1,128,6,0.2060602006316185,10.719218215368688,1,8,25
CV1 | nets=8 | frames=25,1,128,7,0.2009432929754257,10.696829827379435,1,8,25
CV1 | nets=8 | frames=25,1,128,8,0.1921071091294288,10.514765331268311,1,8,25
CV1 | nets=8 | frames=25,1,128,9,0.1911488854885101,10.73533978639543,1,8,25
CV1 | nets=8 | frames=25,1,128,10,0.1832917037606239,10.91890838391334,1,8,25
CV1 | nets=8 | frames=25,1,128,11,0.1812903839349746,10.661582957714796,1,8,25
CV1 | nets=8 | frames=25,1,128,12,0.1768455454707145,10.934364013887942,1,8,25
CV1 | nets=8 | frames=25,1,128,13,0.1881583231687545,11.259229245521128,1,8,25
CV1 | nets=8 | frames=25,1,128,14,0.1699028834700584,11.284427309766413,1,8,25
CV1 | nets=8 | frames=25,1,128,15,0.1581022375822067,11.394630191929638,1,8,25
CV1 | nets=8 | frames=25,1,128,16,0.1636030173301697,11.548338643051684,1,8,25
CV1 | nets=8 | frames=25,1,128,17,0.1748913019895553,11.509171308085325,1,8,25
CV1 | nets=8 | frames=25,1,128,18,0.1620934404432773,11.213842670917511,1,8,25
CV1 | nets=8 | frames=25,1,128,19,0.1567428049445152,11.436322315014898,1,8,25
CV1 | nets=8 | frames=25,1,128,20,0.1551514559984207,11.415922622516751,1,8,25
CV1 | nets=8 | frames=50,1,128,1,0.5070060248672962,2.417219587445259,1,8,50
CV1 | nets=8 | frames=50,1,128,2,0.2618332694470882,2.135378063112497,1,8,50
CV1 | nets=8 | frames=50,1,128,3,0.2355800876021385,2.1403990265838804,1,8,50
CV1 | nets=8 | frames=50,1,128,4,0.2279424209892749,2.132279932439327,1,8,50
CV1 | nets=8 | frames=50,1,128,5,0.2036698857694864,2.2305430427864192,1,8,50
CV1 | nets=8 | frames=50,1,128,6,0.1942101324349641,2.2348197233378886,1,8,50
CV1 | nets=8 | frames=50,1,128,7,0.1960036690533161,2.133170723784715,1,8,50
CV1 | nets=8 | frames=50,1,128,8,0.1756940609961748,2.21088091558218,1,8,50
CV1 | nets=8 | frames=50,1,128,9,0.1579843142628669,2.217004768770188,1,8,50
CV1 | nets=8 | frames=50,1,128,10,0.146247252523899,2.254146971806884,1,8,50
CV1 | nets=8 | frames=50,1,128,11,0.1415001648664474,2.1983926552832127,1,8,50
CV1 | nets=8 | frames=50,1,128,12,0.1489793729037046,2.1904229270331563,1,8,50
CV1 | nets=8 | frames=50,1,128,13,0.1412377426028251,2.136253475092352,1,8,50
CV1 | nets=8 | frames=50,1,128,14,0.1316022181510925,2.264938667036593,1,8,50
CV1 | nets=8 | frames=50,1,128,15,0.1344929686933756,2.217236476060003,1,8,50
CV1 | nets=8 | frames=50,1,128,16,0.1239242684096098,2.1836867619752884,1,8,50
CV1 | nets=8 | frames=50,1,128,17,0.1138835208863019,2.258242718830705,1,8,50
CV1 | nets=8 | frames=50,1,128,18,0.1124594032764434,2.26754113689065,1,8,50
CV1 | nets=8 | frames=50,1,128,19,0.11873927436769,2.190395450077951,1,8,50
CV1 | nets=8 | frames=100,1,128,1,0.4408656310290098,0.4652730769142508,1,8,100
CV1 | nets=8 | frames=100,1,128,2,0.2442240659892559,0.4658099128231406,1,8,100
CV1 | nets=8 | frames=100,1,128,3,0.2249142134189605,0.4942937314547598,1,8,100
CV1 | nets=8 | frames=100,1,128,4,0.2047104336321354,0.5051450142730027,1,8,100
CV1 | nets=8 | frames=100,1,128,5,0.1900038785859942,0.5151157787591218,1,8,100
CV1 | nets=8 | frames=100,1,128,6,0.1746055142208933,0.5287236292865127,1,8,100
CV1 | nets=8 | frames=100,1,128,7,0.1674413615092635,0.5191644902545959,1,8,100
CV1 | nets=8 | frames=100,1,128,8,0.1598504962027073,0.5465091031873599,1,8,100
CV1 | nets=8 | frames=100,1,128,9,0.1476175631210207,0.5423059189394116,1,8,100
CV1 | nets=8 | frames=100,1,128,10,0.1341051645576954,0.5437620452027768,1,8,100
CV1 | nets=8 | frames=100,1,128,11,0.1221258335001766,0.5386429590694606,1,8,100
CV1 | nets=8 | frames=100,1,128,12,0.109524310529232,0.5195596273336559,1,8,100
CV1 | nets=8 | frames=100,1,128,13,0.0960024625621736,0.5559241551831364,1,8,100
CV1 | nets=8 | frames=100,1,128,14,0.0859652290865778,0.5457885295338929,1,8,100
CV1 | nets=8 | frames=100,1,128,15,0.0750354003719985,0.548214178301394,1,8,100
CV1 | nets=8 | frames=100,1,128,16,0.0674669910408556,0.5604112452641129,1,8,100
CV2 | nets=1 | frames=2,2,128,1,1.0005128383636477,26211.5712147522,2,1,2
CV2 | nets=1 | frames=2,2,128,2,0.969028115272522,26210.244559356688,2,1,2
CV2 | nets=1 | frames=2,2,128,3,0.9379389882087708,26209.868259902956,2,1,2
CV2 | nets=1 | frames=2,2,128,4,0.9042780995368958,26219.360806648256,2,1,2
CV2 | nets=1 | frames=2,2,128,5,0.8652935028076172,26249.90740891266,2,1,2
CV2 | nets=1 | frames=2,2,128,6,0.8178253173828125,26317.957354469298,2,1,2
CV2 | nets=1 | frames=2,2,128,7,0.7574735283851624,26487.99361711121,2,1,2
CV2 | nets=1 | frames=2,2,128,8,0.6783764362335205,27037.953446098327,2,1,2
CV2 | nets=1 | frames=2,2,128,9,0.5804689526557922,28822.681798362733,2,1,2
CV2 | nets=1 | frames=2,2,128,10,0.5109222531318665,31592.65239216614,2,1,2
CV2 | nets=1 | frames=2,2,128,11,0.4907147586345672,33927.31029012299,2,1,2
CV2 | nets=1 | frames=2,2,128,12,0.4338051080703735,38630.44270413971,2,1,2
CV2 | nets=1 | frames=2,2,128,13,0.3647297918796539,47631.373371871945,2,1,2
CV2 | nets=1 | frames=2,2,128,14,0.3111508786678314,66216.1719810791,2,1,2
CV2 | nets=1 | frames=2,2,128,15,0.2706219255924225,108467.49972991944,2,1,2
CV2 | nets=1 | frames=2,2,128,16,0.2174418121576309,199249.52859174347,2,1,2
CV2 | nets=1 | frames=2,2,128,17,0.1671925485134124,335403.1179573669,2,1,2
CV2 | nets=1 | frames=2,2,128,18,0.1638594716787338,434026.4975084076,2,1,2
CV2 | nets=1 | frames=5,2,128,1,1.0038362741470337,2781.4831021566392,2,1,5
CV2 | nets=1 | frames=5,2,128,2,0.9802724719047546,2780.9424997406004,2,1,5
CV2 | nets=1 | frames=5,2,128,3,0.9563353657722472,2780.193838960648,2,1,5
CV2 | nets=1 | frames=5,2,128,4,0.9294204115867616,2778.8331323451994,2,1,5
CV2 | nets=1 | frames=5,2,128,5,0.8967434167861938,2775.777838534355,2,1,5
CV2 | nets=1 | frames=5,2,128,6,0.8549175262451172,2768.0548032808306,2,1,5
CV2 | nets=1 | frames=5,2,128,7,0.7992487549781799,2749.380816971779,2,1,5
CV2 | nets=1 | frames=5,2,128,8,0.7253524661064148,2712.442194205284,2,1,5
CV2 | nets=1 | frames=5,2,128,9,0.6594415307044983,2681.582292959213,2,1,5
CV2 | nets=1 | frames=5,2,128,10,0.7457895278930664,2695.102648336888,2,1,5
CV2 | nets=1 | frames=5,2,128,11,0.7119458317756653,2695.163471446514,2,1,5
CV2 | nets=1 | frames=5,2,128,12,0.6391493678092957,2700.8041695876123,2,1,5
CV2 | nets=1 | frames=5,2,128,13,0.6192934513092041,2709.712667290211,2,1,5
CV2 | nets=1 | frames=5,2,128,14,0.623492419719696,2723.311996683121,2,1,5
CV2 | nets=1 | frames=5,2,128,15,0.624511182308197,2749.58406153965,2,1,5
CV2 | nets=1 | frames=5,2,128,16,0.6167430877685547,2844.480309568405,2,1,5
CV2 | nets=1 | frames=5,2,128,17,0.5992633104324341,3135.138438601971,2,1,5
CV2 | nets=1 | frames=5,2,128,18,0.5729240775108337,3972.111895989895,2,1,5
CV2 | nets=1 | frames=5,2,128,19,0.5458159446716309,5431.91962583828,2,1,5
CV2 | nets=1 | frames=5,2,128,20,0.532375156879425,6256.437046278,2,1,5
CV2 | nets=1 | frames=5,2,128,21,0.518703043460846,6623.59607055378,2,1,5
CV2 | nets=1 | frames=5,2,128,22,0.5143868923187256,6838.854797432423,2,1,5
CV2 | nets=1 | frames=5,2,128,23,0.5045850276947021,7640.499160867691,2,1,5
CV2 | nets=1 | frames=5,2,128,24,0.4889858067035675,9311.38021973133,2,1,5
CV2 | nets=1 | frames=10,2,128,1,1.3249527513980863,398.1563116534948,2,1,10
CV2 | nets=1 | frames=10,2,128,2,1.1370361745357511,397.3997697675228,2,1,10
CV2 | nets=1 | frames=10,2,128,3,0.749190092086792,395.7556831191778,2,1,10
CV2 | nets=1 | frames=10,2,128,4,1.0009339153766632,391.1274561002255,2,1,10
CV2 | nets=1 | frames=10,2,128,5,0.6546802818775177,383.9801930632592,2,1,10
CV2 | nets=1 | frames=10,2,128,6,0.665529876947403,385.2849716248512,2,1,10
CV2 | nets=1 | frames=10,2,128,7,0.4886425510048866,389.1827478426695,2,1,10
CV2 | nets=1 | frames=10,2,128,8,0.572910264134407,390.30732981038096,2,1,10
CV2 | nets=1 | frames=10,2,128,9,0.4905942380428314,389.343267783761,2,1,10
CV2 | nets=1 | frames=10,2,128,10,0.6019521653652191,387.23754174399375,2,1,10
CV2 | nets=1 | frames=10,2,128,11,0.6768533289432526,382.8836318953037,2,1,10
CV2 | nets=1 | frames=10,2,128,12,0.5773654282093048,374.6216103087664,2,1,10
CV2 | nets=1 | frames=10,2,128,13,0.6815268695354462,375.360646089077,2,1,10
CV2 | nets=1 | frames=10,2,128,14,0.4884664118289947,509.2066011350155,2,1,10
CV2 | nets=1 | frames=10,2,128,15,0.6669960618019104,524.2871787605286,2,1,10
CV2 | nets=1 | frames=10,2,128,16,0.4767198115587234,611.6696352405548,2,1,10
CV2 | nets=1 | frames=10,2,128,17,0.4116548746824264,1178.8561468771695,2,1,10
CV2 | nets=1 | frames=10,2,128,18,0.3407968766987324,2272.864525897622,2,1,10
CV2 | nets=1 | frames=10,2,128,19,0.4378659725189209,1603.4180756571293,2,1,10
CV2 | nets=1 | frames=10,2,128,20,0.7159867286682129,1136.9517825100422,2,1,10
CV2 | nets=1 | frames=10,2,128,21,0.3370963409543037,995.9920288074017,2,1,10
CV2 | nets=1 | frames=10,2,128,22,0.3220539577305317,776.6521544868946,2,1,10
CV2 | nets=1 | frames=10,2,128,23,0.3762665390968323,1016.6232411385774,2,1,10
CV2 | nets=1 | frames=10,2,128,24,0.5707132965326309,597.6549557242394,2,1,10
CV2 | nets=1 | frames=10,2,128,25,0.3092528283596039,614.1500834779739,2,1,10
CV2 | nets=1 | frames=10,2,128,26,0.4326893389225006,722.4556486041546,2,1,10
CV2 | nets=1 | frames=10,2,128,27,0.5968367606401443,995.5239058642388,2,1,10
CV2 | nets=1 | frames=25,2,128,1,0.7968865968286991,41.96619155928492,2,1,25
CV2 | nets=1 | frames=25,2,128,2,1.1398576945066452,40.00395263296366,2,1,25
CV2 | nets=1 | frames=25,2,128,3,0.7957892566919327,38.52364697861672,2,1,25
CV2 | nets=1 | frames=25,2,128,4,0.5141752511262894,40.112035176455976,2,1,25
CV2 | nets=1 | frames=25,2,128,5,0.5728816166520119,39.48489327776432,2,1,25
CV2 | nets=1 | frames=25,2,128,6,0.4906430952250957,39.18862255191803,2,1,25
CV2 | nets=1 | frames=25,2,128,7,0.5327753126621246,54.97045202243328,2,1,25
CV2 | nets=1 | frames=25,2,128,8,0.3831756040453911,79.25810268193483,2,1,25
CV2 | nets=1 | frames=25,2,128,9,0.4229708388447761,94.29717129987478,2,1,25
CV2 | nets=1 | frames=25,2,128,10,0.458389014005661,99.6906824117899,2,1,25
CV2 | nets=1 | frames=25,2,128,11,0.2760990504175424,109.96853190100192,2,1,25
CV2 | nets=1 | frames=25,2,128,12,0.4508188739418983,81.21923492120206,2,1,25
CV2 | nets=1 | frames=25,2,128,13,0.2970761582255363,71.23704459553957,2,1,25
CV2 | nets=1 | frames=25,2,128,14,0.3072480969130993,72.73373177079857,2,1,25
CV2 | nets=1 | frames=25,2,128,15,0.2358813099563121,75.72719769498705,2,1,25
CV2 | nets=1 | frames=25,2,128,16,0.1815485469996929,63.60829950684309,2,1,25
CV2 | nets=1 | frames=25,2,128,17,0.215877067297697,86.00141069614887,2,1,25
CV2 | nets=1 | frames=25,2,128,18,0.1817819029092788,97.26185217908024,2,1,25
CV2 | nets=1 | frames=50,2,128,1,0.8978615062577384,8.206134705215693,2,1,50
CV2 | nets=1 | frames=50,2,128,2,0.6184520934309278,7.785405606389045,2,1,50
CV2 | nets=1 | frames=50,2,128,3,0.5755040858473096,8.035391468286514,2,1,50
CV2 | nets=1 | frames=50,2,128,4,0.4375076506819044,10.074381651222708,2,1,50
CV2 | nets=1 | frames=50,2,128,5,0.4444498717784881,8.0061309928298,2,1,50
CV2 | nets=1 | frames=50,2,128,6,0.3640090312276567,7.692349314942956,2,1,50
CV2 | nets=1 | frames=50,2,128,7,0.2978084875004632,8.454047438398003,2,1,50
CV2 | nets=1 | frames=50,2,128,8,0.2790879181453159,8.08969563485682,2,1,50
CV2 | nets=1 | frames=50,2,128,9,0.2368742600083351,8.27456238913536,2,1,50
CV2 | nets=1 | frames=50,2,128,10,0.2073574938944407,8.24440460910648,2,1,50
CV2 | nets=1 | frames=50,2,128,11,0.1665886060467788,8.291140951670707,2,1,50
CV2 | nets=1 | frames=50,2,128,12,0.1534413376024791,8.240689284466207,2,1,50
CV2 | nets=1 | frames=50,2,128,13,0.1514476835727691,8.740099469803274,2,1,50
CV2 | nets=1 | frames=50,2,128,14,0.1419366784393787,8.55151694547385,2,1,50
CV2 | nets=1 | frames=50,2,128,15,0.1238200260060174,8.751891695193946,2,1,50
CV2 | nets=1 | frames=50,2,128,16,0.1209511842046465,8.611086502507328,2,1,50
CV2 | nets=1 | frames=50,2,128,17,0.1035622345017535,9.106632414504883,2,1,50
CV2 | nets=1 | frames=50,2,128,18,0.1152615507266351,8.646951276905835,2,1,50
CV2 | nets=1 | frames=50,2,128,19,0.1071001748953546,8.317473289728165,2,1,50
CV2 | nets=1 | frames=50,2,128,20,0.0959075338074139,8.761084535427392,2,1,50
CV2 | nets=1 | frames=50,2,128,21,0.0849394069186278,8.89281094763428,2,1,50
CV2 | nets=1 | frames=100,2,128,1,0.7744791416021494,1.8936319397687915,2,1,100
CV2 | nets=1 | frames=100,2,128,2,0.4731478691101074,1.591980880916119,2,1,100
CV2 | nets=1 | frames=100,2,128,3,0.3408895432949066,1.6003948645889758,2,1,100
CV2 | nets=1 | frames=100,2,128,4,0.2372563916903275,1.6215321552455426,2,1,100
CV2 | nets=1 | frames=100,2,128,5,0.1785991438306295,1.6287727860584855,2,1,100
CV2 | nets=1 | frames=100,2,128,6,0.1614520652936055,1.668804540079087,2,1,100
CV2 | nets=1 | frames=100,2,128,7,0.131532330925648,1.6731942433454097,2,1,100
CV2 | nets=1 | frames=100,2,128,8,0.1184481313595404,1.7637582473866642,2,1,100
CV2 | nets=1 | frames=100,2,128,9,0.1014006401483829,1.737834229687229,2,1,100
CV2 | nets=1 | frames=100,2,128,10,0.1048819353947272,1.7390964416489003,2,1,100
CV2 | nets=1 | frames=100,2,128,11,0.0959887768213565,1.7590685603283345,2,1,100
CV2 | nets=1 | frames=100,2,128,12,0.0880049212047686,1.6865915360078216,2,1,100
CV2 | nets=1 | frames=100,2,128,13,0.0772540596528695,1.705352277643979,2,1,100
CV2 | nets=1 | frames=100,2,128,14,0.0738027244806289,1.6670974929165094,2,1,100
CV2 | nets=1 | frames=100,2,128,15,0.0759999932577976,1.6726530676800755,2,1,100
CV2 | nets=1 | frames=100,2,128,16,0.0826705096719356,1.7248228667005896,2,1,100
CV2 | nets=1 | frames=100,2,128,17,0.0631639600659792,1.690001493860036,2,1,100
CV2 | nets=2 | frames=2,2,128,1,0.9995324015617372,6216.807680839539,2,2,2
CV2 | nets=2 | frames=2,2,128,2,0.9648250937461852,6215.12913444519,2,2,2
CV2 | nets=2 | frames=2,2,128,3,0.9290354251861572,6213.627732810975,2,2,2
CV2 | nets=2 | frames=2,2,128,4,0.8897572755813599,6211.262956035614,2,2,2
CV2 | nets=2 | frames=2,2,128,5,0.8447546362876892,6204.730922473907,2,2,2
CV2 | nets=2 | frames=2,2,128,6,0.7912949323654175,6194.964754299164,2,2,2
CV2 | nets=2 | frames=2,2,128,7,0.7249010801315308,6209.047728874207,2,2,2
CV2 | nets=2 | frames=2,2,128,8,0.6389824151992798,6450.384313663482,2,2,2
CV2 | nets=2 | frames=2,2,128,9,0.5502917170524597,8247.261410011291,2,2,2
CV2 | nets=2 | frames=2,2,128,10,0.5563623905181885,11021.823343276978,2,2,2
CV2 | nets=2 | frames=2,2,128,11,0.489842802286148,13659.287745235442,2,2,2
CV2 | nets=2 | frames=2,2,128,12,0.4241432249546051,19336.786777441022,2,2,2
CV2 | nets=2 | frames=2,2,128,13,0.377647340297699,33734.094634422305,2,2,2
CV2 | nets=2 | frames=2,2,128,14,0.3364956080913543,68276.312950943,2,2,2
CV2 | nets=2 | frames=2,2,128,15,0.2891595065593719,146598.47507987593,2,2,2
CV2 | nets=2 | frames=2,2,128,16,0.2333429455757141,295979.27325546264,2,2,2
CV2 | nets=2 | frames=2,2,128,17,0.1962142586708068,448323.57280470274,2,2,2
CV2 | nets=2 | frames=2,2,128,18,0.1609075218439102,568222.9339710388,2,2,2
CV2 | nets=2 | frames=2,2,128,19,0.132747620344162,733046.6769265899,2,2,2
CV2 | nets=2 | frames=2,2,128,20,0.1172931045293808,1011281.8114691772,2,2,2
CV2 | nets=2 | frames=2,2,128,21,0.0869766473770141,1303187.7329661257,2,2,2
CV2 | nets=2 | frames=5,2,128,1,0.9934726059436798,485.76253461170194,2,2,5
CV2 | nets=2 | frames=5,2,128,2,0.979495644569397,483.8456091604233,2,2,5
CV2 | nets=2 | frames=5,2,128,3,0.6278799921274185,475.3462976338864,2,2,5
CV2 | nets=2 | frames=5,2,128,4,0.469402514398098,442.2510784394741,2,2,5
CV2 | nets=2 | frames=5,2,128,5,0.6246923804283142,425.3553509567976,2,2,5
CV2 | nets=2 | frames=5,2,128,6,0.5078490078449249,462.5860115664005,2,2,5
CV2 | nets=2 | frames=5,2,128,7,0.4861413687467575,470.4319683793783,2,2,5
CV2 | nets=2 | frames=5,2,128,8,0.4072691798210144,674.9539656543732,2,2,5
CV2 | nets=2 | frames=5,2,128,9,0.423632264137268,1452.584102850914,2,2,5
CV2 | nets=2 | frames=5,2,128,10,0.4912414997816086,2932.956839201928,2,2,5
CV2 | nets=2 | frames=5,2,128,11,0.2394966632127761,4719.185095476031,2,2,5
CV2 | nets=2 | frames=5,2,128,12,0.2210778817534446,4611.044052634061,2,2,5
CV2 | nets=2 | frames=5,2,128,13,0.1517380475997924,1522.10288993001,2,2,5
CV2 | nets=2 | frames=5,2,128,14,0.2681814357638359,1170.3848123209475,2,2,5
CV2 | nets=2 | frames=5,2,128,15,0.2274322882294654,1488.0579383249285,2,2,5
CV2 | nets=2 | frames=5,2,128,16,0.1792940944433212,2485.065959196806,2,2,5
CV2 | nets=2 | frames=5,2,128,17,0.2306017428636551,4034.196346145153,2,2,5
CV2 | nets=2 | frames=5,2,128,18,0.1662381440401077,1231.1312197817565,2,2,5
CV2 | nets=2 | frames=5,2,128,19,0.1606629863381385,796.4037317763567,2,2,5
CV2 | nets=2 | frames=5,2,128,20,0.1121141910552978,603.8571391246319,2,2,5
CV2 | nets=2 | frames=10,2,128,1,0.9263566732406616,96.19708211684228,2,2,10
CV2 | nets=2 | frames=10,2,128,2,0.9026696979999542,95.1265586658716,2,2,10
CV2 | nets=2 | frames=10,2,128,3,0.6259498298168182,90.90283047896624,2,2,10
CV2 | nets=2 | frames=10,2,128,4,0.7449532548586527,88.61504260516166,2,2,10
CV2 | nets=2 | frames=10,2,128,5,0.536885271469752,92.00183392703534,2,2,10
CV2 | nets=2 | frames=10,2,128,6,0.4526716669400533,93.278306912601,2,2,10
CV2 | nets=2 | frames=10,2,128,7,0.4304639299710591,92.983515242517,2,2,10
CV2 | nets=2 | frames=10,2,128,8,0.4448752204577128,93.24062292474508,2,2,10
CV2 | nets=2 | frames=10,2,128,9,0.3739561835924784,94.86649092382191,2,2,10
CV2 | nets=2 | frames=10,2,128,10,0.3431370556354522,95.91681898978352,2,2,10
CV2 | nets=2 | frames=10,2,128,11,0.2762402594089508,86.40588515800238,2,2,10
CV2 | nets=2 | frames=10,2,128,12,0.2228058824936548,105.01119822059572,2,2,10
CV2 | nets=2 | frames=10,2,128,13,0.189272125562032,105.56509095765652,2,2,10
CV2 | nets=2 | frames=10,2,128,14,0.1768088241418202,104.92336056576669,2,2,10
CV2 | nets=2 | frames=10,2,128,15,0.2134635920325915,100.44982042491436,2,2,10
CV2 | nets=2 | frames=10,2,128,16,0.1643998821576436,88.29490194666386,2,2,10
CV2 | nets=2 | frames=10,2,128,17,0.1616872996091842,87.72097900041938,2,2,10
CV2 | nets=2 | frames=10,2,128,18,0.1745250895619392,88.0405827127695,2,2,10
CV2 | nets=2 | frames=10,2,128,19,0.1580303783218065,87.60552100613714,2,2,10
CV2 | nets=2 | frames=10,2,128,20,0.1360526904463768,86.83328380224108,2,2,10
CV2 | nets=2 | frames=10,2,128,21,0.1384203011790911,86.86714918138087,2,2,10
CV2 | nets=2 | frames=10,2,128,22,0.1572079161802927,86.6245207414627,2,2,10
CV2 | nets=2 | frames=10,2,128,23,0.1258534044027328,88.49736305876077,2,2,10
CV2 | nets=2 | frames=10,2,128,24,0.1394354353348414,88.47188298931718,2,2,10
CV2 | nets=2 | frames=10,2,128,25,0.1296791359782219,89.22280988097191,2,2,10
CV2 | nets=2 | frames=10,2,128,26,0.1530907402435938,89.53033188347518,2,2,10
CV2 | nets=2 | frames=25,2,128,1,0.8274527745587485,12.52005179066956,2,2,25
CV2 | nets=2 | frames=25,2,128,2,0.5531326830387115,11.977968057274818,2,2,25
CV2 | nets=2 | frames=25,2,128,3,0.3920524397066661,12.275184978201985,2,2,25
CV2 | nets=2 | frames=25,2,128,4,0.2741287925413677,19.106490562036637,2,2,25
CV2 | nets=2 | frames=25,2,128,5,0.2296748044235365,12.250879405871034,2,2,25
CV2 | nets=2 | frames=25,2,128,6,0.2299872541001864,12.589173815973105,2,2,25
CV2 | nets=2 | frames=25,2,128,7,0.1793930807283946,11.934887333668769,2,2,25
CV2 | nets=2 | frames=25,2,128,8,0.170147313603333,17.095135019510984,2,2,25
CV2 | nets=2 | frames=25,2,128,9,0.1632869786449841,11.697619048722087,2,2,25
CV2 | nets=2 | frames=25,2,128,10,0.1669684797525406,11.602435502529143,2,2,25
CV2 | nets=2 | frames=25,2,128,11,0.1593102988387857,10.327055906191468,2,2,25
CV2 | nets=2 | frames=25,2,128,12,0.140479287398713,9.867254824072123,2,2,25
CV2 | nets=2 | frames=25,2,128,13,0.1436789679740156,9.391918845579028,2,2,25
CV2 | nets=2 | frames=25,2,128,14,0.1366321263568742,8.65033005142957,2,2,25
CV2 | nets=2 | frames=25,2,128,15,0.1219420773642403,8.348286667615175,2,2,25
CV2 | nets=2 | frames=25,2,128,16,0.0981323319886412,8.270597344718874,2,2,25
CV2 | nets=2 | frames=25,2,128,17,0.097626899502107,8.274194457801059,2,2,25
CV2 | nets=2 | frames=25,2,128,18,0.07127691965018,8.459185276534408,2,2,25
CV2 | nets=2 | frames=25,2,128,19,0.072310522198677,8.118889888508246,2,2,25
CV2 | nets=2 | frames=25,2,128,20,0.0653843943561826,8.050131843963637,2,2,25
CV2 | nets=2 | frames=25,2,128,21,0.0651582774839231,8.099447702696548,2,2,25
CV2 | nets=2 | frames=25,2,128,22,0.0680402748818908,8.306854985374958,2,2,25
CV2 | nets=2 | frames=25,2,128,23,0.0622825180845601,8.403150700530038,2,2,25
CV2 | nets=2 | frames=25,2,128,24,0.0646588536245482,8.282090781996027,2,2,25
CV2 | nets=2 | frames=25,2,128,25,0.0573686316077198,8.455083221441134,2,2,25
CV2 | nets=2 | frames=25,2,128,26,0.0532815983252865,8.185314975850284,2,2,25
CV2 | nets=2 | frames=25,2,128,27,0.0469447307820831,8.79003400997445,2,2,25
CV2 | nets=2 | frames=25,2,128,28,0.0563575715890952,8.70270234978199,2,2,25
CV2 | nets=2 | frames=25,2,128,29,0.0512586488787617,8.87733750789985,2,2,25
CV2 | nets=2 | frames=25,2,128,30,0.0508812075214726,9.103925701128318,2,2,25
CV2 | nets=2 | frames=25,2,128,31,0.047829092081104,8.470046988146379,2,2,25
CV2 | nets=2 | frames=25,2,128,32,0.0537388284823724,8.84214281886816,2,2,25
CV2 | nets=2 | frames=25,2,128,33,0.0574143055294241,8.698906138865278,2,2,25
CV2 | nets=2 | frames=25,2,128,34,0.0510355618649295,8.73000213520229,2,2,25
CV2 | nets=2 | frames=25,2,128,35,0.058624643699399,9.127092643782497,2,2,25
CV2 | nets=2 | frames=50,2,128,1,0.7159336255146906,2.850704296767712,2,2,50
CV2 | nets=2 | frames=50,2,128,2,0.3554603170890074,2.764199257940054,2,2,50
CV2 | nets=2 | frames=50,2,128,3,0.231111357991512,3.0995565835908057,2,2,50
CV2 | nets=2 | frames=50,2,128,4,0.2074095922020765,2.586530445665121,2,2,50
CV2 | nets=2 | frames=50,2,128,5,0.1926693589641497,2.546959218762815,2,2,50
CV2 | nets=2 | frames=50,2,128,6,0.1700297657113809,2.2631812633425,2,2,50
CV2 | nets=2 | frames=50,2,128,7,0.1606804163983235,2.1851472515165806,2,2,50
CV2 | nets=2 | frames=50,2,128,8,0.097060712484213,1.678776431258768,2,2,50
CV2 | nets=2 | frames=50,2,128,9,0.0809127075167802,1.643796505123377,2,2,50
CV2 | nets=2 | frames=50,2,128,10,0.0720395156397269,1.6476320645660163,2,2,50
CV2 | nets=2 | frames=50,2,128,11,0.0627493658461249,1.667249503204599,2,2,50
CV2 | nets=2 | frames=50,2,128,12,0.0604389454596317,1.7360733985751868,2,2,50
CV2 | nets=2 | frames=50,2,128,13,0.0537056965896716,1.8312047907467928,2,2,50
CV2 | nets=2 | frames=50,2,128,14,0.0558733104799802,1.669230493729934,2,2,50
CV2 | nets=2 | frames=50,2,128,15,0.0482340376251018,1.7490954243130985,2,2,50
CV2 | nets=2 | frames=50,2,128,16,0.0384808756554356,1.8215351317804307,2,2,50
CV2 | nets=2 | frames=50,2,128,17,0.0442014982780584,1.728414937928319,2,2,50
CV2 | nets=2 | frames=50,2,128,18,0.0396297887827341,1.7427431688448414,2,2,50
CV2 | nets=2 | frames=50,2,128,19,0.0339499938373382,1.7776039173919709,2,2,50
CV2 | nets=2 | frames=50,2,128,20,0.0289681919205647,1.7521001057196408,2,2,50
CV2 | nets=2 | frames=50,2,128,21,0.0270560208278206,1.762811404615641,2,2,50
CV2 | nets=2 | frames=50,2,128,22,0.0256243838856999,1.776832684043795,2,2,50
CV2 | nets=2 | frames=50,2,128,23,0.0247214265310993,1.7779429386919363,2,2,50
CV2 | nets=2 | frames=50,2,128,24,0.0235871251385945,1.8078745404854415,2,2,50
CV2 | nets=2 | frames=100,2,128,1,0.6096146512031555,0.6587402676045895,2,2,100
CV2 | nets=2 | frames=100,2,128,2,0.2405343347787857,0.4892756451815366,2,2,100
CV2 | nets=2 | frames=100,2,128,3,0.1932307133078575,0.4509344538971782,2,2,100
CV2 | nets=2 | frames=100,2,128,4,0.1150101275742054,0.3915441225506365,2,2,100
CV2 | nets=2 | frames=100,2,128,5,0.072739989683032,0.4483166109444573,2,2,100
CV2 | nets=2 | frames=100,2,128,6,0.0598074349761009,0.4480781338610686,2,2,100
CV2 | nets=2 | frames=100,2,128,7,0.0489711516350507,0.4655324894976802,2,2,100
CV2 | nets=2 | frames=100,2,128,8,0.0510468741506338,0.4380523723941296,2,2,100
CV2 | nets=2 | frames=100,2,128,9,0.0407561445981264,0.4712046786630526,2,2,100
CV2 | nets=2 | frames=100,2,128,10,0.0457167878001928,0.4451654825434089,2,2,100
CV2 | nets=2 | frames=100,2,128,11,0.0364723613113164,0.4691746244681999,2,2,100
CV2 | nets=2 | frames=100,2,128,12,0.0339662585034966,0.4734445650670677,2,2,100
CV2 | nets=2 | frames=100,2,128,13,0.028195034712553,0.4827361125834286,2,2,100
CV2 | nets=2 | frames=100,2,128,14,0.0262368931807577,0.4778399975849315,2,2,100
CV2 | nets=2 | frames=100,2,128,15,0.0252744586020708,0.5197583490661345,2,2,100
CV2 | nets=2 | frames=100,2,128,16,0.0348162670433521,0.4644356474680826,2,2,100
CV2 | nets=2 | frames=100,2,128,17,0.0296009186655282,0.4549423160608858,2,2,100
CV2 | nets=2 | frames=100,2,128,18,0.0242120285332202,0.4858359434781596,2,2,100
CV2 | nets=2 | frames=100,2,128,19,0.0209229231625795,0.480449905318208,2,2,100
CV2 | nets=4 | frames=2,2,128,1,1.0147711038589478,8209.160365325928,2,4,2
CV2 | nets=4 | frames=2,2,128,2,0.9799014329910278,8207.175537010193,2,4,2
CV2 | nets=4 | frames=2,2,128,3,0.9453375935554504,8190.193537879943,2,4,2
CV2 | nets=4 | frames=2,2,128,4,0.9075362086296082,8136.410977119446,2,4,2
CV2 | nets=4 | frames=2,2,128,5,0.862801730632782,8077.7512677536015,2,4,2
CV2 | nets=4 | frames=2,2,128,6,0.8064097166061401,8033.8063217010495,2,4,2
CV2 | nets=4 | frames=2,2,128,7,0.7317394018173218,8119.875254650116,2,4,2
CV2 | nets=4 | frames=2,2,128,8,0.6329711675643921,9133.020856243134,2,4,2
CV2 | nets=4 | frames=2,2,128,9,0.5330213904380798,12120.28756547928,2,4,2
CV2 | nets=4 | frames=2,2,128,10,0.4642354846000671,18843.5415263443,2,4,2
CV2 | nets=4 | frames=2,2,128,11,0.45430389046669,27116.86088011551,2,4,2
CV2 | nets=4 | frames=2,2,128,12,0.4282859861850738,33779.54017511368,2,4,2
CV2 | nets=4 | frames=2,2,128,13,0.3622448742389679,43989.697960998536,2,4,2
CV2 | nets=4 | frames=2,2,128,14,0.3073300421237945,69219.14973230743,2,4,2
CV2 | nets=4 | frames=2,2,128,15,0.2607212960720062,125062.5950318184,2,4,2
CV2 | nets=4 | frames=2,2,128,16,0.2175132930278778,220401.345575943,2,4,2
CV2 | nets=4 | frames=2,2,128,17,0.2094157338142395,300153.56464000704,2,4,2
CV2 | nets=4 | frames=2,2,128,18,0.195900097489357,343669.4204606781,2,4,2
CV2 | nets=4 | frames=2,2,128,19,0.1733374446630478,395384.7037881088,2,4,2
CV2 | nets=4 | frames=2,2,128,20,0.1717134863138198,507051.9743878174,2,4,2
CV2 | nets=4 | frames=2,2,128,21,0.1504765301942825,690281.3928639984,2,4,2
CV2 | nets=4 | frames=5,2,128,1,0.8733472228050232,707.9746130709648,2,4,5
CV2 | nets=4 | frames=5,2,128,2,0.7816640635331472,697.560078045845,2,4,5
CV2 | nets=4 | frames=5,2,128,3,0.5775392924745878,717.9249149055481,2,4,5
CV2 | nets=4 | frames=5,2,128,4,0.5098838210105896,931.909125870347,2,4,5
CV2 | nets=4 | frames=5,2,128,5,0.4011721014976501,1578.6961307002307,2,4,5
CV2 | nets=4 | frames=5,2,128,6,0.4353164186080296,4885.130246335864,2,4,5
CV2 | nets=4 | frames=5,2,128,7,0.3482252756754557,20367.40907364464,2,4,5
CV2 | nets=4 | frames=5,2,128,8,0.4637079363067944,10892.230340379954,2,4,5
CV2 | nets=4 | frames=5,2,128,9,0.3771802534659703,5658.6141005853415,2,4,5
CV2 | nets=4 | frames=5,2,128,10,0.3453737447659175,3168.537328029513,2,4,5
CV2 | nets=4 | frames=5,2,128,11,0.3466147482395172,2725.434028995276,2,4,5
CV2 | nets=4 | frames=5,2,128,12,0.3805425216754277,1253.9235789550544,2,4,5
CV2 | nets=4 | frames=5,2,128,13,0.3040756012002627,701.6116712044477,2,4,5
CV2 | nets=4 | frames=5,2,128,14,0.3690802877147992,662.3430875300169,2,4,5
CV2 | nets=4 | frames=5,2,128,15,0.298723300298055,643.490318289876,2,4,5
CV2 | nets=4 | frames=5,2,128,16,0.2923160294691722,634.2793206980228,2,4,5
CV2 | nets=4 | frames=5,2,128,17,0.3039377232392629,656.0463070330023,2,4,5
CV2 | nets=4 | frames=5,2,128,18,0.2688750326633453,675.6720225422382,2,4,5
CV2 | nets=4 | frames=5,2,128,19,0.2309637467066446,698.2271164089441,2,4,5
CV2 | nets=4 | frames=5,2,128,20,0.2425109346707662,724.9096282334327,2,4,5
CV2 | nets=4 | frames=5,2,128,21,0.2075852677226066,708.8375698827505,2,4,5
CV2 | nets=4 | frames=5,2,128,22,0.204104463259379,721.2181944636106,2,4,5
CV2 | nets=4 | frames=5,2,128,23,0.2097450693448384,702.6258061368466,2,4,5
CV2 | nets=4 | frames=5,2,128,24,0.1846945683161417,705.208717564106,2,4,5
CV2 | nets=4 | frames=5,2,128,25,0.1556255718072255,687.5886743930578,2,4,5
CV2 | nets=4 | frames=5,2,128,26,0.1687511180837949,684.8269570814371,2,4,5
CV2 | nets=4 | frames=5,2,128,27,0.1837514986594518,684.1732661223411,2,4,5
CV2 | nets=4 | frames=5,2,128,28,0.1334955977896849,673.1909474289417,2,4,5
CV2 | nets=4 | frames=5,2,128,29,0.1384583512941996,661.6547167291641,2,4,5
CV2 | nets=4 | frames=5,2,128,30,0.1308126871784528,656.0762967199684,2,4,5
CV2 | nets=4 | frames=5,2,128,31,0.1318640187382698,650.5824645413757,2,4,5
CV2 | nets=4 | frames=10,2,128,1,0.9441631853580474,134.67175388371945,2,4,10
CV2 | nets=4 | frames=10,2,128,2,0.6926125288009644,123.20820485365392,2,4,10
CV2 | nets=4 | frames=10,2,128,3,0.5667588949203491,139.1222538101077,2,4,10
CV2 | nets=4 | frames=10,2,128,4,0.5404670476913452,118.53543652310968,2,4,10
CV2 | nets=4 | frames=10,2,128,5,0.489407479763031,914.0030395412446,2,4,10
CV2 | nets=4 | frames=10,2,128,6,0.4445669651031494,591.5086505117118,2,4,10
CV2 | nets=4 | frames=10,2,128,7,0.3971988171339035,422.8953319043368,2,4,10
CV2 | nets=4 | frames=10,2,128,8,0.3260232865810394,115.90257780244949,2,4,10
CV2 | nets=4 | frames=10,2,128,9,0.2463965721428394,107.28991690826416,2,4,10
CV2 | nets=4 | frames=10,2,128,10,0.2045177042484283,107.7466279873252,2,4,10
CV2 | nets=4 | frames=10,2,128,11,0.1843589156866073,112.21952833397688,2,4,10
CV2 | nets=4 | frames=10,2,128,12,0.1821307957172394,111.81399755249916,2,4,10
CV2 | nets=4 | frames=10,2,128,13,0.1739797890186309,112.2059539500326,2,4,10
CV2 | nets=4 | frames=10,2,128,14,0.162086509168148,116.42926661743223,2,4,10
CV2 | nets=4 | frames=10,2,128,15,0.1576679524034261,111.04423580421508,2,4,10
CV2 | nets=4 | frames=10,2,128,16,0.1614301167428493,112.05488626404107,2,4,10
CV2 | nets=4 | frames=10,2,128,17,0.1498270526528358,114.77341759037972,2,4,10
CV2 | nets=4 | frames=10,2,128,18,0.1456991285085678,107.8557950911522,2,4,10
CV2 | nets=4 | frames=10,2,128,19,0.1404540449380874,109.77997875677794,2,4,10
CV2 | nets=4 | frames=10,2,128,20,0.1373183757066726,105.00464069593698,2,4,10
CV2 | nets=4 | frames=10,2,128,21,0.1350959092378616,101.96345522841813,2,4,10
CV2 | nets=4 | frames=10,2,128,22,0.1385204076766967,96.44337681733072,2,4,10
CV2 | nets=4 | frames=10,2,128,23,0.142983578145504,112.78282442940773,2,4,10
CV2 | nets=4 | frames=10,2,128,24,0.1457385137677192,107.39728442885726,2,4,10
CV2 | nets=4 | frames=10,2,128,25,0.1371824651956558,106.34479802514612,2,4,10
CV2 | nets=4 | frames=10,2,128,26,0.1351402655243873,109.20737893405555,2,4,10
CV2 | nets=4 | frames=10,2,128,27,0.1309587925672531,107.59103896764664,2,4,10
CV2 | nets=4 | frames=10,2,128,28,0.1276117242872715,106.95090034180134,2,4,10
CV2 | nets=4 | frames=10,2,128,29,0.1256412163376808,104.06090881276133,2,4,10
CV2 | nets=4 | frames=10,2,128,30,0.1330743744969368,102.71848227371277,2,4,10
CV2 | nets=4 | frames=10,2,128,31,0.1231116250157356,102.4215639809519,2,4,10
CV2 | nets=4 | frames=10,2,128,32,0.1223830930888652,108.14943333180248,2,4,10
CV2 | nets=4 | frames=10,2,128,33,0.1309989482164383,101.5191224490106,2,4,10
CV2 | nets=4 | frames=10,2,128,34,0.1685928776860237,102.2279310759604,2,4,10
CV2 | nets=4 | frames=10,2,128,35,0.1400703638792038,104.77301899185775,2,4,10
CV2 | nets=4 | frames=25,2,128,1,0.796270510325065,15.37705719667673,2,4,25
CV2 | nets=4 | frames=25,2,128,2,0.5578728604775208,21.989556329056622,2,4,25
CV2 | nets=4 | frames=25,2,128,3,0.4989745800311749,13.827141446851194,2,4,25
CV2 | nets=4 | frames=25,2,128,4,0.4573113276408269,14.971596434131264,2,4,25
CV2 | nets=4 | frames=25,2,128,5,0.4370842449940167,14.932601514387876,2,4,25
CV2 | nets=4 | frames=25,2,128,6,0.4144923308720955,15.939577939305456,2,4,25
CV2 | nets=4 | frames=25,2,128,7,0.4045838415622711,15.454740605626256,2,4,25
CV2 | nets=4 | frames=25,2,128,8,0.324963004543231,21.96325140593201,2,4,25
CV2 | nets=4 | frames=25,2,128,9,0.2811104162381245,12.303208235152066,2,4,25
CV2 | nets=4 | frames=25,2,128,10,0.2268092431701146,11.949451714966449,2,4,25
CV2 | nets=4 | frames=25,2,128,11,0.1880970154530727,12.982004918862136,2,4,25
CV2 | nets=4 | frames=25,2,128,12,0.1899804730827991,12.09389937721938,2,4,25
CV2 | nets=4 | frames=25,2,128,13,0.180904878446689,11.783547394726426,2,4,25
CV2 | nets=4 | frames=25,2,128,14,0.1785740637435363,11.910670410998163,2,4,25
CV2 | nets=4 | frames=25,2,128,15,0.1707228164260204,12.66060598040372,2,4,25
CV2 | nets=4 | frames=25,2,128,16,0.1650831515972431,12.219373562950642,2,4,25
CV2 | nets=4 | frames=25,2,128,17,0.1636870176746295,12.029572086676955,2,4,25
CV2 | nets=4 | frames=25,2,128,18,0.148877899807233,12.781379391070455,2,4,25
CV2 | nets=4 | frames=25,2,128,19,0.1442592164071706,12.289589967507869,2,4,25
CV2 | nets=4 | frames=25,2,128,20,0.1394317872249163,12.497133733104915,2,4,25
CV2 | nets=4 | frames=25,2,128,21,0.138109870828115,13.047833380140364,2,4,25
CV2 | nets=4 | frames=25,2,128,22,0.1468440669660385,13.147059574708342,2,4,25
CV2 | nets=4 | frames=25,2,128,23,0.1457601579336019,12.683445193335414,2,4,25
CV2 | nets=4 | frames=25,2,128,24,0.1468455350169768,13.713452425636351,2,4,25
CV2 | nets=4 | frames=25,2,128,25,0.152220769570424,12.950706475421786,2,4,25
CV2 | nets=4 | frames=25,2,128,26,0.1468386549789171,13.497399136107417,2,4,25
CV2 | nets=4 | frames=25,2,128,27,0.1289701421673481,14.173404541879892,2,4,25
CV2 | nets=4 | frames=25,2,128,28,0.1208472309204248,13.383039522394538,2,4,25
CV2 | nets=4 | frames=50,2,128,1,0.6917348432540894,3.867574895620346,2,4,50
CV2 | nets=4 | frames=50,2,128,2,0.4859768521785736,2.653449375577271,2,4,50
CV2 | nets=4 | frames=50,2,128,3,0.4501685297489166,2.9462444224283098,2,4,50
CV2 | nets=4 | frames=50,2,128,4,0.4171502637863159,3.5468614483065903,2,4,50
CV2 | nets=4 | frames=50,2,128,5,0.3853848350048065,3.8679721177387982,2,4,50
CV2 | nets=4 | frames=50,2,128,6,0.3017434442043304,3.8776180286258457,2,4,50
CV2 | nets=4 | frames=50,2,128,7,0.2116325351595878,3.827084833027795,2,4,50
CV2 | nets=4 | frames=50,2,128,8,0.1881535170972347,4.275019209880382,2,4,50
CV2 | nets=4 | frames=50,2,128,9,0.1874837294965982,4.142207546580583,2,4,50
CV2 | nets=4 | frames=50,2,128,10,0.168669860213995,4.2325951148420575,2,4,50
CV2 | nets=4 | frames=50,2,128,11,0.1621332344412803,4.29843640798144,2,4,50
CV2 | nets=4 | frames=50,2,128,12,0.1663248112797737,4.164711598705501,2,4,50
CV2 | nets=4 | frames=50,2,128,13,0.1506857366859912,3.8684949002861977,2,4,50
CV2 | nets=4 | frames=50,2,128,14,0.1349944129586219,3.396672850560397,2,4,50
CV2 | nets=4 | frames=50,2,128,15,0.1361581087112426,3.9231207003593447,2,4,50
CV2 | nets=4 | frames=50,2,128,16,0.1123805132508277,3.810659760477021,2,4,50
CV2 | nets=4 | frames=50,2,128,17,0.099941482245922,3.531708586698398,2,4,50
CV2 | nets=4 | frames=100,2,128,1,0.6220599439740181,0.666138054439798,2,4,100
CV2 | nets=4 | frames=100,2,128,2,0.468720417022705,0.639262193987146,2,4,100
CV2 | nets=4 | frames=100,2,128,3,0.4316206407546997,0.6120958458781243,2,4,100
CV2 | nets=4 | frames=100,2,128,4,0.3466571317613124,0.5278688661530614,2,4,100
CV2 | nets=4 | frames=100,2,128,5,0.2298056519031524,0.5270997245516628,2,4,100
CV2 | nets=4 | frames=100,2,128,6,0.2092614625394344,0.5472879072595388,2,4,100
CV2 | nets=4 | frames=100,2,128,7,0.1505091435462236,0.5727288718502969,2,4,100
CV2 | nets=4 | frames=100,2,128,8,0.1164959381520748,0.5680056931786239,2,4,100
CV2 | nets=4 | frames=100,2,128,9,0.1034866457432508,0.5561466325912625,2,4,100
CV2 | nets=4 | frames=100,2,128,10,0.0848037131875753,0.585217539485544,2,4,100
CV2 | nets=4 | frames=100,2,128,11,0.0699282237887382,0.6020430597122759,2,4,100
CV2 | nets=4 | frames=100,2,128,12,0.079773224517703,0.5442944308090955,2,4,100
CV2 | nets=4 | frames=100,2,128,13,0.0657891584560275,0.6234136933851987,2,4,100
CV2 | nets=4 | frames=100,2,128,14,0.0469816957786679,0.5668285973407328,2,4,100
CV2 | nets=4 | frames=100,2,128,15,0.0401390913128852,0.6362172802351416,2,4,100
CV2 | nets=4 | frames=100,2,128,16,0.0360375622659921,0.609738814458251,2,4,100
CV2 | nets=4 | frames=100,2,128,17,0.0304535507038235,0.6203368897922337,2,4,100
CV2 | nets=4 | frames=100,2,128,18,0.0209577103517949,0.6364758179448545,2,4,100
CV2 | nets=4 | frames=100,2,128,19,0.0231811345927417,0.5640158375818283,2,4,100
CV2 | nets=4 | frames=100,2,128,20,0.0226859169080853,0.6197479905132204,2,4,100
CV2 | nets=8 | frames=2,2,128,1,0.9555471539497375,6691.230716339112,2,8,2
CV2 | nets=8 | frames=2,2,128,2,0.95380637049675,6676.648605636597,2,8,2
CV2 | nets=8 | frames=2,2,128,3,0.8610562980175018,6501.510607151032,2,8,2
CV2 | nets=8 | frames=2,2,128,4,0.6875308752059937,6533.318969749451,2,8,2
CV2 | nets=8 | frames=2,2,128,5,0.5933770686388016,15878.429912153244,2,8,2
CV2 | nets=8 | frames=2,2,128,6,0.6128873229026794,23822.84331010437,2,8,2
CV2 | nets=8 | frames=2,2,128,7,0.4589953273534775,27257.71667884064,2,8,2
CV2 | nets=8 | frames=2,2,128,8,0.3622845858335495,50482.908597410205,2,8,2
CV2 | nets=8 | frames=2,2,128,9,0.3027886748313904,151930.21713417053,2,8,2
CV2 | nets=8 | frames=2,2,128,10,0.2634793668985367,295575.5871847191,2,8,2
CV2 | nets=8 | frames=2,2,128,11,0.2107846215367317,393627.2285121765,2,8,2
CV2 | nets=8 | frames=2,2,128,12,0.2046424299478531,526586.4713329696,2,8,2
CV2 | nets=8 | frames=2,2,128,13,0.1653778105974197,576127.8045463028,2,8,2
CV2 | nets=8 | frames=2,2,128,14,0.1196274347603321,616612.520999588,2,8,2
CV2 | nets=8 | frames=2,2,128,15,0.1276898011565208,579370.0678310394,2,8,2
CV2 | nets=8 | frames=2,2,128,16,0.1230004876852035,441504.57164785767,2,8,2
CV2 | nets=8 | frames=2,2,128,17,0.1047541610896587,562448.2279233856,2,8,2
CV2 | nets=8 | frames=2,2,128,18,0.0791261401027441,452564.22585958097,2,8,2
CV2 | nets=8 | frames=5,2,128,1,0.8885625183582306,518.8049831609726,2,8,5
CV2 | nets=8 | frames=5,2,128,2,0.76447092294693,472.3863272507191,2,8,5
CV2 | nets=8 | frames=5,2,128,3,0.5508463025093079,582.1734991188049,2,8,5
CV2 | nets=8 | frames=5,2,128,4,0.4755863308906555,1473.4809529407023,2,8,5
CV2 | nets=8 | frames=5,2,128,5,0.3857183456420898,3226.593280322552,2,8,5
CV2 | nets=8 | frames=5,2,128,6,0.3334997028112411,1272.7473675887584,2,8,5
CV2 | nets=8 | frames=5,2,128,7,0.2479956552386283,549.7979864038228,2,8,5
CV2 | nets=8 | frames=5,2,128,8,0.2152924925088882,531.6059756844044,2,8,5
CV2 | nets=8 | frames=5,2,128,9,0.2202121198177337,535.3650246794224,2,8,5
CV2 | nets=8 | frames=5,2,128,10,0.1921707093715667,530.5721217868328,2,8,5
CV2 | nets=8 | frames=5,2,128,11,0.1584382548928261,547.3905942914486,2,8,5
CV2 | nets=8 | frames=5,2,128,12,0.1704302072525024,509.6287663872242,2,8,5
CV2 | nets=8 | frames=5,2,128,13,0.1487707510590553,513.3314977048635,2,8,5
CV2 | nets=8 | frames=5,2,128,14,0.1465223476290703,517.3839364624023,2,8,5
CV2 | nets=8 | frames=5,2,128,15,0.1326591283082962,513.2046751762629,2,8,5
CV2 | nets=8 | frames=5,2,128,16,0.1322575941681862,514.2859109771251,2,8,5
CV2 | nets=8 | frames=5,2,128,17,0.1323667049407959,517.3831517152786,2,8,5
CV2 | nets=8 | frames=10,2,128,1,0.793281900882721,98.0908078455925,2,8,10
CV2 | nets=8 | frames=10,2,128,2,0.5245341837406159,98.52616480892895,2,8,10
CV2 | nets=8 | frames=10,2,128,3,0.3714191675186157,94.04817652493716,2,8,10
CV2 | nets=8 | frames=10,2,128,4,0.3395075976848602,104.52402411103247,2,8,10
CV2 | nets=8 | frames=10,2,128,5,0.2300973504781723,102.30587740802764,2,8,10
CV2 | nets=8 | frames=10,2,128,6,0.2380999431014061,106.63259710134564,2,8,10
CV2 | nets=8 | frames=10,2,128,7,0.2141298115253448,92.41898971742393,2,8,10
CV2 | nets=8 | frames=10,2,128,8,0.1859323866665363,94.78650467729568,2,8,10
CV2 | nets=8 | frames=10,2,128,9,0.1715744532644748,93.67048954230548,2,8,10
CV2 | nets=8 | frames=10,2,128,10,0.1642338722944259,92.46959101387858,2,8,10
CV2 | nets=8 | frames=10,2,128,11,0.136285176128149,90.98496413564682,2,8,10
CV2 | nets=8 | frames=10,2,128,12,0.120215880125761,90.57855276529492,2,8,10
CV2 | nets=8 | frames=10,2,128,13,0.110713742300868,88.89244018398226,2,8,10
CV2 | nets=8 | frames=10,2,128,14,0.1046649411320686,88.27798675563932,2,8,10
CV2 | nets=8 | frames=10,2,128,15,0.1004121381789446,88.36267746276408,2,8,10
CV2 | nets=8 | frames=10,2,128,16,0.0976357765495777,87.09942631805689,2,8,10
CV2 | nets=8 | frames=10,2,128,17,0.0873478788882494,85.62723511206359,2,8,10
CV2 | nets=8 | frames=10,2,128,18,0.0874008323997259,85.51825454953313,2,8,10
CV2 | nets=8 | frames=10,2,128,19,0.085240782611072,84.20421598570049,2,8,10
CV2 | nets=8 | frames=10,2,128,20,0.0851967364549636,86.03555221581459,2,8,10
CV2 | nets=8 | frames=10,2,128,21,0.0944494448602199,85.81179136573523,2,8,10
CV2 | nets=8 | frames=10,2,128,22,0.0866412755101919,85.02897792067378,2,8,10
CV2 | nets=8 | frames=10,2,128,23,0.0828315513208508,84.28793256352469,2,8,10
CV2 | nets=8 | frames=10,2,128,24,0.0826636053621769,83.30073408150673,2,8,10
CV2 | nets=8 | frames=10,2,128,25,0.0873551465570926,82.42219363389164,2,8,10
CV2 | nets=8 | frames=10,2,128,26,0.0815883371978998,85.40402475025505,2,8,10
CV2 | nets=8 | frames=10,2,128,27,0.0791109075769782,83.78950058067217,2,8,10
CV2 | nets=8 | frames=10,2,128,28,0.0780630117282271,82.87085915663093,2,8,10
CV2 | nets=8 | frames=10,2,128,29,0.0774193242192268,82.72129313147441,2,8,10
CV2 | nets=8 | frames=10,2,128,30,0.0754242725670337,83.54692026402802,2,8,10
CV2 | nets=8 | frames=10,2,128,31,0.0757288509048521,85.19317791315913,2,8,10
CV2 | nets=8 | frames=10,2,128,32,0.0765466012060642,86.49343980265408,2,8,10
CV2 | nets=8 | frames=10,2,128,33,0.0787242658436298,81.93427052849532,2,8,10
CV2 | nets=8 | frames=10,2,128,34,0.0795948840677738,80.7022884874791,2,8,10
CV2 | nets=8 | frames=10,2,128,35,0.0828259442001581,84.07697611311077,2,8,10
CV2 | nets=8 | frames=25,2,128,1,0.5824568033218384,13.606115850239991,2,8,25
CV2 | nets=8 | frames=25,2,128,2,0.3157154500484466,12.641926828213036,2,8,25
CV2 | nets=8 | frames=25,2,128,3,0.2523730134963989,10.799209368519485,2,8,25
CV2 | nets=8 | frames=25,2,128,4,0.2185081449151039,10.98094351992011,2,8,25
CV2 | nets=8 | frames=25,2,128,5,0.1815085829794407,9.62172642622702,2,8,25
CV2 | nets=8 | frames=25,2,128,6,0.140353347659111,9.4540993408449,2,8,25
CV2 | nets=8 | frames=25,2,128,7,0.1242852368950843,9.122938934283331,2,8,25
CV2 | nets=8 | frames=25,2,128,8,0.1202668749541044,8.867135617831721,2,8,25
CV2 | nets=8 | frames=25,2,128,9,0.1179110737144947,9.005440435498953,2,8,25
CV2 | nets=8 | frames=25,2,128,10,0.1100113719701767,8.381571283143014,2,8,25
CV2 | nets=8 | frames=25,2,128,11,0.1161228655278682,8.73842727021873,2,8,25
CV2 | nets=8 | frames=25,2,128,12,0.1129210909456014,9.347813799330964,2,8,25
CV2 | nets=8 | frames=25,2,128,13,0.1013046562671661,8.772924864029513,2,8,25
CV2 | nets=8 | frames=25,2,128,14,0.1033956068754196,9.13183564475924,2,8,25
CV2 | nets=8 | frames=25,2,128,15,0.0990934528410434,8.9645391069334,2,8,25
CV2 | nets=8 | frames=25,2,128,16,0.0936573055386543,8.971631812155247,2,8,25
CV2 | nets=8 | frames=25,2,128,17,0.0896424565464258,9.253042724017986,2,8,25
CV2 | nets=8 | frames=25,2,128,18,0.0921253246068954,9.005910303721205,2,8,25
CV2 | nets=8 | frames=25,2,128,19,0.1014170832931995,9.154668418676591,2,8,25
CV2 | nets=8 | frames=25,2,128,20,0.0916285717487335,9.645253411263228,2,8,25
CV2 | nets=8 | frames=25,2,128,21,0.089637393951416,9.549731413073838,2,8,25
CV2 | nets=8 | frames=25,2,128,22,0.0869990310072898,9.655798635277897,2,8,25
CV2 | nets=8 | frames=25,2,128,23,0.0895443626493215,9.754117879131808,2,8,25
CV2 | nets=8 | frames=25,2,128,24,0.0805844216793775,9.688639834061265,2,8,25
CV2 | nets=8 | frames=25,2,128,25,0.0798600606620311,10.064197468854488,2,8,25
CV2 | nets=8 | frames=50,2,128,1,0.4964536486566067,2.8460664433389904,2,8,50
CV2 | nets=8 | frames=50,2,128,2,0.2771137881278991,1.9545702553763984,2,8,50
CV2 | nets=8 | frames=50,2,128,3,0.1624190141260623,1.6911838826145975,2,8,50
CV2 | nets=8 | frames=50,2,128,4,0.1342191860079765,1.707499931952916,2,8,50
CV2 | nets=8 | frames=50,2,128,5,0.1250548562407493,1.6291045835763216,2,8,50
CV2 | nets=8 | frames=50,2,128,6,0.1210005091875791,1.6164823692040515,2,8,50
CV2 | nets=8 | frames=50,2,128,7,0.119502184651792,1.7729919451624154,2,8,50
CV2 | nets=8 | frames=50,2,128,8,0.1215615588799119,1.6813835151419043,2,8,50
CV2 | nets=8 | frames=50,2,128,9,0.1160891515016555,1.7370343905705958,2,8,50
CV2 | nets=8 | frames=50,2,128,10,0.1261006591469049,1.7987911664601417,2,8,50
CV2 | nets=8 | frames=50,2,128,11,0.1025669628754258,1.6579806180754677,2,8,50
CV2 | nets=8 | frames=50,2,128,12,0.0951090934500098,1.6915269090030345,2,8,50
CV2 | nets=8 | frames=50,2,128,13,0.1082764838635921,1.8734001243989915,2,8,50
CV2 | nets=8 | frames=50,2,128,14,0.0971473129838705,1.7669007109040396,2,8,50
CV2 | nets=8 | frames=50,2,128,15,0.087056585252285,1.7494546041125432,2,8,50
CV2 | nets=8 | frames=50,2,128,16,0.0920612969622016,1.7611082350658254,2,8,50
CV2 | nets=8 | frames=50,2,128,17,0.0834866388887167,1.8219777544429523,2,8,50
CV2 | nets=8 | frames=50,2,128,18,0.0759539665281772,1.8088250699136408,2,8,50
CV2 | nets=8 | frames=50,2,128,19,0.0932351138070225,1.7714305073022842,2,8,50
CV2 | nets=8 | frames=50,2,128,20,0.0745406100153923,1.84720728044305,2,8,50
CV2 | nets=8 | frames=50,2,128,21,0.0751289249211549,1.8494506226293743,2,8,50
CV2 | nets=8 | frames=100,2,128,1,0.3763923943787813,0.3703589564952999,2,8,100
CV2 | nets=8 | frames=100,2,128,2,0.1583171350508928,0.3988898940063081,2,8,100
CV2 | nets=8 | frames=100,2,128,3,0.1381233483180403,0.3787329120002687,2,8,100
CV2 | nets=8 | frames=100,2,128,4,0.1318173129856586,0.3804410167071037,2,8,100
CV2 | nets=8 | frames=100,2,128,5,0.1180139607191085,0.3930208111787215,2,8,100
CV2 | nets=8 | frames=100,2,128,6,0.1051232208311557,0.4199620434315875,2,8,100
CV2 | nets=8 | frames=100,2,128,7,0.0959865360707044,0.3988848120295443,2,8,100
CV2 | nets=8 | frames=100,2,128,8,0.0835455916821956,0.412089626620058,2,8,100
CV2 | nets=8 | frames=100,2,128,9,0.0719760623201727,0.4250766123961657,2,8,100
CV2 | nets=8 | frames=100,2,128,10,0.0702623046562075,0.5126226544743404,2,8,100
CV2 | nets=8 | frames=100,2,128,11,0.057665913561359,0.4393977066595107,2,8,100
CV2 | nets=8 | frames=100,2,128,12,0.0713690541684627,0.4273916249321773,2,8,100
CV2 | nets=8 | frames=100,2,128,13,0.0480216059740632,0.4601082719247788,2,8,100
CV2 | nets=8 | frames=100,2,128,14,0.0428802109789103,0.4479075025161728,2,8,100
CV2 | nets=8 | frames=100,2,128,15,0.05098213176243,0.4361543297022581,2,8,100
CV2 | nets=8 | frames=100,2,128,16,0.0324026900157332,0.4475557386865839,2,8,100
CV3 | nets=1 | frames=2,3,128,1,1.007070779800415,26212.12287683105,3,1,2
CV3 | nets=1 | frames=2,3,128,2,0.9751734733581544,26208.879431747435,3,1,2
CV3 | nets=1 | frames=2,3,128,3,0.9435295462608336,26196.339936416625,3,1,2
CV3 | nets=1 | frames=2,3,128,4,0.9090648293495178,26176.926346366883,3,1,2
CV3 | nets=1 | frames=2,3,128,5,0.8689696788787842,26246.446823623657,3,1,2
CV3 | nets=1 | frames=2,3,128,6,0.8198122382164001,26616.90916960907,3,1,2
CV3 | nets=1 | frames=2,3,128,7,0.7562805414199829,27377.367509536743,3,1,2
CV3 | nets=1 | frames=2,3,128,8,0.6692924499511719,29382.18490248871,3,1,2
CV3 | nets=1 | frames=2,3,128,9,0.5478405356407166,35339.30836984253,3,1,2
CV3 | nets=1 | frames=2,3,128,10,0.4233895540237427,54787.619879364014,3,1,2
CV3 | nets=1 | frames=2,3,128,11,0.4920591115951538,73552.49716057205,3,1,2
CV3 | nets=1 | frames=2,3,128,12,0.5672910213470459,79409.6476037674,3,1,2
CV3 | nets=1 | frames=2,3,128,13,0.4496431648731231,71074.3852378273,3,1,2
CV3 | nets=1 | frames=2,3,128,14,0.3058920204639435,62556.415617362974,3,1,2
CV3 | nets=1 | frames=2,3,128,15,0.2686246335506439,66755.76092071533,3,1,2
CV3 | nets=1 | frames=2,3,128,16,0.2698009610176086,85641.40438389588,3,1,2
CV3 | nets=1 | frames=2,3,128,17,0.2471572011709213,130143.08601869202,3,1,2
CV3 | nets=1 | frames=2,3,128,18,0.1973636746406555,218213.750292038,3,1,2
CV3 | nets=1 | frames=2,3,128,19,0.1627650707960128,322798.59985029604,3,1,2
CV3 | nets=1 | frames=5,3,128,1,1.0005836486816406,2781.367620545387,3,1,5
CV3 | nets=1 | frames=5,3,128,2,0.9748480319976808,2780.737103553772,3,1,5
CV3 | nets=1 | frames=5,3,128,3,0.9488325119018556,2779.7595435647963,3,1,5
CV3 | nets=1 | frames=5,3,128,4,0.9197067618370056,2777.7646672992705,3,1,5
CV3 | nets=1 | frames=5,3,128,5,0.8853713274002075,2773.353338484764,3,1,5
CV3 | nets=1 | frames=5,3,128,6,0.8439057469367981,2763.8748578472137,3,1,5
CV3 | nets=1 | frames=5,3,128,7,0.7932089567184448,2744.482111903191,3,1,5
CV3 | nets=1 | frames=5,3,128,8,0.7315484285354614,2711.421240819931,3,1,5
CV3 | nets=1 | frames=5,3,128,9,0.674272358417511,2677.138708090305,3,1,5
CV3 | nets=1 | frames=5,3,128,10,0.7235531806945801,2675.283300415993,3,1,5
CV3 | nets=1 | frames=5,3,128,11,0.6844207048416138,2680.786688003064,3,1,5
CV3 | nets=1 | frames=5,3,128,12,0.6393742561340332,2688.88509405756,3,1,5
CV3 | nets=1 | frames=5,3,128,13,0.632174015045166,2686.7442326221467,3,1,5
CV3 | nets=1 | frames=5,3,128,14,0.6338325142860413,2676.7199442920687,3,1,5
CV3 | nets=1 | frames=5,3,128,15,0.6321331858634949,2663.6323253121377,3,1,5
CV3 | nets=1 | frames=5,3,128,16,0.6247592568397522,2680.158592514515,3,1,5
CV3 | nets=1 | frames=5,3,128,17,0.6113709807395935,2804.613629398823,3,1,5
CV3 | nets=1 | frames=5,3,128,18,0.5917745232582092,3214.767906614304,3,1,5
CV3 | nets=1 | frames=5,3,128,19,0.5678224563598633,4283.408265594006,3,1,5
CV3 | nets=1 | frames=5,3,128,20,0.5489581227302551,6074.885801312446,3,1,5
CV3 | nets=1 | frames=5,3,128,21,0.5404226779937744,7229.370464272499,3,1,5
CV3 | nets=1 | frames=5,3,128,22,0.5132210850715637,7601.484045165062,3,1,5
CV3 | nets=1 | frames=5,3,128,23,0.4893125593662262,8767.188709969521,3,1,5
CV3 | nets=1 | frames=5,3,128,24,0.4828276634216308,11953.078165766716,3,1,5
CV3 | nets=1 | frames=5,3,128,25,0.4764564633369446,17301.764886779783,3,1,5
CV3 | nets=1 | frames=5,3,128,26,0.4771647155284881,19107.445376743315,3,1,5
CV3 | nets=1 | frames=5,3,128,27,0.4713866710662842,16987.726213076592,3,1,5
CV3 | nets=1 | frames=5,3,128,28,0.453715056180954,15136.826122124672,3,1,5
CV3 | nets=1 | frames=5,3,128,29,0.4411564171314239,14444.207104325294,3,1,5
CV3 | nets=1 | frames=5,3,128,30,0.4258683621883392,14591.556680922507,3,1,5
CV3 | nets=1 | frames=10,3,128,1,1.142422616481781,398.2460653581619,3,1,10
CV3 | nets=1 | frames=10,3,128,2,0.8120293617248535,397.5429923613072,3,1,10
CV3 | nets=1 | frames=10,3,128,3,0.800318032503128,396.08234992337225,3,1,10
CV3 | nets=1 | frames=10,3,128,4,0.8462536633014679,391.5051935563088,3,1,10
CV3 | nets=1 | frames=10,3,128,5,0.7544463276863098,382.4483073724508,3,1,10
CV3 | nets=1 | frames=10,3,128,6,0.5137051194906235,381.0241246623993,3,1,10
CV3 | nets=1 | frames=10,3,128,7,0.6688659489154816,379.0988645678759,3,1,10
CV3 | nets=1 | frames=10,3,128,8,0.7506012916564941,368.4066626722813,3,1,10
CV3 | nets=1 | frames=10,3,128,9,0.6293302774429321,381.78529906320574,3,1,10
CV3 | nets=1 | frames=10,3,128,10,0.4874183684587478,591.8194127993584,3,1,10
CV3 | nets=1 | frames=10,3,128,11,0.509010910987854,848.2605181602239,3,1,10
CV3 | nets=1 | frames=10,3,128,12,0.4240801930427551,1575.0905762351751,3,1,10
CV3 | nets=1 | frames=10,3,128,13,0.6009651124477386,1964.0045084474089,3,1,10
CV3 | nets=1 | frames=10,3,128,14,0.4217542558908462,1712.3188823570013,3,1,10
CV3 | nets=1 | frames=10,3,128,15,0.3395440131425857,2446.0930955889226,3,1,10
CV3 | nets=1 | frames=10,3,128,16,0.3783462643623352,1918.3954782880544,3,1,10
CV3 | nets=1 | frames=10,3,128,17,0.5118062794208527,1206.49428611362,3,1,10
CV3 | nets=1 | frames=10,3,128,18,0.4663146883249283,857.4323829772472,3,1,10
CV3 | nets=1 | frames=10,3,128,19,0.3605856150388717,1187.7935854578018,3,1,10
CV3 | nets=1 | frames=10,3,128,20,0.4092006534337997,1297.0043917251826,3,1,10
CV3 | nets=1 | frames=10,3,128,21,0.3431424647569656,1208.8830789695978,3,1,10
CV3 | nets=1 | frames=10,3,128,22,0.2282240763306617,987.3539830828904,3,1,10
CV3 | nets=1 | frames=10,3,128,23,0.3288638144731521,1060.307416939497,3,1,10
CV3 | nets=1 | frames=25,3,128,1,1.0410336256027222,41.91782721340656,3,1,25
CV3 | nets=1 | frames=25,3,128,2,0.6548897512257099,40.76738624584675,3,1,25
CV3 | nets=1 | frames=25,3,128,3,0.8166341111063957,39.052717223763466,3,1,25
CV3 | nets=1 | frames=25,3,128,4,0.6271350011229515,38.959005621433256,3,1,25
CV3 | nets=1 | frames=25,3,128,5,0.498196430504322,39.602240576922895,3,1,25
CV3 | nets=1 | frames=25,3,128,6,0.4766146130859852,39.5319276548624,3,1,25
CV3 | nets=1 | frames=25,3,128,7,0.4678082652390003,67.67022666060925,3,1,25
CV3 | nets=1 | frames=25,3,128,8,0.4720702916383743,87.56676357263326,3,1,25
CV3 | nets=1 | frames=25,3,128,9,0.3835441283881664,80.59881683510542,3,1,25
CV3 | nets=1 | frames=25,3,128,10,0.3301890855655074,99.6442763596177,3,1,25
CV3 | nets=1 | frames=25,3,128,11,0.3163863532245159,107.38903357222677,3,1,25
CV3 | nets=1 | frames=25,3,128,12,0.3300434276461601,74.03195817863941,3,1,25
CV3 | nets=1 | frames=25,3,128,13,0.2704771403223276,62.43508965036273,3,1,25
CV3 | nets=1 | frames=25,3,128,14,0.2415626337751746,65.76357158593834,3,1,25
CV3 | nets=1 | frames=25,3,128,15,0.2746015079319477,71.20915171661973,3,1,25
CV3 | nets=1 | frames=25,3,128,16,0.2266641114838421,45.32485669316351,3,1,25
CV3 | nets=1 | frames=25,3,128,17,0.2589325942099094,50.89567295412719,3,1,25
CV3 | nets=1 | frames=25,3,128,18,0.2396313175559044,40.764769000574944,3,1,25
CV3 | nets=1 | frames=25,3,128,19,0.2229813709855079,39.09609410963952,3,1,25
CV3 | nets=1 | frames=50,3,128,1,0.8451907102550779,8.133641350746155,3,1,50
CV3 | nets=1 | frames=50,3,128,2,0.6120743879250118,7.988019174158573,3,1,50
CV3 | nets=1 | frames=50,3,128,3,0.5568045867340905,7.83773385888338,3,1,50
CV3 | nets=1 | frames=50,3,128,4,0.5138396578175681,7.779863808095455,3,1,50
CV3 | nets=1 | frames=50,3,128,5,0.4254107879740851,9.456306296825408,3,1,50
CV3 | nets=1 | frames=50,3,128,6,0.3849941279206957,9.597034010708333,3,1,50
CV3 | nets=1 | frames=50,3,128,7,0.3255254243101392,9.113618668824436,3,1,50
CV3 | nets=1 | frames=50,3,128,8,0.3375873054776873,9.142556740239264,3,1,50
CV3 | nets=1 | frames=50,3,128,9,0.2687846358333315,8.570872456982732,3,1,50
CV3 | nets=1 | frames=50,3,128,10,0.2018733024597168,8.939347684308887,3,1,50
CV3 | nets=1 | frames=50,3,128,11,0.2006311629499708,9.1182693804875,3,1,50
CV3 | nets=1 | frames=50,3,128,12,0.1853382630007607,8.607223312146962,3,1,50
CV3 | nets=1 | frames=50,3,128,13,0.1660048174006598,8.522219149768352,3,1,50
CV3 | nets=1 | frames=50,3,128,14,0.1515880280307361,8.657163237787783,3,1,50
CV3 | nets=1 | frames=50,3,128,15,0.1387331081288201,8.663681523926556,3,1,50
CV3 | nets=1 | frames=50,3,128,16,0.1214934736490249,8.564410144545137,3,1,50
CV3 | nets=1 | frames=50,3,128,17,0.1243379415412034,8.242861230716109,3,1,50
CV3 | nets=1 | frames=50,3,128,18,0.1368345235075269,8.092027061663568,3,1,50
CV3 | nets=1 | frames=50,3,128,19,0.1085738092660904,8.268489584967494,3,1,50
CV3 | nets=1 | frames=100,3,128,1,0.7622089340136602,1.6911544330120087,3,1,100
CV3 | nets=1 | frames=100,3,128,2,0.4755434141709254,1.5656264982819557,3,1,100
CV3 | nets=1 | frames=100,3,128,3,0.337626901956705,1.656933590129018,3,1,100
CV3 | nets=1 | frames=100,3,128,4,0.2386562056266344,1.6121978673487902,3,1,100
CV3 | nets=1 | frames=100,3,128,5,0.1852745723265867,1.66336748714,3,1,100
CV3 | nets=1 | frames=100,3,128,6,0.1596629464855561,1.6953719624653458,3,1,100
CV3 | nets=1 | frames=100,3,128,7,0.1356996355148462,1.7374549483843147,3,1,100
CV3 | nets=1 | frames=100,3,128,8,0.1241465663680663,1.7519643284231423,3,1,100
CV3 | nets=1 | frames=100,3,128,9,0.1124762001519019,1.7671826091259717,3,1,100
CV3 | nets=1 | frames=100,3,128,10,0.1094084404982053,1.7172655523717404,3,1,100
CV3 | nets=1 | frames=100,3,128,11,0.0994132754321281,1.7295537270009518,3,1,100
CV3 | nets=1 | frames=100,3,128,12,0.0873453771838775,1.7784230833500625,3,1,100
CV3 | nets=1 | frames=100,3,128,13,0.0759282504709867,1.8036556226201357,3,1,100
CV3 | nets=1 | frames=100,3,128,14,0.0734169457394343,1.7857491212151944,3,1,100
CV3 | nets=1 | frames=100,3,128,15,0.0669356484252673,1.8104537713229656,3,1,100
CV3 | nets=1 | frames=100,3,128,16,0.0684472588965525,1.7850715551041068,3,1,100
CV3 | nets=1 | frames=100,3,128,17,0.0593294425366016,1.7617115341499447,3,1,100
CV3 | nets=2 | frames=2,3,128,1,1.00130033493042,6212.3357991333005,3,2,2
CV3 | nets=2 | frames=2,3,128,2,0.9657782316207886,6202.288620613098,3,2,2
CV3 | nets=2 | frames=2,3,128,3,0.929722249507904,6204.6826265831,3,2,2
CV3 | nets=2 | frames=2,3,128,4,0.8905400037765503,6225.703888877869,3,2,2
CV3 | nets=2 | frames=2,3,128,5,0.8455817699432373,6253.924923728943,3,2,2
CV3 | nets=2 | frames=2,3,128,6,0.7913562059402466,6338.676230842591,3,2,2
CV3 | nets=2 | frames=2,3,128,7,0.7221745252609253,6921.83710823822,3,2,2
CV3 | nets=2 | frames=2,3,128,8,0.6297256946563721,9571.550634468078,3,2,2
CV3 | nets=2 | frames=2,3,128,9,0.5196098685264587,20175.05702383804,3,2,2
CV3 | nets=2 | frames=2,3,128,10,0.504094123840332,30040.661675319672,3,2,2
CV3 | nets=2 | frames=2,3,128,11,0.4738544821739197,37401.6916767807,3,2,2
CV3 | nets=2 | frames=2,3,128,12,0.4080548882484436,42566.54854058838,3,2,2
CV3 | nets=2 | frames=2,3,128,13,0.3528954684734344,45371.23920700836,3,2,2
CV3 | nets=2 | frames=2,3,128,14,0.3186871409416199,57649.57698227882,3,2,2
CV3 | nets=2 | frames=2,3,128,15,0.3034913837909698,90015.47453757095,3,2,2
CV3 | nets=2 | frames=2,3,128,16,0.2733556926250458,161238.73524951554,3,2,2
CV3 | nets=2 | frames=2,3,128,17,0.2236980944871902,295526.92464318464,3,2,2
CV3 | nets=2 | frames=5,3,128,1,0.7354595065116882,486.0424422464371,3,2,5
CV3 | nets=2 | frames=5,3,128,2,1.067749172449112,484.0855682234764,3,2,5
CV3 | nets=2 | frames=5,3,128,3,0.5736495703458786,474.888211029768,3,2,5
CV3 | nets=2 | frames=5,3,128,4,0.5699303448200226,453.79522652196886,3,2,5
CV3 | nets=2 | frames=5,3,128,5,0.4709920212626457,517.42221156919,3,2,5
CV3 | nets=2 | frames=5,3,128,6,0.4252100586891174,829.490282099247,3,2,5
CV3 | nets=2 | frames=5,3,128,7,0.4350730627775192,1705.806770272851,3,2,5
CV3 | nets=2 | frames=5,3,128,8,0.3102421462535858,3192.050748696029,3,2,5
CV3 | nets=2 | frames=5,3,128,9,0.3262294083833694,2883.347653303921,3,2,5
CV3 | nets=2 | frames=5,3,128,10,0.2406283989548683,1559.758956232488,3,2,5
CV3 | nets=2 | frames=5,3,128,11,0.3202097415924072,1061.9464934728146,3,2,5
CV3 | nets=2 | frames=5,3,128,12,0.214173637330532,912.8168086634874,3,2,5
CV3 | nets=2 | frames=5,3,128,13,0.2001063674688339,853.2931681877375,3,2,5
CV3 | nets=2 | frames=5,3,128,14,0.1886146813631057,645.9744635481834,3,2,5
CV3 | nets=2 | frames=5,3,128,15,0.147803271189332,502.3311234705448,3,2,5
CV3 | nets=2 | frames=5,3,128,16,0.2501673847436905,480.5345112320185,3,2,5
CV3 | nets=2 | frames=5,3,128,17,0.1273912079632282,483.7812712727785,3,2,5
CV3 | nets=2 | frames=5,3,128,18,0.1153331510722637,488.1387257120013,3,2,5
CV3 | nets=2 | frames=5,3,128,19,0.1363108232617378,493.3938285505772,3,2,5
CV3 | nets=2 | frames=10,3,128,1,0.918806254863739,96.25845552283523,3,2,10
CV3 | nets=2 | frames=10,3,128,2,0.7566266357898712,95.26742331016064,3,2,10
CV3 | nets=2 | frames=10,3,128,3,0.6345648566881815,91.06873719343542,3,2,10
CV3 | nets=2 | frames=10,3,128,4,0.4984675844510396,85.92564441537857,3,2,10
CV3 | nets=2 | frames=10,3,128,5,0.4277710715929667,83.90561115652322,3,2,10
CV3 | nets=2 | frames=10,3,128,6,0.4265397290388743,81.60401370605827,3,2,10
CV3 | nets=2 | frames=10,3,128,7,0.3855758011341095,82.46493789479136,3,2,10
CV3 | nets=2 | frames=10,3,128,8,0.3123462398846944,78.87372386154533,3,2,10
CV3 | nets=2 | frames=10,3,128,9,0.3421458005905151,81.92585526815057,3,2,10
CV3 | nets=2 | frames=10,3,128,10,0.2939967115720113,82.35996262021362,3,2,10
CV3 | nets=2 | frames=10,3,128,11,0.2070706039667129,80.88672970069945,3,2,10
CV3 | nets=2 | frames=10,3,128,12,0.1864271288116773,82.71329570762813,3,2,10
CV3 | nets=2 | frames=10,3,128,13,0.1828365673621495,85.61208236023784,3,2,10
CV3 | nets=2 | frames=10,3,128,14,0.1657088125745455,87.42457952070237,3,2,10
CV3 | nets=2 | frames=10,3,128,15,0.1557264750202497,87.56512254153192,3,2,10
CV3 | nets=2 | frames=10,3,128,16,0.1690972472230593,89.05689482340216,3,2,10
CV3 | nets=2 | frames=10,3,128,17,0.1556833138068517,84.2166428603679,3,2,10
CV3 | nets=2 | frames=10,3,128,18,0.1469016373157501,87.101795514673,3,2,10
CV3 | nets=2 | frames=10,3,128,19,0.1428576161464055,87.47383575877548,3,2,10
CV3 | nets=2 | frames=10,3,128,20,0.1338102743029594,87.43792778301238,3,2,10
CV3 | nets=2 | frames=10,3,128,21,0.1430366709828376,87.0425700405687,3,2,10
CV3 | nets=2 | frames=10,3,128,22,0.1314008335272471,87.22336415542662,3,2,10
CV3 | nets=2 | frames=10,3,128,23,0.1665243133902549,88.34178995913267,3,2,10
CV3 | nets=2 | frames=25,3,128,1,0.8367069746766772,12.634881211958826,3,2,25
CV3 | nets=2 | frames=25,3,128,2,0.5371256300381252,11.649471719861031,3,2,25
CV3 | nets=2 | frames=25,3,128,3,0.4705739319324493,12.017048367142678,3,2,25
CV3 | nets=2 | frames=25,3,128,4,0.4112347023827689,16.544594755411147,3,2,25
CV3 | nets=2 | frames=25,3,128,5,0.2952537877219064,25.53185239420086,3,2,25
CV3 | nets=2 | frames=25,3,128,6,0.2866195791534015,15.122305097125473,3,2,25
CV3 | nets=2 | frames=25,3,128,7,0.2026696194495473,11.95264749449119,3,2,25
CV3 | nets=2 | frames=25,3,128,8,0.2669757679104805,19.0143517986089,3,2,25
CV3 | nets=2 | frames=25,3,128,9,0.183263643511704,13.879383940048516,3,2,25
CV3 | nets=2 | frames=25,3,128,10,0.1693982428738049,11.838473491348326,3,2,25
CV3 | nets=2 | frames=25,3,128,11,0.1559231526085308,12.289834319226443,3,2,25
CV3 | nets=2 | frames=25,3,128,12,0.1472477444580623,11.377470839947462,3,2,25
CV3 | nets=2 | frames=25,3,128,13,0.1498615645936557,11.334277606397867,3,2,25
CV3 | nets=2 | frames=25,3,128,14,0.1401756810290473,9.442813884161414,3,2,25
CV3 | nets=2 | frames=25,3,128,15,0.1065929170165743,9.28528930194676,3,2,25
CV3 | nets=2 | frames=25,3,128,16,0.0900022312998771,8.500413736261427,3,2,25
CV3 | nets=2 | frames=25,3,128,17,0.0886198080011776,8.450409899905324,3,2,25
CV3 | nets=2 | frames=25,3,128,18,0.0845558728490557,8.455694547355176,3,2,25
CV3 | nets=2 | frames=25,3,128,19,0.0679591143769877,8.567114056751132,3,2,25
CV3 | nets=2 | frames=25,3,128,20,0.0609284261507647,8.517348758377135,3,2,25
CV3 | nets=2 | frames=25,3,128,21,0.0618440828153065,8.719327276904137,3,2,25
CV3 | nets=2 | frames=25,3,128,22,0.0611359184341771,8.492886822586879,3,2,25
CV3 | nets=2 | frames=25,3,128,23,0.0512392760387488,8.550452775605024,3,2,25
CV3 | nets=2 | frames=25,3,128,24,0.0519049742392131,8.402439083468169,3,2,25
CV3 | nets=2 | frames=25,3,128,25,0.049163960984775,8.34690882881172,3,2,25
CV3 | nets=2 | frames=25,3,128,26,0.056678241650973,8.820802568502724,3,2,25
CV3 | nets=2 | frames=25,3,128,27,0.067858907261065,8.39390626147762,3,2,25
CV3 | nets=2 | frames=25,3,128,28,0.0522249517962336,9.334684267416597,3,2,25
CV3 | nets=2 | frames=25,3,128,29,0.0664547660521098,8.526622881643474,3,2,25
CV3 | nets=2 | frames=25,3,128,30,0.0469996833375522,8.453463712904602,3,2,25
CV3 | nets=2 | frames=25,3,128,31,0.0432438986775066,8.743757101105526,3,2,25
CV3 | nets=2 | frames=25,3,128,32,0.0461726060935429,8.670152805384248,3,2,25
CV3 | nets=2 | frames=25,3,128,33,0.0578264908066817,8.470102530127392,3,2,25
CV3 | nets=2 | frames=25,3,128,34,0.0607842638024262,8.542591881297529,3,2,25
CV3 | nets=2 | frames=25,3,128,35,0.0620712121682507,8.487191881507636,3,2,25
CV3 | nets=2 | frames=50,3,128,1,0.7321737362788274,2.6152469893693926,3,2,50
CV3 | nets=2 | frames=50,3,128,2,0.4575165556027339,3.1974566866010425,3,2,50
CV3 | nets=2 | frames=50,3,128,3,0.2852440075232432,3.134224917065352,3,2,50
CV3 | nets=2 | frames=50,3,128,4,0.2081939618174846,2.2086399397104977,3,2,50
CV3 | nets=2 | frames=50,3,128,5,0.1930634488280002,2.427068275526166,3,2,50
CV3 | nets=2 | frames=50,3,128,6,0.165489062666893,2.109717358931899,3,2,50
CV3 | nets=2 | frames=50,3,128,7,0.1113824852957175,1.909052119202912,3,2,50
CV3 | nets=2 | frames=50,3,128,8,0.0810366178361269,1.7740378621034325,3,2,50
CV3 | nets=2 | frames=50,3,128,9,0.074404766353277,1.8268213100843127,3,2,50
CV3 | nets=2 | frames=50,3,128,10,0.0683148014717377,1.774782001791522,3,2,50
CV3 | nets=2 | frames=50,3,128,11,0.0670751900627062,1.7259286426519975,3,2,50
CV3 | nets=2 | frames=50,3,128,12,0.078372784388753,1.7164539706036448,3,2,50
CV3 | nets=2 | frames=50,3,128,13,0.0593119491464816,1.8314140892513096,3,2,50
CV3 | nets=2 | frames=50,3,128,14,0.0535354145730917,1.7415923510575666,3,2,50
CV3 | nets=2 | frames=50,3,128,15,0.0477249725506855,1.8116987012177703,3,2,50
CV3 | nets=2 | frames=50,3,128,16,0.0422081613483337,1.8455195059273397,3,2,50
CV3 | nets=2 | frames=50,3,128,17,0.0391907499959835,1.792566764791496,3,2,50
CV3 | nets=2 | frames=50,3,128,18,0.0385496735286254,1.8143151172390208,3,2,50
CV3 | nets=2 | frames=50,3,128,19,0.037654089096647,1.886410660104826,3,2,50
CV3 | nets=2 | frames=50,3,128,20,0.0401211699041036,1.8257327468218283,3,2,50
CV3 | nets=2 | frames=50,3,128,21,0.0355158723317659,1.8822278472175824,3,2,50
CV3 | nets=2 | frames=50,3,128,22,0.0304674436338245,1.8065970003660767,3,2,50
CV3 | nets=2 | frames=50,3,128,23,0.030852134196231,1.7997395947938786,3,2,50
CV3 | nets=2 | frames=50,3,128,24,0.0275561203463719,1.820797826579772,3,2,50
CV3 | nets=2 | frames=50,3,128,25,0.0266322849604945,1.8183347361600024,3,2,50
CV3 | nets=2 | frames=50,3,128,26,0.0228769093250425,1.868781116315164,3,2,50
CV3 | nets=2 | frames=50,3,128,27,0.0240696978110533,1.8521058909287675,3,2,50
CV3 | nets=2 | frames=100,3,128,1,0.5702985358238221,0.8998717231750488,3,2,100
CV3 | nets=2 | frames=100,3,128,2,0.2822718963027,0.5062321236133576,3,2,100
CV3 | nets=2 | frames=100,3,128,3,0.2068764179944992,0.4824303634185344,3,2,100
CV3 | nets=2 | frames=100,3,128,4,0.1816231620311737,0.4539733154252171,3,2,100
CV3 | nets=2 | frames=100,3,128,5,0.1197358505427837,0.4120911117140203,3,2,100
CV3 | nets=2 | frames=100,3,128,6,0.077526143938303,0.4238454090468585,3,2,100
CV3 | nets=2 | frames=100,3,128,7,0.0627220550179481,0.4348487880239263,3,2,100
CV3 | nets=2 | frames=100,3,128,8,0.0636096960306167,0.4233580827228725,3,2,100
CV3 | nets=2 | frames=100,3,128,9,0.0503973671793937,0.4628859027158469,3,2,100
CV3 | nets=2 | frames=100,3,128,10,0.0392234162986278,0.4712908965349197,3,2,100
CV3 | nets=2 | frames=100,3,128,11,0.0321527570486068,0.4965213320134207,3,2,100
CV3 | nets=2 | frames=100,3,128,12,0.0269046583026647,0.5144204258620739,3,2,100
CV3 | nets=2 | frames=100,3,128,13,0.0252338809147477,0.5441315144719556,3,2,100
CV3 | nets=2 | frames=100,3,128,14,0.0241682288795709,0.5192632789155468,3,2,100
CV3 | nets=2 | frames=100,3,128,15,0.0223214165866374,0.5157744226269424,3,2,100
CV3 | nets=2 | frames=100,3,128,16,0.0259023360908031,0.483295366872102,3,2,100
CV3 | nets=2 | frames=100,3,128,17,0.0228962508961558,0.4941064959028736,3,2,100
CV3 | nets=2 | frames=100,3,128,18,0.022595663703978,0.5205192811470479,3,2,100
CV3 | nets=2 | frames=100,3,128,19,0.0195881165936589,0.4920805125795305,3,2,100
CV3 | nets=2 | frames=100,3,128,20,0.0286183413490653,0.5093920847270638,3,2,100
CV3 | nets=4 | frames=2,3,128,1,0.9979459047317504,8209.077255332946,3,4,2
CV3 | nets=4 | frames=2,3,128,2,0.9619595408439636,8207.587742202759,3,4,2
CV3 | nets=4 | frames=2,3,128,3,0.926074743270874,8192.86008805847,3,4,2
CV3 | nets=4 | frames=2,3,128,4,0.887602686882019,8153.199726867676,3,4,2
CV3 | nets=4 | frames=2,3,128,5,0.8441328406333923,8103.363607246399,3,4,2
CV3 | nets=4 | frames=2,3,128,6,0.792611300945282,8074.947505676269,3,4,2
CV3 | nets=4 | frames=2,3,128,7,0.7278080582618713,8143.117532142639,3,4,2
CV3 | nets=4 | frames=2,3,128,8,0.6399880647659302,9140.901651973723,3,4,2
CV3 | nets=4 | frames=2,3,128,9,0.5185116529464722,14916.508518701554,3,4,2
CV3 | nets=4 | frames=2,3,128,10,0.4090672433376312,38481.50636766052,3,4,2
CV3 | nets=4 | frames=2,3,128,11,0.4880743026733398,64230.60335099792,3,4,2
CV3 | nets=4 | frames=2,3,128,12,0.5366309285163879,71957.30292707062,3,4,2
CV3 | nets=4 | frames=2,3,128,13,0.4351347982883453,63518.5491291008,3,4,2
CV3 | nets=4 | frames=2,3,128,14,0.3224080204963684,53014.07953338623,3,4,2
CV3 | nets=4 | frames=2,3,128,15,0.2815762162208557,57065.72276610565,3,4,2
CV3 | nets=4 | frames=2,3,128,16,0.2778646349906921,82946.71765529251,3,4,2
CV3 | nets=4 | frames=2,3,128,17,0.2608393132686615,143502.0255507431,3,4,2
CV3 | nets=4 | frames=2,3,128,18,0.2262301445007324,244650.538993454,3,4,2
CV3 | nets=4 | frames=2,3,128,19,0.2022196054458618,332479.2933645706,3,4,2
CV3 | nets=4 | frames=2,3,128,20,0.1737018674612045,380083.09493660735,3,4,2
CV3 | nets=4 | frames=2,3,128,21,0.137352779507637,435199.017960434,3,4,2
CV3 | nets=4 | frames=5,3,128,1,0.9073533018430074,708.3972255969047,3,4,5
CV3 | nets=4 | frames=5,3,128,2,0.7499188184738159,702.7792336053848,3,4,5
CV3 | nets=4 | frames=5,3,128,3,0.7404182155927023,667.6518617861271,3,4,5
CV3 | nets=4 | frames=5,3,128,4,0.6254101097583771,763.9045254027843,3,4,5
CV3 | nets=4 | frames=5,3,128,5,0.4522949755191803,1068.6146075651643,3,4,5
CV3 | nets=4 | frames=5,3,128,6,0.5056710789601008,1312.867300765991,3,4,5
CV3 | nets=4 | frames=5,3,128,7,0.4770720601081848,1028.1722993409633,3,4,5
CV3 | nets=4 | frames=5,3,128,8,0.3902924706538518,672.1555852811337,3,4,5
CV3 | nets=4 | frames=5,3,128,9,0.3450291256109873,696.5993971098661,3,4,5
CV3 | nets=4 | frames=5,3,128,10,0.3286386430263519,899.4307936115265,3,4,5
CV3 | nets=4 | frames=5,3,128,11,0.2726425180832545,787.011217184782,3,4,5
CV3 | nets=4 | frames=5,3,128,12,0.229706918199857,950.1069408531188,3,4,5
CV3 | nets=4 | frames=5,3,128,13,0.3940773010253906,1032.7721552505493,3,4,5
CV3 | nets=4 | frames=5,3,128,14,0.2549682259559631,729.5257390756607,3,4,5
CV3 | nets=4 | frames=5,3,128,15,0.2436216870943705,710.3205902000666,3,4,5
CV3 | nets=4 | frames=5,3,128,16,0.2161680708328882,748.5660971255303,3,4,5
CV3 | nets=4 | frames=5,3,128,17,0.1866903950770696,672.8111410547494,3,4,5
CV3 | nets=4 | frames=5,3,128,18,0.2034564316272735,696.7570722566843,3,4,5
CV3 | nets=4 | frames=10,3,128,1,0.943452525138855,134.71397777456045,3,4,10
CV3 | nets=4 | frames=10,3,128,2,0.683854678273201,121.6011350169778,3,4,10
CV3 | nets=4 | frames=10,3,128,3,0.6286399632692337,127.16808167222142,3,4,10
CV3 | nets=4 | frames=10,3,128,4,0.5540244221687317,133.93025427284837,3,4,10
CV3 | nets=4 | frames=10,3,128,5,0.5126246094703675,356.9833316154182,3,4,10
CV3 | nets=4 | frames=10,3,128,6,0.4692268908023834,424.809589669168,3,4,10
CV3 | nets=4 | frames=10,3,128,7,0.4544506192207336,326.1263703720272,3,4,10
CV3 | nets=4 | frames=10,3,128,8,0.4052365720272064,196.742302329734,3,4,10
CV3 | nets=4 | frames=10,3,128,9,0.3977685570716858,126.41160704910754,3,4,10
CV3 | nets=4 | frames=10,3,128,10,0.4123666793107986,124.00730108308792,3,4,10
CV3 | nets=4 | frames=10,3,128,11,0.3688217997550964,122.57028290306032,3,4,10
CV3 | nets=4 | frames=10,3,128,12,0.352265727519989,123.54027571122349,3,4,10
CV3 | nets=4 | frames=10,3,128,13,0.3258852988481521,125.1268304848224,3,4,10
CV3 | nets=4 | frames=10,3,128,14,0.2830373495817184,129.72686109122634,3,4,10
CV3 | nets=4 | frames=10,3,128,15,0.2682171791791916,130.2180675625056,3,4,10
CV3 | nets=4 | frames=10,3,128,16,0.2416238874197006,128.694570338428,3,4,10
CV3 | nets=4 | frames=10,3,128,17,0.2351057797670364,130.6907957022339,3,4,10
CV3 | nets=4 | frames=25,3,128,1,0.7850682506194482,15.71006674078107,3,4,25
CV3 | nets=4 | frames=25,3,128,2,0.5327385182564075,35.76751448845863,3,4,25
CV3 | nets=4 | frames=25,3,128,3,0.5387080426399524,14.72160169480741,3,4,25
CV3 | nets=4 | frames=25,3,128,4,0.4756451031336418,14.880585103690624,3,4,25
CV3 | nets=4 | frames=25,3,128,5,0.4559769905530489,15.018417808234693,3,4,25
CV3 | nets=4 | frames=25,3,128,6,0.4276822965878706,15.644112069487573,3,4,25
CV3 | nets=4 | frames=25,3,128,7,0.3612920939922333,14.4557886544168,3,4,25
CV3 | nets=4 | frames=25,3,128,8,0.3289720691167391,14.435027609176936,3,4,25
CV3 | nets=4 | frames=25,3,128,9,0.3083979911529101,14.405811625778677,3,4,25
CV3 | nets=4 | frames=25,3,128,10,0.2900212430036984,14.107931522659957,3,4,25
CV3 | nets=4 | frames=25,3,128,11,0.2569759499568205,14.103773687690497,3,4,25
CV3 | nets=4 | frames=25,3,128,12,0.2385818041287935,13.25556010042876,3,4,25
CV3 | nets=4 | frames=25,3,128,13,0.2044824911997868,12.565604223843664,3,4,25
CV3 | nets=4 | frames=25,3,128,14,0.1948405143160086,12.36261820300296,3,4,25
CV3 | nets=4 | frames=25,3,128,15,0.1924664091605406,11.97634298510477,3,4,25
CV3 | nets=4 | frames=25,3,128,16,0.1825554726215509,11.918101546028629,3,4,25
CV3 | nets=4 | frames=25,3,128,17,0.1746228125232916,12.115764759093524,3,4,25
CV3 | nets=4 | frames=25,3,128,18,0.1749110720478571,11.53341836456582,3,4,25
CV3 | nets=4 | frames=25,3,128,19,0.1551228251594763,11.7963325849548,3,4,25
CV3 | nets=4 | frames=25,3,128,20,0.1530681751095331,12.123936719862744,3,4,25
CV3 | nets=4 | frames=25,3,128,21,0.1418252830895093,12.312604070123284,3,4,25
CV3 | nets=4 | frames=25,3,128,22,0.1439474907058935,12.076421785656365,3,4,25
CV3 | nets=4 | frames=25,3,128,23,0.1321298869756552,12.004680225385354,3,4,25
CV3 | nets=4 | frames=25,3,128,24,0.1347040427991977,13.336348147440702,3,4,25
CV3 | nets=4 | frames=25,3,128,25,0.1334798135436498,12.715503620717676,3,4,25
CV3 | nets=4 | frames=25,3,128,26,0.1356242217410069,12.520177539691328,3,4,25
CV3 | nets=4 | frames=25,3,128,27,0.1221871857459728,12.514868149468676,3,4,25
CV3 | nets=4 | frames=25,3,128,28,0.1256006213908012,12.947819385282695,3,4,25
CV3 | nets=4 | frames=25,3,128,29,0.1495398649802574,12.15857436312735,3,4,25
CV3 | nets=4 | frames=25,3,128,30,0.1352953730294337,12.521025452189148,3,4,25
CV3 | nets=4 | frames=25,3,128,31,0.1414246301238353,12.87161179537326,3,4,25
CV3 | nets=4 | frames=25,3,128,32,0.1135371639751471,13.088589390080422,3,4,25
CV3 | nets=4 | frames=25,3,128,33,0.1059778146445751,12.638138963852075,3,4,25
CV3 | nets=4 | frames=50,3,128,1,0.6951573586463928,3.218945496052504,3,4,50
CV3 | nets=4 | frames=50,3,128,2,0.4907421195507049,3.136652366084978,3,4,50
CV3 | nets=4 | frames=50,3,128,3,0.4583733719587326,2.9150873458459974,3,4,50
CV3 | nets=4 | frames=50,3,128,4,0.4413264280557632,4.815654040981084,3,4,50
CV3 | nets=4 | frames=50,3,128,5,0.4314811015129089,3.404518139623105,3,4,50
CV3 | nets=4 | frames=50,3,128,6,0.3846480256319046,3.3226223193723707,3,4,50
CV3 | nets=4 | frames=50,3,128,7,0.3680214065313339,4.094975959286094,3,4,50
CV3 | nets=4 | frames=50,3,128,8,0.3363921511173248,3.439098066262901,3,4,50
CV3 | nets=4 | frames=50,3,128,9,0.3380261224508285,3.9549135095961394,3,4,50
CV3 | nets=4 | frames=50,3,128,10,0.3087388163805007,3.249986624162644,3,4,50
CV3 | nets=4 | frames=50,3,128,11,0.3065347149968147,3.0680868607442826,3,4,50
CV3 | nets=4 | frames=50,3,128,12,0.2765054455399513,4.491379409998656,3,4,50
CV3 | nets=4 | frames=50,3,128,13,0.2739762616157531,2.8356207161806526,3,4,50
CV3 | nets=4 | frames=50,3,128,14,0.2409741315245628,2.947035916246474,3,4,50
CV3 | nets=4 | frames=50,3,128,15,0.196539671421051,2.700771280948073,3,4,50
CV3 | nets=4 | frames=50,3,128,16,0.1546544344723224,2.56883156035468,3,4,50
CV3 | nets=4 | frames=50,3,128,17,0.1217873749136924,2.691676210984588,3,4,50
CV3 | nets=4 | frames=50,3,128,18,0.1083204059302806,2.710441293517128,3,4,50
CV3 | nets=4 | frames=50,3,128,19,0.0989027807861566,2.711090142354369,3,4,50
CV3 | nets=4 | frames=50,3,128,20,0.084909086227417,2.75392703406699,3,4,50
CV3 | nets=4 | frames=50,3,128,21,0.0808960718661546,2.6175540399122985,3,4,50
CV3 | nets=4 | frames=50,3,128,22,0.069746761098504,2.679954311741516,3,4,50
CV3 | nets=4 | frames=50,3,128,23,0.0549362105131149,2.6974136809781197,3,4,50
CV3 | nets=4 | frames=50,3,128,24,0.0534681729227304,2.7358425416983665,3,4,50
CV3 | nets=4 | frames=50,3,128,25,0.0444636821001768,2.807401444192976,3,4,50
CV3 | nets=4 | frames=50,3,128,26,0.045884836167097,2.60585630011186,3,4,50
CV3 | nets=4 | frames=50,3,128,27,0.0468615913391113,2.6877509521991017,3,4,50
CV3 | nets=4 | frames=50,3,128,28,0.0408615452051162,2.7979814716447144,3,4,50
CV3 | nets=4 | frames=50,3,128,29,0.0418571280688047,2.641213641516864,3,4,50
CV3 | nets=4 | frames=50,3,128,30,0.0424154106527566,2.781996385715902,3,4,50
CV3 | nets=4 | frames=50,3,128,31,0.0319948087632656,2.662734456207603,3,4,50
CV3 | nets=4 | frames=100,3,128,1,0.600046360194683,0.6694922372959554,3,4,100
CV3 | nets=4 | frames=100,3,128,2,0.474363876581192,0.6410667116455734,3,4,100
CV3 | nets=4 | frames=100,3,128,3,0.4432183420658112,0.6659497015662491,3,4,100
CV3 | nets=4 | frames=100,3,128,4,0.38821498721838,0.5978388517908751,3,4,100
CV3 | nets=4 | frames=100,3,128,5,0.2788353642821312,0.5766410393193364,3,4,100
CV3 | nets=4 | frames=100,3,128,6,0.2000873028859496,0.6062023329585791,3,4,100
CV3 | nets=4 | frames=100,3,128,7,0.1818076591193676,0.6168331914301962,3,4,100
CV3 | nets=4 | frames=100,3,128,8,0.1492183243855834,0.5685025970693678,3,4,100
CV3 | nets=4 | frames=100,3,128,9,0.1198001520335674,0.6162600167840719,3,4,100
CV3 | nets=4 | frames=100,3,128,10,0.0956415611132979,0.5930151261221618,3,4,100
CV3 | nets=4 | frames=100,3,128,11,0.0746298008412122,0.5669330213423819,3,4,100
CV3 | nets=4 | frames=100,3,128,12,0.0819081969559192,0.6011209010137245,3,4,100
CV3 | nets=4 | frames=100,3,128,13,0.0703136085346341,0.6231737996051088,3,4,100
CV3 | nets=4 | frames=100,3,128,14,0.0503051689639687,0.6470772584974765,3,4,100
CV3 | nets=4 | frames=100,3,128,15,0.0497619274258613,0.6409368760632351,3,4,100
CV3 | nets=4 | frames=100,3,128,16,0.037295795623213,0.6850513270422817,3,4,100
CV3 | nets=4 | frames=100,3,128,17,0.0285858915559947,0.6418830584529788,3,4,100
CV3 | nets=4 | frames=100,3,128,18,0.0344234140031039,0.6736215429604053,3,4,100
CV3 | nets=4 | frames=100,3,128,19,0.0336671503819525,0.6684502199776471,3,4,100
CV3 | nets=4 | frames=100,3,128,20,0.0366694330237805,0.6610360066071153,3,4,100
CV3 | nets=4 | frames=100,3,128,21,0.0188276385888457,0.7234320772662759,3,4,100
CV3 | nets=4 | frames=100,3,128,22,0.0161222373135387,0.6598222866915167,3,4,100
CV3 | nets=4 | frames=100,3,128,23,0.0197059028595685,0.7291211601253599,3,4,100
CV3 | nets=4 | frames=100,3,128,24,0.0145401527825742,0.7196882851067931,3,4,100
CV3 | nets=4 | frames=100,3,128,25,0.0131990816071629,0.6903685031235218,3,4,100
CV3 | nets=4 | frames=100,3,128,26,0.0119464182760566,0.700176548378542,3,4,100
CV3 | nets=8 | frames=2,3,128,1,0.9186478406190872,6691.239826065063,3,8,2
CV3 | nets=8 | frames=2,3,128,2,0.9656903743743896,6689.141926452637,3,8,2
CV3 | nets=8 | frames=2,3,128,3,0.8262921273708344,6700.863616260529,3,8,2
CV3 | nets=8 | frames=2,3,128,4,0.7211442291736603,6994.857086860657,3,8,2
CV3 | nets=8 | frames=2,3,128,5,0.5900753289461136,9837.92687967682,3,8,2
CV3 | nets=8 | frames=2,3,128,6,0.7288305312395096,24723.86292749405,3,8,2
CV3 | nets=8 | frames=2,3,128,7,0.7190228700637817,26489.97461496353,3,8,2
CV3 | nets=8 | frames=2,3,128,8,0.3862352073192596,26431.67775074005,3,8,2
CV3 | nets=8 | frames=2,3,128,9,0.3723313063383102,38745.4620911026,3,8,2
CV3 | nets=8 | frames=2,3,128,10,0.3494096919894218,100062.0395331726,3,8,2
CV3 | nets=8 | frames=2,3,128,11,0.2452620863914489,272801.9039322052,3,8,2
CV3 | nets=8 | frames=2,3,128,12,0.2194567695260048,433426.2833302154,3,8,2
CV3 | nets=8 | frames=2,3,128,13,0.2560790255665779,324186.4576176185,3,8,2
CV3 | nets=8 | frames=2,3,128,14,0.141257707029581,194349.7438909607,3,8,2
CV3 | nets=8 | frames=2,3,128,15,0.1012494880706071,16280.539729385377,3,8,2
CV3 | nets=8 | frames=2,3,128,16,0.1260189041495323,44245.020503097534,3,8,2
CV3 | nets=8 | frames=2,3,128,17,0.0748164504766464,150252.3576580124,3,8,2
CV3 | nets=8 | frames=5,3,128,1,0.9480100393295288,521.7823677935601,3,8,5
CV3 | nets=8 | frames=5,3,128,2,0.6103922843933105,593.3219536793232,3,8,5
CV3 | nets=8 | frames=5,3,128,3,0.516610187292099,969.3397038769722,3,8,5
CV3 | nets=8 | frames=5,3,128,4,0.4161741554737091,3960.088989091396,3,8,5
CV3 | nets=8 | frames=5,3,128,5,0.3335887134075165,1866.036992803216,3,8,5
CV3 | nets=8 | frames=5,3,128,6,0.2802647531032562,598.9265714741945,3,8,5
CV3 | nets=8 | frames=5,3,128,7,0.245644786953926,521.9749384260177,3,8,5
CV3 | nets=8 | frames=5,3,128,8,0.2228578776121139,505.3591925861239,3,8,5
CV3 | nets=8 | frames=5,3,128,9,0.1792942255735397,490.8378375174999,3,8,5
CV3 | nets=8 | frames=5,3,128,10,0.1868798702955246,494.0498511800766,3,8,5
CV3 | nets=8 | frames=5,3,128,11,0.1840818643569946,494.3637567820549,3,8,5
CV3 | nets=8 | frames=5,3,128,12,0.1693014755845069,499.3132136051655,3,8,5
CV3 | nets=8 | frames=5,3,128,13,0.1664810925722122,492.3449481781721,3,8,5
CV3 | nets=8 | frames=5,3,128,14,0.1557922065258026,500.5110894579888,3,8,5
CV3 | nets=8 | frames=5,3,128,15,0.1524216875433922,511.07650989413264,3,8,5
CV3 | nets=8 | frames=5,3,128,16,0.1506891593337059,504.820153852582,3,8,5
CV3 | nets=8 | frames=5,3,128,17,0.1478160351514816,511.1744772899151,3,8,5
CV3 | nets=8 | frames=5,3,128,18,0.1273704707622528,527.608566542387,3,8,5
CV3 | nets=8 | frames=5,3,128,19,0.1793298378586769,518.3340575103759,3,8,5
CV3 | nets=8 | frames=5,3,128,20,0.1920375213027,512.681303040266,3,8,5
CV3 | nets=8 | frames=5,3,128,21,0.1523441448807716,527.307389835596,3,8,5
CV3 | nets=8 | frames=5,3,128,22,0.1442027762532234,524.0823364623785,3,8,5
CV3 | nets=8 | frames=5,3,128,23,0.1239327743649482,521.7060389972329,3,8,5
CV3 | nets=8 | frames=5,3,128,24,0.1274204269051551,529.7907232327461,3,8,5
CV3 | nets=8 | frames=10,3,128,1,0.8516408368945122,88.7000610382557,3,8,10
CV3 | nets=8 | frames=10,3,128,2,0.5167376264929772,200.98893956071137,3,8,10
CV3 | nets=8 | frames=10,3,128,3,0.4372298091650009,240.8771579045057,3,8,10
CV3 | nets=8 | frames=10,3,128,4,0.3937493458390236,357.40931570106744,3,8,10
CV3 | nets=8 | frames=10,3,128,5,0.289527989923954,98.58727603328228,3,8,10
CV3 | nets=8 | frames=10,3,128,6,0.2064587071537971,78.92627493810653,3,8,10
CV3 | nets=8 | frames=10,3,128,7,0.1415082342922687,82.88142340328544,3,8,10
CV3 | nets=8 | frames=10,3,128,8,0.1121282756328582,84.56964424270392,3,8,10
CV3 | nets=8 | frames=10,3,128,9,0.1061187043786048,86.42744130983948,3,8,10
CV3 | nets=8 | frames=10,3,128,10,0.0993552777916193,85.85214236102998,3,8,10
CV3 | nets=8 | frames=10,3,128,11,0.0907139971852302,83.43695469836146,3,8,10
CV3 | nets=8 | frames=10,3,128,12,0.0920989632606506,84.1498323275894,3,8,10
CV3 | nets=8 | frames=10,3,128,13,0.0972859390079975,83.67833826532215,3,8,10
CV3 | nets=8 | frames=10,3,128,14,0.1007667679339647,83.75827143554389,3,8,10
CV3 | nets=8 | frames=10,3,128,15,0.0914880789816379,85.83350964250415,3,8,10
CV3 | nets=8 | frames=10,3,128,16,0.0899214074015617,83.81941437039524,3,8,10
CV3 | nets=8 | frames=10,3,128,17,0.087640568986535,88.39867641711236,3,8,10
CV3 | nets=8 | frames=10,3,128,18,0.0869511943310499,84.48115023006498,3,8,10
CV3 | nets=8 | frames=10,3,128,19,0.0835831070318818,86.27976895663143,3,8,10
CV3 | nets=8 | frames=10,3,128,20,0.0852300938218832,84.68570852010697,3,8,10
CV3 | nets=8 | frames=10,3,128,21,0.1044510923326015,86.66395532020927,3,8,10
CV3 | nets=8 | frames=25,3,128,1,0.5983611083030701,11.263384614557028,3,8,25
CV3 | nets=8 | frames=25,3,128,2,0.3215655463933944,13.853378792352974,3,8,25
CV3 | nets=8 | frames=25,3,128,3,0.2261472418904304,9.575712185781448,3,8,25
CV3 | nets=8 | frames=25,3,128,4,0.1481888325512409,8.869859939588235,3,8,25
CV3 | nets=8 | frames=25,3,128,5,0.1284034043550491,7.870491638129577,3,8,25
CV3 | nets=8 | frames=25,3,128,6,0.120320927798748,7.726271136424504,3,8,25
CV3 | nets=8 | frames=25,3,128,7,0.1243317434191703,7.992465369299054,3,8,25
CV3 | nets=8 | frames=25,3,128,8,0.1159063296020031,7.9846254594586785,3,8,25
CV3 | nets=8 | frames=25,3,128,9,0.1148163247108459,8.542648011574522,3,8,25
CV3 | nets=8 | frames=25,3,128,10,0.1137939092516899,7.8418021008223295,3,8,25
CV3 | nets=8 | frames=25,3,128,11,0.1139092637598514,8.209318895451725,3,8,25
CV3 | nets=8 | frames=25,3,128,12,0.106457143574953,7.788159454593435,3,8,25
CV3 | nets=8 | frames=25,3,128,13,0.1029319588840007,8.477032058600336,3,8,25
CV3 | nets=8 | frames=25,3,128,14,0.1036885695159435,8.263663364401086,3,8,25
CV3 | nets=8 | frames=25,3,128,15,0.0982359671592712,8.250376688458026,3,8,25
CV3 | nets=8 | frames=25,3,128,16,0.0970532767474651,8.167913154834881,3,8,25
CV3 | nets=8 | frames=25,3,128,17,0.0949700085818767,8.363615674048662,3,8,25
CV3 | nets=8 | frames=25,3,128,18,0.0908620860427618,8.28073654869385,3,8,25
CV3 | nets=8 | frames=25,3,128,19,0.0947639428824186,8.647525677846744,3,8,25
CV3 | nets=8 | frames=25,3,128,20,0.0882321906089782,8.576045634284615,3,8,25
CV3 | nets=8 | frames=25,3,128,21,0.0880154652893543,8.81685957795009,3,8,25
CV3 | nets=8 | frames=50,3,128,1,0.5235135889053345,3.0293082349821927,3,8,50
CV3 | nets=8 | frames=50,3,128,2,0.3018393814563751,1.9000713209044189,3,8,50
CV3 | nets=8 | frames=50,3,128,3,0.1576820618659258,1.5363978418074549,3,8,50
CV3 | nets=8 | frames=50,3,128,4,0.1404126700758934,1.471989399101585,3,8,50
CV3 | nets=8 | frames=50,3,128,5,0.1329410383105278,1.496095586850308,3,8,50
CV3 | nets=8 | frames=50,3,128,6,0.1406854307651519,1.5554964463086798,3,8,50
CV3 | nets=8 | frames=50,3,128,7,0.1246200212091207,1.550780594884418,3,8,50
CV3 | nets=8 | frames=50,3,128,8,0.1265152285993099,1.5417612715717406,3,8,50
CV3 | nets=8 | frames=50,3,128,9,0.1191085974127054,1.6250862584868446,3,8,50
CV3 | nets=8 | frames=50,3,128,10,0.1207719378173351,1.6630665424177422,3,8,50
CV3 | nets=8 | frames=50,3,128,11,0.1076947449147701,1.6438958529159426,3,8,50
CV3 | nets=8 | frames=50,3,128,12,0.1062568859755992,1.7758509684121235,3,8,50
CV3 | nets=8 | frames=50,3,128,13,0.0993261132389307,1.84332695569098,3,8,50
CV3 | nets=8 | frames=50,3,128,14,0.0913655620813369,1.7778451067684218,3,8,50
CV3 | nets=8 | frames=50,3,128,15,0.0934950684010982,1.868940008564852,3,8,50
CV3 | nets=8 | frames=50,3,128,16,0.0868119990453124,1.7471120854867623,3,8,50
CV3 | nets=8 | frames=50,3,128,17,0.078705438002944,1.9576263753985983,3,8,50
CV3 | nets=8 | frames=50,3,128,18,0.0832921426370739,1.8733629705486816,3,8,50
CV3 | nets=8 | frames=50,3,128,19,0.0676429841667413,1.9154940992584453,3,8,50
CV3 | nets=8 | frames=100,3,128,1,0.3768064046651125,0.5422346676178277,3,8,100
CV3 | nets=8 | frames=100,3,128,2,0.2002303828299045,0.3829150413479656,3,8,100
CV3 | nets=8 | frames=100,3,128,3,0.1438833814114332,0.3771592843020335,3,8,100
CV3 | nets=8 | frames=100,3,128,4,0.1232412542402744,0.402016764701344,3,8,100
CV3 | nets=8 | frames=100,3,128,5,0.119334182664752,0.3925456822123379,3,8,100
CV3 | nets=8 | frames=100,3,128,6,0.103843838982284,0.4069679166614078,3,8,100
CV3 | nets=8 | frames=100,3,128,7,0.0970395018346607,0.4244971273527481,3,8,100
CV3 | nets=8 | frames=100,3,128,8,0.0934070892818272,0.4160178198600188,3,8,100
CV3 | nets=8 | frames=100,3,128,9,0.0769066477753222,0.4259274263316765,3,8,100
CV3 | nets=8 | frames=100,3,128,10,0.072024759799242,0.4278122158600017,3,8,100
CV3 | nets=8 | frames=100,3,128,11,0.0567975685000419,0.4283189043402672,3,8,100
CV3 | nets=8 | frames=100,3,128,12,0.0581602711044251,0.4274655774375424,3,8,100
CV3 | nets=8 | frames=100,3,128,13,0.0350249918829649,0.4336385803716257,3,8,100
CV3 | nets=8 | frames=100,3,128,14,0.0337763131316751,0.4226948759136721,3,8,100
CV3 | nets=8 | frames=100,3,128,15,0.0352800370659679,0.4273963587414473,3,8,100
CV3 | nets=8 | frames=100,3,128,16,0.0289520660322159,0.4289227838767692,3,8,100
CV3 | nets=8 | frames=100,3,128,17,0.016408111480996,0.4327232410432771,3,8,100
CV3 | nets=8 | frames=100,3,128,18,0.0258268822031095,0.426032465850003,3,8,100
