dataset,latent_dim,hidden_size,epoch,train_dz_mse_norm,val_dz_mse_norm,val_dz_mse_raw,sweep_latent_dim,sweep_train_count,sweep_train_frames
CV1 | nets=1 | frames=2,1,128,1,0.4824010133743286,25.29904132353887,0.0217226033038732,1,1,2
CV1 | nets=1 | frames=2,1,128,2,0.3739076256752014,11.780767272308468,0.0101153609233151,1,1,2
CV1 | nets=1 | frames=2,1,128,3,0.2797639966011047,85.05027895647288,0.0730270160186337,1,1,2
CV1 | nets=1 | frames=2,1,128,4,0.1991506963968277,246.819681832552,0.2119276377516798,1,1,2
CV1 | nets=1 | frames=2,1,128,5,0.1317846775054931,500.5229463119507,0.4297657482633367,1,1,2
CV1 | nets=1 | frames=2,1,128,6,0.0778281837701797,832.5721510901451,0.7148743043802679,1,1,2
CV1 | nets=1 | frames=2,1,128,7,0.0379195287823677,1255.4366101531982,1.077959891411476,1,1,2
CV1 | nets=1 | frames=2,1,128,8,0.0129570886492729,1741.8261364507675,1.4955902185821903,1,1,2
CV1 | nets=1 | frames=2,1,128,9,0.0027762833051383,2257.2533091869354,1.93815324713476,1,1,2
CV1 | nets=1 | frames=2,1,128,10,0.0053320815786719,2728.537405265808,2.3428135743830354,1,1,2
CV1 | nets=1 | frames=2,1,128,11,0.0162553749978542,3091.6401326885225,2.654585737954825,1,1,2
CV1 | nets=1 | frames=2,1,128,12,0.0295540001243352,3313.71170432663,2.8452638541646302,1,1,2
CV1 | nets=1 | frames=2,1,128,13,0.0396015271544456,3400.499219722748,2.919782498728484,1,1,2
CV1 | nets=1 | frames=2,1,128,14,0.0433267131447792,3372.9698832130434,2.8961448903381823,1,1,2
CV1 | nets=1 | frames=2,1,128,15,0.0407113470137119,3259.0764158630373,2.798352142151445,1,1,2
CV1 | nets=1 | frames=2,1,128,16,0.0336326472461223,3087.520990818024,2.651048886824399,1,1,2
CV1 | nets=1 | frames=2,1,128,17,0.0245192982256412,2884.0638002872465,2.4763537488449363,1,1,2
CV1 | nets=1 | frames=5,1,128,1,0.953682541847229,2749.698350816503,7.996454401816424,1,1,5
CV1 | nets=1 | frames=5,1,128,2,0.8024595379829407,2041.180142601212,5.935998281665168,1,1,5
CV1 | nets=1 | frames=5,1,128,3,0.670535147190094,1456.6540816791055,4.236125808916055,1,1,5
CV1 | nets=1 | frames=5,1,128,4,0.5566900968551636,983.7051834302544,2.860733350807336,1,1,5
CV1 | nets=1 | frames=5,1,128,5,0.4602342545986175,651.2306128761768,1.8938572076442648,1,1,5
CV1 | nets=1 | frames=5,1,128,6,0.3810014426708221,457.3076344850064,1.3299058047835717,1,1,5
CV1 | nets=1 | frames=5,1,128,7,0.3191722333431244,382.9089958941154,1.1135455655830735,1,1,5
CV1 | nets=1 | frames=5,1,128,8,0.2747741043567657,388.38297057876366,1.129464566350789,1,1,5
CV1 | nets=1 | frames=5,1,128,9,0.2466586679220199,416.1832851078287,1.210311232251086,1,1,5
CV1 | nets=1 | frames=5,1,128,10,0.2314028292894363,422.1633337565512,1.2277019535495202,1,1,5
CV1 | nets=1 | frames=5,1,128,11,0.2240935564041137,403.2492745242119,1.1726975501764392,1,1,5
CV1 | nets=1 | frames=5,1,128,12,0.220194935798645,381.5024902708829,1.1094553036711003,1,1,5
CV1 | nets=1 | frames=5,1,128,13,0.2160264253616333,384.5886231517941,1.1184301336121862,1,1,5
CV1 | nets=1 | frames=5,1,128,14,0.2088856697082519,432.1776809880696,1.2568248378005882,1,1,5
CV1 | nets=1 | frames=5,1,128,15,0.1975394040346145,535.2415284702778,1.5565469377185217,1,1,5
CV1 | nets=1 | frames=5,1,128,16,0.1823611110448837,700.6905053751468,2.0376926052537745,1,1,5
CV1 | nets=1 | frames=5,1,128,17,0.1648512035608291,923.2663796229364,2.6849699780850207,1,1,5
CV1 | nets=1 | frames=5,1,128,18,0.146944910287857,1202.63722908926,3.4974141902662814,1,1,5
CV1 | nets=1 | frames=5,1,128,19,0.1304366886615753,1485.928389340341,4.321259052144829,1,1,5
CV1 | nets=1 | frames=5,1,128,20,0.1166199445724487,1772.4242957906238,5.15442364454591,1,1,5
CV1 | nets=1 | frames=5,1,128,21,0.1061158701777458,2068.986268768631,6.016861538696904,1,1,5
CV1 | nets=1 | frames=5,1,128,22,0.098854087293148,2371.668093277928,6.897096877863397,1,1,5
CV1 | nets=1 | frames=5,1,128,23,0.0941949039697647,2667.710686074652,7.758024555660544,1,1,5
CV1 | nets=1 | frames=5,1,128,24,0.0911449193954467,2949.214850149028,8.57667235263379,1,1,5
CV1 | nets=1 | frames=5,1,128,25,0.0886303409934043,3207.14470858673,9.326763738459572,1,1,5
CV1 | nets=1 | frames=5,1,128,26,0.085773766040802,3426.1767344205955,9.96373529463084,1,1,5
CV1 | nets=1 | frames=5,1,128,27,0.0820996388792991,3602.9322575169167,10.477761491494602,1,1,5
CV1 | nets=1 | frames=10,1,128,1,0.632964015007019,2572.44380439885,1.715817630914331,1,1,10
CV1 | nets=1 | frames=10,1,128,2,1.026617020368576,2183.122369716287,1.4561405747404934,1,1,10
CV1 | nets=1 | frames=10,1,128,3,0.7241603583097458,1837.424100057818,1.225560166874955,1,1,10
CV1 | nets=1 | frames=10,1,128,4,0.2226977497339248,1529.2260981759132,1.0199923741164238,1,1,10
CV1 | nets=1 | frames=10,1,128,5,0.1648030411452055,1260.9918570213315,0.841080387147871,1,1,10
CV1 | nets=1 | frames=10,1,128,6,0.2774043194949627,1026.1838951331376,0.6844636987661943,1,1,10
CV1 | nets=1 | frames=10,1,128,7,0.2094300128519535,835.1214788610339,0.5570252502599614,1,1,10
CV1 | nets=1 | frames=10,1,128,8,0.0660774034331552,709.5813048639893,0.4732900558725523,1,1,10
CV1 | nets=1 | frames=10,1,128,9,0.1463310196995735,652.503983899951,0.4352195462023374,1,1,10
CV1 | nets=1 | frames=10,1,128,10,0.1176961958408355,653.5218281188011,0.4358984516597411,1,1,10
CV1 | nets=1 | frames=10,1,128,11,0.1169169098138809,703.8822010464668,0.4694887613992614,1,1,10
CV1 | nets=1 | frames=10,1,128,12,0.0818957947194576,800.7584987431169,0.5341051656490309,1,1,10
CV1 | nets=1 | frames=10,1,128,13,0.1112832576036453,910.7988168381452,0.6075019651651965,1,1,10
CV1 | nets=1 | frames=10,1,128,14,0.1793434862047433,1017.4888729296326,0.6786641355934553,1,1,10
CV1 | nets=1 | frames=10,1,128,15,0.0636029229499399,1087.15665369761,0.7251324643550324,1,1,10
CV1 | nets=1 | frames=10,1,128,16,0.1984802614897489,1127.5742109296325,0.7520909434701025,1,1,10
CV1 | nets=1 | frames=10,1,128,17,0.0972657240927219,1122.506451173246,0.7487107440812397,1,1,10
CV1 | nets=1 | frames=10,1,128,18,0.1169347465038299,1093.450616967678,0.7293305193987617,1,1,10
CV1 | nets=1 | frames=10,1,128,19,0.1127569153904914,1027.6878526759745,0.6854668287356035,1,1,10
CV1 | nets=1 | frames=10,1,128,20,0.1537368353456258,957.390656874001,0.6385786694627604,1,1,10
CV1 | nets=1 | frames=10,1,128,21,0.0745301656424999,865.9809397908449,0.5776084676810714,1,1,10
CV1 | nets=1 | frames=10,1,128,22,0.1399609539657831,763.6984019594192,0.5093861221966508,1,1,10
CV1 | nets=1 | frames=10,1,128,23,0.0556851630099117,672.9504159359932,0.4488572854927624,1,1,10
CV1 | nets=1 | frames=10,1,128,24,0.1075644455850124,602.7797163711489,0.4020535071515187,1,1,10
CV1 | nets=1 | frames=10,1,128,25,0.1185272671282291,556.7813776438236,0.3713726534597809,1,1,10
CV1 | nets=1 | frames=10,1,128,26,0.0510797705501318,522.2522375051975,0.3483417503783421,1,1,10
CV1 | nets=1 | frames=10,1,128,27,0.1058341152966022,499.5266454567909,0.3331838035857945,1,1,10
CV1 | nets=1 | frames=10,1,128,28,0.1142294649034738,482.2570750940442,0.3216650133275398,1,1,10
CV1 | nets=1 | frames=10,1,128,29,0.0958611108362674,474.2052073806525,0.3162944332071056,1,1,10
CV1 | nets=1 | frames=10,1,128,30,0.0598656050860881,467.5293889490962,0.3118416603141377,1,1,10
CV1 | nets=1 | frames=10,1,128,31,0.1004235073924064,464.0929653606415,0.3095495634006802,1,1,10
CV1 | nets=1 | frames=10,1,128,32,0.0458792736753821,453.33307541278,0.302372737830854,1,1,10
CV1 | nets=1 | frames=10,1,128,33,0.0462660263292491,428.5066775078773,0.2858135498438059,1,1,10
CV1 | nets=1 | frames=10,1,128,34,0.0875112134963274,402.71297147348525,0.2686091763867007,1,1,10
CV1 | nets=1 | frames=10,1,128,35,0.0497729796916246,381.9120360234603,0.2547349675785444,1,1,10
CV1 | nets=1 | frames=25,1,128,1,0.426839507475961,79.87032008320838,0.0039240812808402,1,1,25
CV1 | nets=1 | frames=25,1,128,2,0.1126976438026758,58.2697398660332,0.0028628305621659,1,1,25
CV1 | nets=1 | frames=25,1,128,3,0.0924227861687541,50.51098658332415,0.0024816378859339,1,1,25
CV1 | nets=1 | frames=25,1,128,4,0.1086530601605773,53.9290291017741,0.0026495684697433,1,1,25
CV1 | nets=1 | frames=25,1,128,5,0.0601605447733106,64.00873803820461,0.0031447912310777,1,1,25
CV1 | nets=1 | frames=25,1,128,6,0.0608091487083584,69.56135318747162,0.0034175947500716,1,1,25
CV1 | nets=1 | frames=25,1,128,7,0.0698077762499451,66.34074304637313,0.0032593641446292,1,1,25
CV1 | nets=1 | frames=25,1,128,8,0.0620683768065646,60.89574486791342,0.0029918478634631,1,1,25
CV1 | nets=1 | frames=25,1,128,9,0.0517215620202478,55.05493431057036,0.0027048849945508,1,1,25
CV1 | nets=1 | frames=25,1,128,10,0.0548002202995121,52.34855994516239,0.0025719190904681,1,1,25
CV1 | nets=1 | frames=25,1,128,11,0.0558200801024213,53.17604691648111,0.0026125740833572,1,1,25
CV1 | nets=1 | frames=25,1,128,12,0.0583846715744584,55.08219329961389,0.0027062242753781,1,1,25
CV1 | nets=1 | frames=25,1,128,13,0.0574926658009644,55.49759890456125,0.0027266333968068,1,1,25
CV1 | nets=1 | frames=25,1,128,14,0.056100509747921,53.616272826761005,0.002634202592965,1,1,25
CV1 | nets=1 | frames=25,1,128,15,0.049769398967328,51.49432162400335,0.0025299497367835,1,1,25
CV1 | nets=1 | frames=25,1,128,16,0.0532657684743753,50.23964760464803,0.0024683068728838,1,1,25
CV1 | nets=1 | frames=25,1,128,17,0.0529449667374137,51.02213676490635,0.002506751042777,1,1,25
CV1 | nets=1 | frames=25,1,128,18,0.0485365457503661,52.69968553122878,0.0025891700993859,1,1,25
CV1 | nets=1 | frames=25,1,128,19,0.0517077291151508,53.40225113192573,0.0026236876252987,1,1,25
CV1 | nets=1 | frames=25,1,128,20,0.0494122902164235,52.08248609387502,0.0025588466248472,1,1,25
CV1 | nets=1 | frames=25,1,128,21,0.0476765326275199,50.322643331244585,0.0024723844714128,1,1,25
CV1 | nets=1 | frames=25,1,128,22,0.047994557156926,50.40686763193458,0.0024765224037744,1,1,25
CV1 | nets=1 | frames=25,1,128,23,0.0491152900276574,52.92620891770348,0.0026002993515674,1,1,25
CV1 | nets=1 | frames=25,1,128,24,0.0484445229230914,53.27795312165469,0.0026175807370182,1,1,25
CV1 | nets=1 | frames=25,1,128,25,0.0474431606271537,52.60092721831426,0.0025843180891488,1,1,25
CV1 | nets=1 | frames=25,1,128,26,0.0498687608342152,52.17694561812654,0.0025634875965124,1,1,25
CV1 | nets=1 | frames=25,1,128,27,0.0510957548394799,51.54489920056984,0.0025324346920818,1,1,25
CV1 | nets=1 | frames=25,1,128,28,0.0831755901454016,49.74001115084253,0.0024437593324616,1,1,25
CV1 | nets=1 | frames=25,1,128,29,0.0459848050427353,48.45274665037263,0.0023805151927932,1,1,25
CV1 | nets=1 | frames=25,1,128,30,0.0465672045952487,48.55002721420862,0.0023852946335433,1,1,25
CV1 | nets=1 | frames=25,1,128,31,0.0454121355505776,50.10523824008182,0.0024617031374523,1,1,25
CV1 | nets=1 | frames=25,1,128,32,0.0550002072704955,51.18313570806384,0.0025146610480469,1,1,25
CV1 | nets=1 | frames=25,1,128,33,0.0462515175750013,51.61875735504925,0.0025360633836235,1,1,25
CV1 | nets=1 | frames=25,1,128,34,0.0570139092160388,50.03253834961495,0.0024581314008466,1,1,25
CV1 | nets=1 | frames=25,1,128,35,0.0597542669274844,48.75355758994399,0.0023952942322845,1,1,25
CV1 | nets=1 | frames=50,1,128,1,0.5368247670786721,25.396493674837984,0.0001602377405025,1,1,50
CV1 | nets=1 | frames=50,1,128,2,0.1245950039675725,21.54797372695338,0.0001359557226105,1,1,50
CV1 | nets=1 | frames=50,1,128,3,0.0911694712537739,23.519570497997105,0.0001483954020714,1,1,50
CV1 | nets=1 | frames=50,1,128,4,0.0718903292768767,24.13276830535941,0.0001522643393197,1,1,50
CV1 | nets=1 | frames=50,1,128,5,0.0748003390950283,22.14758250851184,0.0001397389208684,1,1,50
CV1 | nets=1 | frames=50,1,128,6,0.0642160845122167,21.557999459914864,0.0001360189792377,1,1,50
CV1 | nets=1 | frames=50,1,128,7,0.068557873303819,21.89942003526166,0.0001381731550725,1,1,50
CV1 | nets=1 | frames=50,1,128,8,0.0642825069340428,21.953649793565276,0.0001385153123298,1,1,50
CV1 | nets=1 | frames=50,1,128,9,0.0663968394593601,21.94190785957128,0.000138441227369,1,1,50
CV1 | nets=1 | frames=50,1,128,10,0.0667690868722274,21.81998765242845,0.0001376719791176,1,1,50
CV1 | nets=1 | frames=50,1,128,11,0.0672302738031638,21.610815657110884,0.0001363522199714,1,1,50
CV1 | nets=1 | frames=50,1,128,12,0.0624857742056649,22.101725123927,0.0001394495854729,1,1,50
CV1 | nets=1 | frames=50,1,128,13,0.0669712076695369,22.03826347155124,0.0001390491782472,1,1,50
CV1 | nets=1 | frames=50,1,128,14,0.06459364190232,21.828177361138167,0.0001377236531115,1,1,50
CV1 | nets=1 | frames=50,1,128,15,0.06341538471835,21.934784127116203,0.0001383962800976,1,1,50
CV1 | nets=1 | frames=50,1,128,16,0.0632521543552034,22.20761976888776,0.000140117722399,1,1,50
CV1 | nets=1 | frames=50,1,128,17,0.0647511091311961,21.95684466894716,0.0001385354716908,1,1,50
CV1 | nets=1 | frames=100,1,128,1,1.0298787862635577,249.8220706253052,3.587670973782764e-06,1,1,100
CV1 | nets=1 | frames=100,1,128,2,0.9097487897827076,247.42517686367037,3.553249469012698e-06,1,1,100
CV1 | nets=1 | frames=100,1,128,3,0.9273313236637756,248.1876832859516,3.564199745401453e-06,1,1,100
CV1 | nets=1 | frames=100,1,128,4,0.9384178054304078,247.44840718126295,3.553583070996069e-06,1,1,100
CV1 | nets=1 | frames=100,1,128,5,0.9221984844368236,247.92058823418617,3.560364049715048e-06,1,1,100
CV1 | nets=1 | frames=100,1,128,6,0.9206068101697245,248.2111260008812,3.5645364118508382e-06,1,1,100
CV1 | nets=1 | frames=100,1,128,7,0.9179265737049996,248.04630655765533,3.562169431353013e-06,1,1,100
CV1 | nets=1 | frames=100,1,128,8,0.9347380184066983,248.34752160334588,3.5664951724854176e-06,1,1,100
CV1 | nets=1 | frames=100,1,128,9,0.9247455416390528,248.1115559549332,3.56310645480562e-06,1,1,100
CV1 | nets=1 | frames=100,1,128,10,0.9348379428713368,248.0423235156536,3.5621122756843703e-06,1,1,100
CV1 | nets=1 | frames=100,1,128,11,0.925110151203206,247.816684974432,3.558871850239953e-06,1,1,100
CV1 | nets=1 | frames=100,1,128,12,0.9140809059429628,248.08250257885456,3.5626892868023677e-06,1,1,100
CV1 | nets=1 | frames=100,1,128,13,0.9297986364421936,247.75595371723176,3.5579997044425936e-06,1,1,100
CV1 | nets=1 | frames=100,1,128,14,0.9227756219557844,248.2857465863228,3.565608055726699e-06,1,1,100
CV1 | nets=1 | frames=100,1,128,15,0.9462147960439324,248.21602624201773,3.5646067974006717e-06,1,1,100
CV1 | nets=1 | frames=100,1,128,16,0.929820135808908,247.7108956427574,3.5573526523222653e-06,1,1,100
CV1 | nets=1 | frames=100,1,128,17,0.9454875700175762,248.26423016405104,3.5652990215009337e-06,1,1,100
CV1 | nets=2 | frames=2,1,128,1,0.7206307053565979,131.76202124224602,3.1793678332841955,1,2,2
CV1 | nets=2 | frames=2,1,128,2,0.6587307453155518,654.1070174071789,15.783355316814037,1,2,2
CV1 | nets=2 | frames=2,1,128,3,0.6159198880195618,1873.622327218056,45.209799235261976,1,2,2
CV1 | nets=2 | frames=2,1,128,4,0.5918667912483215,3544.56036670208,85.52890450678765,1,2,2
CV1 | nets=2 | frames=2,1,128,5,0.5847922563552856,5444.435854708671,131.37218185552953,1,2,2
CV1 | nets=2 | frames=2,1,128,6,0.5901446342468262,7193.983826324463,173.5881117411554,1,2,2
CV1 | nets=2 | frames=2,1,128,7,0.6000897288322449,8484.550200845719,204.7289973938465,1,2,2
CV1 | nets=2 | frames=2,1,128,8,0.6070433259010315,9210.122185647964,222.2367731362581,1,2,2
CV1 | nets=2 | frames=2,1,128,9,0.6079700589179993,9438.621027376175,227.7503591516018,1,2,2
CV1 | nets=2 | frames=2,1,128,10,0.6038424968719482,9302.030274944304,224.4544817513824,1,2,2
CV1 | nets=2 | frames=2,1,128,11,0.5971453785896301,8957.472054534912,216.14041743409635,1,2,2
CV1 | nets=2 | frames=2,1,128,12,0.5902188420295715,8537.4053099823,206.0043679782152,1,2,2
CV1 | nets=2 | frames=2,1,128,13,0.5846505165100098,8145.380488712311,196.5449583236575,1,2,2
CV1 | nets=2 | frames=2,1,128,14,0.5811614394187927,7852.283108016014,189.47262617111207,1,2,2
CV1 | nets=2 | frames=2,1,128,15,0.5797595977783203,7704.311873844147,185.90213883093,1,2,2
CV1 | nets=2 | frames=2,1,128,16,0.5799819231033325,7730.434475606919,186.53246959376332,1,2,2
CV1 | nets=2 | frames=5,1,128,1,0.6950660347938538,1543.217209261894,8.674496095310896,1,2,5
CV1 | nets=2 | frames=5,1,128,2,0.6397474855184555,1629.96476816988,9.162108539509587,1,2,5
CV1 | nets=2 | frames=5,1,128,3,0.6611973643302917,1734.1134312306642,9.747532262473367,1,2,5
CV1 | nets=2 | frames=5,1,128,4,0.8071666657924652,1832.4089380352495,10.300056477774866,1,2,5
CV1 | nets=2 | frames=5,1,128,5,0.6506409645080566,1887.1639160232544,10.607837143901737,1,2,5
CV1 | nets=2 | frames=5,1,128,6,1.5487900376319883,1914.8238486049172,10.763314343249425,1,2,5
CV1 | nets=2 | frames=5,1,128,7,0.7489099204540253,1934.8998775856492,10.876163105074315,1,2,5
CV1 | nets=2 | frames=5,1,128,8,0.6924590468406677,1950.2006406741143,10.962169402578846,1,2,5
CV1 | nets=2 | frames=5,1,128,9,0.6709978580474854,1951.45748242712,10.969234020633625,1,2,5
CV1 | nets=2 | frames=5,1,128,10,0.6914936602115631,1960.9109856529235,11.022372339120135,1,2,5
CV1 | nets=2 | frames=5,1,128,11,0.5920441299676895,1976.18851682806,11.10824846797809,1,2,5
CV1 | nets=2 | frames=5,1,128,12,0.5165610834956169,1977.1368378894329,11.113579121593386,1,2,5
CV1 | nets=2 | frames=5,1,128,13,0.8512434363365173,1961.9250673179629,11.028072866352275,1,2,5
CV1 | nets=2 | frames=5,1,128,14,0.8859724998474121,1958.3180437436104,11.007797827463596,1,2,5
CV1 | nets=2 | frames=5,1,128,15,0.6816043704748154,1954.5034219179156,10.986355323530734,1,2,5
CV1 | nets=2 | frames=5,1,128,16,0.6241014152765274,1953.1708581562043,10.978865082077682,1,2,5
CV1 | nets=2 | frames=10,1,128,1,1.0178533991177876,45.18734356695413,0.0017514644050138,1,2,10
CV1 | nets=2 | frames=10,1,128,2,1.0133637587229412,36.15576328542642,0.0014013997568072,1,2,10
CV1 | nets=2 | frames=10,1,128,3,0.9485339721043904,19.481961610607804,0.0007551221150451,1,2,10
CV1 | nets=2 | frames=10,1,128,4,0.9894281228383384,12.382653185000644,0.0004799524477838,1,2,10
CV1 | nets=2 | frames=10,1,128,5,0.98410032192866,12.777573601141572,0.0004952595941228,1,2,10
CV1 | nets=2 | frames=10,1,128,6,0.9850939909617106,14.195357789970934,0.0005502129946052,1,2,10
CV1 | nets=2 | frames=10,1,128,7,0.9704858064651488,18.195139702607413,0.000705244815718,1,2,10
CV1 | nets=2 | frames=10,1,128,8,0.9769857128461202,26.270399747387973,0.0010182424130771,1,2,10
CV1 | nets=2 | frames=10,1,128,9,0.9631550709406534,31.7670611166358,0.0012312933679673,1,2,10
CV1 | nets=2 | frames=10,1,128,10,0.9495803117752076,34.41323868986591,0.0013338593852765,1,2,10
CV1 | nets=2 | frames=10,1,128,11,0.959752321243286,31.285443027358504,0.0012126258013963,1,2,10
CV1 | nets=2 | frames=10,1,128,12,0.9493500789006551,26.367720650766977,0.0010220145794678,1,2,10
CV1 | nets=2 | frames=10,1,128,13,0.9566760460535684,22.200674876709467,0.0008604996036672,1,2,10
CV1 | nets=2 | frames=10,1,128,14,1.0068275133768718,17.94760447225906,0.0006956503279997,1,2,10
CV1 | nets=2 | frames=10,1,128,15,0.9503652850786845,15.255591540396214,0.0005913077253264,1,2,10
CV1 | nets=2 | frames=10,1,128,16,0.9579320152600608,12.1979732497558,0.0004727942354921,1,2,10
CV1 | nets=2 | frames=10,1,128,17,0.956226130326589,10.95979799894616,0.0004248024877434,1,2,10
CV1 | nets=2 | frames=10,1,128,18,0.9482604066530864,9.373819971229882,0.0003633298825454,1,2,10
CV1 | nets=2 | frames=10,1,128,19,0.9501988291740416,9.063162061642856,0.0003512887515965,1,2,10
CV1 | nets=2 | frames=10,1,128,20,0.914453943570455,9.111508546648547,0.0003531626689887,1,2,10
CV1 | nets=2 | frames=10,1,128,21,0.9500367442766824,9.79899703594111,0.000379809760453,1,2,10
CV1 | nets=2 | frames=10,1,128,22,0.9240460395812988,10.845176801631228,0.0004203597610049,1,2,10
CV1 | nets=2 | frames=10,1,128,23,0.9146177570025126,10.37240442714747,0.0004020350741603,1,2,10
CV1 | nets=2 | frames=10,1,128,24,0.9814050197601318,11.037035626519472,0.0004277962274526,1,2,10
CV1 | nets=2 | frames=10,1,128,25,0.9798402388890584,10.346305754787288,0.0004010234870349,1,2,10
CV1 | nets=2 | frames=10,1,128,26,0.9823562304178872,10.129837482897564,0.0003926331607272,1,2,10
CV1 | nets=2 | frames=10,1,128,27,0.943037529786428,9.854497030468655,0.0003819609496964,1,2,10
CV1 | nets=2 | frames=10,1,128,28,0.9272734920183816,9.465845008749517,0.0003668967729652,1,2,10
CV1 | nets=2 | frames=10,1,128,29,0.9440998832384744,9.869870760840364,0.0003825568381378,1,2,10
CV1 | nets=2 | frames=10,1,128,30,0.9634058872858684,9.352602266423403,0.0003625074769822,1,2,10
CV1 | nets=2 | frames=10,1,128,31,0.927585224310557,8.631477017883212,0.0003345566097341,1,2,10
CV1 | nets=2 | frames=10,1,128,32,0.9503957033157348,8.570168338567019,0.0003321802850155,1,2,10
CV1 | nets=2 | frames=10,1,128,33,0.9732163945833842,8.279819882914424,0.000320926358426,1,2,10
CV1 | nets=2 | frames=10,1,128,34,0.9701540867487588,8.279816727235913,0.0003209262399145,1,2,10
CV1 | nets=2 | frames=10,1,128,35,0.952835460503896,8.409132315497846,0.0003259385196854,1,2,10
CV1 | nets=2 | frames=25,1,128,1,0.887235133908689,48.81524697083235,0.0947875131825276,1,2,25
CV1 | nets=2 | frames=25,1,128,2,0.8529673346451351,57.22943241274357,0.1111258419588994,1,2,25
CV1 | nets=2 | frames=25,1,128,3,0.8599561623164585,65.52730302608013,0.1272383156370488,1,2,25
CV1 | nets=2 | frames=25,1,128,4,0.7607262262276241,70.77003267270327,0.1374184346207184,1,2,25
CV1 | nets=2 | frames=25,1,128,5,0.7354006352169173,73.87145210304857,0.1434406472753471,1,2,25
CV1 | nets=2 | frames=25,1,128,6,0.7510102689266205,76.1157897074148,0.147798607427525,1,2,25
CV1 | nets=2 | frames=25,1,128,7,0.9219110352652412,80.11889986821264,0.1555717029607622,1,2,25
CV1 | nets=2 | frames=25,1,128,8,0.7425376187477793,78.82506528143772,0.1530593825587093,1,2,25
CV1 | nets=2 | frames=25,1,128,9,0.9941001534461976,72.05438199504465,0.1399123407500883,1,2,25
CV1 | nets=2 | frames=25,1,128,10,0.7315815676535878,66.74522785244882,0.1296032358094526,1,2,25
CV1 | nets=2 | frames=25,1,128,11,0.7228993305138179,68.80856236329674,0.1336097350398195,1,2,25
CV1 | nets=2 | frames=25,1,128,12,0.869288125208446,74.3490885271579,0.1443681093301929,1,2,25
CV1 | nets=2 | frames=25,1,128,13,0.8243452480861119,72.89443539971113,0.1415435206860129,1,2,25
CV1 | nets=2 | frames=25,1,128,14,0.8367212201867785,69.26189161429181,0.1344899964693468,1,2,25
CV1 | nets=2 | frames=25,1,128,15,0.7037627803427833,67.87960769007356,0.1318059305967326,1,2,25
CV1 | nets=2 | frames=25,1,128,16,0.7096177180314304,64.70778482331336,0.1256470022332796,1,2,25
CV1 | nets=2 | frames=50,1,128,1,0.7199428803645648,4.00298942361027,0.0010883205807358,1,2,50
CV1 | nets=2 | frames=50,1,128,2,0.6217156167213733,3.814516905454919,0.0010370792462708,1,2,50
CV1 | nets=2 | frames=50,1,128,3,0.5036097484139296,3.5877319558728487,0.0009754216488777,1,2,50
CV1 | nets=2 | frames=50,1,128,4,0.3875068242733295,3.8595116759408254,0.001049312301287,1,2,50
CV1 | nets=2 | frames=50,1,128,5,0.2597228196951059,3.832684499760624,0.0010420186076905,1,2,50
CV1 | nets=2 | frames=50,1,128,6,0.1773918675115475,4.266433195529971,0.0011599448580126,1,2,50
CV1 | nets=2 | frames=50,1,128,7,0.1529998177519211,5.090721678400645,0.0013840499071491,1,2,50
CV1 | nets=2 | frames=50,1,128,8,0.1240698165045334,4.928744183479808,0.0013400119732111,1,2,50
CV1 | nets=2 | frames=50,1,128,9,0.1161992681714204,4.906954377443995,0.0013340878187734,1,2,50
CV1 | nets=2 | frames=50,1,128,10,0.1049771606922149,4.212912380416819,0.0011453937995983,1,2,50
CV1 | nets=2 | frames=50,1,128,11,0.1130437932621974,4.846218490472063,0.0013175751470098,1,2,50
CV1 | nets=2 | frames=50,1,128,12,0.1068859136161895,5.07009955847729,0.0013784432178672,1,2,50
CV1 | nets=2 | frames=50,1,128,13,0.1309070160182622,4.066488026186824,0.0011055844061011,1,2,50
CV1 | nets=2 | frames=50,1,128,14,0.0807594535155938,4.5474373588766905,0.001236343422357,1,2,50
CV1 | nets=2 | frames=50,1,128,15,0.0757189256927141,4.816754256406799,0.001309564497589,1,2,50
CV1 | nets=2 | frames=50,1,128,16,0.0774974441872193,5.085328840909526,0.0013825837246208,1,2,50
CV1 | nets=2 | frames=50,1,128,17,0.0938374766936669,4.252827541957609,0.0011562457971031,1,2,50
CV1 | nets=2 | frames=50,1,128,18,0.0774710152584772,4.495495876895264,0.0012222217626085,1,2,50
CV1 | nets=2 | frames=100,1,128,1,0.8519971990585327,2.8769733406165616,8.135569002911324e-05,1,2,100
CV1 | nets=2 | frames=100,1,128,2,0.6899655240774155,3.0438308235034346,8.607412350551158e-05,1,2,100
CV1 | nets=2 | frames=100,1,128,3,0.5708900748193264,3.186220512807369,9.010064976823171e-05,1,2,100
CV1 | nets=2 | frames=100,1,128,4,0.5219867610931397,3.31839166266378,9.383821463271856e-05,1,2,100
CV1 | nets=2 | frames=100,1,128,5,0.5257090158760548,3.208646406543907,9.073481396381312e-05,1,2,100
CV1 | nets=2 | frames=100,1,128,6,0.511846122816205,3.320063974400284,9.388550423896902e-05,1,2,100
CV1 | nets=2 | frames=100,1,128,7,0.5090166154503822,3.2630490500237794,9.227322520236216e-05,1,2,100
CV1 | nets=2 | frames=100,1,128,8,0.5307087798416614,3.406803723932244,9.633835299751326e-05,1,2,100
CV1 | nets=2 | frames=100,1,128,9,0.4971815998852253,3.2173539744176667,9.098104942392028e-05,1,2,100
CV1 | nets=2 | frames=100,1,128,10,0.4913177143782377,3.4071476827794687,9.634807699066527e-05,1,2,100
CV1 | nets=2 | frames=100,1,128,11,0.4842819064855576,3.1619503010602203,8.941433071859706e-05,1,2,100
CV1 | nets=2 | frames=100,1,128,12,0.4885240082070231,3.414256787639577,9.654911035997315e-05,1,2,100
CV1 | nets=2 | frames=100,1,128,13,0.4831045444309712,3.2560791978600903,9.20761287696692e-05,1,2,100
CV1 | nets=2 | frames=100,1,128,14,0.4888012626767158,3.343010233251378,9.45343838314514e-05,1,2,100
CV1 | nets=2 | frames=100,1,128,15,0.4846633369103074,3.165845465344609,8.952448034041538e-05,1,2,100
CV1 | nets=2 | frames=100,1,128,16,0.5043766817823052,3.283662448624848,9.285613475557852e-05,1,2,100
CV1 | nets=4 | frames=2,1,128,1,0.8907567858695984,1993.257516577065,4.898321866045706,1,4,2
CV1 | nets=4 | frames=2,1,128,2,0.7974059581756592,6362.674779362678,15.635927098982036,1,4,2
CV1 | nets=4 | frames=2,1,128,3,0.7239781618118286,13176.37597097683,32.380226864486936,1,4,2
CV1 | nets=4 | frames=2,1,128,4,0.6702914237976074,22114.91573079968,54.346201294256375,1,4,2
CV1 | nets=4 | frames=2,1,128,5,0.6369051933288574,32097.68204724121,78.87830528541282,1,4,2
CV1 | nets=4 | frames=2,1,128,6,0.6237493753433228,41331.3698347168,101.56958991190048,1,4,2
CV1 | nets=4 | frames=2,1,128,7,0.6276819109916687,47824.236437871936,117.52545460424945,1,4,2
CV1 | nets=4 | frames=2,1,128,8,0.6407648324966431,50127.585683626174,123.18580730702728,1,4,2
CV1 | nets=4 | frames=2,1,128,9,0.6526828408241272,48419.53981871414,118.98837922482936,1,4,2
CV1 | nets=4 | frames=2,1,128,10,0.6572755575180054,43817.32703383446,107.67869300819932,1,4,2
CV1 | nets=4 | frames=2,1,128,11,0.6542018055915833,37552.13736280632,92.28233112240582,1,4,2
CV1 | nets=4 | frames=2,1,128,12,0.64616459608078,30695.7772734108,75.43319889310003,1,4,2
CV1 | nets=4 | frames=2,1,128,13,0.6364150047302246,23959.653822013377,58.87954361363873,1,4,2
CV1 | nets=4 | frames=2,1,128,14,0.6275324821472168,17709.102649594784,43.51915533077251,1,4,2
CV1 | nets=4 | frames=2,1,128,15,0.6210411787033081,12469.901204896689,30.64410301820282,1,4,2
CV1 | nets=4 | frames=2,1,128,16,0.6174309253692627,8381.60637656355,20.59734157413803,1,4,2
CV1 | nets=4 | frames=5,1,128,1,0.9649617870648702,26.372396698565687,0.4678732851882814,1,4,5
CV1 | nets=4 | frames=5,1,128,2,0.9367405374844868,29.79110321687814,0.528524639115305,1,4,5
CV1 | nets=4 | frames=5,1,128,3,0.8056662579377493,33.97750019914657,0.6027955971636693,1,4,5
CV1 | nets=4 | frames=5,1,128,4,0.7964017887910207,39.88323622775078,0.7075693884305656,1,4,5
CV1 | nets=4 | frames=5,1,128,5,0.8025007992982864,44.40366835296154,0.7877664875537157,1,4,5
CV1 | nets=4 | frames=5,1,128,6,0.8778170347213745,44.023071179986,0.7810142985014245,1,4,5
CV1 | nets=4 | frames=5,1,128,7,0.9039328893025717,44.22465373791754,0.7845905754636042,1,4,5
CV1 | nets=4 | frames=5,1,128,8,0.9174110690752664,46.06252517064661,0.8171963040241972,1,4,5
CV1 | nets=4 | frames=5,1,128,9,0.9017103910446168,49.77400392426551,0.8830417271299521,1,4,5
CV1 | nets=4 | frames=5,1,128,10,1.0008676449457805,51.6737970340997,0.9167459936651868,1,4,5
CV1 | nets=4 | frames=5,1,128,11,1.0311734278996785,49.48572118642926,0.8779272931494052,1,4,5
CV1 | nets=4 | frames=5,1,128,12,0.9385206898053488,47.71084529388696,0.846439177341992,1,4,5
CV1 | nets=4 | frames=5,1,128,13,0.828239917755127,47.42687661895156,0.841401281764498,1,4,5
CV1 | nets=4 | frames=5,1,128,14,0.961900273958842,47.97490845490992,0.8511239409941481,1,4,5
CV1 | nets=4 | frames=5,1,128,15,0.9033525387446084,50.21146770109981,0.8908027910147793,1,4,5
CV1 | nets=4 | frames=5,1,128,16,0.9688768982887268,49.82132260788977,0.8838812065669336,1,4,5
CV1 | nets=4 | frames=10,1,128,1,0.9424176931381224,204.7581423830986,1.919057995473035,1,4,10
CV1 | nets=4 | frames=10,1,128,2,0.8398668348789216,304.39689399290086,2.8529037660053,1,4,10
CV1 | nets=4 | frames=10,1,128,3,0.775865626335144,381.6188246255368,3.576652098454535,1,4,10
CV1 | nets=4 | frames=10,1,128,4,0.7192717790603638,410.9727827064693,3.85176685053797,1,4,10
CV1 | nets=4 | frames=10,1,128,5,0.7312174439430237,441.7497507452667,4.14021802929393,1,4,10
CV1 | nets=4 | frames=10,1,128,6,0.736344039440155,457.4952876520604,4.287790205586236,1,4,10
CV1 | nets=4 | frames=10,1,128,7,0.7374243021011353,466.2533925365954,4.369873800195288,1,4,10
CV1 | nets=4 | frames=10,1,128,8,0.7367349684238433,434.8433326773122,4.075489049381227,1,4,10
CV1 | nets=4 | frames=10,1,128,9,0.7278768718242645,422.5269901323467,3.9600564223342234,1,4,10
CV1 | nets=4 | frames=10,1,128,10,0.7263164401054383,400.5454397107363,3.754038484909165,1,4,10
CV1 | nets=4 | frames=10,1,128,11,0.7218031167984009,380.0560156815872,3.562005197041377,1,4,10
CV1 | nets=4 | frames=10,1,128,12,0.7197751879692078,355.3266136341542,3.3302329414181875,1,4,10
CV1 | nets=4 | frames=10,1,128,13,0.7191585093736649,341.1977323059589,3.19781282581063,1,4,10
CV1 | nets=4 | frames=10,1,128,14,0.7339496076107025,328.1441099245548,3.0754702971804653,1,4,10
CV1 | nets=4 | frames=10,1,128,15,0.7239081382751464,323.2079321047366,3.0292068815428066,1,4,10
CV1 | nets=4 | frames=10,1,128,16,0.7108983278274537,323.1436866632998,3.028604640758829,1,4,10
CV1 | nets=4 | frames=25,1,128,1,0.874975167787992,7.170130588412285,0.0156368199631688,1,4,25
CV1 | nets=4 | frames=25,1,128,2,0.8607501158347497,3.1719347851499915,0.0069174434281885,1,4,25
CV1 | nets=4 | frames=25,1,128,3,0.8301833019806788,6.183332502812148,0.013484783196749,1,4,25
CV1 | nets=4 | frames=25,1,128,4,0.8351140366150782,4.620935572259128,0.0100774646975842,1,4,25
CV1 | nets=4 | frames=25,1,128,5,0.839738826912183,4.299009114842862,0.0093753985284129,1,4,25
CV1 | nets=4 | frames=25,1,128,6,0.8073582511681777,5.36632459865883,0.0117030298860991,1,4,25
CV1 | nets=4 | frames=25,1,128,7,0.8139861799203433,7.871403896950185,0.0171661764794989,1,4,25
CV1 | nets=4 | frames=25,1,128,8,0.8193313089700845,6.953435009650886,0.0151642443409946,1,4,25
CV1 | nets=4 | frames=25,1,128,9,0.802389172407297,4.816977068129927,0.0105049974823996,1,4,25
CV1 | nets=4 | frames=25,1,128,10,0.7902630384151752,5.85023735717684,0.0127583601765436,1,4,25
CV1 | nets=4 | frames=25,1,128,11,0.8072890501755935,5.092471597336233,0.0111058035426613,1,4,25
CV1 | nets=4 | frames=25,1,128,12,0.806183343896499,6.360065102942288,0.0138702067165577,1,4,25
CV1 | nets=4 | frames=25,1,128,13,0.7970573351933405,5.048797227211296,0.011010557343834,1,4,25
CV1 | nets=4 | frames=25,1,128,14,0.7899140325876383,5.48774999461323,0.0119678376762385,1,4,25
CV1 | nets=4 | frames=25,1,128,15,0.7854241522458884,6.46887361947447,0.0141074994652954,1,4,25
CV1 | nets=4 | frames=25,1,128,16,0.8093236363851107,5.996724520187825,0.0130778235870893,1,4,25
CV1 | nets=4 | frames=25,1,128,17,0.8126450066383069,6.121019963461905,0.0133488904925325,1,4,25
CV1 | nets=4 | frames=50,1,128,1,0.6200400787591934,5.735567633681931,0.003454316949158,1,4,50
CV1 | nets=4 | frames=50,1,128,2,0.5451089203357696,5.471195271944628,0.0032950954585231,1,4,50
CV1 | nets=4 | frames=50,1,128,3,0.5476788198947906,5.1218351467549805,0.0030846888938431,1,4,50
CV1 | nets=4 | frames=50,1,128,4,0.5448183357715607,5.160859742058441,0.0031081920582728,1,4,50
CV1 | nets=4 | frames=50,1,128,5,0.5370020568370819,5.092692032504827,0.003067137100008,1,4,50
CV1 | nets=4 | frames=50,1,128,6,0.5424185299873352,5.769860129851848,0.0034749701283399,1,4,50
CV1 | nets=4 | frames=50,1,128,7,0.5510759973526,4.7291637249038905,0.0028481976768497,1,4,50
CV1 | nets=4 | frames=50,1,128,8,0.5350257050991059,5.009641011096537,0.0030171186285224,1,4,50
CV1 | nets=4 | frames=50,1,128,9,0.5530488216876983,4.839597042992711,0.0029147075613927,1,4,50
CV1 | nets=4 | frames=50,1,128,10,0.5592603576183319,5.303891728611663,0.0031943348714185,1,4,50
CV1 | nets=4 | frames=50,1,128,11,0.5412625324726105,5.372843257196248,0.0032358617295249,1,4,50
CV1 | nets=4 | frames=50,1,128,12,0.5368006277084351,5.062805928125978,0.0030491378637234,1,4,50
CV1 | nets=4 | frames=50,1,128,13,0.5387349271774292,4.840302391193808,0.0029151323471924,1,4,50
CV1 | nets=4 | frames=50,1,128,14,0.5403200978040695,5.229623400449753,0.0031496056970099,1,4,50
CV1 | nets=4 | frames=50,1,128,15,0.537812380194664,4.852303123652935,0.0029223598770186,1,4,50
CV1 | nets=4 | frames=50,1,128,16,0.5408364272117615,4.8206918276455255,0.0029033216275192,1,4,50
CV1 | nets=4 | frames=50,1,128,17,0.5390102624893188,4.767527498193085,0.0028713027373851,1,4,50
CV1 | nets=4 | frames=50,1,128,18,0.5501987200975418,5.5994437119904905,0.0033723346488986,1,4,50
CV1 | nets=4 | frames=50,1,128,19,0.5365281784534455,5.599333752000704,0.0033722683893556,1,4,50
CV1 | nets=4 | frames=50,1,128,20,0.5395971357822418,4.938386216744781,0.0029742045402163,1,4,50
CV1 | nets=4 | frames=50,1,128,21,0.5450863409042358,5.3839048788324,0.0032425236849339,1,4,50
CV1 | nets=4 | frames=50,1,128,22,0.5355216503143311,5.502340360417962,0.0033138529211664,1,4,50
CV1 | nets=4 | frames=100,1,128,1,0.2339120806008577,0.5237610967295477,0.0029257822803181,1,4,100
CV1 | nets=4 | frames=100,1,128,2,0.137901406660676,0.6593448905358091,0.0036831669823077,1,4,100
CV1 | nets=4 | frames=100,1,128,3,0.1460876184701919,0.5162385895585175,0.0028837607605491,1,4,100
CV1 | nets=4 | frames=100,1,128,4,0.1304766036570072,0.4554528440968133,0.0025442054349368,1,4,100
CV1 | nets=4 | frames=100,1,128,5,0.1323070111870765,0.6997441296698526,0.0039088411879783,1,4,100
CV1 | nets=4 | frames=100,1,128,6,0.1483537057042122,0.567188866127748,0.003168374140916,1,4,100
CV1 | nets=4 | frames=100,1,128,7,0.1257434482127428,0.5255368232936598,0.0029357016289905,1,4,100
CV1 | nets=4 | frames=100,1,128,8,0.1262093537300825,0.6111916461382061,0.0034141781185462,1,4,100
CV1 | nets=4 | frames=100,1,128,9,0.1267354164272546,0.500890972660738,0.0027980274280936,1,4,100
CV1 | nets=4 | frames=100,1,128,10,0.1257100051641464,0.5309607488084584,0.0029660002290584,1,4,100
CV1 | nets=4 | frames=100,1,128,11,0.1271098340302705,0.5765089315022341,0.0032204369210339,1,4,100
CV1 | nets=4 | frames=100,1,128,12,0.1233757188916206,0.4986057878481224,0.0027852621961901,1,4,100
CV1 | nets=4 | frames=100,1,128,13,0.1310774587839842,0.4911607218103018,0.0027436732491285,1,4,100
CV1 | nets=4 | frames=100,1,128,14,0.1230390835553407,0.5688486648321195,0.003177645897219,1,4,100
CV1 | nets=4 | frames=100,1,128,15,0.1334272639453411,0.4850738897837,0.0027096715668412,1,4,100
CV1 | nets=4 | frames=100,1,128,16,0.1271431887894868,0.5197802748149261,0.0029035449669227,1,4,100
CV1 | nets=4 | frames=100,1,128,17,0.1239859766885638,0.4607560561539139,0.0025738297734842,1,4,100
CV1 | nets=4 | frames=100,1,128,18,0.1228842820972204,0.5878411415887822,0.0032837398652193,1,4,100
CV1 | nets=4 | frames=100,1,128,19,0.1215664612501859,0.471237396528013,0.0026323795443468,1,4,100
CV1 | nets=8 | frames=2,1,128,1,0.9378232359886168,2.100963171424344,0.0099507662805594,1,8,2
CV1 | nets=8 | frames=2,1,128,2,0.8752756118774414,202.1994639890194,0.9576748393280432,1,8,2
CV1 | nets=8 | frames=2,1,128,3,0.8469845652580261,611.8885188603401,2.89808016397804,1,8,2
CV1 | nets=8 | frames=2,1,128,4,0.8422421514987946,1013.3166844463348,4.799359406668692,1,8,2
CV1 | nets=8 | frames=2,1,128,5,0.8442643284797668,1605.4158246936795,7.603711087197065,1,8,2
CV1 | nets=8 | frames=2,1,128,6,0.8317065238952637,2063.50698248291,9.773362418919804,1,8,2
CV1 | nets=8 | frames=2,1,128,7,0.8235552906990051,2424.541352039337,11.483324922829867,1,8,2
CV1 | nets=8 | frames=2,1,128,8,0.8176682591438293,2759.5088308830263,13.069827191010118,1,8,2
CV1 | nets=8 | frames=2,1,128,9,0.8059336245059967,3410.9531637649534,16.15525487267971,1,8,2
CV1 | nets=8 | frames=2,1,128,10,0.7964910268783569,4147.521742996216,19.64385567584634,1,8,2
CV1 | nets=8 | frames=2,1,128,11,0.790641188621521,5045.581443580628,23.89732512357831,1,8,2
CV1 | nets=8 | frames=2,1,128,12,0.7854687571525574,6014.714249908448,28.487416844725608,1,8,2
CV1 | nets=8 | frames=2,1,128,13,0.7815879583358765,6941.788176132202,32.87830617052317,1,8,2
CV1 | nets=8 | frames=2,1,128,14,0.7757182121276855,8235.900092514039,39.007593452334405,1,8,2
CV1 | nets=8 | frames=2,1,128,15,0.7670147120952606,9359.358233459472,44.328614686489104,1,8,2
CV1 | nets=8 | frames=2,1,128,16,0.7628292739391327,10903.66331098938,51.642888247966766,1,8,2
CV1 | nets=8 | frames=5,1,128,1,0.7783543288707733,1021.1360677340032,34.088814566073474,1,8,5
CV1 | nets=8 | frames=5,1,128,2,0.6563656449317932,1565.0193719988763,52.24539241367599,1,8,5
CV1 | nets=8 | frames=5,1,128,3,0.6160364747047424,1843.3107214495087,61.53565483951871,1,8,5
CV1 | nets=8 | frames=5,1,128,4,0.5996219038963317,1821.6010915203988,60.81091754478961,1,8,5
CV1 | nets=8 | frames=5,1,128,5,0.5731337428092956,1767.6787025207875,59.010813434291634,1,8,5
CV1 | nets=8 | frames=5,1,128,6,0.5657431125640869,1946.6067280750276,64.98400739774853,1,8,5
CV1 | nets=8 | frames=5,1,128,7,0.5636762797832489,2022.146387001276,67.50576553165168,1,8,5
CV1 | nets=8 | frames=5,1,128,8,0.5589802265167236,2044.4828453832863,68.25143034778536,1,8,5
CV1 | nets=8 | frames=5,1,128,9,0.5507259249687195,2016.1410353316069,67.30528806905076,1,8,5
CV1 | nets=8 | frames=5,1,128,10,0.5547747611999512,1979.351985151172,66.07715152022988,1,8,5
CV1 | nets=8 | frames=5,1,128,11,0.5522020339965821,1818.535032669425,60.70856329320371,1,8,5
CV1 | nets=8 | frames=5,1,128,12,0.5436372995376587,1720.778098325014,57.445122569985685,1,8,5
CV1 | nets=8 | frames=5,1,128,13,0.5438450992107391,1581.3388815108538,52.79019167681038,1,8,5
CV1 | nets=8 | frames=5,1,128,14,0.5441260695457458,1502.3301025335788,50.152622600995,1,8,5
CV1 | nets=8 | frames=5,1,128,15,0.5404176533222198,1348.960935649157,45.03266601904854,1,8,5
CV1 | nets=8 | frames=5,1,128,16,0.5407309055328369,1213.626521508217,40.51476631883159,1,8,5
CV1 | nets=8 | frames=10,1,128,1,0.904896992444992,71.8736852168776,0.075833214778795,1,8,10
CV1 | nets=8 | frames=10,1,128,2,0.8649958789348602,84.32201636724174,0.0889673267426551,1,8,10
CV1 | nets=8 | frames=10,1,128,3,0.8050101578235627,309.5939876177013,0.3266495582595525,1,8,10
CV1 | nets=8 | frames=10,1,128,4,0.8037329196929932,604.2099068414867,0.637495895932414,1,8,10
CV1 | nets=8 | frames=10,1,128,5,0.7845591276884079,523.8164962067567,0.5526736063815588,1,8,10
CV1 | nets=8 | frames=10,1,128,6,0.814192396402359,886.9816550985574,0.935845574797764,1,8,10
CV1 | nets=8 | frames=10,1,128,7,0.7758626341819763,1345.6043377949743,1.419733847579686,1,8,10
CV1 | nets=8 | frames=10,1,128,8,0.78243128657341,870.9766009641513,0.9189587986195984,1,8,10
CV1 | nets=8 | frames=10,1,128,9,0.7925699830055237,807.775643680077,0.8522761130905273,1,8,10
CV1 | nets=8 | frames=10,1,128,10,0.7847055613994598,1161.7757438005954,1.2257781080239074,1,8,10
CV1 | nets=8 | frames=10,1,128,11,0.7935230731964111,826.745292752847,0.8722907940044315,1,8,10
CV1 | nets=8 | frames=10,1,128,12,0.7923782646656037,837.6041128349007,0.8837478466269968,1,8,10
CV1 | nets=8 | frames=10,1,128,13,0.7952804207801819,868.2138606460467,0.9160438656509976,1,8,10
CV1 | nets=8 | frames=10,1,128,14,0.7781902700662613,1100.736725261353,1.1613764474859565,1,8,10
CV1 | nets=8 | frames=10,1,128,15,0.7831625401973724,1143.622991713062,1.2066253385011805,1,8,10
CV1 | nets=8 | frames=10,1,128,16,0.7793140649795532,999.8806223456188,1.0549641659997506,1,8,10
CV1 | nets=8 | frames=25,1,128,1,0.8135014808177948,76.50867005053162,0.110700149443699,1,8,25
CV1 | nets=8 | frames=25,1,128,2,0.7118426811695099,77.10164213323593,0.1115581278794852,1,8,25
CV1 | nets=8 | frames=25,1,128,3,0.6780169081687927,76.40960640770197,0.110556813472911,1,8,25
CV1 | nets=8 | frames=25,1,128,4,0.6780050486326218,75.98669330978393,0.1099449077534664,1,8,25
CV1 | nets=8 | frames=25,1,128,5,0.679082623720169,69.12710111638904,0.1000197840094333,1,8,25
CV1 | nets=8 | frames=25,1,128,6,0.6752022707462311,65.84883792688697,0.0952764771548099,1,8,25
CV1 | nets=8 | frames=25,1,128,7,0.6586774659156799,70.1879299153015,0.1015546943127119,1,8,25
CV1 | nets=8 | frames=25,1,128,8,0.6603655749559403,65.0496218508631,0.0941200967651675,1,8,25
CV1 | nets=8 | frames=25,1,128,9,0.6569459843635559,67.06754925869406,0.097039822996332,1,8,25
CV1 | nets=8 | frames=25,1,128,10,0.6647219449281693,66.2444117685072,0.0958488235355689,1,8,25
CV1 | nets=8 | frames=25,1,128,11,0.6574861961603164,66.33563625777512,0.09598082411832,1,8,25
CV1 | nets=8 | frames=25,1,128,12,0.6518079257011413,66.22740082288907,0.0958242123753007,1,8,25
CV1 | nets=8 | frames=25,1,128,13,0.6473348391056061,65.37692340229825,0.0945936660082843,1,8,25
CV1 | nets=8 | frames=25,1,128,14,0.6450754818320275,63.57575035137311,0.0919875518924309,1,8,25
CV1 | nets=8 | frames=25,1,128,15,0.6509820485115051,65.3669991176501,0.0945793010772176,1,8,25
CV1 | nets=8 | frames=25,1,128,16,0.6478322392702103,63.59568548175693,0.0920163971194269,1,8,25
CV1 | nets=8 | frames=25,1,128,17,0.6464160007238388,64.41107035690546,0.0931961752644565,1,8,25
CV1 | nets=8 | frames=25,1,128,18,0.665146780014038,64.29637416014076,0.0930302172040756,1,8,25
CV1 | nets=8 | frames=25,1,128,19,0.6418435338139534,65.62691641567275,0.0949553804225797,1,8,25
CV1 | nets=8 | frames=25,1,128,20,0.6472665280103683,66.156364372693,0.0957214341537292,1,8,25
CV1 | nets=8 | frames=25,1,128,21,0.6401247155666351,66.32299364215508,0.0959625317341306,1,8,25
CV1 | nets=8 | frames=25,1,128,22,0.6476415491104126,67.07527045346797,0.0970509951835556,1,8,25
CV1 | nets=8 | frames=25,1,128,23,0.639146226644516,66.36698861863464,0.0960261825767156,1,8,25
CV1 | nets=8 | frames=25,1,128,24,0.6443945372104645,65.76256790928542,0.0951516499333374,1,8,25
CV1 | nets=8 | frames=25,1,128,25,0.6381866174936295,66.64474429952726,0.0964280704492448,1,8,25
CV1 | nets=8 | frames=25,1,128,26,0.6368438255786896,66.59878270434216,0.0963615687116944,1,8,25
CV1 | nets=8 | frames=25,1,128,27,0.6459157902002335,66.50989429368823,0.0962329592394016,1,8,25
CV1 | nets=8 | frames=25,1,128,28,0.6431988316774369,71.17247510372103,0.1029792246972756,1,8,25
CV1 | nets=8 | frames=25,1,128,29,0.6431108880043029,64.28479355578125,0.0930134625866157,1,8,25
CV1 | nets=8 | frames=50,1,128,1,0.8222541087865829,6.280822637997567,0.0027397854581486,1,8,50
CV1 | nets=8 | frames=50,1,128,2,0.6840962907671928,6.375097218868614,0.0027809093580268,1,8,50
CV1 | nets=8 | frames=50,1,128,3,0.6579004243016243,5.725056155990809,0.0024973521068013,1,8,50
CV1 | nets=8 | frames=50,1,128,4,0.6647716498374939,6.593491629905999,0.0028761761644573,1,8,50
CV1 | nets=8 | frames=50,1,128,5,0.6540014105290175,6.629991698673926,0.0028920980298412,1,8,50
CV1 | nets=8 | frames=50,1,128,6,0.6536464829742908,6.850240524029709,0.0029881737158738,1,8,50
CV1 | nets=8 | frames=50,1,128,7,0.6604340206086635,6.358864376949845,0.002773828374231,1,8,50
CV1 | nets=8 | frames=50,1,128,8,0.6478316970169544,6.370681797921832,0.0027789832959948,1,8,50
CV1 | nets=8 | frames=50,1,128,9,0.6602340233325958,6.511722913790495,0.0028405074174746,1,8,50
CV1 | nets=8 | frames=50,1,128,10,0.6408585423231125,6.458906146521913,0.0028174680202571,1,8,50
CV1 | nets=8 | frames=50,1,128,11,0.6441416223347187,6.003561653990648,0.0026188401826694,1,8,50
CV1 | nets=8 | frames=50,1,128,12,0.6492551921680569,6.909591916282603,0.003014063624634,1,8,50
CV1 | nets=8 | frames=50,1,128,13,0.6521803974360227,7.02984951762855,0.0030665217643959,1,8,50
CV1 | nets=8 | frames=50,1,128,14,0.6636862739920616,6.720978076071246,0.0029317875617389,1,8,50
CV1 | nets=8 | frames=50,1,128,15,0.6425529506802559,6.173865055813687,0.0026931289643864,1,8,50
CV1 | nets=8 | frames=50,1,128,16,0.649136413782835,6.731825288404711,0.0029365192749946,1,8,50
CV1 | nets=8 | frames=50,1,128,17,0.642761912792921,6.117866276924499,0.0026687015349441,1,8,50
CV1 | nets=8 | frames=50,1,128,18,0.6430724495649338,5.742913208499143,0.0025051415837324,1,8,50
CV1 | nets=8 | frames=100,1,128,1,0.7847822150588035,2.532718742411584,0.0001354871038728,1,8,100
CV1 | nets=8 | frames=100,1,128,2,0.7593760070204735,3.265686699464917,0.0001746970278863,1,8,100
CV1 | nets=8 | frames=100,1,128,3,0.7409256742149591,2.8072010655878112,0.0001501704630665,1,8,100
CV1 | nets=8 | frames=100,1,128,4,0.7630595919489861,3.124899625600316,0.0001671656597304,1,8,100
CV1 | nets=8 | frames=100,1,128,5,0.7389668174088001,2.72861069554463,0.0001459662906577,1,8,100
CV1 | nets=8 | frames=100,1,128,6,0.7376086960732937,2.9618925795221585,0.0001584456433356,1,8,100
CV1 | nets=8 | frames=100,1,128,7,0.7321378885209561,2.4887495891742,0.0001331349866581,1,8,100
CV1 | nets=8 | frames=100,1,128,8,0.7355606336146593,2.5386885818615554,0.000135806457509,1,8,100
CV1 | nets=8 | frames=100,1,128,9,0.7279835256189108,2.667898730569519,0.0001427185214214,1,8,100
CV1 | nets=8 | frames=100,1,128,10,0.721445636227727,2.775308542829007,0.0001484643795299,1,8,100
CV1 | nets=8 | frames=100,1,128,11,0.7223753771930933,2.825630716721061,0.0001511563508233,1,8,100
CV1 | nets=8 | frames=100,1,128,12,0.7202419194579125,2.885570244152099,0.000154362800989,1,8,100
CV1 | nets=8 | frames=100,1,128,13,0.7197982235997915,3.0213225300372577,0.0001616248327748,1,8,100
CV1 | nets=8 | frames=100,1,128,14,0.7215191058814525,2.986028935330454,0.0001597368089957,1,8,100
CV1 | nets=8 | frames=100,1,128,15,0.7202551790699363,2.8490562745034693,0.0001524094955507,1,8,100
CV1 | nets=8 | frames=100,1,128,16,0.7221285425871611,2.860486065322068,0.0001530209288642,1,8,100
CV1 | nets=8 | frames=100,1,128,17,0.717922730371356,2.861329159560613,0.0001530660295447,1,8,100
CV1 | nets=8 | frames=100,1,128,18,0.7158634693920612,2.801487656245008,0.0001498648239753,1,8,100
CV1 | nets=8 | frames=100,1,128,19,0.71446713142097,2.777296543363482,0.0001485707276761,1,8,100
CV1 | nets=8 | frames=100,1,128,20,0.7160582943260669,3.094891663038172,0.0001655603924658,1,8,100
CV1 | nets=8 | frames=100,1,128,21,0.715018303617835,3.129763633303577,0.0001674258596922,1,8,100
CV1 | nets=8 | frames=100,1,128,22,0.709373729750514,2.721290460539982,0.000145574696294,1,8,100
CV2 | nets=1 | frames=2,2,128,1,0.5779930949211121,764.4740371448994,0.034308335607533,2,1,2
CV2 | nets=1 | frames=2,2,128,2,0.4960682988166809,444.7899306288958,0.0120352789984899,2,1,2
CV2 | nets=1 | frames=2,2,128,3,0.4211290776729584,289.72411646807194,0.0044696905576456,2,1,2
CV2 | nets=1 | frames=2,2,128,4,0.3526594936847687,291.44370887255667,0.00914999087889,2,1,2
CV2 | nets=1 | frames=2,2,128,5,0.2901552021503448,444.2517937641144,0.0244128975374187,2,1,2
CV2 | nets=1 | frames=2,2,128,6,0.2333253771066665,783.6998549919128,0.051373965900857,2,1,2
CV2 | nets=1 | frames=2,2,128,7,0.1821520924568176,1327.4505459804534,0.0927926277465885,2,1,2
CV2 | nets=1 | frames=2,2,128,8,0.1367573738098144,2090.275060936928,0.1513894273552578,2,1,2
CV2 | nets=1 | frames=2,2,128,9,0.0974416434764862,3061.234424665451,0.2280691239524749,2,1,2
CV2 | nets=1 | frames=2,2,128,10,0.0646287053823471,4254.538553066253,0.3245985661187442,2,1,2
CV2 | nets=1 | frames=2,2,128,11,0.0387937724590301,5641.503106376648,0.4379723236205755,2,1,2
CV2 | nets=1 | frames=2,2,128,12,0.0202957913279533,7173.53826618576,0.5661455406255554,2,1,2
CV2 | nets=1 | frames=2,2,128,13,0.0091719664633274,8776.266944976807,0.7051544892082456,2,1,2
CV2 | nets=1 | frames=2,2,128,14,0.0049095256254076,10339.455200511931,0.846535280130338,2,1,2
CV2 | nets=1 | frames=2,2,128,15,0.0063253324478864,11749.334486999513,0.980351359404158,2,1,2
CV2 | nets=1 | frames=2,2,128,16,0.0116298701614141,12895.083759010316,1.0939830335420555,2,1,2
CV2 | nets=1 | frames=2,2,128,17,0.0187013875693082,13719.722328193664,1.1805256445650012,2,1,2
CV2 | nets=1 | frames=2,2,128,18,0.0254775360226631,14205.798654571534,1.2358902911879122,2,1,2
CV2 | nets=1 | frames=5,2,128,1,0.7859005331993103,4664.014685209155,2.2460883839828893,2,1,5
CV2 | nets=1 | frames=5,2,128,2,0.6968738436698914,3912.05343298316,1.867362693795236,2,1,5
CV2 | nets=1 | frames=5,2,128,3,0.6141301989555359,3219.7924704546926,1.5238143525478662,2,1,5
CV2 | nets=1 | frames=5,2,128,4,0.5373356938362122,2584.521099231094,1.2135745315999085,2,1,5
CV2 | nets=1 | frames=5,2,128,5,0.4664382636547088,2039.2190259031056,0.9497480038188806,2,1,5
CV2 | nets=1 | frames=5,2,128,6,0.4016195237636566,1551.2160180253982,0.7119162083012925,2,1,5
CV2 | nets=1 | frames=5,2,128,7,0.3433216512203216,1143.5265029963257,0.516244231527322,2,1,5
CV2 | nets=1 | frames=5,2,128,8,0.2922098338603973,837.5075079421401,0.3710313604849507,2,1,5
CV2 | nets=1 | frames=5,2,128,9,0.2493126392364502,638.1725753142833,0.2779672983723576,2,1,5
CV2 | nets=1 | frames=5,2,128,10,0.2155664265155792,538.8840919098258,0.2352550557934155,2,1,5
CV2 | nets=1 | frames=5,2,128,11,0.1915422528982162,515.0987737029195,0.2303926092692127,2,1,5
CV2 | nets=1 | frames=5,2,128,12,0.1770545244216919,536.5880142923594,0.2479218295083846,2,1,5
CV2 | nets=1 | frames=5,2,128,13,0.1707603931427002,569.7805530238152,0.2697952868806315,2,1,5
CV2 | nets=1 | frames=5,2,128,14,0.1701037138700485,591.425095556736,0.2823247771218011,2,1,5
CV2 | nets=1 | frames=5,2,128,15,0.1718552410602569,596.9565932233334,0.2818000451488187,2,1,5
CV2 | nets=1 | frames=5,2,128,16,0.1729487627744674,597.6272320369482,0.2734033935590123,2,1,5
CV2 | nets=1 | frames=5,2,128,17,0.1712354123592376,611.0552291595936,0.2660312156520958,2,1,5
CV2 | nets=1 | frames=5,2,128,18,0.1657670140266418,651.1590366597176,0.2677965485544409,2,1,5
CV2 | nets=1 | frames=5,2,128,19,0.1567011326551437,730.9097778260708,0.2861452909953368,2,1,5
CV2 | nets=1 | frames=5,2,128,20,0.1449665278196334,853.3949288335442,0.3243931932927226,2,1,5
CV2 | nets=1 | frames=5,2,128,21,0.1318642646074295,1023.6431848032474,0.3851051594269811,2,1,5
CV2 | nets=1 | frames=5,2,128,22,0.1187102347612381,1236.289814963758,0.4670049395941023,2,1,5
CV2 | nets=1 | frames=5,2,128,23,0.1066072955727577,1486.1830027182698,0.5680137216532894,2,1,5
CV2 | nets=1 | frames=5,2,128,24,0.0962766334414482,1751.785261223912,0.6815929576890776,2,1,5
CV2 | nets=1 | frames=5,2,128,25,0.0880524441599845,2036.5760866068008,0.805547608644265,2,1,5
CV2 | nets=1 | frames=5,2,128,26,0.0818843692541122,2321.825213421434,0.9338707284641278,2,1,5
CV2 | nets=1 | frames=10,2,128,1,0.6992959529161453,705.2245944530964,0.0585825462128177,2,1,10
CV2 | nets=1 | frames=10,2,128,2,0.5775403827428818,568.080430601269,0.04592045729046,2,1,10
CV2 | nets=1 | frames=10,2,128,3,0.4329947382211685,451.5993250669241,0.0355433674019768,2,1,10
CV2 | nets=1 | frames=10,2,128,4,0.3186952900141477,362.9143492938876,0.0280636281223232,2,1,10
CV2 | nets=1 | frames=10,2,128,5,0.9822741625830532,299.6319305074811,0.0234522852088412,2,1,10
CV2 | nets=1 | frames=10,2,128,6,0.2413144404999911,260.08019073206185,0.0211056818373836,2,1,10
CV2 | nets=1 | frames=10,2,128,7,0.2612380757927894,241.7442727079988,0.0203580155399722,2,1,10
CV2 | nets=1 | frames=10,2,128,8,0.6957009956240654,238.05131789249927,0.0203721419820321,2,1,10
CV2 | nets=1 | frames=10,2,128,9,0.2418364584445953,240.962818203941,0.0206622620021107,2,1,10
CV2 | nets=1 | frames=10,2,128,10,0.6016225516796112,255.1866116886288,0.021638279683,2,1,10
CV2 | nets=1 | frames=10,2,128,11,0.2067279033362865,277.34010920614,0.0232882714450479,2,1,10
CV2 | nets=1 | frames=10,2,128,12,0.2549116611480713,305.40369735485314,0.0254698846201936,2,1,10
CV2 | nets=1 | frames=10,2,128,13,0.4779925495386123,336.7014396161437,0.0279419202789758,2,1,10
CV2 | nets=1 | frames=10,2,128,14,0.2330641821026802,364.58464959448577,0.0301889856539155,2,1,10
CV2 | nets=1 | frames=10,2,128,15,0.2979539185762405,390.3638805112243,0.0323573158527578,2,1,10
CV2 | nets=1 | frames=10,2,128,16,0.1650688704103231,413.9509696589709,0.0344454825859866,2,1,10
CV2 | nets=1 | frames=10,2,128,17,0.2058432772755623,434.0289258793592,0.0363504105812389,2,1,10
CV2 | nets=1 | frames=10,2,128,18,0.1419234062632313,450.6632918076813,0.0381151930628111,2,1,10
CV2 | nets=1 | frames=10,2,128,19,0.2205215394496917,461.8228788682371,0.0394639603108007,2,1,10
CV2 | nets=1 | frames=10,2,128,20,0.1365718282759189,469.3675358686298,0.0406377778552123,2,1,10
CV2 | nets=1 | frames=10,2,128,21,0.2168361395597458,473.38600755132734,0.0414906579557173,2,1,10
CV2 | nets=1 | frames=10,2,128,22,0.1370320254936814,477.5898240529299,0.0423880355510264,2,1,10
CV2 | nets=1 | frames=10,2,128,23,0.398787647485733,482.1215372464359,0.0432499463323238,2,1,10
CV2 | nets=1 | frames=25,2,128,1,0.7057105749845505,66.82575722966344,0.0010387224986109,2,1,25
CV2 | nets=1 | frames=25,2,128,2,0.3294859167654067,46.98679226775467,0.0007288718430461,2,1,25
CV2 | nets=1 | frames=25,2,128,3,0.1697502665920183,35.14522068606317,0.0005462852920938,2,1,25
CV2 | nets=1 | frames=25,2,128,4,0.0969786026980727,31.91688251431659,0.000497762003892,2,1,25
CV2 | nets=1 | frames=25,2,128,5,0.1301417630165815,32.29837655165792,0.0005042472920545,2,1,25
CV2 | nets=1 | frames=25,2,128,6,0.1336370650678873,36.10184451542795,0.0005644405264314,2,1,25
CV2 | nets=1 | frames=25,2,128,7,0.0959495427086949,41.25406624093652,0.0006448614517951,2,1,25
CV2 | nets=1 | frames=25,2,128,8,0.0909960772842168,44.63470907440036,0.000696815237143,2,1,25
CV2 | nets=1 | frames=25,2,128,9,0.093113190960139,44.928586924210194,0.0007007787921006,2,1,25
CV2 | nets=1 | frames=25,2,128,10,0.1002383609302342,42.8253194155097,0.0006678961793618,2,1,25
CV2 | nets=1 | frames=25,2,128,11,0.0939514122437685,40.55049999224767,0.000632995444809,2,1,25
CV2 | nets=1 | frames=25,2,128,12,0.0940625995863229,38.22455397092924,0.000597376958156,2,1,25
CV2 | nets=1 | frames=25,2,128,13,0.0925006748875603,36.72919897105172,0.0005739754791065,2,1,25
CV2 | nets=1 | frames=25,2,128,14,0.0835014239419251,36.51326968325488,0.0005699778758861,2,1,25
CV2 | nets=1 | frames=25,2,128,15,0.079568079629098,36.932044931717215,0.0005757598647049,2,1,25
CV2 | nets=1 | frames=25,2,128,16,0.0771146385377505,36.82427161166072,0.0005737688440404,2,1,25
CV2 | nets=1 | frames=25,2,128,17,0.0764486581247183,36.61278028476518,0.0005708271859196,2,1,25
CV2 | nets=1 | frames=25,2,128,18,0.107579359319061,36.70512448242679,0.000573064921924,2,1,25
CV2 | nets=1 | frames=25,2,128,19,0.0779894894512835,36.6108893047981,0.0005718578918408,2,1,25
CV2 | nets=1 | frames=50,2,128,1,0.6396641858986446,27.701121084824205,0.0152382386103795,2,1,50
CV2 | nets=1 | frames=50,2,128,2,0.1782417644613555,17.066296933934094,0.0099373483972162,2,1,50
CV2 | nets=1 | frames=50,2,128,3,0.0180003870544689,12.180336810627136,0.0070327617412689,2,1,50
CV2 | nets=1 | frames=50,2,128,4,0.0419164334556886,14.506239039657173,0.0081918751415398,2,1,50
CV2 | nets=1 | frames=50,2,128,5,0.0084402576986966,17.98948400127096,0.0102485592812922,2,1,50
CV2 | nets=1 | frames=50,2,128,6,0.0182291503421895,16.801816428598016,0.0096433243712904,2,1,50
CV2 | nets=1 | frames=50,2,128,7,0.0069669822280827,14.783764873018487,0.0084773999010581,2,1,50
CV2 | nets=1 | frames=50,2,128,8,0.0077517592747296,15.42852898293361,0.0088141104800415,2,1,50
CV2 | nets=1 | frames=50,2,128,9,0.0061697605124209,16.25927942132205,0.0093337413266267,2,1,50
CV2 | nets=1 | frames=50,2,128,10,0.0058105692364084,15.218196289811283,0.0087171792144563,2,1,50
CV2 | nets=1 | frames=50,2,128,11,0.0047652260182076,14.925830789314585,0.0085113108265754,2,1,50
CV2 | nets=1 | frames=50,2,128,12,0.0055220838985405,15.317773795648478,0.0087879632430003,2,1,50
CV2 | nets=1 | frames=50,2,128,13,0.0054998187333694,15.32446503898874,0.0087886433073626,2,1,50
CV2 | nets=1 | frames=50,2,128,14,0.0058624068447638,14.832573694275691,0.0084950762648632,2,1,50
CV2 | nets=1 | frames=50,2,128,15,0.0047873669287322,15.153005405723118,0.0086876264124102,2,1,50
CV2 | nets=1 | frames=50,2,128,16,0.0052170388579335,15.146827635442838,0.0086633223726275,2,1,50
CV2 | nets=1 | frames=50,2,128,17,0.0163948759966712,14.880615955691784,0.0084960039513744,2,1,50
CV2 | nets=1 | frames=50,2,128,18,0.0054611524433961,15.054826693513895,0.0086119633088924,2,1,50
CV2 | nets=1 | frames=100,2,128,1,0.4343600897834851,2.2743672486016293,0.0004831034952104,2,1,100
CV2 | nets=1 | frames=100,2,128,2,0.034174183025383,2.084100899879355,0.0004414392575537,2,1,100
CV2 | nets=1 | frames=100,2,128,3,0.0129888861064011,2.174916747506708,0.0004619345488177,2,1,100
CV2 | nets=1 | frames=100,2,128,4,0.0045178013835818,2.127988220267114,0.0004508515104687,2,1,100
CV2 | nets=1 | frames=100,2,128,5,0.0029961987232896,2.147851040020818,0.0004557548915012,2,1,100
CV2 | nets=1 | frames=100,2,128,6,0.0029063998752882,2.1288084719997133,0.0004516081646205,2,1,100
CV2 | nets=1 | frames=100,2,128,7,0.0026848404175745,2.126832603616058,0.0004510306774724,2,1,100
CV2 | nets=1 | frames=100,2,128,8,0.0026926263190734,2.1310059296215185,0.0004519816394767,2,1,100
CV2 | nets=1 | frames=100,2,128,9,0.0028212924525387,2.1469794224789367,0.0004553310052127,2,1,100
CV2 | nets=1 | frames=100,2,128,10,0.0028794374733339,2.1332049098322168,0.0004523406949759,2,1,100
CV2 | nets=1 | frames=100,2,128,11,0.0026587924322274,2.127123574384954,0.0004511377595839,2,1,100
CV2 | nets=1 | frames=100,2,128,12,0.0025727126104846,2.1384718943294136,0.000453548440202,2,1,100
CV2 | nets=1 | frames=100,2,128,13,0.0025533515206636,2.1232457210076974,0.0004503325551062,2,1,100
CV2 | nets=1 | frames=100,2,128,14,0.0031602319952351,2.1349339859260943,0.0004528454375675,2,1,100
CV2 | nets=1 | frames=100,2,128,15,0.0027695181231068,2.145338455416495,0.0004549820922306,2,1,100
CV2 | nets=1 | frames=100,2,128,16,0.0031570633694242,2.12101556089148,0.000449776502007,2,1,100
CV2 | nets=1 | frames=100,2,128,17,0.0032234702409298,2.1307412941451185,0.0004519757459642,2,1,100
CV2 | nets=2 | frames=2,2,128,1,0.7760188579559326,403.2502685053349,0.5277515302306274,2,2,2
CV2 | nets=2 | frames=2,2,128,2,0.7185081243515015,193.54854519739743,0.2515498992662178,2,2,2
CV2 | nets=2 | frames=2,2,128,3,0.666765570640564,89.83484520256519,0.1072022203032975,2,2,2
CV2 | nets=2 | frames=2,2,128,4,0.6203247308731079,89.66252611207962,0.0912905171983293,2,2,2
CV2 | nets=2 | frames=2,2,128,5,0.5788429975509644,183.97709181165692,0.1897926346766762,2,2,2
CV2 | nets=2 | frames=2,2,128,6,0.5420616865158081,357.81128095817564,0.3789224929637275,2,2,2
CV2 | nets=2 | frames=2,2,128,7,0.5097944140434265,593.537523244381,0.6367041750759818,2,2,2
CV2 | nets=2 | frames=2,2,128,8,0.481904923915863,877.6572868499755,0.9472925991211086,2,2,2
CV2 | nets=2 | frames=2,2,128,9,0.4582100510597229,1194.780870270729,1.2921263594031334,2,2,2
CV2 | nets=2 | frames=2,2,128,10,0.4383948147296905,1531.1731969566345,1.6551206797584892,2,2,2
CV2 | nets=2 | frames=2,2,128,11,0.4219125509262085,1871.714943664551,2.018899517172948,2,2,2
CV2 | nets=2 | frames=2,2,128,12,0.4079364538192749,2201.478057121277,2.3663128878716377,2,2,2
CV2 | nets=2 | frames=2,2,128,13,0.3954087495803833,2508.483957393646,2.6845987142287195,2,2,2
CV2 | nets=2 | frames=2,2,128,14,0.3831764161586761,2779.2078347644806,2.959760468624532,2,2,2
CV2 | nets=2 | frames=2,2,128,15,0.3701687157154083,3000.243076786041,3.178348266124725,2,2,2
CV2 | nets=2 | frames=2,2,128,16,0.3556315004825592,3160.215073627472,3.329563667457551,2,2,2
CV2 | nets=2 | frames=2,2,128,17,0.3391792476177215,3253.36736800003,3.409221262458712,2,2,2
CV2 | nets=2 | frames=2,2,128,18,0.3208092451095581,3278.8998208465578,3.418276687525213,2,2,2
CV2 | nets=2 | frames=2,2,128,19,0.300807237625122,3238.2705826034544,3.359892724715173,2,2,2
CV2 | nets=2 | frames=5,2,128,1,0.9933917820453644,4453.350041280806,4.683588242698519,2,2,5
CV2 | nets=2 | frames=5,2,128,2,1.0693819522857666,5335.743155786156,5.548687351708301,2,2,5
CV2 | nets=2 | frames=5,2,128,3,0.6588024795055389,5425.646210049748,5.601518858183233,2,2,5
CV2 | nets=2 | frames=5,2,128,4,0.8731258809566498,5897.527050749898,6.047600695951259,2,2,5
CV2 | nets=2 | frames=5,2,128,5,1.277304232120514,6425.256833314061,6.573348956436966,2,2,5
CV2 | nets=2 | frames=5,2,128,6,1.0169032216072085,6844.177272515059,6.996558108167374,2,2,5
CV2 | nets=2 | frames=5,2,128,7,0.7052236199378967,7061.93988645041,7.216009960188879,2,2,5
CV2 | nets=2 | frames=5,2,128,8,0.9265358746051788,7567.461235226393,7.735004125738516,2,2,5
CV2 | nets=2 | frames=5,2,128,9,0.81959068775177,8165.077744274377,8.346231500708381,2,2,5
CV2 | nets=2 | frames=5,2,128,10,0.7010868191719055,8764.781392900824,8.958575329825514,2,2,5
CV2 | nets=2 | frames=5,2,128,11,0.9443192780017852,9521.208389419198,9.739617326225504,2,2,5
CV2 | nets=2 | frames=5,2,128,12,0.7438363134860992,10115.193537655472,10.359832412278164,2,2,5
CV2 | nets=2 | frames=5,2,128,13,0.976506531238556,10798.215262162566,11.079385477683507,2,2,5
CV2 | nets=2 | frames=5,2,128,14,0.5659345239400864,11261.355255312204,11.584343947660644,2,2,5
CV2 | nets=2 | frames=5,2,128,15,0.695663720369339,11883.1704702816,12.258354402136058,2,2,5
CV2 | nets=2 | frames=5,2,128,16,0.6819569021463394,12530.452170795204,12.949596354618436,2,2,5
CV2 | nets=2 | frames=10,2,128,1,0.8884325623512268,143.89555305075646,0.8095051828708966,2,2,10
CV2 | nets=2 | frames=10,2,128,2,1.0175652305285137,147.95461115145685,0.8367305729836225,2,2,10
CV2 | nets=2 | frames=10,2,128,3,0.7343358894189199,153.18594057488443,0.8741216379888356,2,2,10
CV2 | nets=2 | frames=10,2,128,4,0.8753875494003296,160.6991659770012,0.9218083440596238,2,2,10
CV2 | nets=2 | frames=10,2,128,5,0.8997679551442465,169.28555409407616,0.9736498921401798,2,2,10
CV2 | nets=2 | frames=10,2,128,6,0.9061289032300314,176.82898751223087,1.0176705607771874,2,2,10
CV2 | nets=2 | frames=10,2,128,7,0.8103453318277994,183.23596390008927,1.0519223936554043,2,2,10
CV2 | nets=2 | frames=10,2,128,8,0.6385329763094584,187.95095286142825,1.0755847355062145,2,2,10
CV2 | nets=2 | frames=10,2,128,9,0.7933926284313202,193.4909869879484,1.1052573863798751,2,2,10
CV2 | nets=2 | frames=10,2,128,10,0.5967764556407928,198.1638804343939,1.13045919200778,2,2,10
CV2 | nets=2 | frames=10,2,128,11,0.6785213450590769,202.40173998308185,1.1535166430668906,2,2,10
CV2 | nets=2 | frames=10,2,128,12,0.6123272379239401,206.5213932324648,1.1761180488029497,2,2,10
CV2 | nets=2 | frames=10,2,128,13,0.6972442468007406,209.00079327344892,1.1889717235644348,2,2,10
CV2 | nets=2 | frames=10,2,128,14,0.587426761786143,211.5033722282648,1.2030144081814214,2,2,10
CV2 | nets=2 | frames=10,2,128,15,0.6666049162546793,215.0121324135065,1.2246405100128614,2,2,10
CV2 | nets=2 | frames=10,2,128,16,0.5377428332964579,219.18905214858052,1.2515919536622242,2,2,10
CV2 | nets=2 | frames=25,2,128,1,0.734707168170384,12.87512931391783,0.008770106635171,2,2,25
CV2 | nets=2 | frames=25,2,128,2,0.3140373889889036,9.180744776159523,0.0063615203316148,2,2,25
CV2 | nets=2 | frames=25,2,128,3,0.1103094714427632,6.9239621743299065,0.0048889444166161,2,2,25
CV2 | nets=2 | frames=25,2,128,4,0.0514126837785754,5.884406532110647,0.0042279716591719,2,2,25
CV2 | nets=2 | frames=25,2,128,5,0.0270099746329443,5.651713307602331,0.004067605541797,2,2,25
CV2 | nets=2 | frames=25,2,128,6,0.018528732471168,5.576475872636773,0.003997654255671,2,2,25
CV2 | nets=2 | frames=25,2,128,7,0.0196922689543238,5.575914228386246,0.0039962478507341,2,2,25
CV2 | nets=2 | frames=25,2,128,8,0.0166397097886406,5.624798695739359,0.004041195063387,2,2,25
CV2 | nets=2 | frames=25,2,128,9,0.0133601341679293,5.69774826041516,0.004096702627728,2,2,25
CV2 | nets=2 | frames=25,2,128,10,0.0157468680658244,5.723411286266987,0.0041158104379549,2,2,25
CV2 | nets=2 | frames=25,2,128,11,0.0124099366200555,5.678531437547179,0.004083777806128,2,2,25
CV2 | nets=2 | frames=25,2,128,12,0.0149563266043384,5.6213974946157546,0.0040412524323908,2,2,25
CV2 | nets=2 | frames=25,2,128,13,0.0128570811648387,5.587930596703198,0.0040144987248197,2,2,25
CV2 | nets=2 | frames=25,2,128,14,0.0121852089068852,5.581833508906421,0.0040094529465648,2,2,25
CV2 | nets=2 | frames=25,2,128,15,0.0125643334280799,5.600937310779467,0.0040267160367925,2,2,25
CV2 | nets=2 | frames=25,2,128,16,0.011335859821494,5.619150101875887,0.0040390032327329,2,2,25
CV2 | nets=2 | frames=25,2,128,17,0.0125878049667725,5.617901025540196,0.0040368377105064,2,2,25
CV2 | nets=2 | frames=25,2,128,18,0.0113309680392766,5.601986093276181,0.0040244978588204,2,2,25
CV2 | nets=2 | frames=25,2,128,19,0.0111043395590968,5.584949035934173,0.0040122516171379,2,2,25
CV2 | nets=2 | frames=25,2,128,20,0.0156216552173386,5.597643062529154,0.0040211099774621,2,2,25
CV2 | nets=2 | frames=25,2,128,21,0.0108212338693972,5.586568318429869,0.0040121035880167,2,2,25
CV2 | nets=2 | frames=25,2,128,22,0.0142850790538692,5.55258559300797,0.003985422833522,2,2,25
CV2 | nets=2 | frames=25,2,128,23,0.0124418969914716,5.555008126873989,0.0039868669232612,2,2,25
CV2 | nets=2 | frames=25,2,128,24,0.0105813269702983,5.6078649470508095,0.0040282630581092,2,2,25
CV2 | nets=2 | frames=25,2,128,25,0.0332945639467133,5.627735481757205,0.0040425619849053,2,2,25
CV2 | nets=2 | frames=25,2,128,26,0.0118506467053001,5.655632520890794,0.0040631094382838,2,2,25
CV2 | nets=2 | frames=25,2,128,27,0.0109264938967368,5.6426264297743325,0.0040522425100184,2,2,25
CV2 | nets=2 | frames=25,2,128,28,0.0119501793940019,5.607322837003973,0.0040240464399814,2,2,25
CV2 | nets=2 | frames=25,2,128,29,0.0109928998031786,5.599983994428069,0.0040181171542842,2,2,25
CV2 | nets=2 | frames=25,2,128,30,0.0110775312340203,5.60484245609818,0.0040220466383627,2,2,25
CV2 | nets=2 | frames=25,2,128,31,0.0109197627420404,5.6331347355195325,0.0040431033674049,2,2,25
CV2 | nets=2 | frames=25,2,128,32,0.0105408540444581,5.633294135180302,0.0040419320175733,2,2,25
CV2 | nets=2 | frames=25,2,128,33,0.010711209125085,5.596002695469651,0.0040116402301255,2,2,25
CV2 | nets=2 | frames=25,2,128,34,0.0107330458538074,5.632241204037797,0.0040377483311249,2,2,25
CV2 | nets=2 | frames=25,2,128,35,0.0105450475738117,5.6483925718376415,0.0040482855997879,2,2,25
CV2 | nets=2 | frames=50,2,128,1,0.6777173956999412,2.024707779720426,0.0008220020063236,2,2,50
CV2 | nets=2 | frames=50,2,128,2,0.1093902248316086,1.2880500859431925,0.0005269014290749,2,2,50
CV2 | nets=2 | frames=50,2,128,3,0.0321479519256032,1.1621424269212874,0.0004904210239936,2,2,50
CV2 | nets=2 | frames=50,2,128,4,0.0130389941712984,1.2030267772627994,0.0005045475010933,2,2,50
CV2 | nets=2 | frames=50,2,128,5,0.0084998547771157,1.1871948884623125,0.0005000127392806,2,2,50
CV2 | nets=2 | frames=50,2,128,6,0.0066084090459088,1.1989063831408275,0.000504154950854,2,2,50
CV2 | nets=2 | frames=50,2,128,7,0.0065355555315573,1.187213669375633,0.0004989694703342,2,2,50
CV2 | nets=2 | frames=50,2,128,8,0.0073996226419694,1.1947070822173265,0.0005028310574861,2,2,50
CV2 | nets=2 | frames=50,2,128,9,0.0054437941602932,1.1880551882330328,0.0004990087979396,2,2,50
CV2 | nets=2 | frames=50,2,128,10,0.0056723050925379,1.185554169359617,0.0004986309178956,2,2,50
CV2 | nets=2 | frames=50,2,128,11,0.0097675552511086,1.179354763811687,0.0004959953792251,2,2,50
CV2 | nets=2 | frames=50,2,128,12,0.0059829676846185,1.189020382131217,0.0005008607811178,2,2,50
CV2 | nets=2 | frames=50,2,128,13,0.0062577431627477,1.181749576871982,0.0004968379409422,2,2,50
CV2 | nets=2 | frames=50,2,128,14,0.0049513602839747,1.189819382352289,0.0005006952123406,2,2,50
CV2 | nets=2 | frames=50,2,128,15,0.0052484836845766,1.1855505443695,0.0004990511555901,2,2,50
CV2 | nets=2 | frames=50,2,128,16,0.0049980551501413,1.1886730768750422,0.0005003372729358,2,2,50
CV2 | nets=2 | frames=50,2,128,17,0.0052185091122877,1.1868410063220654,0.0004996507301743,2,2,50
CV2 | nets=2 | frames=50,2,128,18,0.0101485437704608,1.1758078845115378,0.0004944572906244,2,2,50
CV2 | nets=2 | frames=100,2,128,1,0.4145839929580688,1.7941484828058163,0.000213580796463,2,2,100
CV2 | nets=2 | frames=100,2,128,2,0.0502827775105834,1.4139542603604496,0.0001566675186686,2,2,100
CV2 | nets=2 | frames=100,2,128,3,0.013156757839024,1.4601960964798928,0.0001585135112418,2,2,100
CV2 | nets=2 | frames=100,2,128,4,0.0091655502002686,1.4911965985894202,0.0001607432285936,2,2,100
CV2 | nets=2 | frames=100,2,128,5,0.0093333742977119,1.4534923981167376,0.0001603797061397,2,2,100
CV2 | nets=2 | frames=100,2,128,6,0.0089492426160722,1.4736792349889871,0.0001603586911251,2,2,100
CV2 | nets=2 | frames=100,2,128,7,0.0089858047140296,1.422426210016012,0.0001570462927006,2,2,100
CV2 | nets=2 | frames=100,2,128,8,0.0097575824777595,1.4037895570881664,0.0001548048159406,2,2,100
CV2 | nets=2 | frames=100,2,128,9,0.0105344778043217,1.419846312997863,0.0001572423309937,2,2,100
CV2 | nets=2 | frames=100,2,128,10,0.0089652337972074,1.4705224304832518,0.000160222357802,2,2,100
CV2 | nets=2 | frames=100,2,128,11,0.0091942308761645,1.3970411446914075,0.0001547871968557,2,2,100
CV2 | nets=2 | frames=100,2,128,12,0.009831152849365,1.4733612740822135,0.000159989420169,2,2,100
CV2 | nets=2 | frames=100,2,128,13,0.0096142779604997,1.4311023433431982,0.0001553803262077,2,2,100
CV2 | nets=2 | frames=100,2,128,14,0.0093056815839372,1.4265193898156283,0.0001563173529789,2,2,100
CV2 | nets=2 | frames=100,2,128,15,0.0092592056747525,1.4373617289271206,0.0001583441438904,2,2,100
CV2 | nets=2 | frames=100,2,128,16,0.0085689929896034,1.439944516398013,0.0001581775382571,2,2,100
CV2 | nets=2 | frames=100,2,128,17,0.0090862870693672,1.437251841591671,0.0001581901479739,2,2,100
CV2 | nets=2 | frames=100,2,128,18,0.0088490953645668,1.4391667421609162,0.0001566492092342,2,2,100
CV2 | nets=2 | frames=100,2,128,19,0.0086159113165922,1.4787575937993824,0.0001612879719923,2,2,100
CV2 | nets=2 | frames=100,2,128,20,0.0086584328208118,1.429545680494979,0.000157535547627,2,2,100
CV2 | nets=2 | frames=100,2,128,21,0.0100219861895311,1.4060022447183729,0.0001546030288209,2,2,100
CV2 | nets=2 | frames=100,2,128,22,0.0099289133865386,1.441432939529419,0.0001572426954862,2,2,100
CV2 | nets=2 | frames=100,2,128,23,0.0088120287377387,1.4858576342910528,0.0001603291744013,2,2,100
CV2 | nets=2 | frames=100,2,128,24,0.0094003617879934,1.4123052747175098,0.0001575119366448,2,2,100
CV2 | nets=2 | frames=100,2,128,25,0.0106309116864576,1.4210511864684523,0.0001563257367283,2,2,100
CV2 | nets=2 | frames=100,2,128,26,0.0098333215899765,1.4109313145726918,0.0001554252071355,2,2,100
CV2 | nets=4 | frames=2,2,128,1,0.8838942646980286,1259.2661718645693,9.375407424909064,2,4,2
CV2 | nets=4 | frames=2,2,128,2,0.8161520957946777,3630.147448712349,32.31119314440805,2,4,2
CV2 | nets=4 | frames=2,2,128,3,0.7561202049255371,8833.580083934545,77.18010689727403,2,4,2
CV2 | nets=4 | frames=2,2,128,4,0.7036305665969849,16924.47111449909,144.0357595386859,2,4,2
CV2 | nets=4 | frames=2,2,128,5,0.6588267683982849,28103.357773288964,234.15843473441527,2,4,2
CV2 | nets=4 | frames=2,2,128,6,0.6219452619552612,42790.804847655774,350.7600604433566,2,4,2
CV2 | nets=4 | frames=2,2,128,7,0.5932772159576416,61274.561139641286,493.7850759819411,2,4,2
CV2 | nets=4 | frames=2,2,128,8,0.573058009147644,82608.23210058689,654.6013821009993,2,4,2
CV2 | nets=4 | frames=2,2,128,9,0.5612521171569824,106961.87663258552,834.2524523231983,2,4,2
CV2 | nets=4 | frames=2,2,128,10,0.5572344064712524,132833.95266760635,1020.843348313898,2,4,2
CV2 | nets=4 | frames=2,2,128,11,0.5594732165336609,157935.65890955733,1198.3823453990815,2,4,2
CV2 | nets=4 | frames=2,2,128,12,0.5654670000076294,180490.3112682648,1355.573342401713,2,4,2
CV2 | nets=4 | frames=2,2,128,13,0.5722032189369202,199000.33186986545,1482.531514565468,2,4,2
CV2 | nets=4 | frames=2,2,128,14,0.577081561088562,212603.93989614103,1574.642749053657,2,4,2
CV2 | nets=4 | frames=2,2,128,15,0.5786532163619995,221133.8497756653,1632.217660586059,2,4,2
CV2 | nets=4 | frames=2,2,128,16,0.5767694115638733,225269.16186573796,1661.0384998719096,2,4,2
CV2 | nets=4 | frames=5,2,128,1,1.0956687927246094,425.9725783954858,5.588679706061492,2,4,5
CV2 | nets=4 | frames=5,2,128,2,0.8670680522918701,441.9086523597687,5.760049117482558,2,4,5
CV2 | nets=4 | frames=5,2,128,3,0.8040584524472555,452.3956805824842,5.837177218575584,2,4,5
CV2 | nets=4 | frames=5,2,128,4,0.8645216226577759,446.0743336417712,5.677366191157664,2,4,5
CV2 | nets=4 | frames=5,2,128,5,1.084304610888163,449.6972255581692,5.659425191826304,2,4,5
CV2 | nets=4 | frames=5,2,128,6,0.8370023270448049,449.744215664953,5.623610728912871,2,4,5
CV2 | nets=4 | frames=5,2,128,7,1.0013974905014038,446.2951603228748,5.583945154150599,2,4,5
CV2 | nets=4 | frames=5,2,128,8,1.0341116587320964,448.1643643914014,5.6222852685011455,2,4,5
CV2 | nets=4 | frames=5,2,128,9,1.1423610250155132,449.3077317594141,5.651489967141999,2,4,5
CV2 | nets=4 | frames=5,2,128,10,0.9509024620056152,451.3787141244263,5.689178413373418,2,4,5
CV2 | nets=4 | frames=5,2,128,11,1.0151706735293071,450.8058423172832,5.687636247299611,2,4,5
CV2 | nets=4 | frames=5,2,128,12,0.9159144361813863,453.0977355269045,5.71759994483157,2,4,5
CV2 | nets=4 | frames=5,2,128,13,1.0711427529652913,451.92868215340377,5.700244597015902,2,4,5
CV2 | nets=4 | frames=5,2,128,14,0.9944768746693928,451.7056460662484,5.694156673534773,2,4,5
CV2 | nets=4 | frames=5,2,128,15,0.8257233103116354,446.1648602079153,5.628721588725457,2,4,5
CV2 | nets=4 | frames=5,2,128,16,0.8183803955713908,438.3096627568007,5.5287355560204015,2,4,5
CV2 | nets=4 | frames=10,2,128,1,0.8759578764438629,49.17708928819746,0.2314661224466835,2,4,10
CV2 | nets=4 | frames=10,2,128,2,0.6135935425758362,46.6545050242357,0.2179277233169741,2,4,10
CV2 | nets=4 | frames=10,2,128,3,0.4976252198219299,45.701136478438976,0.2114255767934664,2,4,10
CV2 | nets=4 | frames=10,2,128,4,0.4613773465156555,46.03426994235814,0.2103353311094979,2,4,10
CV2 | nets=4 | frames=10,2,128,5,0.4563935220241547,45.73028533728421,0.2070687298001139,2,4,10
CV2 | nets=4 | frames=10,2,128,6,0.4493660688400268,44.36017642052472,0.2013080656535457,2,4,10
CV2 | nets=4 | frames=10,2,128,7,0.4393276661634445,43.01958017656952,0.1961579512808821,2,4,10
CV2 | nets=4 | frames=10,2,128,8,0.431916743516922,41.77384167510271,0.1907894783207448,2,4,10
CV2 | nets=4 | frames=10,2,128,9,0.426846569776535,41.07645547071099,0.1875205008084449,2,4,10
CV2 | nets=4 | frames=10,2,128,10,0.42904988899827,40.17921125997603,0.1828838850129395,2,4,10
CV2 | nets=4 | frames=10,2,128,11,0.4222270935773849,39.90652524611726,0.1809753931480372,2,4,10
CV2 | nets=4 | frames=10,2,128,12,0.4188967406749725,39.82109508998692,0.1801395834840659,2,4,10
CV2 | nets=4 | frames=10,2,128,13,0.4140120834112167,39.49494253948331,0.1784087533618585,2,4,10
CV2 | nets=4 | frames=10,2,128,14,0.4150221288204193,39.25368083514273,0.177274185100221,2,4,10
CV2 | nets=4 | frames=10,2,128,15,0.4116807371377945,38.60826965638995,0.1741640708682534,2,4,10
CV2 | nets=4 | frames=10,2,128,16,0.4156766474246979,38.24545767680556,0.1723354981346055,2,4,10
CV2 | nets=4 | frames=10,2,128,17,0.4087981522083282,37.83068194172159,0.1700127147901803,2,4,10
CV2 | nets=4 | frames=10,2,128,18,0.4079195871949196,37.38003255626559,0.1674177068843273,2,4,10
CV2 | nets=4 | frames=10,2,128,19,0.4058713883161545,36.87385356315225,0.1645933136567473,2,4,10
CV2 | nets=4 | frames=10,2,128,20,0.4096557289361954,36.48136586550624,0.1626282889254071,2,4,10
CV2 | nets=4 | frames=10,2,128,21,0.4024548649787903,36.57481467363984,0.1627533299250935,2,4,10
CV2 | nets=4 | frames=10,2,128,22,0.4051903843879699,36.7655994355604,0.1631113879789991,2,4,10
CV2 | nets=4 | frames=10,2,128,23,0.4050475418567657,36.58650851669908,0.1618357417190418,2,4,10
CV2 | nets=4 | frames=10,2,128,24,0.3983690142631531,36.37221106150001,0.1603273988823421,2,4,10
CV2 | nets=4 | frames=10,2,128,25,0.3988833397626877,35.891791685789826,0.1580523209637831,2,4,10
CV2 | nets=4 | frames=10,2,128,26,0.3969611167907715,35.57941229903325,0.1566351326949043,2,4,10
CV2 | nets=4 | frames=10,2,128,27,0.3931483775377273,35.72791435416159,0.1573187031953211,2,4,10
CV2 | nets=4 | frames=10,2,128,28,0.3930224716663361,35.45340523127653,0.1558420491444485,2,4,10
CV2 | nets=4 | frames=10,2,128,29,0.3913906663656235,35.34035966438241,0.1549433159009313,2,4,10
CV2 | nets=4 | frames=10,2,128,30,0.3966336965560913,35.59445806730539,0.1558377296875496,2,4,10
CV2 | nets=4 | frames=10,2,128,31,0.3907162606716156,35.170988486917686,0.1535200511823495,2,4,10
CV2 | nets=4 | frames=10,2,128,32,0.3957545816898346,35.240471966207025,0.1538104818169595,2,4,10
CV2 | nets=4 | frames=10,2,128,33,0.3870701134204865,35.56086093700677,0.1549379067402624,2,4,10
CV2 | nets=4 | frames=10,2,128,34,0.3822559684514999,35.37248026418313,0.1536886294453142,2,4,10
CV2 | nets=4 | frames=10,2,128,35,0.3813791543245315,35.288675197169184,0.1530104831915159,2,4,10
CV2 | nets=4 | frames=25,2,128,1,0.6023682837302868,4.472449785962701,0.0158078991888542,2,4,25
CV2 | nets=4 | frames=25,2,128,2,0.1397128583720097,5.383849929101765,0.0177136605256382,2,4,25
CV2 | nets=4 | frames=25,2,128,3,0.0841691597149922,4.567950798686594,0.0157962498591987,2,4,25
CV2 | nets=4 | frames=25,2,128,4,0.0713899899990512,4.672921490690671,0.0161507293191934,2,4,25
CV2 | nets=4 | frames=25,2,128,5,0.0678261068577949,4.62781483571697,0.015943874548433,2,4,25
CV2 | nets=4 | frames=25,2,128,6,0.0675365492128408,4.443639988400042,0.0154400473796249,2,4,25
CV2 | nets=4 | frames=25,2,128,7,0.0616466915951325,4.47377317341324,0.015475583680849,2,4,25
CV2 | nets=4 | frames=25,2,128,8,0.0648754124458019,4.419544351634104,0.0153035935788102,2,4,25
CV2 | nets=4 | frames=25,2,128,9,0.0645934844819399,4.378282880269922,0.0152135228024071,2,4,25
CV2 | nets=4 | frames=25,2,128,10,0.0665810592472553,4.35426278154878,0.0150966508328074,2,4,25
CV2 | nets=4 | frames=25,2,128,11,0.062816827916182,4.33369671072159,0.0150228348368473,2,4,25
CV2 | nets=4 | frames=25,2,128,12,0.0616388249282653,4.357717123715207,0.0150842417455169,2,4,25
CV2 | nets=4 | frames=25,2,128,13,0.0691899438030444,4.313838972055353,0.0150074261776026,2,4,25
CV2 | nets=4 | frames=25,2,128,14,0.0646993053647188,4.427684162545018,0.0152413461797159,2,4,25
CV2 | nets=4 | frames=25,2,128,15,0.0597063387529208,4.335887597202324,0.0149756306472227,2,4,25
CV2 | nets=4 | frames=25,2,128,16,0.0629757865546987,4.355768522383645,0.0150885153913113,2,4,25
CV2 | nets=4 | frames=25,2,128,17,0.0601204458910685,4.348365926267579,0.0149810354688597,2,4,25
CV2 | nets=4 | frames=25,2,128,18,0.063626133192044,4.366472593398067,0.0150799248544453,2,4,25
CV2 | nets=4 | frames=25,2,128,19,0.063258981403823,4.395127406803892,0.0151347802178606,2,4,25
CV2 | nets=4 | frames=25,2,128,20,0.061614812996525,4.33736591682001,0.0149700955138005,2,4,25
CV2 | nets=4 | frames=25,2,128,21,0.0655337420220558,4.39572468579188,0.0150574337761499,2,4,25
CV2 | nets=4 | frames=25,2,128,22,0.0597772234334395,4.373544934110716,0.015107655466425,2,4,25
CV2 | nets=4 | frames=25,2,128,23,0.0623101453081919,4.389758185826242,0.0151428468121389,2,4,25
CV2 | nets=4 | frames=25,2,128,24,0.0624676094605372,4.410582543101802,0.0151808137771739,2,4,25
CV2 | nets=4 | frames=25,2,128,25,0.0592784836458472,4.42517383320909,0.0151842504509004,2,4,25
CV2 | nets=4 | frames=25,2,128,26,0.0591586948587344,4.381704363715602,0.0150760869446146,2,4,25
CV2 | nets=4 | frames=25,2,128,27,0.0618306468599117,4.512835707787424,0.0154804543876443,2,4,25
CV2 | nets=4 | frames=25,2,128,28,0.0583792032244113,4.481525214147754,0.0153239899377986,2,4,25
CV2 | nets=4 | frames=50,2,128,1,0.6566214323043823,6.113826602257788,0.0071802888641213,2,4,50
CV2 | nets=4 | frames=50,2,128,2,0.4541356286406517,6.456813378276303,0.0075011085160613,2,4,50
CV2 | nets=4 | frames=50,2,128,3,0.4450585556030273,5.414984739091247,0.0063295563979736,2,4,50
CV2 | nets=4 | frames=50,2,128,4,0.4436370086669922,5.468821212203707,0.0063485547805485,2,4,50
CV2 | nets=4 | frames=50,2,128,5,0.4414798533916473,5.333775479241958,0.006216050348669,2,4,50
CV2 | nets=4 | frames=50,2,128,6,0.4382714426517486,6.306522696016822,0.0073149789192086,2,4,50
CV2 | nets=4 | frames=50,2,128,7,0.4359385979175567,6.000321220231243,0.006996027372701,2,4,50
CV2 | nets=4 | frames=50,2,128,8,0.4346982407569885,6.607471966281068,0.0076539128021615,2,4,50
CV2 | nets=4 | frames=50,2,128,9,0.4300723052024841,7.1754463517428375,0.0083341222542319,2,4,50
CV2 | nets=4 | frames=50,2,128,10,0.4440275835990905,7.035884749877965,0.0080594874538924,2,4,50
CV2 | nets=4 | frames=50,2,128,11,0.4272268325090408,6.116595659755171,0.0070629994371574,2,4,50
CV2 | nets=4 | frames=50,2,128,12,0.4249533784389496,6.888828833309002,0.0077960937510797,2,4,50
CV2 | nets=4 | frames=50,2,128,13,0.4224038767814636,6.666378473125864,0.0075744020890547,2,4,50
CV2 | nets=4 | frames=50,2,128,14,0.4362618815898895,7.36103175374493,0.0083114222164695,2,4,50
CV2 | nets=4 | frames=50,2,128,15,0.420313152372837,6.449254503801465,0.0072726311965197,2,4,50
CV2 | nets=4 | frames=50,2,128,16,0.4169364923238754,7.06943845959939,0.0076268879808067,2,4,50
CV2 | nets=4 | frames=50,2,128,17,0.4202254736423492,8.469324471673929,0.0091137696387013,2,4,50
CV2 | nets=4 | frames=50,2,128,18,0.4075457400083542,7.1674386099986735,0.0077418369726783,2,4,50
CV2 | nets=4 | frames=50,2,128,19,0.3979237502813339,8.316130641563795,0.0094332275745437,2,4,50
CV2 | nets=4 | frames=50,2,128,20,0.3854761689901352,8.653779208805412,0.0098184373801232,2,4,50
CV2 | nets=4 | frames=100,2,128,1,0.2433232593070715,0.7245411037567537,0.0016352181817751,2,4,100
CV2 | nets=4 | frames=100,2,128,2,0.0520149654708802,1.0123328925198876,0.0022877120276834,2,4,100
CV2 | nets=4 | frames=100,2,128,3,0.0388066934235394,1.0902978927677032,0.0024482594261035,2,4,100
CV2 | nets=4 | frames=100,2,128,4,0.0285146106779575,1.1087576754963957,0.0024865870707944,2,4,100
CV2 | nets=4 | frames=100,2,128,5,0.0238335290271788,1.1206075300008524,0.0025120389770559,2,4,100
CV2 | nets=4 | frames=100,2,128,6,0.0231928355433046,1.2735812239367514,0.0028493034063867,2,4,100
CV2 | nets=4 | frames=100,2,128,7,0.0216512404661625,1.2051623384943233,0.0026921371853768,2,4,100
CV2 | nets=4 | frames=100,2,128,8,0.019295189352706,1.147765298367478,0.0025712855644342,2,4,100
CV2 | nets=4 | frames=100,2,128,9,0.0188752498431131,1.1683995678478387,0.002607312816186,2,4,100
CV2 | nets=4 | frames=100,2,128,10,0.0170604544319212,1.0365465588904916,0.002309104569325,2,4,100
CV2 | nets=4 | frames=100,2,128,11,0.0145383214391767,1.0000697282832116,0.002218197585822,2,4,100
CV2 | nets=4 | frames=100,2,128,12,0.0113258445356041,0.979423583837226,0.0021720289437107,2,4,100
CV2 | nets=4 | frames=100,2,128,13,0.0112706910190172,1.0639722903412767,0.0023479478346243,2,4,100
CV2 | nets=4 | frames=100,2,128,14,0.0070465469779446,1.0206970360206324,0.0022673665179257,2,4,100
CV2 | nets=4 | frames=100,2,128,15,0.0055566001264378,1.0249432390304285,0.002277594062225,2,4,100
CV2 | nets=4 | frames=100,2,128,16,0.0042064801394008,1.022390931841917,0.0022686316095787,2,4,100
CV2 | nets=8 | frames=2,2,128,1,0.9439411163330078,4263.571222710133,29.261680098276585,2,8,2
CV2 | nets=8 | frames=2,2,128,2,0.8391571044921875,11024.026307638169,75.84550933508389,2,8,2
CV2 | nets=8 | frames=2,2,128,3,0.7898243069648743,22656.39245695496,157.6227906000316,2,8,2
CV2 | nets=8 | frames=2,2,128,4,0.7457524836063385,36758.96691213989,258.1086801046431,2,8,2
CV2 | nets=8 | frames=2,2,128,5,0.7256128787994385,56606.894806461336,399.3723323105872,2,8,2
CV2 | nets=8 | frames=2,2,128,6,0.7073390185832977,74051.49357025146,523.5932760552167,2,8,2
CV2 | nets=8 | frames=2,2,128,7,0.7130252718925476,95916.73166627502,678.8412339580655,2,8,2
CV2 | nets=8 | frames=2,2,128,8,0.703983873128891,114756.7001871338,812.4860164801478,2,8,2
CV2 | nets=8 | frames=2,2,128,9,0.6942591369152069,131131.18190338134,928.5675578061342,2,8,2
CV2 | nets=8 | frames=2,2,128,10,0.6843137145042419,151131.70240058898,1070.4735345227718,2,8,2
CV2 | nets=8 | frames=2,2,128,11,0.6745830774307251,170664.79380897523,1209.9171434146165,2,8,2
CV2 | nets=8 | frames=2,2,128,12,0.6565787494182587,189623.88111817933,1345.3880185847283,2,8,2
CV2 | nets=8 | frames=2,2,128,13,0.6447954773902893,211780.9464385376,1503.3844159603118,2,8,2
CV2 | nets=8 | frames=2,2,128,14,0.6336332559585571,231355.0796681824,1643.4021195626258,2,8,2
CV2 | nets=8 | frames=2,2,128,15,0.6187509149312973,255269.6904204712,1813.5288431341648,2,8,2
CV2 | nets=8 | frames=2,2,128,16,0.6126009821891785,276962.6467082214,1968.5610770361425,2,8,2
CV2 | nets=8 | frames=5,2,128,1,0.8697222232818603,165.64640666648,0.4436398981696111,2,8,5
CV2 | nets=8 | frames=5,2,128,2,0.7283330202102661,374.92591084373,0.991835664841812,2,8,5
CV2 | nets=8 | frames=5,2,128,3,0.6970788359642028,1248.6817492767573,3.31960171581991,2,8,5
CV2 | nets=8 | frames=5,2,128,4,0.6929872274398804,1905.717903074503,5.07682934961468,2,8,5
CV2 | nets=8 | frames=5,2,128,5,0.6827263474464417,1818.212383754253,4.84192783904355,2,8,5
CV2 | nets=8 | frames=5,2,128,6,0.677015221118927,1901.4780172524447,5.06797584334435,2,8,5
CV2 | nets=8 | frames=5,2,128,7,0.6719550371170044,2276.348798395872,6.070082043241709,2,8,5
CV2 | nets=8 | frames=5,2,128,8,0.6731608867645263,2715.792853122711,7.236751421811991,2,8,5
CV2 | nets=8 | frames=5,2,128,9,0.6712459325790405,3686.769298573017,9.83073648031801,2,8,5
CV2 | nets=8 | frames=5,2,128,10,0.6687006711959839,3802.154152953863,10.137439663621596,2,8,5
CV2 | nets=8 | frames=5,2,128,11,0.6696393966674805,4472.606845733642,11.925097279534675,2,8,5
CV2 | nets=8 | frames=5,2,128,12,0.6685969769954682,3988.347124994517,10.640404988642782,2,8,5
CV2 | nets=8 | frames=5,2,128,13,0.6654147148132324,5070.304458467484,13.523936398006043,2,8,5
CV2 | nets=8 | frames=5,2,128,14,0.660703432559967,5441.1689141364095,14.51244880156964,2,8,5
CV2 | nets=8 | frames=5,2,128,15,0.6648936033248901,6194.559691044331,16.518153138209133,2,8,5
CV2 | nets=8 | frames=5,2,128,16,0.66814683675766,6269.2679354558,16.720212290764785,2,8,5
CV2 | nets=8 | frames=10,2,128,1,0.6643465965986252,162.7165064295139,1.7717007835143013,2,8,10
CV2 | nets=8 | frames=10,2,128,2,0.2552330955862999,220.8411001445949,2.4026732394925783,2,8,10
CV2 | nets=8 | frames=10,2,128,3,0.1940950661897659,222.2042071506679,2.4062082795666067,2,8,10
CV2 | nets=8 | frames=10,2,128,4,0.1608647957444191,212.7448296209015,2.2894778046379214,2,8,10
CV2 | nets=8 | frames=10,2,128,5,0.1519645493477583,197.4412333471552,2.1438699442562648,2,8,10
CV2 | nets=8 | frames=10,2,128,6,0.1474407657980919,197.35334392757716,2.144282743069227,2,8,10
CV2 | nets=8 | frames=10,2,128,7,0.1386412415653467,198.59571975521743,2.1533067202795064,2,8,10
CV2 | nets=8 | frames=10,2,128,8,0.1378024742007255,199.62924554549903,2.166232087321463,2,8,10
CV2 | nets=8 | frames=10,2,128,9,0.1377575047314167,199.319832683906,2.165263216490158,2,8,10
CV2 | nets=8 | frames=10,2,128,10,0.1344404555857181,189.8763266735673,2.058505330451648,2,8,10
CV2 | nets=8 | frames=10,2,128,11,0.1309287324547767,180.41752224186064,1.9559712861850855,2,8,10
CV2 | nets=8 | frames=10,2,128,12,0.133194937556982,180.01711801925302,1.949594608572661,2,8,10
CV2 | nets=8 | frames=10,2,128,13,0.12797357365489,178.10646524569393,1.9282453767504777,2,8,10
CV2 | nets=8 | frames=10,2,128,14,0.1269994616508483,173.2978453924209,1.875094726212672,2,8,10
CV2 | nets=8 | frames=10,2,128,15,0.1337766028940677,172.64574546124786,1.8709511135629144,2,8,10
CV2 | nets=8 | frames=10,2,128,16,0.1288672283291816,170.71518109206855,1.846678140477976,2,8,10
CV2 | nets=8 | frames=25,2,128,1,0.4659166297316551,42.369145898900925,0.0637284839407984,2,8,25
CV2 | nets=8 | frames=25,2,128,2,0.1598781406879425,38.45285493507236,0.0582765106030856,2,8,25
CV2 | nets=8 | frames=25,2,128,3,0.1279593214392662,39.116405430153016,0.059476277997106,2,8,25
CV2 | nets=8 | frames=25,2,128,4,0.1287844441831112,37.22125554063916,0.0566558570318447,2,8,25
CV2 | nets=8 | frames=25,2,128,5,0.1175853051245212,36.05900452128053,0.0554449617222853,2,8,25
CV2 | nets=8 | frames=25,2,128,6,0.1184010159969329,36.0092556206584,0.0547147707843687,2,8,25
CV2 | nets=8 | frames=25,2,128,7,0.1182376138865947,35.06386517611146,0.0536342308652601,2,8,25
CV2 | nets=8 | frames=25,2,128,8,0.1137530529499054,33.95812198464572,0.0521078938404971,2,8,25
CV2 | nets=8 | frames=25,2,128,9,0.1157148864865303,34.997066138893366,0.0536932492049818,2,8,25
CV2 | nets=8 | frames=25,2,128,10,0.1099437451362609,34.94393804290518,0.054129843432569,2,8,25
CV2 | nets=8 | frames=25,2,128,11,0.1160444046556949,33.30285926181078,0.0513056384219817,2,8,25
CV2 | nets=8 | frames=25,2,128,12,0.112329962849617,33.92553919816762,0.0523577002168167,2,8,25
CV2 | nets=8 | frames=25,2,128,13,0.1102690729498863,34.28072876729071,0.0532176345135631,2,8,25
CV2 | nets=8 | frames=25,2,128,14,0.1075616154074668,34.16402054238052,0.053259310318104,2,8,25
CV2 | nets=8 | frames=25,2,128,15,0.1093681769073009,33.40433713219594,0.0518702319064759,2,8,25
CV2 | nets=8 | frames=25,2,128,16,0.1055749030411243,35.046189000613055,0.0546678209146584,2,8,25
CV2 | nets=8 | frames=25,2,128,17,0.1085775433480739,35.109988243937494,0.0547478892574217,2,8,25
CV2 | nets=8 | frames=25,2,128,18,0.1060581136494875,34.01711864431389,0.0529039864977421,2,8,25
CV2 | nets=8 | frames=25,2,128,19,0.1065915665030479,33.43427376335859,0.0521828103894622,2,8,25
CV2 | nets=8 | frames=25,2,128,20,0.1017681840062141,34.37134876274504,0.0537651354570643,2,8,25
CV2 | nets=8 | frames=25,2,128,21,0.102336635813117,33.98663657585904,0.0533740477391911,2,8,25
CV2 | nets=8 | frames=25,2,128,22,0.1054344391822815,33.501715331427754,0.052404055204628,2,8,25
CV2 | nets=8 | frames=25,2,128,23,0.107497936040163,33.53460368861631,0.0526635726725944,2,8,25
CV2 | nets=8 | frames=25,2,128,24,0.1110313123464584,33.79773530611955,0.0530214097849402,2,8,25
CV2 | nets=8 | frames=25,2,128,25,0.1040982326120138,34.487121012929826,0.0543789627403512,2,8,25
CV2 | nets=8 | frames=25,2,128,26,0.1037475976347923,33.647127025209365,0.0531384913762085,2,8,25
CV2 | nets=8 | frames=50,2,128,1,0.2978637812286615,2.278935831591487,0.0007268277895491,2,8,50
CV2 | nets=8 | frames=50,2,128,2,0.1585147133469581,2.1856944084987044,0.0006873697126939,2,8,50
CV2 | nets=8 | frames=50,2,128,3,0.1513608701527118,2.487731373364106,0.0008086168338876,2,8,50
CV2 | nets=8 | frames=50,2,128,4,0.1424251566827297,2.3408341218829154,0.0007478126537062,2,8,50
CV2 | nets=8 | frames=50,2,128,5,0.1389227348566055,2.1260486042872078,0.0006643451937452,2,8,50
CV2 | nets=8 | frames=50,2,128,6,0.1364361057430505,2.2235270753093066,0.0007071375889272,2,8,50
CV2 | nets=8 | frames=50,2,128,7,0.1256046523153781,2.241334968579933,0.000713783189893,2,8,50
CV2 | nets=8 | frames=50,2,128,8,0.1207537949830293,2.27155379111832,0.0007121704201153,2,8,50
CV2 | nets=8 | frames=50,2,128,9,0.1186428110301494,2.320951212884858,0.0007366210313782,2,8,50
CV2 | nets=8 | frames=50,2,128,10,0.1134357997775077,2.4303304595360533,0.000779701501287,2,8,50
CV2 | nets=8 | frames=50,2,128,11,0.1140392540767789,2.435823729361408,0.0007770203751942,2,8,50
CV2 | nets=8 | frames=50,2,128,12,0.1125214613229036,2.718485178358853,0.0008782387840049,2,8,50
CV2 | nets=8 | frames=50,2,128,13,0.1115548375993967,2.482502108208835,0.0007990558147321,2,8,50
CV2 | nets=8 | frames=50,2,128,14,0.1146773231774568,2.773370659984648,0.0008950991876722,2,8,50
CV2 | nets=8 | frames=50,2,128,15,0.1091876877844333,2.921764940158464,0.00095012888432,2,8,50
CV2 | nets=8 | frames=50,2,128,16,0.1124697314202785,2.4845287697631866,0.0007979881547526,2,8,50
CV2 | nets=8 | frames=50,2,128,17,0.1077845811098814,2.531353084908333,0.0008121936769393,2,8,50
CV2 | nets=8 | frames=50,2,128,18,0.1054791086912155,2.98114520277828,0.0009717571234486,2,8,50
CV2 | nets=8 | frames=50,2,128,19,0.1069015408307313,2.759671286284924,0.000883121560807,2,8,50
CV2 | nets=8 | frames=50,2,128,20,0.1037217982113361,2.9218994459845127,0.0009550112630417,2,8,50
CV2 | nets=8 | frames=100,2,128,1,0.3564730414748192,1.239180565670133,6.320296312924256e-05,2,8,100
CV2 | nets=8 | frames=100,2,128,2,0.272007062099874,1.5416639555618168,6.893304840684777e-05,2,8,100
CV2 | nets=8 | frames=100,2,128,3,0.25614611312747,1.8070528705287725,7.781580543917244e-05,2,8,100
CV2 | nets=8 | frames=100,2,128,4,0.2440659378096461,1.8435741011626088,7.539154040716766e-05,2,8,100
CV2 | nets=8 | frames=100,2,128,5,0.243483855202794,2.169012679915875,8.27930036082023e-05,2,8,100
CV2 | nets=8 | frames=100,2,128,6,0.2420184719003737,2.223664216102101,7.61716285261116e-05,2,8,100
CV2 | nets=8 | frames=100,2,128,7,0.2401252356544137,2.043071796084754,7.680169189333696e-05,2,8,100
CV2 | nets=8 | frames=100,2,128,8,0.2400846403837204,2.0506162143293767,7.539161924148629e-05,2,8,100
CV2 | nets=8 | frames=100,2,128,9,0.2342616897821426,2.434109593924135,8.479233653974916e-05,2,8,100
CV2 | nets=8 | frames=100,2,128,10,0.2353045257925987,2.255368621341884,7.432636576140794e-05,2,8,100
CV2 | nets=8 | frames=100,2,128,11,0.2354761738702654,2.810248915016651,8.697859439689637e-05,2,8,100
CV2 | nets=8 | frames=100,2,128,12,0.2325882502272725,2.9148574187085035,8.656918459109874e-05,2,8,100
CV2 | nets=8 | frames=100,2,128,13,0.2302545337006449,2.9700176782906054,8.63453896899955e-05,2,8,100
CV2 | nets=8 | frames=100,2,128,14,0.2298191769048571,3.1984638973921538,8.58918031324265e-05,2,8,100
CV2 | nets=8 | frames=100,2,128,15,0.2255962376669049,3.2126374242901803,8.659006267043878e-05,2,8,100
CV2 | nets=8 | frames=100,2,128,16,0.2295237222313881,3.253985510826111,8.513637104078953e-05,2,8,100
CV3 | nets=1 | frames=2,3,128,1,0.5270770788192749,2650.236130226373,5.253419199230848,3,1,2
CV3 | nets=1 | frames=2,3,128,2,0.4669981598854065,1626.2784591628313,3.066630881818244,3,1,2
CV3 | nets=1 | frames=2,3,128,3,0.4110547006130218,878.6070385113954,1.5667024965288583,3,1,2
CV3 | nets=1 | frames=2,3,128,4,0.3586885929107666,467.0838175059557,0.8677429533379618,3,1,2
CV3 | nets=1 | frames=2,3,128,5,0.3094534575939178,357.62522615098953,0.8897488856324925,3,1,2
CV3 | nets=1 | frames=2,3,128,6,0.2630533576011657,523.8902041556835,1.5724304635371082,3,1,2
CV3 | nets=1 | frames=2,3,128,7,0.2193655669689178,1002.4942506222724,3.0098192591257398,3,1,2
CV3 | nets=1 | frames=2,3,128,8,0.1784581989049911,1736.114124879837,5.0253454888938,3,1,2
CV3 | nets=1 | frames=2,3,128,9,0.1405707448720932,2747.417047449112,7.724180504542775,3,1,2
CV3 | nets=1 | frames=2,3,128,10,0.106107160449028,4071.216306180477,11.161948471754789,3,1,2
CV3 | nets=1 | frames=2,3,128,11,0.0756179317831993,5716.673095022678,15.340298381781206,3,1,2
CV3 | nets=1 | frames=2,3,128,12,0.0497512146830558,7702.299687007904,20.289813401661814,3,1,2
CV3 | nets=1 | frames=2,3,128,13,0.0291797872632741,9994.89915555954,25.879146920677275,3,1,2
CV3 | nets=1 | frames=2,3,128,14,0.0144879473373293,12577.298536706923,32.08431857998669,3,1,2
CV3 | nets=1 | frames=2,3,128,15,0.0059888437390327,15228.77913371086,38.35447922594845,3,1,2
CV3 | nets=1 | frames=2,3,128,16,0.0034977230243384,17807.79674248123,44.33178666429222,3,1,2
CV3 | nets=1 | frames=2,3,128,17,0.0061073224060237,20189.758869140624,49.660992880620064,3,1,2
CV3 | nets=1 | frames=2,3,128,18,0.0121326670050621,22226.8837411232,53.97965388894826,3,1,2
CV3 | nets=1 | frames=2,3,128,19,0.0193854682147502,23753.171493091584,56.95430298940092,3,1,2
CV3 | nets=1 | frames=2,3,128,20,0.0257391929626464,24672.566667583465,58.42657239614427,3,1,2
CV3 | nets=1 | frames=5,3,128,1,0.8521214127540588,4262.68535916099,8.505872871074477,3,1,5
CV3 | nets=1 | frames=5,3,128,2,0.7544994950294495,3399.0845397565363,6.8648658255123305,3,1,5
CV3 | nets=1 | frames=5,3,128,3,0.6643016338348389,2704.022269112408,5.520852489434881,3,1,5
CV3 | nets=1 | frames=5,3,128,4,0.5806443691253662,2143.60752978766,4.39787294024427,3,1,5
CV3 | nets=1 | frames=5,3,128,5,0.5030643939971924,1676.9551072555184,3.423394748159801,3,1,5
CV3 | nets=1 | frames=5,3,128,6,0.4313812851905823,1325.7746976704598,2.667286976704607,3,1,5
CV3 | nets=1 | frames=5,3,128,7,0.3657152354717254,1093.6441239283083,2.1375193564519286,3,1,5
CV3 | nets=1 | frames=5,3,128,8,0.3064888119697571,1001.4841038499476,1.8684680611630904,3,1,5
CV3 | nets=1 | frames=5,3,128,9,0.254406601190567,1050.1214448201656,1.852522332829656,3,1,5
CV3 | nets=1 | frames=5,3,128,10,0.2105823010206222,1229.0995366706252,2.084259789515287,3,1,5
CV3 | nets=1 | frames=5,3,128,11,0.1762468367815017,1533.7655984351038,2.539215297637973,3,1,5
CV3 | nets=1 | frames=5,3,128,12,0.1523344814777374,1916.0223781831264,3.1200726552263367,3,1,5
CV3 | nets=1 | frames=5,3,128,13,0.1389755308628082,2300.656853173375,3.704675374698593,3,1,5
CV3 | nets=1 | frames=5,3,128,14,0.1349421292543411,2595.493617218673,4.143945746559883,3,1,5
CV3 | nets=1 | frames=5,3,128,15,0.1374962925910949,2733.816146061182,4.332870634068735,3,1,5
CV3 | nets=1 | frames=5,3,128,16,0.1429798752069473,2699.0777531635763,4.250300371287274,3,1,5
CV3 | nets=1 | frames=5,3,128,17,0.1478248089551925,2519.0402604250908,3.946591242580908,3,1,5
CV3 | nets=1 | frames=5,3,128,18,0.1493889540433883,2245.3109660132527,3.5091033753838854,3,1,5
CV3 | nets=1 | frames=5,3,128,19,0.1463893353939056,1932.5190394574404,3.0313344669088256,3,1,5
CV3 | nets=1 | frames=5,3,128,20,0.1389202177524566,1630.5835004187825,2.5899343630196525,3,1,5
CV3 | nets=1 | frames=5,3,128,21,0.1281177550554275,1375.6063119594455,2.236407892282703,3,1,5
CV3 | nets=1 | frames=5,3,128,22,0.1156409159302711,1190.1281144161223,2.002694926321623,3,1,5
CV3 | nets=1 | frames=5,3,128,23,0.1031797677278518,1068.97855768466,1.881271251074213,3,1,5
CV3 | nets=1 | frames=10,3,128,1,0.8626480996608734,1881.3676160928007,0.5524888306994544,3,1,10
CV3 | nets=1 | frames=10,3,128,2,0.4897033162415027,1399.3785293122082,0.4034795652270313,3,1,10
CV3 | nets=1 | frames=10,3,128,3,0.4147864580154419,1023.998847330451,0.2953452328674029,3,1,10
CV3 | nets=1 | frames=10,3,128,4,0.3206199333071708,710.6325582027436,0.2046824086919659,3,1,10
CV3 | nets=1 | frames=10,3,128,5,0.7764567565172911,461.5811376204789,0.1316431081253031,3,1,10
CV3 | nets=1 | frames=10,3,128,6,0.6303732171654701,298.60396794205906,0.0841005551089729,3,1,10
CV3 | nets=1 | frames=10,3,128,7,0.5151127325370908,225.66866388574243,0.0617942372492398,3,1,10
CV3 | nets=1 | frames=10,3,128,8,0.4166315030306577,216.1300866380334,0.0570178383332095,3,1,10
CV3 | nets=1 | frames=10,3,128,9,0.1498289294540882,221.89059959983825,0.0572299462400478,3,1,10
CV3 | nets=1 | frames=10,3,128,10,0.1153180059045553,223.8310514243245,0.0590214432607608,3,1,10
CV3 | nets=1 | frames=10,3,128,11,0.3032108582556247,232.90664838030932,0.0653704906003113,3,1,10
CV3 | nets=1 | frames=10,3,128,12,0.1076681800186634,258.7817412198484,0.0771409387586027,3,1,10
CV3 | nets=1 | frames=10,3,128,13,0.1839552335441112,304.6184825236201,0.0935420770122,3,1,10
CV3 | nets=1 | frames=10,3,128,14,0.0954460073262453,362.3688192300796,0.1100693351414593,3,1,10
CV3 | nets=1 | frames=10,3,128,15,0.0787266986444592,422.42418922656776,0.1223171423563471,3,1,10
CV3 | nets=1 | frames=10,3,128,16,0.0872360430657863,475.33081450295447,0.1274255400471811,3,1,10
CV3 | nets=1 | frames=10,3,128,17,0.1146853044629097,523.0816523216366,0.1323023320872744,3,1,10
CV3 | nets=1 | frames=10,3,128,18,0.0782971633598208,549.170489076078,0.1352663273511789,3,1,10
CV3 | nets=1 | frames=10,3,128,19,0.1401316039264202,547.4107843101025,0.135078571520462,3,1,10
CV3 | nets=1 | frames=10,3,128,20,0.1486967727541923,541.5086308975518,0.1354558855397408,3,1,10
CV3 | nets=1 | frames=10,3,128,21,0.1932449303567409,535.0874189466834,0.1364981852647833,3,1,10
CV3 | nets=1 | frames=10,3,128,22,0.2058119233697652,523.9925280384422,0.135991171700487,3,1,10
CV3 | nets=1 | frames=10,3,128,23,0.0665157446637749,499.7035203714371,0.131151989758393,3,1,10
CV3 | nets=1 | frames=25,3,128,1,0.9296129420399666,84.76707550599053,0.001022765679949,3,1,25
CV3 | nets=1 | frames=25,3,128,2,0.4341350328177213,66.70511011706293,0.0008072252984335,3,1,25
CV3 | nets=1 | frames=25,3,128,3,0.232594174798578,52.84061821343005,0.0006446223789491,3,1,25
CV3 | nets=1 | frames=25,3,128,4,0.1521753030829131,45.37489594948292,0.0005582096996377,3,1,25
CV3 | nets=1 | frames=25,3,128,5,0.1580993486568331,44.47264953795075,0.0005538040806427,3,1,25
CV3 | nets=1 | frames=25,3,128,6,0.1514595947228372,46.98465560227633,0.0005907208641956,3,1,25
CV3 | nets=1 | frames=25,3,128,7,0.1455494799592998,50.248413307070734,0.0006321193084272,3,1,25
CV3 | nets=1 | frames=25,3,128,8,0.8955687517300248,52.36951660280675,0.0006517867404604,3,1,25
CV3 | nets=1 | frames=25,3,128,9,0.1350504215515684,52.53142655196786,0.000647063355488,3,1,25
CV3 | nets=1 | frames=25,3,128,10,0.138527718372643,51.22631504009291,0.0006289620224609,3,1,25
CV3 | nets=1 | frames=25,3,128,11,0.1326368338777683,48.42312729746104,0.0005969416295984,3,1,25
CV3 | nets=1 | frames=25,3,128,12,0.1343528315192088,47.14419128334522,0.0005826555288385,3,1,25
CV3 | nets=1 | frames=25,3,128,13,0.1332456538802944,47.90244392490387,0.0005898810797552,3,1,25
CV3 | nets=1 | frames=25,3,128,14,0.1302763478015549,49.1916362420246,0.0006019570055675,3,1,25
CV3 | nets=1 | frames=25,3,128,15,0.1393960476852953,50.12487829723023,0.000611300137927,3,1,25
CV3 | nets=1 | frames=25,3,128,16,0.1269667611395561,50.32408427385613,0.0006144006545779,3,1,25
CV3 | nets=1 | frames=25,3,128,17,0.135334562161006,49.82377942330763,0.0006088304220485,3,1,25
CV3 | nets=1 | frames=25,3,128,18,0.1341182114556431,48.61493319398165,0.0005930936910153,3,1,25
CV3 | nets=1 | frames=25,3,128,19,0.131293204249232,46.9997251521647,0.0005720852080767,3,1,25
CV3 | nets=1 | frames=25,3,128,20,0.1291300441371277,46.02867301678658,0.0005594571745969,3,1,25
CV3 | nets=1 | frames=50,3,128,1,0.7108372492449624,17.131530691415072,0.0017638560299292,3,1,50
CV3 | nets=1 | frames=50,3,128,2,0.2241537842367376,10.480687245186418,0.0010766618424174,3,1,50
CV3 | nets=1 | frames=50,3,128,3,0.0281020007761461,8.551296809017659,0.0009065694063041,3,1,50
CV3 | nets=1 | frames=50,3,128,4,0.0532282191727842,9.946273266276345,0.0010696063535026,3,1,50
CV3 | nets=1 | frames=50,3,128,5,0.012295420281589,11.226585156330838,0.0011887375975312,3,1,50
CV3 | nets=1 | frames=50,3,128,6,0.0182590613341225,10.819263083748051,0.0011327043453263,3,1,50
CV3 | nets=1 | frames=50,3,128,7,0.0140423008373805,10.092274614722468,0.0010686446530028,3,1,50
CV3 | nets=1 | frames=50,3,128,8,0.0097228059146021,10.732477675571571,0.0011446486666166,3,1,50
CV3 | nets=1 | frames=50,3,128,9,0.0290566098660097,10.804960603357758,0.0011397087528424,3,1,50
CV3 | nets=1 | frames=50,3,128,10,0.0085703310240725,10.593636992309593,0.0011134356557653,3,1,50
CV3 | nets=1 | frames=50,3,128,11,0.0085188204850835,10.596396762550343,0.0011224241939289,3,1,50
CV3 | nets=1 | frames=50,3,128,12,0.0080733827198855,10.554673399468884,0.0011165031322307,3,1,50
CV3 | nets=1 | frames=50,3,128,13,0.0088884888079649,10.474645081898665,0.0011035973533127,3,1,50
CV3 | nets=1 | frames=50,3,128,14,0.008138053451278,10.414562009355752,0.0011002954055023,3,1,50
CV3 | nets=1 | frames=50,3,128,15,0.0081147845901016,10.43949962433637,0.0011067835834862,3,1,50
CV3 | nets=1 | frames=50,3,128,16,0.0079676424325693,10.45082638719352,0.0011061307445039,3,1,50
CV3 | nets=1 | frames=50,3,128,17,0.0083424439799273,10.420292416530195,0.0011012126530948,3,1,50
CV3 | nets=1 | frames=50,3,128,18,0.0078621882494189,10.417361775259954,0.0011032426134218,3,1,50
CV3 | nets=1 | frames=100,3,128,1,0.6231691894622949,2.9891181611539794,0.0004585802262932,3,1,100
CV3 | nets=1 | frames=100,3,128,2,0.0390933664211143,2.507040410298854,0.000385384294423,3,1,100
CV3 | nets=1 | frames=100,3,128,3,0.0108566049378938,2.709153385142039,0.0004157313459165,3,1,100
CV3 | nets=1 | frames=100,3,128,4,0.0054388615983323,2.6219300024234107,0.0004029882428536,3,1,100
CV3 | nets=1 | frames=100,3,128,5,0.0041727965379742,2.6454051833832635,0.0004059902118513,3,1,100
CV3 | nets=1 | frames=100,3,128,6,0.0027680343079667,2.641801080961712,0.000405792705538,3,1,100
CV3 | nets=1 | frames=100,3,128,7,0.0025110444671904,2.6359811014308945,0.0004047506683327,3,1,100
CV3 | nets=1 | frames=100,3,128,8,0.0022658693980282,2.6379483754818502,0.0004050454023978,3,1,100
CV3 | nets=1 | frames=100,3,128,9,0.0025503625925361,2.639582976781181,0.0004053579825646,3,1,100
CV3 | nets=1 | frames=100,3,128,10,0.0023621785882054,2.63652825989938,0.0004048594872332,3,1,100
CV3 | nets=1 | frames=100,3,128,11,0.0025340934819094,2.656234728116542,0.0004078868952341,3,1,100
CV3 | nets=1 | frames=100,3,128,12,0.0028077845569126,2.640610355899902,0.0004055483665024,3,1,100
CV3 | nets=1 | frames=100,3,128,13,0.0029869443902638,2.6347816581247314,0.0004045864265623,3,1,100
CV3 | nets=1 | frames=100,3,128,14,0.0044699021186366,2.6493240799610795,0.0004067353132263,3,1,100
CV3 | nets=1 | frames=100,3,128,15,0.0048443779065005,2.6446201106706866,0.0004061380421715,3,1,100
CV3 | nets=1 | frames=100,3,128,16,0.0044860017391888,2.66822558664612,0.0004097274343913,3,1,100
CV3 | nets=1 | frames=100,3,128,17,0.0045419954202281,2.6751813303061938,0.0004109180252056,3,1,100
CV3 | nets=2 | frames=2,3,128,1,0.7686456441879272,1202.517923131168,0.5415270148152777,3,2,2
CV3 | nets=2 | frames=2,3,128,2,0.720693051815033,755.5297408333421,0.3481763762157207,3,2,2
CV3 | nets=2 | frames=2,3,128,3,0.6752883791923523,414.828061245501,0.1948001195709366,3,2,2
CV3 | nets=2 | frames=2,3,128,4,0.6318624019622803,202.66717964476348,0.0931383325852657,3,2,2
CV3 | nets=2 | frames=2,3,128,5,0.5899690389633179,145.09133360278605,0.0547681632750318,3,2,2
CV3 | nets=2 | frames=2,3,128,6,0.5492868423461914,254.79474555897716,0.0847389335771295,3,2,2
CV3 | nets=2 | frames=2,3,128,7,0.5096043348312378,548.1120076646805,0.1875077540074708,3,2,2
CV3 | nets=2 | frames=2,3,128,8,0.4708118438720703,1037.4756464695931,0.3665396121317754,3,2,2
CV3 | nets=2 | frames=2,3,128,9,0.432927131652832,1730.9367320876122,0.6228407071869587,3,2,2
CV3 | nets=2 | frames=2,3,128,10,0.3960494995117187,2642.664004262447,0.9622051240820436,3,2,2
CV3 | nets=2 | frames=2,3,128,11,0.3603561818599701,3803.067709267139,1.399403466745629,3,2,2
CV3 | nets=2 | frames=2,3,128,12,0.3260564506053924,5215.338909337043,1.934716890460113,3,2,2
CV3 | nets=2 | frames=2,3,128,13,0.2933907508850097,6878.739554271698,2.564338857996743,3,2,2
CV3 | nets=2 | frames=2,3,128,14,0.2625613212585449,8795.047723127365,3.286710908754263,3,2,2
CV3 | nets=2 | frames=2,3,128,15,0.2337342947721481,10898.496147510528,4.075284926247783,3,2,2
CV3 | nets=2 | frames=2,3,128,16,0.2070042788982391,13115.709480796811,4.901593035448342,3,2,2
CV3 | nets=2 | frames=2,3,128,17,0.1823692619800567,15363.933267856595,5.73363883591257,3,2,2
CV3 | nets=2 | frames=2,3,128,18,0.1597334742546081,17546.45835603714,6.53404262666963,3,2,2
CV3 | nets=2 | frames=2,3,128,19,0.1389186680316925,19561.548012161256,7.264195053599775,3,2,2
CV3 | nets=2 | frames=2,3,128,20,0.1197069138288497,21308.713283317567,7.886493099041283,3,2,2
CV3 | nets=2 | frames=5,3,128,1,0.8649213016033173,2296.5162654799224,1.044843621746273,3,2,5
CV3 | nets=2 | frames=5,3,128,2,0.8451634347438812,2015.9702292725144,0.9378752956789396,3,2,5
CV3 | nets=2 | frames=5,3,128,3,0.9592012166976928,1697.0959087824822,0.8003923174697557,3,2,5
CV3 | nets=2 | frames=5,3,128,4,0.931743025779724,1267.8304859696627,0.6018285811426686,3,2,5
CV3 | nets=2 | frames=5,3,128,5,0.6662710309028625,899.9613180336654,0.4276910457641206,3,2,5
CV3 | nets=2 | frames=5,3,128,6,0.7056306153535843,663.5606487443894,0.3155925533124973,3,2,5
CV3 | nets=2 | frames=5,3,128,7,0.8973632752895355,549.571214381367,0.262070559906424,3,2,5
CV3 | nets=2 | frames=5,3,128,8,0.8357204496860504,466.57164097842576,0.2248518803804909,3,2,5
CV3 | nets=2 | frames=5,3,128,9,0.891048938035965,414.5335473849177,0.2045386495968268,3,2,5
CV3 | nets=2 | frames=5,3,128,10,0.863193154335022,414.3915775542855,0.2113801936451927,3,2,5
CV3 | nets=2 | frames=5,3,128,11,0.7361060678958893,457.0814322671294,0.2380471047594328,3,2,5
CV3 | nets=2 | frames=5,3,128,12,0.74932461977005,479.5357172017693,0.2509950006100989,3,2,5
CV3 | nets=2 | frames=5,3,128,13,0.8094878792762756,507.18558410239217,0.2662665804561693,3,2,5
CV3 | nets=2 | frames=5,3,128,14,0.8652647733688354,510.9394840884208,0.268001451173739,3,2,5
CV3 | nets=2 | frames=5,3,128,15,0.7606306076049805,511.149883227706,0.2676518639889255,3,2,5
CV3 | nets=2 | frames=5,3,128,16,0.7831721007823944,494.3648062896132,0.2581692271520442,3,2,5
CV3 | nets=2 | frames=5,3,128,17,1.0768824219703674,505.14777381920817,0.2634900353076809,3,2,5
CV3 | nets=2 | frames=5,3,128,18,0.7426601052284241,465.7346436787844,0.242119674989779,3,2,5
CV3 | nets=2 | frames=5,3,128,19,0.8761219382286072,413.80689706295726,0.2138812927925028,3,2,5
CV3 | nets=2 | frames=5,3,128,20,0.9255425930023192,378.9975889489055,0.194171112043201,3,2,5
CV3 | nets=2 | frames=5,3,128,21,0.7247147560119629,377.03378634727,0.1908211073798302,3,2,5
CV3 | nets=2 | frames=5,3,128,22,0.8899631798267365,412.0326374800503,0.2060277717466087,3,2,5
CV3 | nets=2 | frames=5,3,128,23,0.8162344694137573,476.50794447910783,0.2363514171599817,3,2,5
CV3 | nets=2 | frames=5,3,128,24,0.8687248826026917,540.1528921937943,0.2665050205140724,3,2,5
CV3 | nets=2 | frames=5,3,128,25,0.5930069088935852,621.7998771715611,0.3053371365086859,3,2,5
CV3 | nets=2 | frames=5,3,128,26,0.8779897093772888,690.4552666409463,0.3376349363818844,3,2,5
CV3 | nets=2 | frames=5,3,128,27,0.9046225547790528,764.6086441601217,0.3726435001556237,3,2,5
CV3 | nets=2 | frames=5,3,128,28,0.8227964639663696,882.5535398309343,0.4291640173718915,3,2,5
CV3 | nets=2 | frames=5,3,128,29,1.0397274792194366,1041.7983147477917,0.5058685730143152,3,2,5
CV3 | nets=2 | frames=5,3,128,30,0.592514157295227,1086.7598475662137,0.5274227686801823,3,2,5
CV3 | nets=2 | frames=5,3,128,31,0.5788023173809052,1077.0551904057525,0.522743391107817,3,2,5
CV3 | nets=2 | frames=5,3,128,32,0.7832234799861908,1039.472005124487,0.504599959430523,3,2,5
CV3 | nets=2 | frames=5,3,128,33,0.7722627520561218,917.5037794731372,0.4456277295869422,3,2,5
CV3 | nets=2 | frames=5,3,128,34,0.8490646183490753,811.0157542757391,0.3942625446434322,3,2,5
CV3 | nets=2 | frames=5,3,128,35,0.6759353876113892,767.3021568079516,0.3734869041941201,3,2,5
CV3 | nets=2 | frames=10,3,128,1,0.9034539063771566,53.97323842584342,0.0848185289450339,3,2,10
CV3 | nets=2 | frames=10,3,128,2,0.9013473888238271,44.095675809815525,0.0689243548466765,3,2,10
CV3 | nets=2 | frames=10,3,128,3,0.7142439881960551,39.355733585089446,0.0613521214461652,3,2,10
CV3 | nets=2 | frames=10,3,128,4,0.7214126189549764,39.14097172093391,0.060931799808226,3,2,10
CV3 | nets=2 | frames=10,3,128,5,0.7162421941757202,40.66465704658628,0.063347371443815,3,2,10
CV3 | nets=2 | frames=10,3,128,6,0.7217747171719869,40.14567643475532,0.0625984000710013,3,2,10
CV3 | nets=2 | frames=10,3,128,7,0.6741893589496613,39.58460309024155,0.0617177779580233,3,2,10
CV3 | nets=2 | frames=10,3,128,8,0.7779248158137003,38.86708657434583,0.0604600729655067,3,2,10
CV3 | nets=2 | frames=10,3,128,9,0.7198047439257304,38.974584544509646,0.0605205466026091,3,2,10
CV3 | nets=2 | frames=10,3,128,10,0.6662851472695669,39.36229284010828,0.0610861323612043,3,2,10
CV3 | nets=2 | frames=10,3,128,11,0.7057931820551554,39.399009712785485,0.0612118085816619,3,2,10
CV3 | nets=2 | frames=10,3,128,12,0.6570154825846354,39.40683230987191,0.0612775658408645,3,2,10
CV3 | nets=2 | frames=10,3,128,13,0.6935246785481771,39.3671315574348,0.0612402430998045,3,2,10
CV3 | nets=2 | frames=10,3,128,14,0.7226318518320719,39.22960485559702,0.0610419412330375,3,2,10
CV3 | nets=2 | frames=10,3,128,15,0.6312358379364014,39.18130523091555,0.0609488870894128,3,2,10
CV3 | nets=2 | frames=10,3,128,16,0.6729558904965719,38.97636286520958,0.0606346885584061,3,2,10
CV3 | nets=2 | frames=10,3,128,17,0.6913816432158152,38.874309856146574,0.0604509726389369,3,2,10
CV3 | nets=2 | frames=10,3,128,18,0.6691199541091919,38.78127402704954,0.060298166378343,3,2,10
CV3 | nets=2 | frames=10,3,128,19,0.6865366895993551,38.74480713936686,0.0602465726261434,3,2,10
CV3 | nets=2 | frames=10,3,128,20,0.6864277919133505,38.725149343669415,0.0602053784412564,3,2,10
CV3 | nets=2 | frames=10,3,128,21,0.6913328170776367,38.73816921930016,0.0602312569369969,3,2,10
CV3 | nets=2 | frames=10,3,128,22,0.6288251280784607,38.726606256842615,0.0602049363813712,3,2,10
CV3 | nets=2 | frames=10,3,128,23,0.6889562606811523,38.8547441708073,0.0603665227057936,3,2,10
CV3 | nets=2 | frames=10,3,128,24,0.7380011975765228,38.92415163487196,0.0604745937963016,3,2,10
CV3 | nets=2 | frames=10,3,128,25,0.6320256888866425,39.01901461561769,0.0606234803146653,3,2,10
CV3 | nets=2 | frames=10,3,128,26,0.6766652862230936,39.12188350072503,0.0607770001175813,3,2,10
CV3 | nets=2 | frames=10,3,128,27,0.6649059653282166,39.257532975256446,0.0609782180894399,3,2,10
CV3 | nets=2 | frames=10,3,128,28,0.7117891709009806,39.24568990519643,0.0609691274400684,3,2,10
CV3 | nets=2 | frames=10,3,128,29,0.6163432598114014,39.11038516056538,0.0607725194514787,3,2,10
CV3 | nets=2 | frames=10,3,128,30,0.646619995435079,39.08831025987863,0.0607361980747373,3,2,10
CV3 | nets=2 | frames=10,3,128,31,0.7472719748814901,39.01394184964895,0.0606150141709513,3,2,10
CV3 | nets=2 | frames=10,3,128,32,0.6175617774327596,38.83751240345836,0.0603614596059196,3,2,10
CV3 | nets=2 | frames=10,3,128,33,0.6950794458389282,38.75072032961249,0.0602431126665324,3,2,10
CV3 | nets=2 | frames=10,3,128,34,0.676129937171936,38.72206266862154,0.0602164731325174,3,2,10
CV3 | nets=2 | frames=10,3,128,35,0.7122000455856323,38.87654797542096,0.0604669509953819,3,2,10
CV3 | nets=2 | frames=25,3,128,1,0.7841281465121678,29.45585256653279,0.071967446224793,3,2,25
CV3 | nets=2 | frames=25,3,128,2,0.4302538846220289,30.36017526884377,0.0742602844815555,3,2,25
CV3 | nets=2 | frames=25,3,128,3,0.1877524299280984,31.815746708784253,0.0776162199757309,3,2,25
CV3 | nets=2 | frames=25,3,128,4,0.1034766595278467,32.38355403995887,0.0788327777548402,3,2,25
CV3 | nets=2 | frames=25,3,128,5,0.0512191477630819,32.54447578895278,0.0791752166756396,3,2,25
CV3 | nets=2 | frames=25,3,128,6,0.0293010439657207,31.35961020034179,0.0765277046672417,3,2,25
CV3 | nets=2 | frames=25,3,128,7,0.0213300178792061,30.178601882416757,0.0738038691840047,3,2,25
CV3 | nets=2 | frames=25,3,128,8,0.0241088048954095,29.58050058978051,0.0722068818279331,3,2,25
CV3 | nets=2 | frames=25,3,128,9,0.020234681549482,29.917668601769957,0.0729151150316174,3,2,25
CV3 | nets=2 | frames=25,3,128,10,0.0170559872972912,29.87212696401775,0.0727258597332766,3,2,25
CV3 | nets=2 | frames=25,3,128,11,0.017701194588361,29.468823520304635,0.0717181529929803,3,2,25
CV3 | nets=2 | frames=25,3,128,12,0.0170670349616557,29.267518765160816,0.0712814528300659,3,2,25
CV3 | nets=2 | frames=25,3,128,13,0.0171824593562632,29.24179126813821,0.0711673242419892,3,2,25
CV3 | nets=2 | frames=25,3,128,14,0.0160427525406703,29.391288898833096,0.0714564978042617,3,2,25
CV3 | nets=2 | frames=25,3,128,15,0.0197215667410221,29.434244019575416,0.0715640271989686,3,2,25
CV3 | nets=2 | frames=25,3,128,16,0.018227372817429,29.64663944475725,0.0721558205390683,3,2,25
CV3 | nets=2 | frames=25,3,128,17,0.0163121521805546,29.18611024847254,0.0708936142729799,3,2,25
CV3 | nets=2 | frames=25,3,128,18,0.0176713561772235,28.9237235301733,0.070234223946114,3,2,25
CV3 | nets=2 | frames=25,3,128,19,0.0172982868721841,28.98120140130073,0.0704599710838592,3,2,25
CV3 | nets=2 | frames=25,3,128,20,0.0155463706718624,29.18930362795293,0.0709539949159298,3,2,25
CV3 | nets=2 | frames=25,3,128,21,0.0162698317851339,29.08585992095992,0.0706254984463448,3,2,25
CV3 | nets=2 | frames=25,3,128,22,0.0158947558208767,28.962704190108926,0.0703283581348077,3,2,25
CV3 | nets=2 | frames=25,3,128,23,0.0156033996692193,28.81701774543524,0.0699401288743029,3,2,25
CV3 | nets=2 | frames=25,3,128,24,0.0490556757348323,28.84770040051639,0.0700578076569363,3,2,25
CV3 | nets=2 | frames=25,3,128,25,0.0150387079920619,28.618169050624594,0.0693561922588123,3,2,25
CV3 | nets=2 | frames=25,3,128,26,0.0156399343541124,28.51075657138973,0.0691135106705623,3,2,25
CV3 | nets=2 | frames=25,3,128,27,0.0169707393007619,28.693151920553294,0.0696379982660946,3,2,25
CV3 | nets=2 | frames=25,3,128,28,0.0154494789977824,28.86158260513097,0.0700060390440485,3,2,25
CV3 | nets=2 | frames=25,3,128,29,0.0154470181504231,28.519021081011743,0.0690716604343251,3,2,25
CV3 | nets=2 | frames=25,3,128,30,0.015099487932665,28.477915878947822,0.0690477677835806,3,2,25
CV3 | nets=2 | frames=25,3,128,31,0.0166386400482484,28.25470760139823,0.0684491935224941,3,2,25
CV3 | nets=2 | frames=25,3,128,32,0.0145126876782991,28.49020402797498,0.0690939959890165,3,2,25
CV3 | nets=2 | frames=25,3,128,33,0.0149583817692473,28.50743943364732,0.0691249455602155,3,2,25
CV3 | nets=2 | frames=25,3,128,34,0.047806596025891,28.350977683961396,0.0686729593430209,3,2,25
CV3 | nets=2 | frames=25,3,128,35,0.0155537222329128,27.97367184957862,0.0677006653547723,3,2,25
CV3 | nets=2 | frames=50,3,128,1,0.6647429156761903,3.216259509131312,0.000691448249885,3,2,50
CV3 | nets=2 | frames=50,3,128,2,0.1677853155594605,2.829792911518365,0.0006102836214349,3,2,50
CV3 | nets=2 | frames=50,3,128,3,0.0479942003909785,2.89493377962336,0.0006356287406988,3,2,50
CV3 | nets=2 | frames=50,3,128,4,0.0164426431740419,2.596163896240294,0.0005728501013736,3,2,50
CV3 | nets=2 | frames=50,3,128,5,0.0170746294315904,2.5205577283166347,0.000556234055386,3,2,50
CV3 | nets=2 | frames=50,3,128,6,0.0103236282101044,2.5097828651256857,0.0005564570098772,3,2,50
CV3 | nets=2 | frames=50,3,128,7,0.0081740506396342,2.497930270139128,0.0005552136686983,3,2,50
CV3 | nets=2 | frames=50,3,128,8,0.0082177640288136,2.474274962518364,0.0005523092522453,3,2,50
CV3 | nets=2 | frames=50,3,128,9,0.0078696647229102,2.451974054981023,0.0005456779819796,3,2,50
CV3 | nets=2 | frames=50,3,128,10,0.0076884967991365,2.4384210334941745,0.0005435077079539,3,2,50
CV3 | nets=2 | frames=50,3,128,11,0.007526593206701,2.446932546183467,0.0005457347359661,3,2,50
CV3 | nets=2 | frames=50,3,128,12,0.0074685667283259,2.453212881200016,0.0005474059328171,3,2,50
CV3 | nets=2 | frames=50,3,128,13,0.0143748866886688,2.438924274329096,0.0005437445231318,3,2,50
CV3 | nets=2 | frames=50,3,128,14,0.0076225203855966,2.442786177413538,0.000544240937041,3,2,50
CV3 | nets=2 | frames=50,3,128,15,0.0078764012387882,2.458936918314546,0.0005491726319023,3,2,50
CV3 | nets=2 | frames=50,3,128,16,0.007869394764734,2.43763486237824,0.0005438986448971,3,2,50
CV3 | nets=2 | frames=50,3,128,17,0.0089596985579611,2.4394072443600745,0.0005432200870632,3,2,50
CV3 | nets=2 | frames=50,3,128,18,0.0087876728480645,2.427295701932162,0.0005407055713276,3,2,50
CV3 | nets=2 | frames=50,3,128,19,0.0079240505538809,2.4440313702225684,0.0005438520653076,3,2,50
CV3 | nets=2 | frames=50,3,128,20,0.0076761929219803,2.448405336368829,0.0005453510151232,3,2,50
CV3 | nets=2 | frames=50,3,128,21,0.0076647930053206,2.446165435234085,0.0005434144221708,3,2,50
CV3 | nets=2 | frames=50,3,128,22,0.0079946195764932,2.434725701481104,0.0005418137435503,3,2,50
CV3 | nets=2 | frames=50,3,128,23,0.0074042060049788,2.4191895610280336,0.0005365123423914,3,2,50
CV3 | nets=2 | frames=50,3,128,24,0.0075056403987288,2.425846844218672,0.0005390809599989,3,2,50
CV3 | nets=2 | frames=50,3,128,25,0.0075409455592027,2.422925976617262,0.0005382099232083,3,2,50
CV3 | nets=2 | frames=50,3,128,26,0.0074822180311177,2.4559657889250666,0.000545131342541,3,2,50
CV3 | nets=2 | frames=50,3,128,27,0.0078684132570812,2.4260046069202943,0.0005382919793282,3,2,50
CV3 | nets=2 | frames=50,3,128,28,0.0071487393568252,2.433218397852033,0.0005395065606927,3,2,50
CV3 | nets=2 | frames=50,3,128,29,0.0078741658653598,2.418256720480509,0.0005350727539569,3,2,50
CV3 | nets=2 | frames=50,3,128,30,0.0088460163835686,2.436951461147517,0.0005394551923197,3,2,50
CV3 | nets=2 | frames=50,3,128,31,0.0084358229785441,2.4150912905447184,0.0005340614794863,3,2,50
CV3 | nets=2 | frames=50,3,128,32,0.0131847496422079,2.417913762348704,0.0005342309462525,3,2,50
CV3 | nets=2 | frames=50,3,128,33,0.0082030296549559,2.4278593136919664,0.0005369929276324,3,2,50
CV3 | nets=2 | frames=50,3,128,34,0.010245116535001,2.4951105252727865,0.0005540958300298,3,2,50
CV3 | nets=2 | frames=50,3,128,35,0.008349327769023,2.407818300699815,0.0005300113073703,3,2,50
CV3 | nets=2 | frames=100,3,128,1,0.4554111558198929,1.518569105917588,0.0001395301241818,3,2,100
CV3 | nets=2 | frames=100,3,128,2,0.0621434781327843,1.1334767453297974,9.98534819168526e-05,3,2,100
CV3 | nets=2 | frames=100,3,128,3,0.0141376921348273,1.1689039430320265,0.0001002915701262,3,2,100
CV3 | nets=2 | frames=100,3,128,4,0.0094080662494525,1.1727547558806837,0.0001005587067093,3,2,100
CV3 | nets=2 | frames=100,3,128,5,0.0072565325303003,1.1744549341350794,0.0001017936110135,3,2,100
CV3 | nets=2 | frames=100,3,128,6,0.0074678142147604,1.1700036461129784,0.0001015806334903,3,2,100
CV3 | nets=2 | frames=100,3,128,7,0.008116751150228,1.167873200841248,0.0001020592623049,3,2,100
CV3 | nets=2 | frames=100,3,128,8,0.0068065578618552,1.1882473510950804,0.0001033281179707,3,2,100
CV3 | nets=2 | frames=100,3,128,9,0.0063379096996504,1.2120429355986415,0.0001037492723501,3,2,100
CV3 | nets=2 | frames=100,3,128,10,0.0079059439129196,1.1752934008166194,0.0001017898793584,3,2,100
CV3 | nets=2 | frames=100,3,128,11,0.0080105547173297,1.1652670019418,0.0001018521088631,3,2,100
CV3 | nets=2 | frames=100,3,128,12,0.0073393086809664,1.1962900550439954,0.0001026474888988,3,2,100
CV3 | nets=2 | frames=100,3,128,13,0.0070771133550442,1.1820469160676002,0.0001033586250168,3,2,100
CV3 | nets=2 | frames=100,3,128,14,0.0067489689425565,1.197873248524964,0.0001039214737286,3,2,100
CV3 | nets=2 | frames=100,3,128,15,0.0066708121122792,1.1885290382131934,0.0001030477906019,3,2,100
CV3 | nets=2 | frames=100,3,128,16,0.0075690737797413,1.171792549483478,0.0001023233707319,3,2,100
CV3 | nets=2 | frames=100,3,128,17,0.0064403570210561,1.2003910061009229,0.0001032638153101,3,2,100
CV3 | nets=4 | frames=2,3,128,1,0.9013711214065552,3952.862784359932,49.38791727152467,3,4,2
CV3 | nets=4 | frames=2,3,128,2,0.8435284495353699,3007.683738367796,57.28141666618362,3,4,2
CV3 | nets=4 | frames=2,3,128,3,0.7915873527526855,4792.30322980082,101.21227133327908,3,4,2
CV3 | nets=4 | frames=2,3,128,4,0.7449406981468201,8962.98754387951,176.5327424847558,3,4,2
CV3 | nets=4 | frames=2,3,128,5,0.7031208872795105,15517.09743239069,284.8615827568472,3,4,2
CV3 | nets=4 | frames=2,3,128,6,0.6658860445022583,24754.055975681305,434.8942608674466,3,4,2
CV3 | nets=4 | frames=2,3,128,7,0.6332241296768188,36642.93767615366,623.0300183855779,3,4,2
CV3 | nets=4 | frames=2,3,128,8,0.6053261756896973,50912.55391245317,841.1216535645705,3,4,2
CV3 | nets=4 | frames=2,3,128,9,0.5825214982032776,67788.32549503159,1099.397692105703,3,4,2
CV3 | nets=4 | frames=2,3,128,10,0.5651689767837524,87370.81256265116,1400.6672765551957,3,4,2
CV3 | nets=4 | frames=2,3,128,11,0.5534917712211609,108812.4531056261,1721.7303635586948,3,4,2
CV3 | nets=4 | frames=2,3,128,12,0.5473735332489014,131976.5529196558,2062.963420789245,3,4,2
CV3 | nets=4 | frames=2,3,128,13,0.546139121055603,154799.5348051598,2395.296368575759,3,4,2
CV3 | nets=4 | frames=2,3,128,14,0.5484685897827148,175527.68870920755,2691.3003469876426,3,4,2
CV3 | nets=4 | frames=2,3,128,15,0.5525608658790588,192951.74826983453,2937.303712359443,3,4,2
CV3 | nets=4 | frames=2,3,128,16,0.5565616488456726,206299.29670897676,3119.617154882148,3,4,2
CV3 | nets=4 | frames=2,3,128,17,0.5590471625328064,214765.31110880853,3231.067401173845,3,4,2
CV3 | nets=4 | frames=5,3,128,1,1.075727065404256,1323.0743189771474,0.8036015076964977,3,4,5
CV3 | nets=4 | frames=5,3,128,2,1.0122805833816528,1484.052957660556,0.880028431380546,3,4,5
CV3 | nets=4 | frames=5,3,128,3,0.8084285457928976,1661.4263456433416,0.9777159168102372,3,4,5
CV3 | nets=4 | frames=5,3,128,4,0.9082619547843932,1870.6397836039664,1.1013030572568825,3,4,5
CV3 | nets=4 | frames=5,3,128,5,0.8499037623405457,2002.2306313851475,1.1833368682574072,3,4,5
CV3 | nets=4 | frames=5,3,128,6,0.8901090423266093,2249.5651144081357,1.3367327897495125,3,4,5
CV3 | nets=4 | frames=5,3,128,7,0.8223315874735514,2478.044999544382,1.4779490367377293,3,4,5
CV3 | nets=4 | frames=5,3,128,8,0.720141073067983,2680.2812415293456,1.6012575780396,3,4,5
CV3 | nets=4 | frames=5,3,128,9,0.8158754805723826,3027.724245910704,1.807606832728896,3,4,5
CV3 | nets=4 | frames=5,3,128,10,0.692059208949407,3498.4882855381966,2.083310496132588,3,4,5
CV3 | nets=4 | frames=5,3,128,11,0.6533732215563456,4057.7366838223934,2.407393509747577,3,4,5
CV3 | nets=4 | frames=5,3,128,12,0.76217653354009,4850.058500864744,2.8684796663093146,3,4,5
CV3 | nets=4 | frames=5,3,128,13,0.6756358742713928,5207.001961612463,3.072867554748489,3,4,5
CV3 | nets=4 | frames=5,3,128,14,0.6622815877199173,5408.401538960099,3.186504115922202,3,4,5
CV3 | nets=4 | frames=5,3,128,15,0.5702183544635773,5805.977836797714,3.4184028543472524,3,4,5
CV3 | nets=4 | frames=5,3,128,16,0.5759715537230173,6500.662314173103,3.8268960509086023,3,4,5
CV3 | nets=4 | frames=10,3,128,1,0.9688367366790772,6.590009408563375,0.0007116795314486,3,4,10
CV3 | nets=4 | frames=10,3,128,2,0.8852575421333313,11.646962991967795,0.001179809686635,3,4,10
CV3 | nets=4 | frames=10,3,128,3,0.877690589427948,31.69354080206156,0.00331134332082,3,4,10
CV3 | nets=4 | frames=10,3,128,4,0.8722671687602996,53.31941581016779,0.0056803191247345,3,4,10
CV3 | nets=4 | frames=10,3,128,5,0.8729995369911194,63.41533104071021,0.0067868298388057,3,4,10
CV3 | nets=4 | frames=10,3,128,6,0.8638503670692443,61.447134944558144,0.0066125458387614,3,4,10
CV3 | nets=4 | frames=10,3,128,7,0.8608343243598938,49.31193148723245,0.005387559445,3,4,10
CV3 | nets=4 | frames=10,3,128,8,0.8548395752906799,49.10895517268777,0.0053814999487494,3,4,10
CV3 | nets=4 | frames=10,3,128,9,0.8497641086578369,58.13675489220023,0.0063549745531472,3,4,10
CV3 | nets=4 | frames=10,3,128,10,0.8500768661499023,70.6707454136014,0.0076048208497868,3,4,10
CV3 | nets=4 | frames=10,3,128,11,0.8454679191112519,93.77447555416822,0.0101075485693581,3,4,10
CV3 | nets=4 | frames=10,3,128,12,0.8388113260269165,101.57610558193922,0.0109983030159819,3,4,10
CV3 | nets=4 | frames=10,3,128,13,0.8386880874633789,104.1757092386186,0.0113248972509136,3,4,10
CV3 | nets=4 | frames=10,3,128,14,0.8369820356369019,135.04233589836954,0.0146886005979886,3,4,10
CV3 | nets=4 | frames=10,3,128,15,0.830679577589035,138.34311723560094,0.0150052596418954,3,4,10
CV3 | nets=4 | frames=10,3,128,16,0.8273537278175354,131.70525300338863,0.0142621008574751,3,4,10
CV3 | nets=4 | frames=25,3,128,1,0.7252494326004615,36.640289914529774,0.1578910515807656,3,4,25
CV3 | nets=4 | frames=25,3,128,2,0.2394635625756704,44.13505284960382,0.1910704746099509,3,4,25
CV3 | nets=4 | frames=25,3,128,3,0.1356768653942988,39.87249103541486,0.1753269491855026,3,4,25
CV3 | nets=4 | frames=25,3,128,4,0.0901175668606391,39.910460275001824,0.1722971214311182,3,4,25
CV3 | nets=4 | frames=25,3,128,5,0.0825752249130835,38.85293637863826,0.1689428197348806,3,4,25
CV3 | nets=4 | frames=25,3,128,6,0.0786898126109288,38.04048128612526,0.1651216757279471,3,4,25
CV3 | nets=4 | frames=25,3,128,7,0.0735609600177178,37.11687037593685,0.1617614900346761,3,4,25
CV3 | nets=4 | frames=25,3,128,8,0.0698818266391754,36.223433232784274,0.1572630524061096,3,4,25
CV3 | nets=4 | frames=25,3,128,9,0.0679454194525113,35.521646730445326,0.1544095758052553,3,4,25
CV3 | nets=4 | frames=25,3,128,10,0.0697370658700282,35.0978313076254,0.1524751219285881,3,4,25
CV3 | nets=4 | frames=25,3,128,11,0.0719385088349764,34.4924454472214,0.1501184438302589,3,4,25
CV3 | nets=4 | frames=25,3,128,12,0.0695531055904351,34.80161472792178,0.1508848053577712,3,4,25
CV3 | nets=4 | frames=25,3,128,13,0.0707425234409479,34.15568263978884,0.1483722743524595,3,4,25
CV3 | nets=4 | frames=25,3,128,14,0.0647139151652271,34.045649083000605,0.1474236002110265,3,4,25
CV3 | nets=4 | frames=25,3,128,15,0.0697719090833113,33.85146706907824,0.1465182643131556,3,4,25
CV3 | nets=4 | frames=25,3,128,16,0.065866764061726,33.477603555668146,0.1446981168412821,3,4,25
CV3 | nets=4 | frames=25,3,128,17,0.0654811765998601,33.57315030237287,0.1451349027255455,3,4,25
CV3 | nets=4 | frames=25,3,128,18,0.0743861444867574,34.11901486434415,0.1480709778796153,3,4,25
CV3 | nets=4 | frames=25,3,128,19,0.0688661364122079,32.27659815082233,0.1380713029833132,3,4,25
CV3 | nets=4 | frames=25,3,128,20,0.0649715336756064,33.44966785108391,0.1446721584024962,3,4,25
CV3 | nets=4 | frames=25,3,128,21,0.0661005566899593,33.11227125767991,0.1429869546604895,3,4,25
CV3 | nets=4 | frames=25,3,128,22,0.066923293356712,33.66233847435191,0.144392511136165,3,4,25
CV3 | nets=4 | frames=25,3,128,23,0.0731207168159576,33.814005578471345,0.1464030931053166,3,4,25
CV3 | nets=4 | frames=25,3,128,24,0.0680276815994427,32.741887605957686,0.1399380126033975,3,4,25
CV3 | nets=4 | frames=25,3,128,25,0.0692584771089828,32.89249852444232,0.1410492621799531,3,4,25
CV3 | nets=4 | frames=25,3,128,26,0.0712678249065692,33.29658502371795,0.1428964010479467,3,4,25
CV3 | nets=4 | frames=25,3,128,27,0.0623017128270406,32.35972105197981,0.1383751827403284,3,4,25
CV3 | nets=4 | frames=25,3,128,28,0.0653240393417386,32.5046684983857,0.139259656209113,3,4,25
CV3 | nets=4 | frames=25,3,128,29,0.0675326562844789,32.78533902745507,0.1400531820929063,3,4,25
CV3 | nets=4 | frames=25,3,128,30,0.0677880853987657,32.713503996480256,0.139942872000538,3,4,25
CV3 | nets=4 | frames=25,3,128,31,0.0672095776177369,32.41806482779421,0.1387656782208323,3,4,25
CV3 | nets=4 | frames=25,3,128,32,0.0606658783956215,32.73909559359029,0.1393020813777475,3,4,25
CV3 | nets=4 | frames=25,3,128,33,0.0634934698732999,32.292359123039994,0.1379408992385651,3,4,25
CV3 | nets=4 | frames=25,3,128,34,0.0635543511464045,33.14287078273576,0.1410337911376264,3,4,25
CV3 | nets=4 | frames=50,3,128,1,0.620510616004467,0.8955148314237594,0.011834144958877,3,4,50
CV3 | nets=4 | frames=50,3,128,2,0.3569461308419704,1.01889098088257,0.0128287717460771,3,4,50
CV3 | nets=4 | frames=50,3,128,3,0.2524793383479118,1.2220686227940023,0.0147736983923969,3,4,50
CV3 | nets=4 | frames=50,3,128,4,0.1789251969754696,0.7984772794144228,0.0093915094951589,3,4,50
CV3 | nets=4 | frames=50,3,128,5,0.1200054758787155,0.5903920673620887,0.0073214010977317,3,4,50
CV3 | nets=4 | frames=50,3,128,6,0.0799553455412387,0.4985366740601603,0.0060536768017118,3,4,50
CV3 | nets=4 | frames=50,3,128,7,0.0601294581592082,0.5376770867714659,0.0065670626231221,3,4,50
CV3 | nets=4 | frames=50,3,128,8,0.0549115995690226,0.4962795704863965,0.0061029173228307,3,4,50
CV3 | nets=4 | frames=50,3,128,9,0.0445309241861104,0.5565422323374077,0.006876153533085,3,4,50
CV3 | nets=4 | frames=50,3,128,10,0.04209278203547,0.5336350983334706,0.0065808284489321,3,4,50
CV3 | nets=4 | frames=50,3,128,11,0.0343548676371574,0.5997377415394877,0.0074091991273435,3,4,50
CV3 | nets=4 | frames=50,3,128,12,0.0319066236540675,0.5723423134144395,0.0070079622066405,3,4,50
CV3 | nets=4 | frames=50,3,128,13,0.0281933032721281,0.6430264876987785,0.0079466461220144,3,4,50
CV3 | nets=4 | frames=50,3,128,14,0.0268569515272974,0.7282738571625669,0.0090547913771515,3,4,50
CV3 | nets=4 | frames=50,3,128,15,0.0223468465730547,0.7409726415993646,0.0090671698271471,3,4,50
CV3 | nets=4 | frames=50,3,128,16,0.0197178506851196,0.7102794500105083,0.0087323915281649,3,4,50
CV3 | nets=4 | frames=50,3,128,17,0.0202080456539988,0.7706740854803938,0.0092316200379073,3,4,50
CV3 | nets=4 | frames=50,3,128,18,0.0172205339558422,0.7467003416516819,0.0091308441541768,3,4,50
CV3 | nets=4 | frames=50,3,128,19,0.0155800121463835,0.8251216592630372,0.0102006397826044,3,4,50
CV3 | nets=4 | frames=50,3,128,20,0.0178470345586538,0.8050052848383784,0.0098112367157737,3,4,50
CV3 | nets=4 | frames=50,3,128,21,0.0159945790469646,0.8017969947056844,0.0097701758016555,3,4,50
CV3 | nets=4 | frames=50,3,128,22,0.0122544503118842,0.8065771669899113,0.009928992471483,3,4,50
CV3 | nets=4 | frames=50,3,128,23,0.0113629971444606,0.851342775695608,0.0103158486549809,3,4,50
CV3 | nets=4 | frames=100,3,128,1,0.3752160677313804,0.8453472032565623,0.0006336190058204,3,4,100
CV3 | nets=4 | frames=100,3,128,2,0.1034581876918673,0.8342097070869058,0.0006248823886944,3,4,100
CV3 | nets=4 | frames=100,3,128,3,0.0800393713638186,0.8563409436121583,0.0006418924907275,3,4,100
CV3 | nets=4 | frames=100,3,128,4,0.0709420137759298,0.8389883557483554,0.0006289319795941,3,4,100
CV3 | nets=4 | frames=100,3,128,5,0.0654232533369213,0.8796605120655149,0.0006592190029914,3,4,100
CV3 | nets=4 | frames=100,3,128,6,0.0582588392030447,0.963063834950328,0.0007208762429872,3,4,100
CV3 | nets=4 | frames=100,3,128,7,0.0544114900752902,1.0051977774370462,0.000752077098301,3,4,100
CV3 | nets=4 | frames=100,3,128,8,0.0505396141926758,1.105722507737577,0.0008267556605032,3,4,100
CV3 | nets=4 | frames=100,3,128,9,0.0425710082636214,1.1223837975300848,0.000839167928143,3,4,100
CV3 | nets=4 | frames=100,3,128,10,0.0408268174808472,1.2849761091924738,0.0009602879281028,3,4,100
CV3 | nets=4 | frames=100,3,128,11,0.0365913995890878,1.176754069489427,0.0008794519584466,3,4,100
CV3 | nets=4 | frames=100,3,128,12,0.0344552672374993,1.279734975515865,0.0009566545249108,3,4,100
CV3 | nets=4 | frames=100,3,128,13,0.0361038893926888,1.198463786849752,0.0008960251041062,3,4,100
CV3 | nets=4 | frames=100,3,128,14,0.0291558457398787,1.3039340363387018,0.0009748491421023,3,4,100
CV3 | nets=4 | frames=100,3,128,15,0.0244684229744598,1.662589252320584,0.0012415285493298,3,4,100
CV3 | nets=4 | frames=100,3,128,16,0.0256952634872868,1.480446919264272,0.0011055524425482,3,4,100
CV3 | nets=4 | frames=100,3,128,17,0.0268588365847244,1.5497493184087798,0.0011574572140571,3,4,100
CV3 | nets=8 | frames=2,3,128,1,0.8912449479103088,123.67018353533744,0.1085600341891404,3,8,2
CV3 | nets=8 | frames=2,3,128,2,0.8036927878856659,168.3158968360424,0.1407148022849578,3,8,2
CV3 | nets=8 | frames=2,3,128,3,0.7198665738105774,211.4586570456028,0.1583195296572521,3,8,2
CV3 | nets=8 | frames=2,3,128,4,0.6616897881031036,296.2423069717884,0.2045481187456753,3,8,2
CV3 | nets=8 | frames=2,3,128,5,0.5919841527938843,408.43057548236845,0.2701911694845185,3,8,2
CV3 | nets=8 | frames=2,3,128,6,0.5435900092124939,553.8893007459641,0.355783445071429,3,8,2
CV3 | nets=8 | frames=2,3,128,7,0.4901333749294281,708.8168697137833,0.4427885479410179,3,8,2
CV3 | nets=8 | frames=2,3,128,8,0.452494740486145,879.9009654283524,0.5403050792450085,3,8,2
CV3 | nets=8 | frames=2,3,128,9,0.4161313474178314,1016.7939067173004,0.6137852414203808,3,8,2
CV3 | nets=8 | frames=2,3,128,10,0.3801689147949219,1148.516467420578,0.6799722411260009,3,8,2
CV3 | nets=8 | frames=2,3,128,11,0.3579842150211334,1262.5601922187805,0.7464086731411517,3,8,2
CV3 | nets=8 | frames=2,3,128,12,0.340815007686615,1248.6304723129272,0.7268722320627421,3,8,2
CV3 | nets=8 | frames=2,3,128,13,0.3160809725522995,1236.753936712265,0.7208014067076146,3,8,2
CV3 | nets=8 | frames=2,3,128,14,0.3026913851499557,1174.5676495552063,0.6923403511159122,3,8,2
CV3 | nets=8 | frames=2,3,128,15,0.286324605345726,1074.1280626277924,0.6492373726805672,3,8,2
CV3 | nets=8 | frames=2,3,128,16,0.282915860414505,966.190010641098,0.6054347292007879,3,8,2
CV3 | nets=8 | frames=5,3,128,1,0.908582365512848,676.2873573168963,6.8901897672996855,3,8,5
CV3 | nets=8 | frames=5,3,128,2,0.6834023952484131,851.3434384519755,8.802584194991272,3,8,5
CV3 | nets=8 | frames=5,3,128,3,0.6028199911117553,1043.8719922115206,10.796647383430509,3,8,5
CV3 | nets=8 | frames=5,3,128,4,0.6060666799545288,1186.799914449811,12.135179396559485,3,8,5
CV3 | nets=8 | frames=5,3,128,5,0.6017072796821594,1171.546879137516,11.798653798116373,3,8,5
CV3 | nets=8 | frames=5,3,128,6,0.5869261741638183,1075.6463184547424,10.757458794057834,3,8,5
CV3 | nets=8 | frames=5,3,128,7,0.5864820003509521,994.677077844739,9.94435089839832,3,8,5
CV3 | nets=8 | frames=5,3,128,8,0.5804963767528534,984.1270104981364,9.894684038911944,3,8,5
CV3 | nets=8 | frames=5,3,128,9,0.5792333245277405,1008.635648950249,10.19948408695194,3,8,5
CV3 | nets=8 | frames=5,3,128,10,0.575123730301857,974.3292919987888,9.827111926105456,3,8,5
CV3 | nets=8 | frames=5,3,128,11,0.5732113718986511,964.8677087894678,9.697097528838553,3,8,5
CV3 | nets=8 | frames=5,3,128,12,0.5700332134962082,955.964960637182,9.5712233825,3,8,5
CV3 | nets=8 | frames=5,3,128,13,0.5694264233112335,964.2320403296352,9.6387437572754,3,8,5
CV3 | nets=8 | frames=5,3,128,14,0.5717908799648285,918.935178095758,9.14752132216841,3,8,5
CV3 | nets=8 | frames=5,3,128,15,0.565676474571228,906.9924909663052,9.02253129316843,3,8,5
CV3 | nets=8 | frames=5,3,128,16,0.5652595520019531,883.3015079030395,8.784104611743707,3,8,5
CV3 | nets=8 | frames=10,3,128,1,0.7654943734407424,311.31106702966986,2.3333626410127617,3,8,10
CV3 | nets=8 | frames=10,3,128,2,0.4475301876664161,398.6129982407093,2.964510808169376,3,8,10
CV3 | nets=8 | frames=10,3,128,3,0.336124187707901,418.89970597334207,3.0975459643081997,3,8,10
CV3 | nets=8 | frames=10,3,128,4,0.3114473983645439,395.2237526720017,2.909942191204056,3,8,10
CV3 | nets=8 | frames=10,3,128,5,0.286258102953434,402.3692812445462,2.9587238183049487,3,8,10
CV3 | nets=8 | frames=10,3,128,6,0.269658014178276,377.7385959515721,2.765721406976576,3,8,10
CV3 | nets=8 | frames=10,3,128,7,0.2623422555625438,354.78589098013936,2.6015953926597724,3,8,10
CV3 | nets=8 | frames=10,3,128,8,0.2550700142979621,344.5775696266443,2.510980469043367,3,8,10
CV3 | nets=8 | frames=10,3,128,9,0.2446454815566539,331.0624814483598,2.4127531488491223,3,8,10
CV3 | nets=8 | frames=10,3,128,10,0.2382332280278206,327.96486046214403,2.382955209242529,3,8,10
CV3 | nets=8 | frames=10,3,128,11,0.2340882398188114,317.43659948796034,2.303677163592074,3,8,10
CV3 | nets=8 | frames=10,3,128,12,0.2380675107240676,317.0021235488653,2.299064952351502,3,8,10
CV3 | nets=8 | frames=10,3,128,13,0.2381761685013771,294.4943112448305,2.1331798134922284,3,8,10
CV3 | nets=8 | frames=10,3,128,14,0.2245519697666168,296.85415187060835,2.144792906146729,3,8,10
CV3 | nets=8 | frames=10,3,128,15,0.2264815002679824,301.2698084525466,2.1728144639899254,3,8,10
CV3 | nets=8 | frames=10,3,128,16,0.2242125630378723,268.4935868124068,1.9374492270414485,3,8,10
CV3 | nets=8 | frames=10,3,128,17,0.2253188088536262,290.62400002712013,2.102290137338161,3,8,10
CV3 | nets=8 | frames=10,3,128,18,0.218332453072071,273.25988009747863,1.966884344919992,3,8,10
CV3 | nets=8 | frames=10,3,128,19,0.219387824833393,285.1344558550492,2.0600076127199864,3,8,10
CV3 | nets=8 | frames=10,3,128,20,0.2143865659832954,282.0209144574404,2.031617517689476,3,8,10
CV3 | nets=8 | frames=10,3,128,21,0.21242705732584,266.87969713965805,1.9208281154079012,3,8,10
CV3 | nets=8 | frames=10,3,128,22,0.2236093088984489,282.1653960712254,2.0301158421682195,3,8,10
CV3 | nets=8 | frames=10,3,128,23,0.2088633492588996,278.70153258997203,2.008467676810804,3,8,10
CV3 | nets=8 | frames=10,3,128,24,0.2132788948714733,274.34169309343025,1.974636052070826,3,8,10
CV3 | nets=8 | frames=10,3,128,25,0.2106775969266891,271.90336705441774,1.958420115661196,3,8,10
CV3 | nets=8 | frames=10,3,128,26,0.2072476267814636,280.2850317562222,2.011547831952339,3,8,10
CV3 | nets=8 | frames=10,3,128,27,0.2153760209679603,269.4347987226397,1.9393558641117412,3,8,10
CV3 | nets=8 | frames=10,3,128,28,0.2099982239305973,280.530111035645,2.0134162295313724,3,8,10
CV3 | nets=8 | frames=10,3,128,29,0.2075714759528636,278.1379905732535,1.995748134461406,3,8,10
CV3 | nets=8 | frames=10,3,128,30,0.2111498683691025,266.42714947618543,1.9122135385354924,3,8,10
CV3 | nets=8 | frames=10,3,128,31,0.2057400912046432,286.60250636247173,2.0602725510148883,3,8,10
CV3 | nets=8 | frames=10,3,128,32,0.2035121232271194,268.1236902235355,1.9194282678117016,3,8,10
CV3 | nets=8 | frames=10,3,128,33,0.2046256452798843,265.28413294532896,1.9061185357286303,3,8,10
CV3 | nets=8 | frames=10,3,128,34,0.1999149426817894,279.33006257914377,2.000112242344243,3,8,10
CV3 | nets=8 | frames=10,3,128,35,0.2020050596445798,273.6716862631049,1.9541761314820325,3,8,10
CV3 | nets=8 | frames=25,3,128,1,0.5255086129903793,13.422940589904783,0.0109926902951629,3,8,25
CV3 | nets=8 | frames=25,3,128,2,0.2215279158949852,11.567793426305055,0.0095344407096417,3,8,25
CV3 | nets=8 | frames=25,3,128,3,0.1910241734236478,10.85575997106731,0.0088976821223768,3,8,25
CV3 | nets=8 | frames=25,3,128,4,0.1847464074194431,11.511838945418596,0.0094620441714068,3,8,25
CV3 | nets=8 | frames=25,3,128,5,0.1844611513614654,10.698882741332056,0.0088269507052536,3,8,25
CV3 | nets=8 | frames=25,3,128,6,0.1753776562213897,10.159896372914314,0.0083330622334906,3,8,25
CV3 | nets=8 | frames=25,3,128,7,0.1717575308680534,10.543003943532703,0.008712498691937,3,8,25
CV3 | nets=8 | frames=25,3,128,8,0.1778054863214492,10.12689289611578,0.0083357723320514,3,8,25
CV3 | nets=8 | frames=25,3,128,9,0.1739856380224227,10.58058507940173,0.0087515959332486,3,8,25
CV3 | nets=8 | frames=25,3,128,10,0.1730018956959247,9.605185790896416,0.0079053797269807,3,8,25
CV3 | nets=8 | frames=25,3,128,11,0.1677886773645877,9.963079795479777,0.0082086670646094,3,8,25
CV3 | nets=8 | frames=25,3,128,12,0.1706956359744072,10.397564335957169,0.0086041096232656,3,8,25
CV3 | nets=8 | frames=25,3,128,13,0.1687941375374794,9.364032756745816,0.0077192581677736,3,8,25
CV3 | nets=8 | frames=25,3,128,14,0.1673833176493644,9.82643660288304,0.008110104232117,3,8,25
CV3 | nets=8 | frames=25,3,128,15,0.1629814185202121,9.894625223368406,0.008193566632668,3,8,25
CV3 | nets=8 | frames=25,3,128,16,0.1663588814437389,9.377531562909484,0.0077241988130881,3,8,25
CV3 | nets=8 | frames=25,3,128,17,0.1640507011860609,8.924012325003742,0.0073749674768841,3,8,25
CV3 | nets=8 | frames=25,3,128,18,0.166788540482521,9.969110900767149,0.0082502884388159,3,8,25
CV3 | nets=8 | frames=25,3,128,19,0.1742932161688804,8.977025906085968,0.0073987947286805,3,8,25
CV3 | nets=8 | frames=25,3,128,20,0.1646713025867939,10.459450732156634,0.0086641261077857,3,8,25
CV3 | nets=8 | frames=25,3,128,21,0.1602915388345718,9.416480072572828,0.0077952431531739,3,8,25
CV3 | nets=8 | frames=25,3,128,22,0.1601924681663513,9.085314419068396,0.00751243742531,3,8,25
CV3 | nets=8 | frames=25,3,128,23,0.1615002207458019,9.723114608936012,0.0080517487010474,3,8,25
CV3 | nets=8 | frames=25,3,128,24,0.158782964348793,9.912347576279194,0.0082158615453881,3,8,25
CV3 | nets=8 | frames=25,3,128,25,0.1616605381667614,10.448886496253312,0.0086895939978567,3,8,25
CV3 | nets=8 | frames=25,3,128,26,0.1616571690142154,10.350382877921684,0.0086077826773835,3,8,25
CV3 | nets=8 | frames=25,3,128,27,0.1608356930315494,9.90204987778887,0.0082123968388477,3,8,25
CV3 | nets=8 | frames=25,3,128,28,0.1586096009612083,10.533481756847353,0.0087807318213335,3,8,25
CV3 | nets=8 | frames=25,3,128,29,0.1569446382671594,9.819820878576488,0.0081506905242567,3,8,25
CV3 | nets=8 | frames=25,3,128,30,0.1611057503521442,10.605674080260098,0.0088479141875122,3,8,25
CV3 | nets=8 | frames=25,3,128,31,0.1560681959986686,9.894987546235322,0.008233149143678,3,8,25
CV3 | nets=8 | frames=25,3,128,32,0.1573033684492111,9.561506523616613,0.0079459098071056,3,8,25
CV3 | nets=8 | frames=50,3,128,1,0.6603975650668145,2.9939245350435377,0.0001304603471571,3,8,50
CV3 | nets=8 | frames=50,3,128,2,0.50886563539505,2.964136718557915,0.0001281423864481,3,8,50
CV3 | nets=8 | frames=50,3,128,3,0.4914727191627026,2.855925928976387,0.0001258785493173,3,8,50
CV3 | nets=8 | frames=50,3,128,4,0.471155518591404,3.123822443962097,0.0001355226808036,3,8,50
CV3 | nets=8 | frames=50,3,128,5,0.4601455575227737,3.2832083669528367,0.0001418539991641,3,8,50
CV3 | nets=8 | frames=50,3,128,6,0.4654820013046264,3.1563078149817883,0.0001395277843186,3,8,50
CV3 | nets=8 | frames=50,3,128,7,0.453916018307209,3.281717842541635,0.000143861970233,3,8,50
CV3 | nets=8 | frames=50,3,128,8,0.450263944864273,3.340712099373341,0.0001463115943874,3,8,50
CV3 | nets=8 | frames=50,3,128,9,0.4485646176338196,3.2189848938882357,0.0001412897733387,3,8,50
CV3 | nets=8 | frames=50,3,128,10,0.4467661294341087,3.204006070591509,0.0001413032579284,3,8,50
CV3 | nets=8 | frames=50,3,128,11,0.4404898682236671,3.236243869390339,0.0001427318628905,3,8,50
CV3 | nets=8 | frames=50,3,128,12,0.445190150141716,3.238608371242881,0.0001426523317363,3,8,50
CV3 | nets=8 | frames=50,3,128,13,0.4369800221920013,3.2554904750958085,0.0001438378691141,3,8,50
CV3 | nets=8 | frames=50,3,128,14,0.4387180596590042,3.1442690734528007,0.0001382216731701,3,8,50
CV3 | nets=8 | frames=50,3,128,15,0.4443124987185001,3.130211370907724,0.0001371165878076,3,8,50
CV3 | nets=8 | frames=50,3,128,16,0.4315008065104485,3.1472057070061563,0.000137905034398,3,8,50
CV3 | nets=8 | frames=50,3,128,17,0.4310667026042938,3.187674259930849,0.0001427277370744,3,8,50
CV3 | nets=8 | frames=50,3,128,18,0.4400019884109497,3.23007796323672,0.0001420824910642,3,8,50
CV3 | nets=8 | frames=100,3,128,1,0.2201110073924064,1.169377722051926,0.0001034757161162,3,8,100
CV3 | nets=8 | frames=100,3,128,2,0.1073904952779412,1.0228248714767396,9.039795012563446e-05,3,8,100
CV3 | nets=8 | frames=100,3,128,3,0.1067781330645084,0.9626239364501088,8.550150294990998e-05,3,8,100
CV3 | nets=8 | frames=100,3,128,4,0.0989217776805162,0.8834348786789924,7.83588701140161e-05,3,8,100
CV3 | nets=8 | frames=100,3,128,5,0.101975626386702,0.9980831093639136,8.897590885840146e-05,3,8,100
CV3 | nets=8 | frames=100,3,128,6,0.1006660928949713,0.8832317930832505,7.845740956418012e-05,3,8,100
CV3 | nets=8 | frames=100,3,128,7,0.0980029211938381,1.0467877315357328,9.409286613640688e-05,3,8,100
CV3 | nets=8 | frames=100,3,128,8,0.097394705209881,0.8954149511754512,7.992877106755713e-05,3,8,100
CV3 | nets=8 | frames=100,3,128,9,0.0940426441840827,0.8526115911118686,7.622373382446313e-05,3,8,100
CV3 | nets=8 | frames=100,3,128,10,0.0913472411222755,0.8728696281425655,7.767500542468042e-05,3,8,100
CV3 | nets=8 | frames=100,3,128,11,0.0887044888362288,0.8721447964124381,7.730489563664378e-05,3,8,100
CV3 | nets=8 | frames=100,3,128,12,0.0818505225330591,0.8766165668740868,7.817436184723192e-05,3,8,100
CV3 | nets=8 | frames=100,3,128,13,0.078320156596601,0.9259618295319378,8.299555439748473e-05,3,8,100
CV3 | nets=8 | frames=100,3,128,14,0.0698553901072591,1.0673377852737904,9.69512165265769e-05,3,8,100
CV3 | nets=8 | frames=100,3,128,15,0.0579412653949111,1.5708029199764133,0.0001424863915181,3,8,100
CV3 | nets=8 | frames=100,3,128,16,0.0428145054262131,3.0755369340628387,0.0002868413359865,3,8,100
CV3 | nets=8 | frames=100,3,128,17,0.031918861772865,4.5887944958359,0.0004277843743366,3,8,100
CV3 | nets=8 | frames=100,3,128,18,0.0250915081845596,5.229230919338763,0.0004820723213683,3,8,100
CV3 | nets=8 | frames=100,3,128,19,0.0248406150657683,6.532105791985988,0.0006061931189597,3,8,100
CV3 | nets=8 | frames=100,3,128,20,0.0214689360419288,7.266072597205639,0.0006779405630904,3,8,100
CV3 | nets=8 | frames=100,3,128,21,0.0197104604891501,8.316008090769872,0.0007773802749654,3,8,100
CV3 | nets=8 | frames=100,3,128,22,0.0203065523202531,8.387001344755292,0.0007797711760831,3,8,100
CV3 | nets=8 | frames=100,3,128,23,0.019829368579667,9.127027039751413,0.0008496509248182,3,8,100
CV3 | nets=8 | frames=100,3,128,24,0.0188973247841931,8.596310868632049,0.0008066844778906,3,8,100
