dataset,split,sim_idx,final_p_ratio,z0,sweep_latent_dim,sweep_train_count,sweep_train_frames,z1,z2
CV1 | nets=1 | frames=2,train,0,-0.0669511275618616,-0.4210089147090912,1,1,2,,
CV1 | nets=1 | frames=2,test,0,-0.2360464098886152,-0.4163333475589752,1,1,2,,
CV1 | nets=1 | frames=2,test,1,0.1295779047889524,-0.4533901214599609,1,1,2,,
CV1 | nets=1 | frames=2,test,2,-0.1623723264424866,-0.4273272156715393,1,1,2,,
CV1 | nets=1 | frames=2,test,3,-0.123156073161201,-0.4458255469799042,1,1,2,,
CV1 | nets=1 | frames=2,test,4,0.3453760393512503,-0.4539156556129455,1,1,2,,
CV1 | nets=1 | frames=2,test,5,-0.3979398483632574,-0.429910808801651,1,1,2,,
CV1 | nets=1 | frames=2,test,6,0.2126940386242633,-0.4294084310531616,1,1,2,,
CV1 | nets=1 | frames=2,test,7,0.0950451355151094,-0.4346719682216644,1,1,2,,
CV1 | nets=1 | frames=2,test,8,-0.0648093100969477,-0.4254436790943146,1,1,2,,
CV1 | nets=1 | frames=2,test,9,-0.0036101382641459,-0.440626323223114,1,1,2,,
CV1 | nets=1 | frames=2,test,10,0.2259070200709375,-0.4343643188476562,1,1,2,,
CV1 | nets=1 | frames=2,test,11,-0.2448221358235529,-0.4347551167011261,1,1,2,,
CV1 | nets=1 | frames=2,test,12,-0.3251896560062025,-0.4344459176063537,1,1,2,,
CV1 | nets=1 | frames=2,test,13,0.1639582164351763,-0.4399205148220062,1,1,2,,
CV1 | nets=1 | frames=2,test,14,0.2767388091190165,-0.4494854807853699,1,1,2,,
CV1 | nets=1 | frames=2,test,15,0.2817123526652541,-0.4447609782218933,1,1,2,,
CV1 | nets=1 | frames=2,test,16,-0.1737797852877405,-0.4330124258995056,1,1,2,,
CV1 | nets=1 | frames=2,test,17,-0.5936111989220015,-0.4242898225784302,1,1,2,,
CV1 | nets=1 | frames=2,test,18,0.2708167150760829,-0.4450098872184753,1,1,2,,
CV1 | nets=1 | frames=2,test,19,-0.0488976389824205,-0.4305262565612793,1,1,2,,
CV1 | nets=1 | frames=2,test,20,0.3374250403982374,-0.4400684237480163,1,1,2,,
CV1 | nets=1 | frames=2,test,21,0.144219835421564,-0.4364876449108124,1,1,2,,
CV1 | nets=1 | frames=2,test,22,0.2238599590476573,-0.4368223547935486,1,1,2,,
CV1 | nets=1 | frames=2,test,23,-0.2110936628700718,-0.4277738034725189,1,1,2,,
CV1 | nets=1 | frames=2,test,24,-0.135107647284631,-0.4218702316284179,1,1,2,,
CV1 | nets=1 | frames=2,test,25,-0.2879174109079594,-0.4253984689712524,1,1,2,,
CV1 | nets=1 | frames=2,test,26,-0.0869858031149348,-0.4243642687797546,1,1,2,,
CV1 | nets=1 | frames=2,test,27,0.0729596003150843,-0.4284185171127319,1,1,2,,
CV1 | nets=1 | frames=2,test,28,-0.0473741087700227,-0.4278862178325653,1,1,2,,
CV1 | nets=1 | frames=2,test,29,-0.1740479126403528,-0.430821806192398,1,1,2,,
CV1 | nets=1 | frames=2,test,30,-0.1534844106106529,-0.4297927916049957,1,1,2,,
CV1 | nets=1 | frames=2,test,31,-0.3339993893646671,-0.4297951161861419,1,1,2,,
CV1 | nets=1 | frames=2,test,32,-0.2983576891176249,-0.4399982988834381,1,1,2,,
CV1 | nets=1 | frames=2,test,33,-0.0843642366678143,-0.4214085340499878,1,1,2,,
CV1 | nets=1 | frames=2,test,34,-0.2273098506600647,-0.4176514744758606,1,1,2,,
CV1 | nets=1 | frames=2,test,35,0.150316153738502,-0.4430942833423614,1,1,2,,
CV1 | nets=1 | frames=2,test,36,-0.2691509251686252,-0.4353786706924438,1,1,2,,
CV1 | nets=1 | frames=2,test,37,0.1269998279169667,-0.4273653924465179,1,1,2,,
CV1 | nets=1 | frames=2,test,38,0.3220806426408416,-0.4533250331878662,1,1,2,,
CV1 | nets=1 | frames=2,test,39,-0.3233661435786948,-0.4173657894134521,1,1,2,,
CV1 | nets=1 | frames=2,test,40,-0.1666568671096066,-0.4380874037742615,1,1,2,,
CV1 | nets=1 | frames=2,test,41,-0.0608276768648222,-0.4388405680656433,1,1,2,,
CV1 | nets=1 | frames=2,test,42,0.2821721893243829,-0.4504936039447784,1,1,2,,
CV1 | nets=1 | frames=2,test,43,-0.0591450573123482,-0.4307041466236114,1,1,2,,
CV1 | nets=1 | frames=2,test,44,-0.2523187814106471,-0.4276349544525146,1,1,2,,
CV1 | nets=1 | frames=2,test,45,0.2693791688852633,-0.4410350918769836,1,1,2,,
CV1 | nets=1 | frames=2,test,46,-0.157111034083224,-0.4252261221408844,1,1,2,,
CV1 | nets=1 | frames=2,test,47,0.1606833051492441,-0.4265153110027313,1,1,2,,
CV1 | nets=1 | frames=2,test,48,0.172504695096772,-0.4297920167446136,1,1,2,,
CV1 | nets=1 | frames=2,test,49,0.3873779088920612,-0.4397749900817871,1,1,2,,
CV1 | nets=1 | frames=2,test,50,-0.100209652453205,-0.4318764805793762,1,1,2,,
CV1 | nets=1 | frames=2,test,51,0.1807945702326933,-0.439089685678482,1,1,2,,
CV1 | nets=1 | frames=2,test,52,-0.2190887259038099,-0.4229948818683624,1,1,2,,
CV1 | nets=1 | frames=2,test,53,0.0386789596579197,-0.4434352517127991,1,1,2,,
CV1 | nets=1 | frames=2,test,54,-0.1466400227827606,-0.4308379292488098,1,1,2,,
CV1 | nets=1 | frames=2,test,55,-0.1466582167541242,-0.4222594797611236,1,1,2,,
CV1 | nets=1 | frames=2,test,56,0.3543707109293127,-0.4550210833549499,1,1,2,,
CV1 | nets=1 | frames=2,test,57,-0.2504451898786599,-0.4303887188434601,1,1,2,,
CV1 | nets=1 | frames=2,test,58,-0.0803696162881754,-0.4387567341327667,1,1,2,,
CV1 | nets=1 | frames=2,test,59,-0.1277120103792852,-0.4292801916599273,1,1,2,,
CV1 | nets=1 | frames=2,test,60,0.3812481697430855,-0.4437556266784668,1,1,2,,
CV1 | nets=1 | frames=2,test,61,-0.4003789014783009,-0.4257062971591949,1,1,2,,
CV1 | nets=1 | frames=2,test,62,0.2511593493496609,-0.4469856023788452,1,1,2,,
CV1 | nets=1 | frames=2,test,63,-0.1963377719651293,-0.4268428683280945,1,1,2,,
CV1 | nets=1 | frames=2,test,64,0.2011468693729077,-0.4303012490272522,1,1,2,,
CV1 | nets=1 | frames=2,test,65,0.1834175400503848,-0.4377814829349518,1,1,2,,
CV1 | nets=1 | frames=2,test,66,0.1677718678598186,-0.4292780756950378,1,1,2,,
CV1 | nets=1 | frames=2,test,67,0.2103549124683166,-0.4408397674560547,1,1,2,,
CV1 | nets=1 | frames=2,test,68,-0.2124182814927736,-0.4339005947113037,1,1,2,,
CV1 | nets=1 | frames=2,test,69,0.2427422463907798,-0.4345028102397918,1,1,2,,
CV1 | nets=1 | frames=2,test,70,-0.198060037637249,-0.438853919506073,1,1,2,,
CV1 | nets=1 | frames=2,test,71,-0.3247762104239115,-0.4147422313690185,1,1,2,,
CV1 | nets=1 | frames=2,test,72,-0.1773883670701692,-0.4437181353569031,1,1,2,,
CV1 | nets=1 | frames=2,test,73,-0.2061780215112254,-0.4276555478572845,1,1,2,,
CV1 | nets=1 | frames=2,test,74,-0.1515654324056017,-0.4303753674030304,1,1,2,,
CV1 | nets=1 | frames=2,test,75,-0.1319308250403395,-0.4269614219665527,1,1,2,,
CV1 | nets=1 | frames=5,train,0,-0.0669511275618616,-0.1787150055170059,1,1,5,,
CV1 | nets=1 | frames=5,test,0,-0.2360464098886152,-0.1713042855262756,1,1,5,,
CV1 | nets=1 | frames=5,test,1,0.1295779047889524,-0.1440082490444183,1,1,5,,
CV1 | nets=1 | frames=5,test,2,-0.1623723264424866,-0.1008796095848083,1,1,5,,
CV1 | nets=1 | frames=5,test,3,-0.123156073161201,-0.126226395368576,1,1,5,,
CV1 | nets=1 | frames=5,test,4,0.3453760393512503,-0.1947943866252899,1,1,5,,
CV1 | nets=1 | frames=5,test,5,-0.3979398483632574,-0.1151494160294532,1,1,5,,
CV1 | nets=1 | frames=5,test,6,0.2126940386242633,-0.2304940521717071,1,1,5,,
CV1 | nets=1 | frames=5,test,7,0.0950451355151094,-0.1689159870147705,1,1,5,,
CV1 | nets=1 | frames=5,test,8,-0.0648093100969477,-0.2145960628986358,1,1,5,,
CV1 | nets=1 | frames=5,test,9,-0.0036101382641459,-0.1556564569473266,1,1,5,,
CV1 | nets=1 | frames=5,test,10,0.2259070200709375,-0.2469848692417144,1,1,5,,
CV1 | nets=1 | frames=5,test,11,-0.2448221358235529,-0.109515257179737,1,1,5,,
CV1 | nets=1 | frames=5,test,12,-0.3251896560062025,-0.1589142382144928,1,1,5,,
CV1 | nets=1 | frames=5,test,13,0.1639582164351763,-0.1746885031461715,1,1,5,,
CV1 | nets=1 | frames=5,test,14,0.2767388091190165,-0.1182849705219268,1,1,5,,
CV1 | nets=1 | frames=5,test,15,0.2817123526652541,-0.2063867449760437,1,1,5,,
CV1 | nets=1 | frames=5,test,16,-0.1737797852877405,-0.0939919799566268,1,1,5,,
CV1 | nets=1 | frames=5,test,17,-0.5936111989220015,-0.1695450395345688,1,1,5,,
CV1 | nets=1 | frames=5,test,18,0.2708167150760829,-0.1498128622770309,1,1,5,,
CV1 | nets=1 | frames=5,test,19,-0.0488976389824205,-0.1593698263168335,1,1,5,,
CV1 | nets=1 | frames=5,test,20,0.3374250403982374,-0.2161565423011779,1,1,5,,
CV1 | nets=1 | frames=5,test,21,0.144219835421564,-0.1257567256689071,1,1,5,,
CV1 | nets=1 | frames=5,test,22,0.2238599590476573,-0.1515181213617324,1,1,5,,
CV1 | nets=1 | frames=5,test,23,-0.2110936628700718,-0.1004481762647628,1,1,5,,
CV1 | nets=1 | frames=5,test,24,-0.135107647284631,-0.0942327231168747,1,1,5,,
CV1 | nets=1 | frames=5,test,25,-0.2879174109079594,-0.0831600353121757,1,1,5,,
CV1 | nets=1 | frames=5,test,26,-0.0869858031149348,-0.1088101863861084,1,1,5,,
CV1 | nets=1 | frames=5,test,27,0.0729596003150843,-0.2135343700647354,1,1,5,,
CV1 | nets=1 | frames=5,test,28,-0.0473741087700227,-0.1341920644044876,1,1,5,,
CV1 | nets=1 | frames=5,test,29,-0.1740479126403528,-0.0750724524259567,1,1,5,,
CV1 | nets=1 | frames=5,test,30,-0.1534844106106529,-0.1342008113861084,1,1,5,,
CV1 | nets=1 | frames=5,test,31,-0.3339993893646671,-0.0819427073001861,1,1,5,,
CV1 | nets=1 | frames=5,test,32,-0.2983576891176249,-0.062610812485218,1,1,5,,
CV1 | nets=1 | frames=5,test,33,-0.0843642366678143,-0.2244667708873748,1,1,5,,
CV1 | nets=1 | frames=5,test,34,-0.2273098506600647,-0.1683276444673538,1,1,5,,
CV1 | nets=1 | frames=5,test,35,0.150316153738502,-0.1569467484951019,1,1,5,,
CV1 | nets=1 | frames=5,test,36,-0.2691509251686252,-0.128218874335289,1,1,5,,
CV1 | nets=1 | frames=5,test,37,0.1269998279169667,-0.1886815428733825,1,1,5,,
CV1 | nets=1 | frames=5,test,38,0.3220806426408416,-0.1639339476823806,1,1,5,,
CV1 | nets=1 | frames=5,test,39,-0.3233661435786948,-0.1800287812948227,1,1,5,,
CV1 | nets=1 | frames=5,test,40,-0.1666568671096066,-0.0934432223439216,1,1,5,,
CV1 | nets=1 | frames=5,test,41,-0.0608276768648222,-0.0979262217879295,1,1,5,,
CV1 | nets=1 | frames=5,test,42,0.2821721893243829,-0.2133973240852356,1,1,5,,
CV1 | nets=1 | frames=5,test,43,-0.0591450573123482,-0.0431276261806488,1,1,5,,
CV1 | nets=1 | frames=5,test,44,-0.2523187814106471,-0.0956278517842292,1,1,5,,
CV1 | nets=1 | frames=5,test,45,0.2693791688852633,-0.176613301038742,1,1,5,,
CV1 | nets=1 | frames=5,test,46,-0.157111034083224,-0.1489142328500747,1,1,5,,
CV1 | nets=1 | frames=5,test,47,0.1606833051492441,-0.2250524312257766,1,1,5,,
CV1 | nets=1 | frames=5,test,48,0.172504695096772,-0.1770648062229156,1,1,5,,
CV1 | nets=1 | frames=5,test,49,0.3873779088920612,-0.2165871560573578,1,1,5,,
CV1 | nets=1 | frames=5,test,50,-0.100209652453205,-0.0949220210313797,1,1,5,,
CV1 | nets=1 | frames=5,test,51,0.1807945702326933,-0.1759317070245742,1,1,5,,
CV1 | nets=1 | frames=5,test,52,-0.2190887259038099,-0.1231555342674255,1,1,5,,
CV1 | nets=1 | frames=5,test,53,0.0386789596579197,-0.1298780143260955,1,1,5,,
CV1 | nets=1 | frames=5,test,54,-0.1466400227827606,-0.1642588227987289,1,1,5,,
CV1 | nets=1 | frames=5,test,55,-0.1466582167541242,-0.1284083873033523,1,1,5,,
CV1 | nets=1 | frames=5,test,56,0.3543707109293127,-0.1778559982776641,1,1,5,,
CV1 | nets=1 | frames=5,test,57,-0.2504451898786599,-0.1311979740858078,1,1,5,,
CV1 | nets=1 | frames=5,test,58,-0.0803696162881754,-0.1332404464483261,1,1,5,,
CV1 | nets=1 | frames=5,test,59,-0.1277120103792852,-0.1190825253725051,1,1,5,,
CV1 | nets=1 | frames=5,test,60,0.3812481697430855,-0.2082907557487487,1,1,5,,
CV1 | nets=1 | frames=5,test,61,-0.4003789014783009,-0.1623570173978805,1,1,5,,
CV1 | nets=1 | frames=5,test,62,0.2511593493496609,-0.1202486157417297,1,1,5,,
CV1 | nets=1 | frames=5,test,63,-0.1963377719651293,-0.1441210806369781,1,1,5,,
CV1 | nets=1 | frames=5,test,64,0.2011468693729077,-0.2046674787998199,1,1,5,,
CV1 | nets=1 | frames=5,test,65,0.1834175400503848,-0.193366527557373,1,1,5,,
CV1 | nets=1 | frames=5,test,66,0.1677718678598186,-0.1542472392320633,1,1,5,,
CV1 | nets=1 | frames=5,test,67,0.2103549124683166,-0.1983672082424163,1,1,5,,
CV1 | nets=1 | frames=5,test,68,-0.2124182814927736,-0.1200555860996246,1,1,5,,
CV1 | nets=1 | frames=5,test,69,0.2427422463907798,-0.1786194592714309,1,1,5,,
CV1 | nets=1 | frames=5,test,70,-0.198060037637249,-0.1019842624664306,1,1,5,,
CV1 | nets=1 | frames=5,test,71,-0.3247762104239115,-0.1763219237327575,1,1,5,,
CV1 | nets=1 | frames=5,test,72,-0.1773883670701692,-0.1308284252882003,1,1,5,,
CV1 | nets=1 | frames=5,test,73,-0.2061780215112254,-0.1353736817836761,1,1,5,,
CV1 | nets=1 | frames=5,test,74,-0.1515654324056017,-0.1577461212873459,1,1,5,,
CV1 | nets=1 | frames=5,test,75,-0.1319308250403395,-0.1738273352384567,1,1,5,,
CV1 | nets=1 | frames=10,train,0,-0.0669511275618616,-0.6774335503578186,1,1,10,,
CV1 | nets=1 | frames=10,test,0,-0.2360464098886152,-0.6752139925956726,1,1,10,,
CV1 | nets=1 | frames=10,test,1,0.1295779047889524,-0.6693645119667053,1,1,10,,
CV1 | nets=1 | frames=10,test,2,-0.1623723264424866,-0.7367538809776306,1,1,10,,
CV1 | nets=1 | frames=10,test,3,-0.123156073161201,-0.7232442498207092,1,1,10,,
CV1 | nets=1 | frames=10,test,4,0.3453760393512503,-0.5800089836120605,1,1,10,,
CV1 | nets=1 | frames=10,test,5,-0.3979398483632574,-0.7157425880432129,1,1,10,,
CV1 | nets=1 | frames=10,test,6,0.2126940386242633,-0.59947669506073,1,1,10,,
CV1 | nets=1 | frames=10,test,7,0.0950451355151094,-0.6615055203437805,1,1,10,,
CV1 | nets=1 | frames=10,test,8,-0.0648093100969477,-0.6908388137817383,1,1,10,,
CV1 | nets=1 | frames=10,test,9,-0.0036101382641459,-0.6823389530181885,1,1,10,,
CV1 | nets=1 | frames=10,test,10,0.2259070200709375,-0.6119553446769714,1,1,10,,
CV1 | nets=1 | frames=10,test,11,-0.2448221358235529,-0.7284097075462341,1,1,10,,
CV1 | nets=1 | frames=10,test,12,-0.3251896560062025,-0.7218807339668274,1,1,10,,
CV1 | nets=1 | frames=10,test,13,0.1639582164351763,-0.5906312465667725,1,1,10,,
CV1 | nets=1 | frames=10,test,14,0.2767388091190165,-0.6676666140556335,1,1,10,,
CV1 | nets=1 | frames=10,test,15,0.2817123526652541,-0.6437471508979797,1,1,10,,
CV1 | nets=1 | frames=10,test,16,-0.1737797852877405,-0.7326579689979553,1,1,10,,
CV1 | nets=1 | frames=10,test,17,-0.5936111989220015,-0.7407823801040649,1,1,10,,
CV1 | nets=1 | frames=10,test,18,0.2708167150760829,-0.5960987210273743,1,1,10,,
CV1 | nets=1 | frames=10,test,19,-0.0488976389824205,-0.6881276369094849,1,1,10,,
CV1 | nets=1 | frames=10,test,20,0.3374250403982374,-0.5770497918128967,1,1,10,,
CV1 | nets=1 | frames=10,test,21,0.144219835421564,-0.6775442957878113,1,1,10,,
CV1 | nets=1 | frames=10,test,22,0.2238599590476573,-0.6113694310188293,1,1,10,,
CV1 | nets=1 | frames=10,test,23,-0.2110936628700718,-0.7290897369384766,1,1,10,,
CV1 | nets=1 | frames=10,test,24,-0.135107647284631,-0.7111731171607971,1,1,10,,
CV1 | nets=1 | frames=10,test,25,-0.2879174109079594,-0.7097389101982117,1,1,10,,
CV1 | nets=1 | frames=10,test,26,-0.0869858031149348,-0.7266877293586731,1,1,10,,
CV1 | nets=1 | frames=10,test,27,0.0729596003150843,-0.6699430346488953,1,1,10,,
CV1 | nets=1 | frames=10,test,28,-0.0473741087700227,-0.7394539713859558,1,1,10,,
CV1 | nets=1 | frames=10,test,29,-0.1740479126403528,-0.7067019939422607,1,1,10,,
CV1 | nets=1 | frames=10,test,30,-0.1534844106106529,-0.7460352778434753,1,1,10,,
CV1 | nets=1 | frames=10,test,31,-0.3339993893646671,-0.699869692325592,1,1,10,,
CV1 | nets=1 | frames=10,test,32,-0.2983576891176249,-0.7452426552772522,1,1,10,,
CV1 | nets=1 | frames=10,test,33,-0.0843642366678143,-0.7028895020484924,1,1,10,,
CV1 | nets=1 | frames=10,test,34,-0.2273098506600647,-0.6936628222465515,1,1,10,,
CV1 | nets=1 | frames=10,test,35,0.150316153738502,-0.624046266078949,1,1,10,,
CV1 | nets=1 | frames=10,test,36,-0.2691509251686252,-0.6989972591400146,1,1,10,,
CV1 | nets=1 | frames=10,test,37,0.1269998279169667,-0.6620111465454102,1,1,10,,
CV1 | nets=1 | frames=10,test,38,0.3220806426408416,-0.5726445317268372,1,1,10,,
CV1 | nets=1 | frames=10,test,39,-0.3233661435786948,-0.7187517285346985,1,1,10,,
CV1 | nets=1 | frames=10,test,40,-0.1666568671096066,-0.7288547158241272,1,1,10,,
CV1 | nets=1 | frames=10,test,41,-0.0608276768648222,-0.7439351677894592,1,1,10,,
CV1 | nets=1 | frames=10,test,42,0.2821721893243829,-0.6144124269485474,1,1,10,,
CV1 | nets=1 | frames=10,test,43,-0.0591450573123482,-0.729227602481842,1,1,10,,
CV1 | nets=1 | frames=10,test,44,-0.2523187814106471,-0.7447109818458557,1,1,10,,
CV1 | nets=1 | frames=10,test,45,0.2693791688852633,-0.6476462483406067,1,1,10,,
CV1 | nets=1 | frames=10,test,46,-0.157111034083224,-0.7208389639854431,1,1,10,,
CV1 | nets=1 | frames=10,test,47,0.1606833051492441,-0.6698865294456482,1,1,10,,
CV1 | nets=1 | frames=10,test,48,0.172504695096772,-0.6080347895622253,1,1,10,,
CV1 | nets=1 | frames=10,test,49,0.3873779088920612,-0.5482606291770935,1,1,10,,
CV1 | nets=1 | frames=10,test,50,-0.100209652453205,-0.6914880275726318,1,1,10,,
CV1 | nets=1 | frames=10,test,51,0.1807945702326933,-0.6599937677383423,1,1,10,,
CV1 | nets=1 | frames=10,test,52,-0.2190887259038099,-0.7359432578086853,1,1,10,,
CV1 | nets=1 | frames=10,test,53,0.0386789596579197,-0.6958943009376526,1,1,10,,
CV1 | nets=1 | frames=10,test,54,-0.1466400227827606,-0.7242205142974854,1,1,10,,
CV1 | nets=1 | frames=10,test,55,-0.1466582167541242,-0.7140954732894897,1,1,10,,
CV1 | nets=1 | frames=10,test,56,0.3543707109293127,-0.6110332012176514,1,1,10,,
CV1 | nets=1 | frames=10,test,57,-0.2504451898786599,-0.6842387914657593,1,1,10,,
CV1 | nets=1 | frames=10,test,58,-0.0803696162881754,-0.6966110467910767,1,1,10,,
CV1 | nets=1 | frames=10,test,59,-0.1277120103792852,-0.7321496605873108,1,1,10,,
CV1 | nets=1 | frames=10,test,60,0.3812481697430855,-0.5693649053573608,1,1,10,,
CV1 | nets=1 | frames=10,test,61,-0.4003789014783009,-0.7130003571510315,1,1,10,,
CV1 | nets=1 | frames=10,test,62,0.2511593493496609,-0.65754634141922,1,1,10,,
CV1 | nets=1 | frames=10,test,63,-0.1963377719651293,-0.698900043964386,1,1,10,,
CV1 | nets=1 | frames=10,test,64,0.2011468693729077,-0.6615875363349915,1,1,10,,
CV1 | nets=1 | frames=10,test,65,0.1834175400503848,-0.6603550910949707,1,1,10,,
CV1 | nets=1 | frames=10,test,66,0.1677718678598186,-0.6840234398841858,1,1,10,,
CV1 | nets=1 | frames=10,test,67,0.2103549124683166,-0.5939108729362488,1,1,10,,
CV1 | nets=1 | frames=10,test,68,-0.2124182814927736,-0.7500969171524048,1,1,10,,
CV1 | nets=1 | frames=10,test,69,0.2427422463907798,-0.6327705979347229,1,1,10,,
CV1 | nets=1 | frames=10,test,70,-0.198060037637249,-0.7682187557220459,1,1,10,,
CV1 | nets=1 | frames=10,test,71,-0.3247762104239115,-0.7642934918403625,1,1,10,,
CV1 | nets=1 | frames=10,test,72,-0.1773883670701692,-0.7644705176353455,1,1,10,,
CV1 | nets=1 | frames=10,test,73,-0.2061780215112254,-0.6858506798744202,1,1,10,,
CV1 | nets=1 | frames=10,test,74,-0.1515654324056017,-0.7265509963035583,1,1,10,,
CV1 | nets=1 | frames=10,test,75,-0.1319308250403395,-0.7291324138641357,1,1,10,,
CV1 | nets=1 | frames=25,train,0,-0.0669511275618616,-0.6599212884902954,1,1,25,,
CV1 | nets=1 | frames=25,test,0,-0.2360464098886152,-0.6257082223892212,1,1,25,,
CV1 | nets=1 | frames=25,test,1,0.1295779047889524,-0.6202985048294067,1,1,25,,
CV1 | nets=1 | frames=25,test,2,-0.1623723264424866,-0.7050315141677856,1,1,25,,
CV1 | nets=1 | frames=25,test,3,-0.123156073161201,-0.6572701930999756,1,1,25,,
CV1 | nets=1 | frames=25,test,4,0.3453760393512503,-0.600213348865509,1,1,25,,
CV1 | nets=1 | frames=25,test,5,-0.3979398483632574,-0.6861223578453064,1,1,25,,
CV1 | nets=1 | frames=25,test,6,0.2126940386242633,-0.6172633767127991,1,1,25,,
CV1 | nets=1 | frames=25,test,7,0.0950451355151094,-0.6505839824676514,1,1,25,,
CV1 | nets=1 | frames=25,test,8,-0.0648093100969477,-0.660403847694397,1,1,25,,
CV1 | nets=1 | frames=25,test,9,-0.0036101382641459,-0.6506832242012024,1,1,25,,
CV1 | nets=1 | frames=25,test,10,0.2259070200709375,-0.6181797385215759,1,1,25,,
CV1 | nets=1 | frames=25,test,11,-0.2448221358235529,-0.6851889491081238,1,1,25,,
CV1 | nets=1 | frames=25,test,12,-0.3251896560062025,-0.677878737449646,1,1,25,,
CV1 | nets=1 | frames=25,test,13,0.1639582164351763,-0.6097500920295715,1,1,25,,
CV1 | nets=1 | frames=25,test,14,0.2767388091190165,-0.6219509840011597,1,1,25,,
CV1 | nets=1 | frames=25,test,15,0.2817123526652541,-0.6244708299636841,1,1,25,,
CV1 | nets=1 | frames=25,test,16,-0.1737797852877405,-0.6790843605995178,1,1,25,,
CV1 | nets=1 | frames=25,test,17,-0.5936111989220015,-0.6987401843070984,1,1,25,,
CV1 | nets=1 | frames=25,test,18,0.2708167150760829,-0.5940579771995544,1,1,25,,
CV1 | nets=1 | frames=25,test,19,-0.0488976389824205,-0.6585716009140015,1,1,25,,
CV1 | nets=1 | frames=25,test,20,0.3374250403982374,-0.5592060089111328,1,1,25,,
CV1 | nets=1 | frames=25,test,21,0.144219835421564,-0.6426951885223389,1,1,25,,
CV1 | nets=1 | frames=25,test,22,0.2238599590476573,-0.6151936650276184,1,1,25,,
CV1 | nets=1 | frames=25,test,23,-0.2110936628700718,-0.6769707202911377,1,1,25,,
CV1 | nets=1 | frames=25,test,24,-0.135107647284631,-0.6791768670082092,1,1,25,,
CV1 | nets=1 | frames=25,test,25,-0.2879174109079594,-0.6629880666732788,1,1,25,,
CV1 | nets=1 | frames=25,test,26,-0.0869858031149348,-0.6638965606689453,1,1,25,,
CV1 | nets=1 | frames=25,test,27,0.0729596003150843,-0.6522101759910583,1,1,25,,
CV1 | nets=1 | frames=25,test,28,-0.0473741087700227,-0.6717674136161804,1,1,25,,
CV1 | nets=1 | frames=25,test,29,-0.1740479126403528,-0.6834510564804077,1,1,25,,
CV1 | nets=1 | frames=25,test,30,-0.1534844106106529,-0.7204182147979736,1,1,25,,
CV1 | nets=1 | frames=25,test,31,-0.3339993893646671,-0.6526810526847839,1,1,25,,
CV1 | nets=1 | frames=25,test,32,-0.2983576891176249,-0.6618940830230713,1,1,25,,
CV1 | nets=1 | frames=25,test,33,-0.0843642366678143,-0.6569586992263794,1,1,25,,
CV1 | nets=1 | frames=25,test,34,-0.2273098506600647,-0.6382221579551697,1,1,25,,
CV1 | nets=1 | frames=25,test,35,0.150316153738502,-0.6180999875068665,1,1,25,,
CV1 | nets=1 | frames=25,test,36,-0.2691509251686252,-0.6566997170448303,1,1,25,,
CV1 | nets=1 | frames=25,test,37,0.1269998279169667,-0.6599029898643494,1,1,25,,
CV1 | nets=1 | frames=25,test,38,0.3220806426408416,-0.62212073802948,1,1,25,,
CV1 | nets=1 | frames=25,test,39,-0.3233661435786948,-0.7116173505783081,1,1,25,,
CV1 | nets=1 | frames=25,test,40,-0.1666568671096066,-0.6870598196983337,1,1,25,,
CV1 | nets=1 | frames=25,test,41,-0.0608276768648222,-0.6949964165687561,1,1,25,,
CV1 | nets=1 | frames=25,test,42,0.2821721893243829,-0.5903398990631104,1,1,25,,
CV1 | nets=1 | frames=25,test,43,-0.0591450573123482,-0.6836830377578735,1,1,25,,
CV1 | nets=1 | frames=25,test,44,-0.2523187814106471,-0.6943169236183167,1,1,25,,
CV1 | nets=1 | frames=25,test,45,0.2693791688852633,-0.6159153580665588,1,1,25,,
CV1 | nets=1 | frames=25,test,46,-0.157111034083224,-0.6601384878158569,1,1,25,,
CV1 | nets=1 | frames=25,test,47,0.1606833051492441,-0.650033712387085,1,1,25,,
CV1 | nets=1 | frames=25,test,48,0.172504695096772,-0.6537768840789795,1,1,25,,
CV1 | nets=1 | frames=25,test,49,0.3873779088920612,-0.5833523273468018,1,1,25,,
CV1 | nets=1 | frames=25,test,50,-0.100209652453205,-0.6557958722114563,1,1,25,,
CV1 | nets=1 | frames=25,test,51,0.1807945702326933,-0.6626878380775452,1,1,25,,
CV1 | nets=1 | frames=25,test,52,-0.2190887259038099,-0.6809654235839844,1,1,25,,
CV1 | nets=1 | frames=25,test,53,0.0386789596579197,-0.668651819229126,1,1,25,,
CV1 | nets=1 | frames=25,test,54,-0.1466400227827606,-0.6698980331420898,1,1,25,,
CV1 | nets=1 | frames=25,test,55,-0.1466582167541242,-0.6817873120307922,1,1,25,,
CV1 | nets=1 | frames=25,test,56,0.3543707109293127,-0.5807141065597534,1,1,25,,
CV1 | nets=1 | frames=25,test,57,-0.2504451898786599,-0.6838195323944092,1,1,25,,
CV1 | nets=1 | frames=25,test,58,-0.0803696162881754,-0.6562227010726929,1,1,25,,
CV1 | nets=1 | frames=25,test,59,-0.1277120103792852,-0.6829328536987305,1,1,25,,
CV1 | nets=1 | frames=25,test,60,0.3812481697430855,-0.602492094039917,1,1,25,,
CV1 | nets=1 | frames=25,test,61,-0.4003789014783009,-0.6931097507476807,1,1,25,,
CV1 | nets=1 | frames=25,test,62,0.2511593493496609,-0.6025486588478088,1,1,25,,
CV1 | nets=1 | frames=25,test,63,-0.1963377719651293,-0.6880770325660706,1,1,25,,
CV1 | nets=1 | frames=25,test,64,0.2011468693729077,-0.6512019038200378,1,1,25,,
CV1 | nets=1 | frames=25,test,65,0.1834175400503848,-0.655540943145752,1,1,25,,
CV1 | nets=1 | frames=25,test,66,0.1677718678598186,-0.6450597047805786,1,1,25,,
CV1 | nets=1 | frames=25,test,67,0.2103549124683166,-0.6232532262802124,1,1,25,,
CV1 | nets=1 | frames=25,test,68,-0.2124182814927736,-0.7029774785041809,1,1,25,,
CV1 | nets=1 | frames=25,test,69,0.2427422463907798,-0.6238602995872498,1,1,25,,
CV1 | nets=1 | frames=25,test,70,-0.198060037637249,-0.6983307600021362,1,1,25,,
CV1 | nets=1 | frames=25,test,71,-0.3247762104239115,-0.6559914946556091,1,1,25,,
CV1 | nets=1 | frames=25,test,72,-0.1773883670701692,-0.6612717509269714,1,1,25,,
CV1 | nets=1 | frames=25,test,73,-0.2061780215112254,-0.6387770175933838,1,1,25,,
CV1 | nets=1 | frames=25,test,74,-0.1515654324056017,-0.6820331811904907,1,1,25,,
CV1 | nets=1 | frames=25,test,75,-0.1319308250403395,-0.6776425838470459,1,1,25,,
CV1 | nets=1 | frames=50,train,0,-0.0669511275618616,-0.2958159148693084,1,1,50,,
CV1 | nets=1 | frames=50,test,0,-0.2360464098886152,-0.2807486653327942,1,1,50,,
CV1 | nets=1 | frames=50,test,1,0.1295779047889524,-0.4268642961978912,1,1,50,,
CV1 | nets=1 | frames=50,test,2,-0.1623723264424866,-0.2180500775575637,1,1,50,,
CV1 | nets=1 | frames=50,test,3,-0.123156073161201,-0.3351147770881653,1,1,50,,
CV1 | nets=1 | frames=50,test,4,0.3453760393512503,-0.5455392599105835,1,1,50,,
CV1 | nets=1 | frames=50,test,5,-0.3979398483632574,-0.2529045343399048,1,1,50,,
CV1 | nets=1 | frames=50,test,6,0.2126940386242633,-0.4640116095542907,1,1,50,,
CV1 | nets=1 | frames=50,test,7,0.0950451355151094,-0.3621811866760254,1,1,50,,
CV1 | nets=1 | frames=50,test,8,-0.0648093100969477,-0.353919118642807,1,1,50,,
CV1 | nets=1 | frames=50,test,9,-0.0036101382641459,-0.3771940767765045,1,1,50,,
CV1 | nets=1 | frames=50,test,10,0.2259070200709375,-0.4964123070240021,1,1,50,,
CV1 | nets=1 | frames=50,test,11,-0.2448221358235529,-0.2642411291599273,1,1,50,,
CV1 | nets=1 | frames=50,test,12,-0.3251896560062025,-0.2988337576389313,1,1,50,,
CV1 | nets=1 | frames=50,test,13,0.1639582164351763,-0.4816141426563263,1,1,50,,
CV1 | nets=1 | frames=50,test,14,0.2767388091190165,-0.3998643457889557,1,1,50,,
CV1 | nets=1 | frames=50,test,15,0.2817123526652541,-0.4845384955406189,1,1,50,,
CV1 | nets=1 | frames=50,test,16,-0.1737797852877405,-0.2440599352121353,1,1,50,,
CV1 | nets=1 | frames=50,test,17,-0.5936111989220015,-0.2632950842380523,1,1,50,,
CV1 | nets=1 | frames=50,test,18,0.2708167150760829,-0.4537492096424103,1,1,50,,
CV1 | nets=1 | frames=50,test,19,-0.0488976389824205,-0.3118723630905151,1,1,50,,
CV1 | nets=1 | frames=50,test,20,0.3374250403982374,-0.552127480506897,1,1,50,,
CV1 | nets=1 | frames=50,test,21,0.144219835421564,-0.3269290626049042,1,1,50,,
CV1 | nets=1 | frames=50,test,22,0.2238599590476573,-0.4390133619308471,1,1,50,,
CV1 | nets=1 | frames=50,test,23,-0.2110936628700718,-0.2391045838594436,1,1,50,,
CV1 | nets=1 | frames=50,test,24,-0.135107647284631,-0.2314166277647018,1,1,50,,
CV1 | nets=1 | frames=50,test,25,-0.2879174109079594,-0.2256178706884384,1,1,50,,
CV1 | nets=1 | frames=50,test,26,-0.0869858031149348,-0.2165910452604293,1,1,50,,
CV1 | nets=1 | frames=50,test,27,0.0729596003150843,-0.3566194772720337,1,1,50,,
CV1 | nets=1 | frames=50,test,28,-0.0473741087700227,-0.2216662466526031,1,1,50,,
CV1 | nets=1 | frames=50,test,29,-0.1740479126403528,-0.2708974480628967,1,1,50,,
CV1 | nets=1 | frames=50,test,30,-0.1534844106106529,-0.2412371486425399,1,1,50,,
CV1 | nets=1 | frames=50,test,31,-0.3339993893646671,-0.2541039586067199,1,1,50,,
CV1 | nets=1 | frames=50,test,32,-0.2983576891176249,-0.2371937930583953,1,1,50,,
CV1 | nets=1 | frames=50,test,33,-0.0843642366678143,-0.3264993131160736,1,1,50,,
CV1 | nets=1 | frames=50,test,34,-0.2273098506600647,-0.2741961777210235,1,1,50,,
CV1 | nets=1 | frames=50,test,35,0.150316153738502,-0.4385141730308532,1,1,50,,
CV1 | nets=1 | frames=50,test,36,-0.2691509251686252,-0.291390061378479,1,1,50,,
CV1 | nets=1 | frames=50,test,37,0.1269998279169667,-0.3710590302944183,1,1,50,,
CV1 | nets=1 | frames=50,test,38,0.3220806426408416,-0.5432260036468506,1,1,50,,
CV1 | nets=1 | frames=50,test,39,-0.3233661435786948,-0.2444601058959961,1,1,50,,
CV1 | nets=1 | frames=50,test,40,-0.1666568671096066,-0.253630518913269,1,1,50,,
CV1 | nets=1 | frames=50,test,41,-0.0608276768648222,-0.2553839385509491,1,1,50,,
CV1 | nets=1 | frames=50,test,42,0.2821721893243829,-0.4916983842849731,1,1,50,,
CV1 | nets=1 | frames=50,test,43,-0.0591450573123482,-0.2053829878568649,1,1,50,,
CV1 | nets=1 | frames=50,test,44,-0.2523187814106471,-0.2201796025037765,1,1,50,,
CV1 | nets=1 | frames=50,test,45,0.2693791688852633,-0.4255576431751251,1,1,50,,
CV1 | nets=1 | frames=50,test,46,-0.157111034083224,-0.2601308822631836,1,1,50,,
CV1 | nets=1 | frames=50,test,47,0.1606833051492441,-0.360402911901474,1,1,50,,
CV1 | nets=1 | frames=50,test,48,0.172504695096772,-0.4104730188846588,1,1,50,,
CV1 | nets=1 | frames=50,test,49,0.3873779088920612,-0.5574870705604553,1,1,50,,
CV1 | nets=1 | frames=50,test,50,-0.100209652453205,-0.2809107601642608,1,1,50,,
CV1 | nets=1 | frames=50,test,51,0.1807945702326933,-0.3890751302242279,1,1,50,,
CV1 | nets=1 | frames=50,test,52,-0.2190887259038099,-0.2380428165197372,1,1,50,,
CV1 | nets=1 | frames=50,test,53,0.0386789596579197,-0.3216631114482879,1,1,50,,
CV1 | nets=1 | frames=50,test,54,-0.1466400227827606,-0.3040391504764557,1,1,50,,
CV1 | nets=1 | frames=50,test,55,-0.1466582167541242,-0.2296890020370483,1,1,50,,
CV1 | nets=1 | frames=50,test,56,0.3543707109293127,-0.5318180322647095,1,1,50,,
CV1 | nets=1 | frames=50,test,57,-0.2504451898786599,-0.2837017178535461,1,1,50,,
CV1 | nets=1 | frames=50,test,58,-0.0803696162881754,-0.2878377735614776,1,1,50,,
CV1 | nets=1 | frames=50,test,59,-0.1277120103792852,-0.2498214095830917,1,1,50,,
CV1 | nets=1 | frames=50,test,60,0.3812481697430855,-0.5426657199859619,1,1,50,,
CV1 | nets=1 | frames=50,test,61,-0.4003789014783009,-0.2720673382282257,1,1,50,,
CV1 | nets=1 | frames=50,test,62,0.2511593493496609,-0.4094834923744201,1,1,50,,
CV1 | nets=1 | frames=50,test,63,-0.1963377719651293,-0.2541564404964447,1,1,50,,
CV1 | nets=1 | frames=50,test,64,0.2011468693729077,-0.3896083235740661,1,1,50,,
CV1 | nets=1 | frames=50,test,65,0.1834175400503848,-0.3756721019744873,1,1,50,,
CV1 | nets=1 | frames=50,test,66,0.1677718678598186,-0.3351480364799499,1,1,50,,
CV1 | nets=1 | frames=50,test,67,0.2103549124683166,-0.4939278960227966,1,1,50,,
CV1 | nets=1 | frames=50,test,68,-0.2124182814927736,-0.2447172999382019,1,1,50,,
CV1 | nets=1 | frames=50,test,69,0.2427422463907798,-0.4212006330490112,1,1,50,,
CV1 | nets=1 | frames=50,test,70,-0.198060037637249,-0.2205350399017334,1,1,50,,
CV1 | nets=1 | frames=50,test,71,-0.3247762104239115,-0.2081227749586105,1,1,50,,
CV1 | nets=1 | frames=50,test,72,-0.1773883670701692,-0.2890419363975525,1,1,50,,
CV1 | nets=1 | frames=50,test,73,-0.2061780215112254,-0.2875564694404602,1,1,50,,
CV1 | nets=1 | frames=50,test,74,-0.1515654324056017,-0.2496682405471801,1,1,50,,
CV1 | nets=1 | frames=50,test,75,-0.1319308250403395,-0.2887391149997711,1,1,50,,
CV1 | nets=1 | frames=100,train,0,-0.0669511275618616,-1.976423501968384,1,1,100,,
CV1 | nets=1 | frames=100,test,0,-0.2360464098886152,-1.9536281824111936,1,1,100,,
CV1 | nets=1 | frames=100,test,1,0.1295779047889524,-1.979088306427002,1,1,100,,
CV1 | nets=1 | frames=100,test,2,-0.1623723264424866,-2.0008633136749268,1,1,100,,
CV1 | nets=1 | frames=100,test,3,-0.123156073161201,-2.019286632537842,1,1,100,,
CV1 | nets=1 | frames=100,test,4,0.3453760393512503,-1.9294798374176023,1,1,100,,
CV1 | nets=1 | frames=100,test,5,-0.3979398483632574,-1.994811773300171,1,1,100,,
CV1 | nets=1 | frames=100,test,6,0.2126940386242633,-1.9158778190612795,1,1,100,,
CV1 | nets=1 | frames=100,test,7,0.0950451355151094,-1.9755171537399288,1,1,100,,
CV1 | nets=1 | frames=100,test,8,-0.0648093100969477,-2.008882761001587,1,1,100,,
CV1 | nets=1 | frames=100,test,9,-0.0036101382641459,-1.9857211112976076,1,1,100,,
CV1 | nets=1 | frames=100,test,10,0.2259070200709375,-1.948488712310791,1,1,100,,
CV1 | nets=1 | frames=100,test,11,-0.2448221358235529,-2.016695737838745,1,1,100,,
CV1 | nets=1 | frames=100,test,12,-0.3251896560062025,-2.0387227535247803,1,1,100,,
CV1 | nets=1 | frames=100,test,13,0.1639582164351763,-1.8993732929229736,1,1,100,,
CV1 | nets=1 | frames=100,test,14,0.2767388091190165,-1.953887104988098,1,1,100,,
CV1 | nets=1 | frames=100,test,15,0.2817123526652541,-1.969037413597107,1,1,100,,
CV1 | nets=1 | frames=100,test,16,-0.1737797852877405,-2.0018200874328613,1,1,100,,
CV1 | nets=1 | frames=100,test,17,-0.5936111989220015,-2.013377904891968,1,1,100,,
CV1 | nets=1 | frames=100,test,18,0.2708167150760829,-1.9099891185760496,1,1,100,,
CV1 | nets=1 | frames=100,test,19,-0.0488976389824205,-1.985124111175537,1,1,100,,
CV1 | nets=1 | frames=100,test,20,0.3374250403982374,-1.88356351852417,1,1,100,,
CV1 | nets=1 | frames=100,test,21,0.144219835421564,-1.9360450506210327,1,1,100,,
CV1 | nets=1 | frames=100,test,22,0.2238599590476573,-1.8956242799758911,1,1,100,,
CV1 | nets=1 | frames=100,test,23,-0.2110936628700718,-1.983255386352539,1,1,100,,
CV1 | nets=1 | frames=100,test,24,-0.135107647284631,-1.949202060699463,1,1,100,,
CV1 | nets=1 | frames=100,test,25,-0.2879174109079594,-1.9477360248565676,1,1,100,,
CV1 | nets=1 | frames=100,test,26,-0.0869858031149348,-1.9724760055541992,1,1,100,,
CV1 | nets=1 | frames=100,test,27,0.0729596003150843,-2.000882148742676,1,1,100,,
CV1 | nets=1 | frames=100,test,28,-0.0473741087700227,-2.0337228775024414,1,1,100,,
CV1 | nets=1 | frames=100,test,29,-0.1740479126403528,-1.9503979682922363,1,1,100,,
CV1 | nets=1 | frames=100,test,30,-0.1534844106106529,-2.0485281944274902,1,1,100,,
CV1 | nets=1 | frames=100,test,31,-0.3339993893646671,-1.956159830093384,1,1,100,,
CV1 | nets=1 | frames=100,test,32,-0.2983576891176249,-1.9910509586334229,1,1,100,,
CV1 | nets=1 | frames=100,test,33,-0.0843642366678143,-2.010155439376831,1,1,100,,
CV1 | nets=1 | frames=100,test,34,-0.2273098506600647,-1.959069013595581,1,1,100,,
CV1 | nets=1 | frames=100,test,35,0.150316153738502,-1.9379817247390747,1,1,100,,
CV1 | nets=1 | frames=100,test,36,-0.2691509251686252,-1.987388610839844,1,1,100,,
CV1 | nets=1 | frames=100,test,37,0.1269998279169667,-1.96136474609375,1,1,100,,
CV1 | nets=1 | frames=100,test,38,0.3220806426408416,-1.9123691320419312,1,1,100,,
CV1 | nets=1 | frames=100,test,39,-0.3233661435786948,-2.0276429653167725,1,1,100,,
CV1 | nets=1 | frames=100,test,40,-0.1666568671096066,-2.018477201461792,1,1,100,,
CV1 | nets=1 | frames=100,test,41,-0.0608276768648222,-2.022658586502075,1,1,100,,
CV1 | nets=1 | frames=100,test,42,0.2821721893243829,-1.9859073162078855,1,1,100,,
CV1 | nets=1 | frames=100,test,43,-0.0591450573123482,-1.949652910232544,1,1,100,,
CV1 | nets=1 | frames=100,test,44,-0.2523187814106471,-1.9975662231445312,1,1,100,,
CV1 | nets=1 | frames=100,test,45,0.2693791688852633,-1.963550806045532,1,1,100,,
CV1 | nets=1 | frames=100,test,46,-0.157111034083224,-1.983936309814453,1,1,100,,
CV1 | nets=1 | frames=100,test,47,0.1606833051492441,-1.987268686294556,1,1,100,,
CV1 | nets=1 | frames=100,test,48,0.172504695096772,-1.929880976676941,1,1,100,,
CV1 | nets=1 | frames=100,test,49,0.3873779088920612,-1.884247064590454,1,1,100,,
CV1 | nets=1 | frames=100,test,50,-0.100209652453205,-1.9448281526565552,1,1,100,,
CV1 | nets=1 | frames=100,test,51,0.1807945702326933,-1.9957797527313232,1,1,100,,
CV1 | nets=1 | frames=100,test,52,-0.2190887259038099,-1.9842371940612795,1,1,100,,
CV1 | nets=1 | frames=100,test,53,0.0386789596579197,-2.0226025581359863,1,1,100,,
CV1 | nets=1 | frames=100,test,54,-0.1466400227827606,-2.015403985977173,1,1,100,,
CV1 | nets=1 | frames=100,test,55,-0.1466582167541242,-1.9755483865737915,1,1,100,,
CV1 | nets=1 | frames=100,test,56,0.3543707109293127,-1.9198784828186035,1,1,100,,
CV1 | nets=1 | frames=100,test,57,-0.2504451898786599,-1.9964470863342283,1,1,100,,
CV1 | nets=1 | frames=100,test,58,-0.0803696162881754,-2.026263475418091,1,1,100,,
CV1 | nets=1 | frames=100,test,59,-0.1277120103792852,-2.006840944290161,1,1,100,,
CV1 | nets=1 | frames=100,test,60,0.3812481697430855,-1.9079760313034055,1,1,100,,
CV1 | nets=1 | frames=100,test,61,-0.4003789014783009,-2.018203020095825,1,1,100,,
CV1 | nets=1 | frames=100,test,62,0.2511593493496609,-1.9329640865325928,1,1,100,,
CV1 | nets=1 | frames=100,test,63,-0.1963377719651293,-2.0208096504211426,1,1,100,,
CV1 | nets=1 | frames=100,test,64,0.2011468693729077,-1.973014235496521,1,1,100,,
CV1 | nets=1 | frames=100,test,65,0.1834175400503848,-2.0160861015319824,1,1,100,,
CV1 | nets=1 | frames=100,test,66,0.1677718678598186,-1.9766201972961424,1,1,100,,
CV1 | nets=1 | frames=100,test,67,0.2103549124683166,-1.9188690185546875,1,1,100,,
CV1 | nets=1 | frames=100,test,68,-0.2124182814927736,-2.0419023036956787,1,1,100,,
CV1 | nets=1 | frames=100,test,69,0.2427422463907798,-1.9288854598999023,1,1,100,,
CV1 | nets=1 | frames=100,test,70,-0.198060037637249,-2.061421155929565,1,1,100,,
CV1 | nets=1 | frames=100,test,71,-0.3247762104239115,-2.0140304565429688,1,1,100,,
CV1 | nets=1 | frames=100,test,72,-0.1773883670701692,-2.0378143787384038,1,1,100,,
CV1 | nets=1 | frames=100,test,73,-0.2061780215112254,-1.941173791885376,1,1,100,,
CV1 | nets=1 | frames=100,test,74,-0.1515654324056017,-2.0498220920562744,1,1,100,,
CV1 | nets=1 | frames=100,test,75,-0.1319308250403395,-2.023579835891724,1,1,100,,
CV1 | nets=2 | frames=2,train,0,-0.0669511275618616,2.6940300464630127,1,2,2,,
CV1 | nets=2 | frames=2,train,1,0.2410100211356636,2.7616214752197266,1,2,2,,
CV1 | nets=2 | frames=2,test,0,0.1295779047889524,2.7441084384918213,1,2,2,,
CV1 | nets=2 | frames=2,test,1,-0.1623723264424866,2.783242464065552,1,2,2,,
CV1 | nets=2 | frames=2,test,2,-0.123156073161201,2.7489707469940186,1,2,2,,
CV1 | nets=2 | frames=2,test,3,0.3453760393512503,2.75968074798584,1,2,2,,
CV1 | nets=2 | frames=2,test,4,-0.3979398483632574,2.778304100036621,1,2,2,,
CV1 | nets=2 | frames=2,test,5,0.2126940386242633,2.702312469482422,1,2,2,,
CV1 | nets=2 | frames=2,test,6,0.0950451355151094,2.737769842147827,1,2,2,,
CV1 | nets=2 | frames=2,test,7,-0.0648093100969477,2.6931040287017822,1,2,2,,
CV1 | nets=2 | frames=2,test,8,-0.0036101382641459,2.7377676963806152,1,2,2,,
CV1 | nets=2 | frames=2,test,9,0.2259070200709375,2.71736478805542,1,2,2,,
CV1 | nets=2 | frames=2,test,10,-0.2448221358235529,2.777139663696289,1,2,2,,
CV1 | nets=2 | frames=2,test,11,-0.3251896560062025,2.765522003173828,1,2,2,,
CV1 | nets=2 | frames=2,test,12,0.1639582164351763,2.750473499298096,1,2,2,,
CV1 | nets=2 | frames=2,test,13,0.2767388091190165,2.7669942378997803,1,2,2,,
CV1 | nets=2 | frames=2,test,14,0.2817123526652541,2.7518839836120605,1,2,2,,
CV1 | nets=2 | frames=2,test,15,-0.1737797852877405,2.7529475688934326,1,2,2,,
CV1 | nets=2 | frames=2,test,16,-0.5936111989220015,2.715721607208252,1,2,2,,
CV1 | nets=2 | frames=2,test,17,0.2708167150760829,2.73569393157959,1,2,2,,
CV1 | nets=2 | frames=2,test,18,-0.0488976389824205,2.7383289337158203,1,2,2,,
CV1 | nets=2 | frames=2,test,19,0.3374250403982374,2.638005018234253,1,2,2,,
CV1 | nets=2 | frames=2,test,20,0.144219835421564,2.7591373920440674,1,2,2,,
CV1 | nets=2 | frames=2,test,21,0.2238599590476573,2.732414484024048,1,2,2,,
CV1 | nets=2 | frames=2,test,22,-0.2110936628700718,2.739899158477783,1,2,2,,
CV1 | nets=2 | frames=2,test,23,-0.135107647284631,2.7529428005218506,1,2,2,,
CV1 | nets=2 | frames=2,test,24,-0.2879174109079594,2.7349226474761963,1,2,2,,
CV1 | nets=2 | frames=2,test,25,-0.0869858031149348,2.712153911590576,1,2,2,,
CV1 | nets=2 | frames=2,test,26,0.0729596003150843,2.7178401947021484,1,2,2,,
CV1 | nets=2 | frames=2,test,27,-0.0473741087700227,2.706657648086548,1,2,2,,
CV1 | nets=2 | frames=2,test,28,-0.1740479126403528,2.795818567276001,1,2,2,,
CV1 | nets=2 | frames=2,test,29,-0.1534844106106529,2.8030385971069336,1,2,2,,
CV1 | nets=2 | frames=2,test,30,-0.3339993893646671,2.731908082962036,1,2,2,,
CV1 | nets=2 | frames=2,test,31,-0.2983576891176249,2.73551869392395,1,2,2,,
CV1 | nets=2 | frames=2,test,32,-0.0843642366678143,2.7010045051574707,1,2,2,,
CV1 | nets=2 | frames=2,test,33,-0.2273098506600647,2.6233410835266118,1,2,2,,
CV1 | nets=2 | frames=2,test,34,0.150316153738502,2.748919010162353,1,2,2,,
CV1 | nets=2 | frames=2,test,35,-0.2691509251686252,2.7123830318450928,1,2,2,,
CV1 | nets=2 | frames=2,test,36,0.1269998279169667,2.7487542629241943,1,2,2,,
CV1 | nets=2 | frames=2,test,37,0.3220806426408416,2.8311855792999268,1,2,2,,
CV1 | nets=2 | frames=2,test,38,-0.3233661435786948,2.772308349609375,1,2,2,,
CV1 | nets=2 | frames=2,test,39,-0.1666568671096066,2.7828211784362797,1,2,2,,
CV1 | nets=2 | frames=2,test,40,-0.0608276768648222,2.8210818767547607,1,2,2,,
CV1 | nets=2 | frames=2,test,41,0.2821721893243829,2.683192491531372,1,2,2,,
CV1 | nets=2 | frames=2,test,42,-0.0591450573123482,2.7533390522003174,1,2,2,,
CV1 | nets=2 | frames=2,test,43,-0.2523187814106471,2.742836236953736,1,2,2,,
CV1 | nets=2 | frames=2,test,44,0.2693791688852633,2.7142088413238525,1,2,2,,
CV1 | nets=2 | frames=2,test,45,-0.157111034083224,2.71470046043396,1,2,2,,
CV1 | nets=2 | frames=2,test,46,0.1606833051492441,2.706825256347656,1,2,2,,
CV1 | nets=2 | frames=2,test,47,0.172504695096772,2.7756764888763428,1,2,2,,
CV1 | nets=2 | frames=2,test,48,0.3873779088920612,2.7007687091827397,1,2,2,,
CV1 | nets=2 | frames=2,test,49,-0.100209652453205,2.723387718200684,1,2,2,,
CV1 | nets=2 | frames=2,test,50,0.1807945702326933,2.794977903366089,1,2,2,,
CV1 | nets=2 | frames=2,test,51,-0.2190887259038099,2.7442967891693115,1,2,2,,
CV1 | nets=2 | frames=2,test,52,0.0386789596579197,2.773226022720337,1,2,2,,
CV1 | nets=2 | frames=2,test,53,-0.1466400227827606,2.722058057785034,1,2,2,,
CV1 | nets=2 | frames=2,test,54,-0.1466582167541242,2.714498519897461,1,2,2,,
CV1 | nets=2 | frames=2,test,55,0.3543707109293127,2.701889038085937,1,2,2,,
CV1 | nets=2 | frames=2,test,56,-0.2504451898786599,2.792102813720703,1,2,2,,
CV1 | nets=2 | frames=2,test,57,-0.0803696162881754,2.727749347686768,1,2,2,,
CV1 | nets=2 | frames=2,test,58,-0.1277120103792852,2.7541420459747314,1,2,2,,
CV1 | nets=2 | frames=2,test,59,0.3812481697430855,2.7758617401123047,1,2,2,,
CV1 | nets=2 | frames=2,test,60,-0.4003789014783009,2.751885175704956,1,2,2,,
CV1 | nets=2 | frames=2,test,61,0.2511593493496609,2.7153329849243164,1,2,2,,
CV1 | nets=2 | frames=2,test,62,-0.1963377719651293,2.768425703048706,1,2,2,,
CV1 | nets=2 | frames=2,test,63,0.2011468693729077,2.736995220184326,1,2,2,,
CV1 | nets=2 | frames=2,test,64,0.1834175400503848,2.7357678413391118,1,2,2,,
CV1 | nets=2 | frames=2,test,65,0.1677718678598186,2.7167043685913086,1,2,2,,
CV1 | nets=2 | frames=2,test,66,0.2103549124683166,2.7538950443267822,1,2,2,,
CV1 | nets=2 | frames=2,test,67,-0.2124182814927736,2.792619466781616,1,2,2,,
CV1 | nets=2 | frames=2,test,68,0.2427422463907798,2.730879068374634,1,2,2,,
CV1 | nets=2 | frames=2,test,69,-0.198060037637249,2.751101016998291,1,2,2,,
CV1 | nets=2 | frames=2,test,70,-0.3247762104239115,2.60201358795166,1,2,2,,
CV1 | nets=2 | frames=2,test,71,-0.1773883670701692,2.7325894832611084,1,2,2,,
CV1 | nets=2 | frames=2,test,72,-0.2061780215112254,2.663547277450561,1,2,2,,
CV1 | nets=2 | frames=2,test,73,-0.1515654324056017,2.7225582599639893,1,2,2,,
CV1 | nets=2 | frames=2,test,74,-0.1319308250403395,2.7240095138549805,1,2,2,,
CV1 | nets=2 | frames=5,train,0,-0.0669511275618616,5.689752578735352,1,2,5,,
CV1 | nets=2 | frames=5,train,1,0.2410100211356636,2.056509017944336,1,2,5,,
CV1 | nets=2 | frames=5,test,0,0.1295779047889524,3.118627548217773,1,2,5,,
CV1 | nets=2 | frames=5,test,1,-0.1623723264424866,7.104700565338135,1,2,5,,
CV1 | nets=2 | frames=5,test,2,-0.123156073161201,5.387719631195068,1,2,5,,
CV1 | nets=2 | frames=5,test,3,0.3453760393512503,0.9474303722381592,1,2,5,,
CV1 | nets=2 | frames=5,test,4,-0.3979398483632574,6.3408050537109375,1,2,5,,
CV1 | nets=2 | frames=5,test,5,0.2126940386242633,2.01892614364624,1,2,5,,
CV1 | nets=2 | frames=5,test,6,0.0950451355151094,4.248168468475342,1,2,5,,
CV1 | nets=2 | frames=5,test,7,-0.0648093100969477,5.089077949523926,1,2,5,,
CV1 | nets=2 | frames=5,test,8,-0.0036101382641459,4.400691032409668,1,2,5,,
CV1 | nets=2 | frames=5,test,9,0.2259070200709375,1.7991411685943604,1,2,5,,
CV1 | nets=2 | frames=5,test,10,-0.2448221358235529,6.734222888946533,1,2,5,,
CV1 | nets=2 | frames=5,test,11,-0.3251896560062025,5.937577247619629,1,2,5,,
CV1 | nets=2 | frames=5,test,12,0.1639582164351763,1.7449984550476074,1,2,5,,
CV1 | nets=2 | frames=5,test,13,0.2767388091190165,2.9737019538879395,1,2,5,,
CV1 | nets=2 | frames=5,test,14,0.2817123526652541,1.914153814315796,1,2,5,,
CV1 | nets=2 | frames=5,test,15,-0.1737797852877405,6.752607822418213,1,2,5,,
CV1 | nets=2 | frames=5,test,16,-0.5936111989220015,6.777738094329834,1,2,5,,
CV1 | nets=2 | frames=5,test,17,0.2708167150760829,2.0354104042053223,1,2,5,,
CV1 | nets=2 | frames=5,test,18,-0.0488976389824205,5.087535381317139,1,2,5,,
CV1 | nets=2 | frames=5,test,19,0.3374250403982374,0.8482921719551086,1,2,5,,
CV1 | nets=2 | frames=5,test,20,0.144219835421564,3.866219520568848,1,2,5,,
CV1 | nets=2 | frames=5,test,21,0.2238599590476573,2.3363468647003174,1,2,5,,
CV1 | nets=2 | frames=5,test,22,-0.2110936628700718,6.739627361297607,1,2,5,,
CV1 | nets=2 | frames=5,test,23,-0.135107647284631,6.3367462158203125,1,2,5,,
CV1 | nets=2 | frames=5,test,24,-0.2879174109079594,6.412965774536133,1,2,5,,
CV1 | nets=2 | frames=5,test,25,-0.0869858031149348,6.289303302764893,1,2,5,,
CV1 | nets=2 | frames=5,test,26,0.0729596003150843,4.381118774414063,1,2,5,,
CV1 | nets=2 | frames=5,test,27,-0.0473741087700227,7.054967403411865,1,2,5,,
CV1 | nets=2 | frames=5,test,28,-0.1740479126403528,6.00723934173584,1,2,5,,
CV1 | nets=2 | frames=5,test,29,-0.1534844106106529,7.230597019195557,1,2,5,,
CV1 | nets=2 | frames=5,test,30,-0.3339993893646671,6.438787937164307,1,2,5,,
CV1 | nets=2 | frames=5,test,31,-0.2983576891176249,6.746746063232422,1,2,5,,
CV1 | nets=2 | frames=5,test,32,-0.0843642366678143,4.730812072753906,1,2,5,,
CV1 | nets=2 | frames=5,test,33,-0.2273098506600647,6.261448860168457,1,2,5,,
CV1 | nets=2 | frames=5,test,34,0.150316153738502,2.708467483520508,1,2,5,,
CV1 | nets=2 | frames=5,test,35,-0.2691509251686252,5.954387187957764,1,2,5,,
CV1 | nets=2 | frames=5,test,36,0.1269998279169667,3.8499324321746826,1,2,5,,
CV1 | nets=2 | frames=5,test,37,0.3220806426408416,0.8486382961273193,1,2,5,,
CV1 | nets=2 | frames=5,test,38,-0.3233661435786948,6.733544826507568,1,2,5,,
CV1 | nets=2 | frames=5,test,39,-0.1666568671096066,6.708971977233887,1,2,5,,
CV1 | nets=2 | frames=5,test,40,-0.0608276768648222,5.981030464172363,1,2,5,,
CV1 | nets=2 | frames=5,test,41,0.2821721893243829,2.2379753589630127,1,2,5,,
CV1 | nets=2 | frames=5,test,42,-0.0591450573123482,7.058709144592285,1,2,5,,
CV1 | nets=2 | frames=5,test,43,-0.2523187814106471,7.222898483276367,1,2,5,,
CV1 | nets=2 | frames=5,test,44,0.2693791688852633,3.005063533782959,1,2,5,,
CV1 | nets=2 | frames=5,test,45,-0.157111034083224,5.573574542999268,1,2,5,,
CV1 | nets=2 | frames=5,test,46,0.1606833051492441,3.9016480445861816,1,2,5,,
CV1 | nets=2 | frames=5,test,47,0.172504695096772,3.3728020191192627,1,2,5,,
CV1 | nets=2 | frames=5,test,48,0.3873779088920612,0.7663663625717163,1,2,5,,
CV1 | nets=2 | frames=5,test,49,-0.100209652453205,5.675644874572754,1,2,5,,
CV1 | nets=2 | frames=5,test,50,0.1807945702326933,3.633789300918579,1,2,5,,
CV1 | nets=2 | frames=5,test,51,-0.2190887259038099,6.276248931884766,1,2,5,,
CV1 | nets=2 | frames=5,test,52,0.0386789596579197,5.515429496765137,1,2,5,,
CV1 | nets=2 | frames=5,test,53,-0.1466400227827606,5.868533611297607,1,2,5,,
CV1 | nets=2 | frames=5,test,54,-0.1466582167541242,6.745773792266846,1,2,5,,
CV1 | nets=2 | frames=5,test,55,0.3543707109293127,1.0405312776565552,1,2,5,,
CV1 | nets=2 | frames=5,test,56,-0.2504451898786599,6.297832012176514,1,2,5,,
CV1 | nets=2 | frames=5,test,57,-0.0803696162881754,6.1213860511779785,1,2,5,,
CV1 | nets=2 | frames=5,test,58,-0.1277120103792852,6.35159969329834,1,2,5,,
CV1 | nets=2 | frames=5,test,59,0.3812481697430855,0.6351653337478638,1,2,5,,
CV1 | nets=2 | frames=5,test,60,-0.4003789014783009,6.450642108917236,1,2,5,,
CV1 | nets=2 | frames=5,test,61,0.2511593493496609,2.986903667449951,1,2,5,,
CV1 | nets=2 | frames=5,test,62,-0.1963377719651293,6.964184284210205,1,2,5,,
CV1 | nets=2 | frames=5,test,63,0.2011468693729077,3.5528101921081543,1,2,5,,
CV1 | nets=2 | frames=5,test,64,0.1834175400503848,4.434227466583252,1,2,5,,
CV1 | nets=2 | frames=5,test,65,0.1677718678598186,4.739790916442871,1,2,5,,
CV1 | nets=2 | frames=5,test,66,0.2103549124683166,1.8382974863052368,1,2,5,,
CV1 | nets=2 | frames=5,test,67,-0.2124182814927736,6.933291912078857,1,2,5,,
CV1 | nets=2 | frames=5,test,68,0.2427422463907798,2.680299997329712,1,2,5,,
CV1 | nets=2 | frames=5,test,69,-0.198060037637249,7.728267669677734,1,2,5,,
CV1 | nets=2 | frames=5,test,70,-0.3247762104239115,7.293259620666504,1,2,5,,
CV1 | nets=2 | frames=5,test,71,-0.1773883670701692,5.781533241271973,1,2,5,,
CV1 | nets=2 | frames=5,test,72,-0.2061780215112254,5.7035417556762695,1,2,5,,
CV1 | nets=2 | frames=5,test,73,-0.1515654324056017,7.412517070770264,1,2,5,,
CV1 | nets=2 | frames=5,test,74,-0.1319308250403395,5.959621429443359,1,2,5,,
CV1 | nets=2 | frames=10,train,0,-0.0669511275618616,4.320748329162598,1,2,10,,
CV1 | nets=2 | frames=10,train,1,0.2410100211356636,4.416797637939453,1,2,10,,
CV1 | nets=2 | frames=10,test,0,0.1295779047889524,4.529136657714844,1,2,10,,
CV1 | nets=2 | frames=10,test,1,-0.1623723264424866,4.359918594360352,1,2,10,,
CV1 | nets=2 | frames=10,test,2,-0.123156073161201,4.4922966957092285,1,2,10,,
CV1 | nets=2 | frames=10,test,3,0.3453760393512503,4.541394710540772,1,2,10,,
CV1 | nets=2 | frames=10,test,4,-0.3979398483632574,4.366464614868164,1,2,10,,
CV1 | nets=2 | frames=10,test,5,0.2126940386242633,4.362056732177734,1,2,10,,
CV1 | nets=2 | frames=10,test,6,0.0950451355151094,4.454957962036133,1,2,10,,
CV1 | nets=2 | frames=10,test,7,-0.0648093100969477,4.434984683990479,1,2,10,,
CV1 | nets=2 | frames=10,test,8,-0.0036101382641459,4.456616401672363,1,2,10,,
CV1 | nets=2 | frames=10,test,9,0.2259070200709375,4.455854892730713,1,2,10,,
CV1 | nets=2 | frames=10,test,10,-0.2448221358235529,4.410660743713379,1,2,10,,
CV1 | nets=2 | frames=10,test,11,-0.3251896560062025,4.504457950592041,1,2,10,,
CV1 | nets=2 | frames=10,test,12,0.1639582164351763,4.35176944732666,1,2,10,,
CV1 | nets=2 | frames=10,test,13,0.2767388091190165,4.4176025390625,1,2,10,,
CV1 | nets=2 | frames=10,test,14,0.2817123526652541,4.521832942962647,1,2,10,,
CV1 | nets=2 | frames=10,test,15,-0.1737797852877405,4.341476917266846,1,2,10,,
CV1 | nets=2 | frames=10,test,16,-0.5936111989220015,4.394845485687256,1,2,10,,
CV1 | nets=2 | frames=10,test,17,0.2708167150760829,4.347242832183838,1,2,10,,
CV1 | nets=2 | frames=10,test,18,-0.0488976389824205,4.400485992431641,1,2,10,,
CV1 | nets=2 | frames=10,test,19,0.3374250403982374,4.288392543792725,1,2,10,,
CV1 | nets=2 | frames=10,test,20,0.144219835421564,4.317104816436768,1,2,10,,
CV1 | nets=2 | frames=10,test,21,0.2238599590476573,4.286172389984131,1,2,10,,
CV1 | nets=2 | frames=10,test,22,-0.2110936628700718,4.280642509460449,1,2,10,,
CV1 | nets=2 | frames=10,test,23,-0.135107647284631,4.171404838562012,1,2,10,,
CV1 | nets=2 | frames=10,test,24,-0.2879174109079594,4.176206588745117,1,2,10,,
CV1 | nets=2 | frames=10,test,25,-0.0869858031149348,4.235640048980713,1,2,10,,
CV1 | nets=2 | frames=10,test,26,0.0729596003150843,4.471485614776611,1,2,10,,
CV1 | nets=2 | frames=10,test,27,-0.0473741087700227,4.411899089813232,1,2,10,,
CV1 | nets=2 | frames=10,test,28,-0.1740479126403528,4.233752250671387,1,2,10,,
CV1 | nets=2 | frames=10,test,29,-0.1534844106106529,4.485073089599609,1,2,10,,
CV1 | nets=2 | frames=10,test,30,-0.3339993893646671,4.225346565246582,1,2,10,,
CV1 | nets=2 | frames=10,test,31,-0.2983576891176249,4.342222213745117,1,2,10,,
CV1 | nets=2 | frames=10,test,32,-0.0843642366678143,4.430619716644287,1,2,10,,
CV1 | nets=2 | frames=10,test,33,-0.2273098506600647,4.210571765899658,1,2,10,,
CV1 | nets=2 | frames=10,test,34,0.150316153738502,4.392788887023926,1,2,10,,
CV1 | nets=2 | frames=10,test,35,-0.2691509251686252,4.372871398925781,1,2,10,,
CV1 | nets=2 | frames=10,test,36,0.1269998279169667,4.3671875,1,2,10,,
CV1 | nets=2 | frames=10,test,37,0.3220806426408416,4.513055801391602,1,2,10,,
CV1 | nets=2 | frames=10,test,38,-0.3233661435786948,4.438465118408203,1,2,10,,
CV1 | nets=2 | frames=10,test,39,-0.1666568671096066,4.453267574310303,1,2,10,,
CV1 | nets=2 | frames=10,test,40,-0.0608276768648222,4.462783336639404,1,2,10,,
CV1 | nets=2 | frames=10,test,41,0.2821721893243829,4.590394973754883,1,2,10,,
CV1 | nets=2 | frames=10,test,42,-0.0591450573123482,4.184206485748291,1,2,10,,
CV1 | nets=2 | frames=10,test,43,-0.2523187814106471,4.298681259155273,1,2,10,,
CV1 | nets=2 | frames=10,test,44,0.2693791688852633,4.421921253204346,1,2,10,,
CV1 | nets=2 | frames=10,test,45,-0.157111034083224,4.327617645263672,1,2,10,,
CV1 | nets=2 | frames=10,test,46,0.1606833051492441,4.447092056274414,1,2,10,,
CV1 | nets=2 | frames=10,test,47,0.172504695096772,4.345933437347412,1,2,10,,
CV1 | nets=2 | frames=10,test,48,0.3873779088920612,4.369750499725342,1,2,10,,
CV1 | nets=2 | frames=10,test,49,-0.100209652453205,4.237212657928467,1,2,10,,
CV1 | nets=2 | frames=10,test,50,0.1807945702326933,4.529484748840332,1,2,10,,
CV1 | nets=2 | frames=10,test,51,-0.2190887259038099,4.273597717285156,1,2,10,,
CV1 | nets=2 | frames=10,test,52,0.0386789596579197,4.551865577697754,1,2,10,,
CV1 | nets=2 | frames=10,test,53,-0.1466400227827606,4.441035270690918,1,2,10,,
CV1 | nets=2 | frames=10,test,54,-0.1466582167541242,4.285800933837891,1,2,10,,
CV1 | nets=2 | frames=10,test,55,0.3543707109293127,4.449532508850098,1,2,10,,
CV1 | nets=2 | frames=10,test,56,-0.2504451898786599,4.408859729766846,1,2,10,,
CV1 | nets=2 | frames=10,test,57,-0.0803696162881754,4.519628047943115,1,2,10,,
CV1 | nets=2 | frames=10,test,58,-0.1277120103792852,4.3707122802734375,1,2,10,,
CV1 | nets=2 | frames=10,test,59,0.3812481697430855,4.4258341789245605,1,2,10,,
CV1 | nets=2 | frames=10,test,60,-0.4003789014783009,4.425558090209961,1,2,10,,
CV1 | nets=2 | frames=10,test,61,0.2511593493496609,4.328306198120117,1,2,10,,
CV1 | nets=2 | frames=10,test,62,-0.1963377719651293,4.431969165802002,1,2,10,,
CV1 | nets=2 | frames=10,test,63,0.2011468693729077,4.415684223175049,1,2,10,,
CV1 | nets=2 | frames=10,test,64,0.1834175400503848,4.559603214263916,1,2,10,,
CV1 | nets=2 | frames=10,test,65,0.1677718678598186,4.35028600692749,1,2,10,,
CV1 | nets=2 | frames=10,test,66,0.2103549124683166,4.4101738929748535,1,2,10,,
CV1 | nets=2 | frames=10,test,67,-0.2124182814927736,4.469370365142822,1,2,10,,
CV1 | nets=2 | frames=10,test,68,0.2427422463907798,4.353322982788086,1,2,10,,
CV1 | nets=2 | frames=10,test,69,-0.198060037637249,4.51516580581665,1,2,10,,
CV1 | nets=2 | frames=10,test,70,-0.3247762104239115,4.264386177062988,1,2,10,,
CV1 | nets=2 | frames=10,test,71,-0.1773883670701692,4.490318775177002,1,2,10,,
CV1 | nets=2 | frames=10,test,72,-0.2061780215112254,4.23877477645874,1,2,10,,
CV1 | nets=2 | frames=10,test,73,-0.1515654324056017,4.4961676597595215,1,2,10,,
CV1 | nets=2 | frames=10,test,74,-0.1319308250403395,4.436270236968994,1,2,10,,
CV1 | nets=2 | frames=25,train,0,-0.0669511275618616,3.120718240737915,1,2,25,,
CV1 | nets=2 | frames=25,train,1,0.2410100211356636,1.6581836938858032,1,2,25,,
CV1 | nets=2 | frames=25,test,0,0.1295779047889524,1.8532440662384035,1,2,25,,
CV1 | nets=2 | frames=25,test,1,-0.1623723264424866,3.596141815185547,1,2,25,,
CV1 | nets=2 | frames=25,test,2,-0.123156073161201,2.834010601043701,1,2,25,,
CV1 | nets=2 | frames=25,test,3,0.3453760393512503,1.0858577489852903,1,2,25,,
CV1 | nets=2 | frames=25,test,4,-0.3979398483632574,3.4210946559906006,1,2,25,,
CV1 | nets=2 | frames=25,test,5,0.2126940386242633,1.5792902708053589,1,2,25,,
CV1 | nets=2 | frames=25,test,6,0.0950451355151094,2.4395792484283447,1,2,25,,
CV1 | nets=2 | frames=25,test,7,-0.0648093100969477,2.9161221981048584,1,2,25,,
CV1 | nets=2 | frames=25,test,8,-0.0036101382641459,2.51999306678772,1,2,25,,
CV1 | nets=2 | frames=25,test,9,0.2259070200709375,1.4875972270965576,1,2,25,,
CV1 | nets=2 | frames=25,test,10,-0.2448221358235529,3.435732126235962,1,2,25,,
CV1 | nets=2 | frames=25,test,11,-0.3251896560062025,3.0703885555267334,1,2,25,,
CV1 | nets=2 | frames=25,test,12,0.1639582164351763,1.4716132879257202,1,2,25,,
CV1 | nets=2 | frames=25,test,13,0.2767388091190165,1.9802197217941284,1,2,25,,
CV1 | nets=2 | frames=25,test,14,0.2817123526652541,1.4753990173339844,1,2,25,,
CV1 | nets=2 | frames=25,test,15,-0.1737797852877405,3.530426502227783,1,2,25,,
CV1 | nets=2 | frames=25,test,16,-0.5936111989220015,3.422274112701416,1,2,25,,
CV1 | nets=2 | frames=25,test,17,0.2708167150760829,1.6458563804626465,1,2,25,,
CV1 | nets=2 | frames=25,test,18,-0.0488976389824205,2.8231937885284424,1,2,25,,
CV1 | nets=2 | frames=25,test,19,0.3374250403982374,1.199306607246399,1,2,25,,
CV1 | nets=2 | frames=25,test,20,0.144219835421564,2.303683042526245,1,2,25,,
CV1 | nets=2 | frames=25,test,21,0.2238599590476573,1.7681699991226196,1,2,25,,
CV1 | nets=2 | frames=25,test,22,-0.2110936628700718,3.5879414081573486,1,2,25,,
CV1 | nets=2 | frames=25,test,23,-0.135107647284631,3.4615638256073,1,2,25,,
CV1 | nets=2 | frames=25,test,24,-0.2879174109079594,3.5096235275268555,1,2,25,,
CV1 | nets=2 | frames=25,test,25,-0.0869858031149348,3.392862558364868,1,2,25,,
CV1 | nets=2 | frames=25,test,26,0.0729596003150843,2.518622398376465,1,2,25,,
CV1 | nets=2 | frames=25,test,27,-0.0473741087700227,3.6029303073883057,1,2,25,,
CV1 | nets=2 | frames=25,test,28,-0.1740479126403528,3.295992851257324,1,2,25,,
CV1 | nets=2 | frames=25,test,29,-0.1534844106106529,3.710625886917114,1,2,25,,
CV1 | nets=2 | frames=25,test,30,-0.3339993893646671,3.4894702434539795,1,2,25,,
CV1 | nets=2 | frames=25,test,31,-0.2983576891176249,3.439597845077514,1,2,25,,
CV1 | nets=2 | frames=25,test,32,-0.0843642366678143,2.6494359970092773,1,2,25,,
CV1 | nets=2 | frames=25,test,33,-0.2273098506600647,3.3353521823883057,1,2,25,,
CV1 | nets=2 | frames=25,test,34,0.150316153738502,1.8924988508224487,1,2,25,,
CV1 | nets=2 | frames=25,test,35,-0.2691509251686252,3.2742459774017334,1,2,25,,
CV1 | nets=2 | frames=25,test,36,0.1269998279169667,2.348816156387329,1,2,25,,
CV1 | nets=2 | frames=25,test,37,0.3220806426408416,1.05005943775177,1,2,25,,
CV1 | nets=2 | frames=25,test,38,-0.3233661435786948,3.50268292427063,1,2,25,,
CV1 | nets=2 | frames=25,test,39,-0.1666568671096066,3.443441390991211,1,2,25,,
CV1 | nets=2 | frames=25,test,40,-0.0608276768648222,3.1362264156341557,1,2,25,,
CV1 | nets=2 | frames=25,test,41,0.2821721893243829,1.6475763320922852,1,2,25,,
CV1 | nets=2 | frames=25,test,42,-0.0591450573123482,3.815242052078247,1,2,25,,
CV1 | nets=2 | frames=25,test,43,-0.2523187814106471,3.726381063461304,1,2,25,,
CV1 | nets=2 | frames=25,test,44,0.2693791688852633,1.99274218082428,1,2,25,,
CV1 | nets=2 | frames=25,test,45,-0.157111034083224,2.9580395221710205,1,2,25,,
CV1 | nets=2 | frames=25,test,46,0.1606833051492441,2.3364198207855225,1,2,25,,
CV1 | nets=2 | frames=25,test,47,0.172504695096772,2.291149377822876,1,2,25,,
CV1 | nets=2 | frames=25,test,48,0.3873779088920612,1.1539422273635864,1,2,25,,
CV1 | nets=2 | frames=25,test,49,-0.100209652453205,3.205654621124268,1,2,25,,
CV1 | nets=2 | frames=25,test,50,0.1807945702326933,2.169262647628784,1,2,25,,
CV1 | nets=2 | frames=25,test,51,-0.2190887259038099,3.346792697906494,1,2,25,,
CV1 | nets=2 | frames=25,test,52,0.0386789596579197,2.920607805252075,1,2,25,,
CV1 | nets=2 | frames=25,test,53,-0.1466400227827606,3.021515130996704,1,2,25,,
CV1 | nets=2 | frames=25,test,54,-0.1466582167541242,3.57106614112854,1,2,25,,
CV1 | nets=2 | frames=25,test,55,0.3543707109293127,1.1100947856903076,1,2,25,,
CV1 | nets=2 | frames=25,test,56,-0.2504451898786599,3.373043298721313,1,2,25,,
CV1 | nets=2 | frames=25,test,57,-0.0803696162881754,3.2151732444763184,1,2,25,,
CV1 | nets=2 | frames=25,test,58,-0.1277120103792852,3.3081066608428955,1,2,25,,
CV1 | nets=2 | frames=25,test,59,0.3812481697430855,1.0614049434661863,1,2,25,,
CV1 | nets=2 | frames=25,test,60,-0.4003789014783009,3.4146318435668945,1,2,25,,
CV1 | nets=2 | frames=25,test,61,0.2511593493496609,1.991550326347351,1,2,25,,
CV1 | nets=2 | frames=25,test,62,-0.1963377719651293,3.666416883468628,1,2,25,,
CV1 | nets=2 | frames=25,test,63,0.2011468693729077,2.2205259799957275,1,2,25,,
CV1 | nets=2 | frames=25,test,64,0.1834175400503848,2.5268797874450684,1,2,25,,
CV1 | nets=2 | frames=25,test,65,0.1677718678598186,2.690145969390869,1,2,25,,
CV1 | nets=2 | frames=25,test,66,0.2103549124683166,1.5058729648590088,1,2,25,,
CV1 | nets=2 | frames=25,test,67,-0.2124182814927736,3.546838521957397,1,2,25,,
CV1 | nets=2 | frames=25,test,68,0.2427422463907798,1.877251386642456,1,2,25,,
CV1 | nets=2 | frames=25,test,69,-0.198060037637249,3.849937915802002,1,2,25,,
CV1 | nets=2 | frames=25,test,70,-0.3247762104239115,3.701982259750366,1,2,25,,
CV1 | nets=2 | frames=25,test,71,-0.1773883670701692,2.927777051925659,1,2,25,,
CV1 | nets=2 | frames=25,test,72,-0.2061780215112254,3.1324901580810547,1,2,25,,
CV1 | nets=2 | frames=25,test,73,-0.1515654324056017,3.6305453777313232,1,2,25,,
CV1 | nets=2 | frames=25,test,74,-0.1319308250403395,3.11440110206604,1,2,25,,
CV1 | nets=2 | frames=50,train,0,-0.0669511275618616,-6.3926544189453125,1,2,50,,
CV1 | nets=2 | frames=50,train,1,0.2410100211356636,-0.9194437861442566,1,2,50,,
CV1 | nets=2 | frames=50,test,0,0.1295779047889524,-1.928361654281616,1,2,50,,
CV1 | nets=2 | frames=50,test,1,-0.1623723264424866,-8.184233665466309,1,2,50,,
CV1 | nets=2 | frames=50,test,2,-0.123156073161201,-5.356504440307617,1,2,50,,
CV1 | nets=2 | frames=50,test,3,0.3453760393512503,0.9894284009933472,1,2,50,,
CV1 | nets=2 | frames=50,test,4,-0.3979398483632574,-7.423136711120605,1,2,50,,
CV1 | nets=2 | frames=50,test,5,0.2126940386242633,-0.9254006147384644,1,2,50,,
CV1 | nets=2 | frames=50,test,6,0.0950451355151094,-3.893697023391724,1,2,50,,
CV1 | nets=2 | frames=50,test,7,-0.0648093100969477,-5.389412879943848,1,2,50,,
CV1 | nets=2 | frames=50,test,8,-0.0036101382641459,-4.078404903411865,1,2,50,,
CV1 | nets=2 | frames=50,test,9,0.2259070200709375,-0.3957074582576751,1,2,50,,
CV1 | nets=2 | frames=50,test,10,-0.2448221358235529,-7.613372802734375,1,2,50,,
CV1 | nets=2 | frames=50,test,11,-0.3251896560062025,-6.495167255401611,1,2,50,,
CV1 | nets=2 | frames=50,test,12,0.1639582164351763,-0.4232953786849975,1,2,50,,
CV1 | nets=2 | frames=50,test,13,0.2767388091190165,-1.9902653694152832,1,2,50,,
CV1 | nets=2 | frames=50,test,14,0.2817123526652541,-0.343693345785141,1,2,50,,
CV1 | nets=2 | frames=50,test,15,-0.1737797852877405,-7.701945781707764,1,2,50,,
CV1 | nets=2 | frames=50,test,16,-0.5936111989220015,-7.667297840118408,1,2,50,,
CV1 | nets=2 | frames=50,test,17,0.2708167150760829,-0.9279386401176452,1,2,50,,
CV1 | nets=2 | frames=50,test,18,-0.0488976389824205,-5.362931728363037,1,2,50,,
CV1 | nets=2 | frames=50,test,19,0.3374250403982374,0.9394575953483582,1,2,50,,
CV1 | nets=2 | frames=50,test,20,0.144219835421564,-3.532967090606689,1,2,50,,
CV1 | nets=2 | frames=50,test,21,0.2238599590476573,-1.3668310642242432,1,2,50,,
CV1 | nets=2 | frames=50,test,22,-0.2110936628700718,-7.961735725402832,1,2,50,,
CV1 | nets=2 | frames=50,test,23,-0.135107647284631,-7.462662220001221,1,2,50,,
CV1 | nets=2 | frames=50,test,24,-0.2879174109079594,-7.654322147369385,1,2,50,,
CV1 | nets=2 | frames=50,test,25,-0.0869858031149348,-7.314209938049316,1,2,50,,
CV1 | nets=2 | frames=50,test,26,0.0729596003150843,-4.278045177459717,1,2,50,,
CV1 | nets=2 | frames=50,test,27,-0.0473741087700227,-7.984964847564697,1,2,50,,
CV1 | nets=2 | frames=50,test,28,-0.1740479126403528,-7.015002250671387,1,2,50,,
CV1 | nets=2 | frames=50,test,29,-0.1534844106106529,-8.468131065368652,1,2,50,,
CV1 | nets=2 | frames=50,test,30,-0.3339993893646671,-7.5895609855651855,1,2,50,,
CV1 | nets=2 | frames=50,test,31,-0.2983576891176249,-7.464099884033203,1,2,50,,
CV1 | nets=2 | frames=50,test,32,-0.0843642366678143,-4.807554721832275,1,2,50,,
CV1 | nets=2 | frames=50,test,33,-0.2273098506600647,-7.229184627532959,1,2,50,,
CV1 | nets=2 | frames=50,test,34,0.150316153738502,-1.767319917678833,1,2,50,,
CV1 | nets=2 | frames=50,test,35,-0.2691509251686252,-6.903964519500732,1,2,50,,
CV1 | nets=2 | frames=50,test,36,0.1269998279169667,-3.5403759479522705,1,2,50,,
CV1 | nets=2 | frames=50,test,37,0.3220806426408416,1.0802083015441897,1,2,50,,
CV1 | nets=2 | frames=50,test,38,-0.3233661435786948,-7.816105365753174,1,2,50,,
CV1 | nets=2 | frames=50,test,39,-0.1666568671096066,-7.477795600891113,1,2,50,,
CV1 | nets=2 | frames=50,test,40,-0.0608276768648222,-6.400447368621826,1,2,50,,
CV1 | nets=2 | frames=50,test,41,0.2821721893243829,-0.8136610984802246,1,2,50,,
CV1 | nets=2 | frames=50,test,42,-0.0591450573123482,-8.527990341186523,1,2,50,,
CV1 | nets=2 | frames=50,test,43,-0.2523187814106471,-8.326249122619629,1,2,50,,
CV1 | nets=2 | frames=50,test,44,0.2693791688852633,-2.0540034770965576,1,2,50,,
CV1 | nets=2 | frames=50,test,45,-0.157111034083224,-6.034688472747803,1,2,50,,
CV1 | nets=2 | frames=50,test,46,0.1606833051492441,-3.510610342025757,1,2,50,,
CV1 | nets=2 | frames=50,test,47,0.172504695096772,-3.0854332447052,1,2,50,,
CV1 | nets=2 | frames=50,test,48,0.3873779088920612,0.9624051451683044,1,2,50,,
CV1 | nets=2 | frames=50,test,49,-0.100209652453205,-6.454521179199219,1,2,50,,
CV1 | nets=2 | frames=50,test,50,0.1807945702326933,-2.965128183364868,1,2,50,,
CV1 | nets=2 | frames=50,test,51,-0.2190887259038099,-7.1294264793396,1,2,50,,
CV1 | nets=2 | frames=50,test,52,0.0386789596579197,-5.510171413421631,1,2,50,,
CV1 | nets=2 | frames=50,test,53,-0.1466400227827606,-6.112612724304199,1,2,50,,
CV1 | nets=2 | frames=50,test,54,-0.1466582167541242,-7.8819050788879395,1,2,50,,
CV1 | nets=2 | frames=50,test,55,0.3543707109293127,0.9752378463745116,1,2,50,,
CV1 | nets=2 | frames=50,test,56,-0.2504451898786599,-7.3459553718566895,1,2,50,,
CV1 | nets=2 | frames=50,test,57,-0.0803696162881754,-6.568492412567139,1,2,50,,
CV1 | nets=2 | frames=50,test,58,-0.1277120103792852,-7.053012371063232,1,2,50,,
CV1 | nets=2 | frames=50,test,59,0.3812481697430855,1.1331123113632202,1,2,50,,
CV1 | nets=2 | frames=50,test,60,-0.4003789014783009,-7.533952236175537,1,2,50,,
CV1 | nets=2 | frames=50,test,61,0.2511593493496609,-2.0377933979034424,1,2,50,,
CV1 | nets=2 | frames=50,test,62,-0.1963377719651293,-8.34260082244873,1,2,50,,
CV1 | nets=2 | frames=50,test,63,0.2011468693729077,-3.025636672973633,1,2,50,,
CV1 | nets=2 | frames=50,test,64,0.1834175400503848,-4.118458271026611,1,2,50,,
CV1 | nets=2 | frames=50,test,65,0.1677718678598186,-4.611641883850098,1,2,50,,
CV1 | nets=2 | frames=50,test,66,0.2103549124683166,-0.445653349161148,1,2,50,,
CV1 | nets=2 | frames=50,test,67,-0.2124182814927736,-7.920657634735107,1,2,50,,
CV1 | nets=2 | frames=50,test,68,0.2427422463907798,-1.7623589038848877,1,2,50,,
CV1 | nets=2 | frames=50,test,69,-0.198060037637249,-8.991893768310547,1,2,50,,
CV1 | nets=2 | frames=50,test,70,-0.3247762104239115,-8.503985404968262,1,2,50,,
CV1 | nets=2 | frames=50,test,71,-0.1773883670701692,-5.822730541229248,1,2,50,,
CV1 | nets=2 | frames=50,test,72,-0.2061780215112254,-6.414140224456787,1,2,50,,
CV1 | nets=2 | frames=50,test,73,-0.1515654324056017,-8.42039680480957,1,2,50,,
CV1 | nets=2 | frames=50,test,74,-0.1319308250403395,-6.3549113273620605,1,2,50,,
CV1 | nets=2 | frames=100,train,0,-0.0669511275618616,-6.009205341339111,1,2,100,,
CV1 | nets=2 | frames=100,train,1,0.2410100211356636,-2.2846901416778564,1,2,100,,
CV1 | nets=2 | frames=100,test,0,0.1295779047889524,-2.963331937789917,1,2,100,,
CV1 | nets=2 | frames=100,test,1,-0.1623723264424866,-7.376502990722656,1,2,100,,
CV1 | nets=2 | frames=100,test,2,-0.123156073161201,-5.28708028793335,1,2,100,,
CV1 | nets=2 | frames=100,test,3,0.3453760393512503,-0.823887825012207,1,2,100,,
CV1 | nets=2 | frames=100,test,4,-0.3979398483632574,-6.770330429077148,1,2,100,,
CV1 | nets=2 | frames=100,test,5,0.2126940386242633,-2.244156837463379,1,2,100,,
CV1 | nets=2 | frames=100,test,6,0.0950451355151094,-4.34116792678833,1,2,100,,
CV1 | nets=2 | frames=100,test,7,-0.0648093100969477,-5.234980583190918,1,2,100,,
CV1 | nets=2 | frames=100,test,8,-0.0036101382641459,-4.359700202941895,1,2,100,,
CV1 | nets=2 | frames=100,test,9,0.2259070200709375,-1.893943667411804,1,2,100,,
CV1 | nets=2 | frames=100,test,10,-0.2448221358235529,-6.895834922790527,1,2,100,,
CV1 | nets=2 | frames=100,test,11,-0.3251896560062025,-6.205070495605469,1,2,100,,
CV1 | nets=2 | frames=100,test,12,0.1639582164351763,-1.897780418395996,1,2,100,,
CV1 | nets=2 | frames=100,test,13,0.2767388091190165,-3.0871570110321045,1,2,100,,
CV1 | nets=2 | frames=100,test,14,0.2817123526652541,-1.917930603027344,1,2,100,,
CV1 | nets=2 | frames=100,test,15,-0.1737797852877405,-6.93368673324585,1,2,100,,
CV1 | nets=2 | frames=100,test,16,-0.5936111989220015,-6.7929558753967285,1,2,100,,
CV1 | nets=2 | frames=100,test,17,0.2708167150760829,-2.2655484676361084,1,2,100,,
CV1 | nets=2 | frames=100,test,18,-0.0488976389824205,-5.359484672546387,1,2,100,,
CV1 | nets=2 | frames=100,test,19,0.3374250403982374,-0.7775077223777771,1,2,100,,
CV1 | nets=2 | frames=100,test,20,0.144219835421564,-4.183285713195801,1,2,100,,
CV1 | nets=2 | frames=100,test,21,0.2238599590476573,-2.5569100379943848,1,2,100,,
CV1 | nets=2 | frames=100,test,22,-0.2110936628700718,-7.103771686553955,1,2,100,,
CV1 | nets=2 | frames=100,test,23,-0.135107647284631,-6.852924823760986,1,2,100,,
CV1 | nets=2 | frames=100,test,24,-0.2879174109079594,-6.901711940765381,1,2,100,,
CV1 | nets=2 | frames=100,test,25,-0.0869858031149348,-6.796032428741455,1,2,100,,
CV1 | nets=2 | frames=100,test,26,0.0729596003150843,-4.636927127838135,1,2,100,,
CV1 | nets=2 | frames=100,test,27,-0.0473741087700227,-7.167660236358643,1,2,100,,
CV1 | nets=2 | frames=100,test,28,-0.1740479126403528,-6.514151096343994,1,2,100,,
CV1 | nets=2 | frames=100,test,29,-0.1534844106106529,-7.540103435516357,1,2,100,,
CV1 | nets=2 | frames=100,test,30,-0.3339993893646671,-6.82321834564209,1,2,100,,
CV1 | nets=2 | frames=100,test,31,-0.2983576891176249,-6.730261325836182,1,2,100,,
CV1 | nets=2 | frames=100,test,32,-0.0843642366678143,-5.07227087020874,1,2,100,,
CV1 | nets=2 | frames=100,test,33,-0.2273098506600647,-6.5301833152771,1,2,100,,
CV1 | nets=2 | frames=100,test,34,0.150316153738502,-2.8642704486846924,1,2,100,,
CV1 | nets=2 | frames=100,test,35,-0.2691509251686252,-6.250062465667725,1,2,100,,
CV1 | nets=2 | frames=100,test,36,0.1269998279169667,-4.186331272125244,1,2,100,,
CV1 | nets=2 | frames=100,test,37,0.3220806426408416,-0.85948246717453,1,2,100,,
CV1 | nets=2 | frames=100,test,38,-0.3233661435786948,-7.114540100097656,1,2,100,,
CV1 | nets=2 | frames=100,test,39,-0.1666568671096066,-6.762675285339356,1,2,100,,
CV1 | nets=2 | frames=100,test,40,-0.0608276768648222,-6.21196985244751,1,2,100,,
CV1 | nets=2 | frames=100,test,41,0.2821721893243829,-2.062077760696411,1,2,100,,
CV1 | nets=2 | frames=100,test,42,-0.0591450573123482,-7.383415222167969,1,2,100,,
CV1 | nets=2 | frames=100,test,43,-0.2523187814106471,-7.357178688049316,1,2,100,,
CV1 | nets=2 | frames=100,test,44,0.2693791688852633,-3.0679826736450195,1,2,100,,
CV1 | nets=2 | frames=100,test,45,-0.157111034083224,-5.953526496887207,1,2,100,,
CV1 | nets=2 | frames=100,test,46,0.1606833051492441,-4.147412300109863,1,2,100,,
CV1 | nets=2 | frames=100,test,47,0.172504695096772,-3.767902612686157,1,2,100,,
CV1 | nets=2 | frames=100,test,48,0.3873779088920612,-0.7854849696159363,1,2,100,,
CV1 | nets=2 | frames=100,test,49,-0.100209652453205,-5.994936943054199,1,2,100,,
CV1 | nets=2 | frames=100,test,50,0.1807945702326933,-3.8305141925811768,1,2,100,,
CV1 | nets=2 | frames=100,test,51,-0.2190887259038099,-6.664597034454346,1,2,100,,
CV1 | nets=2 | frames=100,test,52,0.0386789596579197,-5.377584934234619,1,2,100,,
CV1 | nets=2 | frames=100,test,53,-0.1466400227827606,-5.836484432220459,1,2,100,,
CV1 | nets=2 | frames=100,test,54,-0.1466582167541242,-6.967835903167725,1,2,100,,
CV1 | nets=2 | frames=100,test,55,0.3543707109293127,-0.8001869916915894,1,2,100,,
CV1 | nets=2 | frames=100,test,56,-0.2504451898786599,-6.657092094421387,1,2,100,,
CV1 | nets=2 | frames=100,test,57,-0.0803696162881754,-6.108916282653809,1,2,100,,
CV1 | nets=2 | frames=100,test,58,-0.1277120103792852,-6.617599964141846,1,2,100,,
CV1 | nets=2 | frames=100,test,59,0.3812481697430855,-0.8646343350410461,1,2,100,,
CV1 | nets=2 | frames=100,test,60,-0.4003789014783009,-6.84197473526001,1,2,100,,
CV1 | nets=2 | frames=100,test,61,0.2511593493496609,-3.0307042598724365,1,2,100,,
CV1 | nets=2 | frames=100,test,62,-0.1963377719651293,-7.3448357582092285,1,2,100,,
CV1 | nets=2 | frames=100,test,63,0.2011468693729077,-3.804261922836304,1,2,100,,
CV1 | nets=2 | frames=100,test,64,0.1834175400503848,-4.465198993682861,1,2,100,,
CV1 | nets=2 | frames=100,test,65,0.1677718678598186,-4.916801452636719,1,2,100,,
CV1 | nets=2 | frames=100,test,66,0.2103549124683166,-1.89890718460083,1,2,100,,
CV1 | nets=2 | frames=100,test,67,-0.2124182814927736,-7.144176006317139,1,2,100,,
CV1 | nets=2 | frames=100,test,68,0.2427422463907798,-2.9101245403289795,1,2,100,,
CV1 | nets=2 | frames=100,test,69,-0.198060037637249,-7.734987258911133,1,2,100,,
CV1 | nets=2 | frames=100,test,70,-0.3247762104239115,-7.435089111328125,1,2,100,,
CV1 | nets=2 | frames=100,test,71,-0.1773883670701692,-5.678225517272949,1,2,100,,
CV1 | nets=2 | frames=100,test,72,-0.2061780215112254,-5.868451118469238,1,2,100,,
CV1 | nets=2 | frames=100,test,73,-0.1515654324056017,-7.386109828948975,1,2,100,,
CV1 | nets=2 | frames=100,test,74,-0.1319308250403395,-6.086762428283691,1,2,100,,
CV1 | nets=4 | frames=2,train,0,-0.0669511275618616,-1.251352071762085,1,4,2,,
CV1 | nets=4 | frames=2,train,1,0.2410100211356636,-1.4064600467681885,1,4,2,,
CV1 | nets=4 | frames=2,train,2,-0.0337183800006596,-1.3233503103256226,1,4,2,,
CV1 | nets=4 | frames=2,train,3,-0.0707599670319939,-1.3347934484481812,1,4,2,,
CV1 | nets=4 | frames=2,test,0,-0.123156073161201,-1.32399320602417,1,4,2,,
CV1 | nets=4 | frames=2,test,1,0.3453760393512503,-1.4729821681976318,1,4,2,,
CV1 | nets=4 | frames=2,test,2,-0.3979398483632574,-1.2789069414138794,1,4,2,,
CV1 | nets=4 | frames=2,test,3,0.2126940386242633,-1.3686708211898804,1,4,2,,
CV1 | nets=4 | frames=2,test,4,0.0950451355151094,-1.3298884630203247,1,4,2,,
CV1 | nets=4 | frames=2,test,5,-0.0648093100969477,-1.2667285203933716,1,4,2,,
CV1 | nets=4 | frames=2,test,6,-0.0036101382641459,-1.332157850265503,1,4,2,,
CV1 | nets=4 | frames=2,test,7,0.2259070200709375,-1.382625699043274,1,4,2,,
CV1 | nets=4 | frames=2,test,8,-0.2448221358235529,-1.285129427909851,1,4,2,,
CV1 | nets=4 | frames=2,test,9,-0.3251896560062025,-1.297230839729309,1,4,2,,
CV1 | nets=4 | frames=2,test,10,0.1639582164351763,-1.4161489009857178,1,4,2,,
CV1 | nets=4 | frames=2,test,11,0.2767388091190165,-1.3912004232406616,1,4,2,,
CV1 | nets=4 | frames=2,test,12,0.2817123526652541,-1.40747332572937,1,4,2,,
CV1 | nets=4 | frames=2,test,13,-0.1737797852877405,-1.257511019706726,1,4,2,,
CV1 | nets=4 | frames=2,test,14,-0.5936111989220015,-1.2353298664093018,1,4,2,,
CV1 | nets=4 | frames=2,test,15,0.2708167150760829,-1.410439133644104,1,4,2,,
CV1 | nets=4 | frames=2,test,16,-0.0488976389824205,-1.299989104270935,1,4,2,,
CV1 | nets=4 | frames=2,test,17,0.3374250403982374,-1.3918918371200562,1,4,2,,
CV1 | nets=4 | frames=2,test,18,0.144219835421564,-1.3452945947647097,1,4,2,,
CV1 | nets=4 | frames=2,test,19,0.2238599590476573,-1.3804694414138794,1,4,2,,
CV1 | nets=4 | frames=2,test,20,-0.2110936628700718,-1.2491859197616575,1,4,2,,
CV1 | nets=4 | frames=2,test,21,-0.135107647284631,-1.2464531660079956,1,4,2,,
CV1 | nets=4 | frames=2,test,22,-0.2879174109079594,-1.2500624656677246,1,4,2,,
CV1 | nets=4 | frames=2,test,23,-0.0869858031149348,-1.2342318296432495,1,4,2,,
CV1 | nets=4 | frames=2,test,24,0.0729596003150843,-1.3034429550170898,1,4,2,,
CV1 | nets=4 | frames=2,test,25,-0.0473741087700227,-1.2248469591140747,1,4,2,,
CV1 | nets=4 | frames=2,test,26,-0.1740479126403528,-1.295634388923645,1,4,2,,
CV1 | nets=4 | frames=2,test,27,-0.1534844106106529,-1.2595036029815674,1,4,2,,
CV1 | nets=4 | frames=2,test,28,-0.3339993893646671,-1.2636387348175049,1,4,2,,
CV1 | nets=4 | frames=2,test,29,-0.2983576891176249,-1.269619107246399,1,4,2,,
CV1 | nets=4 | frames=2,test,30,-0.0843642366678143,-1.266470432281494,1,4,2,,
CV1 | nets=4 | frames=2,test,31,-0.2273098506600647,-1.2066341638565063,1,4,2,,
CV1 | nets=4 | frames=2,test,32,0.150316153738502,-1.392613649368286,1,4,2,,
CV1 | nets=4 | frames=2,test,33,-0.2691509251686252,-1.2816686630249023,1,4,2,,
CV1 | nets=4 | frames=2,test,34,0.1269998279169667,-1.320029377937317,1,4,2,,
CV1 | nets=4 | frames=2,test,35,0.3220806426408416,-1.5003842115402222,1,4,2,,
CV1 | nets=4 | frames=2,test,36,-0.3233661435786948,-1.2414000034332275,1,4,2,,
CV1 | nets=4 | frames=2,test,37,-0.1666568671096066,-1.2868318557739258,1,4,2,,
CV1 | nets=4 | frames=2,test,38,-0.0608276768648222,-1.3082396984100342,1,4,2,,
CV1 | nets=4 | frames=2,test,39,0.2821721893243829,-1.39851975440979,1,4,2,,
CV1 | nets=4 | frames=2,test,40,-0.0591450573123482,-1.2474249601364136,1,4,2,,
CV1 | nets=4 | frames=2,test,41,-0.2523187814106471,-1.2312160730361938,1,4,2,,
CV1 | nets=4 | frames=2,test,42,0.2693791688852633,-1.3594220876693726,1,4,2,,
CV1 | nets=4 | frames=2,test,43,-0.157111034083224,-1.2633678913116455,1,4,2,,
CV1 | nets=4 | frames=2,test,44,0.1606833051492441,-1.30409574508667,1,4,2,,
CV1 | nets=4 | frames=2,test,45,0.172504695096772,-1.3583836555480957,1,4,2,,
CV1 | nets=4 | frames=2,test,46,0.3873779088920612,-1.4278689622879028,1,4,2,,
CV1 | nets=4 | frames=2,test,47,-0.100209652453205,-1.2770816087722778,1,4,2,,
CV1 | nets=4 | frames=2,test,48,0.1807945702326933,-1.3725996017456057,1,4,2,,
CV1 | nets=4 | frames=2,test,49,-0.2190887259038099,-1.2422516345977783,1,4,2,,
CV1 | nets=4 | frames=2,test,50,0.0386789596579197,-1.328148365020752,1,4,2,,
CV1 | nets=4 | frames=2,test,51,-0.1466400227827606,-1.269147872924805,1,4,2,,
CV1 | nets=4 | frames=2,test,52,-0.1466582167541242,-1.232393503189087,1,4,2,,
CV1 | nets=4 | frames=2,test,53,0.3543707109293127,-1.4424066543579102,1,4,2,,
CV1 | nets=4 | frames=2,test,54,-0.2504451898786599,-1.3000376224517822,1,4,2,,
CV1 | nets=4 | frames=2,test,55,-0.0803696162881754,-1.2886762619018557,1,4,2,,
CV1 | nets=4 | frames=2,test,56,-0.1277120103792852,-1.2622374296188354,1,4,2,,
CV1 | nets=4 | frames=2,test,57,0.3812481697430855,-1.4599515199661257,1,4,2,,
CV1 | nets=4 | frames=2,test,58,-0.4003789014783009,-1.2583904266357422,1,4,2,,
CV1 | nets=4 | frames=2,test,59,0.2511593493496609,-1.3671526908874512,1,4,2,,
CV1 | nets=4 | frames=2,test,60,-0.1963377719651293,-1.26682710647583,1,4,2,,
CV1 | nets=4 | frames=2,test,61,0.2011468693729077,-1.3268697261810305,1,4,2,,
CV1 | nets=4 | frames=2,test,62,0.1834175400503848,-1.3291857242584229,1,4,2,,
CV1 | nets=4 | frames=2,test,63,0.1677718678598186,-1.286469578742981,1,4,2,,
CV1 | nets=4 | frames=2,test,64,0.2103549124683166,-1.4151132106781006,1,4,2,,
CV1 | nets=4 | frames=2,test,65,-0.2124182814927736,-1.271876096725464,1,4,2,,
CV1 | nets=4 | frames=2,test,66,0.2427422463907798,-1.3622113466262815,1,4,2,,
CV1 | nets=4 | frames=2,test,67,-0.198060037637249,-1.2505663633346558,1,4,2,,
CV1 | nets=4 | frames=2,test,68,-0.3247762104239115,-1.150512933731079,1,4,2,,
CV1 | nets=4 | frames=2,test,69,-0.1773883670701692,-1.2948700189590454,1,4,2,,
CV1 | nets=4 | frames=2,test,70,-0.2061780215112254,-1.26136314868927,1,4,2,,
CV1 | nets=4 | frames=2,test,71,-0.1515654324056017,-1.2461271286010742,1,4,2,,
CV1 | nets=4 | frames=2,test,72,-0.1319308250403395,-1.254711627960205,1,4,2,,
CV1 | nets=4 | frames=5,train,0,-0.0669511275618616,2.84792423248291,1,4,5,,
CV1 | nets=4 | frames=5,train,1,0.2410100211356636,0.4325219690799713,1,4,5,,
CV1 | nets=4 | frames=5,train,2,-0.0337183800006596,2.2380411624908447,1,4,5,,
CV1 | nets=4 | frames=5,train,3,-0.0707599670319939,2.304561853408813,1,4,5,,
CV1 | nets=4 | frames=5,test,0,-0.123156073161201,2.1455283164978027,1,4,5,,
CV1 | nets=4 | frames=5,test,1,0.3453760393512503,-0.6597520112991333,1,4,5,,
CV1 | nets=4 | frames=5,test,2,-0.3979398483632574,3.28080415725708,1,4,5,,
CV1 | nets=4 | frames=5,test,3,0.2126940386242633,0.3846876919269562,1,4,5,,
CV1 | nets=4 | frames=5,test,4,0.0950451355151094,1.7817121744155884,1,4,5,,
CV1 | nets=4 | frames=5,test,5,-0.0648093100969477,2.281895160675049,1,4,5,,
CV1 | nets=4 | frames=5,test,6,-0.0036101382641459,1.68909752368927,1,4,5,,
CV1 | nets=4 | frames=5,test,7,0.2259070200709375,0.1292357444763183,1,4,5,,
CV1 | nets=4 | frames=5,test,8,-0.2448221358235529,3.2149689197540283,1,4,5,,
CV1 | nets=4 | frames=5,test,9,-0.3251896560062025,2.768301725387573,1,4,5,,
CV1 | nets=4 | frames=5,test,10,0.1639582164351763,0.1268652975559234,1,4,5,,
CV1 | nets=4 | frames=5,test,11,0.2767388091190165,0.9502547979354858,1,4,5,,
CV1 | nets=4 | frames=5,test,12,0.2817123526652541,0.0947741866111755,1,4,5,,
CV1 | nets=4 | frames=5,test,13,-0.1737797852877405,3.440060615539551,1,4,5,,
CV1 | nets=4 | frames=5,test,14,-0.5936111989220015,3.179058313369751,1,4,5,,
CV1 | nets=4 | frames=5,test,15,0.2708167150760829,0.4321956038475036,1,4,5,,
CV1 | nets=4 | frames=5,test,16,-0.0488976389824205,2.3725569248199463,1,4,5,,
CV1 | nets=4 | frames=5,test,17,0.3374250403982374,-0.6537455320358276,1,4,5,,
CV1 | nets=4 | frames=5,test,18,0.144219835421564,1.6868730783462524,1,4,5,,
CV1 | nets=4 | frames=5,test,19,0.2238599590476573,0.6366807222366333,1,4,5,,
CV1 | nets=4 | frames=5,test,20,-0.2110936628700718,3.452745199203491,1,4,5,,
CV1 | nets=4 | frames=5,test,21,-0.135107647284631,3.472268581390381,1,4,5,,
CV1 | nets=4 | frames=5,test,22,-0.2879174109079594,3.4435181617736816,1,4,5,,
CV1 | nets=4 | frames=5,test,23,-0.0869858031149348,3.462132692337036,1,4,5,,
CV1 | nets=4 | frames=5,test,24,0.0729596003150843,1.9574748277664185,1,4,5,,
CV1 | nets=4 | frames=5,test,25,-0.0473741087700227,3.668002843856812,1,4,5,,
CV1 | nets=4 | frames=5,test,26,-0.1740479126403528,3.0581295490264893,1,4,5,,
CV1 | nets=4 | frames=5,test,27,-0.1534844106106529,3.754899740219116,1,4,5,,
CV1 | nets=4 | frames=5,test,28,-0.3339993893646671,3.269693374633789,1,4,5,,
CV1 | nets=4 | frames=5,test,29,-0.2983576891176249,3.199950218200684,1,4,5,,
CV1 | nets=4 | frames=5,test,30,-0.0843642366678143,2.213780879974365,1,4,5,,
CV1 | nets=4 | frames=5,test,31,-0.2273098506600647,3.0287113189697266,1,4,5,,
CV1 | nets=4 | frames=5,test,32,0.150316153738502,0.7577176094055176,1,4,5,,
CV1 | nets=4 | frames=5,test,33,-0.2691509251686252,2.848443031311035,1,4,5,,
CV1 | nets=4 | frames=5,test,34,0.1269998279169667,1.72297465801239,1,4,5,,
CV1 | nets=4 | frames=5,test,35,0.3220806426408416,-0.611558198928833,1,4,5,,
CV1 | nets=4 | frames=5,test,36,-0.3233661435786948,3.591733932495117,1,4,5,,
CV1 | nets=4 | frames=5,test,37,-0.1666568671096066,3.292533159255981,1,4,5,,
CV1 | nets=4 | frames=5,test,38,-0.0608276768648222,3.0129261016845703,1,4,5,,
CV1 | nets=4 | frames=5,test,39,0.2821721893243829,0.2106444239616394,1,4,5,,
CV1 | nets=4 | frames=5,test,40,-0.0591450573123482,3.786008358001709,1,4,5,,
CV1 | nets=4 | frames=5,test,41,-0.2523187814106471,3.736431837081909,1,4,5,,
CV1 | nets=4 | frames=5,test,42,0.2693791688852633,0.9367108941078186,1,4,5,,
CV1 | nets=4 | frames=5,test,43,-0.157111034083224,2.769062042236328,1,4,5,,
CV1 | nets=4 | frames=5,test,44,0.1606833051492441,1.707497000694275,1,4,5,,
CV1 | nets=4 | frames=5,test,45,0.172504695096772,1.48324716091156,1,4,5,,
CV1 | nets=4 | frames=5,test,46,0.3873779088920612,-0.6140062808990479,1,4,5,,
CV1 | nets=4 | frames=5,test,47,-0.100209652453205,2.85324764251709,1,4,5,,
CV1 | nets=4 | frames=5,test,48,0.1807945702326933,1.4516109228134155,1,4,5,,
CV1 | nets=4 | frames=5,test,49,-0.2190887259038099,3.2912793159484863,1,4,5,,
CV1 | nets=4 | frames=5,test,50,0.0386789596579197,2.4190030097961426,1,4,5,,
CV1 | nets=4 | frames=5,test,51,-0.1466400227827606,2.61222505569458,1,4,5,,
CV1 | nets=4 | frames=5,test,52,-0.1466582167541242,3.5075838565826416,1,4,5,,
CV1 | nets=4 | frames=5,test,53,0.3543707109293127,-0.7122544050216675,1,4,5,,
CV1 | nets=4 | frames=5,test,54,-0.2504451898786599,3.115910053253174,1,4,5,,
CV1 | nets=4 | frames=5,test,55,-0.0803696162881754,2.9160006046295166,1,4,5,,
CV1 | nets=4 | frames=5,test,56,-0.1277120103792852,3.216683149337769,1,4,5,,
CV1 | nets=4 | frames=5,test,57,0.3812481697430855,-0.5834360718727112,1,4,5,,
CV1 | nets=4 | frames=5,test,58,-0.4003789014783009,3.305178642272949,1,4,5,,
CV1 | nets=4 | frames=5,test,59,0.2511593493496609,0.9073405265808104,1,4,5,,
CV1 | nets=4 | frames=5,test,60,-0.1963377719651293,3.57864761352539,1,4,5,,
CV1 | nets=4 | frames=5,test,61,0.2011468693729077,1.4771662950515747,1,4,5,,
CV1 | nets=4 | frames=5,test,62,0.1834175400503848,1.909091830253601,1,4,5,,
CV1 | nets=4 | frames=5,test,63,0.1677718678598186,2.208040714263916,1,4,5,,
CV1 | nets=4 | frames=5,test,64,0.2103549124683166,0.1230653226375579,1,4,5,,
CV1 | nets=4 | frames=5,test,65,-0.2124182814927736,3.4694597721099854,1,4,5,,
CV1 | nets=4 | frames=5,test,66,0.2427422463907798,0.8523657321929932,1,4,5,,
CV1 | nets=4 | frames=5,test,67,-0.198060037637249,3.82611083984375,1,4,5,,
CV1 | nets=4 | frames=5,test,68,-0.3247762104239115,3.724784374237061,1,4,5,,
CV1 | nets=4 | frames=5,test,69,-0.1773883670701692,2.4069175720214844,1,4,5,,
CV1 | nets=4 | frames=5,test,70,-0.2061780215112254,2.596331596374512,1,4,5,,
CV1 | nets=4 | frames=5,test,71,-0.1515654324056017,3.5358901023864746,1,4,5,,
CV1 | nets=4 | frames=5,test,72,-0.1319308250403395,2.8478684425354004,1,4,5,,
CV1 | nets=4 | frames=10,train,0,-0.0669511275618616,-4.003886699676514,1,4,10,,
CV1 | nets=4 | frames=10,train,1,0.2410100211356636,-1.192447304725647,1,4,10,,
CV1 | nets=4 | frames=10,train,2,-0.0337183800006596,-3.443995952606201,1,4,10,,
CV1 | nets=4 | frames=10,train,3,-0.0707599670319939,-4.083703994750977,1,4,10,,
CV1 | nets=4 | frames=10,test,0,-0.123156073161201,-3.649899482727051,1,4,10,,
CV1 | nets=4 | frames=10,test,1,0.3453760393512503,-0.0155450236052274,1,4,10,,
CV1 | nets=4 | frames=10,test,2,-0.3979398483632574,-5.472903251647949,1,4,10,,
CV1 | nets=4 | frames=10,test,3,0.2126940386242633,-0.8705695867538452,1,4,10,,
CV1 | nets=4 | frames=10,test,4,0.0950451355151094,-2.9859066009521484,1,4,10,,
CV1 | nets=4 | frames=10,test,5,-0.0648093100969477,-3.873980760574341,1,4,10,,
CV1 | nets=4 | frames=10,test,6,-0.0036101382641459,-2.791398048400879,1,4,10,,
CV1 | nets=4 | frames=10,test,7,0.2259070200709375,-0.504078209400177,1,4,10,,
CV1 | nets=4 | frames=10,test,8,-0.2448221358235529,-4.796343326568604,1,4,10,,
CV1 | nets=4 | frames=10,test,9,-0.3251896560062025,-3.985487937927246,1,4,10,,
CV1 | nets=4 | frames=10,test,10,0.1639582164351763,-1.0928374528884888,1,4,10,,
CV1 | nets=4 | frames=10,test,11,0.2767388091190165,-2.156752824783325,1,4,10,,
CV1 | nets=4 | frames=10,test,12,0.2817123526652541,-0.5249532461166382,1,4,10,,
CV1 | nets=4 | frames=10,test,13,-0.1737797852877405,-5.347107410430908,1,4,10,,
CV1 | nets=4 | frames=10,test,14,-0.5936111989220015,-4.470593452453613,1,4,10,,
CV1 | nets=4 | frames=10,test,15,0.2708167150760829,-1.4238237142562866,1,4,10,,
CV1 | nets=4 | frames=10,test,16,-0.0488976389824205,-3.665240526199341,1,4,10,,
CV1 | nets=4 | frames=10,test,17,0.3374250403982374,-0.3205825388431549,1,4,10,,
CV1 | nets=4 | frames=10,test,18,0.144219835421564,-2.6827821731567383,1,4,10,,
CV1 | nets=4 | frames=10,test,19,0.2238599590476573,-1.712834358215332,1,4,10,,
CV1 | nets=4 | frames=10,test,20,-0.2110936628700718,-5.711583137512207,1,4,10,,
CV1 | nets=4 | frames=10,test,21,-0.135107647284631,-5.322370052337647,1,4,10,,
CV1 | nets=4 | frames=10,test,22,-0.2879174109079594,-5.501002788543701,1,4,10,,
CV1 | nets=4 | frames=10,test,23,-0.0869858031149348,-5.017899513244629,1,4,10,,
CV1 | nets=4 | frames=10,test,24,0.0729596003150843,-2.526230812072754,1,4,10,,
CV1 | nets=4 | frames=10,test,25,-0.0473741087700227,-5.033698081970215,1,4,10,,
CV1 | nets=4 | frames=10,test,26,-0.1740479126403528,-5.318795680999756,1,4,10,,
CV1 | nets=4 | frames=10,test,27,-0.1534844106106529,-5.0693840980529785,1,4,10,,
CV1 | nets=4 | frames=10,test,28,-0.3339993893646671,-5.504230499267578,1,4,10,,
CV1 | nets=4 | frames=10,test,29,-0.2983576891176249,-4.886351585388184,1,4,10,,
CV1 | nets=4 | frames=10,test,30,-0.0843642366678143,-2.870524406433105,1,4,10,,
CV1 | nets=4 | frames=10,test,31,-0.2273098506600647,-4.334468364715576,1,4,10,,
CV1 | nets=4 | frames=10,test,32,0.150316153738502,-1.8828204870224,1,4,10,,
CV1 | nets=4 | frames=10,test,33,-0.2691509251686252,-5.200603485107422,1,4,10,,
CV1 | nets=4 | frames=10,test,34,0.1269998279169667,-2.4487829208374023,1,4,10,,
CV1 | nets=4 | frames=10,test,35,0.3220806426408416,-0.3987521529197693,1,4,10,,
CV1 | nets=4 | frames=10,test,36,-0.3233661435786948,-4.868814468383789,1,4,10,,
CV1 | nets=4 | frames=10,test,37,-0.1666568671096066,-5.069794178009033,1,4,10,,
CV1 | nets=4 | frames=10,test,38,-0.0608276768648222,-4.199398040771484,1,4,10,,
CV1 | nets=4 | frames=10,test,39,0.2821721893243829,-1.3028517961502075,1,4,10,,
CV1 | nets=4 | frames=10,test,40,-0.0591450573123482,-6.326222896575928,1,4,10,,
CV1 | nets=4 | frames=10,test,41,-0.2523187814106471,-5.617045402526856,1,4,10,,
CV1 | nets=4 | frames=10,test,42,0.2693791688852633,-1.681894302368164,1,4,10,,
CV1 | nets=4 | frames=10,test,43,-0.157111034083224,-3.867473602294922,1,4,10,,
CV1 | nets=4 | frames=10,test,44,0.1606833051492441,-2.200990915298462,1,4,10,,
CV1 | nets=4 | frames=10,test,45,0.172504695096772,-2.482996225357056,1,4,10,,
CV1 | nets=4 | frames=10,test,46,0.3873779088920612,-0.4237822890281677,1,4,10,,
CV1 | nets=4 | frames=10,test,47,-0.100209652453205,-5.112369060516357,1,4,10,,
CV1 | nets=4 | frames=10,test,48,0.1807945702326933,-1.842132568359375,1,4,10,,
CV1 | nets=4 | frames=10,test,49,-0.2190887259038099,-4.761611461639404,1,4,10,,
CV1 | nets=4 | frames=10,test,50,0.0386789596579197,-3.470731496810913,1,4,10,,
CV1 | nets=4 | frames=10,test,51,-0.1466400227827606,-3.989843845367432,1,4,10,,
CV1 | nets=4 | frames=10,test,52,-0.1466582167541242,-5.215428829193115,1,4,10,,
CV1 | nets=4 | frames=10,test,53,0.3543707109293127,-0.1422632485628128,1,4,10,,
CV1 | nets=4 | frames=10,test,54,-0.2504451898786599,-5.037734508514404,1,4,10,,
CV1 | nets=4 | frames=10,test,55,-0.0803696162881754,-4.212900638580322,1,4,10,,
CV1 | nets=4 | frames=10,test,56,-0.1277120103792852,-4.9990081787109375,1,4,10,,
CV1 | nets=4 | frames=10,test,57,0.3812481697430855,-0.3993462920188904,1,4,10,,
CV1 | nets=4 | frames=10,test,58,-0.4003789014783009,-4.754306793212891,1,4,10,,
CV1 | nets=4 | frames=10,test,59,0.2511593493496609,-2.2047159671783447,1,4,10,,
CV1 | nets=4 | frames=10,test,60,-0.1963377719651293,-5.284789562225342,1,4,10,,
CV1 | nets=4 | frames=10,test,61,0.2011468693729077,-1.9500054121017456,1,4,10,,
CV1 | nets=4 | frames=10,test,62,0.1834175400503848,-2.4875710010528564,1,4,10,,
CV1 | nets=4 | frames=10,test,63,0.1677718678598186,-3.3235809803009038,1,4,10,,
CV1 | nets=4 | frames=10,test,64,0.2103549124683166,-0.7260832786560059,1,4,10,,
CV1 | nets=4 | frames=10,test,65,-0.2124182814927736,-4.9636945724487305,1,4,10,,
CV1 | nets=4 | frames=10,test,66,0.2427422463907798,-1.6273784637451172,1,4,10,,
CV1 | nets=4 | frames=10,test,67,-0.198060037637249,-5.553668022155762,1,4,10,,
CV1 | nets=4 | frames=10,test,68,-0.3247762104239115,-5.037806510925293,1,4,10,,
CV1 | nets=4 | frames=10,test,69,-0.1773883670701692,-3.577171564102173,1,4,10,,
CV1 | nets=4 | frames=10,test,70,-0.2061780215112254,-4.492150783538818,1,4,10,,
CV1 | nets=4 | frames=10,test,71,-0.1515654324056017,-4.67680549621582,1,4,10,,
CV1 | nets=4 | frames=10,test,72,-0.1319308250403395,-3.8178744316101074,1,4,10,,
CV1 | nets=4 | frames=25,train,0,-0.0669511275618616,3.851330757141113,1,4,25,,
CV1 | nets=4 | frames=25,train,1,0.2410100211356636,4.483949661254883,1,4,25,,
CV1 | nets=4 | frames=25,train,2,-0.0337183800006596,4.126546382904053,1,4,25,,
CV1 | nets=4 | frames=25,train,3,-0.0707599670319939,4.229503631591797,1,4,25,,
CV1 | nets=4 | frames=25,test,0,-0.123156073161201,4.220890998840332,1,4,25,,
CV1 | nets=4 | frames=25,test,1,0.3453760393512503,4.715426921844482,1,4,25,,
CV1 | nets=4 | frames=25,test,2,-0.3979398483632574,3.973944664001465,1,4,25,,
CV1 | nets=4 | frames=25,test,3,0.2126940386242633,4.340377807617188,1,4,25,,
CV1 | nets=4 | frames=25,test,4,0.0950451355151094,4.096340179443359,1,4,25,,
CV1 | nets=4 | frames=25,test,5,-0.0648093100969477,3.974109172821045,1,4,25,,
CV1 | nets=4 | frames=25,test,6,-0.0036101382641459,4.168324947357178,1,4,25,,
CV1 | nets=4 | frames=25,test,7,0.2259070200709375,4.47772216796875,1,4,25,,
CV1 | nets=4 | frames=25,test,8,-0.2448221358235529,4.144724369049072,1,4,25,,
CV1 | nets=4 | frames=25,test,9,-0.3251896560062025,4.105917930603027,1,4,25,,
CV1 | nets=4 | frames=25,test,10,0.1639582164351763,4.585561275482178,1,4,25,,
CV1 | nets=4 | frames=25,test,11,0.2767388091190165,4.385705471038818,1,4,25,,
CV1 | nets=4 | frames=25,test,12,0.2817123526652541,4.503121852874756,1,4,25,,
CV1 | nets=4 | frames=25,test,13,-0.1737797852877405,3.895423173904419,1,4,25,,
CV1 | nets=4 | frames=25,test,14,-0.5936111989220015,3.799813270568848,1,4,25,,
CV1 | nets=4 | frames=25,test,15,0.2708167150760829,4.461929321289063,1,4,25,,
CV1 | nets=4 | frames=25,test,16,-0.0488976389824205,4.026546001434326,1,4,25,,
CV1 | nets=4 | frames=25,test,17,0.3374250403982374,4.655154228210449,1,4,25,,
CV1 | nets=4 | frames=25,test,18,0.144219835421564,4.147655487060547,1,4,25,,
CV1 | nets=4 | frames=25,test,19,0.2238599590476573,4.402661323547363,1,4,25,,
CV1 | nets=4 | frames=25,test,20,-0.2110936628700718,3.977506160736084,1,4,25,,
CV1 | nets=4 | frames=25,test,21,-0.135107647284631,3.869418621063232,1,4,25,,
CV1 | nets=4 | frames=25,test,22,-0.2879174109079594,3.910811424255371,1,4,25,,
CV1 | nets=4 | frames=25,test,23,-0.0869858031149348,3.7412190437316895,1,4,25,,
CV1 | nets=4 | frames=25,test,24,0.0729596003150843,4.028074264526367,1,4,25,,
CV1 | nets=4 | frames=25,test,25,-0.0473741087700227,3.712357759475708,1,4,25,,
CV1 | nets=4 | frames=25,test,26,-0.1740479126403528,4.176762580871582,1,4,25,,
CV1 | nets=4 | frames=25,test,27,-0.1534844106106529,3.8639326095581055,1,4,25,,
CV1 | nets=4 | frames=25,test,28,-0.3339993893646671,4.091484069824219,1,4,25,,
CV1 | nets=4 | frames=25,test,29,-0.2983576891176249,3.9554436206817623,1,4,25,,
CV1 | nets=4 | frames=25,test,30,-0.0843642366678143,3.953126907348633,1,4,25,,
CV1 | nets=4 | frames=25,test,31,-0.2273098506600647,3.845815420150757,1,4,25,,
CV1 | nets=4 | frames=25,test,32,0.150316153738502,4.460134029388428,1,4,25,,
CV1 | nets=4 | frames=25,test,33,-0.2691509251686252,3.9808292388916016,1,4,25,,
CV1 | nets=4 | frames=25,test,34,0.1269998279169667,4.107704162597656,1,4,25,,
CV1 | nets=4 | frames=25,test,35,0.3220806426408416,4.856349945068359,1,4,25,,
CV1 | nets=4 | frames=25,test,36,-0.3233661435786948,3.7757253646850586,1,4,25,,
CV1 | nets=4 | frames=25,test,37,-0.1666568671096066,3.9578428268432617,1,4,25,,
CV1 | nets=4 | frames=25,test,38,-0.0608276768648222,3.9761180877685542,1,4,25,,
CV1 | nets=4 | frames=25,test,39,0.2821721893243829,4.372295379638672,1,4,25,,
CV1 | nets=4 | frames=25,test,40,-0.0591450573123482,3.871955156326294,1,4,25,,
CV1 | nets=4 | frames=25,test,41,-0.2523187814106471,3.7254252433776855,1,4,25,,
CV1 | nets=4 | frames=25,test,42,0.2693791688852633,4.288575172424316,1,4,25,,
CV1 | nets=4 | frames=25,test,43,-0.157111034083224,3.950551271438599,1,4,25,,
CV1 | nets=4 | frames=25,test,44,0.1606833051492441,3.963195323944092,1,4,25,,
CV1 | nets=4 | frames=25,test,45,0.172504695096772,4.256190299987793,1,4,25,,
CV1 | nets=4 | frames=25,test,46,0.3873779088920612,4.687620162963867,1,4,25,,
CV1 | nets=4 | frames=25,test,47,-0.100209652453205,3.9192357063293457,1,4,25,,
CV1 | nets=4 | frames=25,test,48,0.1807945702326933,4.255490779876709,1,4,25,,
CV1 | nets=4 | frames=25,test,49,-0.2190887259038099,3.874521732330322,1,4,25,,
CV1 | nets=4 | frames=25,test,50,0.0386789596579197,4.032418251037598,1,4,25,,
CV1 | nets=4 | frames=25,test,51,-0.1466400227827606,3.948066473007202,1,4,25,,
CV1 | nets=4 | frames=25,test,52,-0.1466582167541242,3.725073099136353,1,4,25,,
CV1 | nets=4 | frames=25,test,53,0.3543707109293127,4.700498580932617,1,4,25,,
CV1 | nets=4 | frames=25,test,54,-0.2504451898786599,4.146144390106201,1,4,25,,
CV1 | nets=4 | frames=25,test,55,-0.0803696162881754,3.860941171646118,1,4,25,,
CV1 | nets=4 | frames=25,test,56,-0.1277120103792852,3.900978326797485,1,4,25,,
CV1 | nets=4 | frames=25,test,57,0.3812481697430855,4.791549205780029,1,4,25,,
CV1 | nets=4 | frames=25,test,58,-0.4003789014783009,3.844578742980957,1,4,25,,
CV1 | nets=4 | frames=25,test,59,0.2511593493496609,4.345529556274414,1,4,25,,
CV1 | nets=4 | frames=25,test,60,-0.1963377719651293,4.056557655334473,1,4,25,,
CV1 | nets=4 | frames=25,test,61,0.2011468693729077,4.096336841583252,1,4,25,,
CV1 | nets=4 | frames=25,test,62,0.1834175400503848,3.968231201171875,1,4,25,,
CV1 | nets=4 | frames=25,test,63,0.1677718678598186,4.044303894042969,1,4,25,,
CV1 | nets=4 | frames=25,test,64,0.2103549124683166,4.5388946533203125,1,4,25,,
CV1 | nets=4 | frames=25,test,65,-0.2124182814927736,3.93372106552124,1,4,25,,
CV1 | nets=4 | frames=25,test,66,0.2427422463907798,4.312251091003418,1,4,25,,
CV1 | nets=4 | frames=25,test,67,-0.198060037637249,3.82641339302063,1,4,25,,
CV1 | nets=4 | frames=25,test,68,-0.3247762104239115,3.591195821762085,1,4,25,,
CV1 | nets=4 | frames=25,test,69,-0.1773883670701692,4.052994251251221,1,4,25,,
CV1 | nets=4 | frames=25,test,70,-0.2061780215112254,4.002614974975586,1,4,25,,
CV1 | nets=4 | frames=25,test,71,-0.1515654324056017,3.868446350097656,1,4,25,,
CV1 | nets=4 | frames=25,test,72,-0.1319308250403395,3.897037982940674,1,4,25,,
CV1 | nets=4 | frames=50,train,0,-0.0669511275618616,-2.696707248687744,1,4,50,,
CV1 | nets=4 | frames=50,train,1,0.2410100211356636,-1.9204275608062744,1,4,50,,
CV1 | nets=4 | frames=50,train,2,-0.0337183800006596,-2.552537202835083,1,4,50,,
CV1 | nets=4 | frames=50,train,3,-0.0707599670319939,-2.66226577758789,1,4,50,,
CV1 | nets=4 | frames=50,test,0,-0.123156073161201,-2.418680429458618,1,4,50,,
CV1 | nets=4 | frames=50,test,1,0.3453760393512503,-1.4400984048843384,1,4,50,,
CV1 | nets=4 | frames=50,test,2,-0.3979398483632574,-2.8737945556640625,1,4,50,,
CV1 | nets=4 | frames=50,test,3,0.2126940386242633,-1.8184996843338013,1,4,50,,
CV1 | nets=4 | frames=50,test,4,0.0950451355151094,-2.320817232131958,1,4,50,,
CV1 | nets=4 | frames=50,test,5,-0.0648093100969477,-2.399894952774048,1,4,50,,
CV1 | nets=4 | frames=50,test,6,-0.0036101382641459,-2.2719547748565674,1,4,50,,
CV1 | nets=4 | frames=50,test,7,0.2259070200709375,-1.7190715074539185,1,4,50,,
CV1 | nets=4 | frames=50,test,8,-0.2448221358235529,-2.852762222290039,1,4,50,,
CV1 | nets=4 | frames=50,test,9,-0.3251896560062025,-2.6285560131073,1,4,50,,
CV1 | nets=4 | frames=50,test,10,0.1639582164351763,-1.8247745037078855,1,4,50,,
CV1 | nets=4 | frames=50,test,11,0.2767388091190165,-2.157170295715332,1,4,50,,
CV1 | nets=4 | frames=50,test,12,0.2817123526652541,-1.72898268699646,1,4,50,,
CV1 | nets=4 | frames=50,test,13,-0.1737797852877405,-2.996427297592163,1,4,50,,
CV1 | nets=4 | frames=50,test,14,-0.5936111989220015,-2.6635124683380127,1,4,50,,
CV1 | nets=4 | frames=50,test,15,0.2708167150760829,-1.983451247215271,1,4,50,,
CV1 | nets=4 | frames=50,test,16,-0.0488976389824205,-2.532114267349243,1,4,50,,
CV1 | nets=4 | frames=50,test,17,0.3374250403982374,-1.51470148563385,1,4,50,,
CV1 | nets=4 | frames=50,test,18,0.144219835421564,-2.3798768520355225,1,4,50,,
CV1 | nets=4 | frames=50,test,19,0.2238599590476573,-2.0301313400268555,1,4,50,,
CV1 | nets=4 | frames=50,test,20,-0.2110936628700718,-2.944127559661865,1,4,50,,
CV1 | nets=4 | frames=50,test,21,-0.135107647284631,-3.090296745300293,1,4,50,,
CV1 | nets=4 | frames=50,test,22,-0.2879174109079594,-3.054048776626587,1,4,50,,
CV1 | nets=4 | frames=50,test,23,-0.0869858031149348,-3.0229814052581787,1,4,50,,
CV1 | nets=4 | frames=50,test,24,0.0729596003150843,-2.34909725189209,1,4,50,,
CV1 | nets=4 | frames=50,test,25,-0.0473741087700227,-3.0638303756713867,1,4,50,,
CV1 | nets=4 | frames=50,test,26,-0.1740479126403528,-2.873823404312134,1,4,50,,
CV1 | nets=4 | frames=50,test,27,-0.1534844106106529,-2.9738283157348637,1,4,50,,
CV1 | nets=4 | frames=50,test,28,-0.3339993893646671,-2.966361284255981,1,4,50,,
CV1 | nets=4 | frames=50,test,29,-0.2983576891176249,-2.9029619693756104,1,4,50,,
CV1 | nets=4 | frames=50,test,30,-0.0843642366678143,-2.445098876953125,1,4,50,,
CV1 | nets=4 | frames=50,test,31,-0.2273098506600647,-2.6994283199310303,1,4,50,,
CV1 | nets=4 | frames=50,test,32,0.150316153738502,-2.0608763694763184,1,4,50,,
CV1 | nets=4 | frames=50,test,33,-0.2691509251686252,-2.5988545417785645,1,4,50,,
CV1 | nets=4 | frames=50,test,34,0.1269998279169667,-2.3649110794067383,1,4,50,,
CV1 | nets=4 | frames=50,test,35,0.3220806426408416,-1.5296339988708496,1,4,50,,
CV1 | nets=4 | frames=50,test,36,-0.3233661435786948,-2.937696695327759,1,4,50,,
CV1 | nets=4 | frames=50,test,37,-0.1666568671096066,-2.895028591156006,1,4,50,,
CV1 | nets=4 | frames=50,test,38,-0.0608276768648222,-2.8635413646698,1,4,50,,
CV1 | nets=4 | frames=50,test,39,0.2821721893243829,-1.7258621454238892,1,4,50,,
CV1 | nets=4 | frames=50,test,40,-0.0591450573123482,-3.1524224281311035,1,4,50,,
CV1 | nets=4 | frames=50,test,41,-0.2523187814106471,-3.09781551361084,1,4,50,,
CV1 | nets=4 | frames=50,test,42,0.2693791688852633,-2.099179983139038,1,4,50,,
CV1 | nets=4 | frames=50,test,43,-0.157111034083224,-2.711423873901367,1,4,50,,
CV1 | nets=4 | frames=50,test,44,0.1606833051492441,-2.26731276512146,1,4,50,,
CV1 | nets=4 | frames=50,test,45,0.172504695096772,-2.301013708114624,1,4,50,,
CV1 | nets=4 | frames=50,test,46,0.3873779088920612,-1.5054535865783691,1,4,50,,
CV1 | nets=4 | frames=50,test,47,-0.100209652453205,-2.7779107093811035,1,4,50,,
CV1 | nets=4 | frames=50,test,48,0.1807945702326933,-2.253102302551269,1,4,50,,
CV1 | nets=4 | frames=50,test,49,-0.2190887259038099,-2.958433151245117,1,4,50,,
CV1 | nets=4 | frames=50,test,50,0.0386789596579197,-2.5659632682800293,1,4,50,,
CV1 | nets=4 | frames=50,test,51,-0.1466400227827606,-2.5715153217315674,1,4,50,,
CV1 | nets=4 | frames=50,test,52,-0.1466582167541242,-2.9465808868408203,1,4,50,,
CV1 | nets=4 | frames=50,test,53,0.3543707109293127,-1.434522032737732,1,4,50,,
CV1 | nets=4 | frames=50,test,54,-0.2504451898786599,-2.7976880073547363,1,4,50,,
CV1 | nets=4 | frames=50,test,55,-0.0803696162881754,-2.7220776081085205,1,4,50,,
CV1 | nets=4 | frames=50,test,56,-0.1277120103792852,-2.8967883586883545,1,4,50,,
CV1 | nets=4 | frames=50,test,57,0.3812481697430855,-1.566432237625122,1,4,50,,
CV1 | nets=4 | frames=50,test,58,-0.4003789014783009,-2.7761919498443604,1,4,50,,
CV1 | nets=4 | frames=50,test,59,0.2511593493496609,-2.151509523391724,1,4,50,,
CV1 | nets=4 | frames=50,test,60,-0.1963377719651293,-2.93219256401062,1,4,50,,
CV1 | nets=4 | frames=50,test,61,0.2011468693729077,-2.244877576828003,1,4,50,,
CV1 | nets=4 | frames=50,test,62,0.1834175400503848,-2.336738109588623,1,4,50,,
CV1 | nets=4 | frames=50,test,63,0.1677718678598186,-2.588714122772217,1,4,50,,
CV1 | nets=4 | frames=50,test,64,0.2103549124683166,-1.765250563621521,1,4,50,,
CV1 | nets=4 | frames=50,test,65,-0.2124182814927736,-2.9137721061706543,1,4,50,,
CV1 | nets=4 | frames=50,test,66,0.2427422463907798,-2.075413465499878,1,4,50,,
CV1 | nets=4 | frames=50,test,67,-0.198060037637249,-2.926275491714477,1,4,50,,
CV1 | nets=4 | frames=50,test,68,-0.3247762104239115,-2.9566545486450195,1,4,50,,
CV1 | nets=4 | frames=50,test,69,-0.1773883670701692,-2.50158953666687,1,4,50,,
CV1 | nets=4 | frames=50,test,70,-0.2061780215112254,-2.557823896408081,1,4,50,,
CV1 | nets=4 | frames=50,test,71,-0.1515654324056017,-2.847181797027588,1,4,50,,
CV1 | nets=4 | frames=50,test,72,-0.1319308250403395,-2.6741909980773926,1,4,50,,
CV1 | nets=4 | frames=100,train,0,-0.0669511275618616,2.317598581314087,1,4,100,,
CV1 | nets=4 | frames=100,train,1,0.2410100211356636,1.0998295545578003,1,4,100,,
CV1 | nets=4 | frames=100,train,2,-0.0337183800006596,2.0219480991363525,1,4,100,,
CV1 | nets=4 | frames=100,train,3,-0.0707599670319939,2.0650012493133545,1,4,100,,
CV1 | nets=4 | frames=100,test,0,-0.123156073161201,2.0546553134918213,1,4,100,,
CV1 | nets=4 | frames=100,test,1,0.3453760393512503,0.6509984135627747,1,4,100,,
CV1 | nets=4 | frames=100,test,2,-0.3979398483632574,2.5932648181915283,1,4,100,,
CV1 | nets=4 | frames=100,test,3,0.2126940386242633,1.0407918691635132,1,4,100,,
CV1 | nets=4 | frames=100,test,4,0.0950451355151094,1.7760602235794067,1,4,100,,
CV1 | nets=4 | frames=100,test,5,-0.0648093100969477,2.07869815826416,1,4,100,,
CV1 | nets=4 | frames=100,test,6,-0.0036101382641459,1.8042131662368772,1,4,100,,
CV1 | nets=4 | frames=100,test,7,0.2259070200709375,0.9061046838760376,1,4,100,,
CV1 | nets=4 | frames=100,test,8,-0.2448221358235529,2.5708987712860107,1,4,100,,
CV1 | nets=4 | frames=100,test,9,-0.3251896560062025,2.314030170440674,1,4,100,,
CV1 | nets=4 | frames=100,test,10,0.1639582164351763,0.9476094841957092,1,4,100,,
CV1 | nets=4 | frames=100,test,11,0.2767388091190165,1.3722517490386963,1,4,100,,
CV1 | nets=4 | frames=100,test,12,0.2817123526652541,0.912680983543396,1,4,100,,
CV1 | nets=4 | frames=100,test,13,-0.1737797852877405,2.6672308444976807,1,4,100,,
CV1 | nets=4 | frames=100,test,14,-0.5936111989220015,2.518486738204956,1,4,100,,
CV1 | nets=4 | frames=100,test,15,0.2708167150760829,1.1353543996810913,1,4,100,,
CV1 | nets=4 | frames=100,test,16,-0.0488976389824205,2.0842692852020264,1,4,100,,
CV1 | nets=4 | frames=100,test,17,0.3374250403982374,0.5990221500396729,1,4,100,,
CV1 | nets=4 | frames=100,test,18,0.144219835421564,1.672848105430603,1,4,100,,
CV1 | nets=4 | frames=100,test,19,0.2238599590476573,1.1886142492294312,1,4,100,,
CV1 | nets=4 | frames=100,test,20,-0.2110936628700718,2.670034170150757,1,4,100,,
CV1 | nets=4 | frames=100,test,21,-0.135107647284631,2.594312906265259,1,4,100,,
CV1 | nets=4 | frames=100,test,22,-0.2879174109079594,2.6265652179718018,1,4,100,,
CV1 | nets=4 | frames=100,test,23,-0.0869858031149348,2.573392629623413,1,4,100,,
CV1 | nets=4 | frames=100,test,24,0.0729596003150843,1.8374789953231807,1,4,100,,
CV1 | nets=4 | frames=100,test,25,-0.0473741087700227,2.7419350147247314,1,4,100,,
CV1 | nets=4 | frames=100,test,26,-0.1740479126403528,2.4524037837982178,1,4,100,,
CV1 | nets=4 | frames=100,test,27,-0.1534844106106529,2.831144332885742,1,4,100,,
CV1 | nets=4 | frames=100,test,28,-0.3339993893646671,2.5972888469696045,1,4,100,,
CV1 | nets=4 | frames=100,test,29,-0.2983576891176249,2.573258876800537,1,4,100,,
CV1 | nets=4 | frames=100,test,30,-0.0843642366678143,1.899736285209656,1,4,100,,
CV1 | nets=4 | frames=100,test,31,-0.2273098506600647,2.4102139472961426,1,4,100,,
CV1 | nets=4 | frames=100,test,32,0.150316153738502,1.288716197013855,1,4,100,,
CV1 | nets=4 | frames=100,test,33,-0.2691509251686252,2.468888759613037,1,4,100,,
CV1 | nets=4 | frames=100,test,34,0.1269998279169667,1.6755355596542358,1,4,100,,
CV1 | nets=4 | frames=100,test,35,0.3220806426408416,0.6252614855766296,1,4,100,,
CV1 | nets=4 | frames=100,test,36,-0.3233661435786948,2.642874002456665,1,4,100,,
CV1 | nets=4 | frames=100,test,37,-0.1666568671096066,2.623504400253296,1,4,100,,
CV1 | nets=4 | frames=100,test,38,-0.0608276768648222,2.385901927947998,1,4,100,,
CV1 | nets=4 | frames=100,test,39,0.2821721893243829,1.1146082878112793,1,4,100,,
CV1 | nets=4 | frames=100,test,40,-0.0591450573123482,2.8696460723876958,1,4,100,,
CV1 | nets=4 | frames=100,test,41,-0.2523187814106471,2.7907979488372803,1,4,100,,
CV1 | nets=4 | frames=100,test,42,0.2693791688852633,1.358356475830078,1,4,100,,
CV1 | nets=4 | frames=100,test,43,-0.157111034083224,2.1880061626434326,1,4,100,,
CV1 | nets=4 | frames=100,test,44,0.1606833051492441,1.6662172079086304,1,4,100,,
CV1 | nets=4 | frames=100,test,45,0.172504695096772,1.6245505809783936,1,4,100,,
CV1 | nets=4 | frames=100,test,46,0.3873779088920612,0.6323785781860352,1,4,100,,
CV1 | nets=4 | frames=100,test,47,-0.100209652453205,2.4047951698303223,1,4,100,,
CV1 | nets=4 | frames=100,test,48,0.1807945702326933,1.5731178522109983,1,4,100,,
CV1 | nets=4 | frames=100,test,49,-0.2190887259038099,2.466022491455078,1,4,100,,
CV1 | nets=4 | frames=100,test,50,0.0386789596579197,2.1891989707946777,1,4,100,,
CV1 | nets=4 | frames=100,test,51,-0.1466400227827606,2.219799041748047,1,4,100,,
CV1 | nets=4 | frames=100,test,52,-0.1466582167541242,2.6644318103790283,1,4,100,,
CV1 | nets=4 | frames=100,test,53,0.3543707109293127,0.6160777807235718,1,4,100,,
CV1 | nets=4 | frames=100,test,54,-0.2504451898786599,2.5484325885772705,1,4,100,,
CV1 | nets=4 | frames=100,test,55,-0.0803696162881754,2.461726427078247,1,4,100,,
CV1 | nets=4 | frames=100,test,56,-0.1277120103792852,2.483042001724243,1,4,100,,
CV1 | nets=4 | frames=100,test,57,0.3812481697430855,0.5781278610229492,1,4,100,,
CV1 | nets=4 | frames=100,test,58,-0.4003789014783009,2.5973916053771973,1,4,100,,
CV1 | nets=4 | frames=100,test,59,0.2511593493496609,1.3623523712158203,1,4,100,,
CV1 | nets=4 | frames=100,test,60,-0.1963377719651293,2.76733136177063,1,4,100,,
CV1 | nets=4 | frames=100,test,61,0.2011468693729077,1.5663195848464966,1,4,100,,
CV1 | nets=4 | frames=100,test,62,0.1834175400503848,1.8966556787490845,1,4,100,,
CV1 | nets=4 | frames=100,test,63,0.1677718678598186,1.932366132736206,1,4,100,,
CV1 | nets=4 | frames=100,test,64,0.2103549124683166,0.9538532495498656,1,4,100,,
CV1 | nets=4 | frames=100,test,65,-0.2124182814927736,2.68436861038208,1,4,100,,
CV1 | nets=4 | frames=100,test,66,0.2427422463907798,1.2646188735961914,1,4,100,,
CV1 | nets=4 | frames=100,test,67,-0.198060037637249,2.946886777877808,1,4,100,,
CV1 | nets=4 | frames=100,test,68,-0.3247762104239115,2.6919519901275635,1,4,100,,
CV1 | nets=4 | frames=100,test,69,-0.1773883670701692,2.127636671066284,1,4,100,,
CV1 | nets=4 | frames=100,test,70,-0.2061780215112254,2.259373903274536,1,4,100,,
CV1 | nets=4 | frames=100,test,71,-0.1515654324056017,2.753401041030884,1,4,100,,
CV1 | nets=4 | frames=100,test,72,-0.1319308250403395,2.2780137062072754,1,4,100,,
CV1 | nets=8 | frames=2,train,0,-0.0669511275618616,1.3347387313842771,1,8,2,,
CV1 | nets=8 | frames=2,train,1,0.2410100211356636,1.4122061729431152,1,8,2,,
CV1 | nets=8 | frames=2,train,2,-0.0337183800006596,1.3558926582336426,1,8,2,,
CV1 | nets=8 | frames=2,train,3,-0.0707599670319939,1.3694846630096436,1,8,2,,
CV1 | nets=8 | frames=2,train,4,0.3079506710962201,1.412244439125061,1,8,2,,
CV1 | nets=8 | frames=2,train,5,0.3524800528535854,1.4141077995300293,1,8,2,,
CV1 | nets=8 | frames=2,train,6,-0.0810527879154043,1.3434349298477173,1,8,2,,
CV1 | nets=8 | frames=2,train,7,0.0229807605116772,1.368499755859375,1,8,2,,
CV1 | nets=8 | frames=2,test,0,0.0950451355151094,1.359180927276611,1,8,2,,
CV1 | nets=8 | frames=2,test,1,-0.0648093100969477,1.3671326637268066,1,8,2,,
CV1 | nets=8 | frames=2,test,2,-0.0036101382641459,1.3675881624221802,1,8,2,,
CV1 | nets=8 | frames=2,test,3,0.2259070200709375,1.4207972288131714,1,8,2,,
CV1 | nets=8 | frames=2,test,4,-0.2448221358235529,1.3502912521362305,1,8,2,,
CV1 | nets=8 | frames=2,test,5,-0.3251896560062025,1.3619966506958008,1,8,2,,
CV1 | nets=8 | frames=2,test,6,0.1639582164351763,1.4065511226654053,1,8,2,,
CV1 | nets=8 | frames=2,test,7,0.2767388091190165,1.3970986604690552,1,8,2,,
CV1 | nets=8 | frames=2,test,8,0.2817123526652541,1.422215700149536,1,8,2,,
CV1 | nets=8 | frames=2,test,9,-0.1737797852877405,1.338488221168518,1,8,2,,
CV1 | nets=8 | frames=2,test,10,-0.5936111989220015,1.3150955438613892,1,8,2,,
CV1 | nets=8 | frames=2,test,11,0.2708167150760829,1.39518404006958,1,8,2,,
CV1 | nets=8 | frames=2,test,12,-0.0488976389824205,1.3559281826019287,1,8,2,,
CV1 | nets=8 | frames=2,test,13,0.3374250403982374,1.4200092554092407,1,8,2,,
CV1 | nets=8 | frames=2,test,14,0.144219835421564,1.362170934677124,1,8,2,,
CV1 | nets=8 | frames=2,test,15,0.2238599590476573,1.393055438995361,1,8,2,,
CV1 | nets=8 | frames=2,test,16,-0.2110936628700718,1.340062379837036,1,8,2,,
CV1 | nets=8 | frames=2,test,17,-0.135107647284631,1.3417985439300537,1,8,2,,
CV1 | nets=8 | frames=2,test,18,-0.2879174109079594,1.332850694656372,1,8,2,,
CV1 | nets=8 | frames=2,test,19,-0.0869858031149348,1.3310465812683103,1,8,2,,
CV1 | nets=8 | frames=2,test,20,0.0729596003150843,1.3689759969711304,1,8,2,,
CV1 | nets=8 | frames=2,test,21,-0.0473741087700227,1.3217583894729614,1,8,2,,
CV1 | nets=8 | frames=2,test,22,-0.1740479126403528,1.357670783996582,1,8,2,,
CV1 | nets=8 | frames=2,test,23,-0.1534844106106529,1.3407628536224363,1,8,2,,
CV1 | nets=8 | frames=2,test,24,-0.3339993893646671,1.3408360481262207,1,8,2,,
CV1 | nets=8 | frames=2,test,25,-0.2983576891176249,1.327608346939087,1,8,2,,
CV1 | nets=8 | frames=2,test,26,-0.0843642366678143,1.3733646869659424,1,8,2,,
CV1 | nets=8 | frames=2,test,27,-0.2273098506600647,1.3192346096038818,1,8,2,,
CV1 | nets=8 | frames=2,test,28,0.150316153738502,1.4005131721496582,1,8,2,,
CV1 | nets=8 | frames=2,test,29,-0.2691509251686252,1.3271360397338867,1,8,2,,
CV1 | nets=8 | frames=2,test,30,0.1269998279169667,1.3819280862808228,1,8,2,,
CV1 | nets=8 | frames=2,test,31,0.3220806426408416,1.4324488639831543,1,8,2,,
CV1 | nets=8 | frames=2,test,32,-0.3233661435786948,1.3454190492630005,1,8,2,,
CV1 | nets=8 | frames=2,test,33,-0.1666568671096066,1.3390274047851562,1,8,2,,
CV1 | nets=8 | frames=2,test,34,-0.0608276768648222,1.3641057014465332,1,8,2,,
CV1 | nets=8 | frames=2,test,35,0.2821721893243829,1.387810230255127,1,8,2,,
CV1 | nets=8 | frames=2,test,36,-0.0591450573123482,1.315101981163025,1,8,2,,
CV1 | nets=8 | frames=2,test,37,-0.2523187814106471,1.3195641040802002,1,8,2,,
CV1 | nets=8 | frames=2,test,38,0.2693791688852633,1.3943862915039062,1,8,2,,
CV1 | nets=8 | frames=2,test,39,-0.157111034083224,1.34759783744812,1,8,2,,
CV1 | nets=8 | frames=2,test,40,0.1606833051492441,1.3654991388320925,1,8,2,,
CV1 | nets=8 | frames=2,test,41,0.172504695096772,1.3891655206680298,1,8,2,,
CV1 | nets=8 | frames=2,test,42,0.3873779088920612,1.416215181350708,1,8,2,,
CV1 | nets=8 | frames=2,test,43,-0.100209652453205,1.3320233821868896,1,8,2,,
CV1 | nets=8 | frames=2,test,44,0.1807945702326933,1.3942159414291382,1,8,2,,
CV1 | nets=8 | frames=2,test,45,-0.2190887259038099,1.3534985780715942,1,8,2,,
CV1 | nets=8 | frames=2,test,46,0.0386789596579197,1.3494985103607178,1,8,2,,
CV1 | nets=8 | frames=2,test,47,-0.1466400227827606,1.3494951725006104,1,8,2,,
CV1 | nets=8 | frames=2,test,48,-0.1466582167541242,1.3093208074569702,1,8,2,,
CV1 | nets=8 | frames=2,test,49,0.3543707109293127,1.4095301628112793,1,8,2,,
CV1 | nets=8 | frames=2,test,50,-0.2504451898786599,1.3508142232894895,1,8,2,,
CV1 | nets=8 | frames=2,test,51,-0.0803696162881754,1.3283835649490356,1,8,2,,
CV1 | nets=8 | frames=2,test,52,-0.1277120103792852,1.3468215465545654,1,8,2,,
CV1 | nets=8 | frames=2,test,53,0.3812481697430855,1.4438693523406982,1,8,2,,
CV1 | nets=8 | frames=2,test,54,-0.4003789014783009,1.3398000001907349,1,8,2,,
CV1 | nets=8 | frames=2,test,55,0.2511593493496609,1.39115571975708,1,8,2,,
CV1 | nets=8 | frames=2,test,56,-0.1963377719651293,1.3378233909606934,1,8,2,,
CV1 | nets=8 | frames=2,test,57,0.2011468693729077,1.3847521543502808,1,8,2,,
CV1 | nets=8 | frames=2,test,58,0.1834175400503848,1.359284520149231,1,8,2,,
CV1 | nets=8 | frames=2,test,59,0.1677718678598186,1.373512625694275,1,8,2,,
CV1 | nets=8 | frames=2,test,60,0.2103549124683166,1.4073693752288818,1,8,2,,
CV1 | nets=8 | frames=2,test,61,-0.2124182814927736,1.3476991653442385,1,8,2,,
CV1 | nets=8 | frames=2,test,62,0.2427422463907798,1.3942004442214966,1,8,2,,
CV1 | nets=8 | frames=2,test,63,-0.198060037637249,1.3197009563446045,1,8,2,,
CV1 | nets=8 | frames=2,test,64,-0.3247762104239115,1.3106496334075928,1,8,2,,
CV1 | nets=8 | frames=2,test,65,-0.1773883670701692,1.3575828075408936,1,8,2,,
CV1 | nets=8 | frames=2,test,66,-0.2061780215112254,1.3141758441925049,1,8,2,,
CV1 | nets=8 | frames=2,test,67,-0.1515654324056017,1.3153681755065918,1,8,2,,
CV1 | nets=8 | frames=2,test,68,-0.1319308250403395,1.355217695236206,1,8,2,,
CV1 | nets=8 | frames=5,train,0,-0.0669511275618616,-4.708113193511963,1,8,5,,
CV1 | nets=8 | frames=5,train,1,0.2410100211356636,-2.4666781425476074,1,8,5,,
CV1 | nets=8 | frames=5,train,2,-0.0337183800006596,-4.39857292175293,1,8,5,,
CV1 | nets=8 | frames=5,train,3,-0.0707599670319939,-4.715945720672607,1,8,5,,
CV1 | nets=8 | frames=5,train,4,0.3079506710962201,-2.010725498199463,1,8,5,,
CV1 | nets=8 | frames=5,train,5,0.3524800528535854,-1.5354983806610107,1,8,5,,
CV1 | nets=8 | frames=5,train,6,-0.0810527879154043,-5.2016777992248535,1,8,5,,
CV1 | nets=8 | frames=5,train,7,0.0229807605116772,-4.590394973754883,1,8,5,,
CV1 | nets=8 | frames=5,test,0,0.0950451355151094,-3.6468923091888423,1,8,5,,
CV1 | nets=8 | frames=5,test,1,-0.0648093100969477,-4.259372711181641,1,8,5,,
CV1 | nets=8 | frames=5,test,2,-0.0036101382641459,-3.716584444046021,1,8,5,,
CV1 | nets=8 | frames=5,test,3,0.2259070200709375,-1.987527012825012,1,8,5,,
CV1 | nets=8 | frames=5,test,4,-0.2448221358235529,-5.464953422546387,1,8,5,,
CV1 | nets=8 | frames=5,test,5,-0.3251896560062025,-4.86192512512207,1,8,5,,
CV1 | nets=8 | frames=5,test,6,0.1639582164351763,-2.382007598876953,1,8,5,,
CV1 | nets=8 | frames=5,test,7,0.2767388091190165,-3.188636541366577,1,8,5,,
CV1 | nets=8 | frames=5,test,8,0.2817123526652541,-2.062760591506958,1,8,5,,
CV1 | nets=8 | frames=5,test,9,-0.1737797852877405,-5.587162494659424,1,8,5,,
CV1 | nets=8 | frames=5,test,10,-0.5936111989220015,-5.141592025756836,1,8,5,,
CV1 | nets=8 | frames=5,test,11,0.2708167150760829,-2.59681248664856,1,8,5,,
CV1 | nets=8 | frames=5,test,12,-0.0488976389824205,-4.445764064788818,1,8,5,,
CV1 | nets=8 | frames=5,test,13,0.3374250403982374,-1.5594898462295532,1,8,5,,
CV1 | nets=8 | frames=5,test,14,0.144219835421564,-3.801159858703613,1,8,5,,
CV1 | nets=8 | frames=5,test,15,0.2238599590476573,-2.824135065078736,1,8,5,,
CV1 | nets=8 | frames=5,test,16,-0.2110936628700718,-5.852821350097656,1,8,5,,
CV1 | nets=8 | frames=5,test,17,-0.135107647284631,-5.787594318389893,1,8,5,,
CV1 | nets=8 | frames=5,test,18,-0.2879174109079594,-5.780508041381836,1,8,5,,
CV1 | nets=8 | frames=5,test,19,-0.0869858031149348,-5.538021087646484,1,8,5,,
CV1 | nets=8 | frames=5,test,20,0.0729596003150843,-3.6874279975891113,1,8,5,,
CV1 | nets=8 | frames=5,test,21,-0.0473741087700227,-5.374241828918457,1,8,5,,
CV1 | nets=8 | frames=5,test,22,-0.1740479126403528,-5.665731430053711,1,8,5,,
CV1 | nets=8 | frames=5,test,23,-0.1534844106106529,-5.705707550048828,1,8,5,,
CV1 | nets=8 | frames=5,test,24,-0.3339993893646671,-5.734271049499512,1,8,5,,
CV1 | nets=8 | frames=5,test,25,-0.2983576891176249,-5.468286037445068,1,8,5,,
CV1 | nets=8 | frames=5,test,26,-0.0843642366678143,-4.021939277648926,1,8,5,,
CV1 | nets=8 | frames=5,test,27,-0.2273098506600647,-5.041081428527832,1,8,5,,
CV1 | nets=8 | frames=5,test,28,0.150316153738502,-2.897714614868164,1,8,5,,
CV1 | nets=8 | frames=5,test,29,-0.2691509251686252,-5.198488235473633,1,8,5,,
CV1 | nets=8 | frames=5,test,30,0.1269998279169667,-3.627854585647583,1,8,5,,
CV1 | nets=8 | frames=5,test,31,0.3220806426408416,-1.7070374488830566,1,8,5,,
CV1 | nets=8 | frames=5,test,32,-0.3233661435786948,-5.468914031982422,1,8,5,,
CV1 | nets=8 | frames=5,test,33,-0.1666568671096066,-5.385148048400879,1,8,5,,
CV1 | nets=8 | frames=5,test,34,-0.0608276768648222,-5.080086708068848,1,8,5,,
CV1 | nets=8 | frames=5,test,35,0.2821721893243829,-1.988922953605652,1,8,5,,
CV1 | nets=8 | frames=5,test,36,-0.0591450573123482,-6.192228317260742,1,8,5,,
CV1 | nets=8 | frames=5,test,37,-0.2523187814106471,-5.78932523727417,1,8,5,,
CV1 | nets=8 | frames=5,test,38,0.2693791688852633,-2.843439817428589,1,8,5,,
CV1 | nets=8 | frames=5,test,39,-0.157111034083224,-4.799663543701172,1,8,5,,
CV1 | nets=8 | frames=5,test,40,0.1606833051492441,-3.333502531051636,1,8,5,,
CV1 | nets=8 | frames=5,test,41,0.172504695096772,-3.493175506591797,1,8,5,,
CV1 | nets=8 | frames=5,test,42,0.3873779088920612,-1.548039793968201,1,8,5,,
CV1 | nets=8 | frames=5,test,43,-0.100209652453205,-5.259003639221191,1,8,5,,
CV1 | nets=8 | frames=5,test,44,0.1807945702326933,-3.2856192588806152,1,8,5,,
CV1 | nets=8 | frames=5,test,45,-0.2190887259038099,-5.453320503234863,1,8,5,,
CV1 | nets=8 | frames=5,test,46,0.0386789596579197,-4.220396995544434,1,8,5,,
CV1 | nets=8 | frames=5,test,47,-0.1466400227827606,-4.655075550079346,1,8,5,,
CV1 | nets=8 | frames=5,test,48,-0.1466582167541242,-5.484477996826172,1,8,5,,
CV1 | nets=8 | frames=5,test,49,0.3543707109293127,-1.4802895784378052,1,8,5,,
CV1 | nets=8 | frames=5,test,50,-0.2504451898786599,-5.453915119171143,1,8,5,,
CV1 | nets=8 | frames=5,test,51,-0.0803696162881754,-4.69815731048584,1,8,5,,
CV1 | nets=8 | frames=5,test,52,-0.1277120103792852,-5.386831760406494,1,8,5,,
CV1 | nets=8 | frames=5,test,53,0.3812481697430855,-1.6737351417541504,1,8,5,,
CV1 | nets=8 | frames=5,test,54,-0.4003789014783009,-5.348384380340576,1,8,5,,
CV1 | nets=8 | frames=5,test,55,0.2511593493496609,-3.0885720252990723,1,8,5,,
CV1 | nets=8 | frames=5,test,56,-0.1963377719651293,-5.589098930358887,1,8,5,,
CV1 | nets=8 | frames=5,test,57,0.2011468693729077,-3.2753891944885254,1,8,5,,
CV1 | nets=8 | frames=5,test,58,0.1834175400503848,-3.5031511783599854,1,8,5,,
CV1 | nets=8 | frames=5,test,59,0.1677718678598186,-4.130841255187988,1,8,5,,
CV1 | nets=8 | frames=5,test,60,0.2103549124683166,-2.1345226764678955,1,8,5,,
CV1 | nets=8 | frames=5,test,61,-0.2124182814927736,-5.584787368774414,1,8,5,,
CV1 | nets=8 | frames=5,test,62,0.2427422463907798,-2.8697311878204346,1,8,5,,
CV1 | nets=8 | frames=5,test,63,-0.198060037637249,-5.873412132263184,1,8,5,,
CV1 | nets=8 | frames=5,test,64,-0.3247762104239115,-5.485485553741455,1,8,5,,
CV1 | nets=8 | frames=5,test,65,-0.1773883670701692,-4.533473491668701,1,8,5,,
CV1 | nets=8 | frames=5,test,66,-0.2061780215112254,-4.837118148803711,1,8,5,,
CV1 | nets=8 | frames=5,test,67,-0.1515654324056017,-5.37262487411499,1,8,5,,
CV1 | nets=8 | frames=5,test,68,-0.1319308250403395,-4.672260284423828,1,8,5,,
CV1 | nets=8 | frames=10,train,0,-0.0669511275618616,-3.652050733566284,1,8,10,,
CV1 | nets=8 | frames=10,train,1,0.2410100211356636,-3.849689245223999,1,8,10,,
CV1 | nets=8 | frames=10,train,2,-0.0337183800006596,-3.7343790531158447,1,8,10,,
CV1 | nets=8 | frames=10,train,3,-0.0707599670319939,-3.736419916152954,1,8,10,,
CV1 | nets=8 | frames=10,train,4,0.3079506710962201,-3.8540198802948,1,8,10,,
CV1 | nets=8 | frames=10,train,5,0.3524800528535854,-3.887753963470459,1,8,10,,
CV1 | nets=8 | frames=10,train,6,-0.0810527879154043,-3.678024291992188,1,8,10,,
CV1 | nets=8 | frames=10,train,7,0.0229807605116772,-3.760547876358032,1,8,10,,
CV1 | nets=8 | frames=10,test,0,0.0950451355151094,-3.746558904647827,1,8,10,,
CV1 | nets=8 | frames=10,test,1,-0.0648093100969477,-3.7219552993774414,1,8,10,,
CV1 | nets=8 | frames=10,test,2,-0.0036101382641459,-3.771367311477661,1,8,10,,
CV1 | nets=8 | frames=10,test,3,0.2259070200709375,-3.824083089828491,1,8,10,,
CV1 | nets=8 | frames=10,test,4,-0.2448221358235529,-3.725148916244507,1,8,10,,
CV1 | nets=8 | frames=10,test,5,-0.3251896560062025,-3.743211030960083,1,8,10,,
CV1 | nets=8 | frames=10,test,6,0.1639582164351763,-3.810992956161499,1,8,10,,
CV1 | nets=8 | frames=10,test,7,0.2767388091190165,-3.801854133605957,1,8,10,,
CV1 | nets=8 | frames=10,test,8,0.2817123526652541,-3.8517215251922607,1,8,10,,
CV1 | nets=8 | frames=10,test,9,-0.1737797852877405,-3.6880228519439697,1,8,10,,
CV1 | nets=8 | frames=10,test,10,-0.5936111989220015,-3.6546709537506095,1,8,10,,
CV1 | nets=8 | frames=10,test,11,0.2708167150760829,-3.791770696640015,1,8,10,,
CV1 | nets=8 | frames=10,test,12,-0.0488976389824205,-3.702839612960816,1,8,10,,
CV1 | nets=8 | frames=10,test,13,0.3374250403982374,-3.782125234603882,1,8,10,,
CV1 | nets=8 | frames=10,test,14,0.144219835421564,-3.711716651916504,1,8,10,,
CV1 | nets=8 | frames=10,test,15,0.2238599590476573,-3.7666172981262207,1,8,10,,
CV1 | nets=8 | frames=10,test,16,-0.2110936628700718,-3.66235089302063,1,8,10,,
CV1 | nets=8 | frames=10,test,17,-0.135107647284631,-3.640701055526733,1,8,10,,
CV1 | nets=8 | frames=10,test,18,-0.2879174109079594,-3.620898962020874,1,8,10,,
CV1 | nets=8 | frames=10,test,19,-0.0869858031149348,-3.608509063720703,1,8,10,,
CV1 | nets=8 | frames=10,test,20,0.0729596003150843,-3.731477022171021,1,8,10,,
CV1 | nets=8 | frames=10,test,21,-0.0473741087700227,-3.634535551071167,1,8,10,,
CV1 | nets=8 | frames=10,test,22,-0.1740479126403528,-3.7175180912017822,1,8,10,,
CV1 | nets=8 | frames=10,test,23,-0.1534844106106529,-3.7460618019104,1,8,10,,
CV1 | nets=8 | frames=10,test,24,-0.3339993893646671,-3.6490120887756343,1,8,10,,
CV1 | nets=8 | frames=10,test,25,-0.2983576891176249,-3.6556084156036377,1,8,10,,
CV1 | nets=8 | frames=10,test,26,-0.0843642366678143,-3.6823880672454834,1,8,10,,
CV1 | nets=8 | frames=10,test,27,-0.2273098506600647,-3.571220636367798,1,8,10,,
CV1 | nets=8 | frames=10,test,28,0.150316153738502,-3.8108041286468506,1,8,10,,
CV1 | nets=8 | frames=10,test,29,-0.2691509251686252,-3.6886746883392334,1,8,10,,
CV1 | nets=8 | frames=10,test,30,0.1269998279169667,-3.749970436096192,1,8,10,,
CV1 | nets=8 | frames=10,test,31,0.3220806426408416,-3.9411118030548096,1,8,10,,
CV1 | nets=8 | frames=10,test,32,-0.3233661435786948,-3.691616535186768,1,8,10,,
CV1 | nets=8 | frames=10,test,33,-0.1666568671096066,-3.724918603897095,1,8,10,,
CV1 | nets=8 | frames=10,test,34,-0.0608276768648222,-3.754328012466431,1,8,10,,
CV1 | nets=8 | frames=10,test,35,0.2821721893243829,-3.821675777435303,1,8,10,,
CV1 | nets=8 | frames=10,test,36,-0.0591450573123482,-3.637580394744873,1,8,10,,
CV1 | nets=8 | frames=10,test,37,-0.2523187814106471,-3.6523404121398926,1,8,10,,
CV1 | nets=8 | frames=10,test,38,0.2693791688852633,-3.781572103500366,1,8,10,,
CV1 | nets=8 | frames=10,test,39,-0.157111034083224,-3.6360270977020255,1,8,10,,
CV1 | nets=8 | frames=10,test,40,0.1606833051492441,-3.717136859893799,1,8,10,,
CV1 | nets=8 | frames=10,test,41,0.172504695096772,-3.8081114292144775,1,8,10,,
CV1 | nets=8 | frames=10,test,42,0.3873779088920612,-3.83412766456604,1,8,10,,
CV1 | nets=8 | frames=10,test,43,-0.100209652453205,-3.6648590564727774,1,8,10,,
CV1 | nets=8 | frames=10,test,44,0.1807945702326933,-3.826725244522095,1,8,10,,
CV1 | nets=8 | frames=10,test,45,-0.2190887259038099,-3.6524696350097656,1,8,10,,
CV1 | nets=8 | frames=10,test,46,0.0386789596579197,-3.772405385971069,1,8,10,,
CV1 | nets=8 | frames=10,test,47,-0.1466400227827606,-3.696350336074829,1,8,10,,
CV1 | nets=8 | frames=10,test,48,-0.1466582167541242,-3.61821961402893,1,8,10,,
CV1 | nets=8 | frames=10,test,49,0.3543707109293127,-3.839653730392456,1,8,10,,
CV1 | nets=8 | frames=10,test,50,-0.2504451898786599,-3.73835039138794,1,8,10,,
CV1 | nets=8 | frames=10,test,51,-0.0803696162881754,-3.705683469772339,1,8,10,,
CV1 | nets=8 | frames=10,test,52,-0.1277120103792852,-3.6833655834198,1,8,10,,
CV1 | nets=8 | frames=10,test,53,0.3812481697430855,-3.892730712890625,1,8,10,,
CV1 | nets=8 | frames=10,test,54,-0.4003789014783009,-3.7078466415405273,1,8,10,,
CV1 | nets=8 | frames=10,test,55,0.2511593493496609,-3.760952234268189,1,8,10,,
CV1 | nets=8 | frames=10,test,56,-0.1963377719651293,-3.711383581161499,1,8,10,,
CV1 | nets=8 | frames=10,test,57,0.2011468693729077,-3.7611162662506095,1,8,10,,
CV1 | nets=8 | frames=10,test,58,0.1834175400503848,-3.779170274734497,1,8,10,,
CV1 | nets=8 | frames=10,test,59,0.1677718678598186,-3.706183671951294,1,8,10,,
CV1 | nets=8 | frames=10,test,60,0.2103549124683166,-3.84918475151062,1,8,10,,
CV1 | nets=8 | frames=10,test,61,-0.2124182814927736,-3.733727216720581,1,8,10,,
CV1 | nets=8 | frames=10,test,62,0.2427422463907798,-3.761601448059082,1,8,10,,
CV1 | nets=8 | frames=10,test,63,-0.198060037637249,-3.699472665786743,1,8,10,,
CV1 | nets=8 | frames=10,test,64,-0.3247762104239115,-3.5135157108306885,1,8,10,,
CV1 | nets=8 | frames=10,test,65,-0.1773883670701692,-3.712849378585816,1,8,10,,
CV1 | nets=8 | frames=10,test,66,-0.2061780215112254,-3.6106016635894775,1,8,10,,
CV1 | nets=8 | frames=10,test,67,-0.1515654324056017,-3.67325496673584,1,8,10,,
CV1 | nets=8 | frames=10,test,68,-0.1319308250403395,-3.696282625198364,1,8,10,,
CV1 | nets=8 | frames=25,train,0,-0.0669511275618616,-4.108283519744873,1,8,25,,
CV1 | nets=8 | frames=25,train,1,0.2410100211356636,-2.4923620223999023,1,8,25,,
CV1 | nets=8 | frames=25,train,2,-0.0337183800006596,-3.877502679824829,1,8,25,,
CV1 | nets=8 | frames=25,train,3,-0.0707599670319939,-4.422175884246826,1,8,25,,
CV1 | nets=8 | frames=25,train,4,0.3079506710962201,-2.005537509918213,1,8,25,,
CV1 | nets=8 | frames=25,train,5,0.3524800528535854,-1.8658593893051147,1,8,25,,
CV1 | nets=8 | frames=25,train,6,-0.0810527879154043,-4.289957046508789,1,8,25,,
CV1 | nets=8 | frames=25,train,7,0.0229807605116772,-4.192325115203857,1,8,25,,
CV1 | nets=8 | frames=25,test,0,0.0950451355151094,-3.6010217666625977,1,8,25,,
CV1 | nets=8 | frames=25,test,1,-0.0648093100969477,-3.903712511062622,1,8,25,,
CV1 | nets=8 | frames=25,test,2,-0.0036101382641459,-3.314682960510254,1,8,25,,
CV1 | nets=8 | frames=25,test,3,0.2259070200709375,-1.9345413446426392,1,8,25,,
CV1 | nets=8 | frames=25,test,4,-0.2448221358235529,-4.645684242248535,1,8,25,,
CV1 | nets=8 | frames=25,test,5,-0.3251896560062025,-4.075898170471191,1,8,25,,
CV1 | nets=8 | frames=25,test,6,0.1639582164351763,-2.410083055496216,1,8,25,,
CV1 | nets=8 | frames=25,test,7,0.2767388091190165,-3.2116715908050537,1,8,25,,
CV1 | nets=8 | frames=25,test,8,0.2817123526652541,-1.9026970863342283,1,8,25,,
CV1 | nets=8 | frames=25,test,9,-0.1737797852877405,-5.049430847167969,1,8,25,,
CV1 | nets=8 | frames=25,test,10,-0.5936111989220015,-4.286074638366699,1,8,25,,
CV1 | nets=8 | frames=25,test,11,0.2708167150760829,-2.688436508178711,1,8,25,,
CV1 | nets=8 | frames=25,test,12,-0.0488976389824205,-3.916767120361328,1,8,25,,
CV1 | nets=8 | frames=25,test,13,0.3374250403982374,-1.7613568305969238,1,8,25,,
CV1 | nets=8 | frames=25,test,14,0.144219835421564,-3.4740452766418457,1,8,25,,
CV1 | nets=8 | frames=25,test,15,0.2238599590476573,-2.7085866928100586,1,8,25,,
CV1 | nets=8 | frames=25,test,16,-0.2110936628700718,-5.170587062835693,1,8,25,,
CV1 | nets=8 | frames=25,test,17,-0.135107647284631,-4.975717544555664,1,8,25,,
CV1 | nets=8 | frames=25,test,18,-0.2879174109079594,-5.082351207733154,1,8,25,,
CV1 | nets=8 | frames=25,test,19,-0.0869858031149348,-4.8575825691223145,1,8,25,,
CV1 | nets=8 | frames=25,test,20,0.0729596003150843,-3.1839656829833984,1,8,25,,
CV1 | nets=8 | frames=25,test,21,-0.0473741087700227,-4.8415303230285645,1,8,25,,
CV1 | nets=8 | frames=25,test,22,-0.1740479126403528,-4.947484970092773,1,8,25,,
CV1 | nets=8 | frames=25,test,23,-0.1534844106106529,-4.743124961853027,1,8,25,,
CV1 | nets=8 | frames=25,test,24,-0.3339993893646671,-5.060569763183594,1,8,25,,
CV1 | nets=8 | frames=25,test,25,-0.2983576891176249,-4.742598533630371,1,8,25,,
CV1 | nets=8 | frames=25,test,26,-0.0843642366678143,-3.244701147079468,1,8,25,,
CV1 | nets=8 | frames=25,test,27,-0.2273098506600647,-4.091455936431885,1,8,25,,
CV1 | nets=8 | frames=25,test,28,0.150316153738502,-2.952657699584961,1,8,25,,
CV1 | nets=8 | frames=25,test,29,-0.2691509251686252,-4.948068141937256,1,8,25,,
CV1 | nets=8 | frames=25,test,30,0.1269998279169667,-3.167304515838623,1,8,25,,
CV1 | nets=8 | frames=25,test,31,0.3220806426408416,-2.044749021530152,1,8,25,,
CV1 | nets=8 | frames=25,test,32,-0.3233661435786948,-4.5940141677856445,1,8,25,,
CV1 | nets=8 | frames=25,test,33,-0.1666568671096066,-4.899158477783203,1,8,25,,
CV1 | nets=8 | frames=25,test,34,-0.0608276768648222,-4.406931400299072,1,8,25,,
CV1 | nets=8 | frames=25,test,35,0.2821721893243829,-2.539748191833496,1,8,25,,
CV1 | nets=8 | frames=25,test,36,-0.0591450573123482,-5.597625255584717,1,8,25,,
CV1 | nets=8 | frames=25,test,37,-0.2523187814106471,-5.108552932739258,1,8,25,,
CV1 | nets=8 | frames=25,test,38,0.2693791688852633,-2.7272629737854004,1,8,25,,
CV1 | nets=8 | frames=25,test,39,-0.157111034083224,-4.08110237121582,1,8,25,,
CV1 | nets=8 | frames=25,test,40,0.1606833051492441,-3.054511785507202,1,8,25,,
CV1 | nets=8 | frames=25,test,41,0.172504695096772,-3.333080768585205,1,8,25,,
CV1 | nets=8 | frames=25,test,42,0.3873779088920612,-1.9138363599777224,1,8,25,,
CV1 | nets=8 | frames=25,test,43,-0.100209652453205,-4.925830364227295,1,8,25,,
CV1 | nets=8 | frames=25,test,44,0.1807945702326933,-2.888460636138916,1,8,25,,
CV1 | nets=8 | frames=25,test,45,-0.2190887259038099,-4.549794673919678,1,8,25,,
CV1 | nets=8 | frames=25,test,46,0.0386789596579197,-3.905032157897949,1,8,25,,
CV1 | nets=8 | frames=25,test,47,-0.1466400227827606,-4.129254341125488,1,8,25,,
CV1 | nets=8 | frames=25,test,48,-0.1466582167541242,-4.877933025360107,1,8,25,,
CV1 | nets=8 | frames=25,test,49,0.3543707109293127,-1.7778639793395996,1,8,25,,
CV1 | nets=8 | frames=25,test,50,-0.2504451898786599,-4.860095500946045,1,8,25,,
CV1 | nets=8 | frames=25,test,51,-0.0803696162881754,-4.329847812652588,1,8,25,,
CV1 | nets=8 | frames=25,test,52,-0.1277120103792852,-4.799116134643555,1,8,25,,
CV1 | nets=8 | frames=25,test,53,0.3812481697430855,-2.0685596466064453,1,8,25,,
CV1 | nets=8 | frames=25,test,54,-0.4003789014783009,-4.588829040527344,1,8,25,,
CV1 | nets=8 | frames=25,test,55,0.2511593493496609,-3.145394325256348,1,8,25,,
CV1 | nets=8 | frames=25,test,56,-0.1963377719651293,-4.890547752380371,1,8,25,,
CV1 | nets=8 | frames=25,test,57,0.2011468693729077,-2.8410804271698,1,8,25,,
CV1 | nets=8 | frames=25,test,58,0.1834175400503848,-3.2257800102233887,1,8,25,,
CV1 | nets=8 | frames=25,test,59,0.1677718678598186,-3.695011615753174,1,8,25,,
CV1 | nets=8 | frames=25,test,60,0.2103549124683166,-2.2221813201904297,1,8,25,,
CV1 | nets=8 | frames=25,test,61,-0.2124182814927736,-4.7193922996521,1,8,25,,
CV1 | nets=8 | frames=25,test,62,0.2427422463907798,-2.7054805755615234,1,8,25,,
CV1 | nets=8 | frames=25,test,63,-0.198060037637249,-5.037227153778076,1,8,25,,
CV1 | nets=8 | frames=25,test,64,-0.3247762104239115,-4.458182334899902,1,8,25,,
CV1 | nets=8 | frames=25,test,65,-0.1773883670701692,-3.820051670074463,1,8,25,,
CV1 | nets=8 | frames=25,test,66,-0.2061780215112254,-4.3631086349487305,1,8,25,,
CV1 | nets=8 | frames=25,test,67,-0.1515654324056017,-4.514512062072754,1,8,25,,
CV1 | nets=8 | frames=25,test,68,-0.1319308250403395,-3.9497222900390634,1,8,25,,
CV1 | nets=8 | frames=50,train,0,-0.0669511275618616,-3.9049301147460938,1,8,50,,
CV1 | nets=8 | frames=50,train,1,0.2410100211356636,-2.1153335571289062,1,8,50,,
CV1 | nets=8 | frames=50,train,2,-0.0337183800006596,-3.774847984313965,1,8,50,,
CV1 | nets=8 | frames=50,train,3,-0.0707599670319939,-4.291103363037109,1,8,50,,
CV1 | nets=8 | frames=50,train,4,0.3079506710962201,-1.5493316650390625,1,8,50,,
CV1 | nets=8 | frames=50,train,5,0.3524800528535854,-1.487812638282776,1,8,50,,
CV1 | nets=8 | frames=50,train,6,-0.0810527879154043,-4.320619106292725,1,8,50,,
CV1 | nets=8 | frames=50,train,7,0.0229807605116772,-4.0771355628967285,1,8,50,,
CV1 | nets=8 | frames=50,test,0,0.0950451355151094,-3.172377109527588,1,8,50,,
CV1 | nets=8 | frames=50,test,1,-0.0648093100969477,-3.756331443786621,1,8,50,,
CV1 | nets=8 | frames=50,test,2,-0.0036101382641459,-3.091814517974853,1,8,50,,
CV1 | nets=8 | frames=50,test,3,0.2259070200709375,-1.4790551662445068,1,8,50,,
CV1 | nets=8 | frames=50,test,4,-0.2448221358235529,-4.677984714508057,1,8,50,,
CV1 | nets=8 | frames=50,test,5,-0.3251896560062025,-4.090256214141846,1,8,50,,
CV1 | nets=8 | frames=50,test,6,0.1639582164351763,-2.162374973297119,1,8,50,,
CV1 | nets=8 | frames=50,test,7,0.2767388091190165,-2.969855546951294,1,8,50,,
CV1 | nets=8 | frames=50,test,8,0.2817123526652541,-1.6063241958618164,1,8,50,,
CV1 | nets=8 | frames=50,test,9,-0.1737797852877405,-4.960150241851807,1,8,50,,
CV1 | nets=8 | frames=50,test,10,-0.5936111989220015,-4.264597892761231,1,8,50,,
CV1 | nets=8 | frames=50,test,11,0.2708167150760829,-2.3495519161224365,1,8,50,,
CV1 | nets=8 | frames=50,test,12,-0.0488976389824205,-3.77852201461792,1,8,50,,
CV1 | nets=8 | frames=50,test,13,0.3374250403982374,-1.4442150592803955,1,8,50,,
CV1 | nets=8 | frames=50,test,14,0.144219835421564,-3.237032175064087,1,8,50,,
CV1 | nets=8 | frames=50,test,15,0.2238599590476573,-2.4772794246673584,1,8,50,,
CV1 | nets=8 | frames=50,test,16,-0.2110936628700718,-5.225212574005127,1,8,50,,
CV1 | nets=8 | frames=50,test,17,-0.135107647284631,-5.1649250984191895,1,8,50,,
CV1 | nets=8 | frames=50,test,18,-0.2879174109079594,-5.147889614105225,1,8,50,,
CV1 | nets=8 | frames=50,test,19,-0.0869858031149348,-4.837533473968506,1,8,50,,
CV1 | nets=8 | frames=50,test,20,0.0729596003150843,-2.8777871131896973,1,8,50,,
CV1 | nets=8 | frames=50,test,21,-0.0473741087700227,-4.683804035186768,1,8,50,,
CV1 | nets=8 | frames=50,test,22,-0.1740479126403528,-5.030687808990479,1,8,50,,
CV1 | nets=8 | frames=50,test,23,-0.1534844106106529,-4.668570041656494,1,8,50,,
CV1 | nets=8 | frames=50,test,24,-0.3339993893646671,-5.113851547241211,1,8,50,,
CV1 | nets=8 | frames=50,test,25,-0.2983576891176249,-4.784164905548096,1,8,50,,
CV1 | nets=8 | frames=50,test,26,-0.0843642366678143,-3.107797622680664,1,8,50,,
CV1 | nets=8 | frames=50,test,27,-0.2273098506600647,-4.026740074157715,1,8,50,,
CV1 | nets=8 | frames=50,test,28,0.150316153738502,-2.6241567134857178,1,8,50,,
CV1 | nets=8 | frames=50,test,29,-0.2691509251686252,-4.81044864654541,1,8,50,,
CV1 | nets=8 | frames=50,test,30,0.1269998279169667,-2.9843838214874268,1,8,50,,
CV1 | nets=8 | frames=50,test,31,0.3220806426408416,-1.588590145111084,1,8,50,,
CV1 | nets=8 | frames=50,test,32,-0.3233661435786948,-4.522754669189453,1,8,50,,
CV1 | nets=8 | frames=50,test,33,-0.1666568671096066,-4.814197540283203,1,8,50,,
CV1 | nets=8 | frames=50,test,34,-0.0608276768648222,-4.323821544647217,1,8,50,,
CV1 | nets=8 | frames=50,test,35,0.2821721893243829,-1.9419904947280884,1,8,50,,
CV1 | nets=8 | frames=50,test,36,-0.0591450573123482,-5.701017379760742,1,8,50,,
CV1 | nets=8 | frames=50,test,37,-0.2523187814106471,-5.113171100616455,1,8,50,,
CV1 | nets=8 | frames=50,test,38,0.2693791688852633,-2.40037202835083,1,8,50,,
CV1 | nets=8 | frames=50,test,39,-0.157111034083224,-4.025131702423096,1,8,50,,
CV1 | nets=8 | frames=50,test,40,0.1606833051492441,-2.629994630813598,1,8,50,,
CV1 | nets=8 | frames=50,test,41,0.172504695096772,-2.9653146266937256,1,8,50,,
CV1 | nets=8 | frames=50,test,42,0.3873779088920612,-1.4730864763259888,1,8,50,,
CV1 | nets=8 | frames=50,test,43,-0.100209652453205,-4.998366832733154,1,8,50,,
CV1 | nets=8 | frames=50,test,44,0.1807945702326933,-2.5849404335021973,1,8,50,,
CV1 | nets=8 | frames=50,test,45,-0.2190887259038099,-4.613118648529053,1,8,50,,
CV1 | nets=8 | frames=50,test,46,0.0386789596579197,-3.584199905395508,1,8,50,,
CV1 | nets=8 | frames=50,test,47,-0.1466400227827606,-4.085341930389404,1,8,50,,
CV1 | nets=8 | frames=50,test,48,-0.1466582167541242,-4.774922847747803,1,8,50,,
CV1 | nets=8 | frames=50,test,49,0.3543707109293127,-1.3635423183441162,1,8,50,,
CV1 | nets=8 | frames=50,test,50,-0.2504451898786599,-4.820104122161865,1,8,50,,
CV1 | nets=8 | frames=50,test,51,-0.0803696162881754,-4.02505350112915,1,8,50,,
CV1 | nets=8 | frames=50,test,52,-0.1277120103792852,-4.822948932647705,1,8,50,,
CV1 | nets=8 | frames=50,test,53,0.3812481697430855,-1.6314687728881836,1,8,50,,
CV1 | nets=8 | frames=50,test,54,-0.4003789014783009,-4.489387035369873,1,8,50,,
CV1 | nets=8 | frames=50,test,55,0.2511593493496609,-2.866170644760132,1,8,50,,
CV1 | nets=8 | frames=50,test,56,-0.1963377719651293,-4.713943004608154,1,8,50,,
CV1 | nets=8 | frames=50,test,57,0.2011468693729077,-2.581112861633301,1,8,50,,
CV1 | nets=8 | frames=50,test,58,0.1834175400503848,-2.7973201274871826,1,8,50,,
CV1 | nets=8 | frames=50,test,59,0.1677718678598186,-3.4609737396240234,1,8,50,,
CV1 | nets=8 | frames=50,test,60,0.2103549124683166,-1.7330973148345947,1,8,50,,
CV1 | nets=8 | frames=50,test,61,-0.2124182814927736,-4.681934833526611,1,8,50,,
CV1 | nets=8 | frames=50,test,62,0.2427422463907798,-2.400505304336548,1,8,50,,
CV1 | nets=8 | frames=50,test,63,-0.198060037637249,-4.970133304595947,1,8,50,,
CV1 | nets=8 | frames=50,test,64,-0.3247762104239115,-4.4610676765441895,1,8,50,,
CV1 | nets=8 | frames=50,test,65,-0.1773883670701692,-3.847469329833984,1,8,50,,
CV1 | nets=8 | frames=50,test,66,-0.2061780215112254,-4.215728282928467,1,8,50,,
CV1 | nets=8 | frames=50,test,67,-0.1515654324056017,-4.350246906280518,1,8,50,,
CV1 | nets=8 | frames=50,test,68,-0.1319308250403395,-3.808960676193237,1,8,50,,
CV1 | nets=8 | frames=100,train,0,-0.0669511275618616,3.665581703186035,1,8,100,,
CV1 | nets=8 | frames=100,train,1,0.2410100211356636,2.264046669006348,1,8,100,,
CV1 | nets=8 | frames=100,train,2,-0.0337183800006596,3.596214771270752,1,8,100,,
CV1 | nets=8 | frames=100,train,3,-0.0707599670319939,4.05190896987915,1,8,100,,
CV1 | nets=8 | frames=100,train,4,0.3079506710962201,1.6430747509002686,1,8,100,,
CV1 | nets=8 | frames=100,train,5,0.3524800528535854,1.7029045820236206,1,8,100,,
CV1 | nets=8 | frames=100,train,6,-0.0810527879154043,4.130713939666748,1,8,100,,
CV1 | nets=8 | frames=100,train,7,0.0229807605116772,3.9183778762817374,1,8,100,,
CV1 | nets=8 | frames=100,test,0,0.0950451355151094,3.0851364135742188,1,8,100,,
CV1 | nets=8 | frames=100,test,1,-0.0648093100969477,3.821258306503296,1,8,100,,
CV1 | nets=8 | frames=100,test,2,-0.0036101382641459,3.1012349128723145,1,8,100,,
CV1 | nets=8 | frames=100,test,3,0.2259070200709375,1.5773870944976809,1,8,100,,
CV1 | nets=8 | frames=100,test,4,-0.2448221358235529,4.418406963348389,1,8,100,,
CV1 | nets=8 | frames=100,test,5,-0.3251896560062025,3.876816749572754,1,8,100,,
CV1 | nets=8 | frames=100,test,6,0.1639582164351763,2.330305337905884,1,8,100,,
CV1 | nets=8 | frames=100,test,7,0.2767388091190165,2.962209224700928,1,8,100,,
CV1 | nets=8 | frames=100,test,8,0.2817123526652541,1.8653711080551147,1,8,100,,
CV1 | nets=8 | frames=100,test,9,-0.1737797852877405,4.668607711791992,1,8,100,,
CV1 | nets=8 | frames=100,test,10,-0.5936111989220015,3.996842384338379,1,8,100,,
CV1 | nets=8 | frames=100,test,11,0.2708167150760829,2.448835611343384,1,8,100,,
CV1 | nets=8 | frames=100,test,12,-0.0488976389824205,3.640239715576172,1,8,100,,
CV1 | nets=8 | frames=100,test,13,0.3374250403982374,1.803347110748291,1,8,100,,
CV1 | nets=8 | frames=100,test,14,0.144219835421564,3.0510919094085693,1,8,100,,
CV1 | nets=8 | frames=100,test,15,0.2238599590476573,2.6950442790985107,1,8,100,,
CV1 | nets=8 | frames=100,test,16,-0.2110936628700718,5.067545413970947,1,8,100,,
CV1 | nets=8 | frames=100,test,17,-0.135107647284631,4.917599678039551,1,8,100,,
CV1 | nets=8 | frames=100,test,18,-0.2879174109079594,4.9227824211120605,1,8,100,,
CV1 | nets=8 | frames=100,test,19,-0.0869858031149348,4.459808826446533,1,8,100,,
CV1 | nets=8 | frames=100,test,20,0.0729596003150843,2.68713903427124,1,8,100,,
CV1 | nets=8 | frames=100,test,21,-0.0473741087700227,4.33736515045166,1,8,100,,
CV1 | nets=8 | frames=100,test,22,-0.1740479126403528,5.0045576095581055,1,8,100,,
CV1 | nets=8 | frames=100,test,23,-0.1534844106106529,4.414054870605469,1,8,100,,
CV1 | nets=8 | frames=100,test,24,-0.3339993893646671,4.941948413848877,1,8,100,,
CV1 | nets=8 | frames=100,test,25,-0.2983576891176249,4.427798748016357,1,8,100,,
CV1 | nets=8 | frames=100,test,26,-0.0843642366678143,3.02710509300232,1,8,100,,
CV1 | nets=8 | frames=100,test,27,-0.2273098506600647,3.885074615478516,1,8,100,,
CV1 | nets=8 | frames=100,test,28,0.150316153738502,2.7466912269592285,1,8,100,,
CV1 | nets=8 | frames=100,test,29,-0.2691509251686252,4.622467994689941,1,8,100,,
CV1 | nets=8 | frames=100,test,30,0.1269998279169667,2.911872625350952,1,8,100,,
CV1 | nets=8 | frames=100,test,31,0.3220806426408416,1.9712426662445068,1,8,100,,
CV1 | nets=8 | frames=100,test,32,-0.3233661435786948,4.269896030426025,1,8,100,,
CV1 | nets=8 | frames=100,test,33,-0.1666568671096066,4.530358791351318,1,8,100,,
CV1 | nets=8 | frames=100,test,34,-0.0608276768648222,3.965040683746338,1,8,100,,
CV1 | nets=8 | frames=100,test,35,0.2821721893243829,2.2328524589538574,1,8,100,,
CV1 | nets=8 | frames=100,test,36,-0.0591450573123482,5.510263919830322,1,8,100,,
CV1 | nets=8 | frames=100,test,37,-0.2523187814106471,4.991270542144775,1,8,100,,
CV1 | nets=8 | frames=100,test,38,0.2693791688852633,2.509783744812012,1,8,100,,
CV1 | nets=8 | frames=100,test,39,-0.157111034083224,3.697477340698242,1,8,100,,
CV1 | nets=8 | frames=100,test,40,0.1606833051492441,2.457758903503418,1,8,100,,
CV1 | nets=8 | frames=100,test,41,0.172504695096772,2.9254262447357178,1,8,100,,
CV1 | nets=8 | frames=100,test,42,0.3873779088920612,1.8610165119171145,1,8,100,,
CV1 | nets=8 | frames=100,test,43,-0.100209652453205,4.861156463623047,1,8,100,,
CV1 | nets=8 | frames=100,test,44,0.1807945702326933,2.482939958572388,1,8,100,,
CV1 | nets=8 | frames=100,test,45,-0.2190887259038099,4.384305477142334,1,8,100,,
CV1 | nets=8 | frames=100,test,46,0.0386789596579197,3.3946547508239746,1,8,100,,
CV1 | nets=8 | frames=100,test,47,-0.1466400227827606,3.816604614257813,1,8,100,,
CV1 | nets=8 | frames=100,test,48,-0.1466582167541242,4.526905059814453,1,8,100,,
CV1 | nets=8 | frames=100,test,49,0.3543707109293127,1.641250729560852,1,8,100,,
CV1 | nets=8 | frames=100,test,50,-0.2504451898786599,4.562373161315918,1,8,100,,
CV1 | nets=8 | frames=100,test,51,-0.0803696162881754,3.809511423110962,1,8,100,,
CV1 | nets=8 | frames=100,test,52,-0.1277120103792852,4.625765800476074,1,8,100,,
CV1 | nets=8 | frames=100,test,53,0.3812481697430855,1.8371615409851076,1,8,100,,
CV1 | nets=8 | frames=100,test,54,-0.4003789014783009,4.189061641693115,1,8,100,,
CV1 | nets=8 | frames=100,test,55,0.2511593493496609,2.916804790496826,1,8,100,,
CV1 | nets=8 | frames=100,test,56,-0.1963377719651293,4.502294540405273,1,8,100,,
CV1 | nets=8 | frames=100,test,57,0.2011468693729077,2.496563673019409,1,8,100,,
CV1 | nets=8 | frames=100,test,58,0.1834175400503848,2.6972973346710205,1,8,100,,
CV1 | nets=8 | frames=100,test,59,0.1677718678598186,3.41519832611084,1,8,100,,
CV1 | nets=8 | frames=100,test,60,0.2103549124683166,1.795075535774231,1,8,100,,
CV1 | nets=8 | frames=100,test,61,-0.2124182814927736,4.433136463165283,1,8,100,,
CV1 | nets=8 | frames=100,test,62,0.2427422463907798,2.445291519165039,1,8,100,,
CV1 | nets=8 | frames=100,test,63,-0.198060037637249,4.652387619018555,1,8,100,,
CV1 | nets=8 | frames=100,test,64,-0.3247762104239115,4.178038120269775,1,8,100,,
CV1 | nets=8 | frames=100,test,65,-0.1773883670701692,3.592475652694702,1,8,100,,
CV1 | nets=8 | frames=100,test,66,-0.2061780215112254,4.124382019042969,1,8,100,,
CV1 | nets=8 | frames=100,test,67,-0.1515654324056017,3.9550821781158447,1,8,100,,
CV1 | nets=8 | frames=100,test,68,-0.1319308250403395,3.552269458770752,1,8,100,,
CV2 | nets=1 | frames=2,train,0,-0.0669511275618616,-0.4833614528179168,2,1,2,0.6477465033531189,
CV2 | nets=1 | frames=2,test,0,-0.2360464098886152,-0.4779840409755707,2,1,2,0.6462391018867493,
CV2 | nets=1 | frames=2,test,1,0.1295779047889524,-0.4934491217136383,2,1,2,0.6575000882148743,
CV2 | nets=1 | frames=2,test,2,-0.1623723264424866,-0.4898321032524109,2,1,2,0.6492171287536621,
CV2 | nets=1 | frames=2,test,3,-0.123156073161201,-0.4910001754760742,2,1,2,0.6572554111480713,
CV2 | nets=1 | frames=2,test,4,0.3453760393512503,-0.4938866794109344,2,1,2,0.6597367525100708,
CV2 | nets=1 | frames=2,test,5,-0.3979398483632574,-0.4924054145812988,2,1,2,0.652935266494751,
CV2 | nets=1 | frames=2,test,6,0.2126940386242633,-0.4849161803722381,2,1,2,0.6449413895606995,
CV2 | nets=1 | frames=2,test,7,0.0950451355151094,-0.4884232580661773,2,1,2,0.6522688269615173,
CV2 | nets=1 | frames=2,test,8,-0.0648093100969477,-0.4820560812950134,2,1,2,0.6491410732269287,
CV2 | nets=1 | frames=2,test,9,-0.0036101382641459,-0.4873924255371094,2,1,2,0.6546230316162109,
CV2 | nets=1 | frames=2,test,10,0.2259070200709375,-0.4869270622730255,2,1,2,0.6497041583061218,
CV2 | nets=1 | frames=2,test,11,-0.2448221358235529,-0.4926241338253021,2,1,2,0.6552841663360596,
CV2 | nets=1 | frames=2,test,12,-0.3251896560062025,-0.4934568703174591,2,1,2,0.6539866924285889,
CV2 | nets=1 | frames=2,test,13,0.1639582164351763,-0.4912202656269073,2,1,2,0.6526049375534058,
CV2 | nets=1 | frames=2,test,14,0.2767388091190165,-0.4957159161567688,2,1,2,0.658433735370636,
CV2 | nets=1 | frames=2,test,15,0.2817123526652541,-0.4917403161525726,2,1,2,0.6532536745071411,
CV2 | nets=1 | frames=2,test,16,-0.1737797852877405,-0.4889491498470306,2,1,2,0.654861330986023,
CV2 | nets=1 | frames=2,test,17,-0.5936111989220015,-0.4794717729091644,2,1,2,0.641672670841217,
CV2 | nets=1 | frames=2,test,18,0.2708167150760829,-0.4942741692066192,2,1,2,0.6589928269386292,
CV2 | nets=1 | frames=2,test,19,-0.0488976389824205,-0.4903473258018493,2,1,2,0.6502682566642761,
CV2 | nets=1 | frames=2,test,20,0.3374250403982374,-0.4805497229099273,2,1,2,0.6515829563140869,
CV2 | nets=1 | frames=2,test,21,0.144219835421564,-0.4927842319011688,2,1,2,0.648098886013031,
CV2 | nets=1 | frames=2,test,22,0.2238599590476573,-0.4883638024330139,2,1,2,0.651106059551239,
CV2 | nets=1 | frames=2,test,23,-0.2110936628700718,-0.487604409456253,2,1,2,0.6507532596588135,
CV2 | nets=1 | frames=2,test,24,-0.135107647284631,-0.4877946078777313,2,1,2,0.6478215456008911,
CV2 | nets=1 | frames=2,test,25,-0.2879174109079594,-0.4885640740394592,2,1,2,0.649524450302124,
CV2 | nets=1 | frames=2,test,26,-0.0869858031149348,-0.4876860976219177,2,1,2,0.6477860808372498,
CV2 | nets=1 | frames=2,test,27,0.0729596003150843,-0.4884268939495086,2,1,2,0.6500314474105835,
CV2 | nets=1 | frames=2,test,28,-0.0473741087700227,-0.4877440631389618,2,1,2,0.6526747345924377,
CV2 | nets=1 | frames=2,test,29,-0.1740479126403528,-0.4909180998802185,2,1,2,0.6521559953689575,
CV2 | nets=1 | frames=2,test,30,-0.1534844106106529,-0.4908768534660339,2,1,2,0.654870867729187,
CV2 | nets=1 | frames=2,test,31,-0.3339993893646671,-0.4891026020050049,2,1,2,0.6539840698242188,
CV2 | nets=1 | frames=2,test,32,-0.2983576891176249,-0.4894020557403564,2,1,2,0.6542810797691345,
CV2 | nets=1 | frames=2,test,33,-0.0843642366678143,-0.4864652156829834,2,1,2,0.6430683135986328,
CV2 | nets=1 | frames=2,test,34,-0.2273098506600647,-0.4761455655097961,2,1,2,0.6428865790367126,
CV2 | nets=1 | frames=2,test,35,0.150316153738502,-0.4930528998374939,2,1,2,0.6579455137252808,
CV2 | nets=1 | frames=2,test,36,-0.2691509251686252,-0.4865795373916626,2,1,2,0.6549756526947021,
CV2 | nets=1 | frames=2,test,37,0.1269998279169667,-0.4878292083740234,2,1,2,0.6478373408317566,
CV2 | nets=1 | frames=2,test,38,0.3220806426408416,-0.4988803267478943,2,1,2,0.6604044437408447,
CV2 | nets=1 | frames=2,test,39,-0.3233661435786948,-0.4891918003559112,2,1,2,0.6470037698745728,
CV2 | nets=1 | frames=2,test,40,-0.1666568671096066,-0.4928193986415863,2,1,2,0.6577332615852356,
CV2 | nets=1 | frames=2,test,41,-0.0608276768648222,-0.4976661801338196,2,1,2,0.6554437875747681,
CV2 | nets=1 | frames=2,test,42,0.2821721893243829,-0.4899984002113342,2,1,2,0.662487804889679,
CV2 | nets=1 | frames=2,test,43,-0.0591450573123482,-0.4867418706417084,2,1,2,0.6521247029304504,
CV2 | nets=1 | frames=2,test,44,-0.2523187814106471,-0.4847108721733093,2,1,2,0.650224506855011,
CV2 | nets=1 | frames=2,test,45,0.2693791688852633,-0.4897463321685791,2,1,2,0.65618896484375,
CV2 | nets=1 | frames=2,test,46,-0.157111034083224,-0.4886015057563782,2,1,2,0.6435966491699219,
CV2 | nets=1 | frames=2,test,47,0.1606833051492441,-0.4860932826995849,2,1,2,0.6459092497825623,
CV2 | nets=1 | frames=2,test,48,0.172504695096772,-0.4899867177009582,2,1,2,0.6556764245033264,
CV2 | nets=1 | frames=2,test,49,0.3873779088920612,-0.4856643080711365,2,1,2,0.6541768312454224,
CV2 | nets=1 | frames=2,test,50,-0.100209652453205,-0.4857959747314453,2,1,2,0.6525073051452637,
CV2 | nets=1 | frames=2,test,51,0.1807945702326933,-0.4964013695716858,2,1,2,0.6564094424247742,
CV2 | nets=1 | frames=2,test,52,-0.2190887259038099,-0.4878408312797546,2,1,2,0.6457525491714478,
CV2 | nets=1 | frames=2,test,53,0.0386789596579197,-0.4936700761318207,2,1,2,0.6607425212860107,
CV2 | nets=1 | frames=2,test,54,-0.1466400227827606,-0.4851208627223968,2,1,2,0.6481599807739258,
CV2 | nets=1 | frames=2,test,55,-0.1466582167541242,-0.4831895232200622,2,1,2,0.6459803581237793,
CV2 | nets=1 | frames=2,test,56,0.3543707109293127,-0.4884734451770782,2,1,2,0.6556758284568787,
CV2 | nets=1 | frames=2,test,57,-0.2504451898786599,-0.4939861893653869,2,1,2,0.656460702419281,
CV2 | nets=1 | frames=2,test,58,-0.0803696162881754,-0.491344690322876,2,1,2,0.6608094573020935,
CV2 | nets=1 | frames=2,test,59,-0.1277120103792852,-0.4899632632732391,2,1,2,0.650387704372406,
CV2 | nets=1 | frames=2,test,60,0.3812481697430855,-0.4953802824020386,2,1,2,0.6561577320098877,
CV2 | nets=1 | frames=2,test,61,-0.4003789014783009,-0.4875071942806244,2,1,2,0.6515770554542542,
CV2 | nets=1 | frames=2,test,62,0.2511593493496609,-0.4901353418827057,2,1,2,0.6569173336029053,
CV2 | nets=1 | frames=2,test,63,-0.1963377719651293,-0.4922876060009002,2,1,2,0.6562803983688354,
CV2 | nets=1 | frames=2,test,64,0.2011468693729077,-0.4875686764717102,2,1,2,0.6490325927734375,
CV2 | nets=1 | frames=2,test,65,0.1834175400503848,-0.4900785386562347,2,1,2,0.6588231921195984,
CV2 | nets=1 | frames=2,test,66,0.1677718678598186,-0.4868558645248413,2,1,2,0.6514237523078918,
CV2 | nets=1 | frames=2,test,67,0.2103549124683166,-0.4892459213733673,2,1,2,0.6540882587432861,
CV2 | nets=1 | frames=2,test,68,-0.2124182814927736,-0.492904931306839,2,1,2,0.654843270778656,
CV2 | nets=1 | frames=2,test,69,0.2427422463907798,-0.4889516830444336,2,1,2,0.6499601602554321,
CV2 | nets=1 | frames=2,test,70,-0.198060037637249,-0.4900513887405395,2,1,2,0.6577396392822266,
CV2 | nets=1 | frames=2,test,71,-0.3247762104239115,-0.4748331308364868,2,1,2,0.6376885175704956,
CV2 | nets=1 | frames=2,test,72,-0.1773883670701692,-0.4908718466758728,2,1,2,0.6512140035629272,
CV2 | nets=1 | frames=2,test,73,-0.2061780215112254,-0.4804392158985138,2,1,2,0.6455487012863159,
CV2 | nets=1 | frames=2,test,74,-0.1515654324056017,-0.4876411557197571,2,1,2,0.6538466811180115,
CV2 | nets=1 | frames=2,test,75,-0.1319308250403395,-0.4855324923992157,2,1,2,0.647960901260376,
CV2 | nets=1 | frames=5,train,0,-0.0669511275618616,-2.6335761547088623,2,1,5,3.616422176361084,
CV2 | nets=1 | frames=5,test,0,-0.2360464098886152,-2.6102728843688965,2,1,5,3.578902244567871,
CV2 | nets=1 | frames=5,test,1,0.1295779047889524,-2.558825254440308,2,1,5,3.5402379035949707,
CV2 | nets=1 | frames=5,test,2,-0.1623723264424866,-2.679212808609009,2,1,5,3.6670870780944815,
CV2 | nets=1 | frames=5,test,3,-0.123156073161201,-2.6296889781951904,2,1,5,3.624673843383789,
CV2 | nets=1 | frames=5,test,4,0.3453760393512503,-2.540949583053589,2,1,5,3.52842378616333,
CV2 | nets=1 | frames=5,test,5,-0.3979398483632574,-2.673008441925049,2,1,5,3.6624655723571777,
CV2 | nets=1 | frames=5,test,6,0.2126940386242633,-2.4918031692504883,2,1,5,3.4427061080932617,
CV2 | nets=1 | frames=5,test,7,0.0950451355151094,-2.609537363052368,2,1,5,3.5957512855529785,
CV2 | nets=1 | frames=5,test,8,-0.0648093100969477,-2.596541404724121,2,1,5,3.577455997467041,
CV2 | nets=1 | frames=5,test,9,-0.0036101382641459,-2.611276388168335,2,1,5,3.602454662322998,
CV2 | nets=1 | frames=5,test,10,0.2259070200709375,-2.4949004650115967,2,1,5,3.4547982215881348,
CV2 | nets=1 | frames=5,test,11,-0.2448221358235529,-2.677454233169556,2,1,5,3.672909736633301,
CV2 | nets=1 | frames=5,test,12,-0.3251896560062025,-2.6387767791748047,2,1,5,3.628803253173828,
CV2 | nets=1 | frames=5,test,13,0.1639582164351763,-2.5186562538146973,2,1,5,3.4783825874328613,
CV2 | nets=1 | frames=5,test,14,0.2767388091190165,-2.5733084678649902,2,1,5,3.548903465270996,
CV2 | nets=1 | frames=5,test,15,0.2817123526652541,-2.502868175506592,2,1,5,3.4666905403137207,
CV2 | nets=1 | frames=5,test,16,-0.1737797852877405,-2.6891984939575195,2,1,5,3.685997486114502,
CV2 | nets=1 | frames=5,test,17,-0.5936111989220015,-2.621334791183472,2,1,5,3.601478576660156,
CV2 | nets=1 | frames=5,test,18,0.2708167150760829,-2.56587553024292,2,1,5,3.5425267219543457,
CV2 | nets=1 | frames=5,test,19,-0.0488976389824205,-2.610177755355835,2,1,5,3.5878171920776367,
CV2 | nets=1 | frames=5,test,20,0.3374250403982374,-2.4525279998779297,2,1,5,3.400970458984375,
CV2 | nets=1 | frames=5,test,21,0.144219835421564,-2.560835599899292,2,1,5,3.519326686859131,
CV2 | nets=1 | frames=5,test,22,0.2238599590476573,-2.533043146133423,2,1,5,3.491664409637451,
CV2 | nets=1 | frames=5,test,23,-0.2110936628700718,-2.657800674438477,2,1,5,3.6387672424316406,
CV2 | nets=1 | frames=5,test,24,-0.135107647284631,-2.647910118103028,2,1,5,3.617112159729004,
CV2 | nets=1 | frames=5,test,25,-0.2879174109079594,-2.652343988418579,2,1,5,3.6251044273376474,
CV2 | nets=1 | frames=5,test,26,-0.0869858031149348,-2.63481879234314,2,1,5,3.60475492477417,
CV2 | nets=1 | frames=5,test,27,0.0729596003150843,-2.5883684158325195,2,1,5,3.56751012802124,
CV2 | nets=1 | frames=5,test,28,-0.0473741087700227,-2.68526029586792,2,1,5,3.682687282562256,
CV2 | nets=1 | frames=5,test,29,-0.1740479126403528,-2.6530325412750244,2,1,5,3.629758358001709,
CV2 | nets=1 | frames=5,test,30,-0.1534844106106529,-2.7260522842407227,2,1,5,3.739664077758789,
CV2 | nets=1 | frames=5,test,31,-0.3339993893646671,-2.662745237350464,2,1,5,3.644193172454834,
CV2 | nets=1 | frames=5,test,32,-0.2983576891176249,-2.666693210601806,2,1,5,3.657439231872559,
CV2 | nets=1 | frames=5,test,33,-0.0843642366678143,-2.532320499420166,2,1,5,3.4838409423828125,
CV2 | nets=1 | frames=5,test,34,-0.2273098506600647,-2.593691349029541,2,1,5,3.5591421127319336,
CV2 | nets=1 | frames=5,test,35,0.150316153738502,-2.5766851902008057,2,1,5,3.556431293487549,
CV2 | nets=1 | frames=5,test,36,-0.2691509251686252,-2.671267509460449,2,1,5,3.6725106239318848,
CV2 | nets=1 | frames=5,test,37,0.1269998279169667,-2.5685086250305176,2,1,5,3.534034252166748,
CV2 | nets=1 | frames=5,test,38,0.3220806426408416,-2.54463005065918,2,1,5,3.5251708030700684,
CV2 | nets=1 | frames=5,test,39,-0.3233661435786948,-2.6612439155578613,2,1,5,3.6460790634155273,
CV2 | nets=1 | frames=5,test,40,-0.1666568671096066,-2.7099618911743164,2,1,5,3.71954345703125,
CV2 | nets=1 | frames=5,test,41,-0.0608276768648222,-2.664964199066162,2,1,5,3.655619144439697,
CV2 | nets=1 | frames=5,test,42,0.2821721893243829,-2.58270525932312,2,1,5,3.5853748321533203,
CV2 | nets=1 | frames=5,test,43,-0.0591450573123482,-2.704854249954224,2,1,5,3.696751594543457,
CV2 | nets=1 | frames=5,test,44,-0.2523187814106471,-2.690397262573242,2,1,5,3.68297290802002,
CV2 | nets=1 | frames=5,test,45,0.2693791688852633,-2.5646328926086426,2,1,5,3.5423173904418945,
CV2 | nets=1 | frames=5,test,46,-0.157111034083224,-2.5672640800476074,2,1,5,3.5201849937438965,
CV2 | nets=1 | frames=5,test,47,0.1606833051492441,-2.55905818939209,2,1,5,3.527263164520264,
CV2 | nets=1 | frames=5,test,48,0.172504695096772,-2.6322951316833496,2,1,5,3.623633861541748,
CV2 | nets=1 | frames=5,test,49,0.3873779088920612,-2.502689838409424,2,1,5,3.4686665534973145,
CV2 | nets=1 | frames=5,test,50,-0.100209652453205,-2.659898042678833,2,1,5,3.647165775299072,
CV2 | nets=1 | frames=5,test,51,0.1807945702326933,-2.606433153152466,2,1,5,3.5943102836608887,
CV2 | nets=1 | frames=5,test,52,-0.2190887259038099,-2.6102423667907715,2,1,5,3.5716466903686523,
CV2 | nets=1 | frames=5,test,53,0.0386789596579197,-2.6953165531158447,2,1,5,3.712923526763916,
CV2 | nets=1 | frames=5,test,54,-0.1466400227827606,-2.606074094772339,2,1,5,3.5847935676574707,
CV2 | nets=1 | frames=5,test,55,-0.1466582167541242,-2.664445161819458,2,1,5,3.649401664733887,
CV2 | nets=1 | frames=5,test,56,0.3543707109293127,-2.486150026321411,2,1,5,3.452583312988281,
CV2 | nets=1 | frames=5,test,57,-0.2504451898786599,-2.6986210346221924,2,1,5,3.701882839202881,
CV2 | nets=1 | frames=5,test,58,-0.0803696162881754,-2.71753478050232,2,1,5,3.739818572998047,
CV2 | nets=1 | frames=5,test,59,-0.1277120103792852,-2.641151666641236,2,1,5,3.619637966156006,
CV2 | nets=1 | frames=5,test,60,0.3812481697430855,-2.4970386028289795,2,1,5,3.457866668701172,
CV2 | nets=1 | frames=5,test,61,-0.4003789014783009,-2.679391384124756,2,1,5,3.678798675537109,
CV2 | nets=1 | frames=5,test,62,0.2511593493496609,-2.557124137878418,2,1,5,3.5277228355407715,
CV2 | nets=1 | frames=5,test,63,-0.1963377719651293,-2.718513965606689,2,1,5,3.728214263916016,
CV2 | nets=1 | frames=5,test,64,0.2011468693729077,-2.5603504180908203,2,1,5,3.529486656188965,
CV2 | nets=1 | frames=5,test,65,0.1834175400503848,-2.662791967391968,2,1,5,3.6763858795166016,
CV2 | nets=1 | frames=5,test,66,0.1677718678598186,-2.592428684234619,2,1,5,3.563180923461914,
CV2 | nets=1 | frames=5,test,67,0.2103549124683166,-2.5472798347473145,2,1,5,3.524230480194092,
CV2 | nets=1 | frames=5,test,68,-0.2124182814927736,-2.691635131835937,2,1,5,3.692934513092041,
CV2 | nets=1 | frames=5,test,69,0.2427422463907798,-2.531181812286377,2,1,5,3.489998340606689,
CV2 | nets=1 | frames=5,test,70,-0.198060037637249,-2.7305073738098145,2,1,5,3.750750541687012,
CV2 | nets=1 | frames=5,test,71,-0.3247762104239115,-2.566330909729004,2,1,5,3.517253398895264,
CV2 | nets=1 | frames=5,test,72,-0.1773883670701692,-2.5865960121154785,2,1,5,3.5622777938842773,
CV2 | nets=1 | frames=5,test,73,-0.2061780215112254,-2.6060214042663574,2,1,5,3.578678131103516,
CV2 | nets=1 | frames=5,test,74,-0.1515654324056017,-2.703709125518799,2,1,5,3.715474605560303,
CV2 | nets=1 | frames=5,test,75,-0.1319308250403395,-2.6132986545562744,2,1,5,3.5922656059265137,
CV2 | nets=1 | frames=10,train,0,-0.0669511275618616,-0.3383013308048248,2,1,10,-0.243152305483818,
CV2 | nets=1 | frames=10,test,0,-0.2360464098886152,-0.3426242470741272,2,1,10,-0.2686925530433655,
CV2 | nets=1 | frames=10,test,1,0.1295779047889524,-0.2688359022140503,2,1,10,-0.1759000569581985,
CV2 | nets=1 | frames=10,test,2,-0.1623723264424866,-0.3901469707489013,2,1,10,-0.1746037006378173,
CV2 | nets=1 | frames=10,test,3,-0.123156073161201,-0.3389256596565246,2,1,10,-0.1879526823759079,
CV2 | nets=1 | frames=10,test,4,0.3453760393512503,-0.2003728598356247,2,1,10,-0.1697509288787841,
CV2 | nets=1 | frames=10,test,5,-0.3979398483632574,-0.3640258908271789,2,1,10,-0.1967065334320068,
CV2 | nets=1 | frames=10,test,6,0.2126940386242633,-0.2257978618144989,2,1,10,-0.1943413764238357,
CV2 | nets=1 | frames=10,test,7,0.0950451355151094,-0.3039248585700989,2,1,10,-0.2007694840431213,
CV2 | nets=1 | frames=10,test,8,-0.0648093100969477,-0.3242259323596954,2,1,10,-0.2343549579381942,
CV2 | nets=1 | frames=10,test,9,-0.0036101382641459,-0.3162397742271423,2,1,10,-0.1803498566150665,
CV2 | nets=1 | frames=10,test,10,0.2259070200709375,-0.2210007160902023,2,1,10,-0.1886527091264724,
CV2 | nets=1 | frames=10,test,11,-0.2448221358235529,-0.3671143352985382,2,1,10,-0.1988758295774459,
CV2 | nets=1 | frames=10,test,12,-0.3251896560062025,-0.3376784920692444,2,1,10,-0.2320061773061752,
CV2 | nets=1 | frames=10,test,13,0.1639582164351763,-0.2230530828237533,2,1,10,-0.1569539457559585,
CV2 | nets=1 | frames=10,test,14,0.2767388091190165,-0.2767363488674164,2,1,10,-0.1648558676242828,
CV2 | nets=1 | frames=10,test,15,0.2817123526652541,-0.231447622179985,2,1,10,-0.1706544458866119,
CV2 | nets=1 | frames=10,test,16,-0.1737797852877405,-0.3893168568611145,2,1,10,-0.1944218277931213,
CV2 | nets=1 | frames=10,test,17,-0.5936111989220015,-0.3787775039672851,2,1,10,-0.1876973062753677,
CV2 | nets=1 | frames=10,test,18,0.2708167150760829,-0.2337085604667663,2,1,10,-0.2086333483457565,
CV2 | nets=1 | frames=10,test,19,-0.0488976389824205,-0.3179562985897064,2,1,10,-0.2192677408456802,
CV2 | nets=1 | frames=10,test,20,0.3374250403982374,-0.2012855857610702,2,1,10,-0.1768701076507568,
CV2 | nets=1 | frames=10,test,21,0.144219835421564,-0.2935962378978729,2,1,10,-0.1695063263177871,
CV2 | nets=1 | frames=10,test,22,0.2238599590476573,-0.2531618773937225,2,1,10,-0.1512578129768371,
CV2 | nets=1 | frames=10,test,23,-0.2110936628700718,-0.3807818293571472,2,1,10,-0.1856689006090164,
CV2 | nets=1 | frames=10,test,24,-0.135107647284631,-0.3749388456344604,2,1,10,-0.1738211363554,
CV2 | nets=1 | frames=10,test,25,-0.2879174109079594,-0.3709425330162048,2,1,10,-0.1957725435495376,
CV2 | nets=1 | frames=10,test,26,-0.0869858031149348,-0.3716875314712524,2,1,10,-0.2129708975553512,
CV2 | nets=1 | frames=10,test,27,0.0729596003150843,-0.2946240901947021,2,1,10,-0.2455419152975082,
CV2 | nets=1 | frames=10,test,28,-0.0473741087700227,-0.3832206726074219,2,1,10,-0.2607670128345489,
CV2 | nets=1 | frames=10,test,29,-0.1740479126403528,-0.3671811819076538,2,1,10,-0.1365836709737777,
CV2 | nets=1 | frames=10,test,30,-0.1534844106106529,-0.3994227051734924,2,1,10,-0.2002260684967041,
CV2 | nets=1 | frames=10,test,31,-0.3339993893646671,-0.3650878071784973,2,1,10,-0.2006086558103561,
CV2 | nets=1 | frames=10,test,32,-0.2983576891176249,-0.3847891390323639,2,1,10,-0.1765604615211486,
CV2 | nets=1 | frames=10,test,33,-0.0843642366678143,-0.2998314797878265,2,1,10,-0.2431167513132095,
CV2 | nets=1 | frames=10,test,34,-0.2273098506600647,-0.3537441194057464,2,1,10,-0.2391373366117477,
CV2 | nets=1 | frames=10,test,35,0.150316153738502,-0.256508469581604,2,1,10,-0.1841868609189987,
CV2 | nets=1 | frames=10,test,36,-0.2691509251686252,-0.3582502007484436,2,1,10,-0.2232783287763595,
CV2 | nets=1 | frames=10,test,37,0.1269998279169667,-0.2945812940597534,2,1,10,-0.1815489083528518,
CV2 | nets=1 | frames=10,test,38,0.3220806426408416,-0.1986640989780426,2,1,10,-0.1234608739614486,
CV2 | nets=1 | frames=10,test,39,-0.3233661435786948,-0.3647786676883697,2,1,10,-0.2258214652538299,
CV2 | nets=1 | frames=10,test,40,-0.1666568671096066,-0.3819440007209778,2,1,10,-0.1925611644983291,
CV2 | nets=1 | frames=10,test,41,-0.0608276768648222,-0.3613390326499939,2,1,10,-0.178401693701744,
CV2 | nets=1 | frames=10,test,42,0.2821721893243829,-0.2371865063905716,2,1,10,-0.2591906785964966,
CV2 | nets=1 | frames=10,test,43,-0.0591450573123482,-0.4110751450061798,2,1,10,-0.1491155177354812,
CV2 | nets=1 | frames=10,test,44,-0.2523187814106471,-0.4080595076084137,2,1,10,-0.1846857219934463,
CV2 | nets=1 | frames=10,test,45,0.2693791688852633,-0.2680467367172241,2,1,10,-0.2117026895284652,
CV2 | nets=1 | frames=10,test,46,-0.157111034083224,-0.3301175534725189,2,1,10,-0.2099157124757766,
CV2 | nets=1 | frames=10,test,47,0.1606833051492441,-0.2860775291919708,2,1,10,-0.2342526465654373,
CV2 | nets=1 | frames=10,test,48,0.172504695096772,-0.2842398881912231,2,1,10,-0.1805127263069152,
CV2 | nets=1 | frames=10,test,49,0.3873779088920612,-0.1954062134027481,2,1,10,-0.1701658517122268,
CV2 | nets=1 | frames=10,test,50,-0.100209652453205,-0.3616931736469269,2,1,10,-0.182979479432106,
CV2 | nets=1 | frames=10,test,51,0.1807945702326933,-0.2810742259025574,2,1,10,-0.1986947804689407,
CV2 | nets=1 | frames=10,test,52,-0.2190887259038099,-0.367404580116272,2,1,10,-0.1787457913160324,
CV2 | nets=1 | frames=10,test,53,0.0386789596579197,-0.3421275019645691,2,1,10,-0.2191042453050613,
CV2 | nets=1 | frames=10,test,54,-0.1466400227827606,-0.3467749059200287,2,1,10,-0.202469527721405,
CV2 | nets=1 | frames=10,test,55,-0.1466582167541242,-0.3806242048740387,2,1,10,-0.2034017741680145,
CV2 | nets=1 | frames=10,test,56,0.3543707109293127,-0.2108086049556732,2,1,10,-0.1533038169145584,
CV2 | nets=1 | frames=10,test,57,-0.2504451898786599,-0.3484542965888977,2,1,10,-0.2159535735845565,
CV2 | nets=1 | frames=10,test,58,-0.0803696162881754,-0.3556670248508453,2,1,10,-0.2656372487545013,
CV2 | nets=1 | frames=10,test,59,-0.1277120103792852,-0.3672139644622803,2,1,10,-0.1975908428430557,
CV2 | nets=1 | frames=10,test,60,0.3812481697430855,-0.1837784200906753,2,1,10,-0.1636518388986587,
CV2 | nets=1 | frames=10,test,61,-0.4003789014783009,-0.367689311504364,2,1,10,-0.2248517423868179,
CV2 | nets=1 | frames=10,test,62,0.2511593493496609,-0.2792855203151703,2,1,10,-0.1730957776308059,
CV2 | nets=1 | frames=10,test,63,-0.1963377719651293,-0.3662587404251098,2,1,10,-0.2489807456731796,
CV2 | nets=1 | frames=10,test,64,0.2011468693729077,-0.2844658493995666,2,1,10,-0.2015597075223922,
CV2 | nets=1 | frames=10,test,65,0.1834175400503848,-0.3087562918663025,2,1,10,-0.2558183968067169,
CV2 | nets=1 | frames=10,test,66,0.1677718678598186,-0.3222356140613556,2,1,10,-0.2063541561365127,
CV2 | nets=1 | frames=10,test,67,0.2103549124683166,-0.2328021973371505,2,1,10,-0.1537452489137649,
CV2 | nets=1 | frames=10,test,68,-0.2124182814927736,-0.3834124803543091,2,1,10,-0.2038765251636505,
CV2 | nets=1 | frames=10,test,69,0.2427422463907798,-0.2577234804630279,2,1,10,-0.1743676513433456,
CV2 | nets=1 | frames=10,test,70,-0.198060037637249,-0.41315758228302,2,1,10,-0.2178323715925216,
CV2 | nets=1 | frames=10,test,71,-0.3247762104239115,-0.3841292858123779,2,1,10,-0.2564240396022796,
CV2 | nets=1 | frames=10,test,72,-0.1773883670701692,-0.3447298109531402,2,1,10,-0.1966615170240402,
CV2 | nets=1 | frames=10,test,73,-0.2061780215112254,-0.3427527248859405,2,1,10,-0.2038803696632385,
CV2 | nets=1 | frames=10,test,74,-0.1515654324056017,-0.3774561583995819,2,1,10,-0.268176406621933,
CV2 | nets=1 | frames=10,test,75,-0.1319308250403395,-0.3526343703269958,2,1,10,-0.2101188898086547,
CV2 | nets=1 | frames=25,train,0,-0.0669511275618616,-3.5250110626220703,2,1,25,3.1343424320220947,
CV2 | nets=1 | frames=25,test,0,-0.2360464098886152,-3.3999741077423096,2,1,25,3.0118110179901123,
CV2 | nets=1 | frames=25,test,1,0.1295779047889524,-3.55176329612732,2,1,25,3.173344373703003,
CV2 | nets=1 | frames=25,test,2,-0.1623723264424866,-3.5313563346862797,2,1,25,3.1342520713806152,
CV2 | nets=1 | frames=25,test,3,-0.123156073161201,-3.5392849445343018,2,1,25,3.144094467163086,
CV2 | nets=1 | frames=25,test,4,0.3453760393512503,-3.6415703296661377,2,1,25,3.2748358249664307,
CV2 | nets=1 | frames=25,test,5,-0.3979398483632574,-3.566550970077514,2,1,25,3.170529127120972,
CV2 | nets=1 | frames=25,test,6,0.2126940386242633,-3.557718515396118,2,1,25,3.1869301795959477,
CV2 | nets=1 | frames=25,test,7,0.0950451355151094,-3.57332444190979,2,1,25,3.187788963317871,
CV2 | nets=1 | frames=25,test,8,-0.0648093100969477,-3.538654565811157,2,1,25,3.1400814056396484,
CV2 | nets=1 | frames=25,test,9,-0.0036101382641459,-3.542235851287842,2,1,25,3.152653455734253,
CV2 | nets=1 | frames=25,test,10,0.2259070200709375,-3.605678081512451,2,1,25,3.226001977920532,
CV2 | nets=1 | frames=25,test,11,-0.2448221358235529,-3.555302381515503,2,1,25,3.156477212905884,
CV2 | nets=1 | frames=25,test,12,-0.3251896560062025,-3.613578081130981,2,1,25,3.213576555252075,
CV2 | nets=1 | frames=25,test,13,0.1639582164351763,-3.552143812179565,2,1,25,3.1834394931793213,
CV2 | nets=1 | frames=25,test,14,0.2767388091190165,-3.542283535003662,2,1,25,3.1632444858551025,
CV2 | nets=1 | frames=25,test,15,0.2817123526652541,-3.602164030075073,2,1,25,3.2212393283843994,
CV2 | nets=1 | frames=25,test,16,-0.1737797852877405,-3.497774839401245,2,1,25,3.097792148590088,
CV2 | nets=1 | frames=25,test,17,-0.5936111989220015,-3.5018985271453857,2,1,25,3.1039469242095947,
CV2 | nets=1 | frames=25,test,18,0.2708167150760829,-3.551466226577759,2,1,25,3.18253493309021,
CV2 | nets=1 | frames=25,test,19,-0.0488976389824205,-3.561845541000366,2,1,25,3.173258066177368,
CV2 | nets=1 | frames=25,test,20,0.3374250403982374,-3.4203360080718994,2,1,25,3.054347515106201,
CV2 | nets=1 | frames=25,test,21,0.144219835421564,-3.53533148765564,2,1,25,3.1591813564300537,
CV2 | nets=1 | frames=25,test,22,0.2238599590476573,-3.492380380630493,2,1,25,3.121361017227173,
CV2 | nets=1 | frames=25,test,23,-0.2110936628700718,-3.4721601009368896,2,1,25,3.076190233230591,
CV2 | nets=1 | frames=25,test,24,-0.135107647284631,-3.4559125900268555,2,1,25,3.063473463058472,
CV2 | nets=1 | frames=25,test,25,-0.2879174109079594,-3.4409847259521484,2,1,25,3.051985025405884,
CV2 | nets=1 | frames=25,test,26,-0.0869858031149348,-3.456031322479248,2,1,25,3.064297914505005,
CV2 | nets=1 | frames=25,test,27,0.0729596003150843,-3.6152503490448,2,1,25,3.2241880893707275,
CV2 | nets=1 | frames=25,test,28,-0.0473741087700227,-3.522714376449585,2,1,25,3.1221120357513428,
CV2 | nets=1 | frames=25,test,29,-0.1740479126403528,-3.4825632572174072,2,1,25,3.090517282485962,
CV2 | nets=1 | frames=25,test,30,-0.1534844106106529,-3.635240077972412,2,1,25,3.2255301475524902,
CV2 | nets=1 | frames=25,test,31,-0.3339993893646671,-3.43530535697937,2,1,25,3.045540571212769,
CV2 | nets=1 | frames=25,test,32,-0.2983576891176249,-3.430697441101074,2,1,25,3.03908371925354,
CV2 | nets=1 | frames=25,test,33,-0.0843642366678143,-3.567579746246338,2,1,25,3.173292875289917,
CV2 | nets=1 | frames=25,test,34,-0.2273098506600647,-3.390122652053833,2,1,25,3.002480745315552,
CV2 | nets=1 | frames=25,test,35,0.150316153738502,-3.5679643154144287,2,1,25,3.1908037662506104,
CV2 | nets=1 | frames=25,test,36,-0.2691509251686252,-3.5063493251800537,2,1,25,3.1161043643951416,
CV2 | nets=1 | frames=25,test,37,0.1269998279169667,-3.5763542652130127,2,1,25,3.1887998580932617,
CV2 | nets=1 | frames=25,test,38,0.3220806426408416,-3.665580272674561,2,1,25,3.297513008117676,
CV2 | nets=1 | frames=25,test,39,-0.3233661435786948,-3.627145528793335,2,1,25,3.223060846328736,
CV2 | nets=1 | frames=25,test,40,-0.1666568671096066,-3.5625953674316406,2,1,25,3.1633780002593994,
CV2 | nets=1 | frames=25,test,41,-0.0608276768648222,-3.604621410369873,2,1,25,3.2045469284057617,
CV2 | nets=1 | frames=25,test,42,0.2821721893243829,-3.602717638015747,2,1,25,3.2244656085968018,
CV2 | nets=1 | frames=25,test,43,-0.0591450573123482,-3.413977861404419,2,1,25,3.022113084793091,
CV2 | nets=1 | frames=25,test,44,-0.2523187814106471,-3.4568707942962646,2,1,25,3.056920289993286,
CV2 | nets=1 | frames=25,test,45,0.2693791688852633,-3.537828207015991,2,1,25,3.15532660484314,
CV2 | nets=1 | frames=25,test,46,-0.157111034083224,-3.4978573322296143,2,1,25,3.109701871871948,
CV2 | nets=1 | frames=25,test,47,0.1606833051492441,-3.6020073890686035,2,1,25,3.2155158519744877,
CV2 | nets=1 | frames=25,test,48,0.172504695096772,-3.618049383163452,2,1,25,3.2345283031463623,
CV2 | nets=1 | frames=25,test,49,0.3873779088920612,-3.5415802001953125,2,1,25,3.1770355701446533,
CV2 | nets=1 | frames=25,test,50,-0.100209652453205,-3.439603805541992,2,1,25,3.053549528121948,
CV2 | nets=1 | frames=25,test,51,0.1807945702326933,-3.668958902359009,2,1,25,3.27994704246521,
CV2 | nets=1 | frames=25,test,52,-0.2190887259038099,-3.483959913253784,2,1,25,3.0869081020355225,
CV2 | nets=1 | frames=25,test,53,0.0386789596579197,-3.616466999053955,2,1,25,3.222015142440796,
CV2 | nets=1 | frames=25,test,54,-0.1466400227827606,-3.519273042678833,2,1,25,3.1226017475128174,
CV2 | nets=1 | frames=25,test,55,-0.1466582167541242,-3.481612205505371,2,1,25,3.089777708053589,
CV2 | nets=1 | frames=25,test,56,0.3543707109293127,-3.509073257446289,2,1,25,3.143258810043335,
CV2 | nets=1 | frames=25,test,57,-0.2504451898786599,-3.619535207748413,2,1,25,3.2241151332855225,
CV2 | nets=1 | frames=25,test,58,-0.0803696162881754,-3.5776255130767822,2,1,25,3.183239221572876,
CV2 | nets=1 | frames=25,test,59,-0.1277120103792852,-3.5177392959594727,2,1,25,3.119792461395264,
CV2 | nets=1 | frames=25,test,60,0.3812481697430855,-3.644807100296021,2,1,25,3.275019407272339,
CV2 | nets=1 | frames=25,test,61,-0.4003789014783009,-3.5896248817443848,2,1,25,3.188328742980957,
CV2 | nets=1 | frames=25,test,62,0.2511593493496609,-3.4551432132720947,2,1,25,3.077332735061645,
CV2 | nets=1 | frames=25,test,63,-0.1963377719651293,-3.635322093963623,2,1,25,3.2348287105560303,
CV2 | nets=1 | frames=25,test,64,0.2011468693729077,-3.5850324630737305,2,1,25,3.197195529937744,
CV2 | nets=1 | frames=25,test,65,0.1834175400503848,-3.634553194046021,2,1,25,3.2418010234832764,
CV2 | nets=1 | frames=25,test,66,0.1677718678598186,-3.485288619995117,2,1,25,3.092924833297729,
CV2 | nets=1 | frames=25,test,67,0.2103549124683166,-3.610062837600708,2,1,25,3.2362325191497803,
CV2 | nets=1 | frames=25,test,68,-0.2124182814927736,-3.596057415008545,2,1,25,3.190692663192749,
CV2 | nets=1 | frames=25,test,69,0.2427422463907798,-3.53720498085022,2,1,25,3.160827398300171,
CV2 | nets=1 | frames=25,test,70,-0.198060037637249,-3.543654441833496,2,1,25,3.1367180347442627,
CV2 | nets=1 | frames=25,test,71,-0.3247762104239115,-3.3511548042297363,2,1,25,2.9521541595458984,
CV2 | nets=1 | frames=25,test,72,-0.1773883670701692,-3.513049602508545,2,1,25,3.116344928741455,
CV2 | nets=1 | frames=25,test,73,-0.2061780215112254,-3.415363550186157,2,1,25,3.0354106426239014,
CV2 | nets=1 | frames=25,test,74,-0.1515654324056017,-3.578068494796753,2,1,25,3.176657199859619,
CV2 | nets=1 | frames=25,test,75,-0.1319308250403395,-3.5430376529693604,2,1,25,3.142230749130249,
CV2 | nets=1 | frames=50,train,0,-0.0669511275618616,-0.4224938154220581,2,1,50,-0.6775750517845154,
CV2 | nets=1 | frames=50,test,0,-0.2360464098886152,-0.4135236144065857,2,1,50,-0.7011390328407288,
CV2 | nets=1 | frames=50,test,1,0.1295779047889524,-0.3768799901008606,2,1,50,-0.5321060419082642,
CV2 | nets=1 | frames=50,test,2,-0.1623723264424866,-0.4370522797107696,2,1,50,-0.733529806137085,
CV2 | nets=1 | frames=50,test,3,-0.123156073161201,-0.4060730040073395,2,1,50,-0.6288281679153442,
CV2 | nets=1 | frames=50,test,4,0.3453760393512503,-0.343182623386383,2,1,50,-0.3896946609020233,
CV2 | nets=1 | frames=50,test,5,-0.3979398483632574,-0.4305247664451599,2,1,50,-0.7157077193260193,
CV2 | nets=1 | frames=50,test,6,0.2126940386242633,-0.3533417880535126,2,1,50,-0.4446495771408081,
CV2 | nets=1 | frames=50,test,7,0.0950451355151094,-0.3980036973953247,2,1,50,-0.5828765034675598,
CV2 | nets=1 | frames=50,test,8,-0.0648093100969477,-0.3895258903503418,2,1,50,-0.5566062331199646,
CV2 | nets=1 | frames=50,test,9,-0.0036101382641459,-0.3767506778240204,2,1,50,-0.528235137462616,
CV2 | nets=1 | frames=50,test,10,0.2259070200709375,-0.3261022865772247,2,1,50,-0.3541395664215088,
CV2 | nets=1 | frames=50,test,11,-0.2448221358235529,-0.4312115609645843,2,1,50,-0.71535724401474,
CV2 | nets=1 | frames=50,test,12,-0.3251896560062025,-0.4373887479305267,2,1,50,-0.7100034356117249,
CV2 | nets=1 | frames=50,test,13,0.1639582164351763,-0.3473852574825287,2,1,50,-0.4512794613838196,
CV2 | nets=1 | frames=50,test,14,0.2767388091190165,-0.3720038831233978,2,1,50,-0.5490561723709106,
CV2 | nets=1 | frames=50,test,15,0.2817123526652541,-0.3361371457576751,2,1,50,-0.3885100185871124,
CV2 | nets=1 | frames=50,test,16,-0.1737797852877405,-0.4299470484256744,2,1,50,-0.7343565225601196,
CV2 | nets=1 | frames=50,test,17,-0.5936111989220015,-0.4163393676280975,2,1,50,-0.6334443688392639,
CV2 | nets=1 | frames=50,test,18,0.2708167150760829,-0.3891680538654327,2,1,50,-0.5895535349845886,
CV2 | nets=1 | frames=50,test,19,-0.0488976389824205,-0.4224078059196472,2,1,50,-0.676048994064331,
CV2 | nets=1 | frames=50,test,20,0.3374250403982374,-0.2918547093868255,2,1,50,-0.3079660534858703,
CV2 | nets=1 | frames=50,test,21,0.144219835421564,-0.4002251625061035,2,1,50,-0.628535270690918,
CV2 | nets=1 | frames=50,test,22,0.2238599590476573,-0.3510963022708893,2,1,50,-0.4852343797683716,
CV2 | nets=1 | frames=50,test,23,-0.2110936628700718,-0.4154829084873199,2,1,50,-0.70074862241745,
CV2 | nets=1 | frames=50,test,24,-0.135107647284631,-0.4200145006179809,2,1,50,-0.7334432005882263,
CV2 | nets=1 | frames=50,test,25,-0.2879174109079594,-0.4382679760456085,2,1,50,-0.7946039438247681,
CV2 | nets=1 | frames=50,test,26,-0.0869858031149348,-0.4326645731925964,2,1,50,-0.7640438675880432,
CV2 | nets=1 | frames=50,test,27,0.0729596003150843,-0.4024400413036346,2,1,50,-0.5895756483078003,
CV2 | nets=1 | frames=50,test,28,-0.0473741087700227,-0.4526717066764831,2,1,50,-0.7886145114898682,
CV2 | nets=1 | frames=50,test,29,-0.1740479126403528,-0.403307169675827,2,1,50,-0.6689756512641907,
CV2 | nets=1 | frames=50,test,30,-0.1534844106106529,-0.4307655990123749,2,1,50,-0.6796513795852661,
CV2 | nets=1 | frames=50,test,31,-0.3339993893646671,-0.4247488379478454,2,1,50,-0.7521418333053589,
CV2 | nets=1 | frames=50,test,32,-0.2983576891176249,-0.4233996868133545,2,1,50,-0.7333332300186157,
CV2 | nets=1 | frames=50,test,33,-0.0843642366678143,-0.3977346420288086,2,1,50,-0.6000646948814392,
CV2 | nets=1 | frames=50,test,34,-0.2273098506600647,-0.4031738638877868,2,1,50,-0.6606006026268005,
CV2 | nets=1 | frames=50,test,35,0.150316153738502,-0.3658982813358307,2,1,50,-0.5086268782615662,
CV2 | nets=1 | frames=50,test,36,-0.2691509251686252,-0.4280572235584259,2,1,50,-0.6953436136245728,
CV2 | nets=1 | frames=50,test,37,0.1269998279169667,-0.3725834786891937,2,1,50,-0.5222310423851013,
CV2 | nets=1 | frames=50,test,38,0.3220806426408416,-0.3383992612361908,2,1,50,-0.3772673606872558,
CV2 | nets=1 | frames=50,test,39,-0.3233661435786948,-0.4363788664340973,2,1,50,-0.6979624629020691,
CV2 | nets=1 | frames=50,test,40,-0.1666568671096066,-0.4385629594326019,2,1,50,-0.7348934412002563,
CV2 | nets=1 | frames=50,test,41,-0.0608276768648222,-0.4343834221363067,2,1,50,-0.7213168144226074,
CV2 | nets=1 | frames=50,test,42,0.2821721893243829,-0.3842010498046875,2,1,50,-0.5205950140953064,
CV2 | nets=1 | frames=50,test,43,-0.0591450573123482,-0.4238022565841675,2,1,50,-0.7441418766975403,
CV2 | nets=1 | frames=50,test,44,-0.2523187814106471,-0.4319948256015777,2,1,50,-0.7329397797584534,
CV2 | nets=1 | frames=50,test,45,0.2693791688852633,-0.3719761669635772,2,1,50,-0.5257943272590637,
CV2 | nets=1 | frames=50,test,46,-0.157111034083224,-0.4135905802249908,2,1,50,-0.678091287612915,
CV2 | nets=1 | frames=50,test,47,0.1606833051492441,-0.3941103518009186,2,1,50,-0.5590038299560547,
CV2 | nets=1 | frames=50,test,48,0.172504695096772,-0.3699455261230469,2,1,50,-0.4983887076377868,
CV2 | nets=1 | frames=50,test,49,0.3873779088920612,-0.3097002506256103,2,1,50,-0.3246886134147644,
CV2 | nets=1 | frames=50,test,50,-0.100209652453205,-0.4111742973327636,2,1,50,-0.6843488812446594,
CV2 | nets=1 | frames=50,test,51,0.1807945702326933,-0.3958304822444916,2,1,50,-0.5593097805976868,
CV2 | nets=1 | frames=50,test,52,-0.2190887259038099,-0.4063263535499573,2,1,50,-0.6787112355232239,
CV2 | nets=1 | frames=50,test,53,0.0386789596579197,-0.4377252161502838,2,1,50,-0.6971678137779236,
CV2 | nets=1 | frames=50,test,54,-0.1466400227827606,-0.4041809141635895,2,1,50,-0.6221293210983276,
CV2 | nets=1 | frames=50,test,55,-0.1466582167541242,-0.4332712292671203,2,1,50,-0.7241647839546204,
CV2 | nets=1 | frames=50,test,56,0.3543707109293127,-0.3200768232345581,2,1,50,-0.3568945825099945,
CV2 | nets=1 | frames=50,test,57,-0.2504451898786599,-0.4375816881656647,2,1,50,-0.7163049578666687,
CV2 | nets=1 | frames=50,test,58,-0.0803696162881754,-0.4620740115642547,2,1,50,-0.7873871326446533,
CV2 | nets=1 | frames=50,test,59,-0.1277120103792852,-0.4258365631103515,2,1,50,-0.7107037901878357,
CV2 | nets=1 | frames=50,test,60,0.3812481697430855,-0.3235337436199188,2,1,50,-0.3558969795703888,
CV2 | nets=1 | frames=50,test,61,-0.4003789014783009,-0.4316990077495575,2,1,50,-0.6851012110710144,
CV2 | nets=1 | frames=50,test,62,0.2511593493496609,-0.3688023388385772,2,1,50,-0.5585070252418518,
CV2 | nets=1 | frames=50,test,63,-0.1963377719651293,-0.4510783851146698,2,1,50,-0.7536528706550598,
CV2 | nets=1 | frames=50,test,64,0.2011468693729077,-0.3727687299251556,2,1,50,-0.5081907510757446,
CV2 | nets=1 | frames=50,test,65,0.1834175400503848,-0.4302803575992584,2,1,50,-0.6480615139007568,
CV2 | nets=1 | frames=50,test,66,0.1677718678598186,-0.3938550353050232,2,1,50,-0.6242183446884155,
CV2 | nets=1 | frames=50,test,67,0.2103549124683166,-0.3308885991573334,2,1,50,-0.3672069907188415,
CV2 | nets=1 | frames=50,test,68,-0.2124182814927736,-0.4382838904857635,2,1,50,-0.7189534306526184,
CV2 | nets=1 | frames=50,test,69,0.2427422463907798,-0.3559085726737976,2,1,50,-0.4858096241950989,
CV2 | nets=1 | frames=50,test,70,-0.198060037637249,-0.4616061747074127,2,1,50,-0.7900712490081787,
CV2 | nets=1 | frames=50,test,71,-0.3247762104239115,-0.4264344573020935,2,1,50,-0.7420117855072021,
CV2 | nets=1 | frames=50,test,72,-0.1773883670701692,-0.4174080491065979,2,1,50,-0.6724386811256409,
CV2 | nets=1 | frames=50,test,73,-0.2061780215112254,-0.4136137962341308,2,1,50,-0.6781778931617737,
CV2 | nets=1 | frames=50,test,74,-0.1515654324056017,-0.469142735004425,2,1,50,-0.7938608527183533,
CV2 | nets=1 | frames=50,test,75,-0.1319308250403395,-0.4009341895580292,2,1,50,-0.6118020415306091,
CV2 | nets=1 | frames=100,train,0,-0.0669511275618616,-2.2028019428253174,2,1,100,-2.5388996601104736,
CV2 | nets=1 | frames=100,test,0,-0.2360464098886152,-2.203011989593506,2,1,100,-2.53421401977539,
CV2 | nets=1 | frames=100,test,1,0.1295779047889524,-2.288839101791382,2,1,100,-2.5742249488830566,
CV2 | nets=1 | frames=100,test,2,-0.1623723264424866,-2.161874771118164,2,1,100,-2.517909526824951,
CV2 | nets=1 | frames=100,test,3,-0.123156073161201,-2.250923156738281,2,1,100,-2.5738942623138428,
CV2 | nets=1 | frames=100,test,4,0.3453760393512503,-2.333637952804565,2,1,100,-2.5903005599975586,
CV2 | nets=1 | frames=100,test,5,-0.3979398483632574,-2.2298381328582764,2,1,100,-2.58021092414856,
CV2 | nets=1 | frames=100,test,6,0.2126940386242633,-2.2960896492004395,2,1,100,-2.56802749633789,
CV2 | nets=1 | frames=100,test,7,0.0950451355151094,-2.2343945503234863,2,1,100,-2.547466516494751,
CV2 | nets=1 | frames=100,test,8,-0.0648093100969477,-2.266669273376465,2,1,100,-2.591468095779419,
CV2 | nets=1 | frames=100,test,9,-0.0036101382641459,-2.228899478912353,2,1,100,-2.5384020805358887,
CV2 | nets=1 | frames=100,test,10,0.2259070200709375,-2.3741743564605717,2,1,100,-2.6443803310394287,
CV2 | nets=1 | frames=100,test,11,-0.2448221358235529,-2.2344305515289307,2,1,100,-2.582587718963623,
CV2 | nets=1 | frames=100,test,12,-0.3251896560062025,-2.2922475337982178,2,1,100,-2.6337990760803223,
CV2 | nets=1 | frames=100,test,13,0.1639582164351763,-2.3306405544281006,2,1,100,-2.5972440242767334,
CV2 | nets=1 | frames=100,test,14,0.2767388091190165,-2.3241488933563232,2,1,100,-2.6177737712860107,
CV2 | nets=1 | frames=100,test,15,0.2817123526652541,-2.369474172592163,2,1,100,-2.641334295272827,
CV2 | nets=1 | frames=100,test,16,-0.1737797852877405,-2.1948208808898926,2,1,100,-2.5474746227264404,
CV2 | nets=1 | frames=100,test,17,-0.5936111989220015,-2.097777843475342,2,1,100,-2.437362670898437,
CV2 | nets=1 | frames=100,test,18,0.2708167150760829,-2.351112127304077,2,1,100,-2.632986068725586,
CV2 | nets=1 | frames=100,test,19,-0.0488976389824205,-2.262826919555664,2,1,100,-2.5911123752593994,
CV2 | nets=1 | frames=100,test,20,0.3374250403982374,-2.339972734451294,2,1,100,-2.578437566757202,
CV2 | nets=1 | frames=100,test,21,0.144219835421564,-2.25956392288208,2,1,100,-2.566532611846924,
CV2 | nets=1 | frames=100,test,22,0.2238599590476573,-2.285297155380249,2,1,100,-2.5617270469665527,
CV2 | nets=1 | frames=100,test,23,-0.2110936628700718,-2.1928787231445312,2,1,100,-2.5393521785736084,
CV2 | nets=1 | frames=100,test,24,-0.135107647284631,-2.200648307800293,2,1,100,-2.547368288040161,
CV2 | nets=1 | frames=100,test,25,-0.2879174109079594,-2.1983351707458496,2,1,100,-2.544731616973877,
CV2 | nets=1 | frames=100,test,26,-0.0869858031149348,-2.2054595947265625,2,1,100,-2.5541250705718994,
CV2 | nets=1 | frames=100,test,27,0.0729596003150843,-2.304121971130371,2,1,100,-2.6247799396514893,
CV2 | nets=1 | frames=100,test,28,-0.0473741087700227,-2.1966376304626465,2,1,100,-2.558600187301636,
CV2 | nets=1 | frames=100,test,29,-0.1740479126403528,-2.205747127532959,2,1,100,-2.5407211780548096,
CV2 | nets=1 | frames=100,test,30,-0.1534844106106529,-2.193967342376709,2,1,100,-2.561534881591797,
CV2 | nets=1 | frames=100,test,31,-0.3339993893646671,-2.214982032775879,2,1,100,-2.555337905883789,
CV2 | nets=1 | frames=100,test,32,-0.2983576891176249,-2.152050018310547,2,1,100,-2.4931647777557373,
CV2 | nets=1 | frames=100,test,33,-0.0843642366678143,-2.323799133300781,2,1,100,-2.6449289321899414,
CV2 | nets=1 | frames=100,test,34,-0.2273098506600647,-2.150275707244873,2,1,100,-2.477383613586426,
CV2 | nets=1 | frames=100,test,35,0.150316153738502,-2.332843780517578,2,1,100,-2.621245145797729,
CV2 | nets=1 | frames=100,test,36,-0.2691509251686252,-2.1697769165039062,2,1,100,-2.5070571899414062,
CV2 | nets=1 | frames=100,test,37,0.1269998279169667,-2.28469181060791,2,1,100,-2.5938644409179688,
CV2 | nets=1 | frames=100,test,38,0.3220806426408416,-2.370741844177246,2,1,100,-2.628142833709717,
CV2 | nets=1 | frames=100,test,39,-0.3233661435786948,-2.245252847671509,2,1,100,-2.606684446334839,
CV2 | nets=1 | frames=100,test,40,-0.1666568671096066,-2.1980621814727783,2,1,100,-2.552265882492065,
CV2 | nets=1 | frames=100,test,41,-0.0608276768648222,-2.27435302734375,2,1,100,-2.624873638153076,
CV2 | nets=1 | frames=100,test,42,0.2821721893243829,-2.3266639709472656,2,1,100,-2.6097655296325684,
CV2 | nets=1 | frames=100,test,43,-0.0591450573123482,-2.095803022384644,2,1,100,-2.448730945587158,
CV2 | nets=1 | frames=100,test,44,-0.2523187814106471,-2.118617057800293,2,1,100,-2.4755795001983643,
CV2 | nets=1 | frames=100,test,45,0.2693791688852633,-2.332214832305908,2,1,100,-2.6261231899261475,
CV2 | nets=1 | frames=100,test,46,-0.157111034083224,-2.2406253814697266,2,1,100,-2.56949782371521,
CV2 | nets=1 | frames=100,test,47,0.1606833051492441,-2.278179883956909,2,1,100,-2.591317892074585,
CV2 | nets=1 | frames=100,test,48,0.172504695096772,-2.295342445373535,2,1,100,-2.6043150424957275,
CV2 | nets=1 | frames=100,test,49,0.3873779088920612,-2.3293392658233643,2,1,100,-2.5760936737060547,
CV2 | nets=1 | frames=100,test,50,-0.100209652453205,-2.1523540019989014,2,1,100,-2.484902858734131,
CV2 | nets=1 | frames=100,test,51,0.1807945702326933,-2.344024419784546,2,1,100,-2.658366441726685,
CV2 | nets=1 | frames=100,test,52,-0.2190887259038099,-2.2355620861053467,2,1,100,-2.578399896621704,
CV2 | nets=1 | frames=100,test,53,0.0386789596579197,-2.2336153984069824,2,1,100,-2.5735561847686768,
CV2 | nets=1 | frames=100,test,54,-0.1466400227827606,-2.210180282592773,2,1,100,-2.5394110679626465,
CV2 | nets=1 | frames=100,test,55,-0.1466582167541242,-2.1103851795196533,2,1,100,-2.4596235752105717,
CV2 | nets=1 | frames=100,test,56,0.3543707109293127,-2.306464433670044,2,1,100,-2.551743745803833,
CV2 | nets=1 | frames=100,test,57,-0.2504451898786599,-2.254233837127685,2,1,100,-2.603787899017334,
CV2 | nets=1 | frames=100,test,58,-0.0803696162881754,-2.2128872871398926,2,1,100,-2.5642635822296143,
CV2 | nets=1 | frames=100,test,59,-0.1277120103792852,-2.2209813594818115,2,1,100,-2.5668275356292725,
CV2 | nets=1 | frames=100,test,60,0.3812481697430855,-2.435751438140869,2,1,100,-2.6906583309173584,
CV2 | nets=1 | frames=100,test,61,-0.4003789014783009,-2.2091667652130127,2,1,100,-2.562150716781616,
CV2 | nets=1 | frames=100,test,62,0.2511593493496609,-2.305155038833618,2,1,100,-2.592277765274048,
CV2 | nets=1 | frames=100,test,63,-0.1963377719651293,-2.243147611618042,2,1,100,-2.605621337890625,
CV2 | nets=1 | frames=100,test,64,0.2011468693729077,-2.3026063442230225,2,1,100,-2.6086173057556152,
CV2 | nets=1 | frames=100,test,65,0.1834175400503848,-2.2707951068878174,2,1,100,-2.6002748012542725,
CV2 | nets=1 | frames=100,test,66,0.1677718678598186,-2.284457206726074,2,1,100,-2.604159355163574,
CV2 | nets=1 | frames=100,test,67,0.2103549124683166,-2.308861494064331,2,1,100,-2.579413414001465,
CV2 | nets=1 | frames=100,test,68,-0.2124182814927736,-2.234969139099121,2,1,100,-2.5951523780822754,
CV2 | nets=1 | frames=100,test,69,0.2427422463907798,-2.3122684955596924,2,1,100,-2.597926616668701,
CV2 | nets=1 | frames=100,test,70,-0.198060037637249,-2.1587882041931152,2,1,100,-2.527507305145264,
CV2 | nets=1 | frames=100,test,71,-0.3247762104239115,-2.154191732406616,2,1,100,-2.498802900314331,
CV2 | nets=1 | frames=100,test,72,-0.1773883670701692,-2.252194404602051,2,1,100,-2.579783201217652,
CV2 | nets=1 | frames=100,test,73,-0.2061780215112254,-2.120391130447388,2,1,100,-2.440084457397461,
CV2 | nets=1 | frames=100,test,74,-0.1515654324056017,-2.1838228702545166,2,1,100,-2.5448086261749268,
CV2 | nets=1 | frames=100,test,75,-0.1319308250403395,-2.232024908065796,2,1,100,-2.568608283996582,
CV2 | nets=2 | frames=2,train,0,-0.0669511275618616,-1.167164325714111,2,2,2,1.8486539125442505,
CV2 | nets=2 | frames=2,train,1,0.2410100211356636,-1.2443057298660278,2,2,2,1.9130996465682983,
CV2 | nets=2 | frames=2,test,0,0.1295779047889524,-1.241579532623291,2,2,2,1.906812071800232,
CV2 | nets=2 | frames=2,test,1,-0.1623723264424866,-1.1435208320617676,2,2,2,1.82485032081604,
CV2 | nets=2 | frames=2,test,2,-0.123156073161201,-1.1952648162841797,2,2,2,1.875567317008972,
CV2 | nets=2 | frames=2,test,3,0.3453760393512503,-1.2965874671936035,2,2,2,1.959155321121216,
CV2 | nets=2 | frames=2,test,4,-0.3979398483632574,-1.1630979776382446,2,2,2,1.846934676170349,
CV2 | nets=2 | frames=2,test,5,0.2126940386242633,-1.2224183082580566,2,2,2,1.8741992712020876,
CV2 | nets=2 | frames=2,test,6,0.0950451355151094,-1.2090017795562744,2,2,2,1.883957028388977,
CV2 | nets=2 | frames=2,test,7,-0.0648093100969477,-1.1746647357940674,2,2,2,1.8537774085998533,
CV2 | nets=2 | frames=2,test,8,-0.0036101382641459,-1.2048553228378296,2,2,2,1.8812960386276243,
CV2 | nets=2 | frames=2,test,9,0.2259070200709375,-1.2356280088424685,2,2,2,1.8936920166015625,
CV2 | nets=2 | frames=2,test,10,-0.2448221358235529,-1.1655995845794678,2,2,2,1.8517249822616575,
CV2 | nets=2 | frames=2,test,11,-0.3251896560062025,-1.1890076398849487,2,2,2,1.872098684310913,
CV2 | nets=2 | frames=2,test,12,0.1639582164351763,-1.2332172393798828,2,2,2,1.8876057863235476,
CV2 | nets=2 | frames=2,test,13,0.2767388091190165,-1.2192951440811155,2,2,2,1.8848443031311035,
CV2 | nets=2 | frames=2,test,14,0.2817123526652541,-1.24103045463562,2,2,2,1.897542953491211,
CV2 | nets=2 | frames=2,test,15,-0.1737797852877405,-1.1480984687805176,2,2,2,1.8369046449661253,
CV2 | nets=2 | frames=2,test,16,-0.5936111989220015,-1.1446800231933594,2,2,2,1.8185657262802124,
CV2 | nets=2 | frames=2,test,17,0.2708167150760829,-1.243406891822815,2,2,2,1.9101208448410036,
CV2 | nets=2 | frames=2,test,18,-0.0488976389824205,-1.186543107032776,2,2,2,1.8611538410186768,
CV2 | nets=2 | frames=2,test,19,0.3374250403982374,-1.2238750457763672,2,2,2,1.874277710914612,
CV2 | nets=2 | frames=2,test,20,0.144219835421564,-1.1899781227111816,2,2,2,1.847811222076416,
CV2 | nets=2 | frames=2,test,21,0.2238599590476573,-1.205794095993042,2,2,2,1.8618359565734863,
CV2 | nets=2 | frames=2,test,22,-0.2110936628700718,-1.1339387893676758,2,2,2,1.814613938331604,
CV2 | nets=2 | frames=2,test,23,-0.135107647284631,-1.1183221340179443,2,2,2,1.793725609779358,
CV2 | nets=2 | frames=2,test,24,-0.2879174109079594,-1.1274099349975586,2,2,2,1.804529428482056,
CV2 | nets=2 | frames=2,test,25,-0.0869858031149348,-1.131832718849182,2,2,2,1.8089025020599363,
CV2 | nets=2 | frames=2,test,26,0.0729596003150843,-1.2074499130249023,2,2,2,1.8838798999786377,
CV2 | nets=2 | frames=2,test,27,-0.0473741087700227,-1.1579902172088623,2,2,2,1.850971817970276,
CV2 | nets=2 | frames=2,test,28,-0.1740479126403528,-1.1362204551696775,2,2,2,1.810313105583191,
CV2 | nets=2 | frames=2,test,29,-0.1534844106106529,-1.1678861379623413,2,2,2,1.86487340927124,
CV2 | nets=2 | frames=2,test,30,-0.3339993893646671,-1.139877438545227,2,2,2,1.8221052885055544,
CV2 | nets=2 | frames=2,test,31,-0.2983576891176249,-1.1524466276168823,2,2,2,1.8340623378753664,
CV2 | nets=2 | frames=2,test,32,-0.0843642366678143,-1.1704370975494385,2,2,2,1.835076928138733,
CV2 | nets=2 | frames=2,test,33,-0.2273098506600647,-1.1306040287017822,2,2,2,1.8048661947250368,
CV2 | nets=2 | frames=2,test,34,0.150316153738502,-1.2310847043991089,2,2,2,1.900112986564636,
CV2 | nets=2 | frames=2,test,35,-0.2691509251686252,-1.1821569204330444,2,2,2,1.869672894477844,
CV2 | nets=2 | frames=2,test,36,0.1269998279169667,-1.1863346099853516,2,2,2,1.8524318933486936,
CV2 | nets=2 | frames=2,test,37,0.3220806426408416,-1.2847806215286257,2,2,2,1.9423108100891116,
CV2 | nets=2 | frames=2,test,38,-0.3233661435786948,-1.1565868854522705,2,2,2,1.8417294025421145,
CV2 | nets=2 | frames=2,test,39,-0.1666568671096066,-1.1784188747406006,2,2,2,1.8711243867874143,
CV2 | nets=2 | frames=2,test,40,-0.0608276768648222,-1.1745816469192505,2,2,2,1.8559237718582156,
CV2 | nets=2 | frames=2,test,41,0.2821721893243829,-1.28143310546875,2,2,2,1.9620991945266724,
CV2 | nets=2 | frames=2,test,42,-0.0591450573123482,-1.1227487325668335,2,2,2,1.8067604303359983,
CV2 | nets=2 | frames=2,test,43,-0.2523187814106471,-1.125540256500244,2,2,2,1.8108590841293333,
CV2 | nets=2 | frames=2,test,44,0.2693791688852633,-1.2197151184082031,2,2,2,1.890180706977844,
CV2 | nets=2 | frames=2,test,45,-0.157111034083224,-1.1494919061660769,2,2,2,1.81309187412262,
CV2 | nets=2 | frames=2,test,46,0.1606833051492441,-1.20181405544281,2,2,2,1.869700908660889,
CV2 | nets=2 | frames=2,test,47,0.172504695096772,-1.2154147624969482,2,2,2,1.894360065460205,
CV2 | nets=2 | frames=2,test,48,0.3873779088920612,-1.2559654712677002,2,2,2,1.912716269493103,
CV2 | nets=2 | frames=2,test,49,-0.100209652453205,-1.15368914604187,2,2,2,1.833338737487793,
CV2 | nets=2 | frames=2,test,50,0.1807945702326933,-1.2322945594787598,2,2,2,1.9076215028762815,
CV2 | nets=2 | frames=2,test,51,-0.2190887259038099,-1.123595952987671,2,2,2,1.7948304414749146,
CV2 | nets=2 | frames=2,test,52,0.0386789596579197,-1.2215383052825928,2,2,2,1.9149342775344849,
CV2 | nets=2 | frames=2,test,53,-0.1466400227827606,-1.165550947189331,2,2,2,1.8404830694198608,
CV2 | nets=2 | frames=2,test,54,-0.1466582167541242,-1.141800045967102,2,2,2,1.8228490352630613,
CV2 | nets=2 | frames=2,test,55,0.3543707109293127,-1.2594109773635864,2,2,2,1.911166310310364,
CV2 | nets=2 | frames=2,test,56,-0.2504451898786599,-1.1878538131713867,2,2,2,1.879059672355652,
CV2 | nets=2 | frames=2,test,57,-0.0803696162881754,-1.213110089302063,2,2,2,1.9142210483551023,
CV2 | nets=2 | frames=2,test,58,-0.1277120103792852,-1.1469213962554932,2,2,2,1.8251211643218996,
CV2 | nets=2 | frames=2,test,59,0.3812481697430855,-1.2653707265853882,2,2,2,1.9193823337554927,
CV2 | nets=2 | frames=2,test,60,-0.4003789014783009,-1.1708059310913086,2,2,2,1.8606524467468264,
CV2 | nets=2 | frames=2,test,61,0.2511593493496609,-1.202316403388977,2,2,2,1.867166876792908,
CV2 | nets=2 | frames=2,test,62,-0.1963377719651293,-1.1834428310394287,2,2,2,1.8821535110473635,
CV2 | nets=2 | frames=2,test,63,0.2011468693729077,-1.1998281478881836,2,2,2,1.86712384223938,
CV2 | nets=2 | frames=2,test,64,0.1834175400503848,-1.23665452003479,2,2,2,1.9289665222167969,
CV2 | nets=2 | frames=2,test,65,0.1677718678598186,-1.1637572050094604,2,2,2,1.8377056121826167,
CV2 | nets=2 | frames=2,test,66,0.2103549124683166,-1.2478201389312744,2,2,2,1.910488247871399,
CV2 | nets=2 | frames=2,test,67,-0.2124182814927736,-1.1661232709884644,2,2,2,1.8559532165527344,
CV2 | nets=2 | frames=2,test,68,0.2427422463907798,-1.2079614400863647,2,2,2,1.8666285276412964,
CV2 | nets=2 | frames=2,test,69,-0.198060037637249,-1.1714178323745728,2,2,2,1.8718593120574951,
CV2 | nets=2 | frames=2,test,70,-0.3247762104239115,-1.0955212116241455,2,2,2,1.7666970491409302,
CV2 | nets=2 | frames=2,test,71,-0.1773883670701692,-1.1751878261566162,2,2,2,1.8462276458740237,
CV2 | nets=2 | frames=2,test,72,-0.2061780215112254,-1.1557817459106443,2,2,2,1.8267006874084477,
CV2 | nets=2 | frames=2,test,73,-0.1515654324056017,-1.1815040111541748,2,2,2,1.8791782855987549,
CV2 | nets=2 | frames=2,test,74,-0.1319308250403395,-1.160301923751831,2,2,2,1.8384734392166135,
CV2 | nets=2 | frames=5,train,0,-0.0669511275618616,1.6468513011932373,2,2,5,2.8708527088165283,
CV2 | nets=2 | frames=5,train,1,0.2410100211356636,2.1083712577819824,2,2,5,3.375645637512207,
CV2 | nets=2 | frames=5,test,0,0.1295779047889524,2.038284540176392,2,2,5,3.304106950759888,
CV2 | nets=2 | frames=5,test,1,-0.1623723264424866,1.5559355020523071,2,2,5,2.7755260467529297,
CV2 | nets=2 | frames=5,test,2,-0.123156073161201,1.8018723726272583,2,2,5,3.0581047534942627,
CV2 | nets=2 | frames=5,test,3,0.3453760393512503,2.283824920654297,2,2,5,3.5759992599487305,
CV2 | nets=2 | frames=5,test,4,-0.3979398483632574,1.6340415477752686,2,2,5,2.865812063217163,
CV2 | nets=2 | frames=5,test,5,0.2126940386242633,2.06587553024292,2,2,5,3.318235158920288,
CV2 | nets=2 | frames=5,test,6,0.0950451355151094,1.846109390258789,2,2,5,3.096751928329468,
CV2 | nets=2 | frames=5,test,7,-0.0648093100969477,1.7528728246688845,2,2,5,3.0053207874298096,
CV2 | nets=2 | frames=5,test,8,-0.0036101382641459,1.85462749004364,2,2,5,3.107923746109009,
CV2 | nets=2 | frames=5,test,9,0.2259070200709375,2.1360137462615967,2,2,5,3.414151906967163,
CV2 | nets=2 | frames=5,test,10,-0.2448221358235529,1.6543409824371338,2,2,5,2.8918559551239014,
CV2 | nets=2 | frames=5,test,11,-0.3251896560062025,1.734427809715271,2,2,5,3.004565954208374,
CV2 | nets=2 | frames=5,test,12,0.1639582164351763,2.1342577934265137,2,2,5,3.3782217502593994,
CV2 | nets=2 | frames=5,test,13,0.2767388091190165,1.9971237182617188,2,2,5,3.241771459579468,
CV2 | nets=2 | frames=5,test,14,0.2817123526652541,2.1519362926483154,2,2,5,3.4378182888031006,
CV2 | nets=2 | frames=5,test,15,-0.1737797852877405,1.5680612325668335,2,2,5,2.7837839126586914,
CV2 | nets=2 | frames=5,test,16,-0.5936111989220015,1.5860812664031982,2,2,5,2.824767589569092,
CV2 | nets=2 | frames=5,test,17,0.2708167150760829,2.075085401535034,2,2,5,3.3148109912872314,
CV2 | nets=2 | frames=5,test,18,-0.0488976389824205,1.7566672563552856,2,2,5,2.998836040496826,
CV2 | nets=2 | frames=5,test,19,0.3374250403982374,2.188037395477295,2,2,5,3.4083893299102783,
CV2 | nets=2 | frames=5,test,20,0.144219835421564,1.8664289712905884,2,2,5,3.0966663360595703,
CV2 | nets=2 | frames=5,test,21,0.2238599590476573,2.0197789669036865,2,2,5,3.2402265071868896,
CV2 | nets=2 | frames=5,test,22,-0.2110936628700718,1.5752947330474854,2,2,5,2.778336763381958,
CV2 | nets=2 | frames=5,test,23,-0.135107647284631,1.553537368774414,2,2,5,2.7375285625457764,
CV2 | nets=2 | frames=5,test,24,-0.2879174109079594,1.551552176475525,2,2,5,2.7317891120910645,
CV2 | nets=2 | frames=5,test,25,-0.0869858031149348,1.535926103591919,2,2,5,2.729027032852173,
CV2 | nets=2 | frames=5,test,26,0.0729596003150843,1.8301708698272705,2,2,5,3.099668502807617,
CV2 | nets=2 | frames=5,test,27,-0.0473741087700227,1.5092445611953735,2,2,5,2.7346105575561523,
CV2 | nets=2 | frames=5,test,28,-0.1740479126403528,1.6693567037582395,2,2,5,2.86971378326416,
CV2 | nets=2 | frames=5,test,29,-0.1534844106106529,1.5745576620101929,2,2,5,2.8403337001800537,
CV2 | nets=2 | frames=5,test,30,-0.3339993893646671,1.5941671133041382,2,2,5,2.776021242141724,
CV2 | nets=2 | frames=5,test,31,-0.2983576891176249,1.5795730352401731,2,2,5,2.77788519859314,
CV2 | nets=2 | frames=5,test,32,-0.0843642366678143,1.7752028703689575,2,2,5,3.032222270965576,
CV2 | nets=2 | frames=5,test,33,-0.2273098506600647,1.565732479095459,2,2,5,2.749110698699951,
CV2 | nets=2 | frames=5,test,34,0.150316153738502,2.0385727882385254,2,2,5,3.288144826889038,
CV2 | nets=2 | frames=5,test,35,-0.2691509251686252,1.6621215343475342,2,2,5,2.8896360397338867,
CV2 | nets=2 | frames=5,test,36,0.1269998279169667,1.8676261901855469,2,2,5,3.1167895793914795,
CV2 | nets=2 | frames=5,test,37,0.3220806426408416,2.32065486907959,2,2,5,3.609153270721436,
CV2 | nets=2 | frames=5,test,38,-0.3233661435786948,1.5871039628982544,2,2,5,2.8407909870147705,
CV2 | nets=2 | frames=5,test,39,-0.1666568671096066,1.6188989877700806,2,2,5,2.8584587574005127,
CV2 | nets=2 | frames=5,test,40,-0.0608276768648222,1.689530849456787,2,2,5,2.944098949432373,
CV2 | nets=2 | frames=5,test,41,0.2821721893243829,2.092726707458496,2,2,5,3.3774187564849854,
CV2 | nets=2 | frames=5,test,42,-0.0591450573123482,1.488678812980652,2,2,5,2.663071393966675,
CV2 | nets=2 | frames=5,test,43,-0.2523187814106471,1.492766499519348,2,2,5,2.6941092014312744,
CV2 | nets=2 | frames=5,test,44,0.2693791688852633,1.9769939184188845,2,2,5,3.2274739742279053,
CV2 | nets=2 | frames=5,test,45,-0.157111034083224,1.6741570234298706,2,2,5,2.892660617828369,
CV2 | nets=2 | frames=5,test,46,0.1606833051492441,1.8528681993484497,2,2,5,3.1172661781311035,
CV2 | nets=2 | frames=5,test,47,0.172504695096772,1.9321902990341189,2,2,5,3.1808114051818848,
CV2 | nets=2 | frames=5,test,48,0.3873779088920612,2.232619047164917,2,2,5,3.4798519611358643,
CV2 | nets=2 | frames=5,test,49,-0.100209652453205,1.632859230041504,2,2,5,2.8240742683410645,
CV2 | nets=2 | frames=5,test,50,0.1807945702326933,1.959251880645752,2,2,5,3.244981527328491,
CV2 | nets=2 | frames=5,test,51,-0.2190887259038099,1.5906318426132202,2,2,5,2.797785997390747,
CV2 | nets=2 | frames=5,test,52,0.0386789596579197,1.760751724243164,2,2,5,3.0273542404174805,
CV2 | nets=2 | frames=5,test,53,-0.1466400227827606,1.6937209367752075,2,2,5,2.9357192516326904,
CV2 | nets=2 | frames=5,test,54,-0.1466582167541242,1.523997187614441,2,2,5,2.72795844078064,
CV2 | nets=2 | frames=5,test,55,0.3543707109293127,2.239169120788574,2,2,5,3.49856185913086,
CV2 | nets=2 | frames=5,test,56,-0.2504451898786599,1.689304232597351,2,2,5,2.9358785152435303,
CV2 | nets=2 | frames=5,test,57,-0.0803696162881754,1.6473313570022583,2,2,5,2.8942041397094727,
CV2 | nets=2 | frames=5,test,58,-0.1277120103792852,1.615922451019287,2,2,5,2.8399040699005127,
CV2 | nets=2 | frames=5,test,59,0.3812481697430855,2.300062417984009,2,2,5,3.580929517745972,
CV2 | nets=2 | frames=5,test,60,-0.4003789014783009,1.618869066238403,2,2,5,2.8699562549591064,
CV2 | nets=2 | frames=5,test,61,0.2511593493496609,1.959267497062683,2,2,5,3.179232358932495,
CV2 | nets=2 | frames=5,test,62,-0.1963377719651293,1.6119697093963623,2,2,5,2.8645424842834477,
CV2 | nets=2 | frames=5,test,63,0.2011468693729077,1.9023826122283936,2,2,5,3.163914680480957,
CV2 | nets=2 | frames=5,test,64,0.1834175400503848,1.8311823606491089,2,2,5,3.110664129257202,
CV2 | nets=2 | frames=5,test,65,0.1677718678598186,1.7501450777053833,2,2,5,2.968647718429565,
CV2 | nets=2 | frames=5,test,66,0.2103549124683166,2.14601469039917,2,2,5,3.414725542068481,
CV2 | nets=2 | frames=5,test,67,-0.2124182814927736,1.6115610599517822,2,2,5,2.86728310585022,
CV2 | nets=2 | frames=5,test,68,0.2427422463907798,1.9938257932662964,2,2,5,3.2326772212982178,
CV2 | nets=2 | frames=5,test,69,-0.198060037637249,1.518975853919983,2,2,5,2.767307996749878,
CV2 | nets=2 | frames=5,test,70,-0.3247762104239115,1.4263591766357422,2,2,5,2.6120049953460693,
CV2 | nets=2 | frames=5,test,71,-0.1773883670701692,1.7381945848464966,2,2,5,2.9927871227264404,
CV2 | nets=2 | frames=5,test,72,-0.2061780215112254,1.6507514715194702,2,2,5,2.841745615005493,
CV2 | nets=2 | frames=5,test,73,-0.1515654324056017,1.561097264289856,2,2,5,2.812236785888672,
CV2 | nets=2 | frames=5,test,74,-0.1319308250403395,1.666274070739746,2,2,5,2.912864446640014,
CV2 | nets=2 | frames=10,train,0,-0.0669511275618616,-8.315570831298828,2,2,10,1.3051728010177612,
CV2 | nets=2 | frames=10,train,1,0.2410100211356636,-2.90530014038086,2,2,10,0.4509828090667724,
CV2 | nets=2 | frames=10,test,0,0.1295779047889524,-4.057739734649658,2,2,10,0.6372007727622986,
CV2 | nets=2 | frames=10,test,1,-0.1623723264424866,-10.03098964691162,2,2,10,1.57144296169281,
CV2 | nets=2 | frames=10,test,2,-0.123156073161201,-7.372194290161133,2,2,10,1.1527189016342163,
CV2 | nets=2 | frames=10,test,3,0.3453760393512503,-1.1666210889816284,2,2,10,0.1893985867500305,
CV2 | nets=2 | frames=10,test,4,-0.3979398483632574,-9.32282257080078,2,2,10,1.463914394378662,
CV2 | nets=2 | frames=10,test,5,0.2126940386242633,-2.9274489879608154,2,2,10,0.4543560743331909,
CV2 | nets=2 | frames=10,test,6,0.0950451355151094,-5.869266510009766,2,2,10,0.9223071336746216,
CV2 | nets=2 | frames=10,test,7,-0.0648093100969477,-7.111579895019531,2,2,10,1.106040358543396,
CV2 | nets=2 | frames=10,test,8,-0.0036101382641459,-6.025021553039551,2,2,10,0.9469540119171144,
CV2 | nets=2 | frames=10,test,9,0.2259070200709375,-2.449904203414917,2,2,10,0.3754735291004181,
CV2 | nets=2 | frames=10,test,10,-0.2448221358235529,-9.69679069519043,2,2,10,1.5208579301834106,
CV2 | nets=2 | frames=10,test,11,-0.3251896560062025,-8.661575317382812,2,2,10,1.3549257516860962,
CV2 | nets=2 | frames=10,test,12,0.1639582164351763,-2.48555064201355,2,2,10,0.3866222202777862,
CV2 | nets=2 | frames=10,test,13,0.2767388091190165,-3.911887884140015,2,2,10,0.6095669269561768,
CV2 | nets=2 | frames=10,test,14,0.2817123526652541,-2.377436637878418,2,2,10,0.3637011051177978,
CV2 | nets=2 | frames=10,test,15,-0.1737797852877405,-9.53272819519043,2,2,10,1.4957661628723145,
CV2 | nets=2 | frames=10,test,16,-0.5936111989220015,-9.482155799865724,2,2,10,1.4860588312149048,
CV2 | nets=2 | frames=10,test,17,0.2708167150760829,-2.911381244659424,2,2,10,0.4568674266338348,
CV2 | nets=2 | frames=10,test,18,-0.0488976389824205,-7.312919616699219,2,2,10,1.1471577882766724,
CV2 | nets=2 | frames=10,test,19,0.3374250403982374,-1.042607307434082,2,2,10,0.1517415195703506,
CV2 | nets=2 | frames=10,test,20,0.144219835421564,-5.411075592041016,2,2,10,0.8467116951942444,
CV2 | nets=2 | frames=10,test,21,0.2238599590476573,-3.267372131347656,2,2,10,0.5079247355461121,
CV2 | nets=2 | frames=10,test,22,-0.2110936628700718,-9.7584867477417,2,2,10,1.5253195762634275,
CV2 | nets=2 | frames=10,test,23,-0.135107647284631,-9.245475769042969,2,2,10,1.4452545642852783,
CV2 | nets=2 | frames=10,test,24,-0.2879174109079594,-9.41845703125,2,2,10,1.4756532907485962,
CV2 | nets=2 | frames=10,test,25,-0.0869858031149348,-9.158663749694824,2,2,10,1.4336044788360596,
CV2 | nets=2 | frames=10,test,26,0.0729596003150843,-6.341352939605713,2,2,10,0.9943922758102416,
CV2 | nets=2 | frames=10,test,27,-0.0473741087700227,-10.062582015991213,2,2,10,1.5859887599945068,
CV2 | nets=2 | frames=10,test,28,-0.1740479126403528,-8.73879337310791,2,2,10,1.360624074935913,
CV2 | nets=2 | frames=10,test,29,-0.1534844106106529,-10.351537704467772,2,2,10,1.624325156211853,
CV2 | nets=2 | frames=10,test,30,-0.3339993893646671,-9.550914764404297,2,2,10,1.497143268585205,
CV2 | nets=2 | frames=10,test,31,-0.2983576891176249,-9.562697410583496,2,2,10,1.509495735168457,
CV2 | nets=2 | frames=10,test,32,-0.0843642366678143,-6.81929874420166,2,2,10,1.0581337213516235,
CV2 | nets=2 | frames=10,test,33,-0.2273098506600647,-9.154288291931152,2,2,10,1.4282208681106567,
CV2 | nets=2 | frames=10,test,34,0.150316153738502,-3.776326894760132,2,2,10,0.5887680649757385,
CV2 | nets=2 | frames=10,test,35,-0.2691509251686252,-8.662028312683105,2,2,10,1.3610172271728516,
CV2 | nets=2 | frames=10,test,36,0.1269998279169667,-5.441158294677734,2,2,10,0.8458651304244995,
CV2 | nets=2 | frames=10,test,37,0.3220806426408416,-1.025588035583496,2,2,10,0.1625167429447174,
CV2 | nets=2 | frames=10,test,38,-0.3233661435786948,-9.765819549560549,2,2,10,1.5300283432006836,
CV2 | nets=2 | frames=10,test,39,-0.1666568671096066,-9.482743263244627,2,2,10,1.49675190448761,
CV2 | nets=2 | frames=10,test,40,-0.0608276768648222,-8.35763168334961,2,2,10,1.3128101825714111,
CV2 | nets=2 | frames=10,test,41,0.2821721893243829,-2.903074264526367,2,2,10,0.4595717191696167,
CV2 | nets=2 | frames=10,test,42,-0.0591450573123482,-10.17287254333496,2,2,10,1.6029289960861206,
CV2 | nets=2 | frames=10,test,43,-0.2523187814106471,-10.006373405456545,2,2,10,1.566449522972107,
CV2 | nets=2 | frames=10,test,44,0.2693791688852633,-3.969184160232544,2,2,10,0.6152096390724182,
CV2 | nets=2 | frames=10,test,45,-0.157111034083224,-8.141331672668457,2,2,10,1.2725342512130735,
CV2 | nets=2 | frames=10,test,46,0.1606833051492441,-5.410943508148193,2,2,10,0.8438212275505066,
CV2 | nets=2 | frames=10,test,47,0.172504695096772,-4.862400054931641,2,2,10,0.7590560913085938,
CV2 | nets=2 | frames=10,test,48,0.3873779088920612,-1.0639163255691528,2,2,10,0.1634588837623596,
CV2 | nets=2 | frames=10,test,49,-0.100209652453205,-8.173047065734863,2,2,10,1.2853182554244995,
CV2 | nets=2 | frames=10,test,50,0.1807945702326933,-5.022377967834473,2,2,10,0.7860005497932434,
CV2 | nets=2 | frames=10,test,51,-0.2190887259038099,-8.98333740234375,2,2,10,1.3997583389282229,
CV2 | nets=2 | frames=10,test,52,0.0386789596579197,-7.538270473480225,2,2,10,1.1936017274856567,
CV2 | nets=2 | frames=10,test,53,-0.1466400227827606,-8.121750831604004,2,2,10,1.2722275257110596,
CV2 | nets=2 | frames=10,test,54,-0.1466582167541242,-9.747161865234377,2,2,10,1.5357166528701782,
CV2 | nets=2 | frames=10,test,55,0.3543707109293127,-1.090294361114502,2,2,10,0.1694173067808151,
CV2 | nets=2 | frames=10,test,56,-0.2504451898786599,-9.405763626098633,2,2,10,1.4808839559555054,
CV2 | nets=2 | frames=10,test,57,-0.0803696162881754,-8.63315200805664,2,2,10,1.3680826425552368,
CV2 | nets=2 | frames=10,test,58,-0.1277120103792852,-8.938143730163574,2,2,10,1.39662766456604,
CV2 | nets=2 | frames=10,test,59,0.3812481697430855,-0.9759351015090942,2,2,10,0.1456360071897506,
CV2 | nets=2 | frames=10,test,60,-0.4003789014783009,-9.392966270446776,2,2,10,1.4726136922836304,
CV2 | nets=2 | frames=10,test,61,0.2511593493496609,-3.891582489013672,2,2,10,0.6035309433937073,
CV2 | nets=2 | frames=10,test,62,-0.1963377719651293,-10.453287124633787,2,2,10,1.6443870067596436,
CV2 | nets=2 | frames=10,test,63,0.2011468693729077,-4.903954029083252,2,2,10,0.7623561024665833,
CV2 | nets=2 | frames=10,test,64,0.1834175400503848,-6.05175256729126,2,2,10,0.9558767676353456,
CV2 | nets=2 | frames=10,test,65,0.1677718678598186,-6.481184959411621,2,2,10,1.0059473514556885,
CV2 | nets=2 | frames=10,test,66,0.2103549124683166,-2.451207637786865,2,2,10,0.382403552532196,
CV2 | nets=2 | frames=10,test,67,-0.2124182814927736,-9.829615592956545,2,2,10,1.5409963130950928,
CV2 | nets=2 | frames=10,test,68,0.2427422463907798,-3.6909029483795166,2,2,10,0.5714579820632935,
CV2 | nets=2 | frames=10,test,69,-0.198060037637249,-10.884334564208984,2,2,10,1.7161402702331543,
CV2 | nets=2 | frames=10,test,70,-0.3247762104239115,-10.44355583190918,2,2,10,1.6291483640670776,
CV2 | nets=2 | frames=10,test,71,-0.1773883670701692,-7.8897833824157715,2,2,10,1.23426616191864,
CV2 | nets=2 | frames=10,test,72,-0.2061780215112254,-8.252141952514648,2,2,10,1.295011281967163,
CV2 | nets=2 | frames=10,test,73,-0.1515654324056017,-10.57321548461914,2,2,10,1.6646143198013306,
CV2 | nets=2 | frames=10,test,74,-0.1319308250403395,-8.368485450744629,2,2,10,1.3074967861175537,
CV2 | nets=2 | frames=25,train,0,-0.0669511275618616,4.058007717132568,2,2,25,-2.737551689147949,
CV2 | nets=2 | frames=25,train,1,0.2410100211356636,-1.9869080781936648,2,2,25,-3.690810203552246,
CV2 | nets=2 | frames=25,test,0,0.1295779047889524,-0.7821617722511292,2,2,25,-3.5248279571533203,
CV2 | nets=2 | frames=25,test,1,-0.1623723264424866,5.9963250160217285,2,2,25,-2.706815719604492,
CV2 | nets=2 | frames=25,test,2,-0.123156073161201,2.87329363822937,2,2,25,-3.1090545654296875,
CV2 | nets=2 | frames=25,test,3,0.3453760393512503,-3.975908279418945,2,2,25,-3.7581982612609854,
CV2 | nets=2 | frames=25,test,4,-0.3979398483632574,5.1795525550842285,2,2,25,-2.776327133178711,
CV2 | nets=2 | frames=25,test,5,0.2126940386242633,-1.916213631629944,2,2,25,-3.524863719940185,
CV2 | nets=2 | frames=25,test,6,0.0950451355151094,1.371934413909912,2,2,25,-3.1386852264404297,
CV2 | nets=2 | frames=25,test,7,-0.0648093100969477,2.8521862030029297,2,2,25,-3.025210380554199,
CV2 | nets=2 | frames=25,test,8,-0.0036101382641459,1.5242358446121216,2,2,25,-3.1775364875793457,
CV2 | nets=2 | frames=25,test,9,0.2259070200709375,-2.6052942276000977,2,2,25,-3.7220101356506343,
CV2 | nets=2 | frames=25,test,10,-0.2448221358235529,5.3004350662231445,2,2,25,-2.7547593116760254,
CV2 | nets=2 | frames=25,test,11,-0.3251896560062025,4.073031425476074,2,2,25,-2.855902194976806,
CV2 | nets=2 | frames=25,test,12,0.1639582164351763,-2.451475143432617,2,2,25,-3.7567434310913086,
CV2 | nets=2 | frames=25,test,13,0.2767388091190165,-0.6764630675315857,2,2,25,-3.658795118331909,
CV2 | nets=2 | frames=25,test,14,0.2817123526652541,-2.6190340518951416,2,2,25,-3.806315898895264,
CV2 | nets=2 | frames=25,test,15,-0.1737797852877405,5.520905494689941,2,2,25,-2.793171167373657,
CV2 | nets=2 | frames=25,test,16,-0.5936111989220015,5.419558525085449,2,2,25,-2.5424253940582275,
CV2 | nets=2 | frames=25,test,17,0.2708167150760829,-1.8085012435913088,2,2,25,-3.64074182510376,
CV2 | nets=2 | frames=25,test,18,-0.0488976389824205,2.964715480804444,2,2,25,-2.970235824584961,
CV2 | nets=2 | frames=25,test,19,0.3374250403982374,-4.027738094329834,2,2,25,-4.005471706390381,
CV2 | nets=2 | frames=25,test,20,0.144219835421564,1.0591121912002563,2,2,25,-3.3190157413482666,
CV2 | nets=2 | frames=25,test,21,0.2238599590476573,-1.396915316581726,2,2,25,-3.6907455921173096,
CV2 | nets=2 | frames=25,test,22,-0.2110936628700718,5.7173285484313965,2,2,25,-2.8342785835266118,
CV2 | nets=2 | frames=25,test,23,-0.135107647284631,5.258310317993164,2,2,25,-2.8979671001434326,
CV2 | nets=2 | frames=25,test,24,-0.2879174109079594,5.500019550323486,2,2,25,-2.817408561706543,
CV2 | nets=2 | frames=25,test,25,-0.0869858031149348,5.150529861450195,2,2,25,-2.834395170211792,
CV2 | nets=2 | frames=25,test,26,0.0729596003150843,1.7226799726486206,2,2,25,-3.04611873626709,
CV2 | nets=2 | frames=25,test,27,-0.0473741087700227,5.885713577270508,2,2,25,-2.4815549850463867,
CV2 | nets=2 | frames=25,test,28,-0.1740479126403528,4.645218372344971,2,2,25,-3.1294939517974854,
CV2 | nets=2 | frames=25,test,29,-0.1534844106106529,6.231203079223633,2,2,25,-2.583807945251465,
CV2 | nets=2 | frames=25,test,30,-0.3339993893646671,5.341235160827637,2,2,25,-2.848837375640869,
CV2 | nets=2 | frames=25,test,31,-0.2983576891176249,5.3182783126831055,2,2,25,-2.738609313964844,
CV2 | nets=2 | frames=25,test,32,-0.0843642366678143,2.249466896057129,2,2,25,-3.109201192855835,
CV2 | nets=2 | frames=25,test,33,-0.2273098506600647,4.8876633644104,2,2,25,-2.744326114654541,
CV2 | nets=2 | frames=25,test,34,0.150316153738502,-1.005322813987732,2,2,25,-3.6035819053649902,
CV2 | nets=2 | frames=25,test,35,-0.2691509251686252,4.6269378662109375,2,2,25,-2.7632274627685547,
CV2 | nets=2 | frames=25,test,36,0.1269998279169667,0.9073631763458252,2,2,25,-3.340313673019409,
CV2 | nets=2 | frames=25,test,37,0.3220806426408416,-4.12796688079834,2,2,25,-3.963846445083618,
CV2 | nets=2 | frames=25,test,38,-0.3233661435786948,5.5355224609375,2,2,25,-2.624028205871582,
CV2 | nets=2 | frames=25,test,39,-0.1666568671096066,5.293973445892334,2,2,25,-2.7041168212890625,
CV2 | nets=2 | frames=25,test,40,-0.0608276768648222,4.124038219451904,2,2,25,-2.955220937728882,
CV2 | nets=2 | frames=25,test,41,0.2821721893243829,-1.97921621799469,2,2,25,-3.4380245208740234,
CV2 | nets=2 | frames=25,test,42,-0.0591450573123482,6.506417274475098,2,2,25,-2.667311191558838,
CV2 | nets=2 | frames=25,test,43,-0.2523187814106471,6.203752040863037,2,2,25,-2.670859813690185,
CV2 | nets=2 | frames=25,test,44,0.2693791688852633,-0.6789603233337402,2,2,25,-3.5517284870147705,
CV2 | nets=2 | frames=25,test,45,-0.157111034083224,3.675329208374024,2,2,25,-2.935211658477783,
CV2 | nets=2 | frames=25,test,46,0.1606833051492441,0.9281275272369384,2,2,25,-3.1405906677246094,
CV2 | nets=2 | frames=25,test,47,0.172504695096772,0.3857460618019104,2,2,25,-3.397792100906372,
CV2 | nets=2 | frames=25,test,48,0.3873779088920612,-4.033644199371338,2,2,25,-3.893048286437988,
CV2 | nets=2 | frames=25,test,49,-0.100209652453205,4.219879150390625,2,2,25,-2.900517463684082,
CV2 | nets=2 | frames=25,test,50,0.1807945702326933,0.2918788194656372,2,2,25,-3.360223293304444,
CV2 | nets=2 | frames=25,test,51,-0.2190887259038099,4.834175109863281,2,2,25,-2.9850869178771973,
CV2 | nets=2 | frames=25,test,52,0.0386789596579197,3.1758387088775635,2,2,25,-2.838632583618164,
CV2 | nets=2 | frames=25,test,53,-0.1466400227827606,3.733560800552368,2,2,25,-2.8907272815704346,
CV2 | nets=2 | frames=25,test,54,-0.1466582167541242,5.768706798553467,2,2,25,-2.4970390796661377,
CV2 | nets=2 | frames=25,test,55,0.3543707109293127,-3.9644274711608887,2,2,25,-3.889346122741699,
CV2 | nets=2 | frames=25,test,56,-0.2504451898786599,5.037446975708008,2,2,25,-2.686719417572021,
CV2 | nets=2 | frames=25,test,57,-0.0803696162881754,4.3716559410095215,2,2,25,-2.5991692543029785,
CV2 | nets=2 | frames=25,test,58,-0.1277120103792852,4.782352924346924,2,2,25,-2.9099907875061035,
CV2 | nets=2 | frames=25,test,59,0.3812481697430855,-4.252196311950684,2,2,25,-4.041449546813965,
CV2 | nets=2 | frames=25,test,60,-0.4003789014783009,5.230721473693848,2,2,25,-2.6769635677337646,
CV2 | nets=2 | frames=25,test,61,0.2511593493496609,-0.6223498582839966,2,2,25,-3.683663845062256,
CV2 | nets=2 | frames=25,test,62,-0.1963377719651293,6.0844550132751465,2,2,25,-2.47524356842041,
CV2 | nets=2 | frames=25,test,63,0.2011468693729077,0.3616649210453033,2,2,25,-3.358331680297852,
CV2 | nets=2 | frames=25,test,64,0.1834175400503848,1.6383767127990725,2,2,25,-2.973727226257324,
CV2 | nets=2 | frames=25,test,65,0.1677718678598186,2.1038191318511963,2,2,25,-3.301046848297119,
CV2 | nets=2 | frames=25,test,66,0.2103549124683166,-2.481447219848633,2,2,25,-3.6936898231506343,
CV2 | nets=2 | frames=25,test,67,-0.2124182814927736,5.670987129211426,2,2,25,-2.703871250152588,
CV2 | nets=2 | frames=25,test,68,0.2427422463907798,-0.9951084852218628,2,2,25,-3.613226413726807,
CV2 | nets=2 | frames=25,test,69,-0.198060037637249,6.921920299530029,2,2,25,-2.452622652053833,
CV2 | nets=2 | frames=25,test,70,-0.3247762104239115,6.343005180358887,2,2,25,-2.539785623550415,
CV2 | nets=2 | frames=25,test,71,-0.1773883670701692,3.4497666358947754,2,2,25,-3.0011966228485107,
CV2 | nets=2 | frames=25,test,72,-0.2061780215112254,4.132053852081299,2,2,25,-2.758979320526123,
CV2 | nets=2 | frames=25,test,73,-0.1515654324056017,6.253543853759766,2,2,25,-2.340003490447998,
CV2 | nets=2 | frames=25,test,74,-0.1319308250403395,3.947876214981079,2,2,25,-2.903947591781616,
CV2 | nets=2 | frames=50,train,0,-0.0669511275618616,-5.0198516845703125,2,2,50,-7.160438060760498,
CV2 | nets=2 | frames=50,train,1,0.2410100211356636,-4.494068145751953,2,2,50,1.3542683124542236,
CV2 | nets=2 | frames=50,test,0,0.1295779047889524,-4.559032917022705,2,2,50,-0.5698305368423462,
CV2 | nets=2 | frames=50,test,1,-0.1623723264424866,-5.40771484375,2,2,50,-9.899384498596191,
CV2 | nets=2 | frames=50,test,2,-0.123156073161201,-5.051892757415772,2,2,50,-5.7166948318481445,
CV2 | nets=2 | frames=50,test,3,0.3453760393512503,-4.139233589172363,2,2,50,3.824007511138916,
CV2 | nets=2 | frames=50,test,4,-0.3979398483632574,-5.322454452514648,2,2,50,-8.647147178649902,
CV2 | nets=2 | frames=50,test,5,0.2126940386242633,-4.311237335205078,2,2,50,1.1795611381530762,
CV2 | nets=2 | frames=50,test,6,0.0950451355151094,-4.730909824371338,2,2,50,-3.3941810131073,
CV2 | nets=2 | frames=50,test,7,-0.0648093100969477,-5.007394790649414,2,2,50,-5.3835883140563965,
CV2 | nets=2 | frames=50,test,8,-0.0036101382641459,-4.835791110992432,2,2,50,-3.7564384937286377,
CV2 | nets=2 | frames=50,test,9,0.2259070200709375,-4.311869144439697,2,2,50,2.010565757751465,
CV2 | nets=2 | frames=50,test,10,-0.2448221358235529,-5.330813407897949,2,2,50,-9.236906051635742,
CV2 | nets=2 | frames=50,test,11,-0.3251896560062025,-5.094442844390869,2,2,50,-7.493031024932861,
CV2 | nets=2 | frames=50,test,12,0.1639582164351763,-4.418460845947266,2,2,50,1.9268338680267332,
CV2 | nets=2 | frames=50,test,13,0.2767388091190165,-4.689039707183838,2,2,50,-0.1456316113471985,
CV2 | nets=2 | frames=50,test,14,0.2817123526652541,-4.380205154418945,2,2,50,2.1209940910339355,
CV2 | nets=2 | frames=50,test,15,-0.1737797852877405,-5.383100509643555,2,2,50,-9.042418479919434,
CV2 | nets=2 | frames=50,test,16,-0.5936111989220015,-5.18191385269165,2,2,50,-9.35107135772705,
CV2 | nets=2 | frames=50,test,17,0.2708167150760829,-4.488402366638184,2,2,50,1.4121004343032837,
CV2 | nets=2 | frames=50,test,18,-0.0488976389824205,-4.962338447570801,2,2,50,-5.595187664031982,
CV2 | nets=2 | frames=50,test,19,0.3374250403982374,-4.2465925216674805,2,2,50,4.212970733642578,
CV2 | nets=2 | frames=50,test,20,0.144219835421564,-4.772364616394043,2,2,50,-2.5919110774993896,
CV2 | nets=2 | frames=50,test,21,0.2238599590476573,-4.560257434844971,2,2,50,0.7349463701248169,
CV2 | nets=2 | frames=50,test,22,-0.2110936628700718,-5.445680618286133,2,2,50,-9.299470901489258,
CV2 | nets=2 | frames=50,test,23,-0.135107647284631,-5.389663696289063,2,2,50,-8.464279174804688,
CV2 | nets=2 | frames=50,test,24,-0.2879174109079594,-5.389571189880371,2,2,50,-8.747591018676758,
CV2 | nets=2 | frames=50,test,25,-0.0869858031149348,-5.240409851074219,2,2,50,-8.192411422729492,
CV2 | nets=2 | frames=50,test,26,0.0729596003150843,-4.7077317237854,2,2,50,-3.98970627784729,
CV2 | nets=2 | frames=50,test,27,-0.0473741087700227,-5.162957668304443,2,2,50,-9.757163047790527,
CV2 | nets=2 | frames=50,test,28,-0.1740479126403528,-5.474030494689941,2,2,50,-7.697906017303467,
CV2 | nets=2 | frames=50,test,29,-0.1534844106106529,-5.404107093811035,2,2,50,-10.343304634094238,
CV2 | nets=2 | frames=50,test,30,-0.3339993893646671,-5.39293384552002,2,2,50,-8.854220390319824,
CV2 | nets=2 | frames=50,test,31,-0.2983576891176249,-5.272124767303467,2,2,50,-9.145257949829102,
CV2 | nets=2 | frames=50,test,32,-0.0843642366678143,-4.803861141204834,2,2,50,-4.631311416625977,
CV2 | nets=2 | frames=50,test,33,-0.2273098506600647,-5.1454854011535645,2,2,50,-8.398213386535645,
CV2 | nets=2 | frames=50,test,34,0.150316153738502,-4.6185407638549805,2,2,50,0.0405093543231487,
CV2 | nets=2 | frames=50,test,35,-0.2691509251686252,-5.218250274658203,2,2,50,-7.7363505363464355,
CV2 | nets=2 | frames=50,test,36,0.1269998279169667,-4.766357421875,2,2,50,-2.608829498291016,
CV2 | nets=2 | frames=50,test,37,0.3220806426408416,-4.29530668258667,2,2,50,4.078568935394287,
CV2 | nets=2 | frames=50,test,38,-0.3233661435786948,-5.234633445739746,2,2,50,-9.384795188903809,
CV2 | nets=2 | frames=50,test,39,-0.1666568671096066,-5.271174430847168,2,2,50,-9.0364990234375,
CV2 | nets=2 | frames=50,test,40,-0.0608276768648222,-5.1941680908203125,2,2,50,-7.160085678100586,
CV2 | nets=2 | frames=50,test,41,0.2821721893243829,-4.290286064147949,2,2,50,1.2924453020095823,
CV2 | nets=2 | frames=50,test,42,-0.0591450573123482,-5.537190914154053,2,2,50,-10.15504264831543,
CV2 | nets=2 | frames=50,test,43,-0.2523187814106471,-5.463665962219238,2,2,50,-9.936402320861816,
CV2 | nets=2 | frames=50,test,44,0.2693791688852633,-4.610901832580566,2,2,50,-0.270653635263443,
CV2 | nets=2 | frames=50,test,45,-0.157111034083224,-4.980659484863281,2,2,50,-6.645082473754883,
CV2 | nets=2 | frames=50,test,46,0.1606833051492441,-4.601173400878906,2,2,50,-2.6142289638519287,
CV2 | nets=2 | frames=50,test,47,0.172504695096772,-4.802060127258301,2,2,50,-1.7546476125717163,
CV2 | nets=2 | frames=50,test,48,0.3873779088920612,-4.202858924865723,2,2,50,4.07954216003418,
CV2 | nets=2 | frames=50,test,49,-0.100209652453205,-5.239951133728027,2,2,50,-7.008837699890137,
CV2 | nets=2 | frames=50,test,50,0.1807945702326933,-4.668886661529541,2,2,50,-1.9086720943450928,
CV2 | nets=2 | frames=50,test,51,-0.2190887259038099,-5.299698352813721,2,2,50,-8.04344654083252,
CV2 | nets=2 | frames=50,test,52,0.0386789596579197,-4.953404903411865,2,2,50,-6.114907264709473,
CV2 | nets=2 | frames=50,test,53,-0.1466400227827606,-5.048916816711426,2,2,50,-7.018636703491211,
CV2 | nets=2 | frames=50,test,54,-0.1466582167541242,-5.221090316772461,2,2,50,-9.539790153503418,
CV2 | nets=2 | frames=50,test,55,0.3543707109293127,-4.192224502563477,2,2,50,3.9578545093536377,
CV2 | nets=2 | frames=50,test,56,-0.2504451898786599,-5.273667812347412,2,2,50,-8.8100004196167,
CV2 | nets=2 | frames=50,test,57,-0.0803696162881754,-5.0052690505981445,2,2,50,-7.664977073669434,
CV2 | nets=2 | frames=50,test,58,-0.1277120103792852,-5.275367736816406,2,2,50,-8.051542282104492,
CV2 | nets=2 | frames=50,test,59,0.3812481697430855,-4.2702155113220215,2,2,50,4.403488159179688,
CV2 | nets=2 | frames=50,test,60,-0.4003789014783009,-5.25654935836792,2,2,50,-8.843214988708496,
CV2 | nets=2 | frames=50,test,61,0.2511593493496609,-4.710968494415283,2,2,50,-0.1524556577205658,
CV2 | nets=2 | frames=50,test,62,-0.1963377719651293,-5.281134605407715,2,2,50,-10.277542114257812,
CV2 | nets=2 | frames=50,test,63,0.2011468693729077,-4.669609546661377,2,2,50,-1.8129345178604128,
CV2 | nets=2 | frames=50,test,64,0.1834175400503848,-4.719048023223877,2,2,50,-3.719927072525024,
CV2 | nets=2 | frames=50,test,65,0.1677718678598186,-4.956590175628662,2,2,50,-4.130016326904297,
CV2 | nets=2 | frames=50,test,66,0.2103549124683166,-4.391473770141602,2,2,50,1.8591814041137693,
CV2 | nets=2 | frames=50,test,67,-0.2124182814927736,-5.369466781616211,2,2,50,-9.522217750549316,
CV2 | nets=2 | frames=50,test,68,0.2427422463907798,-4.554716110229492,2,2,50,0.1330739706754684,
CV2 | nets=2 | frames=50,test,69,-0.198060037637249,-5.426022529602051,2,2,50,-11.300222396850586,
CV2 | nets=2 | frames=50,test,70,-0.3247762104239115,-5.208826541900635,2,2,50,-10.322111129760742,
CV2 | nets=2 | frames=50,test,71,-0.1773883670701692,-5.040360450744629,2,2,50,-6.543488025665283,
CV2 | nets=2 | frames=50,test,72,-0.2061780215112254,-5.061446189880371,2,2,50,-7.19785213470459,
CV2 | nets=2 | frames=50,test,73,-0.1515654324056017,-5.209122657775879,2,2,50,-10.746208190917969,
CV2 | nets=2 | frames=50,test,74,-0.1319308250403395,-5.051112651824951,2,2,50,-7.200319766998291,
CV2 | nets=2 | frames=100,train,0,-0.0669511275618616,-4.054769992828369,2,2,100,6.497880458831787,
CV2 | nets=2 | frames=100,train,1,0.2410100211356636,3.07173228263855,2,2,100,3.648707628250122,
CV2 | nets=2 | frames=100,test,0,0.1295779047889524,1.508133053779602,2,2,100,4.168435096740723,
CV2 | nets=2 | frames=100,test,1,-0.1623723264424866,-6.369693756103516,2,2,100,7.485777378082275,
CV2 | nets=2 | frames=100,test,2,-0.123156073161201,-2.9126546382904053,2,2,100,6.0190863609313965,
CV2 | nets=2 | frames=100,test,3,0.3453760393512503,5.408137321472168,2,2,100,2.515302419662476,
CV2 | nets=2 | frames=100,test,4,-0.3979398483632574,-5.111578464508057,2,2,100,7.088436603546143,
CV2 | nets=2 | frames=100,test,5,0.2126940386242633,2.9033923149108887,2,2,100,3.546116828918457,
CV2 | nets=2 | frames=100,test,6,0.0950451355151094,-0.9272260069847108,2,2,100,5.176174640655518,
CV2 | nets=2 | frames=100,test,7,-0.0648093100969477,-2.808293581008911,2,2,100,5.9501495361328125,
CV2 | nets=2 | frames=100,test,8,-0.0036101382641459,-1.1482291221618652,2,2,100,5.246857643127441,
CV2 | nets=2 | frames=100,test,9,0.2259070200709375,3.5347282886505127,2,2,100,3.3394813537597656,
CV2 | nets=2 | frames=100,test,10,-0.2448221358235529,-5.652801990509033,2,2,100,7.243432521820068,
CV2 | nets=2 | frames=100,test,11,-0.3251896560062025,-4.33621072769165,2,2,100,6.670208930969238,
CV2 | nets=2 | frames=100,test,12,0.1639582164351763,3.738338232040405,2,2,100,3.341838359832764,
CV2 | nets=2 | frames=100,test,13,0.2767388091190165,1.6953413486480713,2,2,100,4.285481929779053,
CV2 | nets=2 | frames=100,test,14,0.2817123526652541,3.577208995819092,2,2,100,3.3392438888549805,
CV2 | nets=2 | frames=100,test,15,-0.1737797852877405,-5.655410289764404,2,2,100,7.266363620758057,
CV2 | nets=2 | frames=100,test,16,-0.5936111989220015,-5.99525260925293,2,2,100,7.042438983917236,
CV2 | nets=2 | frames=100,test,17,0.2708167150760829,3.193168878555298,2,2,100,3.6804721355438232,
CV2 | nets=2 | frames=100,test,18,-0.0488976389824205,-2.647674083709717,2,2,100,5.961583137512207,
CV2 | nets=2 | frames=100,test,19,0.3374250403982374,5.325189113616943,2,2,100,2.6467947959899902,
CV2 | nets=2 | frames=100,test,20,0.144219835421564,-0.2663445174694061,2,2,100,5.022388935089111,
CV2 | nets=2 | frames=100,test,21,0.2238599590476573,2.5482778549194336,2,2,100,3.871649265289306,
CV2 | nets=2 | frames=100,test,22,-0.2110936628700718,-5.90847110748291,2,2,100,7.427674770355225,
CV2 | nets=2 | frames=100,test,23,-0.135107647284631,-5.175844192504883,2,2,100,7.166969299316406,
CV2 | nets=2 | frames=100,test,24,-0.2879174109079594,-5.359351634979248,2,2,100,7.256686687469482,
CV2 | nets=2 | frames=100,test,25,-0.0869858031149348,-5.112618446350098,2,2,100,7.129263401031494,
CV2 | nets=2 | frames=100,test,26,0.0729596003150843,-1.429978609085083,2,2,100,5.4128899574279785,
CV2 | nets=2 | frames=100,test,27,-0.0473741087700227,-6.247798919677734,2,2,100,7.425015926361084,
CV2 | nets=2 | frames=100,test,28,-0.1740479126403528,-4.568629264831543,2,2,100,6.957819938659668,
CV2 | nets=2 | frames=100,test,29,-0.1534844106106529,-6.762101650238037,2,2,100,7.640551567077637,
CV2 | nets=2 | frames=100,test,30,-0.3339993893646671,-5.329763412475586,2,2,100,7.277370929718018,
CV2 | nets=2 | frames=100,test,31,-0.2983576891176249,-5.415468215942383,2,2,100,7.116488933563232,
CV2 | nets=2 | frames=100,test,32,-0.0843642366678143,-2.1835641860961914,2,2,100,5.738259792327881,
CV2 | nets=2 | frames=100,test,33,-0.2273098506600647,-5.290474891662598,2,2,100,6.998230457305908,
CV2 | nets=2 | frames=100,test,34,0.150316153738502,1.9793486595153809,2,2,100,4.138049602508545,
CV2 | nets=2 | frames=100,test,35,-0.2691509251686252,-4.550790309906006,2,2,100,6.763819694519043,
CV2 | nets=2 | frames=100,test,36,0.1269998279169667,-0.4133608937263489,2,2,100,5.035048484802246,
CV2 | nets=2 | frames=100,test,37,0.3220806426408416,5.729952812194824,2,2,100,2.5157203674316406,
CV2 | nets=2 | frames=100,test,38,-0.3233661435786948,-5.870134353637695,2,2,100,7.27597188949585,
CV2 | nets=2 | frames=100,test,39,-0.1666568671096066,-5.39820671081543,2,2,100,7.106991291046143,
CV2 | nets=2 | frames=100,test,40,-0.0608276768648222,-3.966798782348633,2,2,100,6.596482276916504,
CV2 | nets=2 | frames=100,test,41,0.2821721893243829,2.945546865463257,2,2,100,3.5463287830352783,
CV2 | nets=2 | frames=100,test,42,-0.0591450573123482,-6.425374507904053,2,2,100,7.63192081451416,
CV2 | nets=2 | frames=100,test,43,-0.2523187814106471,-6.568949222564697,2,2,100,7.540883541107178,
CV2 | nets=2 | frames=100,test,44,0.2693791688852633,1.4548442363739014,2,2,100,4.29716682434082,
CV2 | nets=2 | frames=100,test,45,-0.157111034083224,-3.677710056304932,2,2,100,6.4287109375,
CV2 | nets=2 | frames=100,test,46,0.1606833051492441,-0.5229589343070984,2,2,100,4.971385478973389,
CV2 | nets=2 | frames=100,test,47,0.172504695096772,0.4390975534915924,2,2,100,4.774287223815918,
CV2 | nets=2 | frames=100,test,48,0.3873779088920612,5.46461296081543,2,2,100,2.565065383911133,
CV2 | nets=2 | frames=100,test,49,-0.100209652453205,-3.845842123031616,2,2,100,6.531200885772705,
CV2 | nets=2 | frames=100,test,50,0.1807945702326933,0.2892306745052337,2,2,100,4.766057014465332,
CV2 | nets=2 | frames=100,test,51,-0.2190887259038099,-4.931527614593506,2,2,100,7.003564834594727,
CV2 | nets=2 | frames=100,test,52,0.0386789596579197,-2.9923319816589355,2,2,100,6.012409687042236,
CV2 | nets=2 | frames=100,test,53,-0.1466400227827606,-3.8980579376220703,2,2,100,6.337301731109619,
CV2 | nets=2 | frames=100,test,54,-0.1466582167541242,-5.917932033538818,2,2,100,7.226431369781494,
CV2 | nets=2 | frames=100,test,55,0.3543707109293127,5.287655830383301,2,2,100,2.56269645690918,
CV2 | nets=2 | frames=100,test,56,-0.2504451898786599,-5.041627883911133,2,2,100,7.031667709350586,
CV2 | nets=2 | frames=100,test,57,-0.0803696162881754,-4.324440002441406,2,2,100,6.605981826782227,
CV2 | nets=2 | frames=100,test,58,-0.1277120103792852,-4.901366710662842,2,2,100,6.943104267120361,
CV2 | nets=2 | frames=100,test,59,0.3812481697430855,5.793623924255371,2,2,100,2.568251848220825,
CV2 | nets=2 | frames=100,test,60,-0.4003789014783009,-5.476564407348633,2,2,100,7.122151851654053,
CV2 | nets=2 | frames=100,test,61,0.2511593493496609,1.6028714179992676,2,2,100,4.3132429122924805,
CV2 | nets=2 | frames=100,test,62,-0.1963377719651293,-6.510931491851807,2,2,100,7.617699146270752,
CV2 | nets=2 | frames=100,test,63,0.2011468693729077,0.2042173743247985,2,2,100,4.746893405914307,
CV2 | nets=2 | frames=100,test,64,0.1834175400503848,-1.230644464492798,2,2,100,5.274868965148926,
CV2 | nets=2 | frames=100,test,65,0.1677718678598186,-1.8451695442199707,2,2,100,5.698622226715088,
CV2 | nets=2 | frames=100,test,66,0.2103549124683166,3.589842796325684,2,2,100,3.3167614936828613,
CV2 | nets=2 | frames=100,test,67,-0.2124182814927736,-6.010522842407227,2,2,100,7.364206314086914,
CV2 | nets=2 | frames=100,test,68,0.2427422463907798,1.9126360416412356,2,2,100,4.0975847244262695,
CV2 | nets=2 | frames=100,test,69,-0.198060037637249,-7.455881118774414,2,2,100,7.878860950469971,
CV2 | nets=2 | frames=100,test,70,-0.3247762104239115,-7.137906074523926,2,2,100,7.706461429595947,
CV2 | nets=2 | frames=100,test,71,-0.1773883670701692,-3.588808536529541,2,2,100,6.246771812438965,
CV2 | nets=2 | frames=100,test,72,-0.2061780215112254,-4.072690963745117,2,2,100,6.446078777313232,
CV2 | nets=2 | frames=100,test,73,-0.1515654324056017,-6.947531700134277,2,2,100,7.570262432098389,
CV2 | nets=2 | frames=100,test,74,-0.1319308250403395,-4.248752593994141,2,2,100,6.547760486602783,
CV2 | nets=4 | frames=2,train,0,-0.0669511275618616,-1.5317736864089966,2,4,2,-1.7813714742660522,
CV2 | nets=4 | frames=2,train,1,0.2410100211356636,-1.6414315700531006,2,4,2,-1.8231157064437864,
CV2 | nets=4 | frames=2,train,2,-0.0337183800006596,-1.5562716722488403,2,4,2,-1.7922873497009275,
CV2 | nets=4 | frames=2,train,3,-0.0707599670319939,-1.582532286643982,2,4,2,-1.8133374452590945,
CV2 | nets=4 | frames=2,test,0,-0.123156073161201,-1.5499085187911987,2,4,2,-1.7919583320617676,
CV2 | nets=4 | frames=2,test,1,0.3453760393512503,-1.6412380933761597,2,4,2,-1.7946642637252808,
CV2 | nets=4 | frames=2,test,2,-0.3979398483632574,-1.5394178628921509,2,4,2,-1.8010448217391968,
CV2 | nets=4 | frames=2,test,3,0.2126940386242633,-1.5983140468597412,2,4,2,-1.7715473175048828,
CV2 | nets=4 | frames=2,test,4,0.0950451355151094,-1.5654288530349731,2,4,2,-1.787928581237793,
CV2 | nets=4 | frames=2,test,5,-0.0648093100969477,-1.5552548170089722,2,4,2,-1.7967815399169922,
CV2 | nets=4 | frames=2,test,6,-0.0036101382641459,-1.5675841569900513,2,4,2,-1.795819640159607,
CV2 | nets=4 | frames=2,test,7,0.2259070200709375,-1.6246885061264038,2,4,2,-1.7963794469833374,
CV2 | nets=4 | frames=2,test,8,-0.2448221358235529,-1.540927171707153,2,4,2,-1.804124355316162,
CV2 | nets=4 | frames=2,test,9,-0.3251896560062025,-1.5403741598129272,2,4,2,-1.7883944511413574,
CV2 | nets=4 | frames=2,test,10,0.1639582164351763,-1.6292779445648191,2,4,2,-1.7975605726242063,
CV2 | nets=4 | frames=2,test,11,0.2767388091190165,-1.598288655281067,2,4,2,-1.79967200756073,
CV2 | nets=4 | frames=2,test,12,0.2817123526652541,-1.6194560527801514,2,4,2,-1.794239163398743,
CV2 | nets=4 | frames=2,test,13,-0.1737797852877405,-1.5280063152313232,2,4,2,-1.8044298887252808,
CV2 | nets=4 | frames=2,test,14,-0.5936111989220015,-1.4888712167739868,2,4,2,-1.7553702592849731,
CV2 | nets=4 | frames=2,test,15,0.2708167150760829,-1.6167573928833008,2,4,2,-1.796159029006958,
CV2 | nets=4 | frames=2,test,16,-0.0488976389824205,-1.5449918508529663,2,4,2,-1.77861487865448,
CV2 | nets=4 | frames=2,test,17,0.3374250403982374,-1.6402233839035034,2,4,2,-1.7968040704727173,
CV2 | nets=4 | frames=2,test,18,0.144219835421564,-1.552785038948059,2,4,2,-1.7635682821273804,
CV2 | nets=4 | frames=2,test,19,0.2238599590476573,-1.6120892763137815,2,4,2,-1.7986347675323486,
CV2 | nets=4 | frames=2,test,20,-0.2110936628700718,-1.5301754474639893,2,4,2,-1.8007915019989014,
CV2 | nets=4 | frames=2,test,21,-0.135107647284631,-1.534885048866272,2,4,2,-1.8016090393066408,
CV2 | nets=4 | frames=2,test,22,-0.2879174109079594,-1.524279236793518,2,4,2,-1.7893850803375244,
CV2 | nets=4 | frames=2,test,23,-0.0869858031149348,-1.5101372003555298,2,4,2,-1.7765933275222778,
CV2 | nets=4 | frames=2,test,24,0.0729596003150843,-1.558443903923035,2,4,2,-1.781211495399475,
CV2 | nets=4 | frames=2,test,25,-0.0473741087700227,-1.5011968612670898,2,4,2,-1.7798537015914917,
CV2 | nets=4 | frames=2,test,26,-0.1740479126403528,-1.5618151426315308,2,4,2,-1.8197306394577024,
CV2 | nets=4 | frames=2,test,27,-0.1534844106106529,-1.5305300951004028,2,4,2,-1.815773844718933,
CV2 | nets=4 | frames=2,test,28,-0.3339993893646671,-1.5431251525878906,2,4,2,-1.8054972887039185,
CV2 | nets=4 | frames=2,test,29,-0.2983576891176249,-1.5118391513824463,2,4,2,-1.780630111694336,
CV2 | nets=4 | frames=2,test,30,-0.0843642366678143,-1.541162371635437,2,4,2,-1.767122745513916,
CV2 | nets=4 | frames=2,test,31,-0.2273098506600647,-1.508838772773743,2,4,2,-1.7660651206970217,
CV2 | nets=4 | frames=2,test,32,0.150316153738502,-1.6171437501907349,2,4,2,-1.8094909191131592,
CV2 | nets=4 | frames=2,test,33,-0.2691509251686252,-1.527827501296997,2,4,2,-1.785880446434021,
CV2 | nets=4 | frames=2,test,34,0.1269998279169667,-1.5807781219482422,2,4,2,-1.7977759838104248,
CV2 | nets=4 | frames=2,test,35,0.3220806426408416,-1.6701486110687256,2,4,2,-1.819979548454285,
CV2 | nets=4 | frames=2,test,36,-0.3233661435786948,-1.5309405326843262,2,4,2,-1.7978638410568235,
CV2 | nets=4 | frames=2,test,37,-0.1666568671096066,-1.5319024324417114,2,4,2,-1.803107500076294,
CV2 | nets=4 | frames=2,test,38,-0.0608276768648222,-1.5425432920455933,2,4,2,-1.7997664213180542,
CV2 | nets=4 | frames=2,test,39,0.2821721893243829,-1.6039682626724243,2,4,2,-1.789561748504639,
CV2 | nets=4 | frames=2,test,40,-0.0591450573123482,-1.5158785581588743,2,4,2,-1.8006513118743896,
CV2 | nets=4 | frames=2,test,41,-0.2523187814106471,-1.509759783744812,2,4,2,-1.7963773012161257,
CV2 | nets=4 | frames=2,test,42,0.2693791688852633,-1.596256136894226,2,4,2,-1.7983447313308716,
CV2 | nets=4 | frames=2,test,43,-0.157111034083224,-1.5194833278656006,2,4,2,-1.758599877357483,
CV2 | nets=4 | frames=2,test,44,0.1606833051492441,-1.5542064905166626,2,4,2,-1.7691665887832642,
CV2 | nets=4 | frames=2,test,45,0.172504695096772,-1.6210840940475464,2,4,2,-1.8338918685913088,
CV2 | nets=4 | frames=2,test,46,0.3873779088920612,-1.6572670936584473,2,4,2,-1.8104568719863887,
CV2 | nets=4 | frames=2,test,47,-0.100209652453205,-1.5389645099639893,2,4,2,-1.7959778308868408,
CV2 | nets=4 | frames=2,test,48,0.1807945702326933,-1.5958807468414309,2,4,2,-1.806055784225464,
CV2 | nets=4 | frames=2,test,49,-0.2190887259038099,-1.5291399955749512,2,4,2,-1.791102170944214,
CV2 | nets=4 | frames=2,test,50,0.0386789596579197,-1.5517199039459229,2,4,2,-1.7999308109283447,
CV2 | nets=4 | frames=2,test,51,-0.1466400227827606,-1.5273350477218628,2,4,2,-1.7766897678375244,
CV2 | nets=4 | frames=2,test,52,-0.1466582167541242,-1.501817226409912,2,4,2,-1.772459864616394,
CV2 | nets=4 | frames=2,test,53,0.3543707109293127,-1.6216856241226196,2,4,2,-1.778086543083191,
CV2 | nets=4 | frames=2,test,54,-0.2504451898786599,-1.5574474334716797,2,4,2,-1.8125038146972656,
CV2 | nets=4 | frames=2,test,55,-0.0803696162881754,-1.530390739440918,2,4,2,-1.7916538715362549,
CV2 | nets=4 | frames=2,test,56,-0.1277120103792852,-1.530464768409729,2,4,2,-1.7933083772659302,
CV2 | nets=4 | frames=2,test,57,0.3812481697430855,-1.668678879737854,2,4,2,-1.8149633407592771,
CV2 | nets=4 | frames=2,test,58,-0.4003789014783009,-1.5312567949295044,2,4,2,-1.7983393669128418,
CV2 | nets=4 | frames=2,test,59,0.2511593493496609,-1.5905280113220217,2,4,2,-1.793939471244812,
CV2 | nets=4 | frames=2,test,60,-0.1963377719651293,-1.539382815361023,2,4,2,-1.8091320991516116,
CV2 | nets=4 | frames=2,test,61,0.2011468693729077,-1.5789954662322998,2,4,2,-1.79124653339386,
CV2 | nets=4 | frames=2,test,62,0.1834175400503848,-1.56554913520813,2,4,2,-1.7977043390274048,
CV2 | nets=4 | frames=2,test,63,0.1677718678598186,-1.5668505430221558,2,4,2,-1.803761601448059,
CV2 | nets=4 | frames=2,test,64,0.2103549124683166,-1.6326115131378174,2,4,2,-1.8069396018981931,
CV2 | nets=4 | frames=2,test,65,-0.2124182814927736,-1.5282632112503052,2,4,2,-1.8024569749832156,
CV2 | nets=4 | frames=2,test,66,0.2427422463907798,-1.6004801988601685,2,4,2,-1.7924014329910278,
CV2 | nets=4 | frames=2,test,67,-0.198060037637249,-1.4976104497909546,2,4,2,-1.7898043394088743,
CV2 | nets=4 | frames=2,test,68,-0.3247762104239115,-1.4608291387557983,2,4,2,-1.7380143404006958,
CV2 | nets=4 | frames=2,test,69,-0.1773883670701692,-1.512891173362732,2,4,2,-1.7576773166656494,
CV2 | nets=4 | frames=2,test,70,-0.2061780215112254,-1.511530518531799,2,4,2,-1.7560416460037231,
CV2 | nets=4 | frames=2,test,71,-0.1515654324056017,-1.5012797117233276,2,4,2,-1.7761567831039429,
CV2 | nets=4 | frames=2,test,72,-0.1319308250403395,-1.530429720878601,2,4,2,-1.7857303619384766,
CV2 | nets=4 | frames=5,train,0,-0.0669511275618616,-3.277307510375977,2,4,5,-5.191763401031494,
CV2 | nets=4 | frames=5,train,1,0.2410100211356636,-0.9772424697875975,2,4,5,-1.663434982299805,
CV2 | nets=4 | frames=5,train,2,-0.0337183800006596,-2.677001953125,2,4,5,-4.279716968536377,
CV2 | nets=4 | frames=5,train,3,-0.0707599670319939,-2.807537078857422,2,4,5,-4.475478649139404,
CV2 | nets=4 | frames=5,test,0,-0.123156073161201,-2.803182363510132,2,4,5,-4.49631929397583,
CV2 | nets=4 | frames=5,test,1,0.3453760393512503,-0.1264605820178985,2,4,5,-0.368787407875061,
CV2 | nets=4 | frames=5,test,2,-0.3979398483632574,-3.663604259490967,2,4,5,-5.779447555541992,
CV2 | nets=4 | frames=5,test,3,0.2126940386242633,-0.9647984504699708,2,4,5,-1.6348700523376465,
CV2 | nets=4 | frames=5,test,4,0.0950451355151094,-2.266181230545044,2,4,5,-3.647250652313232,
CV2 | nets=4 | frames=5,test,5,-0.0648093100969477,-2.7536306381225586,2,4,5,-4.400486469268799,
CV2 | nets=4 | frames=5,test,6,-0.0036101382641459,-2.270684003829956,2,4,5,-3.669679880142212,
CV2 | nets=4 | frames=5,test,7,0.2259070200709375,-0.7395888566970825,2,4,5,-1.2956193685531616,
CV2 | nets=4 | frames=5,test,8,-0.2448221358235529,-3.7090909481048575,2,4,5,-5.864523410797119,
CV2 | nets=4 | frames=5,test,9,-0.3251896560062025,-3.2638771533966064,2,4,5,-5.1695237159729,
CV2 | nets=4 | frames=5,test,10,0.1639582164351763,-0.7869482040405273,2,4,5,-1.375260353088379,
CV2 | nets=4 | frames=5,test,11,0.2767388091190165,-1.609202861785889,2,4,5,-2.653806209564209,
CV2 | nets=4 | frames=5,test,12,0.2817123526652541,-0.7493171095848083,2,4,5,-1.3216772079467771,
CV2 | nets=4 | frames=5,test,13,-0.1737797852877405,-3.882715940475464,2,4,5,-6.145798683166504,
CV2 | nets=4 | frames=5,test,14,-0.5936111989220015,-3.552541971206665,2,4,5,-5.619598865509033,
CV2 | nets=4 | frames=5,test,15,0.2708167150760829,-1.1719313859939575,2,4,5,-1.976808190345764,
CV2 | nets=4 | frames=5,test,16,-0.0488976389824205,-2.838596105575561,2,4,5,-4.5145416259765625,
CV2 | nets=4 | frames=5,test,17,0.3374250403982374,-0.3237731158733368,2,4,5,-0.7001012563705444,
CV2 | nets=4 | frames=5,test,18,0.144219835421564,-2.195012092590332,2,4,5,-3.5271565914154053,
CV2 | nets=4 | frames=5,test,19,0.2238599590476573,-1.2662029266357422,2,4,5,-2.1203715801239014,
CV2 | nets=4 | frames=5,test,20,-0.2110936628700718,-3.924100637435913,2,4,5,-6.200552463531494,
CV2 | nets=4 | frames=5,test,21,-0.135107647284631,-3.7907347679138175,2,4,5,-5.982348918914795,
CV2 | nets=4 | frames=5,test,22,-0.2879174109079594,-3.903585433959961,2,4,5,-6.163601875305176,
CV2 | nets=4 | frames=5,test,23,-0.0869858031149348,-3.895500898361206,2,4,5,-6.146093845367432,
CV2 | nets=4 | frames=5,test,24,0.0729596003150843,-2.432748794555664,2,4,5,-3.886883497238159,
CV2 | nets=4 | frames=5,test,25,-0.0473741087700227,-4.135383129119873,2,4,5,-6.521928310394287,
CV2 | nets=4 | frames=5,test,26,-0.1740479126403528,-3.4642350673675537,2,4,5,-5.492952823638916,
CV2 | nets=4 | frames=5,test,27,-0.1534844106106529,-3.9809648990631104,2,4,5,-6.268709659576416,
CV2 | nets=4 | frames=5,test,28,-0.3339993893646671,-3.882644891738892,2,4,5,-6.143341541290283,
CV2 | nets=4 | frames=5,test,29,-0.2983576891176249,-3.846903085708618,2,4,5,-6.100093364715576,
CV2 | nets=4 | frames=5,test,30,-0.0843642366678143,-2.661571741104126,2,4,5,-4.233317852020264,
CV2 | nets=4 | frames=5,test,31,-0.2273098506600647,-3.642693519592285,2,4,5,-5.772891044616699,
CV2 | nets=4 | frames=5,test,32,0.150316153738502,-1.422691822052002,2,4,5,-2.3612608909606934,
CV2 | nets=4 | frames=5,test,33,-0.2691509251686252,-3.4544053077697754,2,4,5,-5.48510217666626,
CV2 | nets=4 | frames=5,test,34,0.1269998279169667,-2.091158866882324,2,4,5,-3.364719867706299,
CV2 | nets=4 | frames=5,test,35,0.3220806426408416,-0.0361651703715324,2,4,5,-0.2202665507793426,
CV2 | nets=4 | frames=5,test,36,-0.3233661435786948,-3.7505486011505127,2,4,5,-5.891591548919678,
CV2 | nets=4 | frames=5,test,37,-0.1666568671096066,-3.745943307876587,2,4,5,-5.928947925567627,
CV2 | nets=4 | frames=5,test,38,-0.0608276768648222,-3.344211339950561,2,4,5,-5.293097496032715,
CV2 | nets=4 | frames=5,test,39,0.2821721893243829,-1.0624607801437378,2,4,5,-1.823574185371399,
CV2 | nets=4 | frames=5,test,40,-0.0591450573123482,-4.229880332946777,2,4,5,-6.682351589202881,
CV2 | nets=4 | frames=5,test,41,-0.2523187814106471,-4.053806304931641,2,4,5,-6.407537937164307,
CV2 | nets=4 | frames=5,test,42,0.2693791688852633,-1.600063443183899,2,4,5,-2.641386032104492,
CV2 | nets=4 | frames=5,test,43,-0.157111034083224,-3.2617342472076416,2,4,5,-5.1595892906188965,
CV2 | nets=4 | frames=5,test,44,0.1606833051492441,-2.103046417236328,2,4,5,-3.3761355876922607,
CV2 | nets=4 | frames=5,test,45,0.172504695096772,-1.8261656761169436,2,4,5,-2.95928168296814,
CV2 | nets=4 | frames=5,test,46,0.3873779088920612,-0.1733565628528595,2,4,5,-0.4454753994941711,
CV2 | nets=4 | frames=5,test,47,-0.100209652453205,-3.356123447418213,2,4,5,-5.335836410522461,
CV2 | nets=4 | frames=5,test,48,0.1807945702326933,-1.8703547716140747,2,4,5,-3.0245044231414795,
CV2 | nets=4 | frames=5,test,49,-0.2190887259038099,-3.6370136737823486,2,4,5,-5.744668483734131,
CV2 | nets=4 | frames=5,test,50,0.0386789596579197,-2.911383867263794,2,4,5,-4.648176670074463,
CV2 | nets=4 | frames=5,test,51,-0.1466400227827606,-3.090736150741577,2,4,5,-4.918484687805176,
CV2 | nets=4 | frames=5,test,52,-0.1466582167541242,-3.872852087020874,2,4,5,-6.109023571014404,
CV2 | nets=4 | frames=5,test,53,0.3543707109293127,-0.2402593791484832,2,4,5,-0.5672200918197632,
CV2 | nets=4 | frames=5,test,54,-0.2504451898786599,-3.530967950820923,2,4,5,-5.571862697601318,
CV2 | nets=4 | frames=5,test,55,-0.0803696162881754,-3.4584667682647705,2,4,5,-5.488265514373779,
CV2 | nets=4 | frames=5,test,56,-0.1277120103792852,-3.597186088562012,2,4,5,-5.691832065582275,
CV2 | nets=4 | frames=5,test,57,0.3812481697430855,-0.1047813445329666,2,4,5,-0.3195517957210541,
CV2 | nets=4 | frames=5,test,58,-0.4003789014783009,-3.636940717697144,2,4,5,-5.740382671356201,
CV2 | nets=4 | frames=5,test,59,0.2511593493496609,-1.6882301568984983,2,4,5,-2.795224666595459,
CV2 | nets=4 | frames=5,test,60,-0.1963377719651293,-4.011561393737793,2,4,5,-6.310659885406494,
CV2 | nets=4 | frames=5,test,61,0.2011468693729077,-1.8996378183364868,2,4,5,-3.074812412261963,
CV2 | nets=4 | frames=5,test,62,0.1834175400503848,-2.36280369758606,2,4,5,-3.798065662384033,
CV2 | nets=4 | frames=5,test,63,0.1677718678598186,-2.6948797702789307,2,4,5,-4.319154739379883,
CV2 | nets=4 | frames=5,test,64,0.2103549124683166,-0.7081875205039978,2,4,5,-1.25316321849823,
CV2 | nets=4 | frames=5,test,65,-0.2124182814927736,-3.8169350624084473,2,4,5,-6.022242546081543,
CV2 | nets=4 | frames=5,test,66,0.2427422463907798,-1.416853666305542,2,4,5,-2.340650081634521,
CV2 | nets=4 | frames=5,test,67,-0.198060037637249,-4.329159259796143,2,4,5,-6.834543704986572,
CV2 | nets=4 | frames=5,test,68,-0.3247762104239115,-4.333869457244873,2,4,5,-6.838066101074219,
CV2 | nets=4 | frames=5,test,69,-0.1773883670701692,-3.0557003021240234,2,4,5,-4.875105381011963,
CV2 | nets=4 | frames=5,test,70,-0.2061780215112254,-3.245411872863769,2,4,5,-5.161231517791748,
CV2 | nets=4 | frames=5,test,71,-0.1515654324056017,-4.006280422210693,2,4,5,-6.315443515777588,
CV2 | nets=4 | frames=5,test,72,-0.1319308250403395,-3.258722305297852,2,4,5,-5.1705193519592285,
CV2 | nets=4 | frames=10,train,0,-0.0669511275618616,1.6875487565994265,2,4,10,-3.4344377517700195,
CV2 | nets=4 | frames=10,train,1,0.2410100211356636,-3.068049907684326,2,4,10,-2.949978828430176,
CV2 | nets=4 | frames=10,train,2,-0.0337183800006596,0.3935234546661377,2,4,10,-3.486487865447998,
CV2 | nets=4 | frames=10,train,3,-0.0707599670319939,0.8896117210388184,2,4,10,-3.910876750946045,
CV2 | nets=4 | frames=10,test,0,-0.123156073161201,0.4941581785678863,2,4,10,-3.4266223907470703,
CV2 | nets=4 | frames=10,test,1,0.3453760393512503,-4.827333450317383,2,4,10,-2.409343719482422,
CV2 | nets=4 | frames=10,test,2,-0.3979398483632574,2.759791374206543,2,4,10,-4.054790019989014,
CV2 | nets=4 | frames=10,test,3,0.2126940386242633,-3.026352643966675,2,4,10,-2.680269956588745,
CV2 | nets=4 | frames=10,test,4,0.0950451355151094,-0.3525402247905731,2,4,10,-3.3511362075805664,
CV2 | nets=4 | frames=10,test,5,-0.0648093100969477,0.833508312702179,2,4,10,-3.4880385398864746,
CV2 | nets=4 | frames=10,test,6,-0.0036101382641459,-0.5264726281166077,2,4,10,-3.2175776958465576,
CV2 | nets=4 | frames=10,test,7,0.2259070200709375,-3.606977224349976,2,4,10,-2.639460563659668,
CV2 | nets=4 | frames=10,test,8,-0.2448221358235529,2.4459228515625,2,4,10,-3.745420217514038,
CV2 | nets=4 | frames=10,test,9,-0.3251896560062025,1.3818705081939695,2,4,10,-3.378739833831787,
CV2 | nets=4 | frames=10,test,10,0.1639582164351763,-3.4021084308624268,2,4,10,-2.99027943611145,
CV2 | nets=4 | frames=10,test,11,0.2767388091190165,-1.933616280555725,2,4,10,-3.374807834625244,
CV2 | nets=4 | frames=10,test,12,0.2817123526652541,-3.739020586013794,2,4,10,-2.675551176071167,
CV2 | nets=4 | frames=10,test,13,-0.1737797852877405,2.823150634765625,2,4,10,-4.019984722137451,
CV2 | nets=4 | frames=10,test,14,-0.5936111989220015,2.281930923461914,2,4,10,-3.3366332054138184,
CV2 | nets=4 | frames=10,test,15,0.2708167150760829,-2.6758928298950195,2,4,10,-3.0615625381469727,
CV2 | nets=4 | frames=10,test,16,-0.0488976389824205,0.7652993202209473,2,4,10,-3.426223993301392,
CV2 | nets=4 | frames=10,test,17,0.3374250403982374,-4.271390438079834,2,4,10,-2.8061113357543945,
CV2 | nets=4 | frames=10,test,18,0.144219835421564,-0.5826276540756226,2,4,10,-3.368035078048706,
CV2 | nets=4 | frames=10,test,19,0.2238599590476573,-2.417098999023437,2,4,10,-3.2617101669311523,
CV2 | nets=4 | frames=10,test,20,-0.2110936628700718,3.2321670055389404,2,4,10,-4.255587100982666,
CV2 | nets=4 | frames=10,test,21,-0.135107647284631,2.7872860431671143,2,4,10,-4.169043064117432,
CV2 | nets=4 | frames=10,test,22,-0.2879174109079594,3.1640818119049072,2,4,10,-4.200983047485352,
CV2 | nets=4 | frames=10,test,23,-0.0869858031149348,2.8690431118011475,2,4,10,-3.987600326538086,
CV2 | nets=4 | frames=10,test,24,0.0729596003150843,-0.2992661595344543,2,4,10,-2.991682291030884,
CV2 | nets=4 | frames=10,test,25,-0.0473741087700227,3.082103967666626,2,4,10,-3.646723747253418,
CV2 | nets=4 | frames=10,test,26,-0.1740479126403528,2.405478477478028,2,4,10,-4.376923084259033,
CV2 | nets=4 | frames=10,test,27,-0.1534844106106529,3.059176206588745,2,4,10,-3.76325273513794,
CV2 | nets=4 | frames=10,test,28,-0.3339993893646671,3.27356505393982,2,4,10,-4.306213855743408,
CV2 | nets=4 | frames=10,test,29,-0.2983576891176249,2.587658405303955,2,4,10,-3.8341355323791504,
CV2 | nets=4 | frames=10,test,30,-0.0843642366678143,0.1801653653383255,2,4,10,-3.171706199645996,
CV2 | nets=4 | frames=10,test,31,-0.2273098506600647,2.374258756637573,2,4,10,-3.623615503311157,
CV2 | nets=4 | frames=10,test,32,0.150316153738502,-2.216526508331299,2,4,10,-3.155857563018799,
CV2 | nets=4 | frames=10,test,33,-0.2691509251686252,2.4448788166046143,2,4,10,-3.8562417030334473,
CV2 | nets=4 | frames=10,test,34,0.1269998279169667,-0.8982256650924683,2,4,10,-3.2112395763397217,
CV2 | nets=4 | frames=10,test,35,0.3220806426408416,-4.733664035797119,2,4,10,-2.857843399047852,
CV2 | nets=4 | frames=10,test,36,-0.3233661435786948,2.76047420501709,2,4,10,-3.749231576919556,
CV2 | nets=4 | frames=10,test,37,-0.1666568671096066,2.5323755741119385,2,4,10,-3.825820446014404,
CV2 | nets=4 | frames=10,test,38,-0.0608276768648222,1.555936574935913,2,4,10,-3.696591854095459,
CV2 | nets=4 | frames=10,test,39,0.2821721893243829,-2.977745532989502,2,4,10,-2.6749935150146484,
CV2 | nets=4 | frames=10,test,40,-0.0591450573123482,3.961169958114624,2,4,10,-4.409653663635254,
CV2 | nets=4 | frames=10,test,41,-0.2523187814106471,3.30894136428833,2,4,10,-4.082066059112549,
CV2 | nets=4 | frames=10,test,42,0.2693791688852633,-2.031050443649292,2,4,10,-3.056114435195923,
CV2 | nets=4 | frames=10,test,43,-0.157111034083224,1.422382116317749,2,4,10,-3.521695613861084,
CV2 | nets=4 | frames=10,test,44,0.1606833051492441,-0.8231133222579956,2,4,10,-2.9625535011291504,
CV2 | nets=4 | frames=10,test,45,0.172504695096772,-1.041804552078247,2,4,10,-3.424541473388672,
CV2 | nets=4 | frames=10,test,46,0.3873779088920612,-4.456963539123535,2,4,10,-2.820645809173584,
CV2 | nets=4 | frames=10,test,47,-0.100209652453205,2.0866148471832275,2,4,10,-4.006755352020264,
CV2 | nets=4 | frames=10,test,48,0.1807945702326933,-1.5777039527893066,2,4,10,-2.9976181983947754,
CV2 | nets=4 | frames=10,test,49,-0.2190887259038099,2.273688316345215,2,4,10,-3.97456693649292,
CV2 | nets=4 | frames=10,test,50,0.0386789596579197,0.6754277348518372,2,4,10,-3.289883613586426,
CV2 | nets=4 | frames=10,test,51,-0.1466400227827606,1.0731630325317385,2,4,10,-3.427090167999268,
CV2 | nets=4 | frames=10,test,52,-0.1466582167541242,3.1103005409240723,2,4,10,-3.806076765060425,
CV2 | nets=4 | frames=10,test,53,0.3543707109293127,-4.685737609863281,2,4,10,-2.543513298034668,
CV2 | nets=4 | frames=10,test,54,-0.2504451898786599,2.4440035820007324,2,4,10,-3.821299076080322,
CV2 | nets=4 | frames=10,test,55,-0.0803696162881754,1.9031952619552608,2,4,10,-3.475881338119507,
CV2 | nets=4 | frames=10,test,56,-0.1277120103792852,2.1591970920562744,2,4,10,-3.918440818786621,
CV2 | nets=4 | frames=10,test,57,0.3812481697430855,-4.789669036865234,2,4,10,-2.7616145610809326,
CV2 | nets=4 | frames=10,test,58,-0.4003789014783009,2.565260410308838,2,4,10,-3.686892509460449,
CV2 | nets=4 | frames=10,test,59,0.2511593493496609,-1.7682255506515503,2,4,10,-3.379181385040283,
CV2 | nets=4 | frames=10,test,60,-0.1963377719651293,3.3812906742095947,2,4,10,-3.791931629180908,
CV2 | nets=4 | frames=10,test,61,0.2011468693729077,-1.3279783725738523,2,4,10,-3.0009312629699707,
CV2 | nets=4 | frames=10,test,62,0.1834175400503848,-0.4162350296974182,2,4,10,-2.9518356323242188,
CV2 | nets=4 | frames=10,test,63,0.1677718678598186,0.2274193912744522,2,4,10,-3.677281379699707,
CV2 | nets=4 | frames=10,test,64,0.2103549124683166,-3.6364104747772217,2,4,10,-2.714352607727051,
CV2 | nets=4 | frames=10,test,65,-0.2124182814927736,2.746368885040283,2,4,10,-3.783248424530029,
CV2 | nets=4 | frames=10,test,66,0.2427422463907798,-2.218683242797852,2,4,10,-3.126877784729004,
CV2 | nets=4 | frames=10,test,67,-0.198060037637249,3.660870552062988,2,4,10,-3.781382322311402,
CV2 | nets=4 | frames=10,test,68,-0.3247762104239115,3.6205027103424072,2,4,10,-3.6288251876831055,
CV2 | nets=4 | frames=10,test,69,-0.1773883670701692,0.6616020798683167,2,4,10,-3.200176239013672,
CV2 | nets=4 | frames=10,test,70,-0.2061780215112254,1.9653105735778809,2,4,10,-3.677258491516113,
CV2 | nets=4 | frames=10,test,71,-0.1515654324056017,2.925905704498291,2,4,10,-3.3685946464538574,
CV2 | nets=4 | frames=10,test,72,-0.1319308250403395,1.3163180351257324,2,4,10,-3.4327821731567383,
CV2 | nets=4 | frames=25,train,0,-0.0669511275618616,2.823393583297729,2,4,25,1.934995412826538,
CV2 | nets=4 | frames=25,train,1,0.2410100211356636,-2.0333445072174072,2,4,25,4.574874401092529,
CV2 | nets=4 | frames=25,train,2,-0.0337183800006596,1.406762957572937,2,4,25,2.7853245735168457,
CV2 | nets=4 | frames=25,train,3,-0.0707599670319939,2.0372493267059326,2,4,25,3.473372220993042,
CV2 | nets=4 | frames=25,test,0,-0.123156073161201,1.758729100227356,2,4,25,2.679356098175049,
CV2 | nets=4 | frames=25,test,1,0.3453760393512503,-3.530604362487793,2,4,25,4.586178779602051,
CV2 | nets=4 | frames=25,test,2,-0.3979398483632574,3.890194416046143,2,4,25,2.1010947227478027,
CV2 | nets=4 | frames=25,test,3,0.2126940386242633,-1.6788946390151978,2,4,25,4.184591770172119,
CV2 | nets=4 | frames=25,test,4,0.0950451355151094,0.6354416608810425,2,4,25,3.255185604095459,
CV2 | nets=4 | frames=25,test,5,-0.0648093100969477,1.8855637311935425,2,4,25,2.7529125213623047,
CV2 | nets=4 | frames=25,test,6,-0.0036101382641459,0.5666248202323914,2,4,25,2.9828827381134038,
CV2 | nets=4 | frames=25,test,7,0.2259070200709375,-2.49299955368042,2,4,25,4.215657234191895,
CV2 | nets=4 | frames=25,test,8,-0.2448221358235529,3.7449567317962646,2,4,25,1.8540551662445068,
CV2 | nets=4 | frames=25,test,9,-0.3251896560062025,2.7685117721557617,2,4,25,2.215325355529785,
CV2 | nets=4 | frames=25,test,10,0.1639582164351763,-1.997843623161316,2,4,25,4.8688836097717285,
CV2 | nets=4 | frames=25,test,11,0.2767388091190165,-0.944790542125702,2,4,25,4.576215744018555,
CV2 | nets=4 | frames=25,test,12,0.2817123526652541,-2.5291640758514404,2,4,25,4.673523426055908,
CV2 | nets=4 | frames=25,test,13,-0.1737797852877405,3.9330050945281982,2,4,25,2.0652356147766118,
CV2 | nets=4 | frames=25,test,14,-0.5936111989220015,3.59571385383606,2,4,25,1.2237327098846436,
CV2 | nets=4 | frames=25,test,15,0.2708167150760829,-1.4219162464141846,2,4,25,4.668087482452393,
CV2 | nets=4 | frames=25,test,16,-0.0488976389824205,1.9387747049331665,2,4,25,2.4901154041290283,
CV2 | nets=4 | frames=25,test,17,0.3374250403982374,-2.736801624298096,2,4,25,5.357206344604492,
CV2 | nets=4 | frames=25,test,18,0.144219835421564,0.4838551878929138,2,4,25,3.659113168716431,
CV2 | nets=4 | frames=25,test,19,0.2238599590476573,-1.1782822608947754,2,4,25,4.73986291885376,
CV2 | nets=4 | frames=25,test,20,-0.2110936628700718,4.3086042404174805,2,4,25,2.3442399501800537,
CV2 | nets=4 | frames=25,test,21,-0.135107647284631,3.975242376327514,2,4,25,2.508051872253418,
CV2 | nets=4 | frames=25,test,22,-0.2879174109079594,4.382392883300781,2,4,25,2.242637157440185,
CV2 | nets=4 | frames=25,test,23,-0.0869858031149348,4.033594608306885,2,4,25,2.3405299186706543,
CV2 | nets=4 | frames=25,test,24,0.0729596003150843,0.807925283908844,2,4,25,2.5657708644866943,
CV2 | nets=4 | frames=25,test,25,-0.0473741087700227,4.199688911437988,2,4,25,1.2053015232086182,
CV2 | nets=4 | frames=25,test,26,-0.1740479126403528,3.534404993057251,2,4,25,3.3248209953308105,
CV2 | nets=4 | frames=25,test,27,-0.1534844106106529,3.905154228210449,2,4,25,1.361855149269104,
CV2 | nets=4 | frames=25,test,28,-0.3339993893646671,4.686447143554688,2,4,25,2.5149593353271484,
CV2 | nets=4 | frames=25,test,29,-0.2983576891176249,4.010326862335205,2,4,25,1.6478145122528076,
CV2 | nets=4 | frames=25,test,30,-0.0843642366678143,1.4713128805160522,2,4,25,2.9097676277160645,
CV2 | nets=4 | frames=25,test,31,-0.2273098506600647,3.616298198699951,2,4,25,2.073673963546753,
CV2 | nets=4 | frames=25,test,32,0.150316153738502,-1.1150140762329102,2,4,25,4.315033435821533,
CV2 | nets=4 | frames=25,test,33,-0.2691509251686252,3.5994772911071777,2,4,25,2.3373756408691406,
CV2 | nets=4 | frames=25,test,34,0.1269998279169667,0.1854881793260574,2,4,25,3.504291534423828,
CV2 | nets=4 | frames=25,test,35,0.3220806426408416,-3.3772380352020264,2,4,25,5.409616470336914,
CV2 | nets=4 | frames=25,test,36,-0.3233661435786948,3.759465932846069,2,4,25,1.615301489830017,
CV2 | nets=4 | frames=25,test,37,-0.1666568671096066,3.691151857376098,2,4,25,1.5975648164749146,
CV2 | nets=4 | frames=25,test,38,-0.0608276768648222,2.51891827583313,2,4,25,2.355788469314575,
CV2 | nets=4 | frames=25,test,39,0.2821721893243829,-1.896589517593384,2,4,25,4.079649448394775,
CV2 | nets=4 | frames=25,test,40,-0.0591450573123482,5.105599403381348,2,4,25,1.7163223028182983,
CV2 | nets=4 | frames=25,test,41,-0.2523187814106471,4.31428337097168,2,4,25,2.0475707054138184,
CV2 | nets=4 | frames=25,test,42,0.2693791688852633,-1.003819227218628,2,4,25,4.2240142822265625,
CV2 | nets=4 | frames=25,test,43,-0.157111034083224,2.689616203308105,2,4,25,2.5114588737487797,
CV2 | nets=4 | frames=25,test,44,0.1606833051492441,-0.0057339770719408,2,4,25,3.033504009246826,
CV2 | nets=4 | frames=25,test,45,0.172504695096772,-0.27405846118927,2,4,25,3.719929218292236,
CV2 | nets=4 | frames=25,test,46,0.3873779088920612,-3.196823835372925,2,4,25,5.21091890335083,
CV2 | nets=4 | frames=25,test,47,-0.100209652453205,3.256108522415161,2,4,25,2.725675106048584,
CV2 | nets=4 | frames=25,test,48,0.1807945702326933,-0.5919721126556396,2,4,25,3.562141180038452,
CV2 | nets=4 | frames=25,test,49,-0.2190887259038099,3.37720274925232,2,4,25,2.5126402378082275,
CV2 | nets=4 | frames=25,test,50,0.0386789596579197,1.660178542137146,2,4,25,2.012826681137085,
CV2 | nets=4 | frames=25,test,51,-0.1466400227827606,2.249918937683105,2,4,25,2.276376724243164,
CV2 | nets=4 | frames=25,test,52,-0.1466582167541242,4.216053485870361,2,4,25,1.218160629272461,
CV2 | nets=4 | frames=25,test,53,0.3543707109293127,-3.3100411891937256,2,4,25,4.925227642059326,
CV2 | nets=4 | frames=25,test,54,-0.2504451898786599,3.631788730621338,2,4,25,1.7822569608688354,
CV2 | nets=4 | frames=25,test,55,-0.0803696162881754,2.93928861618042,2,4,25,1.636638045310974,
CV2 | nets=4 | frames=25,test,56,-0.1277120103792852,3.27778697013855,2,4,25,2.652996063232422,
CV2 | nets=4 | frames=25,test,57,0.3812481697430855,-3.496506452560425,2,4,25,5.388850688934326,
CV2 | nets=4 | frames=25,test,58,-0.4003789014783009,3.602256298065185,2,4,25,1.7436107397079468,
CV2 | nets=4 | frames=25,test,59,0.2511593493496609,-0.6022566556930542,2,4,25,4.561280727386475,
CV2 | nets=4 | frames=25,test,60,-0.1963377719651293,4.571345806121826,2,4,25,1.0821712017059326,
CV2 | nets=4 | frames=25,test,61,0.2011468693729077,-0.2896909713745117,2,4,25,3.517714738845825,
CV2 | nets=4 | frames=25,test,62,0.1834175400503848,0.5241115093231201,2,4,25,2.5897557735443115,
CV2 | nets=4 | frames=25,test,63,0.1677718678598186,1.275202751159668,2,4,25,3.723616600036621,
CV2 | nets=4 | frames=25,test,64,0.2103549124683166,-2.6256375312805176,2,4,25,4.2366251945495605,
CV2 | nets=4 | frames=25,test,65,-0.2124182814927736,3.892467498779297,2,4,25,1.698816418647766,
CV2 | nets=4 | frames=25,test,66,0.2427422463907798,-1.081272006034851,2,4,25,4.359273433685303,
CV2 | nets=4 | frames=25,test,67,-0.198060037637249,4.867730140686035,2,4,25,0.7261121273040771,
CV2 | nets=4 | frames=25,test,68,-0.3247762104239115,5.1226677894592285,2,4,25,1.2681047916412354,
CV2 | nets=4 | frames=25,test,69,-0.1773883670701692,2.040611267089844,2,4,25,2.1761562824249268,
CV2 | nets=4 | frames=25,test,70,-0.2061780215112254,3.2036237716674805,2,4,25,2.1998636722564697,
CV2 | nets=4 | frames=25,test,71,-0.1515654324056017,4.087859153747559,2,4,25,0.8530105352401733,
CV2 | nets=4 | frames=25,test,72,-0.1319308250403395,2.3549723625183105,2,4,25,2.0182552337646484,
CV2 | nets=4 | frames=50,train,0,-0.0669511275618616,-5.303356647491455,2,4,50,2.4691274166107178,
CV2 | nets=4 | frames=50,train,1,0.2410100211356636,-4.788895130157471,2,4,50,2.1469597816467285,
CV2 | nets=4 | frames=50,train,2,-0.0337183800006596,-5.339169979095459,2,4,50,2.463013172149658,
CV2 | nets=4 | frames=50,train,3,-0.0707599670319939,-5.450167655944824,2,4,50,2.509323835372925,
CV2 | nets=4 | frames=50,test,0,-0.123156073161201,-5.2557549476623535,2,4,50,2.4302544593811035,
CV2 | nets=4 | frames=50,test,1,0.3453760393512503,-4.407144069671631,2,4,50,1.9409489631652832,
CV2 | nets=4 | frames=50,test,2,-0.3979398483632574,-5.604809761047363,2,4,50,2.613121747970581,
CV2 | nets=4 | frames=50,test,3,0.2126940386242633,-4.56561803817749,2,4,50,2.0473520755767822,
CV2 | nets=4 | frames=50,test,4,0.0950451355151094,-5.077045440673828,2,4,50,2.3305447101593018,
CV2 | nets=4 | frames=50,test,5,-0.0648093100969477,-5.109358787536621,2,4,50,2.364140510559082,
CV2 | nets=4 | frames=50,test,6,-0.0036101382641459,-5.079619407653809,2,4,50,2.333465099334717,
CV2 | nets=4 | frames=50,test,7,0.2259070200709375,-4.546566009521484,2,4,50,2.030683279037476,
CV2 | nets=4 | frames=50,test,8,-0.2448221358235529,-5.610928058624268,2,4,50,2.617979049682617,
CV2 | nets=4 | frames=50,test,9,-0.3251896560062025,-5.38060188293457,2,4,50,2.4974889755249023,
CV2 | nets=4 | frames=50,test,10,0.1639582164351763,-4.6914801597595215,2,4,50,2.0944743156433105,
CV2 | nets=4 | frames=50,test,11,0.2767388091190165,-5.025084972381592,2,4,50,2.2839064598083496,
CV2 | nets=4 | frames=50,test,12,0.2817123526652541,-4.624497890472412,2,4,50,2.067518711090088,
CV2 | nets=4 | frames=50,test,13,-0.1737797852877405,-5.702271461486816,2,4,50,2.67427921295166,
CV2 | nets=4 | frames=50,test,14,-0.5936111989220015,-5.315866470336914,2,4,50,2.4887194633483887,
CV2 | nets=4 | frames=50,test,15,0.2708167150760829,-4.8144073486328125,2,4,50,2.166635751724243,
CV2 | nets=4 | frames=50,test,16,-0.0488976389824205,-5.238469123840332,2,4,50,2.42062783241272,
CV2 | nets=4 | frames=50,test,17,0.3374250403982374,-4.32663106918335,2,4,50,1.9205187559127808,
CV2 | nets=4 | frames=50,test,18,0.144219835421564,-5.1252970695495605,2,4,50,2.346916437149048,
CV2 | nets=4 | frames=50,test,19,0.2238599590476573,-4.859725475311279,2,4,50,2.193553924560547,
CV2 | nets=4 | frames=50,test,20,-0.2110936628700718,-5.652366161346436,2,4,50,2.647924900054932,
CV2 | nets=4 | frames=50,test,21,-0.135107647284631,-5.735343456268311,2,4,50,2.6849257946014404,
CV2 | nets=4 | frames=50,test,22,-0.2879174109079594,-5.695754528045654,2,4,50,2.6682753562927246,
CV2 | nets=4 | frames=50,test,23,-0.0869858031149348,-5.614611625671387,2,4,50,2.6358721256256104,
CV2 | nets=4 | frames=50,test,24,0.0729596003150843,-5.032828330993652,2,4,50,2.314116239547729,
CV2 | nets=4 | frames=50,test,25,-0.0473741087700227,-5.613239765167236,2,4,50,2.646481513977051,
CV2 | nets=4 | frames=50,test,26,-0.1740479126403528,-5.688766956329346,2,4,50,2.644514560699463,
CV2 | nets=4 | frames=50,test,27,-0.1534844106106529,-5.749993324279785,2,4,50,2.6954264640808105,
CV2 | nets=4 | frames=50,test,28,-0.3339993893646671,-5.655035495758057,2,4,50,2.6445441246032715,
CV2 | nets=4 | frames=50,test,29,-0.2983576891176249,-5.602444171905518,2,4,50,2.627220392227173,
CV2 | nets=4 | frames=50,test,30,-0.0843642366678143,-5.063606262207031,2,4,50,2.337928295135498,
CV2 | nets=4 | frames=50,test,31,-0.2273098506600647,-5.266887187957764,2,4,50,2.4681732654571533,
CV2 | nets=4 | frames=50,test,32,0.150316153738502,-4.912741184234619,2,4,50,2.22009539604187,
CV2 | nets=4 | frames=50,test,33,-0.2691509251686252,-5.336564064025879,2,4,50,2.487921714782715,
CV2 | nets=4 | frames=50,test,34,0.1269998279169667,-5.095280170440674,2,4,50,2.331883668899536,
CV2 | nets=4 | frames=50,test,35,0.3220806426408416,-4.602075099945068,2,4,50,2.0204997062683105,
CV2 | nets=4 | frames=50,test,36,-0.3233661435786948,-5.5879807472229,2,4,50,2.61220932006836,
CV2 | nets=4 | frames=50,test,37,-0.1666568671096066,-5.657570838928223,2,4,50,2.6454341411590576,
CV2 | nets=4 | frames=50,test,38,-0.0608276768648222,-5.645767211914063,2,4,50,2.6259326934814453,
CV2 | nets=4 | frames=50,test,39,0.2821721893243829,-4.533224582672119,2,4,50,2.041074275970459,
CV2 | nets=4 | frames=50,test,40,-0.0591450573123482,-5.849518299102783,2,4,50,2.75217080116272,
CV2 | nets=4 | frames=50,test,41,-0.2523187814106471,-5.75531005859375,2,4,50,2.709812641143799,
CV2 | nets=4 | frames=50,test,42,0.2693791688852633,-4.893534183502197,2,4,50,2.225263357162476,
CV2 | nets=4 | frames=50,test,43,-0.157111034083224,-5.317289352416992,2,4,50,2.472829341888428,
CV2 | nets=4 | frames=50,test,44,0.1606833051492441,-4.92170524597168,2,4,50,2.256733655929565,
CV2 | nets=4 | frames=50,test,45,0.172504695096772,-5.139235019683838,2,4,50,2.338632583618164,
CV2 | nets=4 | frames=50,test,46,0.3873779088920612,-4.387049198150635,2,4,50,1.9364973306655884,
CV2 | nets=4 | frames=50,test,47,-0.100209652453205,-5.474384784698486,2,4,50,2.552096128463745,
CV2 | nets=4 | frames=50,test,48,0.1807945702326933,-5.093918800354004,2,4,50,2.3200485706329346,
CV2 | nets=4 | frames=50,test,49,-0.2190887259038099,-5.60696268081665,2,4,50,2.6216540336608887,
CV2 | nets=4 | frames=50,test,50,0.0386789596579197,-5.35985803604126,2,4,50,2.4827921390533447,
CV2 | nets=4 | frames=50,test,51,-0.1466400227827606,-5.25445556640625,2,4,50,2.44311261177063,
CV2 | nets=4 | frames=50,test,52,-0.1466582167541242,-5.54144287109375,2,4,50,2.601341962814331,
CV2 | nets=4 | frames=50,test,53,0.3543707109293127,-4.3549485206604,2,4,50,1.9280822277069087,
CV2 | nets=4 | frames=50,test,54,-0.2504451898786599,-5.562077522277832,2,4,50,2.5836987495422363,
CV2 | nets=4 | frames=50,test,55,-0.0803696162881754,-5.418651580810547,2,4,50,2.531221866607666,
CV2 | nets=4 | frames=50,test,56,-0.1277120103792852,-5.574456691741943,2,4,50,2.605118751525879,
CV2 | nets=4 | frames=50,test,57,0.3812481697430855,-4.515152454376221,2,4,50,1.9837660789489744,
CV2 | nets=4 | frames=50,test,58,-0.4003789014783009,-5.495562076568604,2,4,50,2.5665123462677,
CV2 | nets=4 | frames=50,test,59,0.2511593493496609,-4.97925329208374,2,4,50,2.2679882049560547,
CV2 | nets=4 | frames=50,test,60,-0.1963377719651293,-5.651656150817871,2,4,50,2.6429219245910645,
CV2 | nets=4 | frames=50,test,61,0.2011468693729077,-4.978837013244629,2,4,50,2.273818016052246,
CV2 | nets=4 | frames=50,test,62,0.1834175400503848,-5.088685989379883,2,4,50,2.3425192832946777,
CV2 | nets=4 | frames=50,test,63,0.1677718678598186,-5.288571357727051,2,4,50,2.4478235244750977,
CV2 | nets=4 | frames=50,test,64,0.2103549124683166,-4.656225681304932,2,4,50,2.077827215194702,
CV2 | nets=4 | frames=50,test,65,-0.2124182814927736,-5.679497241973877,2,4,50,2.6574254035949707,
CV2 | nets=4 | frames=50,test,66,0.2427422463907798,-4.861558437347412,2,4,50,2.200698137283325,
CV2 | nets=4 | frames=50,test,67,-0.198060037637249,-5.685924053192139,2,4,50,2.681896924972534,
CV2 | nets=4 | frames=50,test,68,-0.3247762104239115,-5.386706829071045,2,4,50,2.553791284561157,
CV2 | nets=4 | frames=50,test,69,-0.1773883670701692,-5.240219593048096,2,4,50,2.435168504714966,
CV2 | nets=4 | frames=50,test,70,-0.2061780215112254,-5.188983917236328,2,4,50,2.4170243740081787,
CV2 | nets=4 | frames=50,test,71,-0.1515654324056017,-5.489743709564209,2,4,50,2.5795860290527344,
CV2 | nets=4 | frames=50,test,72,-0.1319308250403395,-5.34941291809082,2,4,50,2.4930124282836914,
CV2 | nets=4 | frames=100,train,0,-0.0669511275618616,-5.302266597747803,2,4,100,2.313276767730713,
CV2 | nets=4 | frames=100,train,1,0.2410100211356636,0.4351859092712402,2,4,100,-4.30399227142334,
CV2 | nets=4 | frames=100,train,2,-0.0337183800006596,-3.8254916667938232,2,4,100,0.5314695239067078,
CV2 | nets=4 | frames=100,train,3,-0.0707599670319939,-4.286940574645996,2,4,100,0.8669984340667725,
CV2 | nets=4 | frames=100,test,0,-0.123156073161201,-4.167534828186035,2,4,100,0.8644311428070068,
CV2 | nets=4 | frames=100,test,1,0.3453760393512503,2.7937068939208984,2,4,100,-6.394640922546387,
CV2 | nets=4 | frames=100,test,2,-0.3979398483632574,-6.667488098144531,2,4,100,3.627667427062988,
CV2 | nets=4 | frames=100,test,3,0.2126940386242633,0.3587092161178589,2,4,100,-4.154009819030762,
CV2 | nets=4 | frames=100,test,4,0.0950451355151094,-2.444439172744751,2,4,100,-0.856969952583313,
CV2 | nets=4 | frames=100,test,5,-0.0648093100969477,-4.229868412017822,2,4,100,0.5512496829032898,
CV2 | nets=4 | frames=100,test,6,-0.0036101382641459,-2.661612033843994,2,4,100,-0.6065452098846436,
CV2 | nets=4 | frames=100,test,7,0.2259070200709375,0.965681493282318,2,4,100,-4.940042972564697,
CV2 | nets=4 | frames=100,test,8,-0.2448221358235529,-6.990949630737305,2,4,100,4.035726070404053,
CV2 | nets=4 | frames=100,test,9,-0.3251896560062025,-5.607834815979004,2,4,100,2.3047280311584477,
CV2 | nets=4 | frames=100,test,10,0.1639582164351763,0.7033352255821228,2,4,100,-4.638376235961914,
CV2 | nets=4 | frames=100,test,11,0.2767388091190165,-0.5090304017066956,2,4,100,-3.2603230476379395,
CV2 | nets=4 | frames=100,test,12,0.2817123526652541,1.0824508666992188,2,4,100,-5.138918876647949,
CV2 | nets=4 | frames=100,test,13,-0.1737797852877405,-6.781434059143066,2,4,100,3.730984687805176,
CV2 | nets=4 | frames=100,test,14,-0.5936111989220015,-6.401848793029785,2,4,100,3.317159652709961,
CV2 | nets=4 | frames=100,test,15,0.2708167150760829,0.4629248380661011,2,4,100,-4.217131614685059,
CV2 | nets=4 | frames=100,test,16,-0.0488976389824205,-4.087796211242676,2,4,100,0.8495551943778992,
CV2 | nets=4 | frames=100,test,17,0.3374250403982374,1.9483600854873655,2,4,100,-6.068367958068848,
CV2 | nets=4 | frames=100,test,18,0.144219835421564,-2.2677645683288574,2,4,100,-1.272907853126526,
CV2 | nets=4 | frames=100,test,19,0.2238599590476573,-0.0917339920997619,2,4,100,-3.570498466491699,
CV2 | nets=4 | frames=100,test,20,-0.2110936628700718,-7.310044765472412,2,4,100,4.155279159545898,
CV2 | nets=4 | frames=100,test,21,-0.135107647284631,-6.763023376464844,2,4,100,3.4427661895751958,
CV2 | nets=4 | frames=100,test,22,-0.2879174109079594,-6.957846164703369,2,4,100,3.9463820457458496,
CV2 | nets=4 | frames=100,test,23,-0.0869858031149348,-6.425926208496094,2,4,100,3.4628405570983887,
CV2 | nets=4 | frames=100,test,24,0.0729596003150843,-2.899585247039795,2,4,100,-0.2730959057807922,
CV2 | nets=4 | frames=100,test,25,-0.0473741087700227,-6.780917644500732,2,4,100,4.46620512008667,
CV2 | nets=4 | frames=100,test,26,-0.1740479126403528,-6.578186988830566,2,4,100,2.886387348175049,
CV2 | nets=4 | frames=100,test,27,-0.1534844106106529,-7.317659854888916,2,4,100,4.183300971984863,
CV2 | nets=4 | frames=100,test,28,-0.3339993893646671,-7.271952152252197,2,4,100,4.296772003173828,
CV2 | nets=4 | frames=100,test,29,-0.2983576891176249,-6.589849948883057,2,4,100,4.437201499938965,
CV2 | nets=4 | frames=100,test,30,-0.0843642366678143,-3.7669365406036377,2,4,100,0.1541782915592193,
CV2 | nets=4 | frames=100,test,31,-0.2273098506600647,-6.473857402801514,2,4,100,3.4552221298217773,
CV2 | nets=4 | frames=100,test,32,0.150316153738502,-0.5027437210083008,2,4,100,-3.137277126312256,
CV2 | nets=4 | frames=100,test,33,-0.2691509251686252,-5.770232200622559,2,4,100,2.639838218688965,
CV2 | nets=4 | frames=100,test,34,0.1269998279169667,-2.3618359565734863,2,4,100,-1.3886162042617798,
CV2 | nets=4 | frames=100,test,35,0.3220806426408416,2.5226199626922607,2,4,100,-6.481441020965576,
CV2 | nets=4 | frames=100,test,36,-0.3233661435786948,-6.765876770019531,2,4,100,3.675228118896485,
CV2 | nets=4 | frames=100,test,37,-0.1666568671096066,-6.292478561401367,2,4,100,3.822226047515869,
CV2 | nets=4 | frames=100,test,38,-0.0608276768648222,-5.289274215698242,2,4,100,2.1755871772766118,
CV2 | nets=4 | frames=100,test,39,0.2821721893243829,1.0879831314086914,2,4,100,-4.564300060272217,
CV2 | nets=4 | frames=100,test,40,-0.0591450573123482,-7.6099853515625,2,4,100,5.047303199768066,
CV2 | nets=4 | frames=100,test,41,-0.2523187814106471,-7.367404937744141,2,4,100,4.184685230255127,
CV2 | nets=4 | frames=100,test,42,0.2693791688852633,-0.5169293880462646,2,4,100,-3.29801082611084,
CV2 | nets=4 | frames=100,test,43,-0.157111034083224,-5.3261823654174805,2,4,100,2.302338123321533,
CV2 | nets=4 | frames=100,test,44,0.1606833051492441,-1.9382792711257932,2,4,100,-1.640757441520691,
CV2 | nets=4 | frames=100,test,45,0.172504695096772,-1.5570484399795532,2,4,100,-2.20258903503418,
CV2 | nets=4 | frames=100,test,46,0.3873779088920612,2.345860242843628,2,4,100,-6.239117622375488,
CV2 | nets=4 | frames=100,test,47,-0.100209652453205,-5.453485488891602,2,4,100,2.381864547729492,
CV2 | nets=4 | frames=100,test,48,0.1807945702326933,-1.3270263671875,2,4,100,-2.091158866882324,
CV2 | nets=4 | frames=100,test,49,-0.2190887259038099,-6.345970153808594,2,4,100,3.0010523796081543,
CV2 | nets=4 | frames=100,test,50,0.0386789596579197,-3.8073225021362314,2,4,100,1.1920305490493774,
CV2 | nets=4 | frames=100,test,51,-0.1466400227827606,-4.999289989471436,2,4,100,1.818446397781372,
CV2 | nets=4 | frames=100,test,52,-0.1466582167541242,-6.7912139892578125,2,4,100,4.14516544342041,
CV2 | nets=4 | frames=100,test,53,0.3543707109293127,2.3945717811584477,2,4,100,-6.173511981964111,
CV2 | nets=4 | frames=100,test,54,-0.2504451898786599,-6.522085189819336,2,4,100,3.4933433532714844,
CV2 | nets=4 | frames=100,test,55,-0.0803696162881754,-4.762977600097656,2,4,100,2.362452983856201,
CV2 | nets=4 | frames=100,test,56,-0.1277120103792852,-6.208924770355225,2,4,100,3.006787776947021,
CV2 | nets=4 | frames=100,test,57,0.3812481697430855,2.2428455352783203,2,4,100,-6.505824089050293,
CV2 | nets=4 | frames=100,test,58,-0.4003789014783009,-6.463912963867188,2,4,100,3.354724407196045,
CV2 | nets=4 | frames=100,test,59,0.2511593493496609,-0.7131447792053223,2,4,100,-3.021475315093994,
CV2 | nets=4 | frames=100,test,60,-0.1963377719651293,-7.5341949462890625,2,4,100,4.877056121826172,
CV2 | nets=4 | frames=100,test,61,0.2011468693729077,-1.608581304550171,2,4,100,-2.1627755165100098,
CV2 | nets=4 | frames=100,test,62,0.1834175400503848,-2.107494592666626,2,4,100,-0.9709181785583496,
CV2 | nets=4 | frames=100,test,63,0.1677718678598186,-3.367318153381348,2,4,100,-0.318117082118988,
CV2 | nets=4 | frames=100,test,64,0.2103549124683166,1.092193603515625,2,4,100,-4.892808437347412,
CV2 | nets=4 | frames=100,test,65,-0.2124182814927736,-6.896576404571533,2,4,100,3.752525329589844,
CV2 | nets=4 | frames=100,test,66,0.2427422463907798,-0.3028713762760162,2,4,100,-3.4483847618103027,
CV2 | nets=4 | frames=100,test,67,-0.198060037637249,-7.634210586547852,2,4,100,5.488661766052246,
CV2 | nets=4 | frames=100,test,68,-0.3247762104239115,-7.90532112121582,2,4,100,5.056527137756348,
CV2 | nets=4 | frames=100,test,69,-0.1773883670701692,-4.73676347732544,2,4,100,1.637837052345276,
CV2 | nets=4 | frames=100,test,70,-0.2061780215112254,-5.238036632537842,2,4,100,2.20975112915039,
CV2 | nets=4 | frames=100,test,71,-0.1515654324056017,-7.075389862060547,2,4,100,4.360710620880127,
CV2 | nets=4 | frames=100,test,72,-0.1319308250403395,-5.249057769775391,2,4,100,2.2240028381347656,
CV2 | nets=8 | frames=2,train,0,-0.0669511275618616,1.2851041555404663,2,8,2,1.7655824422836304,
CV2 | nets=8 | frames=2,train,1,0.2410100211356636,1.3021007776260376,2,8,2,1.7459408044815063,
CV2 | nets=8 | frames=2,train,2,-0.0337183800006596,1.303283452987671,2,8,2,1.7779759168624878,
CV2 | nets=8 | frames=2,train,3,-0.0707599670319939,1.3040695190429688,2,8,2,1.777989625930786,
CV2 | nets=8 | frames=2,train,4,0.3079506710962201,1.287926197052002,2,8,2,1.7289949655532837,
CV2 | nets=8 | frames=2,train,5,0.3524800528535854,1.337079405784607,2,8,2,1.760890007019043,
CV2 | nets=8 | frames=2,train,6,-0.0810527879154043,1.2851085662841797,2,8,2,1.7903897762298584,
CV2 | nets=8 | frames=2,train,7,0.0229807605116772,1.3091922998428345,2,8,2,1.781546711921692,
CV2 | nets=8 | frames=2,test,0,0.0950451355151094,1.3027472496032717,2,8,2,1.7680314779281616,
CV2 | nets=8 | frames=2,test,1,-0.0648093100969477,1.2860796451568604,2,8,2,1.7697545289993286,
CV2 | nets=8 | frames=2,test,2,-0.0036101382641459,1.3172439336776731,2,8,2,1.7875525951385498,
CV2 | nets=8 | frames=2,test,3,0.2259070200709375,1.2742191553115845,2,8,2,1.7171235084533691,
CV2 | nets=8 | frames=2,test,4,-0.2448221358235529,1.3083457946777344,2,8,2,1.8070203065872192,
CV2 | nets=8 | frames=2,test,5,-0.3251896560062025,1.2927751541137695,2,8,2,1.7850736379623413,
CV2 | nets=8 | frames=2,test,6,0.1639582164351763,1.2907668352127075,2,8,2,1.7244418859481812,
CV2 | nets=8 | frames=2,test,7,0.2767388091190165,1.3141579627990725,2,8,2,1.7736997604370115,
CV2 | nets=8 | frames=2,test,8,0.2817123526652541,1.2885056734085083,2,8,2,1.736108899116516,
CV2 | nets=8 | frames=2,test,9,-0.1737797852877405,1.3160624504089355,2,8,2,1.8179970979690552,
CV2 | nets=8 | frames=2,test,10,-0.5936111989220015,1.2831120491027832,2,8,2,1.7744309902191162,
CV2 | nets=8 | frames=2,test,11,0.2708167150760829,1.313981056213379,2,8,2,1.752456545829773,
CV2 | nets=8 | frames=2,test,12,-0.0488976389824205,1.285831093788147,2,8,2,1.7629886865615845,
CV2 | nets=8 | frames=2,test,13,0.3374250403982374,1.2962753772735596,2,8,2,1.7210302352905271,
CV2 | nets=8 | frames=2,test,14,0.144219835421564,1.2790141105651855,2,8,2,1.7402828931808472,
CV2 | nets=8 | frames=2,test,15,0.2238599590476573,1.293338179588318,2,8,2,1.73637855052948,
CV2 | nets=8 | frames=2,test,16,-0.2110936628700718,1.296847224235535,2,8,2,1.796229124069214,
CV2 | nets=8 | frames=2,test,17,-0.135107647284631,1.2807708978652954,2,8,2,1.7767843008041382,
CV2 | nets=8 | frames=2,test,18,-0.2879174109079594,1.2903656959533691,2,8,2,1.7830300331115725,
CV2 | nets=8 | frames=2,test,19,-0.0869858031149348,1.281262755393982,2,8,2,1.7765263319015503,
CV2 | nets=8 | frames=2,test,20,0.0729596003150843,1.2797404527664185,2,8,2,1.7515130043029783,
CV2 | nets=8 | frames=2,test,21,-0.0473741087700227,1.3027184009552002,2,8,2,1.805737257003784,
CV2 | nets=8 | frames=2,test,22,-0.1740479126403528,1.2982932329177856,2,8,2,1.79040265083313,
CV2 | nets=8 | frames=2,test,23,-0.1534844106106529,1.309992790222168,2,8,2,1.8202929496765137,
CV2 | nets=8 | frames=2,test,24,-0.3339993893646671,1.307073950767517,2,8,2,1.7986564636230469,
CV2 | nets=8 | frames=2,test,25,-0.2983576891176249,1.323999285697937,2,8,2,1.818336606025696,
CV2 | nets=8 | frames=2,test,26,-0.0843642366678143,1.2443583011627195,2,8,2,1.7255945205688477,
CV2 | nets=8 | frames=2,test,27,-0.2273098506600647,1.2796735763549805,2,8,2,1.7622814178466797,
CV2 | nets=8 | frames=2,test,28,0.150316153738502,1.3100591897964478,2,8,2,1.760853290557861,
CV2 | nets=8 | frames=2,test,29,-0.2691509251686252,1.3239128589630127,2,8,2,1.8061286211013796,
CV2 | nets=8 | frames=2,test,30,0.1269998279169667,1.272007703781128,2,8,2,1.7406868934631348,
CV2 | nets=8 | frames=2,test,31,0.3220806426408416,1.3184022903442385,2,8,2,1.743095636367798,
CV2 | nets=8 | frames=2,test,32,-0.3233661435786948,1.2679047584533691,2,8,2,1.770173192024231,
CV2 | nets=8 | frames=2,test,33,-0.1666568671096066,1.3272900581359863,2,8,2,1.8254154920578003,
CV2 | nets=8 | frames=2,test,34,-0.0608276768648222,1.3022559881210327,2,8,2,1.801719665527344,
CV2 | nets=8 | frames=2,test,35,0.2821721893243829,1.3363686800003052,2,8,2,1.7774865627288818,
CV2 | nets=8 | frames=2,test,36,-0.0591450573123482,1.320540428161621,2,8,2,1.8187236785888672,
CV2 | nets=8 | frames=2,test,37,-0.2523187814106471,1.307758092880249,2,8,2,1.8126616477966309,
CV2 | nets=8 | frames=2,test,38,0.2693791688852633,1.3050304651260376,2,8,2,1.7632490396499634,
CV2 | nets=8 | frames=2,test,39,-0.157111034083224,1.2586188316345217,2,8,2,1.742957592010498,
CV2 | nets=8 | frames=2,test,40,0.1606833051492441,1.267755389213562,2,8,2,1.7338722944259644,
CV2 | nets=8 | frames=2,test,41,0.172504695096772,1.3026654720306396,2,8,2,1.7619737386703491,
CV2 | nets=8 | frames=2,test,42,0.3873779088920612,1.3034640550613403,2,8,2,1.7228063344955444,
CV2 | nets=8 | frames=2,test,43,-0.100209652453205,1.3153403997421265,2,8,2,1.7966909408569336,
CV2 | nets=8 | frames=2,test,44,0.1807945702326933,1.2973155975341797,2,8,2,1.764644980430603,
CV2 | nets=8 | frames=2,test,45,-0.2190887259038099,1.267754316329956,2,8,2,1.7676937580108645,
CV2 | nets=8 | frames=2,test,46,0.0386789596579197,1.3374934196472168,2,8,2,1.8198323249816892,
CV2 | nets=8 | frames=2,test,47,-0.1466400227827606,1.289686918258667,2,8,2,1.777862548828125,
CV2 | nets=8 | frames=2,test,48,-0.1466582167541242,1.2921661138534546,2,8,2,1.7821731567382812,
CV2 | nets=8 | frames=2,test,49,0.3543707109293127,1.3191993236541748,2,8,2,1.7439825534820557,
CV2 | nets=8 | frames=2,test,50,-0.2504451898786599,1.3074758052825928,2,8,2,1.796610713005066,
CV2 | nets=8 | frames=2,test,51,-0.0803696162881754,1.339466214179993,2,8,2,1.8257962465286253,
CV2 | nets=8 | frames=2,test,52,-0.1277120103792852,1.28980815410614,2,8,2,1.788101315498352,
CV2 | nets=8 | frames=2,test,53,0.3812481697430855,1.2874531745910645,2,8,2,1.7146469354629517,
CV2 | nets=8 | frames=2,test,54,-0.4003789014783009,1.297477960586548,2,8,2,1.7933549880981443,
CV2 | nets=8 | frames=2,test,55,0.2511593493496609,1.3171327114105225,2,8,2,1.774132251739502,
CV2 | nets=8 | frames=2,test,56,-0.1963377719651293,1.3069617748260498,2,8,2,1.8045547008514404,
CV2 | nets=8 | frames=2,test,57,0.2011468693729077,1.277271389961243,2,8,2,1.7432438135147097,
CV2 | nets=8 | frames=2,test,58,0.1834175400503848,1.324575901031494,2,8,2,1.795738697052002,
CV2 | nets=8 | frames=2,test,59,0.1677718678598186,1.289231300354004,2,8,2,1.7709192037582395,
CV2 | nets=8 | frames=2,test,60,0.2103549124683166,1.303214430809021,2,8,2,1.7394804954528809,
CV2 | nets=8 | frames=2,test,61,-0.2124182814927736,1.3065661191940308,2,8,2,1.8133598566055296,
CV2 | nets=8 | frames=2,test,62,0.2427422463907798,1.281155347824097,2,8,2,1.7321012020111084,
CV2 | nets=8 | frames=2,test,63,-0.198060037637249,1.336082100868225,2,8,2,1.8463449478149412,
CV2 | nets=8 | frames=2,test,64,-0.3247762104239115,1.256305694580078,2,8,2,1.75985586643219,
CV2 | nets=8 | frames=2,test,65,-0.1773883670701692,1.2981774806976318,2,8,2,1.7892937660217283,
CV2 | nets=8 | frames=2,test,66,-0.2061780215112254,1.2963436841964722,2,8,2,1.7663320302963257,
CV2 | nets=8 | frames=2,test,67,-0.1515654324056017,1.3140867948532104,2,8,2,1.8123774528503416,
CV2 | nets=8 | frames=2,test,68,-0.1319308250403395,1.2818503379821775,2,8,2,1.7762775421142578,
CV2 | nets=8 | frames=5,train,0,-0.0669511275618616,3.3186898231506348,2,8,5,-3.5297536849975586,
CV2 | nets=8 | frames=5,train,1,0.2410100211356636,3.29320764541626,2,8,5,-3.5125951766967773,
CV2 | nets=8 | frames=5,train,2,-0.0337183800006596,3.3192238807678223,2,8,5,-3.526649236679077,
CV2 | nets=8 | frames=5,train,3,-0.0707599670319939,3.364865064620972,2,8,5,-3.5701303482055664,
CV2 | nets=8 | frames=5,train,4,0.3079506710962201,3.245974540710449,2,8,5,-3.4680657386779785,
CV2 | nets=8 | frames=5,train,5,0.3524800528535854,3.128875255584717,2,8,5,-3.349437952041626,
CV2 | nets=8 | frames=5,train,6,-0.0810527879154043,3.3678975105285645,2,8,5,-3.577600479125977,
CV2 | nets=8 | frames=5,train,7,0.0229807605116772,3.357216119766236,2,8,5,-3.5625200271606445,
CV2 | nets=8 | frames=5,test,0,0.0950451355151094,3.277820110321045,2,8,5,-3.491246700286865,
CV2 | nets=8 | frames=5,test,1,-0.0648093100969477,3.3245630264282227,2,8,5,-3.5421624183654785,
CV2 | nets=8 | frames=5,test,2,-0.0036101382641459,3.2604355812072754,2,8,5,-3.4753360748291016,
CV2 | nets=8 | frames=5,test,3,0.2259070200709375,3.251993179321289,2,8,5,-3.4752683639526367,
CV2 | nets=8 | frames=5,test,4,-0.2448221358235529,3.388700485229492,2,8,5,-3.596033096313477,
CV2 | nets=8 | frames=5,test,5,-0.3251896560062025,3.363588809967041,2,8,5,-3.5765187740325928,
CV2 | nets=8 | frames=5,test,6,0.1639582164351763,3.2283194065093994,2,8,5,-3.443652868270874,
CV2 | nets=8 | frames=5,test,7,0.2767388091190165,3.2616171836853027,2,8,5,-3.4725704193115234,
CV2 | nets=8 | frames=5,test,8,0.2817123526652541,3.2428195476531982,2,8,5,-3.464851856231689,
CV2 | nets=8 | frames=5,test,9,-0.1737797852877405,3.3660473823547363,2,8,5,-3.570673704147339,
CV2 | nets=8 | frames=5,test,10,-0.5936111989220015,3.296309471130371,2,8,5,-3.507535219192505,
CV2 | nets=8 | frames=5,test,11,0.2708167150760829,3.216156244277954,2,8,5,-3.429926872253418,
CV2 | nets=8 | frames=5,test,12,-0.0488976389824205,3.3274543285369877,2,8,5,-3.537850379943848,
CV2 | nets=8 | frames=5,test,13,0.3374250403982374,3.115609169006348,2,8,5,-3.336615562438965,
CV2 | nets=8 | frames=5,test,14,0.144219835421564,3.275181293487549,2,8,5,-3.4819865226745605,
CV2 | nets=8 | frames=5,test,15,0.2238599590476573,3.2457926273345947,2,8,5,-3.457693576812744,
CV2 | nets=8 | frames=5,test,16,-0.2110936628700718,3.381208896636963,2,8,5,-3.584277868270874,
CV2 | nets=8 | frames=5,test,17,-0.135107647284631,3.4107706546783447,2,8,5,-3.610788345336914,
CV2 | nets=8 | frames=5,test,18,-0.2879174109079594,3.368152618408203,2,8,5,-3.567438125610352,
CV2 | nets=8 | frames=5,test,19,-0.0869858031149348,3.3565874099731445,2,8,5,-3.5581133365631104,
CV2 | nets=8 | frames=5,test,20,0.0729596003150843,3.312194347381592,2,8,5,-3.5296125411987305,
CV2 | nets=8 | frames=5,test,21,-0.0473741087700227,3.3377950191497803,2,8,5,-3.54548454284668,
CV2 | nets=8 | frames=5,test,22,-0.1740479126403528,3.4072864055633545,2,8,5,-3.608508586883545,
CV2 | nets=8 | frames=5,test,23,-0.1534844106106529,3.439256429672241,2,8,5,-3.649527549743652,
CV2 | nets=8 | frames=5,test,24,-0.3339993893646671,3.3512120246887207,2,8,5,-3.552431344985962,
CV2 | nets=8 | frames=5,test,25,-0.2983576891176249,3.2926058769226074,2,8,5,-3.4945130348205566,
CV2 | nets=8 | frames=5,test,26,-0.0843642366678143,3.3380651473999023,2,8,5,-3.55387544631958,
CV2 | nets=8 | frames=5,test,27,-0.2273098506600647,3.257195949554444,2,8,5,-3.465221405029297,
CV2 | nets=8 | frames=5,test,28,0.150316153738502,3.263636827468872,2,8,5,-3.4786696434021,
CV2 | nets=8 | frames=5,test,29,-0.2691509251686252,3.275408983230591,2,8,5,-3.48429536819458,
CV2 | nets=8 | frames=5,test,30,0.1269998279169667,3.3392555713653564,2,8,5,-3.5534396171569824,
CV2 | nets=8 | frames=5,test,31,0.3220806426408416,3.248067855834961,2,8,5,-3.4674441814422607,
CV2 | nets=8 | frames=5,test,32,-0.3233661435786948,3.4634194374084477,2,8,5,-3.673461437225342,
CV2 | nets=8 | frames=5,test,33,-0.1666568671096066,3.366687297821045,2,8,5,-3.572802782058716,
CV2 | nets=8 | frames=5,test,34,-0.0608276768648222,3.422855854034424,2,8,5,-3.6292545795440674,
CV2 | nets=8 | frames=5,test,35,0.2821721893243829,3.137490510940552,2,8,5,-3.3619935512542725,
CV2 | nets=8 | frames=5,test,36,-0.0591450573123482,3.357507944107056,2,8,5,-3.554617404937744,
CV2 | nets=8 | frames=5,test,37,-0.2523187814106471,3.364487648010254,2,8,5,-3.5680365562438965,
CV2 | nets=8 | frames=5,test,38,0.2693791688852633,3.242241382598877,2,8,5,-3.4590539932250977,
CV2 | nets=8 | frames=5,test,39,-0.157111034083224,3.332818031311035,2,8,5,-3.539357662200928,
CV2 | nets=8 | frames=5,test,40,0.1606833051492441,3.291717052459717,2,8,5,-3.509129047393799,
CV2 | nets=8 | frames=5,test,41,0.172504695096772,3.3612027168273926,2,8,5,-3.575282573699951,
CV2 | nets=8 | frames=5,test,42,0.3873779088920612,3.1674015522003174,2,8,5,-3.388993501663208,
CV2 | nets=8 | frames=5,test,43,-0.100209652453205,3.303328275680542,2,8,5,-3.50711727142334,
CV2 | nets=8 | frames=5,test,44,0.1807945702326933,3.3536083698272705,2,8,5,-3.570103645324707,
CV2 | nets=8 | frames=5,test,45,-0.2190887259038099,3.4078989028930664,2,8,5,-3.61154055595398,
CV2 | nets=8 | frames=5,test,46,0.0386789596579197,3.3105485439300537,2,8,5,-3.523127555847168,
CV2 | nets=8 | frames=5,test,47,-0.1466400227827606,3.3037233352661133,2,8,5,-3.515782833099365,
CV2 | nets=8 | frames=5,test,48,-0.1466582167541242,3.327577352523804,2,8,5,-3.5319197177886963,
CV2 | nets=8 | frames=5,test,49,0.3543707109293127,3.096177816390991,2,8,5,-3.31678318977356,
CV2 | nets=8 | frames=5,test,50,-0.2504451898786599,3.406938076019287,2,8,5,-3.6151609420776367,
CV2 | nets=8 | frames=5,test,51,-0.0803696162881754,3.292660713195801,2,8,5,-3.503389358520508,
CV2 | nets=8 | frames=5,test,52,-0.1277120103792852,3.390697956085205,2,8,5,-3.5966391563415527,
CV2 | nets=8 | frames=5,test,53,0.3812481697430855,3.2552528381347656,2,8,5,-3.4768166542053223,
CV2 | nets=8 | frames=5,test,54,-0.4003789014783009,3.387502431869507,2,8,5,-3.5986361503601074,
CV2 | nets=8 | frames=5,test,55,0.2511593493496609,3.2120792865753174,2,8,5,-3.422819137573242,
CV2 | nets=8 | frames=5,test,56,-0.1963377719651293,3.412891626358032,2,8,5,-3.622270584106445,
CV2 | nets=8 | frames=5,test,57,0.2011468693729077,3.306504726409912,2,8,5,-3.523653507232666,
CV2 | nets=8 | frames=5,test,58,0.1834175400503848,3.287790298461914,2,8,5,-3.5064496994018555,
CV2 | nets=8 | frames=5,test,59,0.1677718678598186,3.3336026668548584,2,8,5,-3.5436489582061768,
CV2 | nets=8 | frames=5,test,60,0.2103549124683166,3.2405872344970703,2,8,5,-3.460319757461548,
CV2 | nets=8 | frames=5,test,61,-0.2124182814927736,3.4165823459625244,2,8,5,-3.6251626014709473,
CV2 | nets=8 | frames=5,test,62,0.2427422463907798,3.266340732574463,2,8,5,-3.4805617332458496,
CV2 | nets=8 | frames=5,test,63,-0.198060037637249,3.3544464111328125,2,8,5,-3.561647415161133,
CV2 | nets=8 | frames=5,test,64,-0.3247762104239115,3.2722439765930176,2,8,5,-3.479485034942627,
CV2 | nets=8 | frames=5,test,65,-0.1773883670701692,3.279160499572754,2,8,5,-3.4900832176208496,
CV2 | nets=8 | frames=5,test,66,-0.2061780215112254,3.222123861312866,2,8,5,-3.428014039993286,
CV2 | nets=8 | frames=5,test,67,-0.1515654324056017,3.3241071701049805,2,8,5,-3.5355942249298096,
CV2 | nets=8 | frames=5,test,68,-0.1319308250403395,3.352494716644287,2,8,5,-3.5647406578063965,
CV2 | nets=8 | frames=10,train,0,-0.0669511275618616,3.283643960952759,2,8,10,5.611778259277344,
CV2 | nets=8 | frames=10,train,1,0.2410100211356636,-0.8905591368675232,2,8,10,4.787607192993164,
CV2 | nets=8 | frames=10,train,2,-0.0337183800006596,2.1881844997406006,2,8,10,5.664731502532959,
CV2 | nets=8 | frames=10,train,3,-0.0707599670319939,2.944514513015747,2,8,10,6.269465446472168,
CV2 | nets=8 | frames=10,train,4,0.3079506710962201,-1.4568372964859009,2,8,10,4.441234111785889,
CV2 | nets=8 | frames=10,train,5,0.3524800528535854,-2.3051462173461914,2,8,10,4.132441997528076,
CV2 | nets=8 | frames=10,train,6,-0.0810527879154043,3.585609197616577,2,8,10,5.887981414794922,
CV2 | nets=8 | frames=10,train,7,0.0229807605116772,2.316770553588867,2,8,10,5.856638431549072,
CV2 | nets=8 | frames=10,test,0,0.0950451355151094,1.6277790069580078,2,8,10,5.560519695281982,
CV2 | nets=8 | frames=10,test,1,-0.0648093100969477,2.373570919036865,2,8,10,5.840379238128662,
CV2 | nets=8 | frames=10,test,2,-0.0036101382641459,1.369209885597229,2,8,10,5.064539909362793,
CV2 | nets=8 | frames=10,test,3,0.2259070200709375,-1.302487015724182,2,8,10,4.609013557434082,
CV2 | nets=8 | frames=10,test,4,-0.2448221358235529,4.027027130126953,2,8,10,6.035290241241455,
CV2 | nets=8 | frames=10,test,5,-0.3251896560062025,3.045942068099976,2,8,10,5.5778093338012695,
CV2 | nets=8 | frames=10,test,6,0.1639582164351763,-1.254862904548645,2,8,10,4.709038257598877,
CV2 | nets=8 | frames=10,test,7,0.2767388091190165,0.1808277368545532,2,8,10,5.51728105545044,
CV2 | nets=8 | frames=10,test,8,0.2817123526652541,-1.5654456615447998,2,8,10,4.379611492156982,
CV2 | nets=8 | frames=10,test,9,-0.1737797852877405,4.531033039093018,2,8,10,6.505727767944336,
CV2 | nets=8 | frames=10,test,10,-0.5936111989220015,3.697173833847046,2,8,10,5.645598888397217,
CV2 | nets=8 | frames=10,test,11,0.2708167150760829,-0.7802999019622803,2,8,10,4.825044631958008,
CV2 | nets=8 | frames=10,test,12,-0.0488976389824205,2.479923725128174,2,8,10,5.556815147399902,
CV2 | nets=8 | frames=10,test,13,0.3374250403982374,-2.2241005897521973,2,8,10,4.45873498916626,
CV2 | nets=8 | frames=10,test,14,0.144219835421564,1.4364454746246338,2,8,10,5.5912370681762695,
CV2 | nets=8 | frames=10,test,15,0.2238599590476573,-0.518335223197937,2,8,10,4.794651031494141,
CV2 | nets=8 | frames=10,test,16,-0.2110936628700718,4.658552646636963,2,8,10,6.623504161834717,
CV2 | nets=8 | frames=10,test,17,-0.135107647284631,4.178308963775635,2,8,10,6.406785488128662,
CV2 | nets=8 | frames=10,test,18,-0.2879174109079594,4.464077472686768,2,8,10,6.390449047088623,
CV2 | nets=8 | frames=10,test,19,-0.0869858031149348,4.563632011413574,2,8,10,6.467231750488281,
CV2 | nets=8 | frames=10,test,20,0.0729596003150843,1.7049280405044556,2,8,10,5.049705505371094,
CV2 | nets=8 | frames=10,test,21,-0.0473741087700227,4.82573938369751,2,8,10,6.015509128570557,
CV2 | nets=8 | frames=10,test,22,-0.1740479126403528,3.631436586380005,2,8,10,6.514364719390869,
CV2 | nets=8 | frames=10,test,23,-0.1534844106106529,4.507395267486572,2,8,10,5.987478256225586,
CV2 | nets=8 | frames=10,test,24,-0.3339993893646671,4.451263904571533,2,8,10,6.387291431427002,
CV2 | nets=8 | frames=10,test,25,-0.2983576891176249,4.431597232818604,2,8,10,5.928024291992188,
CV2 | nets=8 | frames=10,test,26,-0.0843642366678143,1.9166818857192995,2,8,10,5.263062477111816,
CV2 | nets=8 | frames=10,test,27,-0.2273098506600647,3.6685636043548575,2,8,10,5.591482639312744,
CV2 | nets=8 | frames=10,test,28,0.150316153738502,-0.0601890683174133,2,8,10,5.105369567871094,
CV2 | nets=8 | frames=10,test,29,-0.2691509251686252,4.063161373138428,2,8,10,6.391336441040039,
CV2 | nets=8 | frames=10,test,30,0.1269998279169667,1.0338774919509888,2,8,10,5.22773551940918,
CV2 | nets=8 | frames=10,test,31,0.3220806426408416,-2.381677627563477,2,8,10,4.475453853607178,
CV2 | nets=8 | frames=10,test,32,-0.3233661435786948,4.168553352355957,2,8,10,6.071977615356445,
CV2 | nets=8 | frames=10,test,33,-0.1666568671096066,4.39211368560791,2,8,10,6.094712734222412,
CV2 | nets=8 | frames=10,test,34,-0.0608276768648222,3.519214868545532,2,8,10,6.092633724212647,
CV2 | nets=8 | frames=10,test,35,0.2821721893243829,-0.9434027075767516,2,8,10,4.565205097198486,
CV2 | nets=8 | frames=10,test,36,-0.0591450573123482,5.367945671081543,2,8,10,6.5821709632873535,
CV2 | nets=8 | frames=10,test,37,-0.2523187814106471,4.540538787841797,2,8,10,6.414554595947266,
CV2 | nets=8 | frames=10,test,38,0.2693791688852633,-0.1166800409555435,2,8,10,4.982069492340088,
CV2 | nets=8 | frames=10,test,39,-0.157111034083224,3.46272611618042,2,8,10,5.893207550048828,
CV2 | nets=8 | frames=10,test,40,0.1606833051492441,1.0593568086624146,2,8,10,5.227624416351318,
CV2 | nets=8 | frames=10,test,41,0.172504695096772,0.6997932195663452,2,8,10,5.456987380981445,
CV2 | nets=8 | frames=10,test,42,0.3873779088920612,-2.3447265625,2,8,10,4.280630588531494,
CV2 | nets=8 | frames=10,test,43,-0.100209652453205,3.746766805648804,2,8,10,6.26759147644043,
CV2 | nets=8 | frames=10,test,44,0.1807945702326933,0.5711265802383423,2,8,10,4.927353858947754,
CV2 | nets=8 | frames=10,test,45,-0.2190887259038099,3.8485145568847656,2,8,10,6.262335777282715,
CV2 | nets=8 | frames=10,test,46,0.0386789596579197,2.427091360092163,2,8,10,5.3046979904174805,
CV2 | nets=8 | frames=10,test,47,-0.1466400227827606,3.0250403881073,2,8,10,5.814338684082031,
CV2 | nets=8 | frames=10,test,48,-0.1466582167541242,4.472135066986084,2,8,10,6.089111804962158,
CV2 | nets=8 | frames=10,test,49,0.3543707109293127,-2.27776837348938,2,8,10,4.258624076843262,
CV2 | nets=8 | frames=10,test,50,-0.2504451898786599,4.040013790130615,2,8,10,6.1594767570495605,
CV2 | nets=8 | frames=10,test,51,-0.0803696162881754,3.358590602874756,2,8,10,5.426280498504639,
CV2 | nets=8 | frames=10,test,52,-0.1277120103792852,4.012909889221191,2,8,10,6.410593032836914,
CV2 | nets=8 | frames=10,test,53,0.3812481697430855,-2.0564568042755127,2,8,10,4.878877639770508,
CV2 | nets=8 | frames=10,test,54,-0.4003789014783009,4.106558322906494,2,8,10,6.007719993591309,
CV2 | nets=8 | frames=10,test,55,0.2511593493496609,0.2251362055540084,2,8,10,5.469953536987305,
CV2 | nets=8 | frames=10,test,56,-0.1963377719651293,4.657803058624268,2,8,10,6.017632007598877,
CV2 | nets=8 | frames=10,test,57,0.2011468693729077,0.597931981086731,2,8,10,5.020673751831055,
CV2 | nets=8 | frames=10,test,58,0.1834175400503848,1.2748287916183472,2,8,10,4.881356716156006,
CV2 | nets=8 | frames=10,test,59,0.1677718678598186,1.7774810791015625,2,8,10,5.784316062927246,
CV2 | nets=8 | frames=10,test,60,0.2103549124683166,-1.2715412378311155,2,8,10,4.657689094543457,
CV2 | nets=8 | frames=10,test,61,-0.2124182814927736,4.239353179931641,2,8,10,6.197572708129883,
CV2 | nets=8 | frames=10,test,62,0.2427422463907798,-0.1882405579090118,2,8,10,5.0123701095581055,
CV2 | nets=8 | frames=10,test,63,-0.198060037637249,5.078660011291504,2,8,10,5.982399940490723,
CV2 | nets=8 | frames=10,test,64,-0.3247762104239115,4.814802169799805,2,8,10,5.919769287109375,
CV2 | nets=8 | frames=10,test,65,-0.1773883670701692,2.6304547786712646,2,8,10,5.630228042602539,
CV2 | nets=8 | frames=10,test,66,-0.2061780215112254,3.1453397274017334,2,8,10,5.807013988494873,
CV2 | nets=8 | frames=10,test,67,-0.1515654324056017,4.196803092956543,2,8,10,5.698354721069336,
CV2 | nets=8 | frames=10,test,68,-0.1319308250403395,3.096545457839966,2,8,10,5.711064338684082,
CV2 | nets=8 | frames=25,train,0,-0.0669511275618616,5.962306976318359,2,8,25,-0.3545506596565246,
CV2 | nets=8 | frames=25,train,1,0.2410100211356636,4.356991767883301,2,8,25,4.125140190124512,
CV2 | nets=8 | frames=25,train,2,-0.0337183800006596,5.766993045806885,2,8,25,1.0483919382095337,
CV2 | nets=8 | frames=25,train,3,-0.0707599670319939,6.558098793029785,2,8,25,0.6952592730522156,
CV2 | nets=8 | frames=25,train,4,0.3079506710962201,3.8974509239196777,2,8,25,4.636820793151856,
CV2 | nets=8 | frames=25,train,5,0.3524800528535854,3.690865993499756,2,8,25,5.484510898590088,
CV2 | nets=8 | frames=25,train,6,-0.0810527879154043,6.097792148590088,2,8,25,-0.7451812028884888,
CV2 | nets=8 | frames=25,train,7,0.0229807605116772,6.0778398513793945,2,8,25,1.0087871551513672,
CV2 | nets=8 | frames=25,test,0,0.0950451355151094,5.782560348510742,2,8,25,1.7519934177398682,
CV2 | nets=8 | frames=25,test,1,-0.0648093100969477,5.705026626586914,2,8,25,0.7837930917739868,
CV2 | nets=8 | frames=25,test,2,-0.0036101382641459,5.139335632324219,2,8,25,1.5795265436172483,
CV2 | nets=8 | frames=25,test,3,0.2259070200709375,3.94976019859314,2,8,25,4.678838729858398,
CV2 | nets=8 | frames=25,test,4,-0.2448221358235529,6.3476104736328125,2,8,25,-1.0564874410629272,
CV2 | nets=8 | frames=25,test,5,-0.3251896560062025,5.672042369842529,2,8,25,-0.2054051011800766,
CV2 | nets=8 | frames=25,test,6,0.1639582164351763,4.163427352905273,2,8,25,4.631242752075195,
CV2 | nets=8 | frames=25,test,7,0.2767388091190165,5.239312171936035,2,8,25,3.4402823448181152,
CV2 | nets=8 | frames=25,test,8,0.2817123526652541,3.613492250442505,2,8,25,4.604613304138184,
CV2 | nets=8 | frames=25,test,9,-0.1737797852877405,7.266231060028076,2,8,25,-1.1986223459243774,
CV2 | nets=8 | frames=25,test,10,-0.5936111989220015,6.022681713104248,2,8,25,-0.949765920639038,
CV2 | nets=8 | frames=25,test,11,0.2708167150760829,4.5541582107543945,2,8,25,4.022761821746826,
CV2 | nets=8 | frames=25,test,12,-0.0488976389824205,5.671884536743164,2,8,25,0.6612753868103027,
CV2 | nets=8 | frames=25,test,13,0.3374250403982374,3.689308881759644,2,8,25,5.619804859161377,
CV2 | nets=8 | frames=25,test,14,0.144219835421564,5.571865558624268,2,8,25,2.028773546218872,
CV2 | nets=8 | frames=25,test,15,0.2238599590476573,4.469459056854248,2,8,25,3.6355173587799072,
CV2 | nets=8 | frames=25,test,16,-0.2110936628700718,7.082319259643555,2,8,25,-1.3839902877807615,
CV2 | nets=8 | frames=25,test,17,-0.135107647284631,6.610936164855957,2,8,25,-0.948877215385437,
CV2 | nets=8 | frames=25,test,18,-0.2879174109079594,6.909070014953613,2,8,25,-1.2405089139938354,
CV2 | nets=8 | frames=25,test,19,-0.0869858031149348,6.90412712097168,2,8,25,-1.1359636783599854,
CV2 | nets=8 | frames=25,test,20,0.0729596003150843,5.077253818511963,2,8,25,1.2803723812103271,
CV2 | nets=8 | frames=25,test,21,-0.0473741087700227,6.6849365234375,2,8,25,-1.7122671604156494,
CV2 | nets=8 | frames=25,test,22,-0.1740479126403528,6.766503810882568,2,8,25,-0.5583098530769348,
CV2 | nets=8 | frames=25,test,23,-0.1534844106106529,6.467829704284668,2,8,25,-1.796645164489746,
CV2 | nets=8 | frames=25,test,24,-0.3339993893646671,6.887421607971191,2,8,25,-1.2703802585601809,
CV2 | nets=8 | frames=25,test,25,-0.2983576891176249,6.575943470001221,2,8,25,-1.27368426322937,
CV2 | nets=8 | frames=25,test,26,-0.0843642366678143,4.993026256561279,2,8,25,1.061762452125549,
CV2 | nets=8 | frames=25,test,27,-0.2273098506600647,6.029937744140625,2,8,25,-1.0107133388519287,
CV2 | nets=8 | frames=25,test,28,0.150316153738502,4.902537345886231,2,8,25,3.421203136444092,
CV2 | nets=8 | frames=25,test,29,-0.2691509251686252,7.023104667663574,2,8,25,-0.7789896130561829,
CV2 | nets=8 | frames=25,test,30,0.1269998279169667,4.9813971519470215,2,8,25,2.0434446334838867,
CV2 | nets=8 | frames=25,test,31,0.3220806426408416,3.8028271198272714,2,8,25,5.848203182220459,
CV2 | nets=8 | frames=25,test,32,-0.3233661435786948,6.226816177368164,2,8,25,-1.138875126838684,
CV2 | nets=8 | frames=25,test,33,-0.1666568671096066,6.804710388183594,2,8,25,-1.1891908645629885,
CV2 | nets=8 | frames=25,test,34,-0.0608276768648222,6.386402130126953,2,8,25,-0.2416974455118179,
CV2 | nets=8 | frames=25,test,35,0.2821721893243829,4.49396276473999,2,8,25,4.071495056152344,
CV2 | nets=8 | frames=25,test,36,-0.0591450573123482,7.381343841552734,2,8,25,-2.152343988418579,
CV2 | nets=8 | frames=25,test,37,-0.2523187814106471,6.900184631347656,2,8,25,-1.594402551651001,
CV2 | nets=8 | frames=25,test,38,0.2693791688852633,4.617188453674316,2,8,25,3.2658257484436035,
CV2 | nets=8 | frames=25,test,39,-0.157111034083224,5.960446357727051,2,8,25,-0.1729437857866287,
CV2 | nets=8 | frames=25,test,40,0.1606833051492441,5.123848915100098,2,8,25,2.116406917572021,
CV2 | nets=8 | frames=25,test,41,0.172504695096772,5.235438346862793,2,8,25,2.651363611221313,
CV2 | nets=8 | frames=25,test,42,0.3873779088920612,3.742066383361816,2,8,25,5.6458282470703125,
CV2 | nets=8 | frames=25,test,43,-0.100209652453205,6.6585469245910645,2,8,25,-0.4903368949890136,
CV2 | nets=8 | frames=25,test,44,0.1807945702326933,4.659437656402588,2,8,25,2.5213887691497803,
CV2 | nets=8 | frames=25,test,45,-0.2190887259038099,6.4457550048828125,2,8,25,-0.569763720035553,
CV2 | nets=8 | frames=25,test,46,0.0386789596579197,5.797197818756104,2,8,25,0.549938976764679,
CV2 | nets=8 | frames=25,test,47,-0.1466400227827606,6.045184135437012,2,8,25,0.1553850322961807,
CV2 | nets=8 | frames=25,test,48,-0.1466582167541242,6.645705223083496,2,8,25,-1.3492871522903442,
CV2 | nets=8 | frames=25,test,49,0.3543707109293127,3.780853748321533,2,8,25,5.56303596496582,
CV2 | nets=8 | frames=25,test,50,-0.2504451898786599,6.579768180847168,2,8,25,-0.7889114022254944,
CV2 | nets=8 | frames=25,test,51,-0.0803696162881754,6.083501815795898,2,8,25,-0.5008674263954163,
CV2 | nets=8 | frames=25,test,52,-0.1277120103792852,6.782686233520508,2,8,25,-0.718185305595398,
CV2 | nets=8 | frames=25,test,53,0.3812481697430855,4.185543537139893,2,8,25,5.930639266967773,
CV2 | nets=8 | frames=25,test,54,-0.4003789014783009,6.418337821960449,2,8,25,-1.2086153030395508,
CV2 | nets=8 | frames=25,test,55,0.2511593493496609,5.403374671936035,2,8,25,3.2803452014923096,
CV2 | nets=8 | frames=25,test,56,-0.1963377719651293,6.66111946105957,2,8,25,-1.6559054851531982,
CV2 | nets=8 | frames=25,test,57,0.2011468693729077,4.715919017791748,2,8,25,2.447465419769287,
CV2 | nets=8 | frames=25,test,58,0.1834175400503848,4.988070487976074,2,8,25,1.4315754175186155,
CV2 | nets=8 | frames=25,test,59,0.1677718678598186,5.810025691986084,2,8,25,1.497788667678833,
CV2 | nets=8 | frames=25,test,60,0.2103549124683166,4.329945087432861,2,8,25,4.64656925201416,
CV2 | nets=8 | frames=25,test,61,-0.2124182814927736,6.519028663635254,2,8,25,-1.1782538890838623,
CV2 | nets=8 | frames=25,test,62,0.2427422463907798,4.647340297698975,2,8,25,3.5454490184783936,
CV2 | nets=8 | frames=25,test,63,-0.198060037637249,6.828170299530029,2,8,25,-2.314409017562866,
CV2 | nets=8 | frames=25,test,64,-0.3247762104239115,6.408255577087402,2,8,25,-2.104172468185425,
CV2 | nets=8 | frames=25,test,65,-0.1773883670701692,5.729428291320801,2,8,25,0.4700986742973327,
CV2 | nets=8 | frames=25,test,66,-0.2061780215112254,6.284125328063965,2,8,25,-0.0501677989959716,
CV2 | nets=8 | frames=25,test,67,-0.1515654324056017,6.311981201171875,2,8,25,-1.4931893348693848,
CV2 | nets=8 | frames=25,test,68,-0.1319308250403395,5.922109603881836,2,8,25,-0.0492821633815765,
CV2 | nets=8 | frames=50,train,0,-0.0669511275618616,5.0214385986328125,2,8,50,2.5203442573547363,
CV2 | nets=8 | frames=50,train,1,0.2410100211356636,5.043442249298096,2,8,50,-1.9878361225128172,
CV2 | nets=8 | frames=50,train,2,-0.0337183800006596,5.130342960357666,2,8,50,1.3423967361450195,
CV2 | nets=8 | frames=50,train,3,-0.0707599670319939,5.769536018371582,2,8,50,1.5272278785705566,
CV2 | nets=8 | frames=50,train,4,0.3079506710962201,4.657577037811279,2,8,50,-2.635825634002685,
CV2 | nets=8 | frames=50,train,5,0.3524800528535854,4.904016017913818,2,8,50,-3.4303598403930664,
CV2 | nets=8 | frames=50,train,6,-0.0810527879154043,4.861442565917969,2,8,50,3.3380374908447266,
CV2 | nets=8 | frames=50,train,7,0.0229807605116772,5.429812431335449,2,8,50,1.4149470329284668,
CV2 | nets=8 | frames=50,test,0,0.0950451355151094,5.314291000366211,2,8,50,0.6005231738090515,
CV2 | nets=8 | frames=50,test,1,-0.0648093100969477,5.147676467895508,2,8,50,1.7686142921447754,
CV2 | nets=8 | frames=50,test,2,-0.0036101382641459,4.854306221008301,2,8,50,0.7411393523216248,
CV2 | nets=8 | frames=50,test,3,0.2259070200709375,4.725265026092529,2,8,50,-2.552342653274536,
CV2 | nets=8 | frames=50,test,4,-0.2448221358235529,5.188685894012451,2,8,50,3.2783918380737305,
CV2 | nets=8 | frames=50,test,5,-0.3251896560062025,4.8410844802856445,2,8,50,2.3338217735290527,
CV2 | nets=8 | frames=50,test,6,0.1639582164351763,5.086486339569092,2,8,50,-2.307328701019287,
CV2 | nets=8 | frames=50,test,7,0.2767388091190165,5.541488170623779,2,8,50,-0.9980903267860411,
CV2 | nets=8 | frames=50,test,8,0.2817123526652541,4.733077526092529,2,8,50,-2.532477617263794,
CV2 | nets=8 | frames=50,test,9,-0.1737797852877405,5.484371185302734,2,8,50,3.770251274108887,
CV2 | nets=8 | frames=50,test,10,-0.5936111989220015,4.56598711013794,2,8,50,3.466890335083008,
CV2 | nets=8 | frames=50,test,11,0.2708167150760829,5.291594982147217,2,8,50,-1.7402024269104004,
CV2 | nets=8 | frames=50,test,12,-0.0488976389824205,5.0664825439453125,2,8,50,1.6043238639831543,
CV2 | nets=8 | frames=50,test,13,0.3374250403982374,5.202711582183838,2,8,50,-3.214787483215332,
CV2 | nets=8 | frames=50,test,14,0.144219835421564,5.294803619384766,2,8,50,0.1413816213607788,
CV2 | nets=8 | frames=50,test,15,0.2238599590476573,5.096301078796387,2,8,50,-1.3246639966964722,
CV2 | nets=8 | frames=50,test,16,-0.2110936628700718,5.62165641784668,2,8,50,3.8890321254730233,
CV2 | nets=8 | frames=50,test,17,-0.135107647284631,5.445056915283203,2,8,50,3.5839109420776367,
CV2 | nets=8 | frames=50,test,18,-0.2879174109079594,5.539066791534424,2,8,50,3.814632654190064,
CV2 | nets=8 | frames=50,test,19,-0.0869858031149348,5.530742168426514,2,8,50,3.5028016567230225,
CV2 | nets=8 | frames=50,test,20,0.0729596003150843,4.640659332275391,2,8,50,0.6668662428855896,
CV2 | nets=8 | frames=50,test,21,-0.0473741087700227,5.297080993652344,2,8,50,4.000650405883789,
CV2 | nets=8 | frames=50,test,22,-0.1740479126403528,5.722362041473389,2,8,50,3.070386409759521,
CV2 | nets=8 | frames=50,test,23,-0.1534844106106529,4.880397319793701,2,8,50,4.086634159088135,
CV2 | nets=8 | frames=50,test,24,-0.3339993893646671,5.848299026489258,2,8,50,3.734700918197632,
CV2 | nets=8 | frames=50,test,25,-0.2983576891176249,5.331584930419922,2,8,50,3.59765625,
CV2 | nets=8 | frames=50,test,26,-0.0843642366678143,4.736517429351807,2,8,50,0.9630433917045592,
CV2 | nets=8 | frames=50,test,27,-0.2273098506600647,4.9143147468566895,2,8,50,3.037216186523437,
CV2 | nets=8 | frames=50,test,28,0.150316153738502,5.327994346618652,2,8,50,-1.2385238409042358,
CV2 | nets=8 | frames=50,test,29,-0.2691509251686252,5.528395652770996,2,8,50,3.239223003387451,
CV2 | nets=8 | frames=50,test,30,0.1269998279169667,4.876241207122803,2,8,50,0.1474796533584594,
CV2 | nets=8 | frames=50,test,31,0.3220806426408416,5.226614952087402,2,8,50,-3.531402587890625,
CV2 | nets=8 | frames=50,test,32,-0.3233661435786948,5.019618034362793,2,8,50,3.479048728942871,
CV2 | nets=8 | frames=50,test,33,-0.1666568671096066,5.270263671875,2,8,50,3.6133415699005127,
CV2 | nets=8 | frames=50,test,34,-0.0608276768648222,5.213860034942627,2,8,50,2.51956844329834,
CV2 | nets=8 | frames=50,test,35,0.2821721893243829,5.210151672363281,2,8,50,-1.781142234802246,
CV2 | nets=8 | frames=50,test,36,-0.0591450573123482,5.616939544677734,2,8,50,4.934780120849609,
CV2 | nets=8 | frames=50,test,37,-0.2523187814106471,5.514450550079346,2,8,50,4.252505779266357,
CV2 | nets=8 | frames=50,test,38,0.2693791688852633,5.170784950256348,2,8,50,-1.0315449237823486,
CV2 | nets=8 | frames=50,test,39,-0.157111034083224,5.171325206756592,2,8,50,2.0801327228546143,
CV2 | nets=8 | frames=50,test,40,0.1606833051492441,4.8929443359375,2,8,50,-0.0233990065753459,
CV2 | nets=8 | frames=50,test,41,0.172504695096772,5.289295196533203,2,8,50,-0.2040148973464965,
CV2 | nets=8 | frames=50,test,42,0.3873779088920612,5.049970626831055,2,8,50,-3.311097860336304,
CV2 | nets=8 | frames=50,test,43,-0.100209652453205,5.594022750854492,2,8,50,3.081238031387329,
CV2 | nets=8 | frames=50,test,44,0.1807945702326933,4.794346332550049,2,8,50,-0.5217971801757812,
CV2 | nets=8 | frames=50,test,45,-0.2190887259038099,5.259180545806885,2,8,50,3.001380443572998,
CV2 | nets=8 | frames=50,test,46,0.0386789596579197,5.046153545379639,2,8,50,1.808239459991455,
CV2 | nets=8 | frames=50,test,47,-0.1466400227827606,5.025117874145508,2,8,50,2.19728946685791,
CV2 | nets=8 | frames=50,test,48,-0.1466582167541242,5.226171493530273,2,8,50,4.01374626159668,
CV2 | nets=8 | frames=50,test,49,0.3543707109293127,4.906719207763672,2,8,50,-3.356209278106689,
CV2 | nets=8 | frames=50,test,50,-0.2504451898786599,5.289673805236816,2,8,50,3.177466869354248,
CV2 | nets=8 | frames=50,test,51,-0.0803696162881754,5.185745716094971,2,8,50,2.865821599960327,
CV2 | nets=8 | frames=50,test,52,-0.1277120103792852,5.428520202636719,2,8,50,3.0443239212036133,
CV2 | nets=8 | frames=50,test,53,0.3812481697430855,5.1388750076293945,2,8,50,-3.730898380279541,
CV2 | nets=8 | frames=50,test,54,-0.4003789014783009,5.066283226013184,2,8,50,3.4314208030700684,
CV2 | nets=8 | frames=50,test,55,0.2511593493496609,5.565112590789795,2,8,50,-0.7866620421409607,
CV2 | nets=8 | frames=50,test,56,-0.1963377719651293,5.158012866973877,2,8,50,3.985260009765625,
CV2 | nets=8 | frames=50,test,57,0.2011468693729077,4.748717784881592,2,8,50,-0.2818577289581299,
CV2 | nets=8 | frames=50,test,58,0.1834175400503848,4.784543514251709,2,8,50,0.7645383477210999,
CV2 | nets=8 | frames=50,test,59,0.1677718678598186,5.436071395874023,2,8,50,1.0569168329238892,
CV2 | nets=8 | frames=50,test,60,0.2103549124683166,4.850506782531738,2,8,50,-2.4577107429504395,
CV2 | nets=8 | frames=50,test,61,-0.2124182814927736,5.17130184173584,2,8,50,3.5925214290618896,
CV2 | nets=8 | frames=50,test,62,0.2427422463907798,5.10484504699707,2,8,50,-1.2966930866241455,
CV2 | nets=8 | frames=50,test,63,-0.198060037637249,4.988529682159424,2,8,50,4.789367198944092,
CV2 | nets=8 | frames=50,test,64,-0.3247762104239115,4.86558198928833,2,8,50,4.383157253265381,
CV2 | nets=8 | frames=50,test,65,-0.1773883670701692,4.816264152526856,2,8,50,1.7820876836776731,
CV2 | nets=8 | frames=50,test,66,-0.2061780215112254,5.368251323699951,2,8,50,2.6289584636688232,
CV2 | nets=8 | frames=50,test,67,-0.1515654324056017,4.846151351928711,2,8,50,3.7548561096191406,
CV2 | nets=8 | frames=50,test,68,-0.1319308250403395,4.888410568237305,2,8,50,2.289243459701538,
CV2 | nets=8 | frames=100,train,0,-0.0669511275618616,3.694075107574463,2,8,100,4.500248432159424,
CV2 | nets=8 | frames=100,train,1,0.2410100211356636,-1.2444111108779907,2,8,100,3.267397165298462,
CV2 | nets=8 | frames=100,train,2,-0.0337183800006596,2.59169602394104,2,8,100,4.466043949127197,
CV2 | nets=8 | frames=100,train,3,-0.0707599670319939,2.794589042663574,2,8,100,5.149745941162109,
CV2 | nets=8 | frames=100,train,4,0.3079506710962201,-1.8775728940963743,2,8,100,2.5535261631011963,
CV2 | nets=8 | frames=100,train,5,0.3524800528535854,-2.8610432147979736,2,8,100,2.838810443878174,
CV2 | nets=8 | frames=100,train,6,-0.0810527879154043,4.403607368469238,2,8,100,4.6946892738342285,
CV2 | nets=8 | frames=100,train,7,0.0229807605116772,2.654798984527588,2,8,100,4.901726722717285,
CV2 | nets=8 | frames=100,test,0,0.0950451355151094,1.5289983749389648,2,8,100,4.1086273193359375,
CV2 | nets=8 | frames=100,test,1,-0.0648093100969477,2.6951818466186523,2,8,100,4.200956344604492,
CV2 | nets=8 | frames=100,test,2,-0.0036101382641459,1.6054810285568235,2,8,100,3.906430959701538,
CV2 | nets=8 | frames=100,test,3,0.2259070200709375,-1.950877070426941,2,8,100,2.4555959701538086,
CV2 | nets=8 | frames=100,test,4,-0.2448221358235529,4.722626209259033,2,8,100,5.06525993347168,
CV2 | nets=8 | frames=100,test,5,-0.3251896560062025,3.598318099975586,2,8,100,4.371758937835693,
CV2 | nets=8 | frames=100,test,6,0.1639582164351763,-1.5870866775512695,2,8,100,3.3028578758239746,
CV2 | nets=8 | frames=100,test,7,0.2767388091190165,-0.1044832542538642,2,8,100,4.022818088531494,
CV2 | nets=8 | frames=100,test,8,0.2817123526652541,-1.959607005119324,2,8,100,2.587728500366211,
CV2 | nets=8 | frames=100,test,9,-0.1737797852877405,5.076375961303711,2,8,100,5.592398643493652,
CV2 | nets=8 | frames=100,test,10,-0.5936111989220015,4.67897367477417,2,8,100,4.451858043670654,
CV2 | nets=8 | frames=100,test,11,0.2708167150760829,-1.0261329412460327,2,8,100,3.68267273902893,
CV2 | nets=8 | frames=100,test,12,-0.0488976389824205,2.861196517944336,2,8,100,4.352423191070557,
CV2 | nets=8 | frames=100,test,13,0.3374250403982374,-3.0494775772094727,2,8,100,2.8226046562194824,
CV2 | nets=8 | frames=100,test,14,0.144219835421564,1.2895113229751587,2,8,100,4.1051788330078125,
CV2 | nets=8 | frames=100,test,15,0.2238599590476573,-0.6919853687286377,2,8,100,3.7047951221466064,
CV2 | nets=8 | frames=100,test,16,-0.2110936628700718,5.248287200927734,2,8,100,5.694855690002441,
CV2 | nets=8 | frames=100,test,17,-0.135107647284631,4.924545764923096,2,8,100,5.55878210067749,
CV2 | nets=8 | frames=100,test,18,-0.2879174109079594,5.132049560546875,2,8,100,5.761239528656006,
CV2 | nets=8 | frames=100,test,19,-0.0869858031149348,4.754299640655518,2,8,100,5.3362650871276855,
CV2 | nets=8 | frames=100,test,20,0.0729596003150843,1.6906930208206177,2,8,100,3.4979052543640137,
CV2 | nets=8 | frames=100,test,21,-0.0473741087700227,5.2961835861206055,2,8,100,5.157033443450928,
CV2 | nets=8 | frames=100,test,22,-0.1740479126403528,4.350418567657471,2,8,100,5.713245868682861,
CV2 | nets=8 | frames=100,test,23,-0.1534844106106529,5.475888252258301,2,8,100,4.9332194328308105,
CV2 | nets=8 | frames=100,test,24,-0.3339993893646671,4.963699817657471,2,8,100,5.807008743286133,
CV2 | nets=8 | frames=100,test,25,-0.2983576891176249,4.913328170776367,2,8,100,5.379455089569092,
CV2 | nets=8 | frames=100,test,26,-0.0843642366678143,1.997768998146057,2,8,100,3.51091742515564,
CV2 | nets=8 | frames=100,test,27,-0.2273098506600647,4.134323596954346,2,8,100,4.656347751617432,
CV2 | nets=8 | frames=100,test,28,0.150316153738502,-0.4012271165847778,2,8,100,3.807098150253296,
CV2 | nets=8 | frames=100,test,29,-0.2691509251686252,4.395226955413818,2,8,100,5.365126132965088,
CV2 | nets=8 | frames=100,test,30,0.1269998279169667,1.089296579360962,2,8,100,3.7037160396575928,
CV2 | nets=8 | frames=100,test,31,0.3220806426408416,-2.894810199737549,2,8,100,2.879638433456421,
CV2 | nets=8 | frames=100,test,32,-0.3233661435786948,4.9393839836120605,2,8,100,4.622045040130615,
CV2 | nets=8 | frames=100,test,33,-0.1666568671096066,4.954627990722656,2,8,100,5.335113525390625,
CV2 | nets=8 | frames=100,test,34,-0.0608276768648222,3.907781600952149,2,8,100,4.788779258728027,
CV2 | nets=8 | frames=100,test,35,0.2821721893243829,-1.282562255859375,2,8,100,3.2990710735321045,
CV2 | nets=8 | frames=100,test,36,-0.0591450573123482,6.207048416137695,2,8,100,6.315828800201416,
CV2 | nets=8 | frames=100,test,37,-0.2523187814106471,5.537915229797363,2,8,100,5.650720119476318,
CV2 | nets=8 | frames=100,test,38,0.2693791688852633,-0.3293516635894775,2,8,100,3.5030782222747803,
CV2 | nets=8 | frames=100,test,39,-0.157111034083224,3.378147602081299,2,8,100,4.448763370513916,
CV2 | nets=8 | frames=100,test,40,0.1606833051492441,0.982464075088501,2,8,100,3.362516403198242,
CV2 | nets=8 | frames=100,test,41,0.172504695096772,0.7412683367729187,2,8,100,3.929715394973755,
CV2 | nets=8 | frames=100,test,42,0.3873779088920612,-2.913902521133423,2,8,100,2.877524137496948,
CV2 | nets=8 | frames=100,test,43,-0.100209652453205,4.2548651695251465,2,8,100,5.57239294052124,
CV2 | nets=8 | frames=100,test,44,0.1807945702326933,0.5020857453346252,2,8,100,3.3597517013549805,
CV2 | nets=8 | frames=100,test,45,-0.2190887259038099,4.365612983703613,2,8,100,5.035237312316895,
CV2 | nets=8 | frames=100,test,46,0.0386789596579197,2.9962189197540283,2,8,100,4.405450820922852,
CV2 | nets=8 | frames=100,test,47,-0.1466400227827606,3.418567419052124,2,8,100,4.428221702575684,
CV2 | nets=8 | frames=100,test,48,-0.1466582167541242,5.288306713104248,2,8,100,5.263281345367432,
CV2 | nets=8 | frames=100,test,49,0.3543707109293127,-2.9407200813293457,2,8,100,2.7485508918762207,
CV2 | nets=8 | frames=100,test,50,-0.2504451898786599,4.717958927154541,2,8,100,5.167001247406006,
CV2 | nets=8 | frames=100,test,51,-0.0803696162881754,4.027195453643799,2,8,100,4.791275024414063,
CV2 | nets=8 | frames=100,test,52,-0.1277120103792852,4.427370548248291,2,8,100,5.272946834564209,
CV2 | nets=8 | frames=100,test,53,0.3812481697430855,-3.059331178665161,2,8,100,2.793885469436645,
CV2 | nets=8 | frames=100,test,54,-0.4003789014783009,4.713348388671875,2,8,100,4.795878887176514,
CV2 | nets=8 | frames=100,test,55,0.2511593493496609,-0.1187280938029289,2,8,100,4.167480945587158,
CV2 | nets=8 | frames=100,test,56,-0.1963377719651293,5.395772933959961,2,8,100,5.145142078399658,
CV2 | nets=8 | frames=100,test,57,0.2011468693729077,0.5606126189231873,2,8,100,3.3266258239746094,
CV2 | nets=8 | frames=100,test,58,0.1834175400503848,1.6450074911117554,2,8,100,3.6654052734375,
CV2 | nets=8 | frames=100,test,59,0.1677718678598186,1.9537371397018437,2,8,100,4.395744800567627,
CV2 | nets=8 | frames=100,test,60,0.2103549124683166,-1.7211976051330566,2,8,100,2.962648630142212,
CV2 | nets=8 | frames=100,test,61,-0.2124182814927736,5.0223798751831055,2,8,100,4.927526473999023,
CV2 | nets=8 | frames=100,test,62,0.2427422463907798,-0.5163642168045044,2,8,100,3.445112943649292,
CV2 | nets=8 | frames=100,test,63,-0.198060037637249,6.128247261047363,2,8,100,5.3924431800842285,
CV2 | nets=8 | frames=100,test,64,-0.3247762104239115,5.364662170410156,2,8,100,4.851113796234131,
CV2 | nets=8 | frames=100,test,65,-0.1773883670701692,3.046461820602417,2,8,100,4.239490985870361,
CV2 | nets=8 | frames=100,test,66,-0.2061780215112254,3.75618052482605,2,8,100,4.999493598937988,
CV2 | nets=8 | frames=100,test,67,-0.1515654324056017,5.231182098388672,2,8,100,4.688297271728516,
CV2 | nets=8 | frames=100,test,68,-0.1319308250403395,3.4608845710754395,2,8,100,4.255842685699463,
CV3 | nets=1 | frames=2,train,0,-0.0669511275618616,0.2399243414402008,3,1,2,-0.0867603123188018,-0.6316760778427124
CV3 | nets=1 | frames=2,test,0,-0.2360464098886152,0.2476417422294616,3,1,2,-0.0784493908286094,-0.6323327422142029
CV3 | nets=1 | frames=2,test,1,0.1295779047889524,0.279066264629364,3,1,2,-0.1152170300483703,-0.6835170984268188
CV3 | nets=1 | frames=2,test,2,-0.1623723264424866,0.2297919392585754,3,1,2,-0.0832069218158721,-0.612107515335083
CV3 | nets=1 | frames=2,test,3,-0.123156073161201,0.2635890543460846,3,1,2,-0.1043164134025573,-0.6626166701316833
CV3 | nets=1 | frames=2,test,4,0.3453760393512503,0.2814014256000519,3,1,2,-0.1176509037613868,-0.694062352180481
CV3 | nets=1 | frames=2,test,5,-0.3979398483632574,0.2380824983119964,3,1,2,-0.08592090010643,-0.6259253025054932
CV3 | nets=1 | frames=2,test,6,0.2126940386242633,0.2710276842117309,3,1,2,-0.1128111779689788,-0.6712912321090698
CV3 | nets=1 | frames=2,test,7,0.0950451355151094,0.2525545954704284,3,1,2,-0.0979532748460769,-0.6500185132026672
CV3 | nets=1 | frames=2,test,8,-0.0648093100969477,0.2591891288757324,3,1,2,-0.1047859638929367,-0.6604878902435303
CV3 | nets=1 | frames=2,test,9,-0.0036101382641459,0.2615872919559479,3,1,2,-0.1027588993310928,-0.6604094505310059
CV3 | nets=1 | frames=2,test,10,0.2259070200709375,0.285283088684082,3,1,2,-0.1232198849320411,-0.6930136680603027
CV3 | nets=1 | frames=2,test,11,-0.2448221358235529,0.2431171536445617,3,1,2,-0.0899846851825714,-0.6345463395118713
CV3 | nets=1 | frames=2,test,12,-0.3251896560062025,0.2520091831684112,3,1,2,-0.1038302406668663,-0.6536259651184082
CV3 | nets=1 | frames=2,test,13,0.1639582164351763,0.2749926149845123,3,1,2,-0.1073620170354843,-0.6723464727401733
CV3 | nets=1 | frames=2,test,14,0.2767388091190165,0.2775281071662903,3,1,2,-0.1067021265625953,-0.6742871403694153
CV3 | nets=1 | frames=2,test,15,0.2817123526652541,0.2894048988819122,3,1,2,-0.1280226558446884,-0.6984961628913879
CV3 | nets=1 | frames=2,test,16,-0.1737797852877405,0.2406583428382873,3,1,2,-0.081612505018711,-0.6260712146759033
CV3 | nets=1 | frames=2,test,17,-0.5936111989220015,0.2380792796611786,3,1,2,-0.0983411967754364,-0.6272925138473511
CV3 | nets=1 | frames=2,test,18,0.2708167150760829,0.272626668214798,3,1,2,-0.0991589874029159,-0.6729788780212402
CV3 | nets=1 | frames=2,test,19,-0.0488976389824205,0.2511989772319793,3,1,2,-0.0979349762201309,-0.6458830237388611
CV3 | nets=1 | frames=2,test,20,0.3374250403982374,0.3008673191070556,3,1,2,-0.1147496998310089,-0.7015912532806396
CV3 | nets=1 | frames=2,test,21,0.144219835421564,0.2599125802516937,3,1,2,-0.1009360253810882,-0.6472508907318115
CV3 | nets=1 | frames=2,test,22,0.2238599590476573,0.2707952857017517,3,1,2,-0.1002455800771713,-0.6613720059394836
CV3 | nets=1 | frames=2,test,23,-0.2110936628700718,0.2421948015689849,3,1,2,-0.0824241116642952,-0.623520016670227
CV3 | nets=1 | frames=2,test,24,-0.135107647284631,0.2373174279928207,3,1,2,-0.0768270418047905,-0.6119809150695801
CV3 | nets=1 | frames=2,test,25,-0.2879174109079594,0.2386887967586517,3,1,2,-0.0748958438634872,-0.6143537163734436
CV3 | nets=1 | frames=2,test,26,-0.0869858031149348,0.2430423498153686,3,1,2,-0.0823645517230033,-0.6229340434074402
CV3 | nets=1 | frames=2,test,27,0.0729596003150843,0.25830739736557,3,1,2,-0.1071085780858993,-0.6623814105987549
CV3 | nets=1 | frames=2,test,28,-0.0473741087700227,0.238832026720047,3,1,2,-0.0852308422327041,-0.6311406493186951
CV3 | nets=1 | frames=2,test,29,-0.1740479126403528,0.2415231764316558,3,1,2,-0.0803844630718231,-0.6188015937805176
CV3 | nets=1 | frames=2,test,30,-0.1534844106106529,0.229852870106697,3,1,2,-0.0886061117053031,-0.624592661857605
CV3 | nets=1 | frames=2,test,31,-0.3339993893646671,0.2426173090934753,3,1,2,-0.074202261865139,-0.6222753524780273
CV3 | nets=1 | frames=2,test,32,-0.2983576891176249,0.2469518780708313,3,1,2,-0.0839239805936813,-0.6291139721870422
CV3 | nets=1 | frames=2,test,33,-0.0843642366678143,0.2661958336830139,3,1,2,-0.1155007779598236,-0.6659296154975891
CV3 | nets=1 | frames=2,test,34,-0.2273098506600647,0.2474516332149505,3,1,2,-0.0839808136224746,-0.6307247877120972
CV3 | nets=1 | frames=2,test,35,0.150316153738502,0.2716847956180572,3,1,2,-0.1030251011252403,-0.6720208525657654
CV3 | nets=1 | frames=2,test,36,-0.2691509251686252,0.2419628798961639,3,1,2,-0.0840914919972419,-0.6348219513893127
CV3 | nets=1 | frames=2,test,37,0.1269998279169667,0.2588056921958923,3,1,2,-0.1041602194309234,-0.6535123586654663
CV3 | nets=1 | frames=2,test,38,0.3220806426408416,0.2773790657520294,3,1,2,-0.1151800453662872,-0.6843963265419006
CV3 | nets=1 | frames=2,test,39,-0.3233661435786948,0.2315233498811721,3,1,2,-0.092731162905693,-0.6245907545089722
CV3 | nets=1 | frames=2,test,40,-0.1666568671096066,0.2374005168676376,3,1,2,-0.0845356583595275,-0.6281465888023376
CV3 | nets=1 | frames=2,test,41,-0.0608276768648222,0.2479627132415771,3,1,2,-0.0978396385908126,-0.6398366093635559
CV3 | nets=1 | frames=2,test,42,0.2821721893243829,0.2790072560310364,3,1,2,-0.1119761317968368,-0.6976248025894165
CV3 | nets=1 | frames=2,test,43,-0.0591450573123482,0.2284304648637771,3,1,2,-0.0665742456912994,-0.5994674563407898
CV3 | nets=1 | frames=2,test,44,-0.2523187814106471,0.2314762324094772,3,1,2,-0.0782979875802993,-0.6123790144920349
CV3 | nets=1 | frames=2,test,45,0.2693791688852633,0.2765111923217773,3,1,2,-0.1080481261014938,-0.6797241568565369
CV3 | nets=1 | frames=2,test,46,-0.157111034083224,0.2551290988922119,3,1,2,-0.1007784754037857,-0.6417860984802246
CV3 | nets=1 | frames=2,test,47,0.1606833051492441,0.2599765360355377,3,1,2,-0.1101865321397781,-0.6617153882980347
CV3 | nets=1 | frames=2,test,48,0.172504695096772,0.2487339079380035,3,1,2,-0.0892819464206695,-0.6447857022285461
CV3 | nets=1 | frames=2,test,49,0.3873779088920612,0.2831247448921203,3,1,2,-0.108664721250534,-0.6867594122886658
CV3 | nets=1 | frames=2,test,50,-0.100209652453205,0.2410020232200622,3,1,2,-0.0768159627914428,-0.6222603917121887
CV3 | nets=1 | frames=2,test,51,0.1807945702326933,0.2603150904178619,3,1,2,-0.1092395409941673,-0.6660738587379456
CV3 | nets=1 | frames=2,test,52,-0.2190887259038099,0.2491959333419799,3,1,2,-0.0919469892978668,-0.6296992897987366
CV3 | nets=1 | frames=2,test,53,0.0386789596579197,0.2442818582057953,3,1,2,-0.092558741569519,-0.6465431451797485
CV3 | nets=1 | frames=2,test,54,-0.1466400227827606,0.2549382746219635,3,1,2,-0.1029214560985565,-0.6491852402687073
CV3 | nets=1 | frames=2,test,55,-0.1466582167541242,0.2288091778755188,3,1,2,-0.0787395387887954,-0.6102561354637146
CV3 | nets=1 | frames=2,test,56,0.3543707109293127,0.2970183193683624,3,1,2,-0.1223550289869308,-0.7029083371162415
CV3 | nets=1 | frames=2,test,57,-0.2504451898786599,0.2332911938428878,3,1,2,-0.0830400884151458,-0.6267844438552856
CV3 | nets=1 | frames=2,test,58,-0.0803696162881754,0.2381118237972259,3,1,2,-0.0832816064357757,-0.6392910480499268
CV3 | nets=1 | frames=2,test,59,-0.1277120103792852,0.2447320222854614,3,1,2,-0.0912321060895919,-0.632047176361084
CV3 | nets=1 | frames=2,test,60,0.3812481697430855,0.2883685231208801,3,1,2,-0.1198997423052787,-0.6959744691848755
CV3 | nets=1 | frames=2,test,61,-0.4003789014783009,0.2352820187807083,3,1,2,-0.08953507989645,-0.6303166151046753
CV3 | nets=1 | frames=2,test,62,0.2511593493496609,0.2809995114803314,3,1,2,-0.1023026183247566,-0.6743396520614624
CV3 | nets=1 | frames=2,test,63,-0.1963377719651293,0.228673368692398,3,1,2,-0.0807332396507263,-0.6243888735771179
CV3 | nets=1 | frames=2,test,64,0.2011468693729077,0.2646881937980652,3,1,2,-0.1097921654582023,-0.6650916337966919
CV3 | nets=1 | frames=2,test,65,0.1834175400503848,0.2488130331039428,3,1,2,-0.0985044911503791,-0.6590150594711304
CV3 | nets=1 | frames=2,test,66,0.1677718678598186,0.2613182365894317,3,1,2,-0.0958658903837204,-0.6526698470115662
CV3 | nets=1 | frames=2,test,67,0.2103549124683166,0.2722472846508026,3,1,2,-0.1095478162169456,-0.674814760684967
CV3 | nets=1 | frames=2,test,68,-0.2124182814927736,0.2402538359165191,3,1,2,-0.0935897678136825,-0.634421706199646
CV3 | nets=1 | frames=2,test,69,0.2427422463907798,0.2720660269260406,3,1,2,-0.1069251000881195,-0.6674047112464905
CV3 | nets=1 | frames=2,test,70,-0.198060037637249,0.2349795699119568,3,1,2,-0.0870746374130249,-0.6299083232879639
CV3 | nets=1 | frames=2,test,71,-0.3247762104239115,0.2534770667552948,3,1,2,-0.0959526747465133,-0.6368639469146729
CV3 | nets=1 | frames=2,test,72,-0.1773883670701692,0.2697747051715851,3,1,2,-0.1147061586380004,-0.6670110821723938
CV3 | nets=1 | frames=2,test,73,-0.2061780215112254,0.2444400191307068,3,1,2,-0.0833925530314445,-0.6268662810325623
CV3 | nets=1 | frames=2,test,74,-0.1515654324056017,0.232267826795578,3,1,2,-0.087648794054985,-0.6316617727279663
CV3 | nets=1 | frames=2,test,75,-0.1319308250403395,0.2536545991897583,3,1,2,-0.1025571227073669,-0.6481520533561707
CV3 | nets=1 | frames=5,train,0,-0.0669511275618616,-0.4866440296173095,3,1,5,0.3101381659507751,-0.0607769340276718
CV3 | nets=1 | frames=5,test,0,-0.2360464098886152,-0.4507035911083221,3,1,5,0.2945228517055511,-0.0660891160368919
CV3 | nets=1 | frames=5,test,1,0.1295779047889524,-0.4849300980567932,3,1,5,0.3180397450923919,-0.0900151878595352
CV3 | nets=1 | frames=5,test,2,-0.1623723264424866,-0.4991873502731323,3,1,5,0.309053361415863,-0.045253463089466
CV3 | nets=1 | frames=5,test,3,-0.123156073161201,-0.4771982431411743,3,1,5,0.310139387845993,-0.0823316723108291
CV3 | nets=1 | frames=5,test,4,0.3453760393512503,-0.4894672036170959,3,1,5,0.3255621194839477,-0.0989205837249755
CV3 | nets=1 | frames=5,test,5,-0.3979398483632574,-0.4934271574020386,3,1,5,0.3096810579299927,-0.0517135933041572
CV3 | nets=1 | frames=5,test,6,0.2126940386242633,-0.445511519908905,3,1,5,0.3068040907382965,-0.1002281606197357
CV3 | nets=1 | frames=5,test,7,0.0950451355151094,-0.4889649748802185,3,1,5,0.315117210149765,-0.073303535580635
CV3 | nets=1 | frames=5,test,8,-0.0648093100969477,-0.4345797896385193,3,1,5,0.2987543642520904,-0.1018883138895034
CV3 | nets=1 | frames=5,test,9,-0.0036101382641459,-0.469515860080719,3,1,5,0.3090541064739227,-0.0873067080974578
CV3 | nets=1 | frames=5,test,10,0.2259070200709375,-0.4147332012653351,3,1,5,0.3010537624359131,-0.1270926594734192
CV3 | nets=1 | frames=5,test,11,-0.2448221358235529,-0.48930424451828,3,1,5,0.3091539442539215,-0.0589406341314315
CV3 | nets=1 | frames=5,test,12,-0.3251896560062025,-0.4888049960136413,3,1,5,0.3150360882282257,-0.0728718861937522
CV3 | nets=1 | frames=5,test,13,0.1639582164351763,-0.4442870616912842,3,1,5,0.3044226765632629,-0.0970014631748199
CV3 | nets=1 | frames=5,test,14,0.2767388091190165,-0.4626668691635132,3,1,5,0.3072689473628998,-0.0868314653635025
CV3 | nets=1 | frames=5,test,15,0.2817123526652541,-0.4270341992378235,3,1,5,0.3044334948062897,-0.1233696117997169
CV3 | nets=1 | frames=5,test,16,-0.1737797852877405,-0.4819204807281494,3,1,5,0.3034504055976867,-0.0561496838927269
CV3 | nets=1 | frames=5,test,17,-0.5936111989220015,-0.4820975959300995,3,1,5,0.307696670293808,-0.068009153008461
CV3 | nets=1 | frames=5,test,18,0.2708167150760829,-0.4796708822250366,3,1,5,0.3145258128643036,-0.078969731926918
CV3 | nets=1 | frames=5,test,19,-0.0488976389824205,-0.48918217420578,3,1,5,0.3135928213596344,-0.065970167517662
CV3 | nets=1 | frames=5,test,20,0.3374250403982374,-0.3828356862068176,3,1,5,0.286860316991806,-0.1351808607578277
CV3 | nets=1 | frames=5,test,21,0.144219835421564,-0.4852467179298401,3,1,5,0.3113437592983246,-0.0629260689020156
CV3 | nets=1 | frames=5,test,22,0.2238599590476573,-0.4399013519287109,3,1,5,0.2990097105503082,-0.0908832401037216
CV3 | nets=1 | frames=5,test,23,-0.2110936628700718,-0.466749906539917,3,1,5,0.2978619039058685,-0.0580072179436683
CV3 | nets=1 | frames=5,test,24,-0.135107647284631,-0.4563649296760559,3,1,5,0.2923153340816498,-0.0524695292115211
CV3 | nets=1 | frames=5,test,25,-0.2879174109079594,-0.4788793623447418,3,1,5,0.2992947399616241,-0.0425944775342941
CV3 | nets=1 | frames=5,test,26,-0.0869858031149348,-0.4809801876544952,3,1,5,0.3026190996170044,-0.0485929585993289
CV3 | nets=1 | frames=5,test,27,0.0729596003150843,-0.476858377456665,3,1,5,0.3151284754276275,-0.0850382596254348
CV3 | nets=1 | frames=5,test,28,-0.0473741087700227,-0.5129318237304688,3,1,5,0.3160207867622375,-0.0467882826924324
CV3 | nets=1 | frames=5,test,29,-0.1740479126403528,-0.450755625963211,3,1,5,0.2915780246257782,-0.060580275952816
CV3 | nets=1 | frames=5,test,30,-0.1534844106106529,-0.5004640221595764,3,1,5,0.3137817680835724,-0.0583316572010517
CV3 | nets=1 | frames=5,test,31,-0.3339993893646671,-0.4741809964179992,3,1,5,0.2987445592880249,-0.0491105765104293
CV3 | nets=1 | frames=5,test,32,-0.2983576891176249,-0.505299985408783,3,1,5,0.3098315000534057,-0.0453295409679412
CV3 | nets=1 | frames=5,test,33,-0.0843642366678143,-0.4362125396728515,3,1,5,0.301281601190567,-0.0985676646232605
CV3 | nets=1 | frames=5,test,34,-0.2273098506600647,-0.4569592475891113,3,1,5,0.2970801591873169,-0.0679221451282501
CV3 | nets=1 | frames=5,test,35,0.150316153738502,-0.4623045623302459,3,1,5,0.3089646697044372,-0.0888453871011734
CV3 | nets=1 | frames=5,test,36,-0.2691509251686252,-0.5117997527122498,3,1,5,0.3166652619838714,-0.0522334650158882
CV3 | nets=1 | frames=5,test,37,0.1269998279169667,-0.4405661821365356,3,1,5,0.3002033829689026,-0.0916316732764244
CV3 | nets=1 | frames=5,test,38,0.3220806426408416,-0.4668168425559997,3,1,5,0.3163952231407165,-0.1012472510337829
CV3 | nets=1 | frames=5,test,39,-0.3233661435786948,-0.4816766083240509,3,1,5,0.3095438778400421,-0.0631217807531356
CV3 | nets=1 | frames=5,test,40,-0.1666568671096066,-0.5187774896621704,3,1,5,0.3178658485412597,-0.0469945222139358
CV3 | nets=1 | frames=5,test,41,-0.0608276768648222,-0.4918612837791443,3,1,5,0.3116589486598968,-0.0609403699636459
CV3 | nets=1 | frames=5,test,42,0.2821721893243829,-0.4990190863609314,3,1,5,0.3275051712989807,-0.0955750346183776
CV3 | nets=1 | frames=5,test,43,-0.0591450573123482,-0.4951846003532409,3,1,5,0.3007566034793854,-0.0325544029474258
CV3 | nets=1 | frames=5,test,44,-0.2523187814106471,-0.4796505272388458,3,1,5,0.2999247908592224,-0.0507141686975955
CV3 | nets=1 | frames=5,test,45,0.2693791688852633,-0.4502137303352356,3,1,5,0.3060495555400848,-0.0990181714296341
CV3 | nets=1 | frames=5,test,46,-0.157111034083224,-0.4686060547828674,3,1,5,0.3041716516017914,-0.0660667121410369
CV3 | nets=1 | frames=5,test,47,0.1606833051492441,-0.4689391553401947,3,1,5,0.3124748468399048,-0.0871995389461517
CV3 | nets=1 | frames=5,test,48,0.172504695096772,-0.4630979895591736,3,1,5,0.307021826505661,-0.0800906419754028
CV3 | nets=1 | frames=5,test,49,0.3873779088920612,-0.4294790029525757,3,1,5,0.3030298948287964,-0.1143696904182434
CV3 | nets=1 | frames=5,test,50,-0.100209652453205,-0.48609060049057,3,1,5,0.3037202060222626,-0.0498622208833694
CV3 | nets=1 | frames=5,test,51,0.1807945702326933,-0.484266847372055,3,1,5,0.3183958828449249,-0.0843097269535064
CV3 | nets=1 | frames=5,test,52,-0.2190887259038099,-0.4407835304737091,3,1,5,0.2914740145206451,-0.0709526687860488
CV3 | nets=1 | frames=5,test,53,0.0386789596579197,-0.5328280329704285,3,1,5,0.3281110823154449,-0.0554382726550102
CV3 | nets=1 | frames=5,test,54,-0.1466400227827606,-0.4632678627967834,3,1,5,0.3044109642505646,-0.0816695392131805
CV3 | nets=1 | frames=5,test,55,-0.1466582167541242,-0.503898561000824,3,1,5,0.3098995387554168,-0.0413115471601486
CV3 | nets=1 | frames=5,test,56,0.3543707109293127,-0.4447737038135528,3,1,5,0.3084637224674225,-0.1158902198076248
CV3 | nets=1 | frames=5,test,57,-0.2504451898786599,-0.5114789009094238,3,1,5,0.3177173733711242,-0.0483463257551193
CV3 | nets=1 | frames=5,test,58,-0.0803696162881754,-0.5530098676681519,3,1,5,0.3326014280319214,-0.0409584268927574
CV3 | nets=1 | frames=5,test,59,-0.1277120103792852,-0.4704132974147796,3,1,5,0.302063524723053,-0.0634902268648147
CV3 | nets=1 | frames=5,test,60,0.3812481697430855,-0.4258072972297668,3,1,5,0.3048067092895508,-0.118781492114067
CV3 | nets=1 | frames=5,test,61,-0.4003789014783009,-0.494308590888977,3,1,5,0.3130901753902435,-0.0617362335324287
CV3 | nets=1 | frames=5,test,62,0.2511593493496609,-0.4429889917373657,3,1,5,0.2991034686565399,-0.0930466279387474
CV3 | nets=1 | frames=5,test,63,-0.1963377719651293,-0.5225513577461243,3,1,5,0.3212862014770508,-0.0438623428344726
CV3 | nets=1 | frames=5,test,64,0.2011468693729077,-0.4437395930290222,3,1,5,0.3038635551929474,-0.0984381586313247
CV3 | nets=1 | frames=5,test,65,0.1834175400503848,-0.517145574092865,3,1,5,0.3278078138828277,-0.0722165778279304
CV3 | nets=1 | frames=5,test,66,0.1677718678598186,-0.4337259531021118,3,1,5,0.2940934002399444,-0.0891176983714103
CV3 | nets=1 | frames=5,test,67,0.2103549124683166,-0.4502775967121124,3,1,5,0.308651864528656,-0.1032136976718902
CV3 | nets=1 | frames=5,test,68,-0.2124182814927736,-0.494134783744812,3,1,5,0.3119899928569793,-0.0610992610454559
CV3 | nets=1 | frames=5,test,69,0.2427422463907798,-0.4422480165958404,3,1,5,0.3022438883781433,-0.0947873145341873
CV3 | nets=1 | frames=5,test,70,-0.198060037637249,-0.5319287180900574,3,1,5,0.322340577840805,-0.0470479950308799
CV3 | nets=1 | frames=5,test,71,-0.3247762104239115,-0.4392477869987488,3,1,5,0.2910123765468597,-0.0767779499292373
CV3 | nets=1 | frames=5,test,72,-0.1773883670701692,-0.4732641875743866,3,1,5,0.309145450592041,-0.0837812572717666
CV3 | nets=1 | frames=5,test,73,-0.2061780215112254,-0.4937367439270019,3,1,5,0.3082919418811798,-0.0510388426482677
CV3 | nets=1 | frames=5,test,74,-0.1515654324056017,-0.5340209603309631,3,1,5,0.3258040249347687,-0.0467511117458343
CV3 | nets=1 | frames=5,test,75,-0.1319308250403395,-0.4560796022415161,3,1,5,0.3025362491607666,-0.0844999104738235
CV3 | nets=1 | frames=10,train,0,-0.0669511275618616,0.0746018439531326,3,1,10,1.0600868463516235,0.132118210196495
CV3 | nets=1 | frames=10,test,0,-0.2360464098886152,0.0677466988563537,3,1,10,1.0487240552902222,0.1293869465589523
CV3 | nets=1 | frames=10,test,1,0.1295779047889524,0.0928256288170814,3,1,10,1.1617661714553833,0.1161686405539512
CV3 | nets=1 | frames=10,test,2,-0.1623723264424866,0.0445089489221572,3,1,10,0.9831168055534364,0.1656847298145294
CV3 | nets=1 | frames=10,test,3,-0.123156073161201,0.0769307017326355,3,1,10,1.1181354522705078,0.1358353048563003
CV3 | nets=1 | frames=10,test,4,0.3453760393512503,0.1161508113145828,3,1,10,1.2126901149749756,0.0951072573661804
CV3 | nets=1 | frames=10,test,5,-0.3979398483632574,0.0543462038040161,3,1,10,1.020506739616394,0.1575692296028137
CV3 | nets=1 | frames=10,test,6,0.2126940386242633,0.1156358867883682,3,1,10,1.190045952796936,0.0943266972899437
CV3 | nets=1 | frames=10,test,7,0.0950451355151094,0.083096444606781,3,1,10,1.0992496013641355,0.1265970021486282
CV3 | nets=1 | frames=10,test,8,-0.0648093100969477,0.105438694357872,3,1,10,1.1800237894058228,0.1115778014063835
CV3 | nets=1 | frames=10,test,9,-0.0036101382641459,0.0878823101520538,3,1,10,1.1362591981887815,0.1234762668609619
CV3 | nets=1 | frames=10,test,10,0.2259070200709375,0.1319529712200164,3,1,10,1.264448642730713,0.0864569321274757
CV3 | nets=1 | frames=10,test,11,-0.2448221358235529,0.057107076048851,3,1,10,1.039040446281433,0.1560155153274536
CV3 | nets=1 | frames=10,test,12,-0.3251896560062025,0.079518049955368,3,1,10,1.1065449714660645,0.1383980214595794
CV3 | nets=1 | frames=10,test,13,0.1639582164351763,0.0988992601633071,3,1,10,1.158920407295227,0.1099292263388633
CV3 | nets=1 | frames=10,test,14,0.2767388091190165,0.0778584405779838,3,1,10,1.1243557929992676,0.1310157924890518
CV3 | nets=1 | frames=10,test,15,0.2817123526652541,0.1230393052101135,3,1,10,1.2528753280639648,0.0962909683585167
CV3 | nets=1 | frames=10,test,16,-0.1737797852877405,0.0480751693248748,3,1,10,1.0151289701461792,0.1603807359933853
CV3 | nets=1 | frames=10,test,17,-0.5936111989220015,0.0792468339204788,3,1,10,1.084149718284607,0.1323673278093338
CV3 | nets=1 | frames=10,test,18,0.2708167150760829,0.0838657021522522,3,1,10,1.1162174940109253,0.1195302382111549
CV3 | nets=1 | frames=10,test,19,-0.0488976389824205,0.0754017531871795,3,1,10,1.0796345472335815,0.1349468231201172
CV3 | nets=1 | frames=10,test,20,0.3374250403982374,0.1260132789611816,3,1,10,1.263066649436951,0.0771570578217506
CV3 | nets=1 | frames=10,test,21,0.144219835421564,0.0663193240761756,3,1,10,1.0572110414505005,0.1390771567821502
CV3 | nets=1 | frames=10,test,22,0.2238599590476573,0.0869513303041458,3,1,10,1.1257193088531494,0.1185763999819755
CV3 | nets=1 | frames=10,test,23,-0.2110936628700718,0.0496712923049926,3,1,10,1.0155373811721802,0.1579620838165283
CV3 | nets=1 | frames=10,test,24,-0.135107647284631,0.0412034317851066,3,1,10,0.982311487197876,0.1646877825260162
CV3 | nets=1 | frames=10,test,25,-0.2879174109079594,0.0357231870293617,3,1,10,0.9656051993370056,0.1654346883296966
CV3 | nets=1 | frames=10,test,26,-0.0869858031149348,0.045336440205574,3,1,10,0.995633900165558,0.1575822979211807
CV3 | nets=1 | frames=10,test,27,0.0729596003150843,0.1005655527114868,3,1,10,1.1532305479049685,0.1146366074681282
CV3 | nets=1 | frames=10,test,28,-0.0473741087700227,0.0557924434542655,3,1,10,1.0242780447006226,0.15089812874794
CV3 | nets=1 | frames=10,test,29,-0.1740479126403528,0.0436667054891586,3,1,10,0.999556839466095,0.1659486293792724
CV3 | nets=1 | frames=10,test,30,-0.1534844106106529,0.0627654939889907,3,1,10,1.0453051328659058,0.1573976129293441
CV3 | nets=1 | frames=10,test,31,-0.3339993893646671,0.0394272059202194,3,1,10,0.982765257358551,0.1615831106901168
CV3 | nets=1 | frames=10,test,32,-0.2983576891176249,0.0389688685536384,3,1,10,0.9947366118431092,0.1617666482925415
CV3 | nets=1 | frames=10,test,33,-0.0843642366678143,0.1056025400757789,3,1,10,1.177619218826294,0.111898235976696
CV3 | nets=1 | frames=10,test,34,-0.2273098506600647,0.070395678281784,3,1,10,1.0565688610076904,0.1277786642313003
CV3 | nets=1 | frames=10,test,35,0.150316153738502,0.0899541303515434,3,1,10,1.1402480602264404,0.1200997456908226
CV3 | nets=1 | frames=10,test,36,-0.2691509251686252,0.0613684207201004,3,1,10,1.03897225856781,0.1422064751386642
CV3 | nets=1 | frames=10,test,37,0.1269998279169667,0.0940602123737335,3,1,10,1.1376242637634275,0.1217888817191124
CV3 | nets=1 | frames=10,test,38,0.3220806426408416,0.1059017777442932,3,1,10,1.1851576566696167,0.1107293888926506
CV3 | nets=1 | frames=10,test,39,-0.3233661435786948,0.0738661661744117,3,1,10,1.0603084564208984,0.1460926532745361
CV3 | nets=1 | frames=10,test,40,-0.1666568671096066,0.048883244395256,3,1,10,1.0128635168075562,0.1616189032793045
CV3 | nets=1 | frames=10,test,41,-0.0608276768648222,0.0560938417911529,3,1,10,1.0450010299682615,0.1613323390483856
CV3 | nets=1 | frames=10,test,42,0.2821721893243829,0.1147958189249038,3,1,10,1.2114782333374023,0.0932491198182106
CV3 | nets=1 | frames=10,test,43,-0.0591450573123482,0.0222730431705713,3,1,10,0.927651345729828,0.1775770336389541
CV3 | nets=1 | frames=10,test,44,-0.2523187814106471,0.0441304966807365,3,1,10,0.9898842573165894,0.1631205976009369
CV3 | nets=1 | frames=10,test,45,0.2693791688852633,0.0977775305509567,3,1,10,1.1712660789489746,0.112658716738224
CV3 | nets=1 | frames=10,test,46,-0.157111034083224,0.0692664235830307,3,1,10,1.0657634735107422,0.1388714164495468
CV3 | nets=1 | frames=10,test,47,0.1606833051492441,0.1041524484753608,3,1,10,1.1563671827316284,0.1098778247833252
CV3 | nets=1 | frames=10,test,48,0.172504695096772,0.0851187109947204,3,1,10,1.100150465965271,0.1287367790937423
CV3 | nets=1 | frames=10,test,49,0.3873779088920612,0.1203436255455017,3,1,10,1.220780372619629,0.0866707041859626
CV3 | nets=1 | frames=10,test,50,-0.100209652453205,0.0480700805783271,3,1,10,1.001905083656311,0.1523507237434387
CV3 | nets=1 | frames=10,test,51,0.1807945702326933,0.0927808657288551,3,1,10,1.141096830368042,0.1271018087863922
CV3 | nets=1 | frames=10,test,52,-0.2190887259038099,0.0590875893831253,3,1,10,1.0468734502792358,0.1524377167224884
CV3 | nets=1 | frames=10,test,53,0.0386789596579197,0.0665717646479606,3,1,10,1.059353590011597,0.1448297202587127
CV3 | nets=1 | frames=10,test,54,-0.1466400227827606,0.0841550976037979,3,1,10,1.120222806930542,0.1285509467124939
CV3 | nets=1 | frames=10,test,55,-0.1466582167541242,0.0502844080328941,3,1,10,0.9881802201271056,0.1529330313205719
CV3 | nets=1 | frames=10,test,56,0.3543707109293127,0.1158199459314346,3,1,10,1.235531210899353,0.0902734994888305
CV3 | nets=1 | frames=10,test,57,-0.2504451898786599,0.0584799349308013,3,1,10,1.022818684577942,0.1544840931892395
CV3 | nets=1 | frames=10,test,58,-0.0803696162881754,0.0580931976437568,3,1,10,1.0255354642868042,0.1465766131877899
CV3 | nets=1 | frames=10,test,59,-0.1277120103792852,0.059085763990879,3,1,10,1.0417579412460327,0.1528796851634979
CV3 | nets=1 | frames=10,test,60,0.3812481697430855,0.1216628700494766,3,1,10,1.2360329627990725,0.0956514626741409
CV3 | nets=1 | frames=10,test,61,-0.4003789014783009,0.0721968859434127,3,1,10,1.064303994178772,0.1427026093006134
CV3 | nets=1 | frames=10,test,62,0.2511593493496609,0.0787693560123443,3,1,10,1.129867672920227,0.124878816306591
CV3 | nets=1 | frames=10,test,63,-0.1963377719651293,0.0573985427618026,3,1,10,1.0143532752990725,0.1556132584810257
CV3 | nets=1 | frames=10,test,64,0.2011468693729077,0.1037183552980423,3,1,10,1.1708199977874756,0.112662635743618
CV3 | nets=1 | frames=10,test,65,0.1834175400503848,0.0915253758430481,3,1,10,1.1231274604797363,0.1220179125666618
CV3 | nets=1 | frames=10,test,66,0.1677718678598186,0.0781093835830688,3,1,10,1.1078463792800903,0.1318966150283813
CV3 | nets=1 | frames=10,test,67,0.2103549124683166,0.10991732776165,3,1,10,1.187590718269348,0.1034183576703071
CV3 | nets=1 | frames=10,test,68,-0.2124182814927736,0.0606532543897628,3,1,10,1.0506904125213623,0.1569348275661468
CV3 | nets=1 | frames=10,test,69,0.2427422463907798,0.0955270379781723,3,1,10,1.1504132747650146,0.114258162677288
CV3 | nets=1 | frames=10,test,70,-0.198060037637249,0.0512036681175231,3,1,10,1.0245543718338013,0.1599140167236328
CV3 | nets=1 | frames=10,test,71,-0.3247762104239115,0.0750354975461959,3,1,10,1.087448000907898,0.1277345865964889
CV3 | nets=1 | frames=10,test,72,-0.1773883670701692,0.0791409239172935,3,1,10,1.1310142278671265,0.1338048875331878
CV3 | nets=1 | frames=10,test,73,-0.2061780215112254,0.0589779093861579,3,1,10,1.0197488069534302,0.1364196836948394
CV3 | nets=1 | frames=10,test,74,-0.1515654324056017,0.0645565390586853,3,1,10,1.03734290599823,0.144652709364891
CV3 | nets=1 | frames=10,test,75,-0.1319308250403395,0.0847628489136695,3,1,10,1.1212846040725708,0.1309313774108886
CV3 | nets=1 | frames=25,train,0,-0.0669511275618616,-1.2233219146728516,3,1,25,-2.2081992626190186,-1.1453016996383667
CV3 | nets=1 | frames=25,test,0,-0.2360464098886152,-1.2118706703186035,3,1,25,-2.178710699081421,-1.1263651847839355
CV3 | nets=1 | frames=25,test,1,0.1295779047889524,-1.2996045351028442,3,1,25,-2.345723867416382,-1.2301188707351685
CV3 | nets=1 | frames=25,test,2,-0.1623723264424866,-1.219857692718506,3,1,25,-2.2001023292541504,-1.1259269714355469
CV3 | nets=1 | frames=25,test,3,-0.123156073161201,-1.2815682888031006,3,1,25,-2.3174006938934326,-1.2051966190338137
CV3 | nets=1 | frames=25,test,4,0.3453760393512503,-1.3157379627227783,3,1,25,-2.378955125808716,-1.2581335306167605
CV3 | nets=1 | frames=25,test,5,-0.3979398483632574,-1.2352632284164429,3,1,25,-2.2268192768096924,-1.143833041191101
CV3 | nets=1 | frames=25,test,6,0.2126940386242633,-1.2745134830474854,3,1,25,-2.313103675842285,-1.2197911739349363
CV3 | nets=1 | frames=25,test,7,0.0950451355151094,-1.2550702095031738,3,1,25,-2.266770601272583,-1.1810941696166992
CV3 | nets=1 | frames=25,test,8,-0.0648093100969477,-1.2710916996002195,3,1,25,-2.3167083263397217,-1.2143683433532717
CV3 | nets=1 | frames=25,test,9,-0.0036101382641459,-1.2773126363754272,3,1,25,-2.3142354488372803,-1.207923412322998
CV3 | nets=1 | frames=25,test,10,0.2259070200709375,-1.3132519721984863,3,1,25,-2.3980653285980225,-1.2691556215286257
CV3 | nets=1 | frames=25,test,11,-0.2448221358235529,-1.2474886178970337,3,1,25,-2.251050472259521,-1.1593866348266602
CV3 | nets=1 | frames=25,test,12,-0.3251896560062025,-1.263369917869568,3,1,25,-2.287477493286133,-1.1897834539413452
CV3 | nets=1 | frames=25,test,13,0.1639582164351763,-1.285881280899048,3,1,25,-2.324406385421753,-1.2176021337509155
CV3 | nets=1 | frames=25,test,14,0.2767388091190165,-1.2927179336547852,3,1,25,-2.3300223350524902,-1.2122925519943235
CV3 | nets=1 | frames=25,test,15,0.2817123526652541,-1.326049566268921,3,1,25,-2.417463541030884,-1.2776165008544922
CV3 | nets=1 | frames=25,test,16,-0.1737797852877405,-1.2341647148132324,3,1,25,-2.2227163314819336,-1.139204502105713
CV3 | nets=1 | frames=25,test,17,-0.5936111989220015,-1.233469843864441,3,1,25,-2.2422754764556885,-1.1658129692077637
CV3 | nets=1 | frames=25,test,18,0.2708167150760829,-1.2756555080413818,3,1,25,-2.2876198291778564,-1.194559097290039
CV3 | nets=1 | frames=25,test,19,-0.0488976389824205,-1.2471873760223389,3,1,25,-2.2512035369873047,-1.168673753738403
CV3 | nets=1 | frames=25,test,20,0.3374250403982374,-1.3130440711975098,3,1,25,-2.383465528488159,-1.2612686157226562
CV3 | nets=1 | frames=25,test,21,0.144219835421564,-1.249959945678711,3,1,25,-2.248871088027954,-1.1641583442687988
CV3 | nets=1 | frames=25,test,22,0.2238599590476573,-1.271838665008545,3,1,25,-2.296564102172852,-1.196783423423767
CV3 | nets=1 | frames=25,test,23,-0.2110936628700718,-1.2294117212295532,3,1,25,-2.216599702835083,-1.1356559991836548
CV3 | nets=1 | frames=25,test,24,-0.135107647284631,-1.2146075963974,3,1,25,-2.187227487564087,-1.1149818897247314
CV3 | nets=1 | frames=25,test,25,-0.2879174109079594,-1.2085388898849487,3,1,25,-2.1650660037994385,-1.1029900312423706
CV3 | nets=1 | frames=25,test,26,-0.0869858031149348,-1.2144819498062134,3,1,25,-2.182358741760254,-1.1172142028808594
CV3 | nets=1 | frames=25,test,27,0.0729596003150843,-1.263729691505432,3,1,25,-2.292489767074585,-1.2013107538223269
CV3 | nets=1 | frames=25,test,28,-0.0473741087700227,-1.2216520309448242,3,1,25,-2.19814133644104,-1.1333467960357666
CV3 | nets=1 | frames=25,test,29,-0.1740479126403528,-1.2362546920776367,3,1,25,-2.228997707366944,-1.1377712488174438
CV3 | nets=1 | frames=25,test,30,-0.1534844106106529,-1.2446355819702148,3,1,25,-2.2580597400665283,-1.1635085344314575
CV3 | nets=1 | frames=25,test,31,-0.3339993893646671,-1.2203458547592163,3,1,25,-2.186284065246582,-1.1164066791534424
CV3 | nets=1 | frames=25,test,32,-0.2983576891176249,-1.2328118085861206,3,1,25,-2.211794137954712,-1.133060097694397
CV3 | nets=1 | frames=25,test,33,-0.0843642366678143,-1.2659862041473389,3,1,25,-2.306920528411865,-1.209543228149414
CV3 | nets=1 | frames=25,test,34,-0.2273098506600647,-1.212307095527649,3,1,25,-2.185075044631958,-1.1310465335845947
CV3 | nets=1 | frames=25,test,35,0.150316153738502,-1.2870012521743774,3,1,25,-2.3231921195983887,-1.213142991065979
CV3 | nets=1 | frames=25,test,36,-0.2691509251686252,-1.2339234352111816,3,1,25,-2.216158628463745,-1.145774483680725
CV3 | nets=1 | frames=25,test,37,0.1269998279169667,-1.2672529220581057,3,1,25,-2.303952693939209,-1.2012228965759275
CV3 | nets=1 | frames=25,test,38,0.3220806426408416,-1.3193877935409546,3,1,25,-2.389025449752808,-1.256047010421753
CV3 | nets=1 | frames=25,test,39,-0.3233661435786948,-1.2312955856323242,3,1,25,-2.237149953842163,-1.156322956085205
CV3 | nets=1 | frames=25,test,40,-0.1666568671096066,-1.239063739776611,3,1,25,-2.230353593826294,-1.1452420949935913
CV3 | nets=1 | frames=25,test,41,-0.0608276768648222,-1.2606672048568726,3,1,25,-2.277723789215088,-1.1720829010009766
CV3 | nets=1 | frames=25,test,42,0.2821721893243829,-1.3015167713165283,3,1,25,-2.346031188964844,-1.242038011550903
CV3 | nets=1 | frames=25,test,43,-0.0591450573123482,-1.2039300203323364,3,1,25,-2.1566903591156006,-1.0927082300186155
CV3 | nets=1 | frames=25,test,44,-0.2523187814106471,-1.2190548181533811,3,1,25,-2.198333978652954,-1.1254115104675293
CV3 | nets=1 | frames=25,test,45,0.2693791688852633,-1.2903103828430176,3,1,25,-2.3346877098083496,-1.2238357067108154
CV3 | nets=1 | frames=25,test,46,-0.157111034083224,-1.2370094060897827,3,1,25,-2.234535455703736,-1.1565310955047607
CV3 | nets=1 | frames=25,test,47,0.1606833051492441,-1.263080596923828,3,1,25,-2.2930476665496826,-1.2033812999725342
CV3 | nets=1 | frames=25,test,48,0.172504695096772,-1.2615357637405396,3,1,25,-2.2840614318847656,-1.1865887641906738
CV3 | nets=1 | frames=25,test,49,0.3873779088920612,-1.3000335693359375,3,1,25,-2.355290651321411,-1.2437678575515747
CV3 | nets=1 | frames=25,test,50,-0.100209652453205,-1.2232826948165894,3,1,25,-2.1953420639038086,-1.1265679597854614
CV3 | nets=1 | frames=25,test,51,0.1807945702326933,-1.2845966815948486,3,1,25,-2.3295323848724365,-1.2175521850585938
CV3 | nets=1 | frames=25,test,52,-0.2190887259038099,-1.2367088794708252,3,1,25,-2.239727020263672,-1.150065541267395
CV3 | nets=1 | frames=25,test,53,0.0386789596579197,-1.2568751573562622,3,1,25,-2.2623252868652344,-1.173332691192627
CV3 | nets=1 | frames=25,test,54,-0.1466400227827606,-1.257981777191162,3,1,25,-2.2835872173309326,-1.1889132261276243
CV3 | nets=1 | frames=25,test,55,-0.1466582167541242,-1.2034999132156372,3,1,25,-2.1655726432800293,-1.1119788885116575
CV3 | nets=1 | frames=25,test,56,0.3543707109293127,-1.3230884075164795,3,1,25,-2.3940670490264893,-1.2662696838378906
CV3 | nets=1 | frames=25,test,57,-0.2504451898786599,-1.2342932224273682,3,1,25,-2.222554922103882,-1.1440341472625732
CV3 | nets=1 | frames=25,test,58,-0.0803696162881754,-1.2329601049423218,3,1,25,-2.208343505859375,-1.1426010131835938
CV3 | nets=1 | frames=25,test,59,-0.1277120103792852,-1.237995982170105,3,1,25,-2.2358341217041016,-1.150998830795288
CV3 | nets=1 | frames=25,test,60,0.3812481697430855,-1.3212676048278809,3,1,25,-2.3989272117614746,-1.2652361392974854
CV3 | nets=1 | frames=25,test,61,-0.4003789014783009,-1.2377755641937256,3,1,25,-2.2419161796569824,-1.160516381263733
CV3 | nets=1 | frames=25,test,62,0.2511593493496609,-1.285995364189148,3,1,25,-2.3158321380615234,-1.2050610780715942
CV3 | nets=1 | frames=25,test,63,-0.1963377719651293,-1.224686861038208,3,1,25,-2.204422235488892,-1.1347758769989014
CV3 | nets=1 | frames=25,test,64,0.2011468693729077,-1.2783087491989136,3,1,25,-2.325519800186157,-1.2185105085372925
CV3 | nets=1 | frames=25,test,65,0.1834175400503848,-1.2645257711410522,3,1,25,-2.284458875656128,-1.196431040763855
CV3 | nets=1 | frames=25,test,66,0.1677718678598186,-1.2572296857833862,3,1,25,-2.275310039520264,-1.180031657218933
CV3 | nets=1 | frames=25,test,67,0.2103549124683166,-1.2978497743606567,3,1,25,-2.3553109169006348,-1.237659931182861
CV3 | nets=1 | frames=25,test,68,-0.2124182814927736,-1.2517353296279907,3,1,25,-2.265726089477539,-1.1683522462844849
CV3 | nets=1 | frames=25,test,69,0.2427422463907798,-1.278141736984253,3,1,25,-2.3151774406433105,-1.2099872827529907
CV3 | nets=1 | frames=25,test,70,-0.198060037637249,-1.2381422519683838,3,1,25,-2.230973958969116,-1.1484259366989136
CV3 | nets=1 | frames=25,test,71,-0.3247762104239115,-1.2170993089675903,3,1,25,-2.204662561416626,-1.1431766748428345
CV3 | nets=1 | frames=25,test,72,-0.1773883670701692,-1.2799265384674072,3,1,25,-2.3173842430114746,-1.206770658493042
CV3 | nets=1 | frames=25,test,73,-0.2061780215112254,-1.2133963108062744,3,1,25,-2.176246404647827,-1.124051570892334
CV3 | nets=1 | frames=25,test,74,-0.1515654324056017,-1.2261489629745483,3,1,25,-2.2071611881256104,-1.143446445465088
CV3 | nets=1 | frames=25,test,75,-0.1319308250403395,-1.2570041418075562,3,1,25,-2.2858450412750244,-1.1885864734649658
CV3 | nets=1 | frames=50,train,0,-0.0669511275618616,0.8371577262878418,3,1,50,-0.5885345339775085,-0.62542724609375
CV3 | nets=1 | frames=50,test,0,-0.2360464098886152,0.8356096148490906,3,1,50,-0.5850954651832581,-0.6255000829696655
CV3 | nets=1 | frames=50,test,1,0.1295779047889524,0.7589913606643677,3,1,50,-0.5663403272628784,-0.6125361919403076
CV3 | nets=1 | frames=50,test,2,-0.1623723264424866,0.9417541027069092,3,1,50,-0.6598445773124695,-0.6818185448646545
CV3 | nets=1 | frames=50,test,3,-0.123156073161201,0.8506853580474854,3,1,50,-0.6102963089942932,-0.6563140749931335
CV3 | nets=1 | frames=50,test,4,0.3453760393512503,0.666486918926239,3,1,50,-0.5182046890258789,-0.5648228526115417
CV3 | nets=1 | frames=50,test,5,-0.3979398483632574,0.9274181723594666,3,1,50,-0.6564205288887024,-0.6772558689117432
CV3 | nets=1 | frames=50,test,6,0.2126940386242633,0.7746795415878296,3,1,50,-0.5826196074485779,-0.6124247908592224
CV3 | nets=1 | frames=50,test,7,0.0950451355151094,0.8024044632911682,3,1,50,-0.5800473690032959,-0.6191109418869019
CV3 | nets=1 | frames=50,test,8,-0.0648093100969477,0.8817351460456848,3,1,50,-0.6263365149497986,-0.6698371171951294
CV3 | nets=1 | frames=50,test,9,-0.0036101382641459,0.8168517351150513,3,1,50,-0.5902528166770935,-0.6377227902412415
CV3 | nets=1 | frames=50,test,10,0.2259070200709375,0.815951406955719,3,1,50,-0.6154440641403198,-0.649336576461792
CV3 | nets=1 | frames=50,test,11,-0.2448221358235529,0.9223973751068116,3,1,50,-0.6523127555847168,-0.6798503994941711
CV3 | nets=1 | frames=50,test,12,-0.3251896560062025,0.9115063548088074,3,1,50,-0.6488043665885925,-0.6773909330368042
CV3 | nets=1 | frames=50,test,13,0.1639582164351763,0.7851170897483826,3,1,50,-0.6006754040718079,-0.624107837677002
CV3 | nets=1 | frames=50,test,14,0.2767388091190165,0.829373836517334,3,1,50,-0.6195905804634094,-0.6500093340873718
CV3 | nets=1 | frames=50,test,15,0.2817123526652541,0.8252461552619934,3,1,50,-0.6246346831321716,-0.6580836772918701
CV3 | nets=1 | frames=50,test,16,-0.1737797852877405,0.9209340214729308,3,1,50,-0.6455137133598328,-0.6787104606628418
CV3 | nets=1 | frames=50,test,17,-0.5936111989220015,0.8819525837898254,3,1,50,-0.6116475462913513,-0.6564087867736816
CV3 | nets=1 | frames=50,test,18,0.2708167150760829,0.7352337837219238,3,1,50,-0.5582818388938904,-0.5903872847557068
CV3 | nets=1 | frames=50,test,19,-0.0488976389824205,0.8630219101905823,3,1,50,-0.618966281414032,-0.6465274691581726
CV3 | nets=1 | frames=50,test,20,0.3374250403982374,0.7168549299240112,3,1,50,-0.5539767146110535,-0.6045325398445129
CV3 | nets=1 | frames=50,test,21,0.144219835421564,0.8577711582183838,3,1,50,-0.6309325098991394,-0.6473290920257568
CV3 | nets=1 | frames=50,test,22,0.2238599590476573,0.8058173656463623,3,1,50,-0.6074121594429016,-0.6329911947250366
CV3 | nets=1 | frames=50,test,23,-0.2110936628700718,0.9389716982841492,3,1,50,-0.6616857647895813,-0.6872726678848267
CV3 | nets=1 | frames=50,test,24,-0.135107647284631,0.975357949733734,3,1,50,-0.6917250752449036,-0.7026430368423462
CV3 | nets=1 | frames=50,test,25,-0.2879174109079594,0.9278865456581116,3,1,50,-0.6568047404289246,-0.6735234260559082
CV3 | nets=1 | frames=50,test,26,-0.0869858031149348,0.9281482100486756,3,1,50,-0.653169572353363,-0.6747212409973145
CV3 | nets=1 | frames=50,test,27,0.0729596003150843,0.8497804999351501,3,1,50,-0.611035943031311,-0.6452838182449341
CV3 | nets=1 | frames=50,test,28,-0.0473741087700227,0.8822121024131775,3,1,50,-0.6081423163414001,-0.6480563879013062
CV3 | nets=1 | frames=50,test,29,-0.1740479126403528,0.9654496908187866,3,1,50,-0.6939756274223328,-0.7056018114089966
CV3 | nets=1 | frames=50,test,30,-0.1534844106106529,0.9473653435707092,3,1,50,-0.6575638651847839,-0.6900894045829773
CV3 | nets=1 | frames=50,test,31,-0.3339993893646671,0.8998859524726868,3,1,50,-0.6386919021606445,-0.662795901298523
CV3 | nets=1 | frames=50,test,32,-0.2983576891176249,0.8644776940345764,3,1,50,-0.6071872711181641,-0.6479401588439941
CV3 | nets=1 | frames=50,test,33,-0.0843642366678143,0.9397969841957092,3,1,50,-0.6756840944290161,-0.6968908309936523
CV3 | nets=1 | frames=50,test,34,-0.2273098506600647,0.8344671726226807,3,1,50,-0.5827280879020691,-0.6277669668197632
CV3 | nets=1 | frames=50,test,35,0.150316153738502,0.7887083292007446,3,1,50,-0.59151691198349,-0.623664379119873
CV3 | nets=1 | frames=50,test,36,-0.2691509251686252,0.791816234588623,3,1,50,-0.5555188655853271,-0.6054062843322754
CV3 | nets=1 | frames=50,test,37,0.1269998279169667,0.8959408402442932,3,1,50,-0.6536226868629456,-0.675092875957489
CV3 | nets=1 | frames=50,test,38,0.3220806426408416,0.7536686658859253,3,1,50,-0.5901802778244019,-0.6146597862243652
CV3 | nets=1 | frames=50,test,39,-0.3233661435786948,0.9810616374015808,3,1,50,-0.6867493987083435,-0.7023731470108032
CV3 | nets=1 | frames=50,test,40,-0.1666568671096066,0.8870561718940735,3,1,50,-0.6218650937080383,-0.6578226685523987
CV3 | nets=1 | frames=50,test,41,-0.0608276768648222,0.9681221842765808,3,1,50,-0.690621018409729,-0.7078409790992737
CV3 | nets=1 | frames=50,test,42,0.2821721893243829,0.6435436010360718,3,1,50,-0.4802474677562713,-0.546472430229187
CV3 | nets=1 | frames=50,test,43,-0.0591450573123482,0.9045950770378112,3,1,50,-0.6311581134796143,-0.6614143252372742
CV3 | nets=1 | frames=50,test,44,-0.2523187814106471,0.9205597639083862,3,1,50,-0.6383900046348572,-0.6733061075210571
CV3 | nets=1 | frames=50,test,45,0.2693791688852633,0.8016218543052673,3,1,50,-0.5934849381446838,-0.633478045463562
CV3 | nets=1 | frames=50,test,46,-0.157111034083224,0.9268166422843932,3,1,50,-0.6627426147460938,-0.6802178025245667
CV3 | nets=1 | frames=50,test,47,0.1606833051492441,0.8355690836906433,3,1,50,-0.6031381487846375,-0.6368666887283325
CV3 | nets=1 | frames=50,test,48,0.172504695096772,0.8310380578041077,3,1,50,-0.6108358502388,-0.6364067196846008
CV3 | nets=1 | frames=50,test,49,0.3873779088920612,0.7002846002578735,3,1,50,-0.5436745882034302,-0.5851360559463501
CV3 | nets=1 | frames=50,test,50,-0.100209652453205,0.8406723737716675,3,1,50,-0.595687210559845,-0.6325480937957764
CV3 | nets=1 | frames=50,test,51,0.1807945702326933,0.8640987277030945,3,1,50,-0.6347072720527649,-0.6591429114341736
CV3 | nets=1 | frames=50,test,52,-0.2190887259038099,1.005473017692566,3,1,50,-0.714174747467041,-0.7266547679901123
CV3 | nets=1 | frames=50,test,53,0.0386789596579197,0.8021897077560425,3,1,50,-0.5681174397468567,-0.6147792339324951
CV3 | nets=1 | frames=50,test,54,-0.1466400227827606,0.8913562297821045,3,1,50,-0.6311678290367126,-0.6706688404083252
CV3 | nets=1 | frames=50,test,55,-0.1466582167541242,0.8664073348045349,3,1,50,-0.6008204817771912,-0.6357454061508179
CV3 | nets=1 | frames=50,test,56,0.3543707109293127,0.6854712963104248,3,1,50,-0.5316354632377625,-0.5856696963310242
CV3 | nets=1 | frames=50,test,57,-0.2504451898786599,0.8898765444755554,3,1,50,-0.6309977769851685,-0.6542302370071411
CV3 | nets=1 | frames=50,test,58,-0.0803696162881754,0.7651100754737854,3,1,50,-0.5312196016311646,-0.5851575136184692
CV3 | nets=1 | frames=50,test,59,-0.1277120103792852,0.946131467819214,3,1,50,-0.6691108345985413,-0.6927251815795898
CV3 | nets=1 | frames=50,test,60,0.3812481697430855,0.7963768839836121,3,1,50,-0.6211892366409302,-0.640252411365509
CV3 | nets=1 | frames=50,test,61,-0.4003789014783009,0.8926506638526917,3,1,50,-0.6232998967170715,-0.6586090922355652
CV3 | nets=1 | frames=50,test,62,0.2511593493496609,0.8025310039520264,3,1,50,-0.5982975363731384,-0.6374223232269287
CV3 | nets=1 | frames=50,test,63,-0.1963377719651293,0.8888241052627563,3,1,50,-0.6199831962585449,-0.6488698720932007
CV3 | nets=1 | frames=50,test,64,0.2011468693729077,0.8685821890830994,3,1,50,-0.6340073347091675,-0.6637164354324341
CV3 | nets=1 | frames=50,test,65,0.1834175400503848,0.7609158158302307,3,1,50,-0.5414013266563416,-0.5943058133125305
CV3 | nets=1 | frames=50,test,66,0.1677718678598186,0.9061742424964904,3,1,50,-0.6532225012779236,-0.6821649074554443
CV3 | nets=1 | frames=50,test,67,0.2103549124683166,0.7554981708526611,3,1,50,-0.5731343626976013,-0.6104590892791748
CV3 | nets=1 | frames=50,test,68,-0.2124182814927736,0.9513722658157348,3,1,50,-0.6669896245002747,-0.6957637071609497
CV3 | nets=1 | frames=50,test,69,0.2427422463907798,0.8298121094703674,3,1,50,-0.6195899844169617,-0.644643247127533
CV3 | nets=1 | frames=50,test,70,-0.198060037637249,0.8687339425086975,3,1,50,-0.5941138863563538,-0.6469452977180481
CV3 | nets=1 | frames=50,test,71,-0.3247762104239115,0.9292649626731871,3,1,50,-0.6385589838027954,-0.6809345483779907
CV3 | nets=1 | frames=50,test,72,-0.1773883670701692,0.8977219462394714,3,1,50,-0.640195369720459,-0.6812745332717896
CV3 | nets=1 | frames=50,test,73,-0.2061780215112254,0.7731903195381165,3,1,50,-0.5457751154899597,-0.5919709205627441
CV3 | nets=1 | frames=50,test,74,-0.1515654324056017,0.8302605152130127,3,1,50,-0.5695187449455261,-0.6183047294616699
CV3 | nets=1 | frames=50,test,75,-0.1319308250403395,0.9245094060897828,3,1,50,-0.6522270441055298,-0.6879928112030029
CV3 | nets=1 | frames=100,train,0,-0.0669511275618616,-1.3323453664779663,3,1,100,1.46306312084198,1.5594699382781982
CV3 | nets=1 | frames=100,test,0,-0.2360464098886152,-1.3098481893539429,3,1,100,1.4402810335159302,1.5365055799484253
CV3 | nets=1 | frames=100,test,1,0.1295779047889524,-1.1063456535339355,3,1,100,1.1957433223724363,1.301021933555603
CV3 | nets=1 | frames=100,test,2,-0.1623723264424866,-1.4452712535858154,3,1,100,1.5794824361801147,1.6817909479141235
CV3 | nets=1 | frames=100,test,3,-0.123156073161201,-1.3037875890731812,3,1,100,1.4215821027755735,1.5234285593032837
CV3 | nets=1 | frames=100,test,4,0.3453760393512503,-0.9873756766319276,3,1,100,1.0550916194915771,1.1679941415786743
CV3 | nets=1 | frames=100,test,5,-0.3979398483632574,-1.3841990232467651,3,1,100,1.5130780935287476,1.6170638799667358
CV3 | nets=1 | frames=100,test,6,0.2126940386242633,-1.0357394218444824,3,1,100,1.1296515464782717,1.2396118640899658
CV3 | nets=1 | frames=100,test,7,0.0950451355151094,-1.2537792921066284,3,1,100,1.3650269508361816,1.4687716960906982
CV3 | nets=1 | frames=100,test,8,-0.0648093100969477,-1.2830137014389038,3,1,100,1.422826886177063,1.521292209625244
CV3 | nets=1 | frames=100,test,9,-0.0036101382641459,-1.266698718070984,3,1,100,1.3841569423675537,1.4863651990890503
CV3 | nets=1 | frames=100,test,10,0.2259070200709375,-1.01630961894989,3,1,100,1.115796446800232,1.2293756008148191
CV3 | nets=1 | frames=100,test,11,-0.2448221358235529,-1.3989146947860718,3,1,100,1.5296638011932373,1.6334055662155151
CV3 | nets=1 | frames=100,test,12,-0.3251896560062025,-1.3175431489944458,3,1,100,1.4492560625076294,1.549120545387268
CV3 | nets=1 | frames=100,test,13,0.1639582164351763,-1.0529580116271973,3,1,100,1.1330325603485107,1.2528493404388428
CV3 | nets=1 | frames=100,test,14,0.2767388091190165,-1.1417430639266968,3,1,100,1.2304702997207642,1.3447060585021973
CV3 | nets=1 | frames=100,test,15,0.2817123526652541,-1.024847149848938,3,1,100,1.1207116842269895,1.2336304187774658
CV3 | nets=1 | frames=100,test,16,-0.1737797852877405,-1.4743117094039917,3,1,100,1.6114362478256226,1.713475465774536
CV3 | nets=1 | frames=100,test,17,-0.5936111989220015,-1.4018551111221311,3,1,100,1.5469566583633425,1.639708161354065
CV3 | nets=1 | frames=100,test,18,0.2708167150760829,-1.0730799436569214,3,1,100,1.149359941482544,1.2626469135284424
CV3 | nets=1 | frames=100,test,19,-0.0488976389824205,-1.240293264389038,3,1,100,1.357701301574707,1.459760069847107
CV3 | nets=1 | frames=100,test,20,0.3374250403982374,-0.95928955078125,3,1,100,1.0389976501464844,1.1534044742584229
CV3 | nets=1 | frames=100,test,21,0.144219835421564,-1.1450563669204712,3,1,100,1.238433003425598,1.3488010168075562
CV3 | nets=1 | frames=100,test,22,0.2238599590476573,-1.128881335258484,3,1,100,1.2187926769256592,1.335031509399414
CV3 | nets=1 | frames=100,test,23,-0.2110936628700718,-1.4208837747573853,3,1,100,1.5548356771469116,1.6584407091140747
CV3 | nets=1 | frames=100,test,24,-0.135107647284631,-1.4382964372634888,3,1,100,1.572837471961975,1.682094693183899
CV3 | nets=1 | frames=100,test,25,-0.2879174109079594,-1.4009730815887451,3,1,100,1.526754379272461,1.6327552795410156
CV3 | nets=1 | frames=100,test,26,-0.0869858031149348,-1.368597149848938,3,1,100,1.4986594915390017,1.5982521772384644
CV3 | nets=1 | frames=100,test,27,0.0729596003150843,-1.189680576324463,3,1,100,1.3130778074264526,1.4120087623596191
CV3 | nets=1 | frames=100,test,28,-0.0473741087700227,-1.4208409786224363,3,1,100,1.5625947713851929,1.653459906578064
CV3 | nets=1 | frames=100,test,29,-0.1740479126403528,-1.4397445917129517,3,1,100,1.5651503801345823,1.6799291372299194
CV3 | nets=1 | frames=100,test,30,-0.1534844106106529,-1.5113848447799685,3,1,100,1.6627551317214966,1.7604531049728394
CV3 | nets=1 | frames=100,test,31,-0.3339993893646671,-1.4016317129135132,3,1,100,1.524512529373169,1.6307075023651123
CV3 | nets=1 | frames=100,test,32,-0.2983576891176249,-1.4117497205734253,3,1,100,1.5346587896347046,1.6336292028427124
CV3 | nets=1 | frames=100,test,33,-0.0843642366678143,-1.1627447605133057,3,1,100,1.296141266822815,1.3963979482650757
CV3 | nets=1 | frames=100,test,34,-0.2273098506600647,-1.3182988166809082,3,1,100,1.450356364250183,1.5432835817337036
CV3 | nets=1 | frames=100,test,35,0.150316153738502,-1.1238210201263428,3,1,100,1.2120798826217651,1.3257273435592651
CV3 | nets=1 | frames=100,test,36,-0.2691509251686252,-1.3511364459991455,3,1,100,1.4715496301651,1.5640202760696411
CV3 | nets=1 | frames=100,test,37,0.1269998279169667,-1.2296197414398191,3,1,100,1.3499547243118286,1.4597214460372925
CV3 | nets=1 | frames=100,test,38,0.3220806426408416,-1.023880124092102,3,1,100,1.0895313024520874,1.215462565422058
CV3 | nets=1 | frames=100,test,39,-0.3233661435786948,-1.398152232170105,3,1,100,1.5488777160644531,1.6490942239761353
CV3 | nets=1 | frames=100,test,40,-0.1666568671096066,-1.4514251947402954,3,1,100,1.582444667816162,1.6822612285614014
CV3 | nets=1 | frames=100,test,41,-0.0608276768648222,-1.377185940742493,3,1,100,1.5066291093826294,1.6138901710510254
CV3 | nets=1 | frames=100,test,42,0.2821721893243829,-1.055984377861023,3,1,100,1.1435096263885498,1.2406634092330933
CV3 | nets=1 | frames=100,test,43,-0.0591450573123482,-1.5321635007858276,3,1,100,1.665373682975769,1.7687169313430786
CV3 | nets=1 | frames=100,test,44,-0.2523187814106471,-1.5283710956573486,3,1,100,1.6722842454910278,1.7723983526229858
CV3 | nets=1 | frames=100,test,45,0.2693791688852633,-1.1293201446533203,3,1,100,1.2292540073394775,1.3366259336471558
CV3 | nets=1 | frames=100,test,46,-0.157111034083224,-1.2340130805969238,3,1,100,1.357308030128479,1.4599140882492063
CV3 | nets=1 | frames=100,test,47,0.1606833051492441,-1.155315637588501,3,1,100,1.273114562034607,1.3737457990646362
CV3 | nets=1 | frames=100,test,48,0.172504695096772,-1.254004955291748,3,1,100,1.359869122505188,1.4740926027297974
CV3 | nets=1 | frames=100,test,49,0.3873779088920612,-0.9882436394691468,3,1,100,1.0627622604370115,1.1792206764221191
CV3 | nets=1 | frames=100,test,50,-0.100209652453205,-1.402848720550537,3,1,100,1.524364352226257,1.6264058351516724
CV3 | nets=1 | frames=100,test,51,0.1807945702326933,-1.182315230369568,3,1,100,1.2895236015319824,1.39815092086792
CV3 | nets=1 | frames=100,test,52,-0.2190887259038099,-1.3690098524093628,3,1,100,1.5073593854904177,1.6147680282592771
CV3 | nets=1 | frames=100,test,53,0.0386789596579197,-1.3474810123443604,3,1,100,1.465480089187622,1.5632386207580566
CV3 | nets=1 | frames=100,test,54,-0.1466400227827606,-1.3261104822158811,3,1,100,1.4615777730941772,1.560767412185669
CV3 | nets=1 | frames=100,test,55,-0.1466582167541242,-1.4286067485809326,3,1,100,1.56476628780365,1.6611220836639404
CV3 | nets=1 | frames=100,test,56,0.3543707109293127,-0.9637771248817444,3,1,100,1.0333126783370972,1.1456305980682373
CV3 | nets=1 | frames=100,test,57,-0.2504451898786599,-1.370392084121704,3,1,100,1.4943017959594729,1.5989997386932373
CV3 | nets=1 | frames=100,test,58,-0.0803696162881754,-1.3765113353729248,3,1,100,1.4994001388549805,1.5888441801071167
CV3 | nets=1 | frames=100,test,59,-0.1277120103792852,-1.3912461996078491,3,1,100,1.5260378122329712,1.629350185394287
CV3 | nets=1 | frames=100,test,60,0.3812481697430855,-0.9414626955986024,3,1,100,1.0131800174713137,1.1381977796554563
CV3 | nets=1 | frames=100,test,61,-0.4003789014783009,-1.4170013666152954,3,1,100,1.559417486190796,1.654984474182129
CV3 | nets=1 | frames=100,test,62,0.2511593493496609,-1.1597802639007568,3,1,100,1.250735640525818,1.3631060123443604
CV3 | nets=1 | frames=100,test,63,-0.1963377719651293,-1.4071288108825684,3,1,100,1.5393441915512085,1.6374317407608032
CV3 | nets=1 | frames=100,test,64,0.2011468693729077,-1.186233401298523,3,1,100,1.3052438497543335,1.4119274616241455
CV3 | nets=1 | frames=100,test,65,0.1834175400503848,-1.2883484363555908,3,1,100,1.4100234508514404,1.504231572151184
CV3 | nets=1 | frames=100,test,66,0.1677718678598186,-1.3005025386810305,3,1,100,1.4259470701217651,1.533647894859314
CV3 | nets=1 | frames=100,test,67,0.2103549124683166,-1.0797271728515625,3,1,100,1.165385127067566,1.281602382659912
CV3 | nets=1 | frames=100,test,68,-0.2124182814927736,-1.4334595203399658,3,1,100,1.5735725164413452,1.6738678216934204
CV3 | nets=1 | frames=100,test,69,0.2427422463907798,-1.1025718450546265,3,1,100,1.1973875761032104,1.3102328777313232
CV3 | nets=1 | frames=100,test,70,-0.198060037637249,-1.5007885694503784,3,1,100,1.6468578577041626,1.7342331409454346
CV3 | nets=1 | frames=100,test,71,-0.3247762104239115,-1.364337682723999,3,1,100,1.5231744050979614,1.610222101211548
CV3 | nets=1 | frames=100,test,72,-0.1773883670701692,-1.2463109493255615,3,1,100,1.3705381155014038,1.4687416553497314
CV3 | nets=1 | frames=100,test,73,-0.2061780215112254,-1.2779828310012815,3,1,100,1.3882888555526731,1.4839739799499512
CV3 | nets=1 | frames=100,test,74,-0.1515654324056017,-1.4088134765625,3,1,100,1.546511173248291,1.6347713470458984
CV3 | nets=1 | frames=100,test,75,-0.1319308250403395,-1.3453418016433716,3,1,100,1.487160563468933,1.586647868156433
CV3 | nets=2 | frames=2,train,0,-0.0669511275618616,-0.317852258682251,3,2,2,-0.3503102660179138,0.0875592231750488
CV3 | nets=2 | frames=2,train,1,0.2410100211356636,-0.3845196664333343,3,2,2,-0.2672170996665954,0.0253537930548191
CV3 | nets=2 | frames=2,test,0,0.1295779047889524,-0.3727865517139435,3,2,2,-0.2776443362236023,0.0274848267436027
CV3 | nets=2 | frames=2,test,1,-0.1623723264424866,-0.2998447120189667,3,2,2,-0.3677069544792175,0.109044499695301
CV3 | nets=2 | frames=2,test,2,-0.123156073161201,-0.3393729329109192,3,2,2,-0.3302713632583618,0.0691637098789215
CV3 | nets=2 | frames=2,test,3,0.3453760393512503,-0.4072252810001373,3,2,2,-0.2293270379304886,-0.0111980838701128
CV3 | nets=2 | frames=2,test,4,-0.3979398483632574,-0.3119280338287353,3,2,2,-0.3553870916366577,0.0991045534610748
CV3 | nets=2 | frames=2,test,5,0.2126940386242633,-0.3788068890571594,3,2,2,-0.2697233259677887,0.0223034769296646
CV3 | nets=2 | frames=2,test,6,0.0950451355151094,-0.3449575006961822,3,2,2,-0.3126876354217529,0.0575912706553936
CV3 | nets=2 | frames=2,test,7,-0.0648093100969477,-0.3377867341041565,3,2,2,-0.3458021283149719,0.0756772458553314
CV3 | nets=2 | frames=2,test,8,-0.0036101382641459,-0.3492950797080993,3,2,2,-0.3147031664848327,0.057357020676136
CV3 | nets=2 | frames=2,test,9,0.2259070200709375,-0.3921510875225067,3,2,2,-0.2705175876617431,0.018682986497879
CV3 | nets=2 | frames=2,test,10,-0.2448221358235529,-0.3149562478065491,3,2,2,-0.3567772507667541,0.0966785624623298
CV3 | nets=2 | frames=2,test,11,-0.3251896560062025,-0.3271456658840179,3,2,2,-0.3504584431648254,0.0815176218748092
CV3 | nets=2 | frames=2,test,12,0.1639582164351763,-0.3877896964550018,3,2,2,-0.2518480718135834,0.0185724012553691
CV3 | nets=2 | frames=2,test,13,0.2767388091190165,-0.3676881194114685,3,2,2,-0.2827893495559692,0.0424563251435756
CV3 | nets=2 | frames=2,test,14,0.2817123526652541,-0.3927961885929107,3,2,2,-0.2677247524261474,0.0163936167955398
CV3 | nets=2 | frames=2,test,15,-0.1737797852877405,-0.306048184633255,3,2,2,-0.3658731579780578,0.1079780608415603
CV3 | nets=2 | frames=2,test,16,-0.5936111989220015,-0.3079216778278351,3,2,2,-0.3670018911361694,0.0926265120506286
CV3 | nets=2 | frames=2,test,17,0.2708167150760829,-0.3782744109630584,3,2,2,-0.2606839537620544,0.0257803350687026
CV3 | nets=2 | frames=2,test,18,-0.0488976389824205,-0.3313991725444793,3,2,2,-0.3323122859001159,0.0739864334464073
CV3 | nets=2 | frames=2,test,19,0.3374250403982374,-0.4058126509189605,3,2,2,-0.2419504970312118,0.0063578747212886
CV3 | nets=2 | frames=2,test,20,0.144219835421564,-0.3442964851856231,3,2,2,-0.301373541355133,0.0580512918531894
CV3 | nets=2 | frames=2,test,21,0.2238599590476573,-0.3730357587337494,3,2,2,-0.2694916725158691,0.0361407026648521
CV3 | nets=2 | frames=2,test,22,-0.2110936628700718,-0.3060607314109802,3,2,2,-0.3636725544929504,0.1093403548002243
CV3 | nets=2 | frames=2,test,23,-0.135107647284631,-0.3040642738342285,3,2,2,-0.360537588596344,0.1136821061372757
CV3 | nets=2 | frames=2,test,24,-0.2879174109079594,-0.3022961914539337,3,2,2,-0.3575210571289062,0.1110617667436599
CV3 | nets=2 | frames=2,test,25,-0.0869858031149348,-0.3013894855976105,3,2,2,-0.3651630282402038,0.1101445406675338
CV3 | nets=2 | frames=2,test,26,0.0729596003150843,-0.3440960049629211,3,2,2,-0.3280953764915466,0.0615716986358165
CV3 | nets=2 | frames=2,test,27,-0.0473741087700227,-0.2975382506847381,3,2,2,-0.3799916505813598,0.1091458350419998
CV3 | nets=2 | frames=2,test,28,-0.1740479126403528,-0.3179835975170135,3,2,2,-0.3423136472702026,0.1009875982999801
CV3 | nets=2 | frames=2,test,29,-0.1534844106106529,-0.3037019968032837,3,2,2,-0.3804060220718384,0.1086030900478363
CV3 | nets=2 | frames=2,test,30,-0.3339993893646671,-0.3093695938587188,3,2,2,-0.3511705994606018,0.105707973241806
CV3 | nets=2 | frames=2,test,31,-0.2983576891176249,-0.3071928322315216,3,2,2,-0.3533440232276916,0.0996423587203025
CV3 | nets=2 | frames=2,test,32,-0.0843642366678143,-0.3382409214973449,3,2,2,-0.343038260936737,0.0731252133846283
CV3 | nets=2 | frames=2,test,33,-0.2273098506600647,-0.3097409904003143,3,2,2,-0.3593704104423523,0.0979482159018516
CV3 | nets=2 | frames=2,test,34,0.150316153738502,-0.3739772737026214,3,2,2,-0.2759662866592407,0.0351504161953926
CV3 | nets=2 | frames=2,test,35,-0.2691509251686252,-0.3175056278705597,3,2,2,-0.3446194529533386,0.0847177803516388
CV3 | nets=2 | frames=2,test,36,0.1269998279169667,-0.3504007458686828,3,2,2,-0.3149969577789306,0.0615734867751598
CV3 | nets=2 | frames=2,test,37,0.3220806426408416,-0.4105880856513977,3,2,2,-0.2225643992424011,-0.006939266808331
CV3 | nets=2 | frames=2,test,38,-0.3233661435786948,-0.306246817111969,3,2,2,-0.3764894604682922,0.1057235673069953
CV3 | nets=2 | frames=2,test,39,-0.1666568671096066,-0.3100511729717254,3,2,2,-0.358133852481842,0.0981365218758583
CV3 | nets=2 | frames=2,test,40,-0.0608276768648222,-0.3199214041233063,3,2,2,-0.3511117696762085,0.0925535187125206
CV3 | nets=2 | frames=2,test,41,0.2821721893243829,-0.3841770887374878,3,2,2,-0.2705541253089905,0.0127742374315857
CV3 | nets=2 | frames=2,test,42,-0.0591450573123482,-0.2925961315631866,3,2,2,-0.3641145229339599,0.118696428835392
CV3 | nets=2 | frames=2,test,43,-0.2523187814106471,-0.2955749332904815,3,2,2,-0.37606942653656,0.115817978978157
CV3 | nets=2 | frames=2,test,44,0.2693791688852633,-0.3685505390167236,3,2,2,-0.2923257350921631,0.0415468625724315
CV3 | nets=2 | frames=2,test,45,-0.157111034083224,-0.3200083971023559,3,2,2,-0.3459076285362243,0.0872832834720611
CV3 | nets=2 | frames=2,test,46,0.1606833051492441,-0.3471688628196716,3,2,2,-0.3206739425659179,0.0558236688375473
CV3 | nets=2 | frames=2,test,47,0.172504695096772,-0.3581277430057525,3,2,2,-0.2978842854499817,0.0549601465463638
CV3 | nets=2 | frames=2,test,48,0.3873779088920612,-0.4059354364871979,3,2,2,-0.2334955483675003,0.0002598501741886
CV3 | nets=2 | frames=2,test,49,-0.100209652453205,-0.3158612251281738,3,2,2,-0.3394866585731506,0.0924222618341445
CV3 | nets=2 | frames=2,test,50,0.1807945702326933,-0.3596899211406708,3,2,2,-0.3040634989738464,0.0480566285550594
CV3 | nets=2 | frames=2,test,51,-0.2190887259038099,-0.3104461133480072,3,2,2,-0.3641709089279175,0.108311042189598
CV3 | nets=2 | frames=2,test,52,0.0386789596579197,-0.330567866563797,3,2,2,-0.3335708975791931,0.0711035281419754
CV3 | nets=2 | frames=2,test,53,-0.1466400227827606,-0.3261036574840545,3,2,2,-0.3491886258125305,0.0820598006248474
CV3 | nets=2 | frames=2,test,54,-0.1466582167541242,-0.2979908287525177,3,2,2,-0.3650866150856018,0.1049380302429199
CV3 | nets=2 | frames=2,test,55,0.3543707109293127,-0.4056734442710876,3,2,2,-0.2336586415767669,-0.0055922148749232
CV3 | nets=2 | frames=2,test,56,-0.2504451898786599,-0.3180809020996094,3,2,2,-0.3477539420127868,0.0910307317972183
CV3 | nets=2 | frames=2,test,57,-0.0803696162881754,-0.315591424703598,3,2,2,-0.3500468134880066,0.0839108973741531
CV3 | nets=2 | frames=2,test,58,-0.1277120103792852,-0.3119660019874573,3,2,2,-0.3603225946426391,0.1007672995328903
CV3 | nets=2 | frames=2,test,59,0.3812481697430855,-0.4116000235080719,3,2,2,-0.2329363673925399,-0.0007413933053612
CV3 | nets=2 | frames=2,test,60,-0.4003789014783009,-0.3117218613624573,3,2,2,-0.3659953474998474,0.0970362052321434
CV3 | nets=2 | frames=2,test,61,0.2511593493496609,-0.3663508892059326,3,2,2,-0.284549355506897,0.0454904213547706
CV3 | nets=2 | frames=2,test,62,-0.1963377719651293,-0.3062019050121307,3,2,2,-0.3677783012390136,0.1022716462612152
CV3 | nets=2 | frames=2,test,63,0.2011468693729077,-0.3563846945762634,3,2,2,-0.3117794990539551,0.0536008179187774
CV3 | nets=2 | frames=2,test,64,0.1834175400503848,-0.3439837098121643,3,2,2,-0.3243590593338012,0.0566335096955299
CV3 | nets=2 | frames=2,test,65,0.1677718678598186,-0.3371443152427673,3,2,2,-0.3339306712150574,0.0804022699594497
CV3 | nets=2 | frames=2,test,66,0.2103549124683166,-0.3896484971046448,3,2,2,-0.2568146586418152,0.0159272775053977
CV3 | nets=2 | frames=2,test,67,-0.2124182814927736,-0.309318482875824,3,2,2,-0.3706781268119812,0.1026563644409179
CV3 | nets=2 | frames=2,test,68,0.2427422463907798,-0.3692213296890259,3,2,2,-0.283202052116394,0.0402191430330276
CV3 | nets=2 | frames=2,test,69,-0.198060037637249,-0.2961883246898651,3,2,2,-0.3830768465995788,0.1087811067700386
CV3 | nets=2 | frames=2,test,70,-0.3247762104239115,-0.292236715555191,3,2,2,-0.3946557641029358,0.1176035329699516
CV3 | nets=2 | frames=2,test,71,-0.1773883670701692,-0.3306072056293487,3,2,2,-0.3440198302268982,0.075514055788517
CV3 | nets=2 | frames=2,test,72,-0.2061780215112254,-0.3168831765651703,3,2,2,-0.3345324993133545,0.0816049575805664
CV3 | nets=2 | frames=2,test,73,-0.1515654324056017,-0.3019870817661285,3,2,2,-0.3749027848243713,0.0978798568248748
CV3 | nets=2 | frames=2,test,74,-0.1319308250403395,-0.3223500549793243,3,2,2,-0.3596894741058349,0.0901020318269729
CV3 | nets=2 | frames=5,train,0,-0.0669511275618616,-1.7878806591033936,3,2,5,-1.7500338554382324,1.927695631980896
CV3 | nets=2 | frames=5,train,1,0.2410100211356636,-1.88768470287323,3,2,5,-1.893030047416687,2.036772489547729
CV3 | nets=2 | frames=5,test,0,0.1295779047889524,-1.9274879693984983,3,2,5,-1.9223487377166748,2.074831247329712
CV3 | nets=2 | frames=5,test,1,-0.1623723264424866,-1.7262576818466189,3,2,5,-1.670697808265686,1.861651301383972
CV3 | nets=2 | frames=5,test,2,-0.123156073161201,-1.8515814542770384,3,2,5,-1.8214634656906128,1.991862654685974
CV3 | nets=2 | frames=5,test,3,0.3453760393512503,-2.0092666149139404,3,2,5,-2.028118133544922,2.171642780303955
CV3 | nets=2 | frames=5,test,4,-0.3979398483632574,-1.745806097984314,3,2,5,-1.7002002000808716,1.8825740814208984
CV3 | nets=2 | frames=5,test,5,0.2126940386242633,-1.868452191352844,3,2,5,-1.873868584632873,2.01214861869812
CV3 | nets=2 | frames=5,test,6,0.0950451355151094,-1.862970232963562,3,2,5,-1.839925765991211,2.0097899436950684
CV3 | nets=2 | frames=5,test,7,-0.0648093100969477,-1.8288899660110476,3,2,5,-1.801148533821106,1.9644747972488403
CV3 | nets=2 | frames=5,test,8,-0.0036101382641459,-1.8685225248336792,3,2,5,-1.8460427522659304,2.01263427734375
CV3 | nets=2 | frames=5,test,9,0.2259070200709375,-1.904535174369812,3,2,5,-1.9150424003601076,2.0473780632019043
CV3 | nets=2 | frames=5,test,10,-0.2448221358235529,-1.7623982429504397,3,2,5,-1.716286301612854,1.8987070322036743
CV3 | nets=2 | frames=5,test,11,-0.3251896560062025,-1.8189908266067505,3,2,5,-1.7812272310256958,1.9584726095199585
CV3 | nets=2 | frames=5,test,12,0.1639582164351763,-1.855949878692627,3,2,5,-1.866207480430603,2.000201940536499
CV3 | nets=2 | frames=5,test,13,0.2767388091190165,-1.844165682792664,3,2,5,-1.837916135787964,1.98381769657135
CV3 | nets=2 | frames=5,test,14,0.2817123526652541,-1.9087129831314087,3,2,5,-1.9172359704971316,2.050710678100586
CV3 | nets=2 | frames=5,test,15,-0.1737797852877405,-1.7385039329528809,3,2,5,-1.6876834630966189,1.8723775148391724
CV3 | nets=2 | frames=5,test,16,-0.5936111989220015,-1.784330129623413,3,2,5,-1.733484148979187,1.9213167428970337
CV3 | nets=2 | frames=5,test,17,0.2708167150760829,-1.8767976760864256,3,2,5,-1.8826899528503416,2.024774074554444
CV3 | nets=2 | frames=5,test,18,-0.0488976389824205,-1.807586669921875,3,2,5,-1.7772002220153809,1.9475277662277224
CV3 | nets=2 | frames=5,test,19,0.3374250403982374,-1.8884276151657104,3,2,5,-1.915367126464844,2.02453088760376
CV3 | nets=2 | frames=5,test,20,0.144219835421564,-1.777706265449524,3,2,5,-1.758784532546997,1.9148887395858765
CV3 | nets=2 | frames=5,test,21,0.2238599590476573,-1.815928936004639,3,2,5,-1.817022562026977,1.9549812078475952
CV3 | nets=2 | frames=5,test,22,-0.2110936628700718,-1.7035990953445437,3,2,5,-1.6560002565383911,1.832051396369934
CV3 | nets=2 | frames=5,test,23,-0.135107647284631,-1.6415990591049194,3,2,5,-1.594584584236145,1.7662171125411987
CV3 | nets=2 | frames=5,test,24,-0.2879174109079594,-1.6654783487319946,3,2,5,-1.6190567016601562,1.7929562330245972
CV3 | nets=2 | frames=5,test,25,-0.0869858031149348,-1.6959010362625122,3,2,5,-1.6486663818359375,1.8232680559158323
CV3 | nets=2 | frames=5,test,26,0.0729596003150843,-1.865349531173706,3,2,5,-1.8423877954483032,2.0088329315185547
CV3 | nets=2 | frames=5,test,27,-0.0473741087700227,-1.7819401025772097,3,2,5,-1.7264422178268433,1.9190609455108645
CV3 | nets=2 | frames=5,test,28,-0.1740479126403528,-1.6677181720733645,3,2,5,-1.627651572227478,1.795623540878296
CV3 | nets=2 | frames=5,test,29,-0.1534844106106529,-1.786464810371399,3,2,5,-1.728357434272766,1.929207682609558
CV3 | nets=2 | frames=5,test,30,-0.3339993893646671,-1.6953816413879397,3,2,5,-1.6529195308685305,1.8246551752090452
CV3 | nets=2 | frames=5,test,31,-0.2983576891176249,-1.759738802909851,3,2,5,-1.7103909254074097,1.894249439239502
CV3 | nets=2 | frames=5,test,32,-0.0843642366678143,-1.7906262874603271,3,2,5,-1.765785813331604,1.919437289237976
CV3 | nets=2 | frames=5,test,33,-0.2273098506600647,-1.7451621294021606,3,2,5,-1.7062076330184937,1.8741472959518437
CV3 | nets=2 | frames=5,test,34,0.150316153738502,-1.8657326698303225,3,2,5,-1.8649920225143437,2.010921001434326
CV3 | nets=2 | frames=5,test,35,-0.2691509251686252,-1.8292962312698364,3,2,5,-1.7900837659835815,1.9736807346343996
CV3 | nets=2 | frames=5,test,36,0.1269998279169667,-1.7912551164627075,3,2,5,-1.7730530500411987,1.9277414083480835
CV3 | nets=2 | frames=5,test,37,0.3220806426408416,-1.9429540634155276,3,2,5,-1.9623347520828247,2.100432872772217
CV3 | nets=2 | frames=5,test,38,-0.3233661435786948,-1.7529178857803345,3,2,5,-1.7011467218399048,1.8894450664520264
CV3 | nets=2 | frames=5,test,39,-0.1666568671096066,-1.8038400411605835,3,2,5,-1.752484679222107,1.94772469997406
CV3 | nets=2 | frames=5,test,40,-0.0608276768648222,-1.763434886932373,3,2,5,-1.7184901237487793,1.8995665311813357
CV3 | nets=2 | frames=5,test,41,0.2821721893243829,-2.0278589725494385,3,2,5,-2.0329439640045166,2.1871912479400635
CV3 | nets=2 | frames=5,test,42,-0.0591450573123482,-1.675233006477356,3,2,5,-1.6179670095443726,1.8071715831756592
CV3 | nets=2 | frames=5,test,43,-0.2523187814106471,-1.7030081748962402,3,2,5,-1.6453717947006226,1.8342372179031368
CV3 | nets=2 | frames=5,test,44,0.2693791688852633,-1.873122811317444,3,2,5,-1.868663311004639,2.014467000961304
CV3 | nets=2 | frames=5,test,45,-0.157111034083224,-1.7310281991958618,3,2,5,-1.6951175928115845,1.858099579811096
CV3 | nets=2 | frames=5,test,46,0.1606833051492441,-1.853790283203125,3,2,5,-1.8345577716827397,1.9952768087387085
CV3 | nets=2 | frames=5,test,47,0.172504695096772,-1.8314591646194456,3,2,5,-1.818721294403076,1.9802050590515137
CV3 | nets=2 | frames=5,test,48,0.3873779088920612,-1.9286973476409912,3,2,5,-1.952525734901428,2.078540802001953
CV3 | nets=2 | frames=5,test,49,-0.100209652453205,-1.7432821989059448,3,2,5,-1.7039700746536257,1.879374384880066
CV3 | nets=2 | frames=5,test,50,0.1807945702326933,-1.8795815706253047,3,2,5,-1.863575220108032,2.027677536010742
CV3 | nets=2 | frames=5,test,51,-0.2190887259038099,-1.6726938486099243,3,2,5,-1.6280686855316162,1.7946738004684448
CV3 | nets=2 | frames=5,test,52,0.0386789596579197,-1.897042989730835,3,2,5,-1.859239935874939,2.0508272647857666
CV3 | nets=2 | frames=5,test,53,-0.1466400227827606,-1.80227792263031,3,2,5,-1.7644380331039429,1.93709409236908
CV3 | nets=2 | frames=5,test,54,-0.1466582167541242,-1.7394086122512815,3,2,5,-1.6863328218460083,1.8767001628875728
CV3 | nets=2 | frames=5,test,55,0.3543707109293127,-1.958428740501404,3,2,5,-1.9791715145111084,2.1062495708465576
CV3 | nets=2 | frames=5,test,56,-0.2504451898786599,-1.78984272480011,3,2,5,-1.7472054958343506,1.935269951820373
CV3 | nets=2 | frames=5,test,57,-0.0803696162881754,-1.898449182510376,3,2,5,-1.8538366556167605,2.052692174911499
CV3 | nets=2 | frames=5,test,58,-0.1277120103792852,-1.7291898727416992,3,2,5,-1.683438062667847,1.8589582443237305
CV3 | nets=2 | frames=5,test,59,0.3812481697430855,-1.901039481163025,3,2,5,-1.9261658191680908,2.0482144355773926
CV3 | nets=2 | frames=5,test,60,-0.4003789014783009,-1.7999590635299685,3,2,5,-1.7526172399520874,1.9421064853668213
CV3 | nets=2 | frames=5,test,61,0.2511593493496609,-1.828446626663208,3,2,5,-1.824156403541565,1.964300274848938
CV3 | nets=2 | frames=5,test,62,-0.1963377719651293,-1.799044847488403,3,2,5,-1.7484636306762695,1.9450658559799197
CV3 | nets=2 | frames=5,test,63,0.2011468693729077,-1.832729935646057,3,2,5,-1.818162202835083,1.97183358669281
CV3 | nets=2 | frames=5,test,64,0.1834175400503848,-1.9408727884292605,3,2,5,-1.914447784423828,2.097609043121338
CV3 | nets=2 | frames=5,test,65,0.1677718678598186,-1.7678004503250122,3,2,5,-1.7417300939559937,1.8977738618850708
CV3 | nets=2 | frames=5,test,66,0.2103549124683166,-1.90777599811554,3,2,5,-1.915879726409912,2.0590736865997314
CV3 | nets=2 | frames=5,test,67,-0.2124182814927736,-1.77602219581604,3,2,5,-1.7237247228622437,1.9139004945755005
CV3 | nets=2 | frames=5,test,68,0.2427422463907798,-1.829106569290161,3,2,5,-1.8267052173614504,1.9678739309310915
CV3 | nets=2 | frames=5,test,69,-0.198060037637249,-1.839367389678955,3,2,5,-1.777445673942566,1.9840251207351685
CV3 | nets=2 | frames=5,test,70,-0.3247762104239115,-1.703039050102234,3,2,5,-1.650096774101257,1.81966769695282
CV3 | nets=2 | frames=5,test,71,-0.1773883670701692,-1.8212735652923584,3,2,5,-1.785826325416565,1.9533950090408323
CV3 | nets=2 | frames=5,test,72,-0.2061780215112254,-1.77668035030365,3,2,5,-1.741828441619873,1.9137163162231443
CV3 | nets=2 | frames=5,test,73,-0.1515654324056017,-1.8446682691574097,3,2,5,-1.790049433708191,1.9917747974395752
CV3 | nets=2 | frames=5,test,74,-0.1319308250403395,-1.790635585784912,3,2,5,-1.7501671314239502,1.9238758087158203
CV3 | nets=2 | frames=10,train,0,-0.0669511275618616,-2.0786850452423096,3,2,10,-3.182737350463867,2.772390842437744
CV3 | nets=2 | frames=10,train,1,0.2410100211356636,-1.4327884912490845,3,2,10,-2.310300827026367,1.7167868614196775
CV3 | nets=2 | frames=10,test,0,0.1295779047889524,-1.4315495491027832,3,2,10,-2.303844928741455,1.7513588666915894
CV3 | nets=2 | frames=10,test,1,-0.1623723264424866,-2.274078369140625,3,2,10,-3.4607841968536377,3.1007580757141118
CV3 | nets=2 | frames=10,test,2,-0.123156073161201,-1.8515565395355225,3,2,10,-2.8829827308654785,2.429093837738037
CV3 | nets=2 | frames=10,test,3,0.3453760393512503,-1.1273902654647827,3,2,10,-1.8858190774917605,1.233254313468933
CV3 | nets=2 | frames=10,test,4,-0.3979398483632574,-2.184548139572144,3,2,10,-3.337909460067749,2.944376945495605
CV3 | nets=2 | frames=10,test,5,0.2126940386242633,-1.3681659698486328,3,2,10,-2.213878870010376,1.633043646812439
CV3 | nets=2 | frames=10,test,6,0.0950451355151094,-1.784034252166748,3,2,10,-2.783865451812744,2.3015270233154297
CV3 | nets=2 | frames=10,test,7,-0.0648093100969477,-1.9218688011169436,3,2,10,-2.9788296222686768,2.531090259552002
CV3 | nets=2 | frames=10,test,8,-0.0036101382641459,-1.755470633506775,3,2,10,-2.748962640762329,2.2668709754943848
CV3 | nets=2 | frames=10,test,9,0.2259070200709375,-1.3074829578399658,3,2,10,-2.140589475631714,1.5359408855438232
CV3 | nets=2 | frames=10,test,10,-0.2448221358235529,-2.162165641784668,3,2,10,-3.3092710971832275,2.914958477020264
CV3 | nets=2 | frames=10,test,11,-0.3251896560062025,-2.040281295776367,3,2,10,-3.143472909927368,2.7185959815979004
CV3 | nets=2 | frames=10,test,12,0.1639582164351763,-1.2969770431518557,3,2,10,-2.121073007583618,1.5122723579406738
CV3 | nets=2 | frames=10,test,13,0.2767388091190165,-1.5054397583007812,3,2,10,-2.4094388484954834,1.860793948173523
CV3 | nets=2 | frames=10,test,14,0.2817123526652541,-1.2837501764297483,3,2,10,-2.111236810684204,1.507771611213684
CV3 | nets=2 | frames=10,test,15,-0.1737797852877405,-2.22648549079895,3,2,10,-3.394045352935791,3.023250102996826
CV3 | nets=2 | frames=10,test,16,-0.5936111989220015,-2.149065971374512,3,2,10,-3.2844443321228027,2.917994499206543
CV3 | nets=2 | frames=10,test,17,0.2708167150760829,-1.3930106163024902,3,2,10,-2.2461142539978027,1.6574783325195312
CV3 | nets=2 | frames=10,test,18,-0.0488976389824205,-1.9240095615386963,3,2,10,-2.9772489070892334,2.5292863845825195
CV3 | nets=2 | frames=10,test,19,0.3374250403982374,-1.047478437423706,3,2,10,-1.7738165855407717,1.1260830163955688
CV3 | nets=2 | frames=10,test,20,0.144219835421564,-1.684473991394043,3,2,10,-2.648564577102661,2.15338134765625
CV3 | nets=2 | frames=10,test,21,0.2238599590476573,-1.423276424407959,3,2,10,-2.292041778564453,1.7239617109298706
CV3 | nets=2 | frames=10,test,22,-0.2110936628700718,-2.195556163787842,3,2,10,-3.3515172004699707,2.9754538536071777
CV3 | nets=2 | frames=10,test,23,-0.135107647284631,-2.207859516143799,3,2,10,-3.369335412979126,2.9897189140319824
CV3 | nets=2 | frames=10,test,24,-0.2879174109079594,-2.185652256011963,3,2,10,-3.33305287361145,2.954645156860352
CV3 | nets=2 | frames=10,test,25,-0.0869858031149348,-2.182756185531616,3,2,10,-3.328232526779175,2.9556326866149902
CV3 | nets=2 | frames=10,test,26,0.0729596003150843,-1.8293113708496092,3,2,10,-2.848883390426636,2.3736367225646973
CV3 | nets=2 | frames=10,test,27,-0.0473741087700227,-2.302478313446045,3,2,10,-3.490051031112671,3.141716957092285
CV3 | nets=2 | frames=10,test,28,-0.1740479126403528,-2.0870418548583984,3,2,10,-3.2093312740325928,2.795342445373535
CV3 | nets=2 | frames=10,test,29,-0.1534844106106529,-2.366109132766724,3,2,10,-3.59250807762146,3.237423896789551
CV3 | nets=2 | frames=10,test,30,-0.3339993893646671,-2.1415536403656006,3,2,10,-3.272681474685669,2.8794589042663574
CV3 | nets=2 | frames=10,test,31,-0.2983576891176249,-2.119518995285034,3,2,10,-3.2409040927886963,2.8656935691833496
CV3 | nets=2 | frames=10,test,32,-0.0843642366678143,-1.8469897508621216,3,2,10,-2.877617359161377,2.419018268585205
CV3 | nets=2 | frames=10,test,33,-0.2273098506600647,-2.0574660301208496,3,2,10,-3.1484484672546387,2.7605557441711426
CV3 | nets=2 | frames=10,test,34,0.150316153738502,-1.4858545064926147,3,2,10,-2.379556179046631,1.8128644227981567
CV3 | nets=2 | frames=10,test,35,-0.2691509251686252,-2.0668063163757324,3,2,10,-3.165124893188477,2.7585010528564453
CV3 | nets=2 | frames=10,test,36,0.1269998279169667,-1.753158688545227,3,2,10,-2.7503695487976074,2.253961563110352
CV3 | nets=2 | frames=10,test,37,0.3220806426408416,-1.1359180212020874,3,2,10,-1.9077824354171755,1.2421425580978394
CV3 | nets=2 | frames=10,test,38,-0.3233661435786948,-2.3013253211975098,3,2,10,-3.502095460891724,3.130019187927246
CV3 | nets=2 | frames=10,test,39,-0.1666568671096066,-2.209599018096924,3,2,10,-3.370496988296509,2.99056339263916
CV3 | nets=2 | frames=10,test,40,-0.0608276768648222,-2.104904890060425,3,2,10,-3.236666440963745,2.827950954437256
CV3 | nets=2 | frames=10,test,41,0.2821721893243829,-1.3813929557800293,3,2,10,-2.226094484329224,1.6418559551239014
CV3 | nets=2 | frames=10,test,42,-0.0591450573123482,-2.305794239044189,3,2,10,-3.496640682220459,3.153608798980713
CV3 | nets=2 | frames=10,test,43,-0.2523187814106471,-2.3146660327911377,3,2,10,-3.5129401683807373,3.1695432662963867
CV3 | nets=2 | frames=10,test,44,0.2693791688852633,-1.5293567180633545,3,2,10,-2.43875503540039,1.893099904060364
CV3 | nets=2 | frames=10,test,45,-0.157111034083224,-1.9659879207611084,3,2,10,-3.03452205657959,2.615352153778076
CV3 | nets=2 | frames=10,test,46,0.1606833051492441,-1.7489855289459229,3,2,10,-2.737283229827881,2.2488789558410645
CV3 | nets=2 | frames=10,test,47,0.172504695096772,-1.747544288635254,3,2,10,-2.7407102584838867,2.2149930000305176
CV3 | nets=2 | frames=10,test,48,0.3873779088920612,-1.1191788911819458,3,2,10,-1.8728703260421755,1.2190574407577517
CV3 | nets=2 | frames=10,test,49,-0.100209652453205,-2.0594353675842285,3,2,10,-3.1571896076202397,2.749495029449463
CV3 | nets=2 | frames=10,test,50,0.1807945702326933,-1.7070245742797852,3,2,10,-2.6894969940185547,2.168975830078125
CV3 | nets=2 | frames=10,test,51,-0.2190887259038099,-2.133669853210449,3,2,10,-3.272139310836792,2.883704662322998
CV3 | nets=2 | frames=10,test,52,0.0386789596579197,-2.0049490928649902,3,2,10,-3.087568521499634,2.6515512466430664
CV3 | nets=2 | frames=10,test,53,-0.1466400227827606,-1.9848449230194087,3,2,10,-3.0635643005371094,2.646243095397949
CV3 | nets=2 | frames=10,test,54,-0.1466582167541242,-2.2501399517059326,3,2,10,-3.416552782058716,3.05976676940918
CV3 | nets=2 | frames=10,test,55,0.3543707109293127,-1.04010272026062,3,2,10,-1.764864444732666,1.120904803276062
CV3 | nets=2 | frames=10,test,56,-0.2504451898786599,-2.1751480102539062,3,2,10,-3.32443642616272,2.9135050773620605
CV3 | nets=2 | frames=10,test,57,-0.0803696162881754,-2.1434743404388428,3,2,10,-3.2687933444976807,2.868895530700684
CV3 | nets=2 | frames=10,test,58,-0.1277120103792852,-2.1419503688812256,3,2,10,-3.2808172702789307,2.890939235687256
CV3 | nets=2 | frames=10,test,59,0.3812481697430855,-1.111442804336548,3,2,10,-1.874469876289368,1.204293966293335
CV3 | nets=2 | frames=10,test,60,-0.4003789014783009,-2.2231733798980717,3,2,10,-3.3895132541656494,3.005441665649414
CV3 | nets=2 | frames=10,test,61,0.2511593493496609,-1.475871443748474,3,2,10,-2.36382794380188,1.8200737237930296
CV3 | nets=2 | frames=10,test,62,-0.1963377719651293,-2.307288885116577,3,2,10,-3.5024988651275635,3.125394344329834
CV3 | nets=2 | frames=10,test,63,0.2011468693729077,-1.688483715057373,3,2,10,-2.661005973815918,2.1517891883850098
CV3 | nets=2 | frames=10,test,64,0.1834175400503848,-1.8869508504867556,3,2,10,-2.924302816390991,2.452235221862793
CV3 | nets=2 | frames=10,test,65,0.1677718678598186,-1.864980697631836,3,2,10,-2.901051521301269,2.4411745071411133
CV3 | nets=2 | frames=10,test,66,0.2103549124683166,-1.332497000694275,3,2,10,-2.170938491821289,1.5659146308898926
CV3 | nets=2 | frames=10,test,67,-0.2124182814927736,-2.250189304351806,3,2,10,-3.43311095237732,3.0587563514709477
CV3 | nets=2 | frames=10,test,68,0.2427422463907798,-1.4850401878356934,3,2,10,-2.378713607788086,1.8237982988357544
CV3 | nets=2 | frames=10,test,69,-0.198060037637249,-2.3561313152313232,3,2,10,-3.5688748359680176,3.236761569976806
CV3 | nets=2 | frames=10,test,70,-0.3247762104239115,-2.2137036323547363,3,2,10,-3.366073608398437,3.037728786468506
CV3 | nets=2 | frames=10,test,71,-0.1773883670701692,-1.8765511512756348,3,2,10,-2.917733192443848,2.4898643493652344
CV3 | nets=2 | frames=10,test,72,-0.2061780215112254,-1.9496746063232424,3,2,10,-2.997718095779419,2.583280563354492
CV3 | nets=2 | frames=10,test,73,-0.1515654324056017,-2.291975498199463,3,2,10,-3.475856065750122,3.1186537742614746
CV3 | nets=2 | frames=10,test,74,-0.1319308250403395,-2.0497827529907227,3,2,10,-3.155301094055176,2.747591495513916
CV3 | nets=2 | frames=25,train,0,-0.0669511275618616,3.7692642211914062,3,2,25,-3.822948217391968,5.275004386901856
CV3 | nets=2 | frames=25,train,1,0.2410100211356636,0.9614986777305604,3,2,25,-4.184030055999756,-3.633108139038086
CV3 | nets=2 | frames=25,test,0,0.1295779047889524,1.4237333536148071,3,2,25,-4.202402591705322,-2.271263837814331
CV3 | nets=2 | frames=25,test,1,-0.1623723264424866,4.621152400970459,3,2,25,-3.754404544830322,7.958343029022217
CV3 | nets=2 | frames=25,test,2,-0.123156073161201,3.1562671661376958,3,2,25,-4.0609331130981445,3.127598762512207
CV3 | nets=2 | frames=25,test,3,0.3453760393512503,-0.0846605151891708,3,2,25,-4.282886981964111,-6.897565841674805
CV3 | nets=2 | frames=25,test,4,-0.3979398483632574,4.238986015319824,3,2,25,-3.914937734603882,6.595314025878906
CV3 | nets=2 | frames=25,test,5,0.2126940386242633,0.9514826536178588,3,2,25,-3.984929800033569,-3.4313697814941406
CV3 | nets=2 | frames=25,test,6,0.0950451355151094,2.53397536277771,3,2,25,-4.019626617431641,1.315340518951416
CV3 | nets=2 | frames=25,test,7,-0.0648093100969477,3.3148655891418457,3,2,25,-3.8321104049682617,3.887160062789917
CV3 | nets=2 | frames=25,test,8,-0.0036101382641459,2.611366033554077,3,2,25,-4.025052070617676,1.5488401651382446
CV3 | nets=2 | frames=25,test,9,0.2259070200709375,0.7061692476272583,3,2,25,-4.009098529815674,-4.222914695739746
CV3 | nets=2 | frames=25,test,10,-0.2448221358235529,4.215895175933838,3,2,25,-3.892024040222168,6.546605110168457
CV3 | nets=2 | frames=25,test,11,-0.3251896560062025,3.679012775421143,3,2,25,-3.794556617736816,5.023221492767334
CV3 | nets=2 | frames=25,test,12,0.1639582164351763,0.6326777935028076,3,2,25,-4.2618088722229,-4.728390216827393
CV3 | nets=2 | frames=25,test,13,0.2767388091190165,1.5850342512130735,3,2,25,-4.312593936920166,-1.927750587463379
CV3 | nets=2 | frames=25,test,14,0.2817123526652541,0.6976763010025024,3,2,25,-4.08008337020874,-4.323517799377441
CV3 | nets=2 | frames=25,test,15,-0.1737797852877405,4.476128101348877,3,2,25,-4.029978275299072,7.157909393310547
CV3 | nets=2 | frames=25,test,16,-0.5936111989220015,4.371835708618164,3,2,25,-3.5723118782043457,7.435850620269775
CV3 | nets=2 | frames=25,test,17,0.2708167150760829,0.9827733039855956,3,2,25,-4.371569633483887,-3.8238799571990967
CV3 | nets=2 | frames=25,test,18,-0.0488976389824205,3.222984313964844,3,2,25,-3.878684520721436,3.5558972358703613
CV3 | nets=2 | frames=25,test,19,0.3374250403982374,-0.0091090351343154,3,2,25,-4.446133136749268,-6.925660133361816
CV3 | nets=2 | frames=25,test,20,0.144219835421564,2.33644700050354,3,2,25,-4.029003620147705,0.6922563910484314
CV3 | nets=2 | frames=25,test,21,0.2238599590476573,1.213746190071106,3,2,25,-4.279379844665527,-2.99722957611084
CV3 | nets=2 | frames=25,test,22,-0.2110936628700718,4.498403549194336,3,2,25,-3.999722957611084,7.263360023498535
CV3 | nets=2 | frames=25,test,23,-0.135107647284631,4.337263107299805,3,2,25,-3.9708876609802246,6.81211519241333
CV3 | nets=2 | frames=25,test,24,-0.2879174109079594,4.393428325653076,3,2,25,-4.053873538970947,6.87138032913208
CV3 | nets=2 | frames=25,test,25,-0.0869858031149348,4.3331074714660645,3,2,25,-3.939298152923584,6.811864852905273
CV3 | nets=2 | frames=25,test,26,0.0729596003150843,2.7315921783447266,3,2,25,-3.7854702472686768,2.1697983741760254
CV3 | nets=2 | frames=25,test,27,-0.0473741087700227,4.679546356201172,3,2,25,-3.847011804580689,7.985307693481445
CV3 | nets=2 | frames=25,test,28,-0.1740479126403528,3.9393601417541504,3,2,25,-4.132115840911865,5.426861763000488
CV3 | nets=2 | frames=25,test,29,-0.1534844106106529,4.824262619018555,3,2,25,-3.689321517944336,8.65404224395752
CV3 | nets=2 | frames=25,test,30,-0.3339993893646671,4.241499423980713,3,2,25,-4.166945934295654,6.268773555755615
CV3 | nets=2 | frames=25,test,31,-0.2983576891176249,4.273931980133057,3,2,25,-4.064848899841309,6.508523941040039
CV3 | nets=2 | frames=25,test,32,-0.0843642366678143,2.9900803565979004,3,2,25,-3.6882522106170654,3.04578709602356
CV3 | nets=2 | frames=25,test,33,-0.2273098506600647,4.096091270446777,3,2,25,-3.886311054229736,6.161985874176025
CV3 | nets=2 | frames=25,test,34,0.150316153738502,1.37347412109375,3,2,25,-4.2858991622924805,-2.5271875858306885
CV3 | nets=2 | frames=25,test,35,-0.2691509251686252,3.969883441925049,3,2,25,-4.031580448150635,5.644659996032715
CV3 | nets=2 | frames=25,test,36,0.1269998279169667,2.378361940383911,3,2,25,-3.9179110527038574,0.9581973552703856
CV3 | nets=2 | frames=25,test,37,0.3220806426408416,-0.177834928035736,3,2,25,-4.314328670501709,-7.213517189025879
CV3 | nets=2 | frames=25,test,38,-0.3233661435786948,4.501510620117188,3,2,25,-3.5502700805664062,7.828526973724365
CV3 | nets=2 | frames=25,test,39,-0.1666568671096066,4.32736873626709,3,2,25,-3.9651598930358887,6.803128242492676
CV3 | nets=2 | frames=25,test,40,-0.0608276768648222,3.844514131546021,3,2,25,-3.870152950286865,5.444829940795898
CV3 | nets=2 | frames=25,test,41,0.2821721893243829,0.9729519486427308,3,2,25,-4.298224925994873,-3.748877048492432
CV3 | nets=2 | frames=25,test,42,-0.0591450573123482,4.914458751678467,3,2,25,-4.115850925445557,8.410954475402832
CV3 | nets=2 | frames=25,test,43,-0.2523187814106471,4.825747966766357,3,2,25,-3.923276901245117,8.37336540222168
CV3 | nets=2 | frames=25,test,44,0.2693791688852633,1.632403016090393,3,2,25,-4.183695793151856,-1.637823224067688
CV3 | nets=2 | frames=25,test,45,-0.157111034083224,3.533238649368286,3,2,25,-3.808503150939941,4.554986000061035
CV3 | nets=2 | frames=25,test,46,0.1606833051492441,2.413245439529419,3,2,25,-3.7784078121185294,1.2275140285491943
CV3 | nets=2 | frames=25,test,47,0.172504695096772,2.1153695583343506,3,2,25,-4.072956562042236,-0.003237348049879
CV3 | nets=2 | frames=25,test,48,0.3873779088920612,-0.0619657039642334,3,2,25,-4.377835273742676,-6.960042953491211
CV3 | nets=2 | frames=25,test,49,-0.100209652453205,3.838401556015015,3,2,25,-4.125417232513428,5.142560958862305
CV3 | nets=2 | frames=25,test,50,0.1807945702326933,2.0571956634521484,3,2,25,-3.911745071411133,-0.0026451535522937
CV3 | nets=2 | frames=25,test,51,-0.2190887259038099,4.168286323547363,3,2,25,-3.8684449195861816,6.407933712005615
CV3 | nets=2 | frames=25,test,52,0.0386789596579197,3.374791145324707,3,2,25,-3.9759693145751953,3.919812202453613
CV3 | nets=2 | frames=25,test,53,-0.1466400227827606,3.6035542488098153,3,2,25,-3.831648111343384,4.766070365905762
CV3 | nets=2 | frames=25,test,54,-0.1466582167541242,4.558640003204346,3,2,25,-3.8141403198242183,7.700387001037598
CV3 | nets=2 | frames=25,test,55,0.3543707109293127,-0.0493911579251289,3,2,25,-4.382361888885498,-6.937966823577881
CV3 | nets=2 | frames=25,test,56,-0.2504451898786599,4.070739269256592,3,2,25,-3.881689548492432,6.133689880371094
CV3 | nets=2 | frames=25,test,57,-0.0803696162881754,3.926400899887085,3,2,25,-3.972860813140869,5.577991962432861
CV3 | nets=2 | frames=25,test,58,-0.1277120103792852,4.116750240325928,3,2,25,-3.926492929458618,6.199005126953125
CV3 | nets=2 | frames=25,test,59,0.3812481697430855,-0.1813894063234329,3,2,25,-4.291330337524414,-7.237774848937988
CV3 | nets=2 | frames=25,test,60,-0.4003789014783009,4.322636127471924,3,2,25,-3.731506109237671,7.07019567489624
CV3 | nets=2 | frames=25,test,61,0.2511593493496609,1.6230549812316897,3,2,25,-4.420605659484863,-1.966266632080078
CV3 | nets=2 | frames=25,test,62,-0.1963377719651293,4.609716892242432,3,2,25,-3.8056845664978023,7.837917804718018
CV3 | nets=2 | frames=25,test,63,0.2011468693729077,2.1639881134033203,3,2,25,-3.889370918273926,0.3378943204879761
CV3 | nets=2 | frames=25,test,64,0.1834175400503848,2.7528388500213623,3,2,25,-3.893972158432007,2.130810022354126
CV3 | nets=2 | frames=25,test,65,0.1677718678598186,2.955839872360229,3,2,25,-4.088475704193115,2.464861869812012
CV3 | nets=2 | frames=25,test,66,0.2103549124683166,0.6908861398696899,3,2,25,-4.169128894805908,-4.425594329833984
CV3 | nets=2 | frames=25,test,67,-0.2124182814927736,4.514401912689209,3,2,25,-3.752089023590088,7.619813442230225
CV3 | nets=2 | frames=25,test,68,0.2427422463907798,1.4388022422790527,3,2,25,-4.125227451324463,-2.141838312149048
CV3 | nets=2 | frames=25,test,69,-0.198060037637249,5.103292465209961,3,2,25,-3.823427438735962,9.318532943725586
CV3 | nets=2 | frames=25,test,70,-0.3247762104239115,4.898020267486572,3,2,25,-3.713110208511353,8.76667308807373
CV3 | nets=2 | frames=25,test,71,-0.1773883670701692,3.442549705505371,3,2,25,-3.865415096282959,4.216529846191406
CV3 | nets=2 | frames=25,test,72,-0.2061780215112254,3.6676738262176514,3,2,25,-4.008999347686768,4.756892204284668
CV3 | nets=2 | frames=25,test,73,-0.1515654324056017,4.674286365509033,3,2,25,-3.675309658050537,8.197901725769043
CV3 | nets=2 | frames=25,test,74,-0.1319308250403395,3.780503988265991,3,2,25,-3.773382186889648,5.356330871582031
CV3 | nets=2 | frames=50,train,0,-0.0669511275618616,5.641942977905273,3,2,50,4.187036037445068,-3.001115560531616
CV3 | nets=2 | frames=50,train,1,0.2410100211356636,0.741981029510498,3,2,50,-0.5835424661636353,-6.1510090827941895
CV3 | nets=2 | frames=50,test,0,0.1295779047889524,1.5282917022705078,3,2,50,0.2146965414285659,-5.385629653930664
CV3 | nets=2 | frames=50,test,1,-0.1623723264424866,7.245269775390625,3,2,50,5.747654438018799,-1.9768664836883545
CV3 | nets=2 | frames=50,test,2,-0.123156073161201,4.550885677337647,3,2,50,3.1324737071990967,-3.6064960956573486
CV3 | nets=2 | frames=50,test,3,0.3453760393512503,-1.1382758617401123,3,2,50,-2.3620765209198,-7.013258457183838
CV3 | nets=2 | frames=50,test,4,-0.3979398483632574,6.593167304992676,3,2,50,5.086019039154053,-2.552007913589477
CV3 | nets=2 | frames=50,test,5,0.2126940386242633,0.7662193775177002,3,2,50,-0.5205405950546265,-5.909838199615479
CV3 | nets=2 | frames=50,test,6,0.0950451355151094,3.4381535053253174,3,2,50,2.059796094894409,-4.291585922241211
CV3 | nets=2 | frames=50,test,7,-0.0648093100969477,4.648209571838379,3,2,50,3.2174935340881348,-3.660628318786621
CV3 | nets=2 | frames=50,test,8,-0.0036101382641459,3.50477147102356,3,2,50,2.1301522254943848,-4.204832553863525
CV3 | nets=2 | frames=50,test,9,0.2259070200709375,0.3088656961917877,3,2,50,-0.9858389496803284,-6.319582462310791
CV3 | nets=2 | frames=50,test,10,-0.2448221358235529,6.619051933288574,3,2,50,5.12252950668335,-2.44016432762146
CV3 | nets=2 | frames=50,test,11,-0.3251896560062025,5.751138687133789,3,2,50,4.287163257598877,-2.9425528049468994
CV3 | nets=2 | frames=50,test,12,0.1639582164351763,0.2678432464599609,3,2,50,-1.0303517580032349,-6.353008270263672
CV3 | nets=2 | frames=50,test,13,0.2767388091190165,1.7818819284439087,3,2,50,0.4161253273487091,-5.514521598815918
CV3 | nets=2 | frames=50,test,14,0.2817123526652541,0.2555519640445709,3,2,50,-1.033794641494751,-6.303899765014648
CV3 | nets=2 | frames=50,test,15,-0.1737797852877405,6.803347587585449,3,2,50,5.296252727508545,-2.349607467651367
CV3 | nets=2 | frames=50,test,16,-0.5936111989220015,6.658053874969482,3,2,50,5.233340740203857,-2.0171144008636475
CV3 | nets=2 | frames=50,test,17,0.2708167150760829,0.7523552775382996,3,2,50,-0.5858175158500671,-6.178739070892334
CV3 | nets=2 | frames=50,test,18,-0.0488976389824205,4.745907783508301,3,2,50,3.314603567123413,-3.5696794986724854
CV3 | nets=2 | frames=50,test,19,0.3374250403982374,-1.095300316810608,3,2,50,-2.367210626602173,-7.26764440536499
CV3 | nets=2 | frames=50,test,20,0.144219835421564,3.1992759704589844,3,2,50,1.814867377281189,-4.518365383148193
CV3 | nets=2 | frames=50,test,21,0.2238599590476573,1.1669877767562866,3,2,50,-0.1649712473154068,-5.835660457611084
CV3 | nets=2 | frames=50,test,22,-0.2110936628700718,6.958281517028809,3,2,50,5.4331464767456055,-2.3509645462036133
CV3 | nets=2 | frames=50,test,23,-0.135107647284631,6.73676872253418,3,2,50,5.213927268981934,-2.5350661277771
CV3 | nets=2 | frames=50,test,24,-0.2879174109079594,6.792473793029785,3,2,50,5.265797138214111,-2.49445915222168
CV3 | nets=2 | frames=50,test,25,-0.0869858031149348,6.683774948120117,3,2,50,5.161959171295166,-2.546227216720581
CV3 | nets=2 | frames=50,test,26,0.0729596003150843,3.867862701416016,3,2,50,2.46708083152771,-4.091859340667725
CV3 | nets=2 | frames=50,test,27,-0.0473741087700227,7.18092679977417,3,2,50,5.673925876617432,-2.0377190113067627
CV3 | nets=2 | frames=50,test,28,-0.1740479126403528,6.109696865081787,3,2,50,4.603171825408936,-2.9272561073303223
CV3 | nets=2 | frames=50,test,29,-0.1534844106106529,7.539010524749756,3,2,50,6.031420230865479,-1.8012937307357788
CV3 | nets=2 | frames=50,test,30,-0.3339993893646671,6.618914604187012,3,2,50,5.084453105926514,-2.656822204589844
CV3 | nets=2 | frames=50,test,31,-0.2983576891176249,6.53350830078125,3,2,50,5.050982475280762,-2.386218547821045
CV3 | nets=2 | frames=50,test,32,-0.0843642366678143,4.391686916351318,3,2,50,2.9677743911743164,-3.820482015609741
CV3 | nets=2 | frames=50,test,33,-0.2273098506600647,6.242971897125244,3,2,50,4.766726970672607,-2.632071018218994
CV3 | nets=2 | frames=50,test,34,0.150316153738502,1.4565656185150146,3,2,50,0.1024742573499679,-5.717843532562256
CV3 | nets=2 | frames=50,test,35,-0.2691509251686252,5.912303924560547,3,2,50,4.442583560943604,-2.8448970317840576
CV3 | nets=2 | frames=50,test,36,0.1269998279169667,3.234773874282837,3,2,50,1.8488528728485107,-4.527505397796631
CV3 | nets=2 | frames=50,test,37,0.3220806426408416,-1.1507465839385986,3,2,50,-2.3967740535736084,-7.176297664642334
CV3 | nets=2 | frames=50,test,38,-0.3233661435786948,7.0430908203125,3,2,50,5.541248321533203,-2.193760633468628
CV3 | nets=2 | frames=50,test,39,-0.1666568671096066,6.578103542327881,3,2,50,5.094695091247559,-2.38244104385376
CV3 | nets=2 | frames=50,test,40,-0.0608276768648222,5.858430862426758,3,2,50,4.382578372955322,-2.935266733169556
CV3 | nets=2 | frames=50,test,41,0.2821721893243829,0.5132983326911926,3,2,50,-0.7821653485298157,-6.096708297729492
CV3 | nets=2 | frames=50,test,42,-0.0591450573123482,7.483902931213379,3,2,50,5.956150531768799,-1.9343433380126955
CV3 | nets=2 | frames=50,test,43,-0.2523187814106471,7.310098171234131,3,2,50,5.807032585144043,-1.9386651515960691
CV3 | nets=2 | frames=50,test,44,0.2693791688852633,1.7658495903015137,3,2,50,0.407115489244461,-5.491913318634033
CV3 | nets=2 | frames=50,test,45,-0.157111034083224,5.496809482574463,3,2,50,4.03466272354126,-3.14399528503418
CV3 | nets=2 | frames=50,test,46,0.1606833051492441,3.212421417236328,3,2,50,1.8432594537734983,-4.448750972747803
CV3 | nets=2 | frames=50,test,47,0.172504695096772,2.7021985054016118,3,2,50,1.3098512887954712,-5.005199909210205
CV3 | nets=2 | frames=50,test,48,0.3873779088920612,-1.116673469543457,3,2,50,-2.3697729110717773,-7.197854518890381
CV3 | nets=2 | frames=50,test,49,-0.100209652453205,5.647902965545654,3,2,50,4.177358150482178,-3.069493532180786
CV3 | nets=2 | frames=50,test,50,0.1807945702326933,2.724224805831909,3,2,50,1.351454734802246,-4.8345866203308105
CV3 | nets=2 | frames=50,test,51,-0.2190887259038099,6.442718505859375,3,2,50,4.9370551109313965,-2.663683652877808
CV3 | nets=2 | frames=50,test,52,0.0386789596579197,4.77534818649292,3,2,50,3.3621768951416016,-3.405444860458374
CV3 | nets=2 | frames=50,test,53,-0.1466400227827606,5.351143836975098,3,2,50,3.927990198135376,-3.0247719287872314
CV3 | nets=2 | frames=50,test,54,-0.1466582167541242,6.965970039367676,3,2,50,5.486068248748779,-2.0920426845550537
CV3 | nets=2 | frames=50,test,55,0.3543707109293127,-1.1395928859710691,3,2,50,-2.370116710662842,-7.037132740020752
CV3 | nets=2 | frames=50,test,56,-0.2504451898786599,6.403799057006836,3,2,50,4.907435894012451,-2.636474370956421
CV3 | nets=2 | frames=50,test,57,-0.0803696162881754,5.781167984008789,3,2,50,4.323990345001221,-2.856361150741577
CV3 | nets=2 | frames=50,test,58,-0.1277120103792852,6.303428649902344,3,2,50,4.813539505004883,-2.6623857021331787
CV3 | nets=2 | frames=50,test,59,0.3812481697430855,-1.1183232069015503,3,2,50,-2.393573522567749,-7.332953453063965
CV3 | nets=2 | frames=50,test,60,-0.4003789014783009,6.6624932289123535,3,2,50,5.17478084564209,-2.386480569839477
CV3 | nets=2 | frames=50,test,61,0.2511593493496609,1.7391910552978516,3,2,50,0.3709099590778351,-5.548695087432861
CV3 | nets=2 | frames=50,test,62,-0.1963377719651293,7.3147172927856445,3,2,50,5.7881059646606445,-2.083127737045288
CV3 | nets=2 | frames=50,test,63,0.2011468693729077,2.772870779037476,3,2,50,1.40455424785614,-4.783659934997559
CV3 | nets=2 | frames=50,test,64,0.1834175400503848,3.6421713829040527,3,2,50,2.259297609329224,-4.148999214172363
CV3 | nets=2 | frames=50,test,65,0.1677718678598186,4.177195549011231,3,2,50,2.736255168914795,-4.06676197052002
CV3 | nets=2 | frames=50,test,66,0.2103549124683166,0.2588976621627807,3,2,50,-1.0250248908996582,-6.289794445037842
CV3 | nets=2 | frames=50,test,67,-0.2124182814927736,7.019067287445068,3,2,50,5.516549587249756,-2.172513484954834
CV3 | nets=2 | frames=50,test,68,0.2427422463907798,1.575924038887024,3,2,50,0.2336810380220413,-5.576756000518799
CV3 | nets=2 | frames=50,test,69,-0.198060037637249,7.838756084442139,3,2,50,6.330114364624023,-1.5156447887420654
CV3 | nets=2 | frames=50,test,70,-0.3247762104239115,7.547074317932129,3,2,50,6.036026954650879,-1.7772607803344729
CV3 | nets=2 | frames=50,test,71,-0.1773883670701692,5.0942230224609375,3,2,50,3.672518253326416,-3.1882712841033936
CV3 | nets=2 | frames=50,test,72,-0.2061780215112254,5.459254264831543,3,2,50,4.023040294647217,-3.0226941108703613
CV3 | nets=2 | frames=50,test,73,-0.1515654324056017,7.336266040802002,3,2,50,5.853475093841553,-1.7885363101959229
CV3 | nets=2 | frames=50,test,74,-0.1319308250403395,5.687487602233887,3,2,50,4.235926628112793,-2.9323525428771973
CV3 | nets=2 | frames=100,train,0,-0.0669511275618616,-5.712120056152344,3,2,100,5.889686107635498,2.9518425464630127
CV3 | nets=2 | frames=100,train,1,0.2410100211356636,-2.2498884201049805,3,2,100,3.8659098148345943,-4.740283489227295
CV3 | nets=2 | frames=100,test,0,0.1295779047889524,-2.7841100692749023,3,2,100,4.130009174346924,-3.3409829139709477
CV3 | nets=2 | frames=100,test,1,-0.1623723264424866,-6.732234954833984,3,2,100,6.468646049499512,5.292465686798096
CV3 | nets=2 | frames=100,test,2,-0.123156073161201,-5.003152370452881,3,2,100,5.478109359741211,1.394710898399353
CV3 | nets=2 | frames=100,test,3,0.3453760393512503,-1.0400753021240234,3,2,100,3.130479574203491,-7.304386138916016
CV3 | nets=2 | frames=100,test,4,-0.3979398483632574,-6.3812408447265625,3,2,100,6.338199138641357,4.223719596862793
CV3 | nets=2 | frames=100,test,5,0.2126940386242633,-2.194193124771118,3,2,100,3.734483242034912,-4.487874984741211
CV3 | nets=2 | frames=100,test,6,0.0950451355151094,-4.082732677459717,3,2,100,4.9199700355529785,-0.5964324474334717
CV3 | nets=2 | frames=100,test,7,-0.0648093100969477,-5.086524963378906,3,2,100,5.523647308349609,1.570313572883606
CV3 | nets=2 | frames=100,test,8,-0.0036101382641459,-4.205766677856445,3,2,100,5.002491474151611,-0.3494573831558227
CV3 | nets=2 | frames=100,test,9,0.2259070200709375,-1.8883516788482664,3,2,100,3.5659093856811523,-5.20244026184082
CV3 | nets=2 | frames=100,test,10,-0.2448221358235529,-6.492342948913574,3,2,100,6.374053478240967,4.594165325164795
CV3 | nets=2 | frames=100,test,11,-0.3251896560062025,-5.720427513122559,3,2,100,5.857254981994629,3.119619131088257
CV3 | nets=2 | frames=100,test,12,0.1639582164351763,-1.9033944606781008,3,2,100,3.634241580963135,-5.391873359680176
CV3 | nets=2 | frames=100,test,13,0.2767388091190165,-2.8692243099212646,3,2,100,4.2428297996521,-3.4079818725585938
CV3 | nets=2 | frames=100,test,14,0.2817123526652541,-1.810381293296814,3,2,100,3.528752565383911,-5.398415565490723
CV3 | nets=2 | frames=100,test,15,-0.1737797852877405,-6.524662017822266,3,2,100,6.433007717132568,4.514332294464111
CV3 | nets=2 | frames=100,test,16,-0.5936111989220015,-6.424777984619141,3,2,100,6.227853775024414,4.851789474487305
CV3 | nets=2 | frames=100,test,17,0.2708167150760829,-2.2650458812713623,3,2,100,3.912540197372437,-4.846023082733154
CV3 | nets=2 | frames=100,test,18,-0.0488976389824205,-5.012408256530762,3,2,100,5.461503505706787,1.4741750955581665
CV3 | nets=2 | frames=100,test,19,0.3374250403982374,-1.1322245597839355,3,2,100,3.213245153427124,-7.207468509674072
CV3 | nets=2 | frames=100,test,20,0.144219835421564,-3.7863290309906006,3,2,100,4.709521770477295,-1.1161013841629028
CV3 | nets=2 | frames=100,test,21,0.2238599590476573,-2.500044345855713,3,2,100,4.006738185882568,-4.154856204986572
CV3 | nets=2 | frames=100,test,22,-0.2110936628700718,-6.715236186981201,3,2,100,6.541128635406494,4.946051120758057
CV3 | nets=2 | frames=100,test,23,-0.135107647284631,-6.367925643920898,3,2,100,6.3202433586120605,4.229689598083496
CV3 | nets=2 | frames=100,test,24,-0.2879174109079594,-6.537966728210449,3,2,100,6.450936794281006,4.494150161743164
CV3 | nets=2 | frames=100,test,25,-0.0869858031149348,-6.255110740661621,3,2,100,6.224689483642578,4.089792728424072
CV3 | nets=2 | frames=100,test,26,0.0729596003150843,-4.330991744995117,3,2,100,5.016285419464111,0.1334206759929657
CV3 | nets=2 | frames=100,test,27,-0.0473741087700227,-6.736241817474365,3,2,100,6.517881393432617,5.120674133300781
CV3 | nets=2 | frames=100,test,28,-0.1740479126403528,-6.0880632400512695,3,2,100,6.18300199508667,3.5199670791625977
CV3 | nets=2 | frames=100,test,29,-0.1534844106106529,-6.982444763183594,3,2,100,6.648658752441406,5.7162766456604
CV3 | nets=2 | frames=100,test,30,-0.3339993893646671,-6.564822196960449,3,2,100,6.501148223876953,4.427675247192383
CV3 | nets=2 | frames=100,test,31,-0.2983576891176249,-6.391744613647461,3,2,100,6.339254856109619,4.292835712432861
CV3 | nets=2 | frames=100,test,32,-0.0843642366678143,-4.619562149047852,3,2,100,5.138226509094238,0.9502382278442384
CV3 | nets=2 | frames=100,test,33,-0.2273098506600647,-6.217705726623535,3,2,100,6.167065620422363,4.157298564910889
CV3 | nets=2 | frames=100,test,34,0.150316153738502,-2.7875587940216064,3,2,100,4.20665168762207,-3.636866569519043
CV3 | nets=2 | frames=100,test,35,-0.2691509251686252,-6.065028667449951,3,2,100,6.172896385192871,3.456423282623291
CV3 | nets=2 | frames=100,test,36,0.1269998279169667,-3.834184408187866,3,2,100,4.739670276641846,-1.02255380153656
CV3 | nets=2 | frames=100,test,37,0.3220806426408416,-0.9720817804336548,3,2,100,3.1066999435424805,-7.5195698738098145
CV3 | nets=2 | frames=100,test,38,-0.3233661435786948,-6.582124710083008,3,2,100,6.36016845703125,5.019471645355225
CV3 | nets=2 | frames=100,test,39,-0.1666568671096066,-6.403485298156738,3,2,100,6.352270603179932,4.283826351165772
CV3 | nets=2 | frames=100,test,40,-0.0608276768648222,-5.643716812133789,3,2,100,5.848116397857666,2.814727067947388
CV3 | nets=2 | frames=100,test,41,0.2821721893243829,-2.2188007831573486,3,2,100,3.874465942382813,-4.898436069488525
CV3 | nets=2 | frames=100,test,42,-0.0591450573123482,-7.140254020690918,3,2,100,6.865875720977783,5.60671329498291
CV3 | nets=2 | frames=100,test,43,-0.2523187814106471,-6.896075248718262,3,2,100,6.638328552246094,5.38234806060791
CV3 | nets=2 | frames=100,test,44,0.2693791688852633,-2.924569845199585,3,2,100,4.254395008087158,-3.2111520767211914
CV3 | nets=2 | frames=100,test,45,-0.157111034083224,-5.407654762268066,3,2,100,5.636689186096191,2.564404964447021
CV3 | nets=2 | frames=100,test,46,0.1606833051492441,-3.803421258926392,3,2,100,4.681779384613037,-0.944198727607727
CV3 | nets=2 | frames=100,test,47,0.172504695096772,-3.635225772857666,3,2,100,4.715102672576904,-1.822931408882141
CV3 | nets=2 | frames=100,test,48,0.3873779088920612,-1.1048752069473269,3,2,100,3.1983015537261963,-7.281135082244873
CV3 | nets=2 | frames=100,test,49,-0.100209652453205,-5.771332740783691,3,2,100,6.01788330078125,2.7403159141540527
CV3 | nets=2 | frames=100,test,50,0.1807945702326933,-3.458302497863769,3,2,100,4.515909671783447,-1.8423508405685425
CV3 | nets=2 | frames=100,test,51,-0.2190887259038099,-6.101591110229492,3,2,100,6.09971284866333,3.8898518085479736
CV3 | nets=2 | frames=100,test,52,0.0386789596579197,-5.146790504455566,3,2,100,5.593199729919434,1.5822139978408811
CV3 | nets=2 | frames=100,test,53,-0.1466400227827606,-5.439588069915772,3,2,100,5.681086540222168,2.553438425064087
CV3 | nets=2 | frames=100,test,54,-0.1466582167541242,-6.68885612487793,3,2,100,6.491930961608887,5.009453296661377
CV3 | nets=2 | frames=100,test,55,0.3543707109293127,-1.0218385457992554,3,2,100,3.108020305633545,-7.285062313079834
CV3 | nets=2 | frames=100,test,56,-0.2504451898786599,-6.367133617401123,3,2,100,6.33125114440918,4.185702800750732
CV3 | nets=2 | frames=100,test,57,-0.0803696162881754,-5.850644588470459,3,2,100,6.033061027526856,3.0284948348999023
CV3 | nets=2 | frames=100,test,58,-0.1277120103792852,-6.048397541046143,3,2,100,6.093245029449463,3.684749126434326
CV3 | nets=2 | frames=100,test,59,0.3812481697430855,-0.9519389271736144,3,2,100,3.0774571895599365,-7.506721019744873
CV3 | nets=2 | frames=100,test,60,-0.4003789014783009,-6.410565376281738,3,2,100,6.307699680328369,4.467777252197266
CV3 | nets=2 | frames=100,test,61,0.2511593493496609,-2.914424180984497,3,2,100,4.289273738861084,-3.375990867614746
CV3 | nets=2 | frames=100,test,62,-0.1963377719651293,-7.0602312088012695,3,2,100,6.741116523742676,5.703294277191162
CV3 | nets=2 | frames=100,test,63,0.2011468693729077,-3.505946397781372,3,2,100,4.535091876983643,-1.702941656112671
CV3 | nets=2 | frames=100,test,64,0.1834175400503848,-4.247267723083496,3,2,100,5.033941745758057,-0.3038161098957062
CV3 | nets=2 | frames=100,test,65,0.1677718678598186,-4.509171485900879,3,2,100,5.181360721588135,0.3037373125553131
CV3 | nets=2 | frames=100,test,66,0.2103549124683166,-1.9157081842422483,3,2,100,3.634665489196777,-5.336773872375488
CV3 | nets=2 | frames=100,test,67,-0.2124182814927736,-6.637310981750488,3,2,100,6.440229415893555,4.980687618255615
CV3 | nets=2 | frames=100,test,68,0.2427422463907798,-2.709822654724121,3,2,100,4.089706897735596,-3.545457601547241
CV3 | nets=2 | frames=100,test,69,-0.198060037637249,-7.3669891357421875,3,2,100,6.91126823425293,6.447943210601807
CV3 | nets=2 | frames=100,test,70,-0.3247762104239115,-7.053460121154785,3,2,100,6.621673583984375,6.146158218383789
CV3 | nets=2 | frames=100,test,71,-0.1773883670701692,-5.232141971588135,3,2,100,5.53727388381958,2.190542936325073
CV3 | nets=2 | frames=100,test,72,-0.2061780215112254,-5.728489398956299,3,2,100,5.921469211578369,2.917285919189453
CV3 | nets=2 | frames=100,test,73,-0.1515654324056017,-6.950965881347656,3,2,100,6.592654228210449,5.79247522354126
CV3 | nets=2 | frames=100,test,74,-0.1319308250403395,-5.620840072631836,3,2,100,5.782094478607178,2.9672319889068604
CV3 | nets=4 | frames=2,train,0,-0.0669511275618616,-0.2852174639701843,3,4,2,0.8817451000213623,-0.9682382345199584
CV3 | nets=4 | frames=2,train,1,0.2410100211356636,-0.3769349157810211,3,4,2,0.9187437295913696,-1.0321003198623655
CV3 | nets=4 | frames=2,train,2,-0.0337183800006596,-0.3189287185668945,3,4,2,0.9033841490745544,-0.9996767044067384
CV3 | nets=4 | frames=2,train,3,-0.0707599670319939,-0.3238492012023926,3,4,2,0.9114888310432434,-1.0085198879241943
CV3 | nets=4 | frames=2,test,0,-0.123156073161201,-0.3062911927700043,3,4,2,0.8943535089492798,-0.9946050643920898
CV3 | nets=4 | frames=2,test,1,0.3453760393512503,-0.3892708122730255,3,4,2,0.9018661379814148,-1.030561923980713
CV3 | nets=4 | frames=2,test,2,-0.3979398483632574,-0.2892190515995025,3,4,2,0.9030764102935792,-0.9914806485176086
CV3 | nets=4 | frames=2,test,3,0.2126940386242633,-0.3710560500621795,3,4,2,0.8991119861602783,-1.0092979669570925
CV3 | nets=4 | frames=2,test,4,0.0950451355151094,-0.3187224864959717,3,4,2,0.8919532299041748,-0.992516040802002
CV3 | nets=4 | frames=2,test,5,-0.0648093100969477,-0.3073978424072265,3,4,2,0.8940813541412354,-0.98503440618515
CV3 | nets=4 | frames=2,test,6,-0.0036101382641459,-0.3227115273475647,3,4,2,0.8950271606445312,-0.9959720373153688
CV3 | nets=4 | frames=2,test,7,0.2259070200709375,-0.3886269032955169,3,4,2,0.9155336022377014,-1.0282084941864014
CV3 | nets=4 | frames=2,test,8,-0.2448221358235529,-0.2864786088466644,3,4,2,0.9008313417434692,-0.991263210773468
CV3 | nets=4 | frames=2,test,9,-0.3251896560062025,-0.2920837998390198,3,4,2,0.8964444994926453,-0.9927710294723512
CV3 | nets=4 | frames=2,test,10,0.1639582164351763,-0.3897402584552765,3,4,2,0.9153478741645812,-1.030779242515564
CV3 | nets=4 | frames=2,test,11,0.2767388091190165,-0.3564533293247223,3,4,2,0.9106470942497252,-1.0212293863296509
CV3 | nets=4 | frames=2,test,12,0.2817123526652541,-0.3849526941776275,3,4,2,0.9161189794540404,-1.033748745918274
CV3 | nets=4 | frames=2,test,13,-0.1737797852877405,-0.2770484387874603,3,4,2,0.8957570791244507,-0.979468822479248
CV3 | nets=4 | frames=2,test,14,-0.5936111989220015,-0.2727821469306946,3,4,2,0.8770617842674255,-0.9618624448776244
CV3 | nets=4 | frames=2,test,15,0.2708167150760829,-0.3611221313476562,3,4,2,0.8996282815933228,-1.014910340309143
CV3 | nets=4 | frames=2,test,16,-0.0488976389824205,-0.3064585328102112,3,4,2,0.894116222858429,-0.9900886416435242
CV3 | nets=4 | frames=2,test,17,0.3374250403982374,-0.4053327143192291,3,4,2,0.9033039808273317,-1.016899347305298
CV3 | nets=4 | frames=2,test,18,0.144219835421564,-0.3351715505123138,3,4,2,0.8999919891357422,-1.0028356313705444
CV3 | nets=4 | frames=2,test,19,0.2238599590476573,-0.3759711980819702,3,4,2,0.9129655957221984,-1.0199528932571411
CV3 | nets=4 | frames=2,test,20,-0.2110936628700718,-0.2872101366519928,3,4,2,0.9005821943283081,-0.982228457927704
CV3 | nets=4 | frames=2,test,21,-0.135107647284631,-0.2973934710025787,3,4,2,0.9093250632286072,-0.9888088703155518
CV3 | nets=4 | frames=2,test,22,-0.2879174109079594,-0.2869659662246704,3,4,2,0.8971512913703918,-0.9783039093017578
CV3 | nets=4 | frames=2,test,23,-0.0869858031149348,-0.2803983688354492,3,4,2,0.8909563422203064,-0.9717177152633668
CV3 | nets=4 | frames=2,test,24,0.0729596003150843,-0.3145037591457367,3,4,2,0.8920968174934387,-0.9907337427139282
CV3 | nets=4 | frames=2,test,25,-0.0473741087700227,-0.2514857649803161,3,4,2,0.8742309808731079,-0.9563268423080444
CV3 | nets=4 | frames=2,test,26,-0.1740479126403528,-0.3149319589138031,3,4,2,0.9202465415000916,-1.00691819190979
CV3 | nets=4 | frames=2,test,27,-0.1534844106106529,-0.2675778865814209,3,4,2,0.901703119277954,-0.9862107038497924
CV3 | nets=4 | frames=2,test,28,-0.3339993893646671,-0.2901991009712219,3,4,2,0.8970624208450317,-0.9806612730026244
CV3 | nets=4 | frames=2,test,29,-0.2983576891176249,-0.2787846624851227,3,4,2,0.8853524923324585,-0.9723575711250304
CV3 | nets=4 | frames=2,test,30,-0.0843642366678143,-0.3191487193107605,3,4,2,0.8984241485595703,-0.991586208343506
CV3 | nets=4 | frames=2,test,31,-0.2273098506600647,-0.2796111404895782,3,4,2,0.870497465133667,-0.948668360710144
CV3 | nets=4 | frames=2,test,32,0.150316153738502,-0.36185222864151,3,4,2,0.9102367758750916,-1.0213106870651243
CV3 | nets=4 | frames=2,test,33,-0.2691509251686252,-0.2733038663864136,3,4,2,0.8744300603866577,-0.9656209349632264
CV3 | nets=4 | frames=2,test,34,0.1269998279169667,-0.3428691625595093,3,4,2,0.912781536579132,-1.0108187198638916
CV3 | nets=4 | frames=2,test,35,0.3220806426408416,-0.4132881760597229,3,4,2,0.9302642345428468,-1.0601714849472046
CV3 | nets=4 | frames=2,test,36,-0.3233661435786948,-0.2817917764186859,3,4,2,0.9047356247901917,-0.9879891872406006
CV3 | nets=4 | frames=2,test,37,-0.1666568671096066,-0.2766323983669281,3,4,2,0.8950790166854858,-0.984385073184967
CV3 | nets=4 | frames=2,test,38,-0.0608276768648222,-0.2995546758174896,3,4,2,0.9127303957939148,-1.0073604583740234
CV3 | nets=4 | frames=2,test,39,0.2821721893243829,-0.3356049060821533,3,4,2,0.874340832233429,-0.9930880069732666
CV3 | nets=4 | frames=2,test,40,-0.0591450573123482,-0.2742999494075775,3,4,2,0.8949639797210693,-0.9731557369232178
CV3 | nets=4 | frames=2,test,41,-0.2523187814106471,-0.2646602392196655,3,4,2,0.8898165225982666,-0.968850314617157
CV3 | nets=4 | frames=2,test,42,0.2693791688852633,-0.3469927608966827,3,4,2,0.9002597332000732,-1.007471203804016
CV3 | nets=4 | frames=2,test,43,-0.157111034083224,-0.3044345378875732,3,4,2,0.8938453793525696,-0.983672261238098
CV3 | nets=4 | frames=2,test,44,0.1606833051492441,-0.3210079669952392,3,4,2,0.8898143172264099,-0.989404559135437
CV3 | nets=4 | frames=2,test,45,0.172504695096772,-0.3498999774456024,3,4,2,0.9194892644882202,-1.020252346992493
CV3 | nets=4 | frames=2,test,46,0.3873779088920612,-0.4043533504009247,3,4,2,0.9091650247573853,-1.0269793272018433
CV3 | nets=4 | frames=2,test,47,-0.100209652453205,-0.2919760644435882,3,4,2,0.8889117240905762,-0.9757503271102904
CV3 | nets=4 | frames=2,test,48,0.1807945702326933,-0.3405304551124573,3,4,2,0.91389262676239,-1.022382140159607
CV3 | nets=4 | frames=2,test,49,-0.2190887259038099,-0.3037612438201904,3,4,2,0.9110890626907348,-0.9925352931022644
CV3 | nets=4 | frames=2,test,50,0.0386789596579197,-0.2859584093093872,3,4,2,0.8865282535552979,-0.9866251945495604
CV3 | nets=4 | frames=2,test,51,-0.1466400227827606,-0.2976967692375183,3,4,2,0.8901023268699646,-0.9809588193893432
CV3 | nets=4 | frames=2,test,52,-0.1466582167541242,-0.2676886320114136,3,4,2,0.8792787194252014,-0.9602603912353516
CV3 | nets=4 | frames=2,test,53,0.3543707109293127,-0.3929338455200195,3,4,2,0.896720826625824,-1.021250605583191
CV3 | nets=4 | frames=2,test,54,-0.2504451898786599,-0.2898852825164795,3,4,2,0.9023404717445374,-0.9942755699157716
CV3 | nets=4 | frames=2,test,55,-0.0803696162881754,-0.2589064240455627,3,4,2,0.8694390058517456,-0.962951958179474
CV3 | nets=4 | frames=2,test,56,-0.1277120103792852,-0.289194792509079,3,4,2,0.9006949663162231,-0.9873431921005248
CV3 | nets=4 | frames=2,test,57,0.3812481697430855,-0.41858571767807,3,4,2,0.9306373596191406,-1.0551236867904663
CV3 | nets=4 | frames=2,test,58,-0.4003789014783009,-0.2759221494197845,3,4,2,0.8924115896224976,-0.9787527322769164
CV3 | nets=4 | frames=2,test,59,0.2511593493496609,-0.3539628982543945,3,4,2,0.902559459209442,-1.0089969635009766
CV3 | nets=4 | frames=2,test,60,-0.1963377719651293,-0.2665192186832428,3,4,2,0.8916975259780884,-0.9784489870071412
CV3 | nets=4 | frames=2,test,61,0.2011468693729077,-0.3406106531620025,3,4,2,0.9057130217552184,-1.006920576095581
CV3 | nets=4 | frames=2,test,62,0.1834175400503848,-0.2945173978805542,3,4,2,0.8817715048789978,-0.9847108125686646
CV3 | nets=4 | frames=2,test,63,0.1677718678598186,-0.3220776915550232,3,4,2,0.905384361743927,-0.9961413145065308
CV3 | nets=4 | frames=2,test,64,0.2103549124683166,-0.3847813308238983,3,4,2,0.9142710566520692,-1.029913306236267
CV3 | nets=4 | frames=2,test,65,-0.2124182814927736,-0.2757513225078583,3,4,2,0.9010059833526612,-0.9895139932632446
CV3 | nets=4 | frames=2,test,66,0.2427422463907798,-0.3665898442268371,3,4,2,0.9112163186073304,-1.0170159339904783
CV3 | nets=4 | frames=2,test,67,-0.198060037637249,-0.2441350072622299,3,4,2,0.878830075263977,-0.9643467664718628
CV3 | nets=4 | frames=2,test,68,-0.3247762104239115,-0.2573001980781555,3,4,2,0.864742636680603,-0.936598002910614
CV3 | nets=4 | frames=2,test,69,-0.1773883670701692,-0.2979663014411926,3,4,2,0.8881712555885315,-0.9866160154342652
CV3 | nets=4 | frames=2,test,70,-0.2061780215112254,-0.2862545251846313,3,4,2,0.8681949973106384,-0.9563211798667908
CV3 | nets=4 | frames=2,test,71,-0.1515654324056017,-0.2434162944555282,3,4,2,0.8668516874313354,-0.954524040222168
CV3 | nets=4 | frames=2,test,72,-0.1319308250403395,-0.2968169748783111,3,4,2,0.8967424035072327,-0.984124481678009
CV3 | nets=4 | frames=5,train,0,-0.0669511275618616,-3.943991184234619,3,4,5,-3.4674105644226074,-3.1876027584075928
CV3 | nets=4 | frames=5,train,1,0.2410100211356636,-4.493231296539307,3,4,5,-3.990755081176758,-3.6413893699646
CV3 | nets=4 | frames=5,train,2,-0.0337183800006596,-3.993146181106568,3,4,5,-3.5199503898620605,-3.222167730331421
CV3 | nets=4 | frames=5,train,3,-0.0707599670319939,-4.037974834442139,3,4,5,-3.562618494033813,-3.2625205516815186
CV3 | nets=4 | frames=5,test,0,-0.123156073161201,-4.080336093902588,3,4,5,-3.594687461853028,-3.2872116565704346
CV3 | nets=4 | frames=5,test,1,0.3453760393512503,-4.639199733734131,3,4,5,-4.126603126525879,-3.760570764541626
CV3 | nets=4 | frames=5,test,2,-0.3979398483632574,-3.8556387424468994,3,4,5,-3.384342193603516,-3.1103501319885254
CV3 | nets=4 | frames=5,test,3,0.2126940386242633,-4.4329514503479,3,4,5,-3.937910556793213,-3.5977909564971924
CV3 | nets=4 | frames=5,test,4,0.0950451355151094,-4.133816719055176,3,4,5,-3.647628545761109,-3.3420681953430176
CV3 | nets=4 | frames=5,test,5,-0.0648093100969477,-4.149744033813477,3,4,5,-3.660640001296997,-3.352037191390991
CV3 | nets=4 | frames=5,test,6,-0.0036101382641459,-4.164002895355225,3,4,5,-3.6764492988586426,-3.3594231605529785
CV3 | nets=4 | frames=5,test,7,0.2259070200709375,-4.5845046043396,3,4,5,-4.078719615936279,-3.718185186386109
CV3 | nets=4 | frames=5,test,8,-0.2448221358235529,-3.884076595306397,3,4,5,-3.409798622131348,-3.1296045780181885
CV3 | nets=4 | frames=5,test,9,-0.3251896560062025,-4.023134708404541,3,4,5,-3.5364255905151367,-3.248793363571167
CV3 | nets=4 | frames=5,test,10,0.1639582164351763,-4.471877574920654,3,4,5,-3.977832317352295,-3.624220132827759
CV3 | nets=4 | frames=5,test,11,0.2767388091190165,-4.289117336273193,3,4,5,-3.800572872161865,-3.4648993015289307
CV3 | nets=4 | frames=5,test,12,0.2817123526652541,-4.555950164794922,3,4,5,-4.05055570602417,-3.6903367042541504
CV3 | nets=4 | frames=5,test,13,-0.1737797852877405,-3.797987699508667,3,4,5,-3.330592632293701,-3.05457091331482
CV3 | nets=4 | frames=5,test,14,-0.5936111989220015,-3.8067142963409424,3,4,5,-3.337498426437378,-3.0678136348724365
CV3 | nets=4 | frames=5,test,15,0.2708167150760829,-4.407101154327393,3,4,5,-3.911201477050781,-3.569967746734619
CV3 | nets=4 | frames=5,test,16,-0.0488976389824205,-4.035538196563721,3,4,5,-3.554738521575928,-3.263643503189087
CV3 | nets=4 | frames=5,test,17,0.3374250403982374,-4.666061878204346,3,4,5,-4.16552209854126,-3.777788639068604
CV3 | nets=4 | frames=5,test,18,0.144219835421564,-4.078142166137695,3,4,5,-3.602813243865967,-3.3001010417938232
CV3 | nets=4 | frames=5,test,19,0.2238599590476573,-4.335953712463379,3,4,5,-3.852043390274048,-3.508919477462769
CV3 | nets=4 | frames=5,test,20,-0.2110936628700718,-3.797945976257324,3,4,5,-3.334838628768921,-3.0577504634857178
CV3 | nets=4 | frames=5,test,21,-0.135107647284631,-3.763582229614258,3,4,5,-3.3071770668029785,-3.032816171646118
CV3 | nets=4 | frames=5,test,22,-0.2879174109079594,-3.748929500579834,3,4,5,-3.291929244995117,-3.021454095840454
CV3 | nets=4 | frames=5,test,23,-0.0869858031149348,-3.7584965229034415,3,4,5,-3.2978086471557617,-3.0304949283599854
CV3 | nets=4 | frames=5,test,24,0.0729596003150843,-4.192087173461914,3,4,5,-3.6987733840942383,-3.3949573040008545
CV3 | nets=4 | frames=5,test,25,-0.0473741087700227,-3.768667697906494,3,4,5,-3.296741008758545,-3.036555528640747
CV3 | nets=4 | frames=5,test,26,-0.1740479126403528,-3.859153032302856,3,4,5,-3.397647857666016,-3.1072230339050293
CV3 | nets=4 | frames=5,test,27,-0.1534844106106529,-3.807015180587769,3,4,5,-3.3302879333496094,-3.064812660217285
CV3 | nets=4 | frames=5,test,28,-0.3339993893646671,-3.8230135440826416,3,4,5,-3.360610246658325,-3.0791327953338623
CV3 | nets=4 | frames=5,test,29,-0.2983576891176249,-3.75785231590271,3,4,5,-3.296347379684448,-3.0199310779571533
CV3 | nets=4 | frames=5,test,30,-0.0843642366678143,-4.153957366943359,3,4,5,-3.667207956314087,-3.364922285079956
CV3 | nets=4 | frames=5,test,31,-0.2273098506600647,-3.863830804824829,3,4,5,-3.3981995582580566,-3.117449760437012
CV3 | nets=4 | frames=5,test,32,0.150316153738502,-4.380980491638184,3,4,5,-3.8857650756835938,-3.545149087905884
CV3 | nets=4 | frames=5,test,33,-0.2691509251686252,-3.899059534072876,3,4,5,-3.422094345092773,-3.1420419216156006
CV3 | nets=4 | frames=5,test,34,0.1269998279169667,-4.200140476226807,3,4,5,-3.714900255203247,-3.399118423461914
CV3 | nets=4 | frames=5,test,35,0.3220806426408416,-4.640353202819824,3,4,5,-4.133142948150635,-3.761738777160645
CV3 | nets=4 | frames=5,test,36,-0.3233661435786948,-3.8619303703308105,3,4,5,-3.386463165283203,-3.1217098236083984
CV3 | nets=4 | frames=5,test,37,-0.1666568671096066,-3.822340250015259,3,4,5,-3.3497164249420166,-3.0760929584503174
CV3 | nets=4 | frames=5,test,38,-0.0608276768648222,-3.906944513320923,3,4,5,-3.431820869445801,-3.1502723693847656
CV3 | nets=4 | frames=5,test,39,0.2821721893243829,-4.517933368682861,3,4,5,-4.002692222595215,-3.657795429229736
CV3 | nets=4 | frames=5,test,40,-0.0591450573123482,-3.617811441421509,3,4,5,-3.1679065227508545,-2.9046385288238525
CV3 | nets=4 | frames=5,test,41,-0.2523187814106471,-3.6884078979492183,3,4,5,-3.2284693717956543,-2.9642555713653564
CV3 | nets=4 | frames=5,test,42,0.2693791688852633,-4.357516765594482,3,4,5,-3.861399173736572,-3.523655652999878
CV3 | nets=4 | frames=5,test,43,-0.157111034083224,-3.926734685897827,3,4,5,-3.457369089126587,-3.1752748489379883
CV3 | nets=4 | frames=5,test,44,0.1606833051492441,-4.201817035675049,3,4,5,-3.710482120513916,-3.405742645263672
CV3 | nets=4 | frames=5,test,45,0.172504695096772,-4.261476993560791,3,4,5,-3.771521806716919,-3.4485960006713867
CV3 | nets=4 | frames=5,test,46,0.3873779088920612,-4.655857086181641,3,4,5,-4.151446342468262,-3.774889230728149
CV3 | nets=4 | frames=5,test,47,-0.100209652453205,-3.8488709926605225,3,4,5,-3.384312629699707,-3.0994701385498047
CV3 | nets=4 | frames=5,test,48,0.1807945702326933,-4.278357028961182,3,4,5,-3.781440258026123,-3.463337182998657
CV3 | nets=4 | frames=5,test,49,-0.2190887259038099,-3.84389328956604,3,4,5,-3.381074905395508,-3.0998055934906006
CV3 | nets=4 | frames=5,test,50,0.0386789596579197,-4.01316499710083,3,4,5,-3.525289297103882,-3.236788034439087
CV3 | nets=4 | frames=5,test,51,-0.1466400227827606,-3.988702535629273,3,4,5,-3.510575294494629,-3.217225790023804
CV3 | nets=4 | frames=5,test,52,-0.1466582167541242,-3.715256452560425,3,4,5,-3.2538928985595703,-2.995107412338257
CV3 | nets=4 | frames=5,test,53,0.3543707109293127,-4.607029914855957,3,4,5,-4.103181838989258,-3.728246927261353
CV3 | nets=4 | frames=5,test,54,-0.2504451898786599,-3.92876935005188,3,4,5,-3.449805498123169,-3.1725075244903564
CV3 | nets=4 | frames=5,test,55,-0.0803696162881754,-3.908254146575928,3,4,5,-3.423936605453491,-3.1513283252716064
CV3 | nets=4 | frames=5,test,56,-0.1277120103792852,-3.858333110809326,3,4,5,-3.388888359069824,-3.110649347305298
CV3 | nets=4 | frames=5,test,57,0.3812481697430855,-4.717353343963623,3,4,5,-4.207077503204346,-3.829534292221069
CV3 | nets=4 | frames=5,test,58,-0.4003789014783009,-3.889535665512085,3,4,5,-3.410984516143799,-3.137906312942505
CV3 | nets=4 | frames=5,test,59,0.2511593493496609,-4.286428451538086,3,4,5,-3.801051378250122,-3.4599273204803467
CV3 | nets=4 | frames=5,test,60,-0.1963377719651293,-3.8566701412200928,3,4,5,-3.377146482467652,-3.1132192611694336
CV3 | nets=4 | frames=5,test,61,0.2011468693729077,-4.265592098236084,3,4,5,-3.774017572402954,-3.452881336212158
CV3 | nets=4 | frames=5,test,62,0.1834175400503848,-4.173219203948975,3,4,5,-3.6741442680358887,-3.373460531234741
CV3 | nets=4 | frames=5,test,63,0.1677718678598186,-4.094277381896973,3,4,5,-3.615899801254273,-3.3047752380371094
CV3 | nets=4 | frames=5,test,64,0.2103549124683166,-4.507120609283447,3,4,5,-4.006046772003174,-3.6519854068756095
CV3 | nets=4 | frames=5,test,65,-0.2124182814927736,-3.8438565731048575,3,4,5,-3.367947578430176,-3.095902919769287
CV3 | nets=4 | frames=5,test,66,0.2427422463907798,-4.335944175720215,3,4,5,-3.847487449645996,-3.511234998703003
CV3 | nets=4 | frames=5,test,67,-0.198060037637249,-3.719872236251831,3,4,5,-3.246589422225952,-2.9877636432647705
CV3 | nets=4 | frames=5,test,68,-0.3247762104239115,-3.739411592483521,3,4,5,-3.278839349746704,-3.013447999954224
CV3 | nets=4 | frames=5,test,69,-0.1773883670701692,-4.006566524505615,3,4,5,-3.525852680206299,-3.229538679122925
CV3 | nets=4 | frames=5,test,70,-0.2061780215112254,-3.8641839027404794,3,4,5,-3.398388147354126,-3.1181819438934326
CV3 | nets=4 | frames=5,test,71,-0.1515654324056017,-3.810800313949585,3,4,5,-3.3304905891418457,-3.072804927825928
CV3 | nets=4 | frames=5,test,72,-0.1319308250403395,-3.9798991680145264,3,4,5,-3.501364231109619,-3.211087226867676
CV3 | nets=4 | frames=10,train,0,-0.0669511275618616,3.5476937294006348,3,4,10,3.003275156021118,-3.626078128814697
CV3 | nets=4 | frames=10,train,1,0.2410100211356636,3.660934448242188,3,4,10,3.0562007427215576,-3.725685596466065
CV3 | nets=4 | frames=10,train,2,-0.0337183800006596,3.6110141277313232,3,4,10,3.041425943374634,-3.682260751724243
CV3 | nets=4 | frames=10,train,3,-0.0707599670319939,3.618000268936157,3,4,10,3.045820474624634,-3.690474271774292
CV3 | nets=4 | frames=10,test,0,-0.123156073161201,3.6680660247802734,3,4,10,3.0908026695251465,-3.7450528144836426
CV3 | nets=4 | frames=10,test,1,0.3453760393512503,3.655659914016724,3,4,10,3.041069507598877,-3.70737099647522
CV3 | nets=4 | frames=10,test,2,-0.3979398483632574,3.616349697113037,3,4,10,3.0596227645874023,-3.693016529083252
CV3 | nets=4 | frames=10,test,3,0.2126940386242633,3.581559896469116,3,4,10,2.9940786361694336,-3.648805141448975
CV3 | nets=4 | frames=10,test,4,0.0950451355151094,3.606261968612671,3,4,10,3.035036087036133,-3.67441987991333
CV3 | nets=4 | frames=10,test,5,-0.0648093100969477,3.632601737976074,3,4,10,3.0633976459503174,-3.717527389526367
CV3 | nets=4 | frames=10,test,6,-0.0036101382641459,3.638430118560791,3,4,10,3.0594184398651123,-3.710331439971924
CV3 | nets=4 | frames=10,test,7,0.2259070200709375,3.664977550506592,3,4,10,3.057021379470825,-3.737410068511963
CV3 | nets=4 | frames=10,test,8,-0.2448221358235529,3.638846874237061,3,4,10,3.079045534133911,-3.717151641845703
CV3 | nets=4 | frames=10,test,9,-0.3251896560062025,3.65124249458313,3,4,10,3.084393262863159,-3.728206396102905
CV3 | nets=4 | frames=10,test,10,0.1639582164351763,3.62960147857666,3,4,10,3.026606321334839,-3.693135976791382
CV3 | nets=4 | frames=10,test,11,0.2767388091190165,3.671462059020996,3,4,10,3.0737264156341557,-3.7434778213500977
CV3 | nets=4 | frames=10,test,12,0.2817123526652541,3.7009782791137695,3,4,10,3.085345983505249,-3.77095103263855
CV3 | nets=4 | frames=10,test,13,-0.1737797852877405,3.618741035461426,3,4,10,3.066323518753052,-3.700756072998047
CV3 | nets=4 | frames=10,test,14,-0.5936111989220015,3.5646345615386963,3,4,10,3.0213992595672607,-3.642896890640259
CV3 | nets=4 | frames=10,test,15,0.2708167150760829,3.6156375408172607,3,4,10,3.0232603549957275,-3.679352998733521
CV3 | nets=4 | frames=10,test,16,-0.0488976389824205,3.600212812423706,3,4,10,3.037615299224853,-3.67417573928833
CV3 | nets=4 | frames=10,test,17,0.3374250403982374,3.621728420257568,3,4,10,3.013722419738769,-3.700634479522705
CV3 | nets=4 | frames=10,test,18,0.144219835421564,3.5917649269104004,3,4,10,3.018395185470581,-3.6611990928649902
CV3 | nets=4 | frames=10,test,19,0.2238599590476573,3.6108710765838623,3,4,10,3.018544912338257,-3.680052757263184
CV3 | nets=4 | frames=10,test,20,-0.2110936628700718,3.598871946334839,3,4,10,3.0485105514526367,-3.684758424758911
CV3 | nets=4 | frames=10,test,21,-0.135107647284631,3.579655408859253,3,4,10,3.0308454036712646,-3.664752244949341
CV3 | nets=4 | frames=10,test,22,-0.2879174109079594,3.558542251586914,3,4,10,3.0160012245178223,-3.6416170597076416
CV3 | nets=4 | frames=10,test,23,-0.0869858031149348,3.559083938598633,3,4,10,3.018129110336304,-3.6452884674072266
CV3 | nets=4 | frames=10,test,24,0.0729596003150843,3.611462116241455,3,4,10,3.042362689971924,-3.6860368251800537
CV3 | nets=4 | frames=10,test,25,-0.0473741087700227,3.5730464458465576,3,4,10,3.0381622314453125,-3.656374216079712
CV3 | nets=4 | frames=10,test,26,-0.1740479126403528,3.631589651107788,3,4,10,3.0641798973083496,-3.7116894721984863
CV3 | nets=4 | frames=10,test,27,-0.1534844106106529,3.6517703533172607,3,4,10,3.095515012741089,-3.728149890899658
CV3 | nets=4 | frames=10,test,28,-0.3339993893646671,3.5808143615722656,3,4,10,3.032050848007202,-3.664130687713623
CV3 | nets=4 | frames=10,test,29,-0.2983576891176249,3.587514638900757,3,4,10,3.0401453971862797,-3.6667537689208975
CV3 | nets=4 | frames=10,test,30,-0.0843642366678143,3.617177248001098,3,4,10,3.0491724014282227,-3.703505516052246
CV3 | nets=4 | frames=10,test,31,-0.2273098506600647,3.504876136779785,3,4,10,2.973094940185547,-3.595130443572998
CV3 | nets=4 | frames=10,test,32,0.150316153738502,3.651437759399414,3,4,10,3.054779291152954,-3.720054626464844
CV3 | nets=4 | frames=10,test,33,-0.2691509251686252,3.571494579315185,3,4,10,3.0228073596954346,-3.646238327026367
CV3 | nets=4 | frames=10,test,34,0.1269998279169667,3.6291775703430176,3,4,10,3.0481157302856445,-3.705321311950684
CV3 | nets=4 | frames=10,test,35,0.3220806426408416,3.707529783248901,3,4,10,3.0770280361175537,-3.7561750411987305
CV3 | nets=4 | frames=10,test,36,-0.3233661435786948,3.61559009552002,3,4,10,3.064142942428589,-3.694530487060547
CV3 | nets=4 | frames=10,test,37,-0.1666568671096066,3.628978729248047,3,4,10,3.0735843181610107,-3.701673984527588
CV3 | nets=4 | frames=10,test,38,-0.0608276768648222,3.677756786346436,3,4,10,3.105426549911499,-3.7521157264709473
CV3 | nets=4 | frames=10,test,39,0.2821721893243829,3.6343040466308594,3,4,10,3.042994260787964,-3.69803524017334
CV3 | nets=4 | frames=10,test,40,-0.0591450573123482,3.55596923828125,3,4,10,3.0177693367004395,-3.6350114345550537
CV3 | nets=4 | frames=10,test,41,-0.2523187814106471,3.588894844055176,3,4,10,3.0463457107543945,-3.672221183776856
CV3 | nets=4 | frames=10,test,42,0.2693791688852633,3.651491165161133,3,4,10,3.0600759983062744,-3.7267587184906006
CV3 | nets=4 | frames=10,test,43,-0.157111034083224,3.5755503177642822,3,4,10,3.0220906734466557,-3.658630847930908
CV3 | nets=4 | frames=10,test,44,0.1606833051492441,3.59647274017334,3,4,10,3.0268824100494385,-3.6718053817749023
CV3 | nets=4 | frames=10,test,45,0.172504695096772,3.634681463241577,3,4,10,3.047890901565552,-3.7017180919647217
CV3 | nets=4 | frames=10,test,46,0.3873779088920612,3.621048927307129,3,4,10,3.011959314346313,-3.685030698776245
CV3 | nets=4 | frames=10,test,47,-0.100209652453205,3.559814929962158,3,4,10,3.010363340377808,-3.637415409088135
CV3 | nets=4 | frames=10,test,48,0.1807945702326933,3.679103374481201,3,4,10,3.086416006088257,-3.7450692653656006
CV3 | nets=4 | frames=10,test,49,-0.2190887259038099,3.613328456878662,3,4,10,3.056600332260132,-3.7026424407958975
CV3 | nets=4 | frames=10,test,50,0.0386789596579197,3.6381757259368896,3,4,10,3.072348117828369,-3.7032663822174072
CV3 | nets=4 | frames=10,test,51,-0.1466400227827606,3.61876368522644,3,4,10,3.057239532470703,-3.700082302093506
CV3 | nets=4 | frames=10,test,52,-0.1466582167541242,3.5262279510498047,3,4,10,2.9940853118896484,-3.602961301803589
CV3 | nets=4 | frames=10,test,53,0.3543707109293127,3.647540330886841,3,4,10,3.0348446369171143,-3.712038278579712
CV3 | nets=4 | frames=10,test,54,-0.2504451898786599,3.6177163124084473,3,4,10,3.0595030784606934,-3.687714099884033
CV3 | nets=4 | frames=10,test,55,-0.0803696162881754,3.5873634815216064,3,4,10,3.041541337966919,-3.656154155731201
CV3 | nets=4 | frames=10,test,56,-0.1277120103792852,3.619776487350464,3,4,10,3.0634145736694336,-3.7027180194854736
CV3 | nets=4 | frames=10,test,57,0.3812481697430855,3.692648410797119,3,4,10,3.0657777786254883,-3.754777193069458
CV3 | nets=4 | frames=10,test,58,-0.4003789014783009,3.608753204345703,3,4,10,3.056297540664673,-3.6856727600097656
CV3 | nets=4 | frames=10,test,59,0.2511593493496609,3.645555257797241,3,4,10,3.053731679916382,-3.722325086593628
CV3 | nets=4 | frames=10,test,60,-0.1963377719651293,3.599525451660156,3,4,10,3.053710460662842,-3.6736578941345215
CV3 | nets=4 | frames=10,test,61,0.2011468693729077,3.6373133659362793,3,4,10,3.053220272064209,-3.712792873382568
CV3 | nets=4 | frames=10,test,62,0.1834175400503848,3.626076221466065,3,4,10,3.056635618209839,-3.691372871398926
CV3 | nets=4 | frames=10,test,63,0.1677718678598186,3.632534503936768,3,4,10,3.060852289199829,-3.7174265384674072
CV3 | nets=4 | frames=10,test,64,0.2103549124683166,3.6468148231506343,3,4,10,3.041000366210937,-3.708728313446045
CV3 | nets=4 | frames=10,test,65,-0.2124182814927736,3.658715486526489,3,4,10,3.098310708999634,-3.737236261367798
CV3 | nets=4 | frames=10,test,66,0.2427422463907798,3.625411510467529,3,4,10,3.034342050552368,-3.6982827186584473
CV3 | nets=4 | frames=10,test,67,-0.198060037637249,3.619773626327514,3,4,10,3.077120780944824,-3.696526288986206
CV3 | nets=4 | frames=10,test,68,-0.3247762104239115,3.5177900791168213,3,4,10,2.9952316284179688,-3.619204521179199
CV3 | nets=4 | frames=10,test,69,-0.1773883670701692,3.6514792442321777,3,4,10,3.08232045173645,-3.733365058898926
CV3 | nets=4 | frames=10,test,70,-0.2061780215112254,3.5023226737976074,3,4,10,2.964656114578247,-3.5797131061553955
CV3 | nets=4 | frames=10,test,71,-0.1515654324056017,3.578889846801758,3,4,10,3.0425305366516118,-3.6536881923675537
CV3 | nets=4 | frames=10,test,72,-0.1319308250403395,3.626164436340332,3,4,10,3.0654313564300537,-3.710925579071045
CV3 | nets=4 | frames=25,train,0,-0.0669511275618616,3.713835716247559,3,4,25,-4.275304317474365,3.576664447784424
CV3 | nets=4 | frames=25,train,1,0.2410100211356636,-1.6682827472686768,3,4,25,-7.746293067932129,2.4522624015808105
CV3 | nets=4 | frames=25,train,2,-0.0337183800006596,2.359729528427124,3,4,25,-5.425189018249512,3.411125659942627
CV3 | nets=4 | frames=25,train,3,-0.0707599670319939,3.299042224884033,3,4,25,-5.915314674377441,4.067592620849609
CV3 | nets=4 | frames=25,test,0,-0.123156073161201,2.747734308242798,3,4,25,-5.572587966918945,3.6539788246154794
CV3 | nets=4 | frames=25,test,1,0.3453760393512503,-3.3651742935180664,3,4,25,-8.160364151000977,1.8111956119537356
CV3 | nets=4 | frames=25,test,2,-0.3979398483632574,5.624067783355713,3,4,25,-4.751113414764404,4.698484897613525
CV3 | nets=4 | frames=25,test,3,0.2126940386242633,-1.581773281097412,3,4,25,-6.932285785675049,2.1504931449890137
CV3 | nets=4 | frames=25,test,4,0.0950451355151094,1.7511630058288574,3,4,25,-6.433140754699707,3.5399599075317383
CV3 | nets=4 | frames=25,test,5,-0.0648093100969477,2.959671258926392,3,4,25,-5.804369926452637,3.856039524078369
CV3 | nets=4 | frames=25,test,6,-0.0036101382641459,1.2960082292556765,3,4,25,-5.744794845581055,3.030590534210205
CV3 | nets=4 | frames=25,test,7,0.2259070200709375,-2.030573606491089,3,4,25,-7.453153133392334,2.1600418090820312
CV3 | nets=4 | frames=25,test,8,-0.2448221358235529,4.77056884765625,3,4,25,-4.137247085571289,4.027996063232422
CV3 | nets=4 | frames=25,test,9,-0.3251896560062025,3.5846197605133057,3,4,25,-4.391543865203857,3.5661606788635254
CV3 | nets=4 | frames=25,test,10,0.1639582164351763,-1.8277238607406616,3,4,25,-7.904130458831787,2.438211441040039
CV3 | nets=4 | frames=25,test,11,0.2767388091190165,-0.1554936468601226,3,4,25,-7.904804229736328,3.247453212738037
CV3 | nets=4 | frames=25,test,12,0.2817123526652541,-2.3832123279571533,3,4,25,-7.761451244354248,2.1162972450256348
CV3 | nets=4 | frames=25,test,13,-0.1737797852877405,5.407923698425293,3,4,25,-4.52987813949585,4.491877555847168
CV3 | nets=4 | frames=25,test,14,-0.5936111989220015,4.6358747482299805,3,4,25,-3.440980195999145,3.667147636413574
CV3 | nets=4 | frames=25,test,15,0.2708167150760829,-1.1928164958953855,3,4,25,-7.614900588989258,2.621182918548584
CV3 | nets=4 | frames=25,test,16,-0.0488976389824205,2.86313271522522,3,4,25,-5.053930282592773,3.4974961280822754
CV3 | nets=4 | frames=25,test,17,0.3374250403982374,-2.95410418510437,3,4,25,-8.63520622253418,2.200618267059326
CV3 | nets=4 | frames=25,test,18,0.144219835421564,1.4101736545562744,3,4,25,-6.200767993927002,3.285408973693848
CV3 | nets=4 | frames=25,test,19,0.2238599590476573,-1.0527070760726929,3,4,25,-7.5492706298828125,2.657062530517578
CV3 | nets=4 | frames=25,test,20,-0.2110936628700718,5.713890552520752,3,4,25,-4.691765785217285,4.7095794677734375
CV3 | nets=4 | frames=25,test,21,-0.135107647284631,4.979125022888184,3,4,25,-4.750085830688477,4.382848262786865
CV3 | nets=4 | frames=25,test,22,-0.2879174109079594,5.539720058441162,3,4,25,-4.34841251373291,4.480352401733398
CV3 | nets=4 | frames=25,test,23,-0.0869858031149348,5.26653528213501,3,4,25,-4.416365623474121,4.385874271392822
CV3 | nets=4 | frames=25,test,24,0.0729596003150843,1.5392489433288574,3,4,25,-4.988196849822998,2.837818145751953
CV3 | nets=4 | frames=25,test,25,-0.0473741087700227,5.375044822692871,3,4,25,-3.911509275436402,4.223502159118652
CV3 | nets=4 | frames=25,test,26,-0.1740479126403528,4.647434234619141,3,4,25,-5.616716384887695,4.581034183502197
CV3 | nets=4 | frames=25,test,27,-0.1534844106106529,5.185089111328125,3,4,25,-3.59398889541626,4.000733375549316
CV3 | nets=4 | frames=25,test,28,-0.3339993893646671,5.533097267150879,3,4,25,-4.719200611114502,4.630856990814209
CV3 | nets=4 | frames=25,test,29,-0.2983576891176249,4.944566249847412,3,4,25,-3.954715251922608,4.031072616577148
CV3 | nets=4 | frames=25,test,30,-0.0843642366678143,1.985015869140625,3,4,25,-5.108523368835449,3.101536750793457
CV3 | nets=4 | frames=25,test,31,-0.2273098506600647,4.238839149475098,3,4,25,-3.725056409835816,3.5906195640563965
CV3 | nets=4 | frames=25,test,32,0.150316153738502,-0.5236790180206299,3,4,25,-7.481387615203857,2.8885931968688965
CV3 | nets=4 | frames=25,test,33,-0.2691509251686252,5.309127807617188,3,4,25,-4.927188873291016,4.613526344299316
CV3 | nets=4 | frames=25,test,34,0.1269998279169667,0.7371934056282043,3,4,25,-6.140628337860107,2.9337925910949707
CV3 | nets=4 | frames=25,test,35,0.3220806426408416,-2.879312038421631,3,4,25,-9.169734954833984,2.4692487716674805
CV3 | nets=4 | frames=25,test,36,-0.3233661435786948,4.962310791015625,3,4,25,-4.1411614418029785,4.128596305847168
CV3 | nets=4 | frames=25,test,37,-0.1666568671096066,5.154922008514404,3,4,25,-4.204458236694336,4.238950729370117
CV3 | nets=4 | frames=25,test,38,-0.0608276768648222,3.815705537796021,3,4,25,-4.854198455810547,3.876114845275879
CV3 | nets=4 | frames=25,test,39,0.2821721893243829,-1.346361517906189,3,4,25,-8.03254508972168,2.721883773803711
CV3 | nets=4 | frames=25,test,40,-0.0591450573123482,6.533617973327637,3,4,25,-4.116023540496826,4.85567045211792
CV3 | nets=4 | frames=25,test,41,-0.2523187814106471,5.549398422241211,3,4,25,-4.647790431976318,4.60756254196167
CV3 | nets=4 | frames=25,test,42,0.2693791688852633,-0.6189301609992981,3,4,25,-7.246001243591309,2.7443056106567383
CV3 | nets=4 | frames=25,test,43,-0.157111034083224,3.6680715084075928,3,4,25,-4.654902935028076,3.7209882736206055
CV3 | nets=4 | frames=25,test,44,0.1606833051492441,0.7786142230033875,3,4,25,-6.043358325958252,2.918651580810547
CV3 | nets=4 | frames=25,test,45,0.172504695096772,0.5304878950119019,3,4,25,-6.867255687713623,3.142536163330078
CV3 | nets=4 | frames=25,test,46,0.3873779088920612,-3.101491689682007,3,4,25,-8.70822525024414,2.1615867614746094
CV3 | nets=4 | frames=25,test,47,-0.100209652453205,4.564803123474121,3,4,25,-5.37650203704834,4.444360256195068
CV3 | nets=4 | frames=25,test,48,0.1807945702326933,-0.0011533945798873,3,4,25,-6.223681926727295,2.6185178756713867
CV3 | nets=4 | frames=25,test,49,-0.2190887259038099,4.3746185302734375,3,4,25,-4.687299728393555,4.068341255187988
CV3 | nets=4 | frames=25,test,50,0.0386789596579197,2.5596957206726074,3,4,25,-5.038804054260254,3.3436779975891118
CV3 | nets=4 | frames=25,test,51,-0.1466400227827606,3.5060510635375977,3,4,25,-5.070804595947266,3.811975479125977
CV3 | nets=4 | frames=25,test,52,-0.1466582167541242,5.396257400512695,3,4,25,-3.8806443214416495,4.217841625213623
CV3 | nets=4 | frames=25,test,53,0.3543707109293127,-3.097822427749634,3,4,25,-8.302967071533203,1.9953233003616333
CV3 | nets=4 | frames=25,test,54,-0.2504451898786599,5.021463394165039,3,4,25,-4.281094074249268,4.21064567565918
CV3 | nets=4 | frames=25,test,55,-0.0803696162881754,3.7576048374176025,3,4,25,-4.448540210723877,3.6703829765319824
CV3 | nets=4 | frames=25,test,56,-0.1277120103792852,4.664548873901367,3,4,25,-5.092682361602783,4.3727707862854
CV3 | nets=4 | frames=25,test,57,0.3812481697430855,-2.7404415607452397,3,4,25,-9.055317878723145,2.4890756607055664
CV3 | nets=4 | frames=25,test,58,-0.4003789014783009,4.890102386474609,3,4,25,-4.001009464263916,4.030003547668457
CV3 | nets=4 | frames=25,test,59,0.2511593493496609,0.0352528542280197,3,4,25,-7.648098945617676,3.2219338417053223
CV3 | nets=4 | frames=25,test,60,-0.1963377719651293,5.753120422363281,3,4,25,-3.4272003173828125,4.201455116271973
CV3 | nets=4 | frames=25,test,61,0.2011468693729077,0.1966011524200439,3,4,25,-6.138974189758301,2.674628734588623
CV3 | nets=4 | frames=25,test,62,0.1834175400503848,1.091933250427246,3,4,25,-5.458773612976074,2.816147327423096
CV3 | nets=4 | frames=25,test,63,0.1677718678598186,1.857714891433716,3,4,25,-6.577109336853027,3.645987987518311
CV3 | nets=4 | frames=25,test,64,0.2103549124683166,-2.1013104915618896,3,4,25,-7.569911003112793,2.170790195465088
CV3 | nets=4 | frames=25,test,65,-0.2124182814927736,5.235230922698975,3,4,25,-4.116849899291992,4.24704647064209
CV3 | nets=4 | frames=25,test,66,0.2427422463907798,-0.7601574063301086,3,4,25,-7.325275897979736,2.7115044593811035
CV3 | nets=4 | frames=25,test,67,-0.198060037637249,6.062230110168457,3,4,25,-3.056015968322754,4.188686370849609
CV3 | nets=4 | frames=25,test,68,-0.3247762104239115,5.747100353240967,3,4,25,-2.935750722885132,3.9819860458374015
CV3 | nets=4 | frames=25,test,69,-0.1773883670701692,2.940681219100952,3,4,25,-4.792862892150879,3.4238810539245605
CV3 | nets=4 | frames=25,test,70,-0.2061780215112254,4.047062397003174,3,4,25,-4.740260124206543,3.925692558288574
CV3 | nets=4 | frames=25,test,71,-0.1515654324056017,4.987964630126953,3,4,25,-3.22534704208374,3.7487330436706543
CV3 | nets=4 | frames=25,test,72,-0.1319308250403395,3.3611018657684326,3,4,25,-4.621683597564697,3.554853916168213
CV3 | nets=4 | frames=50,train,0,-0.0669511275618616,4.684382438659668,3,4,50,-3.0719568729400635,1.2973110675811768
CV3 | nets=4 | frames=50,train,1,0.2410100211356636,1.981092929840088,3,4,50,0.4178840219974518,-1.309670329093933
CV3 | nets=4 | frames=50,train,2,-0.0337183800006596,4.070071220397949,3,4,50,-2.3527050018310547,0.7802642583847046
CV3 | nets=4 | frames=50,train,3,-0.0707599670319939,4.0819902420043945,3,4,50,-2.269352674484253,0.7552914619445801
CV3 | nets=4 | frames=50,test,0,-0.123156073161201,4.013185501098633,3,4,50,-2.112744808197021,0.7113215923309326
CV3 | nets=4 | frames=50,test,1,0.3453760393512503,1.031708598136902,3,4,50,2.334907054901123,-2.5210680961608887
CV3 | nets=4 | frames=50,test,2,-0.3979398483632574,5.129002094268799,3,4,50,-3.74578070640564,1.891994595527649
CV3 | nets=4 | frames=50,test,3,0.2126940386242633,1.922521948814392,3,4,50,0.439939022064209,-1.2609115839004517
CV3 | nets=4 | frames=50,test,4,0.0950451355151094,3.52888560295105,3,4,50,-1.316280722618103,0.1219262555241584
CV3 | nets=4 | frames=50,test,5,-0.0648093100969477,3.940603494644165,3,4,50,-2.694880962371826,0.9729002714157104
CV3 | nets=4 | frames=50,test,6,-0.0036101382641459,3.466144561767578,3,4,50,-1.259648084640503,0.1859598457813263
CV3 | nets=4 | frames=50,test,7,0.2259070200709375,1.4987705945968628,3,4,50,0.3780629634857178,-1.4030905961990356
CV3 | nets=4 | frames=50,test,8,-0.2448221358235529,5.186395645141602,3,4,50,-3.695786952972412,1.7673181295394895
CV3 | nets=4 | frames=50,test,9,-0.3251896560062025,4.598283767700195,3,4,50,-3.1097538471221924,1.2470771074295044
CV3 | nets=4 | frames=50,test,10,0.1639582164351763,1.7152016162872314,3,4,50,0.843834638595581,-1.5094488859176636
CV3 | nets=4 | frames=50,test,11,0.2767388091190165,2.452723264694214,3,4,50,-0.3944345712661743,-0.6017199754714966
CV3 | nets=4 | frames=50,test,12,0.2817123526652541,1.525566816329956,3,4,50,0.7885231375694275,-1.532779335975647
CV3 | nets=4 | frames=50,test,13,-0.1737797852877405,5.387076377868652,3,4,50,-4.08521842956543,2.0531044006347656
CV3 | nets=4 | frames=50,test,14,-0.5936111989220015,5.139501094818115,3,4,50,-3.6966168880462646,2.002753734588623
CV3 | nets=4 | frames=50,test,15,0.2708167150760829,2.046088218688965,3,4,50,0.6952335834503174,-1.342890977859497
CV3 | nets=4 | frames=50,test,16,-0.0488976389824205,4.103448867797852,3,4,50,-2.325759172439575,0.8765519857406616
CV3 | nets=4 | frames=50,test,17,0.3374250403982374,0.7582216858863831,3,4,50,1.671613097190857,-2.1168906688690186
CV3 | nets=4 | frames=50,test,18,0.144219835421564,3.270961046218872,3,4,50,-1.5535831451416016,0.183608740568161
CV3 | nets=4 | frames=50,test,19,0.2238599590476573,2.222104072570801,3,4,50,0.2687713801860809,-0.999029278755188
CV3 | nets=4 | frames=50,test,20,-0.2110936628700718,5.343910217285156,3,4,50,-4.307703018188477,2.1205337047576904
CV3 | nets=4 | frames=50,test,21,-0.135107647284631,5.218618392944336,3,4,50,-4.330817222595215,2.233032703399658
CV3 | nets=4 | frames=50,test,22,-0.2879174109079594,5.30101490020752,3,4,50,-4.057568073272705,2.107918262481689
CV3 | nets=4 | frames=50,test,23,-0.0869858031149348,5.179206371307373,3,4,50,-4.073763847351074,1.998614192008972
CV3 | nets=4 | frames=50,test,24,0.0729596003150843,3.580313444137573,3,4,50,-1.7649214267730713,0.2871288061141968
CV3 | nets=4 | frames=50,test,25,-0.0473741087700227,5.5632734298706055,3,4,50,-4.106209754943848,2.0389115810394287
CV3 | nets=4 | frames=50,test,26,-0.1740479126403528,4.9526047706604,3,4,50,-3.958852052688599,1.7953284978866575
CV3 | nets=4 | frames=50,test,27,-0.1534844106106529,5.707764148712158,3,4,50,-4.647043228149414,2.378905296325684
CV3 | nets=4 | frames=50,test,28,-0.3339993893646671,5.25020170211792,3,4,50,-3.7976484298706055,1.838550567626953
CV3 | nets=4 | frames=50,test,29,-0.2983576891176249,5.246415615081787,3,4,50,-3.0913119316101074,1.680705428123474
CV3 | nets=4 | frames=50,test,30,-0.0843642366678143,3.670077800750733,3,4,50,-2.672532796859741,0.784469723701477
CV3 | nets=4 | frames=50,test,31,-0.2273098506600647,4.923980236053467,3,4,50,-3.689197063446045,1.660164713859558
CV3 | nets=4 | frames=50,test,32,0.150316153738502,2.402127742767334,3,4,50,0.0085711050778627,-0.9572975635528564
CV3 | nets=4 | frames=50,test,33,-0.2691509251686252,4.827795505523682,3,4,50,-2.980278968811035,1.405826210975647
CV3 | nets=4 | frames=50,test,34,0.1269998279169667,3.277395248413086,3,4,50,-1.824642777442932,0.2172384858131408
CV3 | nets=4 | frames=50,test,35,0.3220806426408416,1.038917064666748,3,4,50,2.2589125633239746,-2.4683947563171387
CV3 | nets=4 | frames=50,test,36,-0.3233661435786948,5.359896183013916,3,4,50,-4.364621639251709,2.113632917404175
CV3 | nets=4 | frames=50,test,37,-0.1666568671096066,5.364104270935059,3,4,50,-3.37716007232666,1.586548924446106
CV3 | nets=4 | frames=50,test,38,-0.0608276768648222,4.751609802246094,3,4,50,-3.094414472579956,1.447250485420227
CV3 | nets=4 | frames=50,test,39,0.2821721893243829,1.9052422046661377,3,4,50,1.2437719106674194,-1.6836005449295044
CV3 | nets=4 | frames=50,test,40,-0.0591450573123482,5.842828750610352,3,4,50,-4.252701282501221,2.488000631332397
CV3 | nets=4 | frames=50,test,41,-0.2523187814106471,5.753912448883057,3,4,50,-4.530205726623535,2.3481006622314453
CV3 | nets=4 | frames=50,test,42,0.2693791688852633,2.489732027053833,3,4,50,-0.4674764275550842,-0.6711444854736328
CV3 | nets=4 | frames=50,test,43,-0.157111034083224,4.394200325012207,3,4,50,-3.066401243209839,1.2695770263671875
CV3 | nets=4 | frames=50,test,44,0.1606833051492441,3.188309907913208,3,4,50,-1.6552505493164062,0.1485630124807357
CV3 | nets=4 | frames=50,test,45,0.172504695096772,3.109156370162964,3,4,50,-1.3801038265228271,-0.0632217898964881
CV3 | nets=4 | frames=50,test,46,0.3873779088920612,0.9248761534690856,3,4,50,1.9228081703186035,-2.279549360275269
CV3 | nets=4 | frames=50,test,47,-0.100209652453205,4.728365898132324,3,4,50,-2.94134259223938,1.4793375730514526
CV3 | nets=4 | frames=50,test,48,0.1807945702326933,3.050546646118164,3,4,50,-0.8507012724876404,-0.3513265550136566
CV3 | nets=4 | frames=50,test,49,-0.2190887259038099,4.934321403503418,3,4,50,-4.248026371002197,2.069667339324951
CV3 | nets=4 | frames=50,test,50,0.0386789596579197,4.423410892486572,3,4,50,-1.8501452207565308,0.6223337650299072
CV3 | nets=4 | frames=50,test,51,-0.1466400227827606,4.423065662384033,3,4,50,-2.9181008338928223,1.274804949760437
CV3 | nets=4 | frames=50,test,52,-0.1466582167541242,5.43358039855957,3,4,50,-3.8883674144744873,2.179802894592285
CV3 | nets=4 | frames=50,test,53,0.3543707109293127,0.870255172252655,3,4,50,2.230407953262329,-2.391176700592041
CV3 | nets=4 | frames=50,test,54,-0.2504451898786599,5.102948188781738,3,4,50,-3.4697954654693604,1.6578961610794067
CV3 | nets=4 | frames=50,test,55,-0.0803696162881754,4.942784786224365,3,4,50,-2.37190318107605,1.1023321151733398
CV3 | nets=4 | frames=50,test,56,-0.1277120103792852,5.030118942260742,3,4,50,-3.609763860702514,1.6783747673034668
CV3 | nets=4 | frames=50,test,57,0.3812481697430855,0.8198949694633484,3,4,50,1.588231325149536,-2.2373924255371094
CV3 | nets=4 | frames=50,test,58,-0.4003789014783009,5.199195861816406,3,4,50,-3.8558809757232666,1.8172986507415767
CV3 | nets=4 | frames=50,test,59,0.2511593493496609,2.51464581489563,3,4,50,-0.2357861101627349,-0.660068690776825
CV3 | nets=4 | frames=50,test,60,-0.1963377719651293,5.618103981018066,3,4,50,-4.229690074920654,2.032970666885376
CV3 | nets=4 | frames=50,test,61,0.2011468693729077,2.9930312633514404,3,4,50,-1.448050856590271,-0.0505727529525756
CV3 | nets=4 | frames=50,test,62,0.1834175400503848,3.7255332469940186,3,4,50,-1.1749215126037598,0.0741976723074913
CV3 | nets=4 | frames=50,test,63,0.1677718678598186,3.8265979290008554,3,4,50,-2.445799827575684,0.7393185496330261
CV3 | nets=4 | frames=50,test,64,0.2103549124683166,1.711647868156433,3,4,50,0.7637644410133362,-1.5171573162078855
CV3 | nets=4 | frames=50,test,65,-0.2124182814927736,5.3582916259765625,3,4,50,-4.174137592315674,2.0609872341156006
CV3 | nets=4 | frames=50,test,66,0.2427422463907798,2.3535096645355225,3,4,50,-0.3584470748901367,-0.7216644883155823
CV3 | nets=4 | frames=50,test,67,-0.198060037637249,5.997967720031738,3,4,50,-3.999129295349121,2.2055020332336426
CV3 | nets=4 | frames=50,test,68,-0.3247762104239115,5.526932716369629,3,4,50,-4.698128700256348,2.4469802379608154
CV3 | nets=4 | frames=50,test,69,-0.1773883670701692,4.155334949493408,3,4,50,-2.333000898361206,1.0601505041122437
CV3 | nets=4 | frames=50,test,70,-0.2061780215112254,4.485437870025635,3,4,50,-2.666642189025879,1.371989369392395
CV3 | nets=4 | frames=50,test,71,-0.1515654324056017,5.629437446594238,3,4,50,-3.82236647605896,2.0726304054260254
CV3 | nets=4 | frames=50,test,72,-0.1319308250403395,4.581620216369629,3,4,50,-3.461487054824829,1.4553934335708618
CV3 | nets=4 | frames=100,train,0,-0.0669511275618616,1.4837673902511597,3,4,100,4.390146255493164,-2.000176429748535
CV3 | nets=4 | frames=100,train,1,0.2410100211356636,2.064862012863159,3,4,100,2.0828590393066406,-0.599993884563446
CV3 | nets=4 | frames=100,train,2,-0.0337183800006596,1.8931201696395876,3,4,100,4.407470226287842,-2.4442501068115234
CV3 | nets=4 | frames=100,train,3,-0.0707599670319939,2.746426820755005,3,4,100,3.124833345413208,-3.60128116607666
CV3 | nets=4 | frames=100,test,0,-0.123156073161201,1.913938045501709,3,4,100,3.620364189147949,-2.164621114730835
CV3 | nets=4 | frames=100,test,1,0.3453760393512503,1.5696876049041748,3,4,100,1.5896892547607422,0.8163989782333374
CV3 | nets=4 | frames=100,test,2,-0.3979398483632574,2.774244546890259,3,4,100,4.161404609680176,-3.555365085601806
CV3 | nets=4 | frames=100,test,3,0.2126940386242633,1.6381962299346924,3,4,100,2.2221872806549072,0.5700361728668213
CV3 | nets=4 | frames=100,test,4,0.0950451355151094,1.8979732990264893,3,4,100,3.155759572982788,-1.561524748802185
CV3 | nets=4 | frames=100,test,5,-0.0648093100969477,2.4876298904418945,3,4,100,2.5817577838897705,-1.4880996942520142
CV3 | nets=4 | frames=100,test,6,-0.0036101382641459,1.8267006874084477,3,4,100,3.3746440410614014,-1.174896478652954
CV3 | nets=4 | frames=100,test,7,0.2259070200709375,1.378575325012207,3,4,100,2.303175449371338,1.4027574062347412
CV3 | nets=4 | frames=100,test,8,-0.2448221358235529,2.5166831016540527,3,4,100,4.215450286865234,-3.878309726715088
CV3 | nets=4 | frames=100,test,9,-0.3251896560062025,2.065048694610596,3,4,100,3.510260820388794,-2.68855881690979
CV3 | nets=4 | frames=100,test,10,0.1639582164351763,1.992150068283081,3,4,100,2.2405335903167725,-0.2375478297472
CV3 | nets=4 | frames=100,test,11,0.2767388091190165,2.3991475105285645,3,4,100,2.5101826190948486,-1.6298904418945312
CV3 | nets=4 | frames=100,test,12,0.2817123526652541,1.5943515300750732,3,4,100,1.9024677276611328,0.8215633630752563
CV3 | nets=4 | frames=100,test,13,-0.1737797852877405,2.8052544593811035,3,4,100,4.320601940155029,-4.436842918395996
CV3 | nets=4 | frames=100,test,14,-0.5936111989220015,2.086801290512085,3,4,100,4.139123916625977,-2.460644006729126
CV3 | nets=4 | frames=100,test,15,0.2708167150760829,2.057995080947876,3,4,100,2.583197593688965,-0.6813459992408752
CV3 | nets=4 | frames=100,test,16,-0.0488976389824205,1.5650839805603027,3,4,100,4.396520614624023,-1.6771137714385986
CV3 | nets=4 | frames=100,test,17,0.3374250403982374,1.3181594610214231,3,4,100,1.6772855520248413,1.9210851192474363
CV3 | nets=4 | frames=100,test,18,0.144219835421564,2.089904308319092,3,4,100,3.5222742557525635,-1.4385055303573608
CV3 | nets=4 | frames=100,test,19,0.2238599590476573,2.5037009716033936,3,4,100,1.8820488452911377,-1.4948371648788452
CV3 | nets=4 | frames=100,test,20,-0.2110936628700718,2.3829686641693115,3,4,100,4.430984020233154,-4.011222362518311
CV3 | nets=4 | frames=100,test,21,-0.135107647284631,3.1340606212615967,3,4,100,4.421850204467773,-4.336611270904541
CV3 | nets=4 | frames=100,test,22,-0.2879174109079594,3.025301694869995,3,4,100,4.430117607116699,-4.768237113952637
CV3 | nets=4 | frames=100,test,23,-0.0869858031149348,2.437861204147339,3,4,100,4.95664119720459,-3.610045909881592
CV3 | nets=4 | frames=100,test,24,0.0729596003150843,1.8141995668411253,3,4,100,3.5468199253082275,-0.5441794395446777
CV3 | nets=4 | frames=100,test,25,-0.0473741087700227,3.0827014446258545,3,4,100,3.6842987537384033,-4.068892955780029
CV3 | nets=4 | frames=100,test,26,-0.1740479126403528,3.1517066955566406,3,4,100,3.153348207473755,-5.312658309936523
CV3 | nets=4 | frames=100,test,27,-0.1534844106106529,2.094219446182251,3,4,100,4.97215461730957,-3.6985254287719727
CV3 | nets=4 | frames=100,test,28,-0.3339993893646671,2.915916204452514,3,4,100,3.717808961868286,-4.366556644439697
CV3 | nets=4 | frames=100,test,29,-0.2983576891176249,2.2219979763031006,3,4,100,4.606029987335205,-3.808950901031494
CV3 | nets=4 | frames=100,test,30,-0.0843642366678143,1.7953574657440186,3,4,100,3.4640281200408936,-0.3389207124710083
CV3 | nets=4 | frames=100,test,31,-0.2273098506600647,0.9743731617927552,3,4,100,5.37197208404541,-1.5096004009246826
CV3 | nets=4 | frames=100,test,32,0.150316153738502,2.1702122688293457,3,4,100,2.399200201034546,-1.1623016595840454
CV3 | nets=4 | frames=100,test,33,-0.2691509251686252,1.3530582189559937,3,4,100,5.094959259033203,-2.550835609436035
CV3 | nets=4 | frames=100,test,34,0.1269998279169667,2.1963047981262207,3,4,100,3.134445905685425,-1.2401078939437866
CV3 | nets=4 | frames=100,test,35,0.3220806426408416,1.7709563970565796,3,4,100,1.5684608221054075,0.4972973167896271
CV3 | nets=4 | frames=100,test,36,-0.3233661435786948,2.5259928703308105,3,4,100,4.413076400756836,-2.766228199005127
CV3 | nets=4 | frames=100,test,37,-0.1666568671096066,2.821521282196045,3,4,100,4.226463317871094,-3.990807294845581
CV3 | nets=4 | frames=100,test,38,-0.0608276768648222,2.755880355834961,3,4,100,3.904448747634888,-3.808295726776123
CV3 | nets=4 | frames=100,test,39,0.2821721893243829,1.9676460027694704,3,4,100,1.1103856563568115,-0.0649643912911415
CV3 | nets=4 | frames=100,test,40,-0.0591450573123482,3.228378295898437,3,4,100,4.728971004486084,-5.229774951934815
CV3 | nets=4 | frames=100,test,41,-0.2523187814106471,2.6291849613189697,3,4,100,4.613709449768066,-4.928286552429199
CV3 | nets=4 | frames=100,test,42,0.2693791688852633,2.0698814392089844,3,4,100,2.3914389610290527,-0.6620061993598938
CV3 | nets=4 | frames=100,test,43,-0.157111034083224,2.41202163696289,3,4,100,3.3716580867767334,-2.659126281738281
CV3 | nets=4 | frames=100,test,44,0.1606833051492441,1.5720925331115725,3,4,100,3.2043089866638184,-0.4029528200626373
CV3 | nets=4 | frames=100,test,45,0.172504695096772,2.044734477996826,3,4,100,3.536376953125,-1.5858821868896484
CV3 | nets=4 | frames=100,test,46,0.3873779088920612,1.7061641216278076,3,4,100,1.5608197450637815,0.9531452059745787
CV3 | nets=4 | frames=100,test,47,-0.100209652453205,2.3867409229278564,3,4,100,4.585690975189209,-3.5494518280029297
CV3 | nets=4 | frames=100,test,48,0.1807945702326933,1.9682538509368896,3,4,100,3.3002068996429443,-1.1401817798614502
CV3 | nets=4 | frames=100,test,49,-0.2190887259038099,2.8157668113708496,3,4,100,4.003974914550781,-3.6222739219665527
CV3 | nets=4 | frames=100,test,50,0.0386789596579197,2.3227427005767822,3,4,100,3.856266736984253,-2.471859931945801
CV3 | nets=4 | frames=100,test,51,-0.1466400227827606,1.9200081825256348,3,4,100,3.853217363357544,-2.381619453430176
CV3 | nets=4 | frames=100,test,52,-0.1466582167541242,2.6354401111602783,3,4,100,4.532782554626465,-3.673576593399048
CV3 | nets=4 | frames=100,test,53,0.3543707109293127,1.2968261241912842,3,4,100,1.7236127853393557,1.3315473794937134
CV3 | nets=4 | frames=100,test,54,-0.2504451898786599,2.0972554683685303,3,4,100,4.703247547149658,-3.226269006729126
CV3 | nets=4 | frames=100,test,55,-0.0803696162881754,1.7468503713607788,3,4,100,4.975936412811279,-2.5125885009765625
CV3 | nets=4 | frames=100,test,56,-0.1277120103792852,2.728523969650269,3,4,100,3.844803094863892,-3.933537483215332
CV3 | nets=4 | frames=100,test,57,0.3812481697430855,2.096458196640014,3,4,100,1.0307031869888306,0.688675582408905
CV3 | nets=4 | frames=100,test,58,-0.4003789014783009,1.4947798252105713,3,4,100,4.919129371643066,-2.395073890686035
CV3 | nets=4 | frames=100,test,59,0.2511593493496609,2.402183532714844,3,4,100,2.384838342666626,-1.5253098011016846
CV3 | nets=4 | frames=100,test,60,-0.1963377719651293,2.531090259552002,3,4,100,4.592695713043213,-3.390082597732544
CV3 | nets=4 | frames=100,test,61,0.2011468693729077,1.8752307891845703,3,4,100,3.191823482513428,-0.498196929693222
CV3 | nets=4 | frames=100,test,62,0.1834175400503848,1.7149527072906494,3,4,100,3.755634307861328,-1.0334250926971436
CV3 | nets=4 | frames=100,test,63,0.1677718678598186,2.7959415912628174,3,4,100,2.5542657375335693,-2.671475410461426
CV3 | nets=4 | frames=100,test,64,0.2103549124683166,1.751820087432861,3,4,100,2.043651819229126,-0.0031338473781943
CV3 | nets=4 | frames=100,test,65,-0.2124182814927736,2.10345196723938,3,4,100,4.985808372497559,-3.259631633758545
CV3 | nets=4 | frames=100,test,66,0.2427422463907798,1.9085829257965088,3,4,100,2.661537408828736,-0.3256734907627105
CV3 | nets=4 | frames=100,test,67,-0.198060037637249,1.9302687644958496,3,4,100,5.469983577728272,-3.5399715900421143
CV3 | nets=4 | frames=100,test,68,-0.3247762104239115,2.169482707977295,3,4,100,4.562834739685059,-2.289816379547119
CV3 | nets=4 | frames=100,test,69,-0.1773883670701692,2.0525808334350586,3,4,100,3.57454514503479,-1.7509362697601318
CV3 | nets=4 | frames=100,test,70,-0.2061780215112254,1.0952820777893066,3,4,100,4.558588027954102,-1.5396826267242432
CV3 | nets=4 | frames=100,test,71,-0.1515654324056017,1.5504281520843506,3,4,100,5.11513614654541,-2.800799369812012
CV3 | nets=4 | frames=100,test,72,-0.1319308250403395,1.8838319778442385,3,4,100,3.944825172424317,-2.497382402420044
CV3 | nets=8 | frames=2,train,0,-0.0669511275618616,0.8913266062736511,3,8,2,-0.3986581861972809,0.1266774535179138
CV3 | nets=8 | frames=2,train,1,0.2410100211356636,0.9427520632743835,3,8,2,-0.4342805743217468,0.178189992904663
CV3 | nets=8 | frames=2,train,2,-0.0337183800006596,0.9094196557998656,3,8,2,-0.4001696109771728,0.1400544345378875
CV3 | nets=8 | frames=2,train,3,-0.0707599670319939,0.9187926054000854,3,8,2,-0.3956727087497711,0.1421836912631988
CV3 | nets=8 | frames=2,train,4,0.3079506710962201,0.9518580436706544,3,8,2,-0.4462118446826935,0.1834885478019714
CV3 | nets=8 | frames=2,train,5,0.3524800528535854,0.9658714532852172,3,8,2,-0.4477639496326446,0.1953793317079544
CV3 | nets=8 | frames=2,train,6,-0.0810527879154043,0.8886577486991882,3,8,2,-0.3949515521526336,0.1192752942442894
CV3 | nets=8 | frames=2,train,7,0.0229807605116772,0.9238044023513794,3,8,2,-0.4005104005336761,0.1439607739448547
CV3 | nets=8 | frames=2,test,0,0.0950451355151094,0.9157336354255676,3,8,2,-0.4147184491157532,0.147681713104248
CV3 | nets=8 | frames=2,test,1,-0.0648093100969477,0.9046263694763184,3,8,2,-0.4164058268070221,0.140445202589035
CV3 | nets=8 | frames=2,test,2,-0.0036101382641459,0.91835618019104,3,8,2,-0.416623443365097,0.1496450304985046
CV3 | nets=8 | frames=2,test,3,0.2259070200709375,0.938670575618744,3,8,2,-0.4454505145549774,0.183774322271347
CV3 | nets=8 | frames=2,test,4,-0.2448221358235529,0.9079380631446838,3,8,2,-0.3935151100158691,0.1239653825759887
CV3 | nets=8 | frames=2,test,5,-0.3251896560062025,0.9179831147193908,3,8,2,-0.4090940654277801,0.1333233416080474
CV3 | nets=8 | frames=2,test,6,0.1639582164351763,0.939140558242798,3,8,2,-0.4311214685440063,0.1823584288358688
CV3 | nets=8 | frames=2,test,7,0.2767388091190165,0.9399493336677552,3,8,2,-0.4191757142543793,0.166021853685379
CV3 | nets=8 | frames=2,test,8,0.2817123526652541,0.9486625790596008,3,8,2,-0.4449732601642608,0.1843525320291519
CV3 | nets=8 | frames=2,test,9,-0.1737797852877405,0.8962603211402893,3,8,2,-0.3845417499542236,0.1169751957058906
CV3 | nets=8 | frames=2,test,10,-0.5936111989220015,0.8797914385795593,3,8,2,-0.3980177938938141,0.1185937821865081
CV3 | nets=8 | frames=2,test,11,0.2708167150760829,0.9419812560081482,3,8,2,-0.4248560965061188,0.1745848059654235
CV3 | nets=8 | frames=2,test,12,-0.0488976389824205,0.9109048843383788,3,8,2,-0.406287282705307,0.1380529254674911
CV3 | nets=8 | frames=2,test,13,0.3374250403982374,0.9328421950340272,3,8,2,-0.4416376054286957,0.1940275430679321
CV3 | nets=8 | frames=2,test,14,0.144219835421564,0.91704922914505,3,8,2,-0.406043142080307,0.1503903865814209
CV3 | nets=8 | frames=2,test,15,0.2238599590476573,0.9259236454963684,3,8,2,-0.4192669093608856,0.1710060089826584
CV3 | nets=8 | frames=2,test,16,-0.2110936628700718,0.8914106488227844,3,8,2,-0.3825748264789581,0.1182141453027725
CV3 | nets=8 | frames=2,test,17,-0.135107647284631,0.8869196176528931,3,8,2,-0.3765170276165008,0.1180971264839172
CV3 | nets=8 | frames=2,test,18,-0.2879174109079594,0.8879829049110413,3,8,2,-0.3751032054424286,0.1168664991855621
CV3 | nets=8 | frames=2,test,19,-0.0869858031149348,0.8872144818305969,3,8,2,-0.3802821934223175,0.1158331632614135
CV3 | nets=8 | frames=2,test,20,0.0729596003150843,0.916961133480072,3,8,2,-0.4208532571792602,0.1465610265731811
CV3 | nets=8 | frames=2,test,21,-0.0473741087700227,0.8910656571388245,3,8,2,-0.3880159556865692,0.1098597571253776
CV3 | nets=8 | frames=2,test,22,-0.1740479126403528,0.9011655449867249,3,8,2,-0.3830942809581756,0.1286214143037796
CV3 | nets=8 | frames=2,test,23,-0.1534844106106529,0.9018321633338928,3,8,2,-0.3938583433628082,0.1143675073981285
CV3 | nets=8 | frames=2,test,24,-0.3339993893646671,0.8949407339096069,3,8,2,-0.3792003095149994,0.1211451143026351
CV3 | nets=8 | frames=2,test,25,-0.2983576891176249,0.8960578441619873,3,8,2,-0.3824043869972229,0.1183108538389206
CV3 | nets=8 | frames=2,test,26,-0.0843642366678143,0.9084420204162598,3,8,2,-0.4177396595478058,0.1430847346782684
CV3 | nets=8 | frames=2,test,27,-0.2273098506600647,0.8727114200592041,3,8,2,-0.3894523084163666,0.1204285770654678
CV3 | nets=8 | frames=2,test,28,0.150316153738502,0.9387550950050354,3,8,2,-0.4247953593730926,0.1702856421470642
CV3 | nets=8 | frames=2,test,29,-0.2691509251686252,0.8994558453559875,3,8,2,-0.3959934115409851,0.1260270923376083
CV3 | nets=8 | frames=2,test,30,0.1269998279169667,0.9153711795806884,3,8,2,-0.4161025583744049,0.1526082903146743
CV3 | nets=8 | frames=2,test,31,0.3220806426408416,0.967873513698578,3,8,2,-0.4470599591732025,0.1993933618068695
CV3 | nets=8 | frames=2,test,32,-0.3233661435786948,0.8967270255088806,3,8,2,-0.3970603048801422,0.1181690096855163
CV3 | nets=8 | frames=2,test,33,-0.1666568671096066,0.9067766666412354,3,8,2,-0.3906764686107635,0.1198084130883216
CV3 | nets=8 | frames=2,test,34,-0.0608276768648222,0.919155776500702,3,8,2,-0.3969496786594391,0.1289552599191665
CV3 | nets=8 | frames=2,test,35,0.2821721893243829,0.9461429715156556,3,8,2,-0.4439944922924042,0.1753958463668823
CV3 | nets=8 | frames=2,test,36,-0.0591450573123482,0.8801564574241638,3,8,2,-0.3667085766792297,0.1082708090543747
CV3 | nets=8 | frames=2,test,37,-0.2523187814106471,0.8818161487579346,3,8,2,-0.3786086440086365,0.1092487722635269
CV3 | nets=8 | frames=2,test,38,0.2693791688852633,0.9324156045913696,3,8,2,-0.4263291656970978,0.1652449071407318
CV3 | nets=8 | frames=2,test,39,-0.157111034083224,0.8981985449790955,3,8,2,-0.3971505463123321,0.130513846874237
CV3 | nets=8 | frames=2,test,40,0.1606833051492441,0.9127663373947144,3,8,2,-0.4225245118141174,0.1498585492372512
CV3 | nets=8 | frames=2,test,41,0.172504695096772,0.9245001673698424,3,8,2,-0.4164634644985199,0.1581881493330001
CV3 | nets=8 | frames=2,test,42,0.3873779088920612,0.941600501537323,3,8,2,-0.4438758194446563,0.1947003006935119
CV3 | nets=8 | frames=2,test,43,-0.100209652453205,0.8925850987434387,3,8,2,-0.3853223025798797,0.1257800608873367
CV3 | nets=8 | frames=2,test,44,0.1807945702326933,0.939438819885254,3,8,2,-0.4262238144874573,0.1590243428945541
CV3 | nets=8 | frames=2,test,45,-0.2190887259038099,0.8923678398132324,3,8,2,-0.3867210149765014,0.1224602684378624
CV3 | nets=8 | frames=2,test,46,0.0386789596579197,0.92196124792099,3,8,2,-0.4085050523281097,0.1348384022712707
CV3 | nets=8 | frames=2,test,47,-0.1466400227827606,0.9007335901260376,3,8,2,-0.4059341549873352,0.1321493238210678
CV3 | nets=8 | frames=2,test,48,-0.1466582167541242,0.8780664801597595,3,8,2,-0.3826294243335724,0.1122198030352592
CV3 | nets=8 | frames=2,test,49,0.3543707109293127,0.9480318427085876,3,8,2,-0.4456916749477386,0.1941279023885727
CV3 | nets=8 | frames=2,test,50,-0.2504451898786599,0.9114682078361512,3,8,2,-0.3961390256881714,0.1270404160022735
CV3 | nets=8 | frames=2,test,51,-0.0803696162881754,0.9104642868041992,3,8,2,-0.4002692997455597,0.1231124401092529
CV3 | nets=8 | frames=2,test,52,-0.1277120103792852,0.8995597958564758,3,8,2,-0.3910422623157501,0.1225703582167625
CV3 | nets=8 | frames=2,test,53,0.3812481697430855,0.961557686328888,3,8,2,-0.4486963748931885,0.2002426981925964
CV3 | nets=8 | frames=2,test,54,-0.4003789014783009,0.8986398577690125,3,8,2,-0.3984528481960296,0.1213289052248001
CV3 | nets=8 | frames=2,test,55,0.2511593493496609,0.9292458891868592,3,8,2,-0.4155338406562805,0.1644692122936248
CV3 | nets=8 | frames=2,test,56,-0.1963377719651293,0.9041164517402648,3,8,2,-0.393116146326065,0.1171672195196151
CV3 | nets=8 | frames=2,test,57,0.2011468693729077,0.9204064011573792,3,8,2,-0.4233622848987579,0.1566021144390106
CV3 | nets=8 | frames=2,test,58,0.1834175400503848,0.9243116974830629,3,8,2,-0.4223242700099945,0.1447560787200927
CV3 | nets=8 | frames=2,test,59,0.1677718678598186,0.9086297154426576,3,8,2,-0.4048257768154144,0.1414439082145691
CV3 | nets=8 | frames=2,test,60,0.2103549124683166,0.9394760727882384,3,8,2,-0.4371637105941772,0.1822027415037155
CV3 | nets=8 | frames=2,test,61,-0.2124182814927736,0.9074425101280212,3,8,2,-0.3950091600418091,0.1194158643484115
CV3 | nets=8 | frames=2,test,62,0.2427422463907798,0.9266821146011353,3,8,2,-0.4230954647064209,0.167731836438179
CV3 | nets=8 | frames=2,test,63,-0.198060037637249,0.898224949836731,3,8,2,-0.3892463743686676,0.1077827364206314
CV3 | nets=8 | frames=2,test,64,-0.3247762104239115,0.8624578714370728,3,8,2,-0.3853080570697784,0.1066797375679016
CV3 | nets=8 | frames=2,test,65,-0.1773883670701692,0.9144516587257384,3,8,2,-0.4086633026599884,0.1359263062477111
CV3 | nets=8 | frames=2,test,66,-0.2061780215112254,0.8823339939117432,3,8,2,-0.3908970654010772,0.1271890699863433
CV3 | nets=8 | frames=2,test,67,-0.1515654324056017,0.8957569599151611,3,8,2,-0.3967366516590118,0.1126587688922882
CV3 | nets=8 | frames=2,test,68,-0.1319308250403395,0.8999571204185486,3,8,2,-0.4047676622867584,0.1292202621698379
CV3 | nets=8 | frames=5,train,0,-0.0669511275618616,2.180274248123169,3,8,5,3.39016056060791,3.659245729446411
CV3 | nets=8 | frames=5,train,1,0.2410100211356636,0.4679936468601227,3,8,5,0.6748378872871399,0.7373161315917969
CV3 | nets=8 | frames=5,train,2,-0.0337183800006596,1.852257490158081,3,8,5,2.8668875694274902,3.0857810974121094
CV3 | nets=8 | frames=5,train,3,-0.0707599670319939,1.9185245037078855,3,8,5,2.954444169998169,3.186406135559082
CV3 | nets=8 | frames=5,train,4,0.3079506710962201,0.2173102349042892,3,8,5,0.2917944192886352,0.3211627602577209
CV3 | nets=8 | frames=5,train,5,0.3524800528535854,-0.1799170523881912,3,8,5,-0.3449743390083313,-0.3633322417736053
CV3 | nets=8 | frames=5,train,6,-0.0810527879154043,2.532144069671631,3,8,5,3.955271005630493,4.255185127258301
CV3 | nets=8 | frames=5,train,7,0.0229807605116772,1.8563737869262693,3,8,5,2.861003398895264,3.082144021987915
CV3 | nets=8 | frames=5,test,0,0.0950451355151094,1.4232932329177856,3,8,5,2.191447496414185,2.3652267456054688
CV3 | nets=8 | frames=5,test,1,-0.0648093100969477,1.8696043491363523,3,8,5,2.9012787342071533,3.132267713546753
CV3 | nets=8 | frames=5,test,2,-0.0036101382641459,1.4780555963516235,3,8,5,2.28383469581604,2.460514783859253
CV3 | nets=8 | frames=5,test,3,0.2259070200709375,0.2454373091459274,3,8,5,0.3341099619865417,0.3723129630088806
CV3 | nets=8 | frames=5,test,4,-0.2448221358235529,2.6314754486083984,3,8,5,4.105966091156006,4.41811990737915
CV3 | nets=8 | frames=5,test,5,-0.3251896560062025,2.2124197483062744,3,8,5,3.4508707523345947,3.716302156448364
CV3 | nets=8 | frames=5,test,6,0.1639582164351763,0.3239049017429352,3,8,5,0.4458003640174866,0.4892906844615936
CV3 | nets=8 | frames=5,test,7,0.2767388091190165,0.8982958793640137,3,8,5,1.3509957790374756,1.4583709239959717
CV3 | nets=8 | frames=5,test,8,0.2817123526652541,0.2543997168540954,3,8,5,0.3532058596611023,0.3855615854263305
CV3 | nets=8 | frames=5,test,9,-0.1737797852877405,2.7315926551818848,3,8,5,4.254424571990967,4.579469203948975
CV3 | nets=8 | frames=5,test,10,-0.5936111989220015,2.5675806999206543,3,8,5,4.020109176635742,4.324302673339844
CV3 | nets=8 | frames=5,test,11,0.2708167150760829,0.4910472333431244,3,8,5,0.7028213739395142,0.7706006765365601
CV3 | nets=8 | frames=5,test,12,-0.0488976389824205,1.8833028078079224,3,8,5,2.9195845127105717,3.147296905517578
CV3 | nets=8 | frames=5,test,13,0.3374250403982374,-0.1301223784685135,3,8,5,-0.2712544500827789,-0.2727366387844085
CV3 | nets=8 | frames=5,test,14,0.144219835421564,1.375411868095398,3,8,5,2.1095917224884038,2.274181604385376
CV3 | nets=8 | frames=5,test,15,0.2238599590476573,0.6760547161102295,3,8,5,0.9994450211524964,1.0859196186065674
CV3 | nets=8 | frames=5,test,16,-0.2110936628700718,2.8392319679260254,3,8,5,4.420953750610352,4.761147975921631
CV3 | nets=8 | frames=5,test,17,-0.135107647284631,2.677825927734375,3,8,5,4.161530494689941,4.483078479766846
CV3 | nets=8 | frames=5,test,18,-0.2879174109079594,2.7318365573883057,3,8,5,4.244516849517822,4.575002193450928
CV3 | nets=8 | frames=5,test,19,-0.0869858031149348,2.6074929237365723,3,8,5,4.0529890060424805,4.370251655578613
CV3 | nets=8 | frames=5,test,20,0.0729596003150843,1.470022439956665,3,8,5,2.2739274501800537,2.457224607467652
CV3 | nets=8 | frames=5,test,21,-0.0473741087700227,2.6779613494873047,3,8,5,4.180180549621582,4.505932807922363
CV3 | nets=8 | frames=5,test,22,-0.1740479126403528,2.609800100326538,3,8,5,4.052657127380371,4.361816883087158
CV3 | nets=8 | frames=5,test,23,-0.1534844106106529,2.890685558319092,3,8,5,4.520102500915527,4.862288475036621
CV3 | nets=8 | frames=5,test,24,-0.3339993893646671,2.710789680480957,3,8,5,4.211901664733887,4.540946006774902
CV3 | nets=8 | frames=5,test,25,-0.2983576891176249,2.635469675064087,3,8,5,4.108029365539551,4.418212413787842
CV3 | nets=8 | frames=5,test,26,-0.0843642366678143,1.6478755474090576,3,8,5,2.5600600242614746,2.764070749282837
CV3 | nets=8 | frames=5,test,27,-0.2273098506600647,2.490865707397461,3,8,5,3.8844268321990967,4.192065238952637
CV3 | nets=8 | frames=5,test,28,0.150316153738502,0.7702059149742126,3,8,5,1.1506370306015017,1.2479315996170044
CV3 | nets=8 | frames=5,test,29,-0.2691509251686252,2.4356701374053955,3,8,5,3.7841737270355225,4.079896926879883
CV3 | nets=8 | frames=5,test,30,0.1269998279169667,1.325207233428955,3,8,5,2.0386998653411865,2.199927806854248
CV3 | nets=8 | frames=5,test,31,0.3220806426408416,-0.1585487872362136,3,8,5,-0.3169085383415222,-0.3361456990242004
CV3 | nets=8 | frames=5,test,32,-0.3233661435786948,2.637934446334839,3,8,5,4.117430210113525,4.435336589813232
CV3 | nets=8 | frames=5,test,33,-0.1666568671096066,2.6109211444854736,3,8,5,4.0676984786987305,4.376484394073486
CV3 | nets=8 | frames=5,test,34,-0.0608276768648222,2.290578842163086,3,8,5,3.562118530273437,3.829825401306152
CV3 | nets=8 | frames=5,test,35,0.2821721893243829,0.3304892182350158,3,8,5,0.4665568172931671,0.5173472762107849
CV3 | nets=8 | frames=5,test,36,-0.0591450573123482,3.059715986251831,3,8,5,4.760643005371094,5.124772548675537
CV3 | nets=8 | frames=5,test,37,-0.2523187814106471,2.9110026359558105,3,8,5,4.543354034423828,4.888330459594727
CV3 | nets=8 | frames=5,test,38,0.2693791688852633,0.8255529403686523,3,8,5,1.2448961734771729,1.3509647846221924
CV3 | nets=8 | frames=5,test,39,-0.157111034083224,2.1278889179229736,3,8,5,3.309562921524048,3.5671803951263428
CV3 | nets=8 | frames=5,test,40,0.1606833051492441,1.236967921257019,3,8,5,1.9050986766815183,2.0598156452178955
CV3 | nets=8 | frames=5,test,41,0.172504695096772,1.1910507678985596,3,8,5,1.809486389160156,1.959717869758606
CV3 | nets=8 | frames=5,test,42,0.3873779088920612,-0.1645382642745971,3,8,5,-0.3272542953491211,-0.335054486989975
CV3 | nets=8 | frames=5,test,43,-0.100209652453205,2.3534152507781982,3,8,5,3.647282361984253,3.929895639419556
CV3 | nets=8 | frames=5,test,44,0.1807945702326933,1.0883513689041138,3,8,5,1.6661763191223145,1.7980880737304688
CV3 | nets=8 | frames=5,test,45,-0.2190887259038099,2.5469963550567627,3,8,5,3.9652793407440186,4.269196033477783
CV3 | nets=8 | frames=5,test,46,0.0386789596579197,1.887127161026001,3,8,5,2.9298641681671143,3.1547164916992188
CV3 | nets=8 | frames=5,test,47,-0.1466400227827606,2.125129461288452,3,8,5,3.313316345214844,3.5646111965179443
CV3 | nets=8 | frames=5,test,48,-0.1466582167541242,2.68835186958313,3,8,5,4.189272403717041,4.514524936676025
CV3 | nets=8 | frames=5,test,49,0.3543707109293127,-0.1415822803974151,3,8,5,-0.2809455096721649,-0.2944418489933014
CV3 | nets=8 | frames=5,test,50,-0.2504451898786599,2.5209248065948486,3,8,5,3.920750617980957,4.2242350578308105
CV3 | nets=8 | frames=5,test,51,-0.0803696162881754,2.2082607746124268,3,8,5,3.4338057041168213,3.703077793121338
CV3 | nets=8 | frames=5,test,52,-0.1277120103792852,2.5119664669036865,3,8,5,3.9127352237701416,4.210069179534912
CV3 | nets=8 | frames=5,test,53,0.3812481697430855,-0.1850310713052749,3,8,5,-0.3596407175064087,-0.3756343126296997
CV3 | nets=8 | frames=5,test,54,-0.4003789014783009,2.5920770168304443,3,8,5,4.042260646820068,4.354684829711914
CV3 | nets=8 | frames=5,test,55,0.2511593493496609,0.9332048892974854,3,8,5,1.404468059539795,1.5201022624969482
CV3 | nets=8 | frames=5,test,56,-0.1963377719651293,2.77858567237854,3,8,5,4.333121299743652,4.67357349395752
CV3 | nets=8 | frames=5,test,57,0.2011468693729077,1.1256495714187622,3,8,5,1.7261857986450195,1.8650000095367432
CV3 | nets=8 | frames=5,test,58,0.1834175400503848,1.4068055152893066,3,8,5,2.1717312335968018,2.3460264205932617
CV3 | nets=8 | frames=5,test,59,0.1677718678598186,1.7020052671432495,3,8,5,2.6291348934173584,2.83788800239563
CV3 | nets=8 | frames=5,test,60,0.2103549124683166,0.3116718232631683,3,8,5,0.4319432079792022,0.4728651046752929
CV3 | nets=8 | frames=5,test,61,-0.2124182814927736,2.7229654788970947,3,8,5,4.251834869384766,4.573849201202393
CV3 | nets=8 | frames=5,test,62,0.2427422463907798,0.7604749202728271,3,8,5,1.1399574279785156,1.2359410524368286
CV3 | nets=8 | frames=5,test,63,-0.198060037637249,3.064169645309448,3,8,5,4.792994976043701,5.155794620513916
CV3 | nets=8 | frames=5,test,64,-0.3247762104239115,2.867191791534424,3,8,5,4.488647937774658,4.840776443481445
CV3 | nets=8 | frames=5,test,65,-0.1773883670701692,2.046879291534424,3,8,5,3.194623708724976,3.4318015575408936
CV3 | nets=8 | frames=5,test,66,-0.2061780215112254,2.232320547103882,3,8,5,3.466990232467652,3.7405991554260254
CV3 | nets=8 | frames=5,test,67,-0.1515654324056017,2.744863748550415,3,8,5,4.296977043151856,4.627509593963623
CV3 | nets=8 | frames=5,test,68,-0.1319308250403395,2.200634241104126,3,8,5,3.4323432445526123,3.696221113204956
CV3 | nets=8 | frames=10,train,0,-0.0669511275618616,9.155854225158691,3,8,10,3.467111349105835,6.945400714874268
CV3 | nets=8 | frames=10,train,1,0.2410100211356636,0.1198481023311615,3,8,10,3.150123119354248,3.3111789226531982
CV3 | nets=8 | frames=10,train,2,-0.0337183800006596,7.261166095733643,3,8,10,3.568227052688598,6.373058795928955
CV3 | nets=8 | frames=10,train,3,-0.0707599670319939,7.343715190887451,3,8,10,3.724042415618897,6.577066421508789
CV3 | nets=8 | frames=10,train,4,0.3079506710962201,-0.8798578977584839,3,8,10,2.863372564315796,2.631495952606201
CV3 | nets=8 | frames=10,train,5,0.3524800528535854,-2.853943347930908,3,8,10,3.005643129348755,2.062929391860962
CV3 | nets=8 | frames=10,train,6,-0.0810527879154043,10.747602462768556,3,8,10,3.5947556495666504,7.673461437225342
CV3 | nets=8 | frames=10,train,7,0.0229807605116772,7.202701091766357,3,8,10,3.7053651809692383,6.504391193389893
CV3 | nets=8 | frames=10,test,0,0.0950451355151094,5.0662760734558105,3,8,10,3.318213939666748,5.295181274414063
CV3 | nets=8 | frames=10,test,1,-0.0648093100969477,7.463648319244385,3,8,10,3.453629970550537,6.318811893463135
CV3 | nets=8 | frames=10,test,2,-0.0036101382641459,5.562982559204102,3,8,10,3.3802404403686523,5.541463375091553
CV3 | nets=8 | frames=10,test,3,0.2259070200709375,-0.8210092186927795,3,8,10,2.832002878189087,2.620431900024414
CV3 | nets=8 | frames=10,test,4,-0.2448221358235529,11.382927894592283,3,8,10,3.747381448745728,8.065755844116211
CV3 | nets=8 | frames=10,test,5,-0.3251896560062025,9.5203857421875,3,8,10,3.46423888206482,7.076594829559326
CV3 | nets=8 | frames=10,test,6,0.1639582164351763,-0.3796366453170776,3,8,10,3.1312031745910645,3.1120693683624268
CV3 | nets=8 | frames=10,test,7,0.2767388091190165,2.117713689804077,3,8,10,3.381138563156128,4.29743242263794
CV3 | nets=8 | frames=10,test,8,0.2817123526652541,-0.802911102771759,3,8,10,2.903805732727051,2.707012414932251
CV3 | nets=8 | frames=10,test,9,-0.1737797852877405,11.6013765335083,3,8,10,3.8684401512146,8.280092239379883
CV3 | nets=8 | frames=10,test,10,-0.5936111989220015,11.460287094116213,3,8,10,3.518112897872925,7.842832565307617
CV3 | nets=8 | frames=10,test,11,0.2708167150760829,0.2557727396488189,3,8,10,3.2353391647338867,3.453683376312256
CV3 | nets=8 | frames=10,test,12,-0.0488976389824205,7.699288368225098,3,8,10,3.4622673988342285,6.413662433624268
CV3 | nets=8 | frames=10,test,13,0.3374250403982374,-2.921538591384888,3,8,10,2.945088148117065,1.9816584587097168
CV3 | nets=8 | frames=10,test,14,0.144219835421564,4.691588878631592,3,8,10,3.33736515045166,5.188997745513916
CV3 | nets=8 | frames=10,test,15,0.2238599590476573,1.1149297952651978,3,8,10,3.25077223777771,3.790522575378418
CV3 | nets=8 | frames=10,test,16,-0.2110936628700718,12.090874671936035,3,8,10,3.937722682952881,8.540701866149902
CV3 | nets=8 | frames=10,test,17,-0.135107647284631,11.383466720581056,3,8,10,3.910329341888428,8.255851745605469
CV3 | nets=8 | frames=10,test,18,-0.2879174109079594,11.626392364501951,3,8,10,3.9244577884674072,8.356368064880371
CV3 | nets=8 | frames=10,test,19,-0.0869858031149348,10.925341606140137,3,8,10,3.72932243347168,7.887814044952393
CV3 | nets=8 | frames=10,test,20,0.0729596003150843,5.613887310028076,3,8,10,3.140402317047119,5.296640872955322
CV3 | nets=8 | frames=10,test,21,-0.0473741087700227,11.702584266662598,3,8,10,3.639017343521118,8.054399490356445
CV3 | nets=8 | frames=10,test,22,-0.1740479126403528,10.71695613861084,3,8,10,3.981842041015625,8.096122741699219
CV3 | nets=8 | frames=10,test,23,-0.1534844106106529,12.724628448486328,3,8,10,3.745404720306397,8.550107955932617
CV3 | nets=8 | frames=10,test,24,-0.3339993893646671,11.518319129943848,3,8,10,3.9358105659484863,8.326671600341797
CV3 | nets=8 | frames=10,test,25,-0.2983576891176249,11.414883613586426,3,8,10,3.8165013790130615,8.151211738586426
CV3 | nets=8 | frames=10,test,26,-0.0843642366678143,6.505939960479736,3,8,10,3.1061925888061523,5.5932393074035645
CV3 | nets=8 | frames=10,test,27,-0.2273098506600647,10.48692512512207,3,8,10,3.464883089065552,7.434405326843262
CV3 | nets=8 | frames=10,test,28,0.150316153738502,1.579211711883545,3,8,10,3.278928756713867,3.983637809753418
CV3 | nets=8 | frames=10,test,29,-0.2691509251686252,10.33724880218506,3,8,10,3.8247790336608887,7.769864559173584
CV3 | nets=8 | frames=10,test,30,0.1269998279169667,4.515051364898682,3,8,10,3.2402286529541016,5.015468597412109
CV3 | nets=8 | frames=10,test,31,0.3220806426408416,-2.8010692596435547,3,8,10,3.091392517089844,2.1832022666931152
CV3 | nets=8 | frames=10,test,32,-0.3233661435786948,11.591777801513672,3,8,10,3.6039342880249023,7.987060546875
CV3 | nets=8 | frames=10,test,33,-0.1666568671096066,11.274056434631348,3,8,10,3.826914548873901,8.108467102050781
CV3 | nets=8 | frames=10,test,34,-0.0608276768648222,9.529253005981444,3,8,10,3.6569504737854,7.2956223487854
CV3 | nets=8 | frames=10,test,35,0.2821721893243829,-0.3419413566589355,3,8,10,3.0439701080322266,3.011552333831787
CV3 | nets=8 | frames=10,test,36,-0.0591450573123482,13.256965637207031,3,8,10,4.187997341156006,9.234704971313477
CV3 | nets=8 | frames=10,test,37,-0.2523187814106471,12.468732833862305,3,8,10,3.913995504379273,8.648250579833984
CV3 | nets=8 | frames=10,test,38,0.2693791688852633,1.8312268257141116,3,8,10,3.1739673614501958,3.9605982303619385
CV3 | nets=8 | frames=10,test,39,-0.157111034083224,8.78551959991455,3,8,10,3.3855111598968506,6.730937480926514
CV3 | nets=8 | frames=10,test,40,0.1606833051492441,4.161477565765381,3,8,10,3.0542004108428955,4.6782002449035645
CV3 | nets=8 | frames=10,test,41,0.172504695096772,3.6819019317626953,3,8,10,3.430871963500977,4.918051242828369
CV3 | nets=8 | frames=10,test,42,0.3873779088920612,-2.920431613922119,3,8,10,3.003379821777344,2.0412497520446777
CV3 | nets=8 | frames=10,test,43,-0.100209652453205,9.80632209777832,3,8,10,3.9461569786071777,7.713506698608398
CV3 | nets=8 | frames=10,test,44,0.1807945702326933,3.4736697673797607,3,8,10,3.175419330596924,4.559647560119629
CV3 | nets=8 | frames=10,test,45,-0.2190887259038099,10.666548728942873,3,8,10,3.679539203643799,7.742849349975586
CV3 | nets=8 | frames=10,test,46,0.0386789596579197,7.653874397277832,3,8,10,3.5206542015075684,6.448412418365479
CV3 | nets=8 | frames=10,test,47,-0.1466400227827606,8.96301555633545,3,8,10,3.479566097259521,6.892120838165283
CV3 | nets=8 | frames=10,test,48,-0.1466582167541242,11.827844619750977,3,8,10,3.762433052062988,8.242330551147461
CV3 | nets=8 | frames=10,test,49,0.3543707109293127,-2.830655574798584,3,8,10,2.9338159561157227,1.9976208209991453
CV3 | nets=8 | frames=10,test,50,-0.2504451898786599,11.15108871459961,3,8,10,3.818420886993408,8.056390762329102
CV3 | nets=8 | frames=10,test,51,-0.0803696162881754,9.394442558288574,3,8,10,3.613442897796631,7.1816229820251465
CV3 | nets=8 | frames=10,test,52,-0.1277120103792852,10.553337097167969,3,8,10,3.729712724685669,7.752830982208252
CV3 | nets=8 | frames=10,test,53,0.3812481697430855,-3.0521297454833984,3,8,10,2.9597787857055664,1.950062274932861
CV3 | nets=8 | frames=10,test,54,-0.4003789014783009,11.251258850097656,3,8,10,3.6652326583862314,7.928208827972412
CV3 | nets=8 | frames=10,test,55,0.2511593493496609,2.101181507110596,3,8,10,3.351466417312622,4.258851051330566
CV3 | nets=8 | frames=10,test,56,-0.1963377719651293,12.328365325927734,3,8,10,3.7143685817718506,8.36608600616455
CV3 | nets=8 | frames=10,test,57,0.2011468693729077,3.571535587310791,3,8,10,3.1221232414245605,4.540069103240967
CV3 | nets=8 | frames=10,test,58,0.1834175400503848,5.1942973136901855,3,8,10,3.272667169570923,5.282333850860596
CV3 | nets=8 | frames=10,test,59,0.1677718678598186,6.188299655914307,3,8,10,3.412257671356201,5.816070556640625
CV3 | nets=8 | frames=10,test,60,0.2103549124683166,-0.6029282212257385,3,8,10,3.026334524154663,2.911299228668213
CV3 | nets=8 | frames=10,test,61,-0.2124182814927736,11.922533988952637,3,8,10,3.7398681640625,8.255313873291016
CV3 | nets=8 | frames=10,test,62,0.2427422463907798,1.5670204162597656,3,8,10,3.1298828125,3.8220503330230713
CV3 | nets=8 | frames=10,test,63,-0.198060037637249,13.651857376098633,3,8,10,3.8725552558898926,9.023250579833984
CV3 | nets=8 | frames=10,test,64,-0.3247762104239115,12.482401847839355,3,8,10,3.438138008117676,8.131077766418457
CV3 | nets=8 | frames=10,test,65,-0.1773883670701692,8.494564056396484,3,8,10,3.4030420780181885,6.639299392700195
CV3 | nets=8 | frames=10,test,66,-0.2061780215112254,9.396854400634766,3,8,10,3.6209325790405273,7.206262588500977
CV3 | nets=8 | frames=10,test,67,-0.1515654324056017,12.39678955078125,3,8,10,3.557323932647705,8.216842651367188
CV3 | nets=8 | frames=10,test,68,-0.1319308250403395,9.11242961883545,3,8,10,3.389512062072754,6.84894609451294
CV3 | nets=8 | frames=25,train,0,-0.0669511275618616,-4.3226237297058105,3,8,25,-1.6878714561462402,-3.2315518856048584
CV3 | nets=8 | frames=25,train,1,0.2410100211356636,-3.79697585105896,3,8,25,3.7582836151123047,-3.192686080932617
CV3 | nets=8 | frames=25,train,2,-0.0337183800006596,-4.299500942230225,3,8,25,-0.1883287280797958,-3.318343162536621
CV3 | nets=8 | frames=25,train,3,-0.0707599670319939,-4.806636333465576,3,8,25,-0.83309406042099,-3.681919574737549
CV3 | nets=8 | frames=25,train,4,0.3079506710962201,-3.421616792678833,3,8,25,4.475070953369141,-2.9376020431518555
CV3 | nets=8 | frames=25,train,5,0.3524800528535854,-3.4513823986053467,3,8,25,5.170299053192139,-3.019352912902832
CV3 | nets=8 | frames=25,train,6,-0.0810527879154043,-4.442620754241943,3,8,25,-1.945549488067627,-3.3084332942962646
CV3 | nets=8 | frames=25,train,7,0.0229807605116772,-4.624183177947998,3,8,25,-0.3596890866756439,-3.5693087577819824
CV3 | nets=8 | frames=25,test,0,0.0950451355151094,-4.400537967681885,3,8,25,0.6924495697021484,-3.4623045921325684
CV3 | nets=8 | frames=25,test,1,-0.0648093100969477,-4.418981552124023,3,8,25,-0.2775788307189941,-3.406255006790161
CV3 | nets=8 | frames=25,test,2,-0.0036101382641459,-4.020657539367676,3,8,25,0.7227267622947693,-3.159797430038452
CV3 | nets=8 | frames=25,test,3,0.2259070200709375,-3.4613687992095947,3,8,25,4.624813556671143,-2.9776391983032227
CV3 | nets=8 | frames=25,test,4,-0.2448221358235529,-4.521332740783691,3,8,25,-2.7477850914001465,-3.3174691200256348
CV3 | nets=8 | frames=25,test,5,-0.3251896560062025,-4.179971218109131,3,8,25,-1.4750515222549438,-3.1303248405456543
CV3 | nets=8 | frames=25,test,6,0.1639582164351763,-3.7833197116851807,3,8,25,4.218435287475586,-3.216305494308472
CV3 | nets=8 | frames=25,test,7,0.2767388091190165,-4.219703674316406,3,8,25,2.7003908157348637,-3.4555912017822266
CV3 | nets=8 | frames=25,test,8,0.2817123526652541,-3.32177996635437,3,8,25,4.628821849822998,-2.868410110473633
CV3 | nets=8 | frames=25,test,9,-0.1737797852877405,-5.109904766082764,3,8,25,-3.090651512145996,-3.769034147262573
CV3 | nets=8 | frames=25,test,10,-0.5936111989220015,-4.329543590545654,3,8,25,-2.4890198707580566,-3.18371057510376
CV3 | nets=8 | frames=25,test,11,0.2708167150760829,-3.941564798355103,3,8,25,3.4544878005981445,-3.2895827293396
CV3 | nets=8 | frames=25,test,12,-0.0488976389824205,-4.252060890197754,3,8,25,-0.563961923122406,-3.2524728775024414
CV3 | nets=8 | frames=25,test,13,0.3374250403982374,-3.5861294269561768,3,8,25,5.6078200340271,-3.154824733734131
CV3 | nets=8 | frames=25,test,14,0.144219835421564,-4.153735637664795,3,8,25,1.079578518867493,-3.2870566844940186
CV3 | nets=8 | frames=25,test,15,0.2238599590476573,-3.90232253074646,3,8,25,3.205897808074951,-3.241529941558838
CV3 | nets=8 | frames=25,test,16,-0.2110936628700718,-5.041558742523193,3,8,25,-3.184525728225708,-3.704379081726074
CV3 | nets=8 | frames=25,test,17,-0.135107647284631,-4.849884986877441,3,8,25,-2.5400543212890625,-3.5957603454589844
CV3 | nets=8 | frames=25,test,18,-0.2879174109079594,-4.971785068511963,3,8,25,-3.072824001312256,-3.658813953399658
CV3 | nets=8 | frames=25,test,19,-0.0869858031149348,-4.759639263153076,3,8,25,-2.7122859954833984,-3.506829261779785
CV3 | nets=8 | frames=25,test,20,0.0729596003150843,-3.779932975769043,3,8,25,0.519345760345459,-2.945460319519043
CV3 | nets=8 | frames=25,test,21,-0.0473741087700227,-4.560476779937744,3,8,25,-3.484220027923584,-3.2958381175994877
CV3 | nets=8 | frames=25,test,22,-0.1740479126403528,-5.089623928070068,3,8,25,-2.116561889648437,-3.8210878372192383
CV3 | nets=8 | frames=25,test,23,-0.1534844106106529,-4.502427101135254,3,8,25,-3.3414905071258545,-3.2575759887695312
CV3 | nets=8 | frames=25,test,24,-0.3339993893646671,-4.965095043182373,3,8,25,-3.106971740722656,-3.651168346405029
CV3 | nets=8 | frames=25,test,25,-0.2983576891176249,-4.536980152130127,3,8,25,-3.1143999099731445,-3.307053565979004
CV3 | nets=8 | frames=25,test,26,-0.0843642366678143,-3.76690411567688,3,8,25,0.4293944239616394,-2.925145149230957
CV3 | nets=8 | frames=25,test,27,-0.2273098506600647,-4.277258396148682,3,8,25,-2.257633924484253,-3.1543304920196533
CV3 | nets=8 | frames=25,test,28,0.150316153738502,-4.0535736083984375,3,8,25,2.713089227676392,-3.3265957832336426
CV3 | nets=8 | frames=25,test,29,-0.2691509251686252,-5.069497108459473,3,8,25,-2.6493682861328125,-3.769679307937622
CV3 | nets=8 | frames=25,test,30,0.1269998279169667,-3.949519395828247,3,8,25,1.424968957901001,-3.1479568481445312
CV3 | nets=8 | frames=25,test,31,0.3220806426408416,-3.697342157363892,3,8,25,5.561095714569092,-3.242729425430298
CV3 | nets=8 | frames=25,test,32,-0.3233661435786948,-4.441980838775635,3,8,25,-2.531928539276123,-3.261594772338867
CV3 | nets=8 | frames=25,test,33,-0.1666568671096066,-4.775469303131104,3,8,25,-3.066214084625244,-3.5024430751800537
CV3 | nets=8 | frames=25,test,34,-0.0608276768648222,-4.498270034790039,3,8,25,-1.648975491523743,-3.3719449043273926
CV3 | nets=8 | frames=25,test,35,0.2821721893243829,-3.90402626991272,3,8,25,3.472064018249512,-3.263340950012207
CV3 | nets=8 | frames=25,test,36,-0.0591450573123482,-5.234322547912598,3,8,25,-4.289683818817139,-3.7885255813598633
CV3 | nets=8 | frames=25,test,37,-0.2523187814106471,-4.970099449157715,3,8,25,-3.397830009460449,-3.635840892791748
CV3 | nets=8 | frames=25,test,38,0.2693791688852633,-3.83489203453064,3,8,25,2.831954002380371,-3.1551225185394287
CV3 | nets=8 | frames=25,test,39,-0.157111034083224,-4.1790947914123535,3,8,25,-1.3948960304260254,-3.131556749343872
CV3 | nets=8 | frames=25,test,40,0.1606833051492441,-3.876659154891968,3,8,25,1.471546649932861,-3.089056968688965
CV3 | nets=8 | frames=25,test,41,0.172504695096772,-4.236888885498047,3,8,25,1.9143706560134888,-3.4133453369140625
CV3 | nets=8 | frames=25,test,42,0.3873779088920612,-3.675647735595703,3,8,25,5.482053279876709,-3.221134662628174
CV3 | nets=8 | frames=25,test,43,-0.100209652453205,-4.9410576820373535,3,8,25,-2.232172727584839,-3.697089910507202
CV3 | nets=8 | frames=25,test,44,0.1807945702326933,-3.670769214630127,3,8,25,1.9906201362609863,-2.9609596729278564
CV3 | nets=8 | frames=25,test,45,-0.2190887259038099,-4.610450267791748,3,8,25,-1.9274357557296755,-3.4411959648132324
CV3 | nets=8 | frames=25,test,46,0.0386789596579197,-4.270853519439697,3,8,25,-0.8199976682662964,-3.253403186798096
CV3 | nets=8 | frames=25,test,47,-0.1466400227827606,-4.432941913604736,3,8,25,-1.1926597356796265,-3.3555874824523926
CV3 | nets=8 | frames=25,test,48,-0.1466582167541242,-4.721872329711914,3,8,25,-3.13266396522522,-3.452621459960937
CV3 | nets=8 | frames=25,test,49,0.3543707109293127,-3.5096700191497803,3,8,25,5.365546703338623,-3.0785446166992188
CV3 | nets=8 | frames=25,test,50,-0.2504451898786599,-4.746831893920898,3,8,25,-2.649369239807129,-3.505923271179199
CV3 | nets=8 | frames=25,test,51,-0.0803696162881754,-4.382248401641846,3,8,25,-2.037582397460937,-3.2571613788604736
CV3 | nets=8 | frames=25,test,52,-0.1277120103792852,-4.861347675323486,3,8,25,-2.3635082244873047,-3.618146181106568
CV3 | nets=8 | frames=25,test,53,0.3812481697430855,-3.831705331802368,3,8,25,5.620752334594727,-3.3517403602600098
CV3 | nets=8 | frames=25,test,54,-0.4003789014783009,-4.557108402252197,3,8,25,-2.704658508300781,-3.347402572631836
CV3 | nets=8 | frames=25,test,55,0.2511593493496609,-4.355790138244629,3,8,25,2.5191335678100586,-3.555835247039795
CV3 | nets=8 | frames=25,test,56,-0.1963377719651293,-4.6384148597717285,3,8,25,-3.550748586654663,-3.3534841537475586
CV3 | nets=8 | frames=25,test,57,0.2011468693729077,-3.7517900466918954,3,8,25,2.0014235973358154,-3.027217388153076
CV3 | nets=8 | frames=25,test,58,0.1834175400503848,-3.886418104171753,3,8,25,0.6488052010536194,-3.044910430908203
CV3 | nets=8 | frames=25,test,59,0.1677718678598186,-4.481960773468018,3,8,25,0.6236621737480164,-3.5191893577575684
CV3 | nets=8 | frames=25,test,60,0.2103549124683166,-3.732792615890503,3,8,25,4.284257411956787,-3.178062915802002
CV3 | nets=8 | frames=25,test,61,-0.2124182814927736,-4.571384906768799,3,8,25,-2.809178352355957,-3.349175453186035
CV3 | nets=8 | frames=25,test,62,0.2427422463907798,-3.841172933578491,3,8,25,3.0868823528289795,-3.178606510162353
CV3 | nets=8 | frames=25,test,63,-0.198060037637249,-4.707559585571289,3,8,25,-4.222997665405273,-3.365065813064575
CV3 | nets=8 | frames=25,test,64,-0.3247762104239115,-4.398342132568359,3,8,25,-3.4879961013793945,-3.162564277648926
CV3 | nets=8 | frames=25,test,65,-0.1773883670701692,-4.12888240814209,3,8,25,-0.777367889881134,-3.1377882957458496
CV3 | nets=8 | frames=25,test,66,-0.2061780215112254,-4.639397621154785,3,8,25,-1.6536870002746582,-3.4927749633789062
CV3 | nets=8 | frames=25,test,67,-0.1515654324056017,-4.373287677764893,3,8,25,-3.17968487739563,-3.16670560836792
CV3 | nets=8 | frames=25,test,68,-0.1319308250403395,-4.2479400634765625,3,8,25,-1.176893949508667,-3.202749490737915
CV3 | nets=8 | frames=50,train,0,-0.0669511275618616,-0.0974732115864753,3,8,50,1.7233262062072754,3.914177417755127
CV3 | nets=8 | frames=50,train,1,0.2410100211356636,4.187716960906982,3,8,50,3.692330837249756,0.7965806722640991
CV3 | nets=8 | frames=50,train,2,-0.0337183800006596,0.9199793338775636,3,8,50,2.271467685699463,3.4024672508239746
CV3 | nets=8 | frames=50,train,3,-0.0707599670319939,1.0082650184631348,3,8,50,2.5005996227264404,3.807240009307861
CV3 | nets=8 | frames=50,train,4,0.3079506710962201,4.659475326538086,3,8,50,3.793537378311157,0.1525646299123764
CV3 | nets=8 | frames=50,train,5,0.3524800528535854,5.472302913665772,3,8,50,4.225873947143555,-0.2723377346992492
CV3 | nets=8 | frames=50,train,6,-0.0810527879154043,-0.6565432548522949,3,8,50,1.5363227128982544,4.523830890655518
CV3 | nets=8 | frames=50,train,7,0.0229807605116772,1.0605700016021729,3,8,50,2.4525418281555176,3.591871976852417
CV3 | nets=8 | frames=50,test,0,0.0950451355151094,1.794192671775818,3,8,50,2.5858821868896484,2.5290956497192383
CV3 | nets=8 | frames=50,test,1,-0.0648093100969477,0.8286684155464172,3,8,50,2.155914783477783,3.265469551086426
CV3 | nets=8 | frames=50,test,2,-0.0036101382641459,1.6455127000808716,3,8,50,2.4890329837799072,2.574054479598999
CV3 | nets=8 | frames=50,test,3,0.2259070200709375,4.634971618652344,3,8,50,3.785528898239136,0.1749991625547409
CV3 | nets=8 | frames=50,test,4,-0.2448221358235529,-0.9258804321289062,3,8,50,1.4543328285217283,4.817002773284912
CV3 | nets=8 | frames=50,test,5,-0.3251896560062025,0.036875020712614,3,8,50,1.8175349235534668,3.9010090827941895
CV3 | nets=8 | frames=50,test,6,0.1639582164351763,4.47341775894165,3,8,50,3.869455575942993,0.7160809636116028
CV3 | nets=8 | frames=50,test,7,0.2767388091190165,3.3392505645751958,3,8,50,3.447705745697021,1.7992476224899292
CV3 | nets=8 | frames=50,test,8,0.2817123526652541,4.691269397735596,3,8,50,3.865617036819458,0.2856911420822143
CV3 | nets=8 | frames=50,test,9,-0.1737797852877405,-1.0912506580352783,3,8,50,1.4456031322479248,5.118457317352295
CV3 | nets=8 | frames=50,test,10,-0.5936111989220015,-1.0641887187957764,3,8,50,1.1939038038253784,4.4248456954956055
CV3 | nets=8 | frames=50,test,11,0.2708167150760829,4.058342456817627,3,8,50,3.721551179885864,1.1208782196044922
CV3 | nets=8 | frames=50,test,12,-0.0488976389824205,0.7370540499687195,3,8,50,2.142955780029297,3.403545618057251
CV3 | nets=8 | frames=50,test,13,0.3374250403982374,5.534709453582764,3,8,50,4.332118034362793,-0.1247390955686569
CV3 | nets=8 | frames=50,test,14,0.144219835421564,2.1318163871765137,3,8,50,2.86809515953064,2.6089742183685303
CV3 | nets=8 | frames=50,test,15,0.2238599590476573,3.722998857498169,3,8,50,3.5835366249084477,1.4179861545562744
CV3 | nets=8 | frames=50,test,16,-0.2110936628700718,-1.1846369504928589,3,8,50,1.4728676080703735,5.362044811248779
CV3 | nets=8 | frames=50,test,17,-0.135107647284631,-0.8734748959541321,3,8,50,1.6339654922485352,5.180181503295898
CV3 | nets=8 | frames=50,test,18,-0.2879174109079594,-1.0731542110443115,3,8,50,1.5452837944030762,5.332633018493652
CV3 | nets=8 | frames=50,test,19,-0.0869858031149348,-0.7701355814933777,3,8,50,1.637387990951538,4.977481842041016
CV3 | nets=8 | frames=50,test,20,0.0729596003150843,1.603132247924805,3,8,50,2.418843507766724,2.4457099437713623
CV3 | nets=8 | frames=50,test,21,-0.0473741087700227,-1.4460532665252686,3,8,50,1.1229565143585205,4.945615291595459
CV3 | nets=8 | frames=50,test,22,-0.1740479126403528,-0.3639849722385406,3,8,50,1.9499441385269165,5.032137393951416
CV3 | nets=8 | frames=50,test,23,-0.1534844106106529,-1.5480118989944458,3,8,50,1.0793468952178955,5.039102077484131
CV3 | nets=8 | frames=50,test,24,-0.3339993893646671,-1.0006181001663208,3,8,50,1.5990859270095823,5.3289995193481445
CV3 | nets=8 | frames=50,test,25,-0.2983576891176249,-1.1130881309509275,3,8,50,1.384903073310852,5.006424427032471
CV3 | nets=8 | frames=50,test,26,-0.0843642366678143,1.3785603046417236,3,8,50,2.3975400924682617,2.81817626953125
CV3 | nets=8 | frames=50,test,27,-0.2273098506600647,-0.586238443851471,3,8,50,1.5755960941314695,4.473842620849609
CV3 | nets=8 | frames=50,test,28,0.150316153738502,3.5010902881622314,3,8,50,3.448763608932495,1.486069679260254
CV3 | nets=8 | frames=50,test,29,-0.2691509251686252,-0.4958821833133697,3,8,50,1.661911964416504,4.530322551727295
CV3 | nets=8 | frames=50,test,30,0.1269998279169667,2.206938982009888,3,8,50,2.8109350204467773,2.314324855804444
CV3 | nets=8 | frames=50,test,31,0.3220806426408416,5.605613231658936,3,8,50,4.332937717437744,-0.2488874047994613
CV3 | nets=8 | frames=50,test,32,-0.3233661435786948,-1.0325419902801514,3,8,50,1.3108057975769043,4.634652614593506
CV3 | nets=8 | frames=50,test,33,-0.1666568671096066,-1.0429497957229614,3,8,50,1.364107370376587,4.81416130065918
CV3 | nets=8 | frames=50,test,34,-0.0608276768648222,-0.0619230307638645,3,8,50,1.8605263233184812,4.2101593017578125
CV3 | nets=8 | frames=50,test,35,0.2821721893243829,4.085898399353027,3,8,50,3.498260259628296,0.491535484790802
CV3 | nets=8 | frames=50,test,36,-0.0591450573123482,-1.988057017326355,3,8,50,1.1163500547409058,5.994758129119873
CV3 | nets=8 | frames=50,test,37,-0.2523187814106471,-1.5547860860824585,3,8,50,1.2189748287200928,5.430640697479248
CV3 | nets=8 | frames=50,test,38,0.2693791688852633,3.3575150966644287,3,8,50,3.3451087474823,1.4928324222564695
CV3 | nets=8 | frames=50,test,39,-0.157111034083224,0.2639406621456146,3,8,50,1.9988495111465452,3.928628921508789
CV3 | nets=8 | frames=50,test,40,0.1606833051492441,2.2134335041046143,3,8,50,2.6914587020874023,1.9836540222167969
CV3 | nets=8 | frames=50,test,41,0.172504695096772,2.548846244812012,3,8,50,2.9900686740875244,2.120366096496582
CV3 | nets=8 | frames=50,test,42,0.3873779088920612,5.488333702087402,3,8,50,4.243245601654053,-0.2636363506317138
CV3 | nets=8 | frames=50,test,43,-0.100209652453205,-0.3031626343727112,3,8,50,1.8309760093688965,4.60692834854126
CV3 | nets=8 | frames=50,test,44,0.1807945702326933,2.679793119430542,3,8,50,2.9712538719177246,1.819598913192749
CV3 | nets=8 | frames=50,test,45,-0.2190887259038099,-0.472478836774826,3,8,50,1.7570970058441162,4.726621150970459
CV3 | nets=8 | frames=50,test,46,0.0386789596579197,0.4655830562114715,3,8,50,1.9097827672958372,3.3336308002471924
CV3 | nets=8 | frames=50,test,47,-0.1466400227827606,0.1677603721618652,3,8,50,1.8443435430526731,3.737518548965454
CV3 | nets=8 | frames=50,test,48,-0.1466582167541242,-1.4281789064407349,3,8,50,1.1485648155212402,4.991406440734863
CV3 | nets=8 | frames=50,test,49,0.3543707109293127,5.447808265686035,3,8,50,4.203278064727783,-0.2778955399990082
CV3 | nets=8 | frames=50,test,50,-0.2504451898786599,-0.7864081263542175,3,8,50,1.4937520027160645,4.642907619476318
CV3 | nets=8 | frames=50,test,51,-0.0803696162881754,-0.3953284323215484,3,8,50,1.529305100440979,3.987659692764282
CV3 | nets=8 | frames=50,test,52,-0.1277120103792852,-0.4790162444114685,3,8,50,1.7367974519729614,4.694498538970947
CV3 | nets=8 | frames=50,test,53,0.3812481697430855,5.807640075683594,3,8,50,4.456854343414307,-0.3335506319999695
CV3 | nets=8 | frames=50,test,54,-0.4003789014783009,-0.857801079750061,3,8,50,1.4118518829345703,4.569153308868408
CV3 | nets=8 | frames=50,test,55,0.2511593493496609,3.2815842628479004,3,8,50,3.4477059841156006,1.914252996444702
CV3 | nets=8 | frames=50,test,56,-0.1963377719651293,-1.5247626304626465,3,8,50,1.1022963523864746,5.034472465515137
CV3 | nets=8 | frames=50,test,57,0.2011468693729077,2.607236862182617,3,8,50,2.9392151832580566,1.8773595094680784
CV3 | nets=8 | frames=50,test,58,0.1834175400503848,1.6042836904525757,3,8,50,2.367215394973755,2.322603940963745
CV3 | nets=8 | frames=50,test,59,0.1677718678598186,1.466152310371399,3,8,50,2.591173887252808,3.170642852783203
CV3 | nets=8 | frames=50,test,60,0.2103549124683166,4.479228973388672,3,8,50,3.744809150695801,0.3817425966262817
CV3 | nets=8 | frames=50,test,61,-0.2124182814927736,-1.115447759628296,3,8,50,1.3366930484771729,4.874687194824219
CV3 | nets=8 | frames=50,test,62,0.2427422463907798,3.551721334457397,3,8,50,3.446836233139038,1.382061004638672
CV3 | nets=8 | frames=50,test,63,-0.198060037637249,-2.164923429489136,3,8,50,0.7950414419174194,5.496309280395508
CV3 | nets=8 | frames=50,test,64,-0.3247762104239115,-1.6505602598190308,3,8,50,1.0735293626785278,5.211813449859619
CV3 | nets=8 | frames=50,test,65,-0.1773883670701692,0.4526156485080719,3,8,50,1.99249267578125,3.5754261016845703
CV3 | nets=8 | frames=50,test,66,-0.2061780215112254,-0.1775044202804565,3,8,50,1.7563517093658447,4.16768741607666
CV3 | nets=8 | frames=50,test,67,-0.1515654324056017,-1.5614479780197144,3,8,50,0.9536028504371644,4.735230922698975
CV3 | nets=8 | frames=50,test,68,-0.1319308250403395,0.0671326294541359,3,8,50,1.795654058456421,3.793238878250122
CV3 | nets=8 | frames=100,train,0,-0.0669511275618616,-6.406846523284912,3,8,100,3.213841676712036,0.4574262499809265
CV3 | nets=8 | frames=100,train,1,0.2410100211356636,-3.0780866146087646,3,8,100,3.852929353713989,-5.708216190338135
CV3 | nets=8 | frames=100,train,2,-0.0337183800006596,-5.774252891540527,3,8,100,3.7138073444366455,-1.7552177906036377
CV3 | nets=8 | frames=100,train,3,-0.0707599670319939,-7.076356410980225,3,8,100,4.140904903411865,-1.0884876251220703
CV3 | nets=8 | frames=100,train,4,0.3079506710962201,-2.249871253967285,3,8,100,3.7373456954956055,-6.498318195343018
CV3 | nets=8 | frames=100,train,5,0.3524800528535854,-1.995188593864441,3,8,100,3.760498046875,-6.882523059844971
CV3 | nets=8 | frames=100,train,6,-0.0810527879154043,-6.492268562316895,3,8,100,3.36967134475708,0.0687113776803016
CV3 | nets=8 | frames=100,train,7,0.0229807605116772,-6.357563495635986,3,8,100,3.9913625717163086,-1.7154114246368408
CV3 | nets=8 | frames=100,test,0,0.0950451355151094,-5.4969482421875,3,8,100,3.853099584579468,-2.452380657196045
CV3 | nets=8 | frames=100,test,1,-0.0648093100969477,-5.900126457214356,3,8,100,3.625192880630493,-1.3665481805801392
CV3 | nets=8 | frames=100,test,2,-0.0036101382641459,-4.685307025909424,3,8,100,3.4146530628204346,-2.42743182182312
CV3 | nets=8 | frames=100,test,3,0.2259070200709375,-2.152521848678589,3,8,100,3.6675667762756343,-6.430769443511963
CV3 | nets=8 | frames=100,test,4,-0.2448221358235529,-7.350550651550293,3,8,100,3.417598247528076,1.136651635169983
CV3 | nets=8 | frames=100,test,5,-0.3251896560062025,-6.218425273895264,3,8,100,3.3553004264831543,-0.2141395360231399
CV3 | nets=8 | frames=100,test,6,0.1639582164351763,-2.906723022460937,3,8,100,3.940552234649658,-6.1847920417785645
CV3 | nets=8 | frames=100,test,7,0.2767388091190165,-4.471493721008301,3,8,100,4.299994945526123,-5.024013519287109
CV3 | nets=8 | frames=100,test,8,0.2817123526652541,-1.9768277406692505,3,8,100,3.609606742858887,-6.542945384979248
CV3 | nets=8 | frames=100,test,9,-0.1737797852877405,-8.273473739624023,3,8,100,3.808748722076416,1.3397358655929563
CV3 | nets=8 | frames=100,test,10,-0.5936111989220015,-6.695157527923584,3,8,100,3.1145384311676025,1.0275352001190186
CV3 | nets=8 | frames=100,test,11,0.2708167150760829,-3.4951248168945312,3,8,100,3.865707874298096,-5.155571460723877
CV3 | nets=8 | frames=100,test,12,-0.0488976389824205,-5.922034740447998,3,8,100,3.5423595905303955,-1.0881317853927612
CV3 | nets=8 | frames=100,test,13,0.3374250403982374,-1.7903105020523071,3,8,100,3.701650619506836,-6.997251987457275
CV3 | nets=8 | frames=100,test,14,0.144219835421564,-5.162814140319824,3,8,100,3.9391934871673584,-3.10608983039856
CV3 | nets=8 | frames=100,test,15,0.2238599590476573,-3.440434694290161,3,8,100,3.802925109863281,-5.1123247146606445
CV3 | nets=8 | frames=100,test,16,-0.2110936628700718,-8.325780868530273,3,8,100,3.830228328704834,1.339056134223938
CV3 | nets=8 | frames=100,test,17,-0.135107647284631,-7.746936321258545,3,8,100,3.8163270950317374,0.5727009177207947
CV3 | nets=8 | frames=100,test,18,-0.2879174109079594,-8.18122673034668,3,8,100,3.7016806602478023,1.4986002445220947
CV3 | nets=8 | frames=100,test,19,-0.0869858031149348,-7.830954551696777,3,8,100,3.717141628265381,1.051497220993042
CV3 | nets=8 | frames=100,test,20,0.0729596003150843,-4.595585823059082,3,8,100,3.26669716835022,-2.093353748321533
CV3 | nets=8 | frames=100,test,21,-0.0473741087700227,-7.914816856384277,3,8,100,3.2436888217926025,2.428192377090454
CV3 | nets=8 | frames=100,test,22,-0.1740479126403528,-7.743518829345703,3,8,100,4.063462257385254,-0.1041276305913925
CV3 | nets=8 | frames=100,test,23,-0.1534844106106529,-7.408687591552734,3,8,100,3.2841367721557617,1.537160038948059
CV3 | nets=8 | frames=100,test,24,-0.3339993893646671,-8.157197952270508,3,8,100,3.626797437667847,1.688207507133484
CV3 | nets=8 | frames=100,test,25,-0.2983576891176249,-7.595747470855713,3,8,100,3.3306689262390137,1.730736255645752
CV3 | nets=8 | frames=100,test,26,-0.0843642366678143,-4.660277366638184,3,8,100,3.294682025909424,-2.097628116607666
CV3 | nets=8 | frames=100,test,27,-0.2273098506600647,-6.357583045959473,3,8,100,2.964768171310425,1.041471004486084
CV3 | nets=8 | frames=100,test,28,0.150316153738502,-4.110379695892334,3,8,100,3.917212009429932,-4.471331596374512
CV3 | nets=8 | frames=100,test,29,-0.2691509251686252,-8.17662239074707,3,8,100,3.873565673828125,1.058834671974182
CV3 | nets=8 | frames=100,test,30,0.1269998279169667,-4.388049125671387,3,8,100,3.627547025680542,-3.379077434539795
CV3 | nets=8 | frames=100,test,31,0.3220806426408416,-2.2854132652282715,3,8,100,4.174127101898193,-7.632593631744385
CV3 | nets=8 | frames=100,test,32,-0.3233661435786948,-7.102292060852051,3,8,100,3.450366497039795,0.7018225193023682
CV3 | nets=8 | frames=100,test,33,-0.1666568671096066,-7.952396392822266,3,8,100,3.572837352752685,1.546457290649414
CV3 | nets=8 | frames=100,test,34,-0.0608276768648222,-6.867117881774902,3,8,100,3.779993772506714,-0.4594472050666809
CV3 | nets=8 | frames=100,test,35,0.2821721893243829,-3.4346251487731934,3,8,100,3.670883893966675,-4.700123310089111
CV3 | nets=8 | frames=100,test,36,-0.0591450573123482,-9.13138198852539,3,8,100,3.689409732818604,2.7758517265319824
CV3 | nets=8 | frames=100,test,37,-0.2523187814106471,-8.198190689086914,3,8,100,3.6009345054626465,1.7542400360107422
CV3 | nets=8 | frames=100,test,38,0.2693791688852633,-3.5825557708740234,3,8,100,3.680710554122925,-4.551116466522217
CV3 | nets=8 | frames=100,test,39,-0.157111034083224,-6.435519695281982,3,8,100,3.518540143966675,-0.2831704318523407
CV3 | nets=8 | frames=100,test,40,0.1606833051492441,-4.339588165283203,3,8,100,3.584683418273926,-3.277656555175781
CV3 | nets=8 | frames=100,test,41,0.172504695096772,-4.591190338134766,3,8,100,3.93941068649292,-3.924805879592896
CV3 | nets=8 | frames=100,test,42,0.3873779088920612,-2.010702133178711,3,8,100,3.850350141525269,-7.130095958709717
CV3 | nets=8 | frames=100,test,43,-0.100209652453205,-7.817886829376221,3,8,100,3.903578281402588,0.4562903344631195
CV3 | nets=8 | frames=100,test,44,0.1807945702326933,-3.8293979167938232,3,8,100,3.6046972274780273,-4.034074306488037
CV3 | nets=8 | frames=100,test,45,-0.2190887259038099,-7.02714204788208,3,8,100,3.7292752265930176,-0.1345862597227096
CV3 | nets=8 | frames=100,test,46,0.0386789596579197,-5.906437873840332,3,8,100,3.36198091506958,-0.6227902770042419
CV3 | nets=8 | frames=100,test,47,-0.1466400227827606,-6.420258522033691,3,8,100,3.615209817886353,-0.6422292590141296
CV3 | nets=8 | frames=100,test,48,-0.1466582167541242,-7.771914482116699,3,8,100,3.3549022674560547,1.8727819919586184
CV3 | nets=8 | frames=100,test,49,0.3543707109293127,-1.8781920671463013,3,8,100,3.761651515960693,-7.052052974700928
CV3 | nets=8 | frames=100,test,50,-0.2504451898786599,-7.727102279663086,3,8,100,3.680325984954834,0.9402649998664856
CV3 | nets=8 | frames=100,test,51,-0.0803696162881754,-6.6819562911987305,3,8,100,3.1975412368774414,0.8696420192718506
CV3 | nets=8 | frames=100,test,52,-0.1277120103792852,-7.74416971206665,3,8,100,3.9120335578918457,0.3491120636463165
CV3 | nets=8 | frames=100,test,53,0.3812481697430855,-2.5867626667022705,3,8,100,4.409824371337891,-7.820545673370361
CV3 | nets=8 | frames=100,test,54,-0.4003789014783009,-7.256387233734131,3,8,100,3.383573532104492,1.1083306074142456
CV3 | nets=8 | frames=100,test,55,0.2511593493496609,-4.518597602844238,3,8,100,4.085800647735596,-4.37083911895752
CV3 | nets=8 | frames=100,test,56,-0.1963377719651293,-7.937191009521484,3,8,100,3.2391066551208496,2.4387757778167725
CV3 | nets=8 | frames=100,test,57,0.2011468693729077,-3.771474838256836,3,8,100,3.533482551574707,-3.9394593238830566
CV3 | nets=8 | frames=100,test,58,0.1834175400503848,-4.499431610107422,3,8,100,3.2122020721435547,-2.1034598350524902
CV3 | nets=8 | frames=100,test,59,0.1677718678598186,-5.42308235168457,3,8,100,3.865524530410767,-2.6179122924804688
CV3 | nets=8 | frames=100,test,60,0.2103549124683166,-2.6593613624572754,3,8,100,3.837799310684204,-6.2223992347717285
CV3 | nets=8 | frames=100,test,61,-0.2124182814927736,-7.469744682312012,3,8,100,3.5162782669067383,1.031569004058838
CV3 | nets=8 | frames=100,test,62,0.2427422463907798,-3.5450756549835205,3,8,100,3.851255655288696,-5.065056324005127
CV3 | nets=8 | frames=100,test,63,-0.198060037637249,-8.072417259216309,3,8,100,3.105102062225342,2.921649217605591
CV3 | nets=8 | frames=100,test,64,-0.3247762104239115,-7.163962364196777,3,8,100,2.8275907039642334,2.492823362350464
CV3 | nets=8 | frames=100,test,65,-0.1773883670701692,-5.791306018829346,3,8,100,3.4850945472717285,-1.1301149129867554
CV3 | nets=8 | frames=100,test,66,-0.2061780215112254,-6.839194297790527,3,8,100,3.435105562210083,0.4322838485240936
CV3 | nets=8 | frames=100,test,67,-0.1515654324056017,-7.0709614753723145,3,8,100,3.015108108520508,1.842596650123596
CV3 | nets=8 | frames=100,test,68,-0.1319308250403395,-6.027159690856934,3,8,100,3.392220020294189,-0.5554046034812927
