latent_dim,repeat,seed,train_networks,train_frames_per_network,epoch,train_mse_norm,val_mse_norm
1,1,414963348,1,1,1,0.0016529749846085906,2434649.7403846155
1,1,414963348,1,1,2,9.561940532876179e-05,2434787.355769231
1,1,414963348,1,1,3,0.0004729002248495817,2434707.3076923075
1,1,414963348,1,1,4,0.0004283707239665091,2434610.173076923
1,1,414963348,1,1,5,0.00017972082423511893,2434501.8076923075
1,1,414963348,1,1,6,6.3982282881625e-05,2434424.2884615385
1,1,414963348,1,1,7,6.623489025514573e-05,2434388.5096153845
1,1,414963348,1,1,8,9.745600254973397e-05,2434380.9326923075
1,1,414963348,1,1,9,0.00010753126844065264,2434381.980769231
1,1,414963348,1,1,10,9.263856918551028e-05,2434389.298076923
1,1,414963348,1,1,11,6.933653639862314e-05,2434419.923076923
1,1,414963348,1,1,12,5.618148497887887e-05,2434493.769230769
1,1,414963348,1,1,13,5.5453780078096315e-05,2434575.0673076925
1,1,414963348,1,1,14,4.22114462708123e-05,2434631.8846153845
1,1,414963348,1,1,15,1.9499568225000985e-05,2434649.3076923075
1,1,414963348,1,1,16,1.0770001608761959e-05,2434630.8076923075
1,1,414963348,1,1,17,1.8438318875269033e-05,2434587.2115384615
1,1,414963348,1,1,18,2.8779913918697275e-05,2434539.519230769
1,1,414963348,1,1,19,3.170201671309769e-05,2434501.9423076925
1,1,414963348,1,1,20,2.715666596486699e-05,2434473.971153846
1,1,414963348,1,1,21,2.0488578229560517e-05,2434462.125
1,1,414963348,1,1,22,1.5891153452685103e-05,2434465.8653846155
1,1,414963348,1,1,23,1.3373150977713522e-05,2434485.4615384615
1,1,414963348,1,1,24,1.0588591067062225e-05,2434516.6153846155
1,1,414963348,1,1,25,6.69083283355576e-06,2434553.2115384615
1,1,414963348,1,1,26,3.5187920275348006e-06,2434585.6923076925
1,1,414963348,1,1,27,3.1713771022623405e-06,2434611.4615384615
1,1,414963348,1,1,28,5.5363971114275046e-06,2434629.2115384615
1,1,414963449,1,2,1,1.0001208782196045,40.983737872197075
1,1,414963449,1,2,2,0.9764750599861145,40.94828510284424
1,1,414963449,1,2,3,0.952934980392456,40.8987764945397
1,1,414963449,1,2,4,0.9271072149276733,40.82406300764818
1,1,414963449,1,2,5,0.8973683714866638,40.70153625194843
1,1,414963449,1,2,6,0.8621786236763,40.48506230574388
1,1,414963449,1,2,7,0.8196224570274353,40.0882594035222
1,1,414963449,1,2,8,0.7654854655265808,39.40068193582388
1,1,414963449,1,2,9,0.6927146911621094,38.44566447918232
1,1,414963449,1,2,10,0.6150433421134949,38.0556238247798
1,1,414963449,1,2,11,0.6670680046081543,38.34137436059805
1,1,414963449,1,2,12,0.6689526438713074,38.53058950717632
1,1,414963449,1,2,13,0.5854143500328064,39.03042716246385
1,1,414963449,1,2,14,0.5437402725219727,39.641084964458756
1,1,414963449,1,2,15,0.5461552143096924,40.15126741849459
1,1,414963449,1,2,16,0.5444382429122925,40.668875840994026
1,1,414963449,1,2,17,0.5256018042564392,41.38257312774658
1,1,414963449,1,2,18,0.49564987421035767,42.26030048957238
1,1,414963449,1,2,19,0.47565263509750366,42.16827744704027
1,1,414963449,1,2,20,0.45666465163230896,41.024948413555435
1,1,414963449,1,2,21,0.43081480264663696,40.36673619196965
1,1,414963449,1,2,22,0.42831411957740784,40.40323169414814
1,1,414963449,1,2,23,0.4248228371143341,40.98948926192064
1,1,414963449,1,2,24,0.4050253927707672,42.39594334822435
1,1,414963449,1,2,25,0.38238266110420227,44.53569140801063
1,1,414963449,1,2,26,0.37633657455444336,45.693383583655724
1,1,414963449,1,2,27,0.37165945768356323,45.96323372767522
1,1,414963449,1,2,28,0.36976540088653564,46.46449367816631
1,1,414963449,1,2,29,0.3638741672039032,47.85361671447754
1,1,414963449,1,2,30,0.3598664104938507,49.11422656132625
1,1,414963651,1,4,1,1.0050002336502075,0.6727305421462426
1,1,414963651,1,4,2,0.9631909132003784,0.6481272211441627
1,1,414963651,1,4,3,0.9210872650146484,0.6208211779594421
1,1,414963651,1,4,4,0.8733123540878296,0.5859593038375561
1,1,414963651,1,4,5,0.8129599094390869,0.536634624004364
1,1,414963651,1,4,6,0.7286772727966309,0.48451349368462193
1,1,414963651,1,4,7,0.6035658717155457,0.6236912745695847
1,1,414963651,1,4,8,0.4494636058807373,1.662738139812763
1,1,414963651,1,4,9,0.43001246452331543,2.191802373299232
1,1,414963651,1,4,10,0.41458001732826233,2.084841783230121
1,1,414963651,1,4,11,0.36272355914115906,1.6868234001673186
1,1,414963651,1,4,12,0.3085955083370209,1.2651655490581806
1,1,414963651,1,4,13,0.268208384513855,0.9774881326235257
1,1,414963651,1,4,14,0.2344689667224884,0.8648217114118429
1,1,414963651,1,4,15,0.19983404874801636,0.8973447474149557
1,1,414963651,1,4,16,0.1608709990978241,1.0700913209181566
1,1,414963651,1,4,17,0.12823861837387085,1.342040818471175
1,1,414963651,1,4,18,0.12266744673252106,1.4289352618730986
1,1,414963651,1,4,19,0.11738774925470352,1.3002840830729558
1,1,414963651,1,4,20,0.09951843321323395,1.1105804214110742
1,1,414963651,1,4,21,0.09220634400844574,1.0501417838610136
1,1,414963651,1,4,22,0.09481702744960785,1.1648794733561003
1,1,414963651,1,4,23,0.08895762264728546,1.4218918222647448
1,1,414963651,1,4,24,0.08305452018976212,1.6009238774959857
1,1,414963651,1,4,25,0.08257891237735748,1.4494422261531537
1,1,414963651,1,4,26,0.0699441060423851,1.1947335784251873
1,1,414972521,2,1,1,0.004220519680529833,2290705.653846154
1,1,414972521,2,1,2,0.0010540849762037396,2290738.605769231
1,1,414972521,2,1,3,4.8617821448715404e-05,2290863.326923077
1,1,414972521,2,1,4,0.0007059882045723498,2290842.0096153845
1,1,414972521,2,1,5,0.0007303750026039779,2290794.8846153845
1,1,414972521,2,1,6,0.000310919334879145,2290757.298076923
1,1,414972521,2,1,7,5.579683056566864e-05,2290722.2115384615
1,1,414972521,2,1,8,6.488394137704745e-05,2290697.519230769
1,1,414972521,2,1,9,0.00018344033742323518,2290702.576923077
1,1,414972521,2,1,10,0.0002457164227962494,2290716.269230769
1,1,414972521,2,1,11,0.00020807301916647702,2290711.144230769
1,1,414972521,2,1,12,0.00011694309796439484,2290713.125
1,1,414972521,2,1,13,4.307632480049506e-05,2290744.3076923075
1,1,414972521,2,1,14,4.0192488086177036e-05,2290790.173076923
1,1,414972521,2,1,15,8.902612898964435e-05,2290797.0096153845
1,1,414972521,2,1,16,8.98106736713089e-05,2290762.3365384615
1,1,414972521,2,1,17,4.4569642341230065e-05,2290766.1826923075
1,1,414972521,2,1,18,1.336363402515417e-05,2290800.269230769
1,1,414972521,2,1,19,1.5964928024914116e-05,2290831.076923077
1,1,414972521,2,1,20,3.4244454582221806e-05,2290851.451923077
1,1,414972521,2,1,21,4.622428605216555e-05,2290863.3365384615
1,1,414972521,2,1,22,4.358802834758535e-05,2290867.769230769
1,1,414972521,2,1,23,3.0790532036917284e-05,2290866.673076923
1,1,414972521,2,1,24,1.6992662494885735e-05,2290863.1346153845
1,1,414972521,2,1,25,9.077944014279637e-06,2290859.605769231
1,1,414972521,2,1,26,8.701156730239745e-06,2290857.105769231
1,1,414972521,2,1,27,1.2908543794765137e-05,2290857.75
1,1,414972521,2,1,28,1.6910244085011072e-05,2290861.5865384615
1,1,414972622,2,2,1,1.0011699199676514,4.879625393794133
1,1,414972622,2,2,2,0.9663437008857727,4.821970169360821
1,1,414972622,2,2,3,0.9311937689781189,4.753617011583769
1,1,414972622,2,2,4,0.8918548822402954,4.661413614566509
1,1,414972622,2,2,5,0.8442380428314209,4.518991268598116
1,1,414972622,2,2,6,0.7823098301887512,4.278321834710928
1,1,414972622,2,2,7,0.6957741379737854,3.930634645315317
1,1,414972622,2,2,8,0.572414755821228,3.8550206147707424
1,1,414972622,2,2,9,0.4437867999076843,4.396237896038936
1,1,414972622,2,2,10,0.43145403265953064,4.88248977294335
1,1,414972622,2,2,11,0.47814592719078064,4.924274747188274
1,1,414972622,2,2,12,0.4624282717704773,4.347195093448345
1,1,414972622,2,2,13,0.3822530210018158,3.6309850491010227
1,1,414972622,2,2,14,0.3113654851913452,3.293158173561096
1,1,414972622,2,2,15,0.2828921675682068,3.4673960392291727
1,1,414972622,2,2,16,0.27082905173301697,4.239914848254277
1,1,414972622,2,2,17,0.25207361578941345,5.935766155903156
1,1,414972622,2,2,18,0.23514454066753387,7.908591545545137
1,1,414972622,2,2,19,0.2289344221353531,8.190476509240957
1,1,414972622,2,2,20,0.2090841829776764,6.761195347859309
1,1,414972622,2,2,21,0.18143653869628906,5.527849610035236
1,1,414972622,2,2,22,0.168704554438591,5.097359327169565
1,1,414972622,2,2,23,0.14937223494052887,5.328526643606333
1,1,414972622,2,2,24,0.11832677572965622,5.618225812911987
1,1,414972622,2,2,25,0.0945444107055664,5.15593040906466
1,1,414972622,2,2,26,0.0715995579957962,4.292030829649705
1,1,414972622,2,2,27,0.056173175573349,3.80561324266287
1,1,414972622,2,2,28,0.05627086013555527,3.8776599994072547
1,1,414972622,2,2,29,0.05450262874364853,4.073426558421208
1,1,414972622,2,2,30,0.059060804545879364,3.8971622723799486
1,1,414972622,2,2,31,0.056603338569402695,3.645091552000779
1,1,414972622,2,2,32,0.05555376410484314,3.54085373878479
1,1,414972622,2,2,33,0.05114210024476051,3.5366509694319506
1,1,414972622,2,2,34,0.04009013995528221,3.564123089496906
1,1,414972824,2,4,1,1.0032936334609985,0.6885069127266223
1,1,414972824,2,4,2,0.9620367288589478,0.6624707075265738
1,1,414972824,2,4,3,0.9211325645446777,0.6341431232599112
1,1,414972824,2,4,4,0.8765645027160645,0.6012739997643691
1,1,414972824,2,4,5,0.8245980739593506,0.5612145914481237
1,1,414972824,2,4,6,0.7606306672096252,0.5112431530769055
1,1,414972824,2,4,7,0.6789714694023132,0.45602567952412826
1,1,414972824,2,4,8,0.5798068046569824,0.44885368186693925
1,1,414972824,2,4,9,0.5106973648071289,0.5446003102339231
1,1,414972824,2,4,10,0.5518072843551636,0.5518277069697013
1,1,414972824,2,4,11,0.5519391298294067,0.48092274597057927
1,1,414972824,2,4,12,0.49236658215522766,0.41918277511229884
1,1,414972824,2,4,13,0.4473001956939697,0.39643168678650487
1,1,414972824,2,4,14,0.4377132058143616,0.3901902001637679
1,1,414972824,2,4,15,0.43627920746803284,0.38586294994904446
1,1,414972824,2,4,16,0.42744505405426025,0.38068034041386384
1,1,414972824,2,4,17,0.407218873500824,0.38326919021514744
1,1,414972824,2,4,18,0.38160383701324463,0.41244517495998967
1,1,414972824,2,4,19,0.37182947993278503,0.42265849044689763
1,1,414972824,2,4,20,0.36182641983032227,0.38560395630506367
1,1,414972824,2,4,21,0.3329654633998871,0.3558866874529765
1,1,414972824,2,4,22,0.31606417894363403,0.34190631772463137
1,1,414972824,2,4,23,0.30338388681411743,0.33010745965517485
1,1,414972824,2,4,24,0.281338632106781,0.3180341491332421
1,1,414972824,2,4,25,0.25984281301498413,0.3109580771281169
1,1,414972824,2,4,26,0.2576363980770111,0.30326488384833705
1,1,414972824,2,4,27,0.247869610786438,0.3045913794865975
1,1,414972824,2,4,28,0.2387092560529709,0.3059899526146742
1,1,414972824,2,4,29,0.2349337637424469,0.29575860443023533
1,1,414972824,2,4,30,0.22509796917438507,0.28316479978653103
1,1,414972824,2,4,31,0.21998345851898193,0.2743016819541271
1,1,414972824,2,4,32,0.21482498943805695,0.26652087557774323
1,1,414972824,2,4,33,0.20469725131988525,0.26079810754610944
1,1,414972824,2,4,34,0.2012781798839569,0.2532805072573515
1,1,414972824,2,4,35,0.19808517396450043,0.2455908260666407
1,1,414972824,2,4,36,0.19472314417362213,0.23947700743491834
1,1,414972824,2,4,37,0.19151873886585236,0.23475300463346335
1,1,414972824,2,4,38,0.1849117875099182,0.23501738504721567
1,1,414972824,2,4,39,0.1805604100227356,0.23694755423527497
1,1,414972824,2,4,40,0.17877598106861115,0.23518334730313376
1,1,414972824,2,4,41,0.17732957005500793,0.23185416482962096
1,1,414972824,2,4,42,0.17678532004356384,0.22985190726243532
1,1,414972824,2,4,43,0.17412671446800232,0.22833773207205993
1,1,414972824,2,4,44,0.1721941977739334,0.22482954825346285
1,1,414972824,2,4,45,0.1711486130952835,0.2205267817928241
1,1,414972824,2,4,46,0.1703842580318451,0.21765214777909792
1,1,414972824,2,4,47,0.16886532306671143,0.21702481175844485
1,1,414972824,2,4,48,0.165843203663826,0.21840139019947785
1,1,414972824,2,4,49,0.16403374075889587,0.21857178039275682
1,1,414972824,2,4,50,0.1625879555940628,0.21676402481702658
1,1,414972824,2,4,51,0.1608472764492035,0.21504806383297995
1,1,414972824,2,4,52,0.15845932066440582,0.21413552245268455
1,1,414972824,2,4,53,0.15597862005233765,0.21312456348767647
1,1,414972824,2,4,54,0.1544531136751175,0.21164808651575676
1,1,414972824,2,4,55,0.1530279964208603,0.21064506127284124
1,1,414972824,2,4,56,0.15096507966518402,0.2112655989252604
1,1,414972824,2,4,57,0.14869791269302368,0.21314372695409334
1,1,414972824,2,4,58,0.1473875343799591,0.21299302348723778
1,1,414972824,2,4,59,0.1460370421409607,0.2099133821634146
1,1,414972824,2,4,60,0.14386549592018127,0.20751891342493203
1,1,414990867,4,1,1,0.0035202093422412872,2200330.298076923
1,1,414990867,4,1,2,0.0006326415459625423,2200322.653846154
1,1,414990867,4,1,3,0.0003346300800330937,2200315.230769231
1,1,414990867,4,1,4,0.0009107209043577313,2200317.8076923075
1,1,414990867,4,1,5,0.0005180577281862497,2200314.7115384615
1,1,414990867,4,1,6,0.00012653489829972386,2200307.0384615385
1,1,414990867,4,1,7,6.47401757305488e-05,2200302.7115384615
1,1,414990867,4,1,8,0.00017525609291624278,2200303.9134615385
1,1,414990867,4,1,9,0.00025920214829966426,2200308.5865384615
1,1,414990867,4,1,10,0.00024363103148061782,2200314.9326923075
1,1,414990867,4,1,11,0.00015981649630703032,2200321.4423076925
1,1,414990867,4,1,12,7.519690552726388e-05,2200329.673076923
1,1,414990867,4,1,13,4.7019169869599864e-05,2200337.5673076925
1,1,414990867,4,1,14,7.986566924955696e-05,2200337.153846154
1,1,414990867,4,1,15,0.00010115684563061222,2200312.3846153845
1,1,414990867,4,1,16,7.876168820075691e-05,2200255.0096153845
1,1,414990867,4,1,17,4.8754307499621063e-05,2200162.471153846
1,1,414990867,4,1,18,3.8169997424120083e-05,2200064.3365384615
1,1,414990867,4,1,19,4.1921397496480495e-05,2199984.230769231
1,1,414990867,4,1,20,4.473386434256099e-05,2199935.326923077
1,1,414990867,4,1,21,3.910267696483061e-05,2199918.346153846
1,1,414990867,4,1,22,2.8332546207820997e-05,2199925.644230769
1,1,414990867,4,1,23,2.0657424101955257e-05,2199945.326923077
1,1,414990867,4,1,24,2.1028858100180514e-05,2199964.1923076925
1,1,414990867,4,1,25,2.6673162210499868e-05,2199970.701923077
1,1,414990867,4,1,26,3.005109101650305e-05,2199958.653846154
1,1,414990867,4,1,27,2.6268826331943274e-05,2199928.653846154
1,1,414990867,4,1,28,1.722491106193047e-05,2199886.451923077
1,1,414990867,4,1,29,8.933365279517602e-06,2199840.269230769
1,1,414990867,4,1,30,5.924323431827361e-06,2199798.076923077
1,1,414990867,4,1,31,8.255077773355879e-06,2199766.548076923
1,1,414990867,4,1,32,1.2668425370065961e-05,2199748.798076923
1,1,414990867,4,1,33,1.556137613079045e-05,2199744.528846154
1,1,414990867,4,1,34,1.5087998690432869e-05,2199750.7115384615
1,1,414990867,4,1,35,1.1616416486504022e-05,2199763.3076923075
1,1,414990867,4,1,36,7.074022050801432e-06,2199778.4615384615
1,1,414990867,4,1,37,3.7380630146799376e-06,2199793.028846154
1,1,414990867,4,1,38,2.89522404273157e-06,2199805.019230769
1,1,414990867,4,1,39,4.1060179682972375e-06,2199813.548076923
1,1,414990867,4,1,40,5.7463921621092595e-06,2199817.951923077
1,1,414990867,4,1,41,6.4213245423161425e-06,2199818.423076923
1,1,414990867,4,1,42,5.893004072277108e-06,2199815.2115384615
1,1,414990867,4,1,43,4.7880835154501256e-06,2199809.355769231
1,1,414990867,4,1,44,3.756385694941855e-06,2199802.1346153845
1,1,414990867,4,1,45,3.0611877264163923e-06,2199795.3846153845
1,1,414990867,4,1,46,2.7151247650181176e-06,2199790.644230769
1,1,414990867,4,1,47,2.6625391456036596e-06,2199789.144230769
1,1,414990867,4,1,48,2.772761490632547e-06,2199791.0576923075
1,1,414990867,4,1,49,2.8445024327083956e-06,2199795.4903846155
1,1,414990867,4,1,50,2.746107611528714e-06,2199800.6634615385
1,1,414990867,4,1,51,2.5044284939212957e-06,2199804.846153846
1,1,414990867,4,1,52,2.2080273538449546e-06,2199806.3846153845
1,1,414990867,4,1,53,1.8986755776495556e-06,2199804.894230769
1,1,414990968,4,2,1,1.0056371688842773,8.19070342870859
1,1,414990968,4,2,2,0.973484218120575,8.110850224128136
1,1,414990968,4,2,3,0.9415535926818848,8.019991617936354
1,1,414990968,4,2,4,0.9072372317314148,7.906928209158091
1,1,414990968,4,2,5,0.8684272170066833,7.75452001278217
1,1,414990968,4,2,6,0.8231834769248962,7.52839811031635
1,1,414990968,4,2,7,0.769382119178772,7.155439450190618
1,1,414990968,4,2,8,0.7033035755157471,6.537247401017409
1,1,414990968,4,2,9,0.6181893944740295,5.6888864773970385
1,1,414990968,4,2,10,0.5115708708763123,5.1822662720313435
1,1,414990968,4,2,11,0.44637107849121094,5.926068489368145
1,1,414990968,4,2,12,0.49544718861579895,6.544513463973999
1,1,414990968,4,2,13,0.5011453032493591,6.466266091053303
1,1,414990968,4,2,14,0.43531206250190735,6.324224362006555
1,1,414990968,4,2,15,0.39190077781677246,6.203444554255559
1,1,414990968,4,2,16,0.3784918487071991,6.161641579407912
1,1,414990968,4,2,17,0.3689870238304138,6.17385275547321
1,1,414990968,4,2,18,0.3475535809993744,6.285864169781025
1,1,414990968,4,2,19,0.31182193756103516,6.627954886509822
1,1,414990968,4,2,20,0.2737453281879425,6.974329233169556
1,1,414990968,4,2,21,0.24754339456558228,6.406248276050274
1,1,414990968,4,2,22,0.2166924625635147,5.687177823140071
1,1,414990968,4,2,23,0.19539996981620789,5.524025770334097
1,1,414990968,4,2,24,0.18960347771644592,5.477906630589412
1,1,414990968,4,2,25,0.1769901067018509,5.686270970564622
1,1,414990968,4,2,26,0.159384086728096,6.4877208929795485
1,1,414990968,4,2,27,0.1483948528766632,7.277911479656513
1,1,414990968,4,2,28,0.14794500172138214,6.980460717127873
1,1,414990968,4,2,29,0.12954740226268768,6.232386203912588
1,1,414990968,4,2,30,0.11934293061494827,6.474778542151818
1,1,414991170,4,4,1,0.9765142351388931,0.8393888519360468
1,1,414991170,4,4,2,0.9118378162384033,0.7607967303349421
1,1,414991170,4,4,3,0.8295519948005676,0.6032562668506916
1,1,414991170,4,4,4,0.6535023748874664,0.6402540917579944
1,1,414991170,4,4,5,0.7229213714599609,0.540096443433028
1,1,414991170,4,4,6,0.6054559051990509,0.4671398504422261
1,1,414991170,4,4,7,0.5518844276666641,0.45875896513462067
1,1,414991170,4,4,8,0.5521650314331055,0.4515689748984117
1,1,414991170,4,4,9,0.5352251529693604,0.44994308856817394
1,1,414991170,4,4,10,0.5163794308900833,0.4184650950706922
1,1,414991170,4,4,11,0.49257613718509674,0.4127441575893989
1,1,414991170,4,4,12,0.48395493626594543,0.41669972240924835
1,1,414991170,4,4,13,0.480881005525589,0.4024807421060709
1,1,414991170,4,4,14,0.4600764364004135,0.3949997677252843
1,1,414991170,4,4,15,0.45541810989379883,0.38856301514001995
1,1,414991170,4,4,16,0.44006024301052094,0.38291365595964283
1,1,414991170,4,4,17,0.44154757261276245,0.3881145738638364
1,1,414991170,4,4,18,0.4291335344314575,0.3899093602712338
1,1,414991170,4,4,19,0.41950614005327225,0.37781047706420606
1,1,414991170,4,4,20,0.4000295028090477,0.36578361231547135
1,1,414991170,4,4,21,0.39059050381183624,0.3582654446363449
1,1,414991170,4,4,22,0.38004831224679947,0.356421356017773
1,1,414991170,4,4,23,0.36508502066135406,0.3767185497742433
1,1,414991170,4,4,24,0.3248778358101845,0.3544190629170491
1,1,414991170,4,4,25,0.3178071975708008,0.3340054154396057
1,1,414991170,4,4,26,0.2982100322842598,0.3182506492504707
1,1,414991170,4,4,27,0.27743464708328247,0.2950898603751109
1,1,414991170,4,4,28,0.26275431364774704,0.27614833185305965
1,1,414991170,4,4,29,0.24987932667136192,0.2803925654062858
1,1,414991170,4,4,30,0.23556099832057953,0.26794054301885456
1,1,414991170,4,4,31,0.24014323949813843,0.25651023708857024
1,1,414991170,4,4,32,0.2282252386212349,0.30299205963428205
1,1,414991170,4,4,33,0.24133508652448654,0.25377150453053987
1,1,414991170,4,4,34,0.24413137882947922,0.2443144699701896
1,1,414991170,4,4,35,0.22456663846969604,0.2882637966137666
1,1,414991170,4,4,36,0.2257590889930725,0.24533461320858735
1,1,414991170,4,4,37,0.2309575378894806,0.23800959953894982
1,1,414991170,4,4,38,0.22381088137626648,0.28067271182170284
1,1,414991170,4,4,39,0.23672697693109512,0.2726490944623947
1,1,414991170,4,4,40,0.20993848145008087,0.25198568059847903
1,1,414991170,4,4,41,0.22356510162353516,0.24300917295309213
1,1,414991170,4,4,42,0.20044349133968353,0.2721374241205362
1,1,414991170,4,4,43,0.21038270741701126,0.23619374403586754
1,1,414991170,4,4,44,0.2067740634083748,0.23387310940485734
1,1,414991170,4,4,45,0.20551907271146774,0.25388139486312866
1,1,414991170,4,4,46,0.20505724102258682,0.23132866047895873
1,1,414991170,4,4,47,0.20627091452479362,0.23973029851913452
1,1,414991170,4,4,48,0.19841352850198746,0.2571345911576198
1,1,414991170,4,4,49,0.20478132367134094,0.23698837138139284
1,1,414991170,4,4,50,0.19770774990320206,0.2362879365682602
1,1,414991170,4,4,51,0.1944209784269333,0.24206188664986536
1,1,414991170,4,4,52,0.20784610509872437,0.2301711027438824
1,1,414991170,4,4,53,0.2027638778090477,0.2567846236320642
1,1,414991170,4,4,54,0.19789358228445053,0.2305044738145975
1,1,414991170,4,4,55,0.19409365952014923,0.22676248046068045
1,1,414991170,4,4,56,0.20569060370326042,0.23673599385298216
1,1,414991170,4,4,57,0.18935362994670868,0.24025288682717544
1,1,414991170,4,4,58,0.18605270236730576,0.23133825224179488
1,1,414991170,4,4,59,0.1877623125910759,0.23102461603971627
1,1,414991170,4,4,60,0.19204749166965485,0.2331260798069147
1,2,414964357,1,1,1,0.0027145848143845797,2236347.221153846
1,2,414964357,1,1,2,0.0002773480082396418,2236929.9903846155
1,2,414964357,1,1,3,0.0004398992459755391,2236537.3365384615
1,2,414964357,1,1,4,0.00076821114635095,2236150.230769231
1,2,414964357,1,1,5,0.0003840856661554426,2236019.625
1,2,414964357,1,1,6,6.506584031740203e-05,2236059.1153846155
1,2,414964357,1,1,7,3.893143366440199e-05,2236142.576923077
1,2,414964357,1,1,8,0.0001642081479076296,2236214.605769231
1,2,414964357,1,1,9,0.00024355480854865164,2236274.0576923075
1,2,414964357,1,1,10,0.00021867356554139405,2236328.096153846
1,2,414964357,1,1,11,0.00013098462659399956,2236384.644230769
1,2,414964357,1,1,12,4.499415081227198e-05,2236446.605769231
1,2,414964357,1,1,13,1.0765978913696017e-05,2236506.403846154
1,2,414964357,1,1,14,4.04830279876478e-05,2236543.923076923
1,2,414964357,1,1,15,8.029354648897424e-05,2236544.221153846
1,2,414964357,1,1,16,7.624573481734842e-05,2236513.326923077
1,2,414964357,1,1,17,4.4039523345418274e-05,2236463.3846153845
1,2,414964357,1,1,18,1.7934615243575536e-05,2236398.221153846
1,2,414964357,1,1,19,1.0826105608430225e-05,2236312.971153846
1,2,414964357,1,1,20,1.6774571122368798e-05,2236219.576923077
1,2,414964357,1,1,21,2.4976830900413916e-05,2236206.855769231
1,2,414964357,1,1,22,2.8325988751021214e-05,2236201.778846154
1,2,414964357,1,1,23,2.544802919146605e-05,2236197.480769231
1,2,414964357,1,1,24,1.8958415239467286e-05,2236193.846153846
1,2,414964357,1,1,25,1.259784221474547e-05,2236192.846153846
1,2,414964458,1,2,1,0.9974238276481628,9.343271879049448
1,2,414964458,1,2,2,0.9648799896240234,9.237458999340351
1,2,414964458,1,2,3,0.9320180416107178,9.11755657196045
1,2,414964458,1,2,4,0.8956705927848816,8.968052864074707
1,2,414964458,1,2,5,0.8525838851928711,8.758213373330923
1,2,414964458,1,2,6,0.7981941103935242,8.4237945996798
1,2,414964458,1,2,7,0.7247138619422913,7.86904606452355
1,2,414964458,1,2,8,0.6201906204223633,7.100382126294649
1,2,414964458,1,2,9,0.4876081645488739,6.407587344829853
1,2,414964458,1,2,10,0.40476247668266296,5.94060295361739
1,2,414964458,1,2,11,0.38089293241500854,5.69014218220344
1,2,414964458,1,2,12,0.391065776348114,5.432999445841863
1,2,414964458,1,2,13,0.35624587535858154,5.204384629543011
1,2,414964458,1,2,14,0.28881391882896423,5.163156637778649
1,2,414964458,1,2,15,0.23872987926006317,5.428604630323557
1,2,414964458,1,2,16,0.1986972987651825,6.485741285177378
1,2,414964458,1,2,17,0.16152137517929077,9.183679323930006
1,2,414964458,1,2,18,0.15113700926303864,12.031027738864605
1,2,414964458,1,2,19,0.13979417085647583,13.28833686388456
1,2,414964458,1,2,20,0.10967609286308289,13.052908714000996
1,2,414964458,1,2,21,0.09233643114566803,14.424083040310787
1,2,414964458,1,2,22,0.09155932813882828,18.577846692158626
1,2,414964458,1,2,23,0.08265279233455658,24.02377810845008
1,2,414964458,1,2,24,0.07517887651920319,24.87229684682993
1,2,414964458,1,2,25,0.05429750308394432,23.340467801460854
1,2,414964458,1,2,26,0.042945269495248795,25.279831922971287
1,2,414964458,1,2,27,0.03914907947182655,31.236577950991116
1,2,414964458,1,2,28,0.03442449867725372,35.11193888004009
1,2,414964458,1,2,29,0.02653270587325096,34.44459038514357
1,2,414964458,1,2,30,0.017256181687116623,36.35028226558979
1,2,414964458,1,2,31,0.018920881673693657,41.560324082007774
1,2,414964458,1,2,32,0.020916124805808067,43.20134760783269
1,2,414964458,1,2,33,0.016385022550821304,41.686097071721
1,2,414964458,1,2,34,0.012187452055513859,43.44879058691171
1,2,414964660,1,4,1,0.9994930028915405,1.4137808038638189
1,2,414964660,1,4,2,0.9644046425819397,1.3965705220515912
1,2,414964660,1,4,3,0.9280462861061096,1.376290160876054
1,2,414964660,1,4,4,0.8856233954429626,1.3493850552118742
1,2,414964660,1,4,5,0.8309778571128845,1.3102866800931783
1,2,414964660,1,4,6,0.7546380162239075,1.25359285565523
1,2,414964660,1,4,7,0.6468193531036377,1.2145595412987928
1,2,414964660,1,4,8,0.5492396950721741,1.3499346673488617
1,2,414964660,1,4,9,0.6411724090576172,1.4392411066935613
1,2,414964660,1,4,10,0.673441469669342,1.4064768988352556
1,2,414964660,1,4,11,0.5908738374710083,1.3561350336441627
1,2,414964660,1,4,12,0.5167609453201294,1.32281828385133
1,2,414964660,1,4,13,0.47541338205337524,1.3183363034174993
1,2,414964660,1,4,14,0.4586412012577057,1.3311327122724974
1,2,414964660,1,4,15,0.4478559195995331,1.3520329204889445
1,2,414964660,1,4,16,0.4338749945163727,1.3674339629136598
1,2,414964660,1,4,17,0.4100133776664734,1.3688553021504328
1,2,414964660,1,4,18,0.38018330931663513,1.3549190690884223
1,2,414964660,1,4,19,0.35566267371177673,1.3333982252157652
1,2,414964660,1,4,20,0.34275487065315247,1.3204106436325953
1,2,414964660,1,4,21,0.34172284603118896,1.3060269814271193
1,2,414964660,1,4,22,0.34197691082954407,1.2716236733473265
1,2,414964660,1,4,23,0.3335933983325958,1.2388352751731873
1,2,414964660,1,4,24,0.3237723112106323,1.225165571157749
1,2,414964660,1,4,25,0.3183714747428894,1.2194669865644896
1,2,414964660,1,4,26,0.3124546706676483,1.2171739408603082
1,2,414964660,1,4,27,0.3017752468585968,1.230374106994042
1,2,414973530,2,1,1,0.0010399413295090199,2327020.096153846
1,2,414973530,2,1,2,0.00014295903383754194,2326938.778846154
1,2,414973530,2,1,3,0.000464539130916819,2326849.019230769
1,2,414973530,2,1,4,0.00020392960868775845,2326821.721153846
1,2,414973530,2,1,5,5.6587123253848404e-05,2326821.1826923075
1,2,414973530,2,1,6,0.00015490164514631033,2326810.0
1,2,414973530,2,1,7,0.00013936437608208507,2326801.7884615385
1,2,414973530,2,1,8,6.636990292463452e-05,2326798.5384615385
1,2,414973530,2,1,9,3.194914461346343e-05,2326799.4134615385
1,2,414973530,2,1,10,3.579309850465506e-05,2326802.105769231
1,2,414973530,2,1,11,4.468185579753481e-05,2326804.7884615385
1,2,414973530,2,1,12,3.877844210364856e-05,2326807.5096153845
1,2,414973530,2,1,13,2.2753680241294205e-05,2326810.8173076925
1,2,414973530,2,1,14,9.755486644280609e-06,2326814.6634615385
1,2,414973530,2,1,15,6.221253443072783e-06,2326818.6923076925
1,2,414973530,2,1,16,1.0475800081621855e-05,2326823.028846154
1,2,414973530,2,1,17,1.7547896277392283e-05,2326827.9134615385
1,2,414973530,2,1,18,2.2395675841835327e-05,2326834.0673076925
1,2,414973530,2,1,19,2.1539519366342574e-05,2326840.75
1,2,414973530,2,1,20,1.508084824308753e-05,2326847.548076923
1,2,414973530,2,1,21,7.242688752739923e-06,2326853.6826923075
1,2,414973530,2,1,22,2.8917395411554025e-06,2326858.5865384615
1,2,414973530,2,1,23,3.2073919555841712e-06,2326861.9903846155
1,2,414973530,2,1,24,5.43799797014799e-06,2326864.1153846155
1,2,414973530,2,1,25,6.623559784202371e-06,2326865.230769231
1,2,414973530,2,1,26,6.333649253065232e-06,2326865.923076923
1,2,414973530,2,1,27,5.688590135832783e-06,2326866.5
1,2,414973530,2,1,28,5.243374289420899e-06,2326867.2596153845
1,2,414973631,2,2,1,1.0012823343276978,31.98480048546424
1,2,414973631,2,2,2,0.9749778509140015,31.864581548250637
1,2,414973631,2,2,3,0.9479425549507141,31.715358293973484
1,2,414973631,2,2,4,0.9166844487190247,31.502580642700195
1,2,414973631,2,2,5,0.8770014643669128,31.152292545025166
1,2,414973631,2,2,6,0.8220111727714539,30.52584956242488
1,2,414973631,2,2,7,0.7417545914649963,29.563405917241024
1,2,414973631,2,2,8,0.6504386067390442,28.691794395446777
1,2,414973631,2,2,9,0.6263414621353149,28.540657703693096
1,2,414973631,2,2,10,0.6263657808303833,28.48686519035926
1,2,414973631,2,2,11,0.5858839154243469,28.4026087981004
1,2,414973631,2,2,12,0.5471492409706116,28.431440059955303
1,2,414973631,2,2,13,0.5410256385803223,28.413834498478817
1,2,414973631,2,2,14,0.5359293818473816,28.394698729881874
1,2,414973631,2,2,15,0.5204639434814453,28.60912168942965
1,2,414973631,2,2,16,0.5000568628311157,29.21278212620662
1,2,414973631,2,2,17,0.48717042803764343,29.519959669846756
1,2,414973631,2,2,18,0.47773921489715576,29.12542856656588
1,2,414973631,2,2,19,0.46729040145874023,28.6385168662438
1,2,414973631,2,2,20,0.46029117703437805,28.462197597210224
1,2,414973631,2,2,21,0.44861602783203125,28.673805970412033
1,2,414973631,2,2,22,0.43560072779655457,28.947745543259842
1,2,414973631,2,2,23,0.4287748336791992,28.69653210273156
1,2,414973631,2,2,24,0.417774498462677,28.448589765108547
1,2,414973631,2,2,25,0.41224798560142517,28.63747237278865
1,2,414973631,2,2,26,0.40877506136894226,29.0228454883282
1,2,414973631,2,2,27,0.40433377027511597,29.01455284998967
1,2,414973631,2,2,28,0.39911526441574097,28.589926426227276
1,2,414973631,2,2,29,0.39371946454048157,28.384474754333496
1,2,414973631,2,2,30,0.3920065760612488,28.4778780570397
1,2,414973631,2,2,31,0.39006859064102173,28.38764784886287
1,2,414973631,2,2,32,0.3867342174053192,27.922175407409668
1,2,414973631,2,2,33,0.38232991099357605,27.400254836449257
1,2,414973631,2,2,34,0.3776092529296875,26.888320702772873
1,2,414973631,2,2,35,0.37452617287635803,26.43942825610821
1,2,414973631,2,2,36,0.3716493844985962,26.192254139826847
1,2,414973631,2,2,37,0.36599522829055786,26.189403387216423
1,2,414973631,2,2,38,0.35899823904037476,26.275696754455566
1,2,414973631,2,2,39,0.35468122363090515,26.049799625690166
1,2,414973631,2,2,40,0.3494371175765991,25.6781226671659
1,2,414973631,2,2,41,0.3436618745326996,25.416333785423866
1,2,414973631,2,2,42,0.33653390407562256,25.226897459763748
1,2,414973631,2,2,43,0.3305881917476654,24.94735211592454
1,2,414973631,2,2,44,0.3248922526836395,24.53330267392672
1,2,414973631,2,2,45,0.31830158829689026,24.118046907278206
1,2,414973631,2,2,46,0.3122163712978363,23.858040002676155
1,2,414973631,2,2,47,0.305702805519104,23.961580496567947
1,2,414973631,2,2,48,0.2983023524284363,24.188361681424656
1,2,414973631,2,2,49,0.29277825355529785,23.949118247398964
1,2,414973631,2,2,50,0.2866174280643463,23.974473513089695
1,2,414973631,2,2,51,0.27991294860839844,23.832675053523136
1,2,414973631,2,2,52,0.2749556005001068,23.458691303546612
1,2,414973631,2,2,53,0.26996272802352905,23.63378194662241
1,2,414973631,2,2,54,0.2678294777870178,23.192080937899075
1,2,414973631,2,2,55,0.26710647344589233,23.83158925863413
1,2,414973631,2,2,56,0.2644695043563843,23.149275046128494
1,2,414973631,2,2,57,0.2674385607242584,23.59201247875507
1,2,414973631,2,2,58,0.2564257085323334,23.2820191016564
1,2,414973631,2,2,59,0.2534193694591522,22.645084674541767
1,2,414973631,2,2,60,0.25817713141441345,23.330001207498405
1,2,414973833,2,4,1,0.9925441145896912,1.1973260045051575
1,2,414973833,2,4,2,0.9589892625808716,1.1795015403857598
1,2,414973833,2,4,3,0.9238250255584717,1.1593832236069899
1,2,414973833,2,4,4,0.8839030265808105,1.1353169335768774
1,2,414973833,2,4,5,0.8360152244567871,1.1053699828111208
1,2,414973833,2,4,6,0.7760800123214722,1.0675367896373456
1,2,414973833,2,4,7,0.6988986134529114,1.0279776064249186
1,2,414973833,2,4,8,0.6080054640769958,1.0662778936899626
1,2,414973833,2,4,9,0.5949835777282715,1.1378678289743571
1,2,414973833,2,4,10,0.6147202253341675,1.1398595571517944
1,2,414973833,2,4,11,0.5644630789756775,1.1211650050603426
1,2,414973833,2,4,12,0.5188653469085693,1.1136389787380512
1,2,414973833,2,4,13,0.49805811047554016,1.1097903435046856
1,2,414973833,2,4,14,0.47500962018966675,1.1078507464665632
1,2,414973833,2,4,15,0.43999284505844116,1.1105810449673579
1,2,414973833,2,4,16,0.4059370756149292,1.085831759067682
1,2,414973833,2,4,17,0.38200199604034424,1.0121840009322534
1,2,414973833,2,4,18,0.35583674907684326,0.956140385224269
1,2,414973833,2,4,19,0.35124915838241577,0.929165915800975
1,2,414973833,2,4,20,0.3491556644439697,0.9185130343987391
1,2,414973833,2,4,21,0.3402613401412964,0.9125646444467398
1,2,414973833,2,4,22,0.33553779125213623,0.8922055398042386
1,2,414973833,2,4,23,0.3241821825504303,0.8812844008207321
1,2,414973833,2,4,24,0.3166995048522949,0.8799177488455405
1,2,414973833,2,4,25,0.3095356225967407,0.8695674263514005
1,2,414973833,2,4,26,0.3020617663860321,0.8469568479519624
1,2,414973833,2,4,27,0.2899128496646881,0.8350154264615133
1,2,414973833,2,4,28,0.27900707721710205,0.8359976066992834
1,2,414973833,2,4,29,0.27419382333755493,0.8244620114564896
1,2,414973833,2,4,30,0.2683485448360443,0.8125697488968189
1,2,414973833,2,4,31,0.2666502892971039,0.810955021243829
1,2,414973833,2,4,32,0.26204001903533936,0.8110663776214306
1,2,414973833,2,4,33,0.26115721464157104,0.799429496893516
1,2,414973833,2,4,34,0.25724339485168457,0.7935043745315992
1,2,414973833,2,4,35,0.2533057928085327,0.7942957018430417
1,2,414973833,2,4,36,0.24977155029773712,0.7908002929045603
1,2,414973833,2,4,37,0.245618999004364,0.7861778942438272
1,2,414973833,2,4,38,0.24300536513328552,0.7879850233976657
1,2,414973833,2,4,39,0.23924821615219116,0.7931924691567054
1,2,414973833,2,4,40,0.23652687668800354,0.7915817063588363
1,2,414973833,2,4,41,0.2311285138130188,0.7936496929480479
1,2,414973833,2,4,42,0.22834181785583496,0.7953721365103354
1,2,414973833,2,4,43,0.22533340752124786,0.7925583020998881
1,2,414973833,2,4,44,0.2244977355003357,0.7898911856687986
1,2,414973833,2,4,45,0.22188089787960052,0.7875939756631851
1,2,414973833,2,4,46,0.21945910155773163,0.7859869060608057
1,2,414973833,2,4,47,0.21673329174518585,0.7866033946092312
1,2,414973833,2,4,48,0.2140675038099289,0.787819871535668
1,2,414973833,2,4,49,0.21078871190547943,0.789392827795102
1,2,414973833,2,4,50,0.20698481798171997,0.7922672835680155
1,2,414973833,2,4,51,0.20463894307613373,0.7967103249751605
1,2,414973833,2,4,52,0.2023780792951584,0.800735626083154
1,2,414973833,2,4,53,0.20030458271503448,0.803647592663765
1,2,414973833,2,4,54,0.19781967997550964,0.8056389895769266
1,2,414973833,2,4,55,0.19582827389240265,0.8079971545017682
1,2,414973833,2,4,56,0.19419410824775696,0.8078266714627926
1,2,414973833,2,4,57,0.19285739958286285,0.8136641818743485
1,2,414973833,2,4,58,0.1937384456396103,0.8073191264500985
1,2,414973833,2,4,59,0.20216494798660278,0.8172781650836651
1,2,414973833,2,4,60,0.19678063690662384,0.8072163199002926
1,2,414991876,4,1,1,0.003133303951472044,2421181.2596153845
1,2,414991876,4,1,2,0.0004499692586250603,2421342.2596153845
1,2,414991876,4,1,3,0.0003293073095846921,2422183.6923076925
1,2,414991876,4,1,4,0.0008179848664440215,2422563.519230769
1,2,414991876,4,1,5,0.0004189365718048066,2422780.7403846155
1,2,414991876,4,1,6,7.321500743273646e-05,2423006.105769231
1,2,414991876,4,1,7,9.116448927670717e-05,2422961.826923077
1,2,414991876,4,1,8,0.0002478243550285697,2422505.346153846
1,2,414991876,4,1,9,0.00029496318893507123,2421891.9326923075
1,2,414991876,4,1,10,0.0002172370586777106,2421283.7115384615
1,2,414991876,4,1,11,0.00010285425378242508,2420766.25
1,2,414991876,4,1,12,3.267310603405349e-05,2420364.346153846
1,2,414991876,4,1,13,4.008706673630513e-05,2420102.951923077
1,2,414991876,4,1,14,8.759561751503497e-05,2420036.923076923
1,2,414991876,4,1,15,0.00010275743989041075,2420021.048076923
1,2,414991876,4,1,16,7.301005098270252e-05,2420020.096153846
1,2,414991876,4,1,17,3.532015034579672e-05,2420023.0576923075
1,2,414991876,4,1,18,1.7789468984119594e-05,2420029.4423076925
1,2,414991876,4,1,19,2.2389658624888398e-05,2420050.346153846
1,2,414991876,4,1,20,3.638455382315442e-05,2420081.269230769
1,2,414991876,4,1,21,4.59369330201298e-05,2420114.875
1,2,414991876,4,1,22,4.394650022732094e-05,2420146.346153846
1,2,414991876,4,1,23,3.187685797456652e-05,2420173.980769231
1,2,414991876,4,1,24,1.7077147276722826e-05,2420197.5096153845
1,2,414991876,4,1,25,7.786214155203197e-06,2420217.4615384615
1,2,414991876,4,1,26,8.001577043614816e-06,2420234.701923077
1,2,414991876,4,1,27,1.4989400369813666e-05,2420250.096153846
1,2,414991876,4,1,28,2.1774998458568007e-05,2420264.548076923
1,2,414991876,4,1,29,2.2852329493616708e-05,2420278.846153846
1,2,414991876,4,1,30,1.778506521077361e-05,2420293.2596153845
1,2,414991876,4,1,31,1.018190505419625e-05,2420307.8653846155
1,2,414991876,4,1,32,4.378406174510019e-06,2420322.096153846
1,2,414991876,4,1,33,2.81951179204043e-06,2420335.673076923
1,2,414991876,4,1,34,5.148818218003726e-06,2420347.7115384615
1,2,414991876,4,1,35,8.897674888430629e-06,2420357.730769231
1,2,414991876,4,1,36,1.1247861039009877e-05,2420365.451923077
1,2,414991977,4,2,1,1.0046104192733765,21.433031045473538
1,2,414991977,4,2,2,0.9748503565788269,21.31822178913997
1,2,414991977,4,2,3,0.9451813101768494,21.175390280210056
1,2,414991977,4,2,4,0.9117408990859985,20.965051100804256
1,2,414991977,4,2,5,0.8697543740272522,20.59680538911086
1,2,414991977,4,2,6,0.8108953833580017,19.915667570554294
1,2,414991977,4,2,7,0.7209518551826477,18.808043553278996
1,2,414991977,4,2,8,0.5929911732673645,17.46210690645071
1,2,414991977,4,2,9,0.513944685459137,16.986212767087498
1,2,414991977,4,2,10,0.6213497519493103,16.94827916071965
1,2,414991977,4,2,11,0.6642007827758789,16.58683571448693
1,2,414991977,4,2,12,0.5638819336891174,16.444783027355488
1,2,414991977,4,2,13,0.4674170911312103,16.8032185114347
1,2,414991977,4,2,14,0.4453444182872772,17.10841078024644
1,2,414991977,4,2,15,0.45585331320762634,17.177655916947586
1,2,414991977,4,2,16,0.45190078020095825,17.204684844383827
1,2,414991977,4,2,17,0.42922645807266235,17.702770636631893
1,2,414991977,4,2,18,0.412851482629776,18.655684911287747
1,2,414991977,4,2,19,0.42338845133781433,18.595839023590088
1,2,414991977,4,2,20,0.4137294590473175,17.695468095632698
1,2,414991977,4,2,21,0.3918692171573639,17.011252806736874
1,2,414991977,4,2,22,0.38978639245033264,16.684258240919846
1,2,414991977,4,2,23,0.3898691236972809,16.582468509674072
1,2,414991977,4,2,24,0.37667757272720337,16.768817314734825
1,2,414991977,4,2,25,0.3618350625038147,17.16356666271503
1,2,414991977,4,2,26,0.36138010025024414,17.02873237316425
1,2,414991977,4,2,27,0.35184958577156067,16.602068497584415
1,2,414991977,4,2,28,0.33967167139053345,16.387042192312386
1,2,414991977,4,2,29,0.34102827310562134,16.343200023357685
1,2,414991977,4,2,30,0.34168699383735657,16.361521244049072
1,2,414991977,4,2,31,0.33574947714805603,16.358313413766716
1,2,414991977,4,2,32,0.33052513003349304,16.189838079305794
1,2,414991977,4,2,33,0.3270883560180664,15.908347753378061
1,2,414991977,4,2,34,0.3248593807220459,15.649187894967886
1,2,414991977,4,2,35,0.3242802917957306,15.505690868084248
1,2,414991977,4,2,36,0.3224065601825714,15.485181625072773
1,2,414991977,4,2,37,0.3179870843887329,15.573340342595028
1,2,414991977,4,2,38,0.31601032614707947,15.645805799044096
1,2,414991977,4,2,39,0.3164428174495697,15.554417133331299
1,2,414991977,4,2,40,0.31330448389053345,15.366614763553326
1,2,414991977,4,2,41,0.31081148982048035,15.12936283991887
1,2,414991977,4,2,42,0.308275431394577,14.861064507411076
1,2,414991977,4,2,43,0.3050742447376251,14.624295784876896
1,2,414991977,4,2,44,0.30380308628082275,14.47843388410715
1,2,414991977,4,2,45,0.300302118062973,14.441916979276217
1,2,414991977,4,2,46,0.2964036464691162,14.395332098007202
1,2,414991977,4,2,47,0.29428020119667053,14.19424029497
1,2,414991977,4,2,48,0.2897547483444214,13.889191994300255
1,2,414991977,4,2,49,0.2850181460380554,13.633754106668325
1,2,414991977,4,2,50,0.2805928885936737,13.456766238579384
1,2,414991977,4,2,51,0.27543067932128906,13.220099302438589
1,2,414991977,4,2,52,0.2712111175060272,12.932285088759203
1,2,414991977,4,2,53,0.26602351665496826,12.755316807673527
1,2,414991977,4,2,54,0.26016750931739807,12.558322723095234
1,2,414991977,4,2,55,0.25487735867500305,12.475172776442308
1,2,414991977,4,2,56,0.2479860633611679,12.553961130288931
1,2,414991977,4,2,57,0.24151302874088287,12.44897644336407
1,2,414991977,4,2,58,0.23443762958049774,12.515002910907452
1,2,414991977,4,2,59,0.22798286378383636,12.368619295266958
1,2,414991977,4,2,60,0.22192777693271637,12.199329963097206
1,2,414992179,4,4,1,0.9753445982933044,0.7802088466974405
1,2,414992179,4,4,2,0.8948341906070709,0.7145229990665729
1,2,414992179,4,4,3,0.8354587852954865,0.6028206669367276
1,2,414992179,4,4,4,0.6549303978681564,0.516442223237111
1,2,414992179,4,4,5,0.6774100661277771,0.5119027266135583
1,2,414992179,4,4,6,0.5650850236415863,0.43578173220157623
1,2,414992179,4,4,7,0.5283198207616806,0.4441729038953781
1,2,414992179,4,4,8,0.5488780066370964,0.42831831253491914
1,2,414992179,4,4,9,0.48799435794353485,0.43792677842653716
1,2,414992179,4,4,10,0.506807878613472,0.4287901371717453
1,2,414992179,4,4,11,0.4845028668642044,0.4047495138186675
1,2,414992179,4,4,12,0.4809507131576538,0.4059352462108319
1,2,414992179,4,4,13,0.4617985188961029,0.3838561830612329
1,2,414992179,4,4,14,0.43501267582178116,0.38591112712254894
1,2,414992179,4,4,15,0.447039183229208,0.38113261873905474
1,2,414992179,4,4,16,0.4374902695417404,0.3678434112897286
1,2,414992179,4,4,17,0.425981342792511,0.362815254009687
1,2,414992179,4,4,18,0.41218048334121704,0.36197976424143863
1,2,414992179,4,4,19,0.4024176746606827,0.3658361933552302
1,2,414992179,4,4,20,0.3983186334371567,0.36734446252767855
1,2,414992179,4,4,21,0.37555645406246185,0.35093296147309816
1,2,414992179,4,4,22,0.3541731536388397,0.333076618038691
1,2,414992179,4,4,23,0.3384498208761215,0.3336731522129132
1,2,414992179,4,4,24,0.3307102248072624,0.3377208090745486
1,2,414992179,4,4,25,0.33655285835266113,0.39565939742785233
1,2,414992179,4,4,26,0.3135441914200783,0.30059375728552157
1,2,414992179,4,4,27,0.2556479051709175,0.2914883843981303
1,2,414992179,4,4,28,0.2733612135052681,0.29591480241372037
1,2,414992179,4,4,29,0.28456734865903854,0.2886665337360822
1,2,414992179,4,4,30,0.26654553413391113,0.2790507800303973
1,2,414992179,4,4,31,0.25024762004613876,0.2967692567751958
1,2,414992179,4,4,32,0.23909881711006165,0.29639464846024144
1,2,414992179,4,4,33,0.22833585739135742,0.285381232889799
1,2,414992179,4,4,34,0.23577623069286346,0.2730951842207175
1,2,414992179,4,4,35,0.22986597567796707,0.282210641182386
1,2,414992179,4,4,36,0.216693714261055,0.26227160600515514
1,2,414992179,4,4,37,0.231439046561718,0.2620577852313335
1,2,414992179,4,4,38,0.20873715728521347,0.27097168220923495
1,2,414992179,4,4,39,0.21008362621068954,0.2701102071083509
1,2,414992179,4,4,40,0.2079247497022152,0.26056520640850067
1,2,414992179,4,4,41,0.19851704686880112,0.25839519386108106
1,2,414992179,4,4,42,0.19951645284891129,0.2639823303772853
1,2,414992179,4,4,43,0.19598006457090378,0.267584590957715
1,2,414992179,4,4,44,0.1961677521467209,0.26704335040771043
1,2,414992179,4,4,45,0.20284971594810486,0.2710629128492795
1,2,414992179,4,4,46,0.18707159906625748,0.257954478263855
1,2,414992179,4,4,47,0.18666964769363403,0.2576777728704306
1,2,414992179,4,4,48,0.18384946882724762,0.26887684487379515
1,2,414992179,4,4,49,0.18368490412831306,0.27674917303598845
1,2,414992179,4,4,50,0.19443167746067047,0.26121571488105333
1,2,414992179,4,4,51,0.1854509636759758,0.2610570536209987
1,2,414992179,4,4,52,0.18655912205576897,0.2713024696478477
1,2,414992179,4,4,53,0.17715811729431152,0.2625684222349754
1,2,414992179,4,4,54,0.17590674757957458,0.26607882518034714
1,2,414992179,4,4,55,0.17671310156583786,0.2654912185210448
1,2,414992179,4,4,56,0.18174004182219505,0.26340674666258007
1,2,414992179,4,4,57,0.1757805272936821,0.2643891813663336
1,2,414992179,4,4,58,0.1760384701192379,0.271074768442374
1,2,414992179,4,4,59,0.17374702543020248,0.26224948121951175
1,2,414992179,4,4,60,0.1745765060186386,0.26640556638057417
1,3,414965366,1,1,1,0.0072814165614545345,2285590.2596153845
1,3,414965366,1,1,2,0.0024015731178224087,2284938.1153846155
1,3,414965366,1,1,3,0.0002664510684553534,2283978.4423076925
1,3,414965366,1,1,4,0.0004899562336504459,2284968.6826923075
1,3,414965366,1,1,5,0.001109928940422833,2286569.028846154
1,3,414965366,1,1,6,0.0007685097516514361,2286464.375
1,3,414965366,1,1,7,0.0002961300197057426,2286253.721153846
1,3,414965366,1,1,8,9.979863534681499e-05,2286232.0865384615
1,3,414965366,1,1,9,0.0001307818602072075,2286229.3076923075
1,3,414965366,1,1,10,0.00022731118951924145,2286050.0673076925
1,3,414965366,1,1,11,0.00028004281921312213,2285790.8173076925
1,3,414965366,1,1,12,0.00026475198683328927,2285458.9423076925
1,3,414965366,1,1,13,0.0002095658128382638,2285323.2884615385
1,3,414965366,1,1,14,0.0001528714783489704,2285478.2115384615
1,3,414965366,1,1,15,0.0001185954170068726,2286144.653846154
1,3,414965366,1,1,16,0.00010580535308690742,2287130.3173076925
1,3,414965366,1,1,17,8.850338053889573e-05,2288329.6826923075
1,3,414965366,1,1,18,5.717341264244169e-05,2289448.25
1,3,414965366,1,1,19,3.777614256250672e-05,2289851.0
1,3,414965366,1,1,20,4.737139170174487e-05,2289757.2884615385
1,3,414965366,1,1,21,7.204801659099758e-05,2289391.173076923
1,3,414965366,1,1,22,8.637439168523997e-05,2289065.721153846
1,3,414965366,1,1,23,7.776937127346173e-05,2288795.846153846
1,3,414965467,1,2,1,1.0094741582870483,38.883859340961166
1,3,414965467,1,2,2,0.9796497225761414,38.8413630265456
1,3,414965467,1,2,3,0.9511897563934326,38.7874781535222
1,3,414965467,1,2,4,0.9198183417320251,38.70004734626183
1,3,414965467,1,2,5,0.8810790181159973,38.522277758671684
1,3,414965467,1,2,6,0.8278785943984985,38.147949108710655
1,3,414965467,1,2,7,0.7486357688903809,37.54828170629648
1,3,414965467,1,2,8,0.6427587270736694,37.110396495232216
1,3,414965467,1,2,9,0.6208953261375427,37.23764536930965
1,3,414965467,1,2,10,0.6470093727111816,37.49844235640306
1,3,414965467,1,2,11,0.6059675812721252,37.657214421492355
1,3,414965467,1,2,12,0.5351430177688599,37.76809685046856
1,3,414965467,1,2,13,0.4999368488788605,37.949817364032455
1,3,414965467,1,2,14,0.4849837124347687,38.411709565382736
1,3,414965467,1,2,15,0.46023958921432495,39.653671521406906
1,3,414965467,1,2,16,0.4471930265426636,40.53358620863695
1,3,414965467,1,2,17,0.44708052277565,39.825462744786186
1,3,414965467,1,2,18,0.41943082213401794,38.80248498916626
1,3,414965467,1,2,19,0.4011755883693695,38.49476462144118
1,3,414965467,1,2,20,0.40114161372184753,38.836380848517784
1,3,414965467,1,2,21,0.39642515778541565,39.76462800686176
1,3,414965467,1,2,22,0.39210593700408936,40.227331344897934
1,3,414965467,1,2,23,0.38013261556625366,40.14818052145151
1,3,414965467,1,2,24,0.36354610323905945,40.67820901137132
1,3,414965467,1,2,25,0.3522917628288269,42.54792125408466
1,3,414965467,1,2,26,0.3410724103450775,45.36095384451059
1,3,414965467,1,2,27,0.3432181775569916,45.73486159398006
1,3,414965467,1,2,28,0.34054800868034363,44.792237575237564
1,3,414965669,1,4,1,0.999883770942688,0.8778816920060378
1,3,414965669,1,4,2,0.9572378993034363,0.8672635967914875
1,3,414965669,1,4,3,0.9139477014541626,0.8563650250434875
1,3,414965669,1,4,4,0.865362823009491,0.8443611080829914
1,3,414965669,1,4,5,0.8066367506980896,0.8309970841957972
1,3,414965669,1,4,6,0.7316499352455139,0.8193574043420645
1,3,414965669,1,4,7,0.6349183320999146,0.8333394573285029
1,3,414965669,1,4,8,0.5325400829315186,0.9510044157505035
1,3,414965669,1,4,9,0.499194473028183,1.061045344059284
1,3,414965669,1,4,10,0.4597265124320984,1.116176765698653
1,3,414965669,1,4,11,0.41796866059303284,1.107024561900359
1,3,414965669,1,4,12,0.3893830478191376,1.0535109914266145
1,3,414965669,1,4,13,0.35454389452934265,1.0030360588660607
1,3,414965669,1,4,14,0.3190016448497772,0.9746705339505122
1,3,414965669,1,4,15,0.28004759550094604,0.9703441789517036
1,3,414965669,1,4,16,0.250937283039093,0.9551970064640045
1,3,414965669,1,4,17,0.25145775079727173,0.874364245396394
1,3,414965669,1,4,18,0.23386433720588684,0.8088765602845412
1,3,414965669,1,4,19,0.23197850584983826,0.7848504690023569
1,3,414965669,1,4,20,0.22797879576683044,0.7929109266171088
1,3,414965669,1,4,21,0.21539796888828278,0.818288273536242
1,3,414965669,1,4,22,0.22073091566562653,0.7954772378389652
1,3,414965669,1,4,23,0.20492276549339294,0.7727142836038883
1,3,414965669,1,4,24,0.20203612744808197,0.7777171203723321
1,3,414965669,1,4,25,0.19615615904331207,0.8101391345262527
1,3,414965669,1,4,26,0.1859336942434311,0.8384849005020582
1,3,414965669,1,4,27,0.18231509625911713,0.8180198566271708
1,3,414965669,1,4,28,0.17045548558235168,0.7936512782023504
1,3,414965669,1,4,29,0.16723941266536713,0.7952350240487319
1,3,414965669,1,4,30,0.16184554994106293,0.8243024968183957
1,3,414965669,1,4,31,0.15456059575080872,0.8562047871259543
1,3,414965669,1,4,32,0.15308021008968353,0.851969267313297
1,3,414965669,1,4,33,0.14764684438705444,0.8369609083120639
1,3,414965669,1,4,34,0.1439618021249771,0.8472102078107687
1,3,414965669,1,4,35,0.14092062413692474,0.8887708255877862
1,3,414965669,1,4,36,0.1380217969417572,0.9319365712312552
1,3,414965669,1,4,37,0.13778819143772125,0.9311126310091752
1,3,414965669,1,4,38,0.13433974981307983,0.9026806881794562
1,3,414965669,1,4,39,0.1307530552148819,0.8867977834664859
1,3,414965669,1,4,40,0.1268734484910965,0.8943130591740975
1,3,414965669,1,4,41,0.12439832836389542,0.9020058787786044
1,3,414965669,1,4,42,0.12196099758148193,0.8967280525427598
1,3,414965669,1,4,43,0.11955706775188446,0.8891841207559292
1,3,414974539,2,1,1,0.0032120870891958475,2381592.923076923
1,3,414974539,2,1,2,0.000490544771309942,2381772.519230769
1,3,414974539,2,1,3,0.0002193558611907065,2381709.375
1,3,414974539,2,1,4,0.0008245299686677754,2381563.25
1,3,414974539,2,1,5,0.000498076609801501,2381481.576923077
1,3,414974539,2,1,6,9.95150621747598e-05,2381433.346153846
1,3,414974539,2,1,7,7.650846237083897e-05,2381390.125
1,3,414974539,2,1,8,0.0002330162824364379,2381362.375
1,3,414974539,2,1,9,0.0002717982861213386,2381346.4326923075
1,3,414974539,2,1,10,0.00020531094924081117,2381332.076923077
1,3,414974539,2,1,11,0.00011551165516721085,2381321.028846154
1,3,414974539,2,1,12,5.2686464186990634e-05,2381326.0096153845
1,3,414974539,2,1,13,3.475859557511285e-05,2381340.903846154
1,3,414974539,2,1,14,5.0666956667555496e-05,2381356.278846154
1,3,414974539,2,1,15,6.765127909602597e-05,2381359.894230769
1,3,414974539,2,1,16,6.313942139968276e-05,2381350.903846154
1,3,414974539,2,1,17,4.4381220504874364e-05,2381336.2596153845
1,3,414974539,2,1,18,2.9342299967538565e-05,2381322.480769231
1,3,414974539,2,1,19,2.512778519303538e-05,2381312.423076923
1,3,414974539,2,1,20,2.728858817135915e-05,2381305.980769231
1,3,414974539,2,1,21,2.9521201213356107e-05,2381301.923076923
1,3,414974539,2,1,22,2.9116887162672356e-05,2381299.2115384615
1,3,414974539,2,1,23,2.6363883080193773e-05,2381297.596153846
1,3,414974539,2,1,24,2.2534642994287424e-05,2381296.721153846
1,3,414974539,2,1,25,1.8916007320513017e-05,2381296.5096153845
1,3,414974539,2,1,26,1.637957939237822e-05,2381297.25
1,3,414974539,2,1,27,1.4892742910888046e-05,2381299.0673076925
1,3,414974539,2,1,28,1.3589126865554135e-05,2381301.9615384615
1,3,414974539,2,1,29,1.1834283213829622e-05,2381305.1826923075
1,3,414974539,2,1,30,1.0133666364708915e-05,2381308.1153846155
1,3,414974539,2,1,31,9.511479220236652e-06,2381310.4615384615
1,3,414974539,2,1,32,1.0086460861202795e-05,2381312.5096153845
1,3,414974539,2,1,33,1.0765536899270955e-05,2381314.6153846155
1,3,414974539,2,1,34,1.03940519693424e-05,2381316.798076923
1,3,414974539,2,1,35,8.822538802633062e-06,2381319.201923077
1,3,414974539,2,1,36,6.771409971406683e-06,2381321.625
1,3,414974539,2,1,37,5.0381318033032585e-06,2381324.0384615385
1,3,414974539,2,1,38,4.0698182601772714e-06,2381326.25
1,3,414974539,2,1,39,4.014195837953594e-06,2381328.4423076925
1,3,414974539,2,1,40,4.708703272626735e-06,2381330.519230769
1,3,414974539,2,1,41,5.555733878281899e-06,2381332.4903846155
1,3,414974539,2,1,42,5.7878314692061394e-06,2381334.1634615385
1,3,414974539,2,1,43,5.107803644932574e-06,2381335.596153846
1,3,414974539,2,1,44,3.939199359592749e-06,2381336.355769231
1,3,414974539,2,1,45,2.949348072434077e-06,2381336.471153846
1,3,414974640,2,2,1,1.0075347423553467,35.357469925513634
1,3,414974640,2,2,2,0.982940137386322,35.24556805537297
1,3,414974640,2,2,3,0.9587241411209106,35.115238629854645
1,3,414974640,2,2,4,0.9317737221717834,34.93958803323599
1,3,414974640,2,2,5,0.8986164331436157,34.65301843789908
1,3,414974640,2,2,6,0.8535930514335632,34.100604204031136
1,3,414974640,2,2,7,0.7858847975730896,33.1322818169227
1,3,414974640,2,2,8,0.6867396235466003,32.03305926689735
1,3,414974640,2,2,9,0.6451159119606018,31.223584982065056
1,3,414974640,2,2,10,0.5924112200737,30.65055296971248
1,3,414974640,2,2,11,0.518032968044281,30.610325593214768
1,3,414974640,2,2,12,0.4959145188331604,30.594156705416164
1,3,414974640,2,2,13,0.4787643551826477,30.60962178156926
1,3,414974640,2,2,14,0.44923192262649536,31.234361501840446
1,3,414974640,2,2,15,0.41551151871681213,33.42525548201341
1,3,414974640,2,2,16,0.4142697751522064,33.76668739318848
1,3,414974640,2,2,17,0.40163832902908325,32.78704100388747
1,3,414974640,2,2,18,0.39068710803985596,32.648900765639084
1,3,414974640,2,2,19,0.3846571743488312,34.52807903289795
1,3,414974640,2,2,20,0.3689486086368561,38.72434660104605
1,3,414974640,2,2,21,0.36789682507514954,38.88484345949613
1,3,414974640,2,2,22,0.351698637008667,37.138451649592476
1,3,414974640,2,2,23,0.34402185678482056,37.86905618814322
1,3,414974640,2,2,24,0.3365061283111572,41.62770095238319
1,3,414974640,2,2,25,0.3276873826980591,44.3476018172044
1,3,414974640,2,2,26,0.32436057925224304,41.96696164057805
1,3,414974640,2,2,27,0.31263694167137146,40.48808391277607
1,3,414974640,2,2,28,0.3085081875324249,42.71384136493389
1,3,414974640,2,2,29,0.29998815059661865,47.23672940180852
1,3,414974640,2,2,30,0.29346561431884766,48.3938228900616
1,3,414974640,2,2,31,0.2876185476779938,47.188224645761345
1,3,414974640,2,2,32,0.2821907699108124,49.69613001896785
1,3,414974842,2,4,1,1.0040996074676514,1.0097950788644643
1,3,414974842,2,4,2,0.9703072905540466,0.9922148814568152
1,3,414974842,2,4,3,0.9370208382606506,0.9732097479013296
1,3,414974842,2,4,4,0.9009311199188232,0.9513874695851252
1,3,414974842,2,4,5,0.8591881394386292,0.925420894072606
1,3,414974842,2,4,6,0.8085950016975403,0.8939046676342304
1,3,414974842,2,4,7,0.7450163960456848,0.859785279402366
1,3,414974842,2,4,8,0.6685634255409241,0.859770437845817
1,3,414974842,2,4,9,0.622578501701355,0.8558279069570395
1,3,414974842,2,4,10,0.5886508226394653,0.8655814986962539
1,3,414974842,2,4,11,0.5664081573486328,0.8698672560545114
1,3,414974842,2,4,12,0.5340754985809326,0.871802744957117
1,3,414974842,2,4,13,0.49678802490234375,0.8819325359968039
1,3,414974842,2,4,14,0.46168845891952515,0.9071670151673831
1,3,414974842,2,4,15,0.4333808422088623,0.9407605253733121
1,3,414974842,2,4,16,0.41932442784309387,0.9245903239800379
1,3,414974842,2,4,17,0.39532649517059326,0.8671024235395285
1,3,414974842,2,4,18,0.36234384775161743,0.8252075085273156
1,3,414974842,2,4,19,0.3462033271789551,0.8068185998843267
1,3,414974842,2,4,20,0.3436807692050934,0.79053906752513
1,3,414974842,2,4,21,0.3439984619617462,0.7706291125370905
1,3,414974842,2,4,22,0.3402196764945984,0.7637118582542126
1,3,414974842,2,4,23,0.3366747796535492,0.7646859356990228
1,3,414974842,2,4,24,0.3313404619693756,0.7538984028192667
1,3,414974842,2,4,25,0.32195642590522766,0.7374142316671518
1,3,414974842,2,4,26,0.31271713972091675,0.7307020563345689
1,3,414974842,2,4,27,0.3034534752368927,0.7329383469544924
1,3,414974842,2,4,28,0.29715800285339355,0.7273826392797323
1,3,414974842,2,4,29,0.29034024477005005,0.7207393760864551
1,3,414974842,2,4,30,0.2830783724784851,0.7284766022975628
1,3,414974842,2,4,31,0.2763248682022095,0.7456419445001162
1,3,414974842,2,4,32,0.2724745571613312,0.7490562177621402
1,3,414974842,2,4,33,0.2673884630203247,0.7502067845601302
1,3,414974842,2,4,34,0.26471054553985596,0.7593940152571752
1,3,414974842,2,4,35,0.2620749771595001,0.7680291991967422
1,3,414974842,2,4,36,0.25901463627815247,0.7626701937271998
1,3,414974842,2,4,37,0.2562137246131897,0.7487218425824091
1,3,414974842,2,4,38,0.25307637453079224,0.745590125138943
1,3,414974842,2,4,39,0.2514449954032898,0.7496742927111112
1,3,414974842,2,4,40,0.250070184469223,0.7403502808167384
1,3,414974842,2,4,41,0.2477395236492157,0.7234466694868528
1,3,414974842,2,4,42,0.24571432173252106,0.7204760725681598
1,3,414974842,2,4,43,0.24411249160766602,0.7297391043259547
1,3,414974842,2,4,44,0.2426026463508606,0.7331292583392217
1,3,414974842,2,4,45,0.24051110446453094,0.7340115171212417
1,3,414974842,2,4,46,0.23838719725608826,0.7313019770842332
1,3,414974842,2,4,47,0.23675797879695892,0.7254063899700458
1,3,414974842,2,4,48,0.2342967540025711,0.7364633129193232
1,3,414974842,2,4,49,0.2321554571390152,0.7429504211132343
1,3,414974842,2,4,50,0.23071034252643585,0.735019115301279
1,3,414974842,2,4,51,0.2296052724123001,0.7438902029624352
1,3,414974842,2,4,52,0.22907373309135437,0.7413136592278113
1,3,414974842,2,4,53,0.22757406532764435,0.7562990761720217
1,3,414974842,2,4,54,0.22558726370334625,0.7410939381672785
1,3,414974842,2,4,55,0.22379378974437714,0.7410858732003432
1,3,414974842,2,4,56,0.22188572585582733,0.7431213145072644
1,3,414974842,2,4,57,0.2203826606273651,0.741580069065094
1,3,414974842,2,4,58,0.21865500509738922,0.7424275508293738
1,3,414974842,2,4,59,0.2167903333902359,0.7318355922515576
1,3,414974842,2,4,60,0.21579858660697937,0.7605522297895871
1,3,414992885,4,1,1,0.003375214757397771,2353219.9134615385
1,3,414992885,4,1,2,0.00047466708929277956,2353420.480769231
1,3,414992885,4,1,3,0.0003158226900268346,2353265.8173076925
1,3,414992885,4,1,4,0.0008064022404141724,2353118.576923077
1,3,414992885,4,1,5,0.0005172849050723016,2353076.548076923
1,3,414992885,4,1,6,0.00016912069986574352,2353067.826923077
1,3,414992885,4,1,7,5.106342723593116e-05,2353073.0
1,3,414992885,4,1,8,9.993318235501647e-05,2353077.903846154
1,3,414992885,4,1,9,0.00018327946600038558,2353084.951923077
1,3,414992885,4,1,10,0.0002202076284447685,2353108.596153846
1,3,414992885,4,1,11,0.00019744054588954896,2353135.6346153845
1,3,414992885,4,1,12,0.00013880319602321833,2353150.019230769
1,3,414992885,4,1,13,7.843535422580317e-05,2353122.8846153845
1,3,414992885,4,1,14,4.397838347358629e-05,2353019.923076923
1,3,414992885,4,1,15,3.9523543819086626e-05,2352902.1923076925
1,3,414992885,4,1,16,4.4498952775029466e-05,2352846.144230769
1,3,414992885,4,1,17,5.057409362052567e-05,2352856.548076923
1,3,414992885,4,1,18,5.934033470111899e-05,2352892.798076923
1,3,414992885,4,1,19,6.399667472578585e-05,2352931.144230769
1,3,414992885,4,1,20,5.631695967167616e-05,2352959.2403846155
1,3,414992885,4,1,21,3.7843074096599594e-05,2352977.75
1,3,414992885,4,1,22,1.8373679267824627e-05,2352991.9615384615
1,3,414992885,4,1,23,7.650043698959053e-06,2353004.8653846155
1,3,414992885,4,1,24,8.852251994539984e-06,2353015.480769231
1,3,414992885,4,1,25,1.742831591400318e-05,2353022.1153846155
1,3,414992885,4,1,26,2.522694194340147e-05,2353026.076923077
1,3,414992885,4,1,27,2.675342147995252e-05,2353028.048076923
1,3,414992885,4,1,28,2.2362090021488257e-05,2353027.980769231
1,3,414992885,4,1,29,1.6116520782816224e-05,2353027.2596153845
1,3,414992885,4,1,30,1.147518378274981e-05,2353025.778846154
1,3,414992885,4,1,31,9.113764463108964e-06,2353024.0096153845
1,3,414992885,4,1,32,7.837365046725608e-06,2353021.701923077
1,3,414992885,4,1,33,6.5838603404699825e-06,2353018.9903846155
1,3,414992885,4,1,34,5.451570814329898e-06,2353015.9423076925
1,3,414992885,4,1,35,5.246282853477169e-06,2353013.3173076925
1,3,414992885,4,1,36,6.344546818581875e-06,2353012.0096153845
1,3,414992986,4,2,1,1.0039211511611938,6.352672503544734
1,3,414992986,4,2,2,0.9716909527778625,6.281669836777907
1,3,414992986,4,2,3,0.9379469752311707,6.17123636832604
1,3,414992986,4,2,4,0.8977062702178955,5.954094776740441
1,3,414992986,4,2,5,0.8428359031677246,5.541568389305701
1,3,414992986,4,2,6,0.7583000659942627,4.948230303250826
1,3,414992986,4,2,7,0.6230564713478088,4.490916123756995
1,3,414992986,4,2,8,0.44812753796577454,5.996848381482637
1,3,414992986,4,2,9,0.413421094417572,9.971946312830998
1,3,414992986,4,2,10,0.5415124893188477,11.71540484061608
1,3,414992986,4,2,11,0.5918455719947815,9.994177744938778
1,3,414992986,4,2,12,0.4925750195980072,7.400238403907189
1,3,414992986,4,2,13,0.3723682761192322,5.573324588628916
1,3,414992986,4,2,14,0.311765193939209,4.821816811194787
1,3,414992986,4,2,15,0.3023034334182739,4.720292183069082
1,3,414992986,4,2,16,0.3049195110797882,4.999869511677669
1,3,414992986,4,2,17,0.3023330867290497,5.598051859782292
1,3,414992986,4,2,18,0.2910063564777374,6.314543925798857
1,3,414992986,4,2,19,0.2687550187110901,6.882614080722515
1,3,414992986,4,2,20,0.24303585290908813,7.115926742553711
1,3,414992986,4,2,21,0.2255113422870636,6.857792597550612
1,3,414992986,4,2,22,0.21231083571910858,6.302741802655733
1,3,414992986,4,2,23,0.19297605752944946,5.8511391786428595
1,3,414992986,4,2,24,0.1676555722951889,5.749375031544612
1,3,414992986,4,2,25,0.14530889689922333,5.867567117397602
1,3,414992986,4,2,26,0.13881613314151764,5.676912142680242
1,3,414992986,4,2,27,0.14215488731861115,5.346476719929622
1,3,414993188,4,4,1,0.9928153157234192,0.6079469116834494
1,3,414993188,4,4,2,0.9182539284229279,0.5468773796008184
1,3,414993188,4,4,3,0.8329018503427505,0.42582521301049453
1,3,414993188,4,4,4,0.5564446747303009,0.5742346117129693
1,3,414993188,4,4,5,0.6805802583694458,0.646910167657412
1,3,414993188,4,4,6,0.5247191190719604,0.5160899219604639
1,3,414993188,4,4,7,0.4234083890914917,0.5068389922380447
1,3,414993188,4,4,8,0.43189120292663574,0.5380101410242227
1,3,414993188,4,4,9,0.3991216868162155,0.5327762789451159
1,3,414993188,4,4,10,0.34733980894088745,0.4621928076331432
1,3,414993188,4,4,11,0.3145690783858299,0.44496486565241444
1,3,414993188,4,4,12,0.3095758855342865,0.465925174836929
1,3,414993188,4,4,13,0.25961335003376007,0.5682828013713543
1,3,414993188,4,4,14,0.25258078426122665,0.5762869452054684
1,3,414993188,4,4,15,0.22054309397935867,0.5146512790368154
1,3,414993188,4,4,16,0.19945867359638214,0.5220115379645274
1,3,414993188,4,4,17,0.20619038492441177,0.4295376974802751
1,3,414993188,4,4,18,0.18570201098918915,0.40566763224510044
1,3,414993188,4,4,19,0.18595249205827713,0.5275425314903259
1,3,414993188,4,4,20,0.20310144498944283,0.6446874004143935
1,3,414993188,4,4,21,0.19494132325053215,0.45294869060699755
1,3,414993188,4,4,22,0.16461832076311111,0.40352239860938144
1,3,414993188,4,4,23,0.16384261474013329,0.4237040395920093
1,3,414993188,4,4,24,0.17147239670157433,0.35816983993236834
1,3,414993188,4,4,25,0.1537765897810459,0.36561035078305465
1,3,414993188,4,4,26,0.1506350263953209,0.46148010744498325
1,3,414993188,4,4,27,0.15738241747021675,0.5186051978514745
1,3,414993188,4,4,28,0.14829669147729874,0.4098800948032966
1,3,414993188,4,4,29,0.14873012527823448,0.37664725058353865
1,3,414993188,4,4,30,0.14256354421377182,0.3594810853783901
1,3,414993188,4,4,31,0.14402322843670845,0.3601288159306233
1,3,414993188,4,4,32,0.13398957252502441,0.44344680584394014
1,3,414993188,4,4,33,0.1330077424645424,0.41947998106479645
1,3,414993188,4,4,34,0.13114644214510918,0.37845116280592406
1,3,414993188,4,4,35,0.1300964504480362,0.371880815579341
1,3,414993188,4,4,36,0.13593251258134842,0.3746582968876912
1,3,414993188,4,4,37,0.13105546683073044,0.34669538415395296
1,3,414993188,4,4,38,0.12342990189790726,0.3963360855212578
1,3,414993188,4,4,39,0.1296963170170784,0.3825292346569208
1,3,414993188,4,4,40,0.11877657100558281,0.3310048184715785
1,3,414993188,4,4,41,0.12929877452552319,0.3546940993804198
1,3,414993188,4,4,42,0.12286574393510818,0.40575851041537064
1,3,414993188,4,4,43,0.12427819520235062,0.31955029242313826
1,3,414993188,4,4,44,0.12664411962032318,0.32328246247309905
1,3,414993188,4,4,45,0.12026062607765198,0.3964320845328845
1,3,414993188,4,4,46,0.12247593328356743,0.33464375367531407
1,3,414993188,4,4,47,0.11882850900292397,0.31651389541534275
1,3,414993188,4,4,48,0.11868377774953842,0.36282499249164873
1,3,414993188,4,4,49,0.11290353164076805,0.35790174397138447
1,3,414993188,4,4,50,0.11382738128304482,0.2981143192603038
1,3,414993188,4,4,51,0.11182419583201408,0.3296020386310724
1,3,414993188,4,4,52,0.11513088271021843,0.3645536876641787
1,3,414993188,4,4,53,0.11281603574752808,0.32789743748994976
1,3,414993188,4,4,54,0.10876419022679329,0.3170070384557431
1,3,414993188,4,4,55,0.10665805637836456,0.340270350758846
1,3,414993188,4,4,56,0.1137582790106535,0.3418403279322844
1,3,414993188,4,4,57,0.10527343302965164,0.31511426258545655
1,3,414993188,4,4,58,0.1203158050775528,0.3256777444711098
1,3,414993188,4,4,59,0.10468278080224991,0.3499194108522855
1,3,414993188,4,4,60,0.11477946490049362,0.2995679716651256
2,1,414971267,1,1,1,0.00031357313855551183,2316421.1346153845
2,1,414971267,1,1,2,0.000395502254832536,2316409.3846153845
2,1,414971267,1,1,3,0.00017468359146732837,2316562.1634615385
2,1,414971267,1,1,4,5.588049316429533e-05,2316867.5
2,1,414971267,1,1,5,0.00011945689766434953,2316952.028846154
2,1,414971267,1,1,6,0.0001088541466742754,2317021.375
2,1,414971267,1,1,7,5.9079229686176404e-05,2316987.105769231
2,1,414971267,1,1,8,3.3768788853194565e-05,2317014.5673076925
2,1,414971267,1,1,9,2.919198595918715e-05,2317088.1634615385
2,1,414971267,1,1,10,3.1769050110597163e-05,2317124.173076923
2,1,414971267,1,1,11,3.303271296317689e-05,2317141.8846153845
2,1,414971267,1,1,12,2.9302536859177053e-05,2317140.230769231
2,1,414971267,1,1,13,2.3305805370910093e-05,2317148.0673076925
2,1,414971267,1,1,14,1.8745358829619363e-05,2317157.528846154
2,1,414971267,1,1,15,1.4865647244732827e-05,2317129.701923077
2,1,414971267,1,1,16,1.1337203432049137e-05,2317085.980769231
2,1,414971267,1,1,17,1.0209449101239443e-05,2317044.644230769
2,1,414971267,1,1,18,1.0900042070716154e-05,2317017.278846154
2,1,414971267,1,1,19,1.1193253158126026e-05,2317001.8076923075
2,1,414971267,1,1,20,9.929276529874187e-06,2316981.0096153845
2,1,414971267,1,1,21,7.467391242244048e-06,2316942.1826923075
2,1,414971267,1,1,22,5.211993538978277e-06,2316895.6923076925
2,1,414971368,1,2,1,0.9961522221565247,25.546403958247257
2,1,414971368,1,2,2,0.9683665037155151,25.526909204629753
2,1,414971368,1,2,3,0.9399319887161255,25.500861461345966
2,1,414971368,1,2,4,0.9084780812263489,25.460592563335712
2,1,414971368,1,2,5,0.8710832595825195,25.385771457965557
2,1,414971368,1,2,6,0.8230180740356445,25.22581485601572
2,1,414971368,1,2,7,0.7551830410957336,24.913669146024265
2,1,414971368,1,2,8,0.6562135815620422,24.541063418755165
2,1,414971368,1,2,9,0.5693550109863281,24.59035796385545
2,1,414971368,1,2,10,0.5787779688835144,25.13447270026574
2,1,414971368,1,2,11,0.5854467153549194,25.2614044042734
2,1,414971368,1,2,12,0.5360980033874512,24.929054553692158
2,1,414971368,1,2,13,0.48087096214294434,24.731745426471416
2,1,414971368,1,2,14,0.45807191729545593,24.854107489952675
2,1,414971368,1,2,15,0.44515591859817505,25.36709026189951
2,1,414971368,1,2,16,0.431090384721756,26.175820864163914
2,1,414971368,1,2,17,0.4115067422389984,27.092877864837646
2,1,414971368,1,2,18,0.3945419192314148,27.942264300126297
2,1,414971368,1,2,19,0.3875924348831177,28.303511179410496
2,1,414971368,1,2,20,0.37605124711990356,28.57978740105262
2,1,414971368,1,2,21,0.3583819270133972,29.524109767033504
2,1,414971368,1,2,22,0.3418704569339752,30.65809572660006
2,1,414971368,1,2,23,0.33215823769569397,30.737512441781853
2,1,414971368,1,2,24,0.3243700861930847,30.983479426457333
2,1,414971368,1,2,25,0.3133891224861145,32.753738990196815
2,1,414971368,1,2,26,0.2949502170085907,34.895274235652046
2,1,414971368,1,2,27,0.2794627845287323,35.0397069637592
2,1,414971368,1,2,28,0.2703511118888855,36.74921505267803
2,1,414971570,1,4,1,1.0086990594863892,1.704620911524846
2,1,414971570,1,4,2,0.974700927734375,1.6908361590825594
2,1,414971570,1,4,3,0.9412832856178284,1.6767879220155568
2,1,414971570,1,4,4,0.9050883650779724,1.6612468086756194
2,1,414971570,1,4,5,0.8626172542572021,1.643145231100229
2,1,414971570,1,4,6,0.8091091513633728,1.6216866878362803
2,1,414971570,1,4,7,0.7365856766700745,1.6050421366324792
2,1,414971570,1,4,8,0.6392484903335571,1.659133989077348
2,1,414971570,1,4,9,0.5671798586845398,1.7123285669546862
2,1,414971570,1,4,10,0.5056769847869873,1.7543333860544057
2,1,414971570,1,4,11,0.4669264554977417,1.7745877733597388
2,1,414971570,1,4,12,0.44335806369781494,1.7694526268885686
2,1,414971570,1,4,13,0.4101457893848419,1.779139404113476
2,1,414971570,1,4,14,0.37752190232276917,1.8048934202927809
2,1,414971570,1,4,15,0.34734389185905457,1.7899658129765437
2,1,414971570,1,4,16,0.3255559802055359,1.6969129764116728
2,1,414971570,1,4,17,0.3115138113498688,1.6098423966994653
2,1,414971570,1,4,18,0.31419527530670166,1.5638902737544134
2,1,414971570,1,4,19,0.31381624937057495,1.5453610741175139
2,1,414971570,1,4,20,0.29962649941444397,1.5461721695386446
2,1,414971570,1,4,21,0.29270467162132263,1.5307795772185693
2,1,414971570,1,4,22,0.28441116213798523,1.5170603348658636
2,1,414971570,1,4,23,0.2810533940792084,1.5205040528224065
2,1,414971570,1,4,24,0.269599586725235,1.540234808738415
2,1,414971570,1,4,25,0.2647232115268707,1.5351338707483733
2,1,414971570,1,4,26,0.2588510513305664,1.5220572031461275
2,1,414971570,1,4,27,0.25660085678100586,1.5299017750299895
2,1,414971570,1,4,28,0.2503182590007782,1.559578849719121
2,1,414971570,1,4,29,0.24577151238918304,1.5662082158602202
2,1,414971570,1,4,30,0.23973625898361206,1.5499616402846117
2,1,414971570,1,4,31,0.23396944999694824,1.5565080780249376
2,1,414971570,1,4,32,0.22952789068222046,1.5849474576803355
2,1,414971570,1,4,33,0.22827816009521484,1.581778769309704
2,1,414971570,1,4,34,0.22609612345695496,1.5580973900281465
2,1,414971570,1,4,35,0.22250622510910034,1.5688674633319561
2,1,414971570,1,4,36,0.2188745141029358,1.609409442314735
2,1,414971570,1,4,37,0.2173854410648346,1.611832462824308
2,1,414971570,1,4,38,0.213551327586174,1.5914525022873511
2,1,414971570,1,4,39,0.2097938507795334,1.605154968225039
2,1,414971570,1,4,40,0.2068314552307129,1.6320148568886976
2,1,414971570,1,4,41,0.20469214022159576,1.6147989263901343
2,1,414971570,1,4,42,0.19964484870433807,1.5913813618513255
2,1,414980440,2,1,1,0.004766188561916351,2386009.798076923
2,1,414980440,2,1,2,0.0015165230724960566,2386039.7884615385
2,1,414980440,2,1,3,0.00018250964058097452,2386071.7884615385
2,1,414980440,2,1,4,0.0006286022835411131,2386052.0096153845
2,1,414980440,2,1,5,0.000868212606292218,2385996.9134615385
2,1,414980440,2,1,6,0.000490304664708674,2385969.7884615385
2,1,414980440,2,1,7,0.00016229004540946335,2386024.394230769
2,1,414980440,2,1,8,9.013408998725936e-05,2386014.9326923075
2,1,414980440,2,1,9,0.0001741371670505032,2385950.451923077
2,1,414980440,2,1,10,0.00025208882289007306,2385880.6923076925
2,1,414980440,2,1,11,0.0002487481106072664,2385827.875
2,1,414980440,2,1,12,0.00018107042706105858,2385792.269230769
2,1,414980440,2,1,13,0.00010045256203738973,2385769.201923077
2,1,414980440,2,1,14,5.3679563279729337e-05,2385749.7403846155
2,1,414980440,2,1,15,6.175151793286204e-05,2385722.894230769
2,1,414980440,2,1,16,0.00010217246745014563,2385684.1153846155
2,1,414980440,2,1,17,0.00011890154564753175,2385647.2403846155
2,1,414980440,2,1,18,9.03269974514842e-05,2385629.7596153845
2,1,414980440,2,1,19,4.496147084864788e-05,2385628.730769231
2,1,414980440,2,1,20,1.4851872037979774e-05,2385637.605769231
2,1,414980440,2,1,21,9.647409569879528e-06,2385669.096153846
2,1,414980440,2,1,22,2.1249490600894205e-05,2385697.923076923
2,1,414980440,2,1,23,3.6355137126520276e-05,2385706.0384615385
2,1,414980440,2,1,24,4.492235530051403e-05,2385699.451923077
2,1,414980440,2,1,25,4.332065873313695e-05,2385691.480769231
2,1,414980440,2,1,26,3.377742905286141e-05,2385684.25
2,1,414980440,2,1,27,2.1761687094112858e-05,2385681.894230769
2,1,414980440,2,1,28,1.270932534680469e-05,2385684.4326923075
2,1,414980440,2,1,29,9.409503945789766e-06,2385695.855769231
2,1,414980440,2,1,30,1.1107867067039479e-05,2385720.5
2,1,414980440,2,1,31,1.460172552469885e-05,2385763.0865384615
2,1,414980440,2,1,32,1.6522244550287724e-05,2385826.625
2,1,414980440,2,1,33,1.532500027678907e-05,2385905.6826923075
2,1,414980440,2,1,34,1.1806721886387095e-05,2385993.019230769
2,1,414980440,2,1,35,8.07966625870904e-06,2386078.9423076925
2,1,414980440,2,1,36,5.973761744826334e-06,2386154.6923076925
2,1,414980440,2,1,37,5.990439603920095e-06,2386220.8076923075
2,1,414980440,2,1,38,7.2967204687302e-06,2386278.0096153845
2,1,414980440,2,1,39,8.49497337185312e-06,2386323.451923077
2,1,414980541,2,2,1,1.0004245042800903,5.524282602163462
2,1,414980541,2,2,2,0.9699389934539795,5.450786994053767
2,1,414980541,2,2,3,0.9397150874137878,5.364440459471482
2,1,414980541,2,2,4,0.9069018959999084,5.24997091293335
2,1,414980541,2,2,5,0.8687409162521362,5.076881445371187
2,1,414980541,2,2,6,0.8218886852264404,4.7809322980734015
2,1,414980541,2,2,7,0.7613546252250671,4.254335531821618
2,1,414980541,2,2,8,0.6809869408607483,3.4171284437179565
2,1,414980541,2,2,9,0.5871654152870178,2.736665964126587
2,1,414980541,2,2,10,0.5789953470230103,2.7965401319357066
2,1,414980541,2,2,11,0.6033069491386414,2.8903906161968527
2,1,414980541,2,2,12,0.5582079291343689,2.931591409903306
2,1,414980541,2,2,13,0.5127479434013367,2.9157028106542735
2,1,414980541,2,2,14,0.49427497386932373,2.897614763333247
2,1,414980541,2,2,15,0.48117056488990784,3.008155969473032
2,1,414980541,2,2,16,0.4622909724712372,3.465601682662964
2,1,414980541,2,2,17,0.4415247440338135,4.175863678638752
2,1,414980541,2,2,18,0.42053619027137756,4.562394774877108
2,1,414980541,2,2,19,0.3979904353618622,4.702485341292161
2,1,414980541,2,2,20,0.38309818506240845,4.68578630227309
2,1,414980541,2,2,21,0.3650071620941162,4.837999307192289
2,1,414980541,2,2,22,0.3341924548149109,6.087871533173781
2,1,414980541,2,2,23,0.30833354592323303,7.027826951100276
2,1,414980541,2,2,24,0.29861176013946533,5.94815626511207
2,1,414980541,2,2,25,0.280866414308548,6.377138339556181
2,1,414980541,2,2,26,0.2663581073284149,9.626022705665001
2,1,414980541,2,2,27,0.24723580479621887,11.694943446379442
2,1,414980541,2,2,28,0.22972425818443298,11.029403429764967
2,1,414980541,2,2,29,0.20859651267528534,14.781751981148354
2,1,414980743,2,4,1,1.0084301233291626,1.145385247010451
2,1,414980743,2,4,2,0.9812929034233093,1.110743536398961
2,1,414980743,2,4,3,0.9543373584747314,1.0729618989504301
2,1,414980743,2,4,4,0.9249827265739441,1.0286928369448736
2,1,414980743,2,4,5,0.8906440734863281,0.973764914732713
2,1,414980743,2,4,6,0.8481680154800415,0.9016861411241385
2,1,414980743,2,4,7,0.792755663394928,0.8034650454154382
2,1,414980743,2,4,8,0.7177987694740295,0.6880328953266144
2,1,414980743,2,4,9,0.6309558749198914,0.7022647215769842
2,1,414980743,2,4,10,0.6563621163368225,0.6927490188525274
2,1,414980743,2,4,11,0.6412392854690552,0.6242221914804899
2,1,414980743,2,4,12,0.5654526352882385,0.6043750529105847
2,1,414980743,2,4,13,0.5325309634208679,0.6172308188218337
2,1,414980743,2,4,14,0.5300703048706055,0.6270966300597558
2,1,414980743,2,4,15,0.5248402953147888,0.6295196322294382
2,1,414980743,2,4,16,0.5108985304832458,0.6316310694584479
2,1,414980743,2,4,17,0.4934685528278351,0.6372869404462668
2,1,414980743,2,4,18,0.48379409313201904,0.6120210083631369
2,1,414980743,2,4,19,0.4718857407569885,0.5634141793617835
2,1,414980743,2,4,20,0.4506261348724365,0.533442850296314
2,1,414980743,2,4,21,0.43723058700561523,0.5242794958444742
2,1,414980743,2,4,22,0.43058645725250244,0.5304319904400752
2,1,414980743,2,4,23,0.42506974935531616,0.5481761877353375
2,1,414980743,2,4,24,0.4215480089187622,0.5486514958051535
2,1,414980743,2,4,25,0.4078277349472046,0.550307144339268
2,1,414980743,2,4,26,0.3936714231967926,0.5707600735701047
2,1,414980743,2,4,27,0.38368770480155945,0.6079588819008607
2,1,414980743,2,4,28,0.37242391705513,0.6460972783657221
2,1,414980743,2,4,29,0.3624242842197418,0.6281300393434671
2,1,414980743,2,4,30,0.3505665361881256,0.5806876638760934
2,1,414980743,2,4,31,0.3404295742511749,0.5569205352893243
2,1,414980743,2,4,32,0.33066126704216003,0.560564650939061
2,1,414980743,2,4,33,0.3189184367656708,0.5707961997160544
2,1,414980743,2,4,34,0.3083745837211609,0.5558686646131369
2,1,414980743,2,4,35,0.29580172896385193,0.5382839108888919
2,1,414980743,2,4,36,0.2856082618236542,0.5365699300399194
2,1,414980743,2,4,37,0.2751174569129944,0.5442192015739588
2,1,414980743,2,4,38,0.26471948623657227,0.5360617970044796
2,1,414980743,2,4,39,0.2545662522315979,0.5126661543662732
2,1,414980743,2,4,40,0.246987447142601,0.49819243527375734
2,1,414980743,2,4,41,0.24348987638950348,0.49969629370249236
2,1,414980743,2,4,42,0.2390015721321106,0.5105544477701187
2,1,414980743,2,4,43,0.233425572514534,0.516954379586073
2,1,414980743,2,4,44,0.22764194011688232,0.5170334841196353
2,1,414980743,2,4,45,0.22262820601463318,0.5180043807396522
2,1,414980743,2,4,46,0.21845729649066925,0.519403229539211
2,1,414980743,2,4,47,0.21352878212928772,0.520708597623385
2,1,414980743,2,4,48,0.2087778002023697,0.5223953804144492
2,1,414980743,2,4,49,0.2036174088716507,0.5321992566952338
2,1,414980743,2,4,50,0.19840046763420105,0.546350543315594
2,1,414980743,2,4,51,0.19353750348091125,0.5467857145346128
2,1,414980743,2,4,52,0.18726609647274017,0.5488417939497874
2,1,414980743,2,4,53,0.18146400153636932,0.5663922589558822
2,1,414980743,2,4,54,0.1756073385477066,0.561206022134194
2,1,414980743,2,4,55,0.17016997933387756,0.5513102607085154
2,1,414980743,2,4,56,0.1642441302537918,0.5691991333778088
2,1,414980743,2,4,57,0.15849672257900238,0.520512424982511
2,1,414980743,2,4,58,0.15295907855033875,0.5529642976247348
2,1,414980743,2,4,59,0.14825758337974548,0.46238450132883513
2,1,414980743,2,4,60,0.14350324869155884,0.5435589941648337
2,1,414998786,4,1,1,0.003423229558393359,2315723.903846154
2,1,414998786,4,1,2,0.00041712800157256424,2315695.1634615385
2,1,414998786,4,1,3,0.0003932049439754337,2315810.894230769
2,1,414998786,4,1,4,0.0008841663948260248,2315788.5
2,1,414998786,4,1,5,0.0005035352078266442,2315740.7596153845
2,1,414998786,4,1,6,0.0001331475650658831,2315715.423076923
2,1,414998786,4,1,7,4.828144301427528e-05,2315695.721153846
2,1,414998786,4,1,8,0.00013292403309606016,2315666.326923077
2,1,414998786,4,1,9,0.00022881459153722972,2315635.346153846
2,1,414998786,4,1,10,0.0002545926545280963,2315623.596153846
2,1,414998786,4,1,11,0.00020900790696032345,2315656.826923077
2,1,414998786,4,1,12,0.00013110401050653309,2315760.7403846155
2,1,414998786,4,1,13,6.405821477528661e-05,2315924.105769231
2,1,414998786,4,1,14,3.5405653761699796e-05,2316048.3173076925
2,1,414998786,4,1,15,4.505027027335018e-05,2315986.4134615385
2,1,414998786,4,1,16,6.290982128120959e-05,2315751.3076923075
2,1,414998786,4,1,17,6.448269414249808e-05,2315486.346153846
2,1,414998786,4,1,18,5.3400515753310174e-05,2315506.855769231
2,1,414998786,4,1,19,4.2420357203809544e-05,2315658.6153846155
2,1,414998786,4,1,20,3.646968980319798e-05,2315577.4615384615
2,1,414998786,4,1,21,3.3286680263699964e-05,2315507.5576923075
2,1,414998786,4,1,22,2.9394477678579278e-05,2315452.3653846155
2,1,414998786,4,1,23,2.351157490920741e-05,2315420.2115384615
2,1,414998786,4,1,24,1.7144702724181116e-05,2315408.855769231
2,1,414998786,4,1,25,1.3145005141268484e-05,2315410.625
2,1,414998786,4,1,26,1.328407415712718e-05,2315421.6346153845
2,1,414998786,4,1,27,1.6609765225439332e-05,2315439.4615384615
2,1,414998786,4,1,28,1.996680293814279e-05,2315461.5673076925
2,1,414998786,4,1,29,2.033356940955855e-05,2315484.4134615385
2,1,414998786,4,1,30,1.6961930668912828e-05,2315505.3846153845
2,1,414998786,4,1,31,1.1586588698264677e-05,2315522.6826923075
2,1,414998786,4,1,32,6.85827308188891e-06,2315535.6826923075
2,1,414998786,4,1,33,4.514878582995152e-06,2315546.2403846155
2,1,414998786,4,1,34,4.598853138304548e-06,2315555.875
2,1,414998786,4,1,35,5.9370736380515154e-06,2315565.826923077
2,1,414998786,4,1,36,7.180814918683609e-06,2315577.1826923075
2,1,414998786,4,1,37,7.561203346995171e-06,2315589.8076923075
2,1,414998786,4,1,38,7.032690973574063e-06,2315602.923076923
2,1,414998786,4,1,39,5.998248070682166e-06,2315615.3076923075
2,1,414998786,4,1,40,4.935429842589656e-06,2315625.6346153845
2,1,414998786,4,1,41,4.126331987208687e-06,2315632.9326923075
2,1,414998786,4,1,42,3.5745524655794725e-06,2315637.019230769
2,1,414998786,4,1,43,3.1120421226660255e-06,2315638.6634615385
2,1,414998786,4,1,44,2.613028073028545e-06,2315638.4326923075
2,1,414998887,4,2,1,1.007277250289917,30.224428947155292
2,1,414998887,4,2,2,0.9759472012519836,30.118875393500694
2,1,414998887,4,2,3,0.9453016519546509,29.99718530361469
2,1,414998887,4,2,4,0.9119765162467957,29.84105869439932
2,1,414998887,4,2,5,0.8728590607643127,29.617004357851467
2,1,414998887,4,2,6,0.8240923285484314,29.25433921813965
2,1,414998887,4,2,7,0.7594631314277649,28.640764749967136
2,1,414998887,4,2,8,0.6698440313339233,27.72993979087243
2,1,414998887,4,2,9,0.5587895512580872,26.908003697028526
2,1,414998887,4,2,10,0.5272230505943298,27.085075084979717
2,1,414998887,4,2,11,0.573449432849884,27.59533273256742
2,1,414998887,4,2,12,0.5603367686271667,27.52072547032283
2,1,414998887,4,2,13,0.4799058735370636,27.136043842022236
2,1,414998887,4,2,14,0.4271916449069977,26.938454224513126
2,1,414998887,4,2,15,0.4240984320640564,26.853703572199894
2,1,414998887,4,2,16,0.42359209060668945,26.893587369185227
2,1,414998887,4,2,17,0.4060163199901581,27.331041996295635
2,1,414998887,4,2,18,0.3765767514705658,28.60118154379038
2,1,414998887,4,2,19,0.35795220732688904,30.04422818697416
2,1,414998887,4,2,20,0.35552191734313965,29.971947229825535
2,1,414998887,4,2,21,0.3420737683773041,29.16800418266883
2,1,414998887,4,2,22,0.3315562903881073,28.5928493646475
2,1,414998887,4,2,23,0.3309793472290039,28.542600044837364
2,1,414998887,4,2,24,0.3285263478755951,29.102252886845516
2,1,414998887,4,2,25,0.3243705630302429,29.516576840327335
2,1,414998887,4,2,26,0.3246360719203949,28.99012587620662
2,1,414998887,4,2,27,0.32148832082748413,28.059038235591007
2,1,414998887,4,2,28,0.3180291950702667,27.18688986851619
2,1,414998887,4,2,29,0.3133847117424011,26.879338264465332
2,1,414998887,4,2,30,0.30871909856796265,27.253749700692985
2,1,414998887,4,2,31,0.31054073572158813,27.1321780865009
2,1,414998887,4,2,32,0.30779287219047546,26.65137716440054
2,1,414998887,4,2,33,0.3023229241371155,26.3452300291795
2,1,414998887,4,2,34,0.30125176906585693,26.058501463669998
2,1,414998887,4,2,35,0.2961311936378479,26.132387528052696
2,1,414998887,4,2,36,0.2920414209365845,26.33361522967999
2,1,414998887,4,2,37,0.29076525568962097,26.08015141120324
2,1,414998887,4,2,38,0.2842663526535034,26.067101038419285
2,1,414998887,4,2,39,0.2819642424583435,26.27512660393348
2,1,414998887,4,2,40,0.2789573669433594,26.275534263023964
2,1,414998887,4,2,41,0.27418744564056396,25.9924499805157
2,1,414998887,4,2,42,0.2716766595840454,25.666520265432503
2,1,414998887,4,2,43,0.26907220482826233,25.859961656423714
2,1,414998887,4,2,44,0.264784574508667,26.054151901831993
2,1,414998887,4,2,45,0.26266399025917053,26.178965641902042
2,1,414998887,4,2,46,0.2589886784553528,26.144579227154072
2,1,414998887,4,2,47,0.25751224160194397,26.293835126436672
2,1,414998887,4,2,48,0.2540246844291687,26.72931275000939
2,1,414998887,4,2,49,0.2531646490097046,26.542820416964016
2,1,414998887,4,2,50,0.2500745356082916,26.639200870807354
2,1,414998887,4,2,51,0.24887332320213318,26.736895854656513
2,1,414998887,4,2,52,0.2475542426109314,27.077758202185997
2,1,414998887,4,2,53,0.2516207993030548,26.503263840308556
2,1,414998887,4,2,54,0.24793270230293274,27.809138518113357
2,1,414998887,4,2,55,0.2569170296192169,27.072164902320274
2,1,414998887,4,2,56,0.23928482830524445,26.538622562701885
2,1,414998887,4,2,57,0.2569909989833832,27.13177805680495
2,1,414998887,4,2,58,0.23717740178108215,28.10422369150015
2,1,414998887,4,2,59,0.2552723288536072,27.217911573556755
2,1,414998887,4,2,60,0.2359209954738617,26.49635388300969
2,1,414999089,4,4,1,0.9879799485206604,0.8706503051977891
2,1,414999089,4,4,2,0.9510328322649002,0.8027065029511085
2,1,414999089,4,4,3,0.8835483193397522,0.6879992599670703
2,1,414999089,4,4,4,0.7611741572618484,0.4697839250931373
2,1,414999089,4,4,5,0.6225650906562805,0.5530504423838395
2,1,414999089,4,4,6,0.6315611898899078,0.4341636621035062
2,1,414999089,4,4,7,0.5550874173641205,0.47020158859399647
2,1,414999089,4,4,8,0.5500341206789017,0.47537497602976286
2,1,414999089,4,4,9,0.5180595219135284,0.4784656854776236
2,1,414999089,4,4,10,0.471871480345726,0.4761705490259024
2,1,414999089,4,4,11,0.465527668595314,0.43306085352714246
2,1,414999089,4,4,12,0.4346986263990402,0.4310039167220776
2,1,414999089,4,4,13,0.4353770241141319,0.41218413068698
2,1,414999089,4,4,14,0.41610531508922577,0.3998944071622995
2,1,414999089,4,4,15,0.40060073137283325,0.4155954649815193
2,1,414999089,4,4,16,0.37035346031188965,0.43025099772673386
2,1,414999089,4,4,17,0.3623754382133484,0.4623077569099573
2,1,414999089,4,4,18,0.3510703518986702,0.4812044707628397
2,1,414999089,4,4,19,0.3405418246984482,0.4641360388352321
2,1,414999089,4,4,20,0.3355667144060135,0.46638176991389346
2,1,414999089,4,4,21,0.313763827085495,0.44767149824362534
2,1,414999089,4,4,22,0.30593185871839523,0.427139197404568
2,1,414999089,4,4,23,0.2777887433767319,0.4023363154668074
2,1,414999089,4,4,24,0.2710431292653084,0.37208181906204957
2,1,414999089,4,4,25,0.25969936326146126,0.3309696242213249
2,1,414999089,4,4,26,0.23864851146936417,0.3209503086713644
2,1,414999089,4,4,27,0.2283361479640007,0.3252917700088941
2,1,414999089,4,4,28,0.24588623642921448,0.30520206231337327
2,1,414999089,4,4,29,0.24329662322998047,0.27831887854979587
2,1,414999089,4,4,30,0.21785003691911697,0.38690886761133486
2,1,414999089,4,4,31,0.2569527253508568,0.30474519500365627
2,1,414999089,4,4,32,0.20739638805389404,0.2635143341926428
2,1,414999089,4,4,33,0.2850191071629524,0.262838955108936
2,1,414999089,4,4,34,0.26721959561109543,0.29478484162917507
2,1,414999089,4,4,35,0.20622574537992477,0.29455836633077037
2,1,414999089,4,4,36,0.2014840915799141,0.2618418943423491
2,1,414999089,4,4,37,0.1855233646929264,0.26108994621496934
2,1,414999089,4,4,38,0.1810704544186592,0.27314491741932356
2,1,414999089,4,4,39,0.15698890201747417,0.23479830129788473
2,1,414999089,4,4,40,0.15003536641597748,0.21475664812784928
2,1,414999089,4,4,41,0.13548781350255013,0.21382336948926634
2,1,414999089,4,4,42,0.13948993012309074,0.2143680642430599
2,1,414999089,4,4,43,0.12382316030561924,0.17936390122542015
2,1,414999089,4,4,44,0.10975435562431812,0.18429599301173136
2,1,414999089,4,4,45,0.10985350236296654,0.16540944461639112
2,1,414999089,4,4,46,0.09734666720032692,0.17282832585848296
2,1,414999089,4,4,47,0.10272515192627907,0.16053039523271415
2,1,414999089,4,4,48,0.09362955763936043,0.1651515198441652
2,1,414999089,4,4,49,0.09394632652401924,0.1461267786530348
2,1,414999089,4,4,50,0.09219519793987274,0.14824538620618674
2,1,414999089,4,4,51,0.09092451818287373,0.16036318185237738
2,1,414999089,4,4,52,0.08237898163497448,0.1483568328504379
2,1,414999089,4,4,53,0.08045525476336479,0.14259569404216912
2,1,414999089,4,4,54,0.08315338008105755,0.144130984464517
2,1,414999089,4,4,55,0.07488964684307575,0.1521648853444136
2,1,414999089,4,4,56,0.0774733666330576,0.14492565307479638
2,1,414999089,4,4,57,0.07513060048222542,0.14047367154405668
2,1,414999089,4,4,58,0.0758906714618206,0.13911192319714105
2,1,414999089,4,4,59,0.07181455567479134,0.14408790749999192
2,1,414999089,4,4,60,0.07487992197275162,0.13514984055207327
2,2,414972276,1,1,1,0.00445100711658597,2329222.2884615385
2,2,414972276,1,1,2,0.001169836730696261,2329285.9134615385
2,2,414972276,1,1,3,0.00011033182090613991,2329338.298076923
2,2,414972276,1,1,4,0.0008565022144466639,2329247.721153846
2,2,414972276,1,1,5,0.0007781682652421296,2329142.173076923
2,2,414972276,1,1,6,0.00029304742929525673,2329134.6826923075
2,2,414972276,1,1,7,4.7601351980119944e-05,2329180.201923077
2,2,414972276,1,1,8,8.1358288298361e-05,2329189.230769231
2,2,414972276,1,1,9,0.0002167221246054396,2329166.4134615385
2,2,414972276,1,1,10,0.0002792448503896594,2329124.3653846155
2,2,414972276,1,1,11,0.00022537691984325647,2329090.1923076925
2,2,414972276,1,1,12,0.0001167111040558666,2329069.355769231
2,2,414972276,1,1,13,3.70882626157254e-05,2329059.480769231
2,2,414972276,1,1,14,3.872476008837111e-05,2329058.173076923
2,2,414972276,1,1,15,9.54627976170741e-05,2329066.701923077
2,2,414972276,1,1,16,0.00010960538929793984,2329087.5576923075
2,2,414972276,1,1,17,7.259517587954178e-05,2329117.355769231
2,2,414972276,1,1,18,3.962609116570093e-05,2329134.2115384615
2,2,414972276,1,1,19,3.247630957048386e-05,2329138.625
2,2,414972276,1,1,20,3.768795431824401e-05,2329142.2596153845
2,2,414972276,1,1,21,3.9983162423595786e-05,2329140.173076923
2,2,414972276,1,1,22,3.576121889636852e-05,2329134.3173076925
2,2,414972276,1,1,23,2.9211203582235612e-05,2329126.028846154
2,2,414972276,1,1,24,2.5101862775045447e-05,2329117.2596153845
2,2,414972276,1,1,25,2.4552091417717747e-05,2329109.298076923
2,2,414972276,1,1,26,2.5015744540723972e-05,2329104.019230769
2,2,414972276,1,1,27,2.3286456780624576e-05,2329102.221153846
2,2,414972276,1,1,28,1.8555318092694506e-05,2329104.1346153845
2,2,414972276,1,1,29,1.3026136002736166e-05,2329109.125
2,2,414972276,1,1,30,9.869707355392165e-06,2329115.6923076925
2,2,414972276,1,1,31,1.0383360859123059e-05,2329122.2115384615
2,2,414972276,1,1,32,1.2885798241768498e-05,2329127.644230769
2,2,414972276,1,1,33,1.4331028069136664e-05,2329131.230769231
2,2,414972276,1,1,34,1.2973406228411477e-05,2329133.0096153845
2,2,414972377,1,2,1,0.9993979930877686,31.8495916219858
2,2,414972377,1,2,2,0.9720137119293213,31.751555662888748
2,2,414972377,1,2,3,0.9445835947990417,31.63521487896259
2,2,414972377,1,2,4,0.914236307144165,31.479926402752216
2,2,414972377,1,2,5,0.8781853318214417,31.24118210719182
2,2,414972377,1,2,6,0.8327030539512634,30.818475283109226
2,2,414972377,1,2,7,0.7712693214416504,30.087342188908504
2,2,414972377,1,2,8,0.6838105916976929,29.154643865732048
2,2,414972377,1,2,9,0.5817519426345825,28.821344448969914
2,2,414972377,1,2,10,0.5869449973106384,28.968595651479866
2,2,414972377,1,2,11,0.6031367778778076,29.187597788297214
2,2,414972377,1,2,12,0.5856263637542725,29.12710952758789
2,2,414972377,1,2,13,0.5319480299949646,29.023884993333084
2,2,414972377,1,2,14,0.4874524474143982,29.238385934096115
2,2,414972377,1,2,15,0.46781739592552185,30.14811765230619
2,2,414972377,1,2,16,0.45834627747535706,32.21850248483511
2,2,414972377,1,2,17,0.45962369441986084,34.002180319565994
2,2,414972377,1,2,18,0.4535655975341797,33.79720145005446
2,2,414972377,1,2,19,0.42975854873657227,33.78224453559289
2,2,414972377,1,2,20,0.4133758246898651,35.600498346182015
2,2,414972377,1,2,21,0.4013160467147827,39.7482732626108
2,2,414972377,1,2,22,0.3898550271987915,44.15574117807242
2,2,414972377,1,2,23,0.3780311644077301,45.084426146287186
2,2,414972377,1,2,24,0.36158624291419983,44.09675554128793
2,2,414972377,1,2,25,0.34851711988449097,44.76756829481859
2,2,414972377,1,2,26,0.3440885543823242,48.050288713895355
2,2,414972377,1,2,27,0.3408442437648773,51.535473163311295
2,2,414972377,1,2,28,0.33223092555999756,54.16448505108173
2,2,414972377,1,2,29,0.3266857862472534,55.458903972919174
2,2,414972579,1,4,1,1.0101016759872437,2.8177345991134644
2,2,414972579,1,4,2,0.983339786529541,2.797791205919706
2,2,414972579,1,4,3,0.9575859904289246,2.776177012003385
2,2,414972579,1,4,4,0.9288857579231262,2.7498270915104794
2,2,414972579,1,4,5,0.8930180072784424,2.714619911634005
2,2,414972579,1,4,6,0.8440206050872803,2.664122994129474
2,2,414972579,1,4,7,0.7725963592529297,2.595136422377366
2,2,414972579,1,4,8,0.674320638179779,2.563264094866239
2,2,414972579,1,4,9,0.6226072907447815,2.568173436018137
2,2,414972579,1,4,10,0.6175190806388855,2.565825187242948
2,2,414972579,1,4,11,0.6067540049552917,2.54933913395955
2,2,414972579,1,4,12,0.5868573784828186,2.5377724858430715
2,2,414972579,1,4,13,0.5774120688438416,2.534715716655438
2,2,414972579,1,4,14,0.5760521292686462,2.528706981585576
2,2,414972579,1,4,15,0.5667241215705872,2.5179281188891482
2,2,414972579,1,4,16,0.5459080338478088,2.5103548719332767
2,2,414972579,1,4,17,0.5205930471420288,2.5274962140963626
2,2,414972579,1,4,18,0.5146159529685974,2.5496716866126428
2,2,414972579,1,4,19,0.5237611532211304,2.527452533061688
2,2,414972579,1,4,20,0.5047701597213745,2.50160885315675
2,2,414972579,1,4,21,0.4898270070552826,2.4957903623580933
2,2,414972579,1,4,22,0.49158427119255066,2.493272460423983
2,2,414972579,1,4,23,0.48547467589378357,2.494511705178481
2,2,414972579,1,4,24,0.4669353663921356,2.5242797090457034
2,2,414972579,1,4,25,0.45590049028396606,2.575734656590682
2,2,414972579,1,4,26,0.463850200176239,2.5510965081361623
2,2,414972579,1,4,27,0.45070505142211914,2.488799654520475
2,2,414972579,1,4,28,0.433965265750885,2.4456970462432275
2,2,414972579,1,4,29,0.42858752608299255,2.4216280029370236
2,2,414972579,1,4,30,0.4233343005180359,2.4114176401725183
2,2,414972579,1,4,31,0.4151729345321655,2.416063991876749
2,2,414972579,1,4,32,0.408443421125412,2.4304086841069736
2,2,414972579,1,4,33,0.40259188413619995,2.4416517936266384
2,2,414972579,1,4,34,0.39039626717567444,2.4507390627494225
2,2,414972579,1,4,35,0.3818715214729309,2.451506467965933
2,2,414972579,1,4,36,0.3749462366104126,2.455369137800657
2,2,414972579,1,4,37,0.36087146401405334,2.474254085467412
2,2,414972579,1,4,38,0.34483829140663147,2.5093018045792213
2,2,414972579,1,4,39,0.3348378539085388,2.553041691963489
2,2,414972579,1,4,40,0.32630521059036255,2.5536560186972985
2,2,414972579,1,4,41,0.31560662388801575,2.5827493392504177
2,2,414972579,1,4,42,0.30006736516952515,2.6175804413281956
2,2,414972579,1,4,43,0.29618021845817566,2.660810947418213
2,2,414972579,1,4,44,0.29050755500793457,2.6387430796256433
2,2,414972579,1,4,45,0.2861219346523285,2.630929112434387
2,2,414972579,1,4,46,0.28323423862457275,2.5909057213709903
2,2,414972579,1,4,47,0.27186843752861023,2.60046439904433
2,2,414972579,1,4,48,0.2685520350933075,2.631007941869589
2,2,414972579,1,4,49,0.26667162775993347,2.6182825519488406
2,2,414972579,1,4,50,0.2624494731426239,2.6097702292295604
2,2,414981449,2,1,1,0.0007575253257527947,2120170.980769231
2,2,414981449,2,1,2,8.781849464867264e-05,2120162.3365384615
2,2,414981449,2,1,3,0.00030229645199142396,2120185.0
2,2,414981449,2,1,4,0.00019319573766551912,2120187.769230769
2,2,414981449,2,1,5,5.380162110668607e-05,2120206.9615384615
2,2,414981449,2,1,6,5.461479668156244e-05,2120227.221153846
2,2,414981449,2,1,7,9.670048893895e-05,2120235.4134615385
2,2,414981449,2,1,8,8.707024971954525e-05,2120281.1923076925
2,2,414981449,2,1,9,5.372271334636025e-05,2120344.0576923075
2,2,414981449,2,1,10,2.935831798822619e-05,2120360.923076923
2,2,414981449,2,1,11,1.9977038391516544e-05,2120326.1153846155
2,2,414981449,2,1,12,1.991928911593277e-05,2120255.2596153845
2,2,414981449,2,1,13,2.342160587431863e-05,2120250.2115384615
2,2,414981449,2,1,14,2.557511288614478e-05,2120270.6346153845
2,2,414981449,2,1,15,2.3082619009073824e-05,2120279.3653846155
2,2,414981449,2,1,16,1.6979525753413327e-05,2120277.605769231
2,2,414981449,2,1,17,1.1388199709472246e-05,2120250.0865384615
2,2,414981449,2,1,18,9.06741388462251e-06,2120207.5
2,2,414981449,2,1,19,9.453656275582034e-06,2120162.5576923075
2,2,414981449,2,1,20,1.052102743415162e-05,2120117.403846154
2,2,414981449,2,1,21,1.0751564332167618e-05,2120071.1826923075
2,2,414981449,2,1,22,9.408494406670798e-06,2120025.153846154
2,2,414981449,2,1,23,6.709471563226543e-06,2119981.326923077
2,2,414981449,2,1,24,4.011649252788629e-06,2119942.855769231
2,2,414981449,2,1,25,2.7202711407880997e-06,2119909.528846154
2,2,414981449,2,1,26,2.964677150885109e-06,2119880.6826923075
2,2,414981449,2,1,27,3.919471510016592e-06,2119854.7884615385
2,2,414981449,2,1,28,4.899645318801049e-06,2119831.6153846155
2,2,414981449,2,1,29,5.465368303703144e-06,2119811.2596153845
2,2,414981449,2,1,30,5.178662831895053e-06,2119794.1346153845
2,2,414981449,2,1,31,4.04262891606777e-06,2119780.673076923
2,2,414981449,2,1,32,2.6627787974575767e-06,2119771.7596153845
2,2,414981449,2,1,33,1.5539952755716513e-06,2119767.8365384615
2,2,414981449,2,1,34,8.098855346361233e-07,2119767.625
2,2,414981449,2,1,35,4.979946766070498e-07,2119768.5096153845
2,2,414981449,2,1,36,6.829969265709224e-07,2119768.3365384615
2,2,414981449,2,1,37,1.0981851801261655e-06,2119766.2596153845
2,2,414981449,2,1,38,1.3772071270068409e-06,2119761.951923077
2,2,414981449,2,1,39,1.4491578212982859e-06,2119756.5
2,2,414981449,2,1,40,1.3776618743577274e-06,2119750.778846154
2,2,414981449,2,1,41,1.1799374988186173e-06,2119745.6826923075
2,2,414981449,2,1,42,9.760826742422068e-07,2119741.576923077
2,2,414981449,2,1,43,9.069146926776739e-07,2119738.596153846
2,2,414981449,2,1,44,8.977287961897673e-07,2119736.25
2,2,414981449,2,1,45,8.173701644409448e-07,2119734.673076923
2,2,414981449,2,1,46,6.916205848028767e-07,2119734.0096153845
2,2,414981449,2,1,47,5.637189701701573e-07,2119734.0673076925
2,2,414981449,2,1,48,4.12622853218636e-07,2119734.3173076925
2,2,414981449,2,1,49,2.724140131249442e-07,2119733.451923077
2,2,414981449,2,1,50,1.971028922298501e-07,2119730.894230769
2,2,414981449,2,1,51,1.7284605746681336e-07,2119726.6923076925
2,2,414981449,2,1,52,1.926386374861977e-07,2119721.9326923075
2,2,414981449,2,1,53,2.6808390884980327e-07,2119717.951923077
2,2,414981449,2,1,54,3.479104861980886e-07,2119715.5865384615
2,2,414981449,2,1,55,3.7068974734211224e-07,2119714.923076923
2,2,414981449,2,1,56,3.4133856274820573e-07,2119715.3653846155
2,2,414981449,2,1,57,2.8388456030370435e-07,2119716.125
2,2,414981449,2,1,58,2.1561893959187728e-07,2119716.5673076925
2,2,414981449,2,1,59,1.6818430026432907e-07,2119716.778846154
2,2,414981449,2,1,60,1.5431521660502767e-07,2119716.75
2,2,414981550,2,2,1,1.0032603740692139,49.972950862004204
2,2,414981550,2,2,2,0.9809209704399109,49.86499903752254
2,2,414981550,2,2,3,0.958903431892395,49.74157406733586
2,2,414981550,2,2,4,0.934596836566925,49.583549352792595
2,2,414981550,2,2,5,0.9056007862091064,49.35477036696214
2,2,414981550,2,2,6,0.8688504695892334,48.982789553128754
2,2,414981550,2,2,7,0.8193625807762146,48.355715384850136
2,2,414981550,2,2,8,0.7499497532844543,47.4006112905649
2,2,414981550,2,2,9,0.6648799180984497,46.36591573861929
2,2,414981550,2,2,10,0.6534737348556519,45.996430323674126
2,2,414981550,2,2,11,0.6687270402908325,45.90413342989408
2,2,414981550,2,2,12,0.6267236471176147,45.90559416550856
2,2,414981550,2,2,13,0.5775324106216431,45.968841112576996
2,2,414981550,2,2,14,0.5639591217041016,45.92727044912485
2,2,414981550,2,2,15,0.5568903088569641,45.830342072706955
2,2,414981550,2,2,16,0.5397446155548096,46.085809854360726
2,2,414981550,2,2,17,0.5172975659370422,47.40734657874474
2,2,414981550,2,2,18,0.5101356506347656,48.194138306837814
2,2,414981550,2,2,19,0.497531920671463,47.37445904658391
2,2,414981550,2,2,20,0.47674429416656494,46.611267236562874
2,2,414981550,2,2,21,0.4759257733821869,46.532056955190804
2,2,414981550,2,2,22,0.4709204137325287,47.20820118830754
2,2,414981550,2,2,23,0.44955411553382874,49.057092079749474
2,2,414981550,2,2,24,0.43920543789863586,50.483904325045074
2,2,414981550,2,2,25,0.44738224148750305,48.99676161545973
2,2,414981550,2,2,26,0.4288032054901123,47.48768058189979
2,2,414981550,2,2,27,0.4234822690486908,47.3164176940918
2,2,414981550,2,2,28,0.42515304684638977,48.11439587519719
2,2,414981550,2,2,29,0.41833925247192383,48.920539122361404
2,2,414981550,2,2,30,0.41031432151794434,49.24367567209097
2,2,414981550,2,2,31,0.4117986857891083,49.159350615281326
2,2,414981550,2,2,32,0.4086563289165497,48.72178488511305
2,2,414981550,2,2,33,0.39969363808631897,48.68235250619742
2,2,414981550,2,2,34,0.4036521315574646,48.72499920771672
2,2,414981550,2,2,35,0.4015962779521942,49.217858681311974
2,2,414981752,2,4,1,1.002697229385376,0.8698308742963351
2,2,414981752,2,4,2,0.9674736857414246,0.8537216530396388
2,2,414981752,2,4,3,0.932201623916626,0.8365660974612603
2,2,414981752,2,4,4,0.893215000629425,0.8168242780061868
2,2,414981752,2,4,5,0.8465597033500671,0.7929301537000216
2,2,414981752,2,4,6,0.7864954471588135,0.7635335807616894
2,2,414981752,2,4,7,0.7036088109016418,0.7335092631670145
2,2,414981752,2,4,8,0.5882027745246887,0.7566913068294525
2,2,414981752,2,4,9,0.4737923741340637,1.0186052849659553
2,2,414981752,2,4,10,0.5319628119468689,1.242440938949585
2,2,414981752,2,4,11,0.615851104259491,1.2072720573498652
2,2,414981752,2,4,12,0.5565070509910583,1.0375598393953764
2,2,414981752,2,4,13,0.4546673595905304,0.8834506066945883
2,2,414981752,2,4,14,0.4060633182525635,0.8029371293691488
2,2,414981752,2,4,15,0.39676299691200256,0.7632466852664948
2,2,414981752,2,4,16,0.3891341984272003,0.7442090946894425
2,2,414981752,2,4,17,0.3733471930027008,0.7409876539156988
2,2,414981752,2,4,18,0.3531854450702667,0.7486791564868047
2,2,414981752,2,4,19,0.3328304588794708,0.749515909415025
2,2,414981752,2,4,20,0.3086227774620056,0.7331355878939996
2,2,414981752,2,4,21,0.2901136875152588,0.7123169440489548
2,2,414981752,2,4,22,0.29006126523017883,0.6952517766218919
2,2,414981752,2,4,23,0.2956324517726898,0.6793160736560822
2,2,414981752,2,4,24,0.2905518710613251,0.6622985693124624
2,2,414981752,2,4,25,0.2771017253398895,0.6430419729306147
2,2,414981752,2,4,26,0.2680004835128784,0.6193986741396097
2,2,414981752,2,4,27,0.263999342918396,0.5998717282827084
2,2,414981752,2,4,28,0.2634839117527008,0.5910420291698896
2,2,414981752,2,4,29,0.2608474791049957,0.5930431702962289
2,2,414981752,2,4,30,0.2501950263977051,0.6072234614537313
2,2,414981752,2,4,31,0.2395760715007782,0.6225810841872141
2,2,414981752,2,4,32,0.23457962274551392,0.6223944861155289
2,2,414981752,2,4,33,0.23177917301654816,0.615916738143334
2,2,414981752,2,4,34,0.23125745356082916,0.6152237160847738
2,2,414981752,2,4,35,0.2258676290512085,0.62633794431503
2,2,414981752,2,4,36,0.22241370379924774,0.637315782216879
2,2,414981752,2,4,37,0.2214699536561966,0.6382730075946221
2,2,414981752,2,4,38,0.2222623974084854,0.6368358295697433
2,2,414981752,2,4,39,0.21843673288822174,0.6409670469852594
2,2,414981752,2,4,40,0.21662592887878418,0.6419456096795889
2,2,414981752,2,4,41,0.21694359183311462,0.6356053226269208
2,2,414981752,2,4,42,0.2146179974079132,0.6341566260044391
2,2,414981752,2,4,43,0.21198858320713043,0.6370171010494232
2,2,414981752,2,4,44,0.21096083521842957,0.6253411976190714
2,2,414981752,2,4,45,0.2114122211933136,0.6063567021718392
2,2,414981752,2,4,46,0.20993120968341827,0.6039123088121414
2,2,414981752,2,4,47,0.20875395834445953,0.6179588081745001
2,2,414981752,2,4,48,0.2070382982492447,0.6304334906431345
2,2,414999795,4,1,1,0.0034298072569072247,2374932.6826923075
2,2,414999795,4,1,2,0.0006045385380275548,2374296.230769231
2,2,414999795,4,1,3,0.00016415373829659075,2373969.903846154
2,2,414999795,4,1,4,0.0007787423091940582,2374097.644230769
2,2,414999795,4,1,5,0.0005533723742701113,2374338.1346153845
2,2,414999795,4,1,6,0.00013971791486255825,2374847.230769231
2,2,414999795,4,1,7,9.590556146577e-05,2375689.1923076925
2,2,414999795,4,1,8,0.0002611264353618026,2375927.980769231
2,2,414999795,4,1,9,0.00024504997418262064,2375877.355769231
2,2,414999795,4,1,10,0.00013776746345683932,2375755.3365384615
2,2,414999795,4,1,11,6.344610301312059e-05,2375618.8173076925
2,2,414999795,4,1,12,4.9568829126656055e-05,2375520.2403846155
2,2,414999795,4,1,13,6.642960215685889e-05,2375485.4615384615
2,2,414999795,4,1,14,7.162533438531682e-05,2375464.4903846155
2,2,414999795,4,1,15,5.1371302106417716e-05,2375442.153846154
2,2,414999795,4,1,16,2.4552376999054104e-05,2375412.846153846
2,2,414999795,4,1,17,1.2691503798123449e-05,2375373.778846154
2,2,414999795,4,1,18,1.956063169927802e-05,2375325.375
2,2,414999795,4,1,19,3.3574873668840155e-05,2375287.221153846
2,2,414999795,4,1,20,4.1155359213007614e-05,2375258.4903846155
2,2,414999795,4,1,21,3.722167821251787e-05,2375246.5673076925
2,2,414999795,4,1,22,2.6198162231594324e-05,2375249.144230769
2,2,414999795,4,1,23,1.597619120730087e-05,2375254.028846154
2,2,414999896,4,2,1,1.007873296737671,53.187440138596756
2,2,414999896,4,2,2,0.9818829894065857,53.14412865271935
2,2,414999896,4,2,3,0.9562534093856812,53.0898563678448
2,2,414999896,4,2,4,0.928619384765625,53.013196798471306
2,2,414999896,4,2,5,0.8970174193382263,52.88927606435922
2,2,414999896,4,2,6,0.8592588305473328,52.652699323800896
2,2,414999896,4,2,7,0.8119874000549316,52.18462547889123
2,2,414999896,4,2,8,0.7497912049293518,51.45306330460768
2,2,414999896,4,2,9,0.6755967736244202,50.97620083735539
2,2,414999896,4,2,10,0.6745716333389282,50.861924171447754
2,2,414999896,4,2,11,0.6596902012825012,50.87418057368352
2,2,414999896,4,2,12,0.6290018558502197,50.99620679708627
2,2,414999896,4,2,13,0.6055483818054199,51.13679291651799
2,2,414999896,4,2,14,0.5916079878807068,51.29745057912973
2,2,414999896,4,2,15,0.5739516615867615,51.71224902226375
2,2,414999896,4,2,16,0.5508641004562378,52.83807307023268
2,2,414999896,4,2,17,0.5387082099914551,53.98526983994704
2,2,414999896,4,2,18,0.5292906165122986,53.78187605050894
2,2,414999896,4,2,19,0.5041568875312805,53.45063532315768
2,2,414999896,4,2,20,0.498052716255188,53.643537521362305
2,2,414999896,4,2,21,0.4937468469142914,54.546752856327934
2,2,414999896,4,2,22,0.4778486490249634,56.03792476654053
2,2,414999896,4,2,23,0.46330296993255615,56.06787784282978
2,2,414999896,4,2,24,0.44666701555252075,55.23317755185641
2,2,414999896,4,2,25,0.4409370720386505,55.52087094233586
2,2,414999896,4,2,26,0.4401604235172272,57.07134554936336
2,2,414999896,4,2,27,0.4358578324317932,58.3439061825092
2,2,414999896,4,2,28,0.4301512539386749,58.62743671123798
2,2,414999896,4,2,29,0.4245564043521881,60.26667917691744
2,2,414999896,4,2,30,0.4242486357688904,62.361703579242416
2,2,415000098,4,4,1,0.9991881549358368,2.0913656445649953
2,2,415000098,4,4,2,0.9400965869426727,2.0486127642484813
2,2,415000098,4,4,3,0.8370343744754791,1.9647274017333984
2,2,415000098,4,4,4,0.6510568410158157,1.8643548809565031
2,2,415000098,4,4,5,0.6572987735271454,2.3099994384325466
2,2,415000098,4,4,6,0.8049353063106537,2.1130594611167908
2,2,415000098,4,4,7,0.5193518027663231,1.9153090898807232
2,2,415000098,4,4,8,0.4906499832868576,1.8786422335184538
2,2,415000098,4,4,9,0.5122036337852478,1.837088766006323
2,2,415000098,4,4,10,0.4567292481660843,1.8209417852071614
2,2,415000098,4,4,11,0.43329957127571106,1.7695480699722583
2,2,415000098,4,4,12,0.42025013267993927,1.7250780256894918
2,2,415000098,4,4,13,0.4082551896572113,1.7107254197964301
2,2,415000098,4,4,14,0.39144665002822876,1.716380536556244
2,2,415000098,4,4,15,0.3837638199329376,1.6917069600178645
2,2,415000098,4,4,16,0.36896244436502457,1.6755439868340125
2,2,415000098,4,4,17,0.36522217094898224,1.672941343142436
2,2,415000098,4,4,18,0.3506813049316406,1.682897143639051
2,2,415000098,4,4,19,0.3516947478055954,1.6933355766993303
2,2,415000098,4,4,20,0.3515719622373581,1.6908419201007256
2,2,415000098,4,4,21,0.3648219369351864,1.6915600024736845
2,2,415000098,4,4,22,0.35692498087882996,1.6825365447081053
2,2,415000098,4,4,23,0.34694814682006836,1.679844074524366
2,2,415000098,4,4,24,0.3591803163290024,1.6805940155799572
2,2,415000098,4,4,25,0.3519262224435806,1.650635036138388
2,2,415000098,4,4,26,0.3621881604194641,1.6594579403217022
2,2,415000098,4,4,27,0.3394344002008438,1.713872036108604
2,2,415000098,4,4,28,0.3408271372318268,1.6480560761231642
2,2,415000098,4,4,29,0.341651514172554,1.6329792371163
2,2,415000098,4,4,30,0.32270143181085587,1.669523420242163
2,2,415000098,4,4,31,0.33178190886974335,1.6931873261928558
2,2,415000098,4,4,32,0.32138967514038086,1.6406408754678874
2,2,415000098,4,4,33,0.3288990408182144,1.6364134091597338
2,2,415000098,4,4,34,0.32635174691677094,1.6705774871202617
2,2,415000098,4,4,35,0.3119617849588394,1.708959916463265
2,2,415000098,4,4,36,0.3210901767015457,1.6547913276232207
2,2,415000098,4,4,37,0.31687407195568085,1.639122417339912
2,2,415000098,4,4,38,0.31850390136241913,1.6523601687871492
2,2,415000098,4,4,39,0.30783794820308685,1.6672310393590193
2,2,415000098,4,4,40,0.3065183460712433,1.654441700531886
2,2,415000098,4,4,41,0.3213757984340191,1.634525111088386
2,2,415000098,4,4,42,0.3024941086769104,1.6698091190594893
2,2,415000098,4,4,43,0.32676609605550766,1.650553930264253
2,2,415000098,4,4,44,0.308397576212883,1.604102943952267
2,2,415000098,4,4,45,0.3073020279407501,1.6114346247452955
2,2,415000098,4,4,46,0.2977636605501175,1.6534908413887024
2,2,415000098,4,4,47,0.2963341772556305,1.634205128137882
2,2,415000098,4,4,48,0.2923532724380493,1.6256393836094782
2,2,415000098,4,4,49,0.3057316467165947,1.629831116933089
2,2,415000098,4,4,50,0.2934302091598511,1.671523589354295
2,2,415000098,4,4,51,0.3159920275211334,1.6524474666668818
2,2,415000098,4,4,52,0.2874017432332039,1.6065557438593645
2,2,415000098,4,4,53,0.31455350667238235,1.6146879585889669
2,2,415000098,4,4,54,0.3119760900735855,1.660014991576855
2,2,415000098,4,4,55,0.29113128781318665,1.7406165141325731
2,2,415000098,4,4,56,0.3336535543203354,1.707854722554867
2,2,415000098,4,4,57,0.3091745376586914,1.633526100562169
2,2,415000098,4,4,58,0.2860873341560364,1.6365780532360077
2,2,415000098,4,4,59,0.31826063245534897,1.6425028947683482
2,2,415000098,4,4,60,0.2788531184196472,1.648266301705287
2,3,414973285,1,1,1,0.003237678436562419,2461313.355769231
2,3,414973285,1,1,2,0.0005683563649654388,2461050.105769231
2,3,414973285,1,1,3,0.0001664234878262505,2460809.471153846
2,3,414973285,1,1,4,0.0006928360089659691,2460787.394230769
2,3,414973285,1,1,5,0.0005184976616874337,2461072.0
2,3,414973285,1,1,6,0.0001749124057823792,2461318.596153846
2,3,414973285,1,1,7,5.256221265881322e-05,2461538.903846154
2,3,414973285,1,1,8,0.00011929938773391768,2461725.1923076925
2,3,414973285,1,1,9,0.00019288543262518942,2461901.8076923075
2,3,414973285,1,1,10,0.00019632931798696518,2462092.8173076925
2,3,414973285,1,1,11,0.00014395783364307135,2462174.221153846
2,3,414973285,1,1,12,7.626001024618745e-05,2462120.519230769
2,3,414973285,1,1,13,3.212777664884925e-05,2462004.9615384615
2,3,414973285,1,1,14,3.0914408853277564e-05,2461889.528846154
2,3,414973285,1,1,15,5.2105129725532606e-05,2461793.778846154
2,3,414973285,1,1,16,5.833374598296359e-05,2461719.673076923
2,3,414973285,1,1,17,4.564526170725003e-05,2461528.730769231
2,3,414973285,1,1,18,3.109417957603e-05,2461295.855769231
2,3,414973285,1,1,19,2.4013328584260307e-05,2461118.048076923
2,3,414973285,1,1,20,2.2498568796436302e-05,2461091.7596153845
2,3,414973285,1,1,21,2.2305091988528147e-05,2461177.471153846
2,3,414973285,1,1,22,2.2232732590055093e-05,2461318.375
2,3,414973285,1,1,23,2.2706704839947633e-05,2461459.1346153845
2,3,414973285,1,1,24,2.2839651137473993e-05,2461584.375
2,3,414973386,1,2,1,1.0031956434249878,4.827801099190345
2,3,414973386,1,2,2,0.9660822153091431,4.774511153881367
2,3,414973386,1,2,3,0.9294296503067017,4.715339642304641
2,3,414973386,1,2,4,0.889421284198761,4.641336239301241
2,3,414973386,1,2,5,0.8420493006706238,4.541242947945228
2,3,414973386,1,2,6,0.7812581062316895,4.427061099272508
2,3,414973386,1,2,7,0.695618748664856,4.453534199641301
2,3,414973386,1,2,8,0.5695613026618958,5.398831660930927
2,3,414973386,1,2,9,0.44343653321266174,8.232622751822838
2,3,414973386,1,2,10,0.47843867540359497,8.967138180365929
2,3,414973386,1,2,11,0.4568096101284027,6.859135811145489
2,3,414973386,1,2,12,0.31693029403686523,4.711767453413743
2,3,414973386,1,2,13,0.23545971512794495,3.889448330952571
2,3,414973386,1,2,14,0.2030966728925705,4.029028947536762
2,3,414973386,1,2,15,0.18757185339927673,5.36556495152987
2,3,414973386,1,2,16,0.17404694855213165,8.309541152073788
2,3,414973386,1,2,17,0.15181787312030792,13.386205379779522
2,3,414973386,1,2,18,0.13006387650966644,18.726380751683163
2,3,414973386,1,2,19,0.11240313202142715,20.690902930039627
2,3,414973386,1,2,20,0.08737844973802567,23.119233498206505
2,3,414973386,1,2,21,0.06768707931041718,30.116049693180965
2,3,414973386,1,2,22,0.05056412145495415,39.12399607438307
2,3,414973386,1,2,23,0.04214416444301605,38.71813891484187
2,3,414973386,1,2,24,0.02734421007335186,38.342778572669395
2,3,414973386,1,2,25,0.021746737882494926,46.034246738140396
2,3,414973386,1,2,26,0.01978260651230812,50.24419197669396
2,3,414973386,1,2,27,0.020733514800667763,46.67509387089656
2,3,414973386,1,2,28,0.018757497891783714,51.92259876544659
2,3,414973386,1,2,29,0.01608150079846382,62.731216137225815
2,3,414973386,1,2,30,0.017839452251791954,61.159400939941406
2,3,414973386,1,2,31,0.014868810772895813,63.60333310640775
2,3,414973386,1,2,32,0.014462299644947052,73.36871660672702
2,3,414973386,1,2,33,0.0141946692019701,67.45091438293457
2,3,414973588,1,4,1,0.9886180758476257,2.607659495793856
2,3,414973588,1,4,2,0.9491199254989624,2.571152838376852
2,3,414973588,1,4,3,0.9078863859176636,2.5308380998097935
2,3,414973588,1,4,4,0.8620332479476929,2.484344569536356
2,3,414973588,1,4,5,0.8087375164031982,2.4287712574005127
2,3,414973588,1,4,6,0.7444815039634705,2.360658356776604
2,3,414973588,1,4,7,0.6650187373161316,2.2839237497403073
2,3,414973588,1,4,8,0.5750424265861511,2.2675358653068542
2,3,414973588,1,4,9,0.5561054944992065,2.26879869057582
2,3,414973588,1,4,10,0.5656408071517944,2.2211756706237793
2,3,414973588,1,4,11,0.5186555981636047,2.1827046229289127
2,3,414973588,1,4,12,0.48168981075286865,2.171247532734504
2,3,414973588,1,4,13,0.4710281193256378,2.1719545951256385
2,3,414973588,1,4,14,0.4650067389011383,2.1835651030907264
2,3,414973588,1,4,15,0.45753344893455505,2.200666312987988
2,3,414973588,1,4,16,0.44415444135665894,2.2150401060397806
2,3,414973588,1,4,17,0.4227433204650879,2.2298062718831577
2,3,414973588,1,4,18,0.4043903052806854,2.2308917412391076
2,3,414973588,1,4,19,0.39630162715911865,2.20331609249115
2,3,414973588,1,4,20,0.39000940322875977,2.178342213997474
2,3,414973588,1,4,21,0.3883323669433594,2.171773369495685
2,3,414973588,1,4,22,0.3862340450286865,2.18019516651447
2,3,414973588,1,4,23,0.38194090127944946,2.1910452338365407
2,3,414973588,1,4,24,0.3794546127319336,2.1759635485135593
2,3,414973588,1,4,25,0.37194567918777466,2.1479773292174706
2,3,414973588,1,4,26,0.36127230525016785,2.1304349853442264
2,3,414973588,1,4,27,0.3536189794540405,2.1249777307877173
2,3,414973588,1,4,28,0.3497898578643799,2.1227201636020956
2,3,414973588,1,4,29,0.34905537962913513,2.1085578157351565
2,3,414973588,1,4,30,0.3435744345188141,2.08779520713366
2,3,414973588,1,4,31,0.3358684182167053,2.0715406445356517
2,3,414973588,1,4,32,0.3328554928302765,2.0552914234308095
2,3,414973588,1,4,33,0.32940688729286194,2.040100551568545
2,3,414973588,1,4,34,0.3251665532588959,2.034102270236382
2,3,414973588,1,4,35,0.32504087686538696,2.0346523844278774
2,3,414973588,1,4,36,0.3218895494937897,2.0401584460185123
2,3,414973588,1,4,37,0.31662529706954956,2.047089526286492
2,3,414973588,1,4,38,0.31486624479293823,2.04479030920909
2,3,414973588,1,4,39,0.3096100986003876,2.044786356962644
2,3,414973588,1,4,40,0.3074165880680084,2.0463086779300985
2,3,414973588,1,4,41,0.3033675253391266,2.049022390292241
2,3,414973588,1,4,42,0.2969914972782135,2.0562851153887234
2,3,414973588,1,4,43,0.29460281133651733,2.0582862083728495
2,3,414973588,1,4,44,0.2882600724697113,2.0651616866771993
2,3,414973588,1,4,45,0.2858050465583801,2.0710619458785424
2,3,414973588,1,4,46,0.27895858883857727,2.0840122424639187
2,3,414973588,1,4,47,0.2771029770374298,2.087390844638531
2,3,414973588,1,4,48,0.27155718207359314,2.096864347274487
2,3,414973588,1,4,49,0.26782116293907166,2.107966042481936
2,3,414973588,1,4,50,0.26431721448898315,2.104306629070869
2,3,414973588,1,4,51,0.2598685026168823,2.0945139802419224
2,3,414973588,1,4,52,0.25658565759658813,2.0998426400698147
2,3,414973588,1,4,53,0.2513065040111542,2.1174660370900082
2,3,414973588,1,4,54,0.24660836160182953,2.1409887809019823
2,3,414982458,2,1,1,0.0006608430412597954,2442367.7403846155
2,3,414982458,2,1,2,0.00022762447770219296,2442561.6153846155
2,3,414982458,2,1,3,0.0002897412923630327,2442675.1826923075
2,3,414982458,2,1,4,7.092561281751841e-05,2442742.4423076925
2,3,414982458,2,1,5,5.80691994400695e-05,2442750.326923077
2,3,414982458,2,1,6,0.0001138691368396394,2442653.798076923
2,3,414982458,2,1,7,9.071581007447094e-05,2442521.1923076925
2,3,414982458,2,1,8,5.0775648560374975e-05,2442397.3076923075
2,3,414982458,2,1,9,3.194090095348656e-05,2442315.451923077
2,3,414982458,2,1,10,2.65877151832683e-05,2442274.5576923075
2,3,414982458,2,1,11,1.9191124010831118e-05,2442271.846153846
2,3,414982458,2,1,12,1.7315214790869504e-05,2442273.4615384615
2,3,414982458,2,1,13,2.544532617321238e-05,2442251.2115384615
2,3,414982458,2,1,14,3.155722515657544e-05,2442229.8076923075
2,3,414982458,2,1,15,2.6163870643358678e-05,2442221.903846154
2,3,414982458,2,1,16,1.3995406334288418e-05,2442222.1826923075
2,3,414982458,2,1,17,6.080034381739097e-06,2442222.9326923075
2,3,414982458,2,1,18,7.2567536335554905e-06,2442218.9134615385
2,3,414982458,2,1,19,1.2564845746965148e-05,2442208.2884615385
2,3,414982458,2,1,20,1.4382528206624556e-05,2442190.9423076925
2,3,414982458,2,1,21,1.083246934285853e-05,2442169.298076923
2,3,414982458,2,1,22,5.995225819788175e-06,2442148.4903846155
2,3,414982458,2,1,23,4.0915547288022935e-06,2442135.25
2,3,414982458,2,1,24,5.202394731895765e-06,2442133.4326923075
2,3,414982458,2,1,25,6.364668024616549e-06,2442142.0096153845
2,3,414982458,2,1,26,5.696128937415779e-06,2442156.923076923
2,3,414982458,2,1,27,4.17413411923917e-06,2442173.1346153845
2,3,414982458,2,1,28,3.581415967346402e-06,2442186.2596153845
2,3,414982458,2,1,29,4.113620889256708e-06,2442194.3653846155
2,3,414982458,2,1,30,4.53483789897291e-06,2442197.4615384615
2,3,414982458,2,1,31,3.942342118534725e-06,2442196.769230769
2,3,414982458,2,1,32,2.7023388611269183e-06,2442194.721153846
2,3,414982458,2,1,33,1.7981627706831205e-06,2442193.625
2,3,414982458,2,1,34,1.6752272813391755e-06,2442195.548076923
2,3,414982458,2,1,35,1.8997967572431662e-06,2442200.971153846
2,3,414982458,2,1,36,1.8684559108805843e-06,2442208.5865384615
2,3,414982458,2,1,37,1.5577444401060347e-06,2442216.4134615385
2,3,414982458,2,1,38,1.368501216347795e-06,2442222.721153846
2,3,414982458,2,1,39,1.4591885246773018e-06,2442226.4134615385
2,3,414982458,2,1,40,1.565001298331481e-06,2442227.596153846
2,3,414982458,2,1,41,1.4053688346393756e-06,2442226.7884615385
2,3,414982458,2,1,42,1.0118528734892607e-06,2442225.1923076925
2,3,414982458,2,1,43,6.51146194741159e-07,2442223.701923077
2,3,414982458,2,1,44,5.482600613504474e-07,2442223.326923077
2,3,414982559,2,2,1,1.000253438949585,30.765741421626164
2,3,414982559,2,2,2,0.975189208984375,30.677734228280876
2,3,414982559,2,2,3,0.9495647549629211,30.572022291330192
2,3,414982559,2,2,4,0.9207648634910583,30.428332182077263
2,3,414982559,2,2,5,0.8864151239395142,30.197278022766113
2,3,414982559,2,2,6,0.8431300520896912,29.76543455857497
2,3,414982559,2,2,7,0.7850913405418396,29.040235666128304
2,3,414982559,2,2,8,0.7114569544792175,28.337463232187126
2,3,414982559,2,2,9,0.6909845471382141,27.90749014340914
2,3,414982559,2,2,10,0.651402473449707,27.657485008239746
2,3,414982559,2,2,11,0.6219682693481445,27.638990108783428
2,3,414982559,2,2,12,0.6228479146957397,27.601190860454853
2,3,414982559,2,2,13,0.6033896207809448,27.580025086036095
2,3,414982559,2,2,14,0.5695382356643677,27.95671719771165
2,3,414982559,2,2,15,0.5389827489852905,29.20693852351262
2,3,414982559,2,2,16,0.5298696160316467,29.898544018085186
2,3,414982559,2,2,17,0.5218040347099304,29.929286663348858
2,3,414982559,2,2,18,0.5133064389228821,30.90082946190467
2,3,414982559,2,2,19,0.503075122833252,33.666169973520134
2,3,414982559,2,2,20,0.4939493238925934,34.70215826768141
2,3,414982559,2,2,21,0.48256784677505493,34.22994848398062
2,3,414982559,2,2,22,0.474116712808609,36.63596974886381
2,3,414982559,2,2,23,0.46333032846450806,41.31297448965219
2,3,414982559,2,2,24,0.4577770531177521,40.767925849327675
2,3,414982559,2,2,25,0.4492385983467102,41.72851225046011
2,3,414982559,2,2,26,0.4462346136569977,48.18249775813176
2,3,414982559,2,2,27,0.43722498416900635,53.388750516451324
2,3,414982559,2,2,28,0.4336394667625427,52.223400409405045
2,3,414982559,2,2,29,0.4323679208755493,58.9334109379695
2,3,414982559,2,2,30,0.4264117181301117,68.1580587533804
2,3,414982559,2,2,31,0.4258900284767151,62.92066662128155
2,3,414982559,2,2,32,0.42341822385787964,70.62876539963942
2,3,414982559,2,2,33,0.418006032705307,81.45731353759766
2,3,414982761,2,4,1,1.0008180141448975,3.5156473563267636
2,3,414982761,2,4,2,0.9758110642433167,3.4850891461739173
2,3,414982761,2,4,3,0.9499759674072266,3.450195019061749
2,3,414982761,2,4,4,0.9198944568634033,3.4068881273269653
2,3,414982761,2,4,5,0.8818680644035339,3.348893504876357
2,3,414982761,2,4,6,0.8304092884063721,3.265771971299098
2,3,414982761,2,4,7,0.7571035027503967,3.154033133616814
2,3,414982761,2,4,8,0.6631868481636047,3.1484161156874437
2,3,414982761,2,4,9,0.696516215801239,3.1634988509691677
2,3,414982761,2,4,10,0.7147702574729919,3.0990548729896545
2,3,414982761,2,4,11,0.6356741786003113,3.0778404153310337
2,3,414982761,2,4,12,0.6042970418930054,3.0912241752331076
2,3,414982761,2,4,13,0.6139024496078491,3.0984128759457517
2,3,414982761,2,4,14,0.6181610822677612,3.092175703782302
2,3,414982761,2,4,15,0.6080552339553833,3.072697923733638
2,3,414982761,2,4,16,0.5828716158866882,3.0449148003871622
2,3,414982761,2,4,17,0.548052191734314,3.0343646040329566
2,3,414982761,2,4,18,0.5386468172073364,3.04474506011376
2,3,414982761,2,4,19,0.5541406273841858,3.035213745557345
2,3,414982761,2,4,20,0.5220075845718384,3.043686738381019
2,3,414982761,2,4,21,0.5034512877464294,3.0649823454710154
2,3,414982761,2,4,22,0.5087368488311768,3.0770633908418508
2,3,414982761,2,4,23,0.5043914318084717,3.0818325785490184
2,3,414982761,2,4,24,0.48844441771507263,3.0841265687575707
2,3,414982761,2,4,25,0.4778699278831482,3.0599766557033243
2,3,414982761,2,4,26,0.4727672040462494,3.0114416296665487
2,3,414982761,2,4,27,0.45964738726615906,2.9824738915149984
2,3,414982761,2,4,28,0.45409566164016724,2.970984949515416
2,3,414982761,2,4,29,0.45077940821647644,2.9689625868430505
2,3,414982761,2,4,30,0.44339150190353394,2.9679472263042745
2,3,414982761,2,4,31,0.4358285665512085,2.9444252160879283
2,3,414982761,2,4,32,0.42606621980667114,2.910598644843468
2,3,414982761,2,4,33,0.412280410528183,2.8898799877900343
2,3,414982761,2,4,34,0.40784549713134766,2.8711467476991506
2,3,414982761,2,4,35,0.40425577759742737,2.8686219178713284
2,3,414982761,2,4,36,0.397823303937912,2.891552407007951
2,3,414982761,2,4,37,0.390657514333725,2.8931334844002357
2,3,414982761,2,4,38,0.38756802678108215,2.847766821201031
2,3,414982761,2,4,39,0.3816109597682953,2.840840472624852
2,3,414982761,2,4,40,0.3762839436531067,2.8621390416071963
2,3,414982761,2,4,41,0.3748229444026947,2.860847546504094
2,3,414982761,2,4,42,0.3704286813735962,2.863840245283567
2,3,414982761,2,4,43,0.3673315942287445,2.8686519265174866
2,3,414982761,2,4,44,0.36548274755477905,2.8398480919691234
2,3,414982761,2,4,45,0.36041969060897827,2.835117514316852
2,3,414982761,2,4,46,0.35983625054359436,2.85024879528926
2,3,414982761,2,4,47,0.35805994272232056,2.839026396091168
2,3,414982761,2,4,48,0.3537265658378601,2.8469278858258176
2,3,414982761,2,4,49,0.35102710127830505,2.8582013157697825
2,3,414982761,2,4,50,0.3479713201522827,2.837126429264362
2,3,414982761,2,4,51,0.34532254934310913,2.836818305345682
2,3,414982761,2,4,52,0.3420744240283966,2.8414662847152123
2,3,414982761,2,4,53,0.3389357626438141,2.8411432963151197
2,3,414982761,2,4,54,0.33627989888191223,2.877353851611798
2,3,414982761,2,4,55,0.3332728445529938,2.8459376188424916
2,3,414982761,2,4,56,0.3294200301170349,2.8605134670551005
2,3,414982761,2,4,57,0.32646238803863525,2.8592476340440602
2,3,414982761,2,4,58,0.32245326042175293,2.9022306341391344
2,3,414982761,2,4,59,0.3194712698459625,2.869117498397827
2,3,414982761,2,4,60,0.3157516419887543,2.8996972258274374
2,3,415000804,4,1,1,0.0035281453747302294,2330852.8653846155
2,3,415000804,4,1,2,0.0010134553303942084,2329839.7596153845
2,3,415000804,4,1,3,6.91145978635177e-05,2328966.6346153845
2,3,415000804,4,1,4,0.0005226515932008624,2328846.3653846155
2,3,415000804,4,1,5,0.0006348463357426226,2329043.0384615385
2,3,415000804,4,1,6,0.0003008349158335477,2329098.5673076925
2,3,415000804,4,1,7,7.833387644495815e-05,2329045.2403846155
2,3,415000804,4,1,8,6.989347457420081e-05,2329053.269230769
2,3,415000804,4,1,9,0.00014636028208769858,2329098.173076923
2,3,415000804,4,1,10,0.0001796821306925267,2328911.5673076925
2,3,415000804,4,1,11,0.00014639411529060453,2328807.375
2,3,415000804,4,1,12,8.60288055264391e-05,2329120.4615384615
2,3,415000804,4,1,13,5.093336949357763e-05,2329350.923076923
2,3,415000804,4,1,14,6.978873716434464e-05,2329626.144230769
2,3,415000804,4,1,15,8.938079554354772e-05,2329899.894230769
2,3,415000804,4,1,16,5.781248910352588e-05,2330077.8173076925
2,3,415000804,4,1,17,2.048866736004129e-05,2330270.5
2,3,415000804,4,1,18,1.4772549548069946e-05,2330414.576923077
2,3,415000804,4,1,19,3.1611336453352123e-05,2330460.0
2,3,415000804,4,1,20,4.643678403226659e-05,2330422.3846153845
2,3,415000804,4,1,21,4.5916574890725315e-05,2330315.355769231
2,3,415000804,4,1,22,3.292811015853658e-05,2330181.471153846
2,3,415000804,4,1,23,1.864290243247524e-05,2330064.230769231
2,3,415000804,4,1,24,1.2173982213425916e-05,2329968.096153846
2,3,415000804,4,1,25,1.4299625036073849e-05,2329910.6346153845
2,3,415000804,4,1,26,1.8400349290459417e-05,2329902.798076923
2,3,415000804,4,1,27,1.7821535948314704e-05,2329941.0384615385
2,3,415000804,4,1,28,1.269311542273499e-05,2330008.144230769
2,3,415000804,4,1,29,8.38055530039128e-06,2330080.230769231
2,3,415000804,4,1,30,8.522070856997743e-06,2330141.0673076925
2,3,415000804,4,1,31,1.1703072232194245e-05,2330183.769230769
2,3,415000905,4,2,1,0.9960178732872009,18.265085587134728
2,3,415000905,4,2,2,0.966960608959198,18.15490458561824
2,3,415000905,4,2,3,0.9365598559379578,18.018077336824856
2,3,415000905,4,2,4,0.9019176363945007,17.821650505065918
2,3,415000905,4,2,5,0.859096348285675,17.494898686042198
2,3,415000905,4,2,6,0.8015139698982239,16.918694789593037
2,3,415000905,4,2,7,0.7187409996986389,16.043050802670994
2,3,415000905,4,2,8,0.6081910729408264,15.241026328160213
2,3,415000905,4,2,9,0.5491403341293335,14.81294507246751
2,3,415000905,4,2,10,0.5295974016189575,14.578572456653301
2,3,415000905,4,2,11,0.49800121784210205,14.540902174436129
2,3,415000905,4,2,12,0.46850407123565674,14.524559204395
2,3,415000905,4,2,13,0.44186004996299744,14.487072467803955
2,3,415000905,4,2,14,0.4183626174926758,14.50033132846539
2,3,415000905,4,2,15,0.39942142367362976,14.664892270014835
2,3,415000905,4,2,16,0.3870399296283722,14.90048203101525
2,3,415000905,4,2,17,0.3762187957763672,14.953637453225943
2,3,415000905,4,2,18,0.35976308584213257,14.850164926969088
2,3,415000905,4,2,19,0.34461694955825806,14.76074163730328
2,3,415000905,4,2,20,0.33553045988082886,14.713958996992845
2,3,415000905,4,2,21,0.3274747431278229,14.497836186335636
2,3,415000905,4,2,22,0.31453660130500793,14.109201798072228
2,3,415000905,4,2,23,0.2974538803100586,13.714071713961088
2,3,415000905,4,2,24,0.28205931186676025,13.417569894057054
2,3,415000905,4,2,25,0.270809531211853,13.177104693192701
2,3,415000905,4,2,26,0.26282796263694763,12.966267145597017
2,3,415000905,4,2,27,0.2591548264026642,12.675427546867958
2,3,415000905,4,2,28,0.25379425287246704,12.10634759756235
2,3,415000905,4,2,29,0.24468490481376648,11.603807504360493
2,3,415000905,4,2,30,0.24092471599578857,11.215764577572163
2,3,415000905,4,2,31,0.23824656009674072,10.83399409514207
2,3,415000905,4,2,32,0.23070615530014038,10.592172622680664
2,3,415000905,4,2,33,0.2211216390132904,10.120275259017944
2,3,415000905,4,2,34,0.2107744663953781,10.285601652585543
2,3,415000905,4,2,35,0.20359812676906586,9.794117835851816
2,3,415000905,4,2,36,0.1945803165435791,9.826817255753737
2,3,415000905,4,2,37,0.18479008972644806,10.114441486505362
2,3,415000905,4,2,38,0.1796259582042694,9.772701300107515
2,3,415000905,4,2,39,0.166978657245636,9.59175392297598
2,3,415000905,4,2,40,0.15916147828102112,10.006819284879244
2,3,415000905,4,2,41,0.15217797458171844,9.602264936153706
2,3,415000905,4,2,42,0.14283156394958496,9.471091417165903
2,3,415000905,4,2,43,0.13819792866706848,9.979011132166935
2,3,415000905,4,2,44,0.1331459879875183,9.380723586449257
2,3,415000905,4,2,45,0.12687250971794128,9.647183895111084
2,3,415000905,4,2,46,0.12255635112524033,10.267171456263615
2,3,415000905,4,2,47,0.1202726736664772,10.290833473205566
2,3,415000905,4,2,48,0.11840903759002686,10.840990470005917
2,3,415000905,4,2,49,0.11613675951957703,10.987527663891132
2,3,415000905,4,2,50,0.11515167355537415,11.034827635838436
2,3,415000905,4,2,51,0.11259116232395172,11.499619960784912
2,3,415000905,4,2,52,0.11188916116952896,11.201823051159199
2,3,415000905,4,2,53,0.11151478439569473,11.97962841620812
2,3,415000905,4,2,54,0.10921883583068848,11.691401444948637
2,3,415000905,4,2,55,0.10730434209108353,13.611146926879883
2,3,415000905,4,2,56,0.1089669018983841,10.892861696390005
2,3,415000905,4,2,57,0.12082454562187195,12.816167684701773
2,3,415000905,4,2,58,0.1025572195649147,15.114252970768856
2,3,415000905,4,2,59,0.12228996306657791,12.502086492685171
2,3,415000905,4,2,60,0.1049172654747963,13.496624102959267
2,3,415001107,4,4,1,0.9791179299354553,1.3832030617273772
2,3,415001107,4,4,2,0.9495261609554291,1.3155220334346478
2,3,415001107,4,4,3,0.8557124435901642,1.195340803036323
2,3,415001107,4,4,4,0.6918534934520721,1.0369942142413213
2,3,415001107,4,4,5,0.7532040476799011,1.3762696706331694
2,3,415001107,4,4,6,0.8705137968063354,1.099574299959036
2,3,415001107,4,4,7,0.6349135786294937,1.0312891740065355
2,3,415001107,4,4,8,0.5888756513595581,1.0280020878865168
2,3,415001107,4,4,9,0.6117689907550812,1.0023783032710736
2,3,415001107,4,4,10,0.5518987327814102,1.0031482439774733
2,3,415001107,4,4,11,0.5326838344335556,0.9827993695552533
2,3,415001107,4,4,12,0.5307814180850983,0.9846900151326106
2,3,415001107,4,4,13,0.5270836353302002,0.9695149522561294
2,3,415001107,4,4,14,0.5145556479692459,0.958602602665241
2,3,415001107,4,4,15,0.5135976374149323,0.9785995941895705
2,3,415001107,4,4,16,0.49708931148052216,0.9398635855087867
2,3,415001107,4,4,17,0.4938286542892456,0.9296192205869235
2,3,415001107,4,4,18,0.4865272790193558,0.9380052777437063
2,3,415001107,4,4,19,0.4730961173772812,0.9240154944933378
2,3,415001107,4,4,20,0.4724416136741638,0.9187032947173486
2,3,415001107,4,4,21,0.46951761841773987,0.9205175408950219
2,3,415001107,4,4,22,0.4568902999162674,0.9322980917417086
2,3,415001107,4,4,23,0.45905253291130066,0.9185773730278015
2,3,415001107,4,4,24,0.4490929841995239,0.9153668651214013
2,3,415001107,4,4,25,0.44790706038475037,0.9254263318501986
2,3,415001107,4,4,26,0.43963655084371567,0.9171103376608628
2,3,415001107,4,4,27,0.440278097987175,0.918233743080726
2,3,415001107,4,4,28,0.4278094843029976,0.9020583308660067
2,3,415001107,4,4,29,0.41336214542388916,0.8824015168043283
2,3,415001107,4,4,30,0.42854321002960205,0.8583809458292447
2,3,415001107,4,4,31,0.4173958748579025,0.8919035471402682
2,3,415001107,4,4,32,0.42286013066768646,0.8441512309587919
2,3,415001107,4,4,33,0.40177421271800995,0.838280595265902
2,3,415001107,4,4,34,0.40349672734737396,0.8234014281859765
2,3,415001107,4,4,35,0.3830769956111908,0.8442777349398687
2,3,415001107,4,4,36,0.4147220849990845,0.832275220981011
2,3,415001107,4,4,37,0.3786090016365051,0.7981113562217126
2,3,415001107,4,4,38,0.3856740891933441,0.7919935629918025
2,3,415001107,4,4,39,0.3752288967370987,0.7929615928576543
2,3,415001107,4,4,40,0.36154063045978546,0.7963073482880225
2,3,415001107,4,4,41,0.3483165502548218,0.7606184024077195
2,3,415001107,4,4,42,0.346749484539032,0.7428400837458097
2,3,415001107,4,4,43,0.35210156440734863,0.743065052307569
2,3,415001107,4,4,44,0.33487604558467865,0.7098081203607413
2,3,415001107,4,4,45,0.30382057279348373,0.6827978377158825
2,3,415001107,4,4,46,0.3200911972671747,0.6592311240159549
2,3,415001107,4,4,47,0.2952428311109543,0.6659044990172753
2,3,415001107,4,4,48,0.28085093200206757,0.6089510092368493
2,3,415001107,4,4,49,0.27811121940612793,0.6004756459823022
2,3,415001107,4,4,50,0.2643818333745003,0.5867929045970623
2,3,415001107,4,4,51,0.25076649338006973,0.5147008483226483
2,3,415001107,4,4,52,0.23808220028877258,0.5049684781294602
2,3,415001107,4,4,53,0.22752919793128967,0.482251199392172
2,3,415001107,4,4,54,0.20856082066893578,0.4549438449052664
2,3,415001107,4,4,55,0.24553152173757553,0.46453315019607544
2,3,415001107,4,4,56,0.21368562430143356,0.5007754128712875
2,3,415001107,4,4,57,0.21108967065811157,0.41462293381874377
2,3,415001107,4,4,58,0.21081431582570076,0.4155373928638605
2,3,415001107,4,4,59,0.19958441331982613,0.4068456166065656
2,3,415001107,4,4,60,0.17489948868751526,0.4165922678433932
