original_sim_idx,intervention,target,predicted_value,predicted_shift_from_baseline
0,baseline,final_p_ratio,-0.04602432724825553,0.0
0,baseline,mean_y_compression,0.0010328294706839697,0.0
0,baseline,final_y_compression,0.0024246891703539083,0.0
0,all_stiffness_plus_10pct,final_p_ratio,-0.11066506686028613,-0.0646407396120306
0,all_stiffness_plus_10pct,mean_y_compression,0.0009874919618439052,-4.5337508840064596e-05
0,all_stiffness_plus_10pct,final_y_compression,0.0024057553523761073,-1.8933817977801002e-05
0,all_stiffness_minus_10pct,final_p_ratio,-0.02799532844170428,0.01802899880655125
0,all_stiffness_minus_10pct,mean_y_compression,0.0005963468915741892,-0.0004364825791097805
0,all_stiffness_minus_10pct,final_y_compression,0.0017267094595735098,-0.0006979797107803986
0,weak_springs_floor_to_q25,final_p_ratio,0.20916783033802916,0.25519215758628466
0,weak_springs_floor_to_q25,mean_y_compression,-0.004749907877675678,-0.005782737348359648
0,weak_springs_floor_to_q25,final_y_compression,-0.011065802088681572,-0.01349049125903548
0,weak_springs_plus_25pct,final_p_ratio,-0.02006477058778193,0.0259595566604736
0,weak_springs_plus_25pct,mean_y_compression,0.0006167035113405271,-0.0004161259593434426
0,weak_springs_plus_25pct,final_y_compression,0.0015553778340394505,-0.0008693113363144578
0,half_homogenize_to_mean,final_p_ratio,0.3385879708332492,0.38461229808150477
0,half_homogenize_to_mean,mean_y_compression,-0.005643645212210044,-0.006676474682894014
0,half_homogenize_to_mean,final_y_compression,-0.013029871959152999,-0.015454561129506907
1,baseline,final_p_ratio,0.3416237781283617,0.0
1,baseline,mean_y_compression,-0.005413136071972612,0.0
1,baseline,final_y_compression,-0.010628218290497846,0.0
1,all_stiffness_plus_10pct,final_p_ratio,0.3455079448320196,0.0038841667036578764
1,all_stiffness_plus_10pct,mean_y_compression,-0.005725622691270584,-0.0003124866192979721
1,all_stiffness_plus_10pct,final_y_compression,-0.011375550740270187,-0.0007473324497723408
1,all_stiffness_minus_10pct,final_p_ratio,0.33450111038309277,-0.007122667745268929
1,all_stiffness_minus_10pct,mean_y_compression,-0.005134125333526233,0.0002790107384463784
1,all_stiffness_minus_10pct,final_y_compression,-0.0099306954671289,0.0006975228233689467
1,weak_springs_floor_to_q25,final_p_ratio,0.31852088472720747,-0.023102893401154234
1,weak_springs_floor_to_q25,mean_y_compression,-0.005362812059306923,5.032401266568884e-05
1,weak_springs_floor_to_q25,final_y_compression,-0.010532398790241712,9.581950025613385e-05
1,weak_springs_plus_25pct,final_p_ratio,0.3592352682599401,0.017611490131578422
1,weak_springs_plus_25pct,mean_y_compression,-0.0059112694071602415,-0.0004981333351876298
1,weak_springs_plus_25pct,final_y_compression,-0.011673973368462614,-0.0010457550779647672
1,half_homogenize_to_mean,final_p_ratio,0.3764666791692372,0.03484290104087551
1,half_homogenize_to_mean,mean_y_compression,-0.006177129026641985,-0.0007639929546693729
1,half_homogenize_to_mean,final_y_compression,-0.012248954600414648,-0.0016207363099168016
2,baseline,final_p_ratio,0.24466601840461713,0.0
2,baseline,mean_y_compression,-0.004142375613068816,0.0
2,baseline,final_y_compression,-0.008579152081209249,0.0
2,all_stiffness_plus_10pct,final_p_ratio,0.2412119962229188,-0.003454022181698324
2,all_stiffness_plus_10pct,mean_y_compression,-0.004280330708507123,-0.00013795509543830693
2,all_stiffness_plus_10pct,final_y_compression,-0.00899847414967301,-0.00041932206846376045
2,all_stiffness_minus_10pct,final_p_ratio,0.24345910418173203,-0.0012069142228851026
2,all_stiffness_minus_10pct,mean_y_compression,-0.004052600339579738,8.977527348907801e-05
2,all_stiffness_minus_10pct,final_y_compression,-0.008231518431514118,0.000347633649695131
2,weak_springs_floor_to_q25,final_p_ratio,0.08525879900168223,-0.1594072194029349
2,weak_springs_floor_to_q25,mean_y_compression,-0.004451677676544355,-0.0003093020634755382
2,weak_springs_floor_to_q25,final_y_compression,-0.009178970080225831,-0.000599817999016582
2,weak_springs_plus_25pct,final_p_ratio,0.25719230686617817,0.012526288461561036
2,weak_springs_plus_25pct,mean_y_compression,-0.005185548513931451,-0.0010431729008626347
2,weak_springs_plus_25pct,final_y_compression,-0.010757368721839324,-0.002178216640630075
2,half_homogenize_to_mean,final_p_ratio,0.2609390945094182,0.016273076104801082
2,half_homogenize_to_mean,mean_y_compression,-0.006838112621281843,-0.0026957370082130267
2,half_homogenize_to_mean,final_y_compression,-0.014212835318723985,-0.005633683237514736
3,baseline,final_p_ratio,-0.27854560812170326,0.0
3,baseline,mean_y_compression,0.0035479428805477464,0.0
3,baseline,final_y_compression,0.0070384869291978455,0.0
3,all_stiffness_plus_10pct,final_p_ratio,-0.3229390521497069,-0.04439344402800366
3,all_stiffness_plus_10pct,mean_y_compression,0.00410063763771849,0.0005526947571707435
3,all_stiffness_plus_10pct,final_y_compression,0.008001023105319837,0.0009625361761219919
3,all_stiffness_minus_10pct,final_p_ratio,-0.20595722952882456,0.0725883785928787
3,all_stiffness_minus_10pct,mean_y_compression,0.003231520560684383,-0.00031642231986336346
3,all_stiffness_minus_10pct,final_y_compression,0.0064246691478621,-0.0006138177813357452
3,weak_springs_floor_to_q25,final_p_ratio,-0.19259238575365406,0.0859532223680492
3,weak_springs_floor_to_q25,mean_y_compression,0.0022407631281225167,-0.0013071797524252297
3,weak_springs_floor_to_q25,final_y_compression,0.0047098192327167405,-0.002328667696481105
3,weak_springs_plus_25pct,final_p_ratio,-0.28491487450876596,-0.0063692663870627
3,weak_springs_plus_25pct,mean_y_compression,0.00365300464270117,0.00010506176215342375
3,weak_springs_plus_25pct,final_y_compression,0.007483405829397181,0.00044491890019933596
3,half_homogenize_to_mean,final_p_ratio,0.09247281537904889,0.37101842350075215
3,half_homogenize_to_mean,mean_y_compression,-0.0034636559319719856,-0.007011598812519732
3,half_homogenize_to_mean,final_y_compression,-0.007664191543590985,-0.01470267847278883
4,baseline,final_p_ratio,-0.2554861369777929,0.0
4,baseline,mean_y_compression,0.00274846653165493,0.0
4,baseline,final_y_compression,0.005676357281476747,0.0
4,all_stiffness_plus_10pct,final_p_ratio,-0.2991455647972404,-0.04365942781944754
4,all_stiffness_plus_10pct,mean_y_compression,0.0030975527015939287,0.0003490861699389988
4,all_stiffness_plus_10pct,final_y_compression,0.006346243756631733,0.0006698864751549854
4,all_stiffness_minus_10pct,final_p_ratio,-0.18909376914576273,0.06639236783203015
4,all_stiffness_minus_10pct,mean_y_compression,0.002179953287032772,-0.0005685132446221577
4,all_stiffness_minus_10pct,final_y_compression,0.00465659690424791,-0.0010197603772288373
4,weak_springs_floor_to_q25,final_p_ratio,-0.11481005172042522,0.14067608525736766
4,weak_springs_floor_to_q25,mean_y_compression,0.0016665812882360191,-0.0010818852434189108
4,weak_springs_floor_to_q25,final_y_compression,0.0034589365369297165,-0.0022174207445470307
4,weak_springs_plus_25pct,final_p_ratio,-0.23959914283316053,0.01588699414463235
4,weak_springs_plus_25pct,mean_y_compression,0.0025267739959015495,-0.00022169253575338036
4,weak_springs_plus_25pct,final_y_compression,0.005269449045024421,-0.00040690823645232656
4,half_homogenize_to_mean,final_p_ratio,0.09993239041377633,0.3554185273915692
4,half_homogenize_to_mean,mean_y_compression,-0.002964549142934836,-0.005713015674589766
4,half_homogenize_to_mean,final_y_compression,-0.006544806623956034,-0.012221163905432781
5,baseline,final_p_ratio,-0.27811851376299157,0.0
5,baseline,mean_y_compression,0.0042974747278981705,0.0
5,baseline,final_y_compression,0.009117842854900714,0.0
5,all_stiffness_plus_10pct,final_p_ratio,-0.3318999977561,-0.05378148399310845
5,all_stiffness_plus_10pct,mean_y_compression,0.004828504026957621,0.0005310292990594505
5,all_stiffness_plus_10pct,final_y_compression,0.010095724026474595,0.0009778811715738817
5,all_stiffness_minus_10pct,final_p_ratio,-0.229855915970294,0.048262597792697565
5,all_stiffness_minus_10pct,mean_y_compression,0.004076256783742812,-0.00022121794415535818
5,all_stiffness_minus_10pct,final_y_compression,0.008619815747323229,-0.000498027107577485
5,weak_springs_floor_to_q25,final_p_ratio,-0.2536796154732463,0.02443889828974527
5,weak_springs_floor_to_q25,mean_y_compression,0.0034673583746672727,-0.0008301163532308978
5,weak_springs_floor_to_q25,final_y_compression,0.007549896660839704,-0.00156794619406101
5,weak_springs_plus_25pct,final_p_ratio,-0.2778745826860752,0.0002439310769163927
5,weak_springs_plus_25pct,mean_y_compression,0.0043108405929966715,1.3365865098501073e-05
5,weak_springs_plus_25pct,final_y_compression,0.009171424574384779,5.35817194840648e-05
5,half_homogenize_to_mean,final_p_ratio,0.18251753770578172,0.4606360514687733
5,half_homogenize_to_mean,mean_y_compression,-0.00468356732624821,-0.00898104205414638
5,half_homogenize_to_mean,final_y_compression,-0.010368916977262744,-0.019486759832163456
6,baseline,final_p_ratio,-0.30287841530880244,0.0
6,baseline,mean_y_compression,0.004015514984875311,0.0
6,baseline,final_y_compression,0.00877441311866567,0.0
6,all_stiffness_plus_10pct,final_p_ratio,-0.3626331823020348,-0.059754766993232344
6,all_stiffness_plus_10pct,mean_y_compression,0.004616132577231362,0.0006006175923560508
6,all_stiffness_plus_10pct,final_y_compression,0.009903823673052797,0.0011294105543871273
6,all_stiffness_minus_10pct,final_p_ratio,-0.2443608248409033,0.058517590467899144
6,all_stiffness_minus_10pct,mean_y_compression,0.0034057564346440623,-0.0006097585502312488
6,all_stiffness_minus_10pct,final_y_compression,0.007631589939480335,-0.0011428231791853344
6,weak_springs_floor_to_q25,final_p_ratio,-0.31973075498181874,-0.016852339673016303
6,weak_springs_floor_to_q25,mean_y_compression,0.0041143305931952215,9.881560831991043e-05
6,weak_springs_floor_to_q25,final_y_compression,0.008628676007397022,-0.00014573711126864702
6,weak_springs_plus_25pct,final_p_ratio,-0.2992597041971027,0.0036187111116997572
6,weak_springs_plus_25pct,mean_y_compression,0.0038768560508875625,-0.00013865893398774852
6,weak_springs_plus_25pct,final_y_compression,0.008510937803605838,-0.0002634753150598315
6,half_homogenize_to_mean,final_p_ratio,0.089788521456247,0.39266693676504943
6,half_homogenize_to_mean,mean_y_compression,-0.0035828516318446263,-0.007598366616719938
6,half_homogenize_to_mean,final_y_compression,-0.0076738000536236755,-0.016448213172289346
7,baseline,final_p_ratio,-0.2366571059012216,0.0
7,baseline,mean_y_compression,0.00303314427902485,0.0
7,baseline,final_y_compression,0.0059387496665034255,0.0
7,all_stiffness_plus_10pct,final_p_ratio,-0.27249871818021054,-0.03584161227898894
7,all_stiffness_plus_10pct,mean_y_compression,0.0033606182541555843,0.0003274739751307344
7,all_stiffness_plus_10pct,final_y_compression,0.006537035626806666,0.0005982859603032402
7,all_stiffness_minus_10pct,final_p_ratio,-0.18064883664748008,0.05600826925374153
7,all_stiffness_minus_10pct,mean_y_compression,0.0023651398837150014,-0.0006680043953098485
7,all_stiffness_minus_10pct,final_y_compression,0.00480552837845542,-0.0011332212880480058
7,weak_springs_floor_to_q25,final_p_ratio,0.28316880151116436,0.519825907412386
7,weak_springs_floor_to_q25,mean_y_compression,-0.006647296450526361,-0.00968044072955121
7,weak_springs_floor_to_q25,final_y_compression,-0.014708817633769872,-0.020647567300273298
7,weak_springs_plus_25pct,final_p_ratio,-0.23625653315625855,0.0004005727449630514
7,weak_springs_plus_25pct,mean_y_compression,0.0030425973475814725,9.453068556622597e-06
7,weak_springs_plus_25pct,final_y_compression,0.005929137174691449,-9.61249181197655e-06
7,half_homogenize_to_mean,final_p_ratio,0.1490960184998957,0.3857531244011173
7,half_homogenize_to_mean,mean_y_compression,-0.004433737360321296,-0.007466881639346146
7,half_homogenize_to_mean,final_y_compression,-0.009751426929319382,-0.015690176595822808
8,baseline,final_p_ratio,-0.3540187577060913,0.0
8,baseline,mean_y_compression,0.005784703287545685,0.0
8,baseline,final_y_compression,0.012299751685421741,0.0
8,all_stiffness_plus_10pct,final_p_ratio,-0.41560050289055817,-0.06158174518446685
8,all_stiffness_plus_10pct,mean_y_compression,0.006427879127630529,0.0006431758400848439
8,all_stiffness_plus_10pct,final_y_compression,0.01350854481943237,0.0012087931340106287
8,all_stiffness_minus_10pct,final_p_ratio,-0.2926971915673163,0.06132156613877504
8,all_stiffness_minus_10pct,mean_y_compression,0.005156134946638762,-0.0006285683409069228
8,all_stiffness_minus_10pct,final_y_compression,0.011113585003216969,-0.0011861666822047725
8,weak_springs_floor_to_q25,final_p_ratio,-0.34938063618322124,0.004638121522870076
8,weak_springs_floor_to_q25,mean_y_compression,0.005702965618140414,-8.173766940527093e-05
8,weak_springs_floor_to_q25,final_y_compression,0.011973111581367183,-0.00032664010405455794
8,weak_springs_plus_25pct,final_p_ratio,-0.3530836000147611,0.0009351576913302351
8,weak_springs_plus_25pct,mean_y_compression,0.005794575564993286,9.872277447601531e-06
8,weak_springs_plus_25pct,final_y_compression,0.012303205019059127,3.453333637385564e-06
8,half_homogenize_to_mean,final_p_ratio,0.059834067110119536,0.41385282481621083
8,half_homogenize_to_mean,mean_y_compression,-0.0019459610210674583,-0.007730664308613143
8,half_homogenize_to_mean,final_y_compression,-0.0043882189506223605,-0.016687970636044103
9,baseline,final_p_ratio,-0.20305409695695792,0.0
9,baseline,mean_y_compression,0.0021814559687898037,0.0
9,baseline,final_y_compression,0.004131810675551308,0.0
9,all_stiffness_plus_10pct,final_p_ratio,-0.25949928512539083,-0.056445188168432914
9,all_stiffness_plus_10pct,mean_y_compression,0.0030449816328268,0.0008635256640369964
9,all_stiffness_plus_10pct,final_y_compression,0.005555380179425233,0.0014235695038739248
9,all_stiffness_minus_10pct,final_p_ratio,-0.15672480262800648,0.04632929432895144
9,all_stiffness_minus_10pct,mean_y_compression,0.0018858011966569638,-0.0002956547721328399
9,all_stiffness_minus_10pct,final_y_compression,0.0035877924073885598,-0.0005440182681627484
9,weak_springs_floor_to_q25,final_p_ratio,0.2795127266468028,0.48256682360376074
9,weak_springs_floor_to_q25,mean_y_compression,-0.006893828638008647,-0.009075284606798451
9,weak_springs_floor_to_q25,final_y_compression,-0.015444497466374047,-0.019576308141925354
9,weak_springs_plus_25pct,final_p_ratio,-0.20414298045199325,-0.001088883495035331
9,weak_springs_plus_25pct,mean_y_compression,0.002250419390672005,6.896342188220149e-05
9,weak_springs_plus_25pct,final_y_compression,0.004272914745484018,0.0001411040699327102
9,half_homogenize_to_mean,final_p_ratio,0.1450268830758369,0.3480809800327948
9,half_homogenize_to_mean,mean_y_compression,-0.004081044473802954,-0.006262500442592758
9,half_homogenize_to_mean,final_y_compression,-0.009647190567841593,-0.013779001243392902
10,baseline,final_p_ratio,-0.21878045636432553,0.0
10,baseline,mean_y_compression,0.002836566310887214,0.0
10,baseline,final_y_compression,0.006321495266440037,0.0
10,all_stiffness_plus_10pct,final_p_ratio,-0.27004416802038794,-0.051263711656062416
10,all_stiffness_plus_10pct,mean_y_compression,0.0033575237212598317,0.0005209574103726177
10,all_stiffness_plus_10pct,final_y_compression,0.007234574507261359,0.0009130792408213228
10,all_stiffness_minus_10pct,final_p_ratio,-0.16883874936711676,0.04994170699720876
10,all_stiffness_minus_10pct,mean_y_compression,0.002389821859061449,-0.00044674445182576496
10,all_stiffness_minus_10pct,final_y_compression,0.005523362960372654,-0.0007981323060673824
10,weak_springs_floor_to_q25,final_p_ratio,-0.15826137956291655,0.06051907680140897
10,weak_springs_floor_to_q25,mean_y_compression,0.001743659281005399,-0.001092907029881815
10,weak_springs_floor_to_q25,final_y_compression,0.00347658132333805,-0.0028449139431019864
10,weak_springs_plus_25pct,final_p_ratio,-0.20658681165434103,0.012193644709984491
10,weak_springs_plus_25pct,mean_y_compression,0.0024642715602467935,-0.0003722947506404205
10,weak_springs_plus_25pct,final_y_compression,0.005421672252159553,-0.0008998230142804832
10,half_homogenize_to_mean,final_p_ratio,0.14890767301062288,0.36768812937494844
10,half_homogenize_to_mean,mean_y_compression,-0.0033830389114936094,-0.006219605222380823
10,half_homogenize_to_mean,final_y_compression,-0.007589735511243594,-0.01391123077768363
11,baseline,final_p_ratio,0.2382122219012128,0.0
11,baseline,mean_y_compression,-0.0032666090346752993,0.0
11,baseline,final_y_compression,-0.006162184831272388,0.0
11,all_stiffness_plus_10pct,final_p_ratio,0.2347595305980882,-0.0034526913031245887
11,all_stiffness_plus_10pct,mean_y_compression,-0.003344217780434998,-7.760874575969863e-05
11,all_stiffness_plus_10pct,final_y_compression,-0.006423535873575692,-0.00026135104230330403
11,all_stiffness_minus_10pct,final_p_ratio,0.23988731873659971,0.0016750968353869133
11,all_stiffness_minus_10pct,mean_y_compression,-0.0031015122657331038,0.0001650967689421955
11,all_stiffness_minus_10pct,final_y_compression,-0.005765210894328604,0.00039697393694378396
11,weak_springs_floor_to_q25,final_p_ratio,0.12543862056327992,-0.11277360133793288
11,weak_springs_floor_to_q25,mean_y_compression,-0.0026637225125461673,0.000602886522129132
11,weak_springs_floor_to_q25,final_y_compression,-0.005019273061307028,0.0011429117699653596
11,weak_springs_plus_25pct,final_p_ratio,0.27792057258618824,0.03970835068497544
11,weak_springs_plus_25pct,mean_y_compression,-0.0039017378497227095,-0.0006351288150474102
11,weak_springs_plus_25pct,final_y_compression,-0.007543749962927878,-0.0013815651316554899
11,half_homogenize_to_mean,final_p_ratio,0.3233428071451288,0.08513058524391601
11,half_homogenize_to_mean,mean_y_compression,-0.004986977094799396,-0.0017203680601240966
11,half_homogenize_to_mean,final_y_compression,-0.009910999601013415,-0.0037488147697410266
12,baseline,final_p_ratio,-0.26832484442949706,0.0
12,baseline,mean_y_compression,0.003383301466602803,0.0
12,baseline,final_y_compression,0.006980477038124686,0.0
12,all_stiffness_plus_10pct,final_p_ratio,-0.3209548814245857,-0.05263003699508867
12,all_stiffness_plus_10pct,mean_y_compression,0.003953623974363784,0.0005703225077609811
12,all_stiffness_plus_10pct,final_y_compression,0.008041037736447251,0.001060560698322565
12,all_stiffness_minus_10pct,final_p_ratio,-0.2146246263615236,0.053700218067973454
12,all_stiffness_minus_10pct,mean_y_compression,0.002824044068099959,-0.0005592573985028436
12,all_stiffness_minus_10pct,final_y_compression,0.005936383167215242,-0.0010440938709094447
12,weak_springs_floor_to_q25,final_p_ratio,-0.2604463645586912,0.007878479870805866
12,weak_springs_floor_to_q25,mean_y_compression,0.003331904732087288,-5.139673451551481e-05
12,weak_springs_floor_to_q25,final_y_compression,0.006879392836994801,-0.00010108420112988487
12,weak_springs_plus_25pct,final_p_ratio,-0.26927995123801834,-0.0009551068085212888
12,weak_springs_plus_25pct,mean_y_compression,0.0034555822854819293,7.228081887912649e-05
12,weak_springs_plus_25pct,final_y_compression,0.00717428126944952,0.00019380423132483397
12,half_homogenize_to_mean,final_p_ratio,0.13927664808977774,0.4076014925192748
12,half_homogenize_to_mean,mean_y_compression,-0.003396245864606933,-0.006779547331209735
12,half_homogenize_to_mean,final_y_compression,-0.007652239415715857,-0.014632716453840542
13,baseline,final_p_ratio,-0.21111341631209676,0.0
13,baseline,mean_y_compression,0.002774045082897108,0.0
13,baseline,final_y_compression,0.006109406861722786,0.0
13,all_stiffness_plus_10pct,final_p_ratio,-0.25962451144918763,-0.04851109513709087
13,all_stiffness_plus_10pct,mean_y_compression,0.0031815139300874866,0.0004074688471903784
13,all_stiffness_plus_10pct,final_y_compression,0.006806259438715931,0.0006968525769931446
13,all_stiffness_minus_10pct,final_p_ratio,-0.1612926012272488,0.04982081508484795
13,all_stiffness_minus_10pct,mean_y_compression,0.0023556006294696125,-0.00041844445342749566
13,all_stiffness_minus_10pct,final_y_compression,0.005394962122560099,-0.0007144447391626875
13,weak_springs_floor_to_q25,final_p_ratio,-0.10145517207554286,0.1096582442365539
13,weak_springs_floor_to_q25,mean_y_compression,-0.0012066945999239336,-0.0039807396828210415
13,weak_springs_floor_to_q25,final_y_compression,-0.002817402173258711,-0.008926809034981498
13,weak_springs_plus_25pct,final_p_ratio,-0.203435381304484,0.007678035007612771
13,weak_springs_plus_25pct,mean_y_compression,0.0026392465135314015,-0.0001347985693657067
13,weak_springs_plus_25pct,final_y_compression,0.005822386141653107,-0.00028702072006967904
13,half_homogenize_to_mean,final_p_ratio,0.13637802366614998,0.3474914399782467
13,half_homogenize_to_mean,mean_y_compression,-0.005212431858425075,-0.007986476941322183
13,half_homogenize_to_mean,final_y_compression,-0.011186725910742006,-0.017296132772464792
14,baseline,final_p_ratio,-0.1972842302248974,0.0
14,baseline,mean_y_compression,0.00233027604821838,0.0
14,baseline,final_y_compression,0.0049102615147696305,0.0
14,all_stiffness_plus_10pct,final_p_ratio,-0.25109902062464534,-0.05381479039974793
14,all_stiffness_plus_10pct,mean_y_compression,0.0030392877532235962,0.0007090117050052164
14,all_stiffness_plus_10pct,final_y_compression,0.0061739616879878875,0.001263700173218257
14,all_stiffness_minus_10pct,final_p_ratio,-0.1433581498719749,0.05392608035292251
14,all_stiffness_minus_10pct,mean_y_compression,0.001615017734306485,-0.0007152583139118948
14,all_stiffness_minus_10pct,final_y_compression,0.003636886612620317,-0.0012733749021493134
14,weak_springs_floor_to_q25,final_p_ratio,-0.18162943046899896,0.015654799755898452
14,weak_springs_floor_to_q25,mean_y_compression,0.0018061896974271414,-0.0005240863507912385
14,weak_springs_floor_to_q25,final_y_compression,0.0036398391999063464,-0.001270422314863284
14,weak_springs_plus_25pct,final_p_ratio,-0.19730875618612415,-2.452596122673456e-05
14,weak_springs_plus_25pct,mean_y_compression,0.00228700684748801,-4.3269200730369686e-05
14,weak_springs_plus_25pct,final_y_compression,0.004818836294849614,-9.142521992001624e-05
14,half_homogenize_to_mean,final_p_ratio,0.1494232912076446,0.346707521432542
14,half_homogenize_to_mean,mean_y_compression,-0.004122491503317542,-0.006452767551535922
14,half_homogenize_to_mean,final_y_compression,-0.00919810983332661,-0.01410837134809624
15,baseline,final_p_ratio,-0.23672046240212397,0.0
15,baseline,mean_y_compression,0.0028394824394675318,0.0
15,baseline,final_y_compression,0.005591494880624908,0.0
15,all_stiffness_plus_10pct,final_p_ratio,-0.29450896337252136,-0.057788500970397394
15,all_stiffness_plus_10pct,mean_y_compression,0.0033265254742279324,0.00048704303476040066
15,all_stiffness_plus_10pct,final_y_compression,0.0065150913084434554,0.0009235964278185476
15,all_stiffness_minus_10pct,final_p_ratio,-0.17898234399507248,0.05773811840705148
15,all_stiffness_minus_10pct,mean_y_compression,0.002351917827976493,-0.0004875646114910386
15,all_stiffness_minus_10pct,final_y_compression,0.004667121075738183,-0.000924373804886725
15,weak_springs_floor_to_q25,final_p_ratio,-0.21181826644606047,0.024902195956063494
15,weak_springs_floor_to_q25,mean_y_compression,0.0026336815199466115,-0.00020580091952092025
15,weak_springs_floor_to_q25,final_y_compression,0.005775032525527034,0.00018353764490212574
15,weak_springs_plus_25pct,final_p_ratio,-0.24120664279599863,-0.004486180393874661
15,weak_springs_plus_25pct,mean_y_compression,0.003121502748709227,0.0002820203092416952
15,weak_springs_plus_25pct,final_y_compression,0.00630221931429939,0.000710724433674482
15,half_homogenize_to_mean,final_p_ratio,0.14752589144888875,0.3842463538510127
15,half_homogenize_to_mean,mean_y_compression,-0.003823551306823475,-0.006663033746291007
15,half_homogenize_to_mean,final_y_compression,-0.008568287490847915,-0.014159782371472824
16,baseline,final_p_ratio,-0.22934145932399758,0.0
16,baseline,mean_y_compression,0.003825705045967637,0.0
16,baseline,final_y_compression,0.008643402636838946,0.0
16,all_stiffness_plus_10pct,final_p_ratio,-0.3030693802672398,-0.07372792094324221
16,all_stiffness_plus_10pct,mean_y_compression,0.00417448576437163,0.0003487807184039929
16,all_stiffness_plus_10pct,final_y_compression,0.009357737578089215,0.0007143349412502692
16,all_stiffness_minus_10pct,final_p_ratio,-0.19300882745899134,0.03633263186500624
16,all_stiffness_minus_10pct,mean_y_compression,0.003126623476528126,-0.000699081569439511
16,all_stiffness_minus_10pct,final_y_compression,0.007409738215386827,-0.0012336644214521186
16,weak_springs_floor_to_q25,final_p_ratio,-0.20179720877730714,0.027544250546690435
16,weak_springs_floor_to_q25,mean_y_compression,0.0028010249326140776,-0.0010246801133535592
16,weak_springs_floor_to_q25,final_y_compression,0.005958863851438758,-0.002684538785400188
16,weak_springs_plus_25pct,final_p_ratio,-0.22370552496208812,0.005635934361909456
16,weak_springs_plus_25pct,mean_y_compression,0.003556147699769323,-0.00026955734619831364
16,weak_springs_plus_25pct,final_y_compression,0.008128414494472288,-0.0005149881423666576
16,half_homogenize_to_mean,final_p_ratio,0.10450494625332696,0.33384640557732453
16,half_homogenize_to_mean,mean_y_compression,-0.004026072930916027,-0.007851777976883663
16,half_homogenize_to_mean,final_y_compression,-0.008981833168556304,-0.01762523580539525
17,baseline,final_p_ratio,0.1644862463892941,0.0
17,baseline,mean_y_compression,-0.00236245098493872,0.0
17,baseline,final_y_compression,-0.004680264841368114,0.0
17,all_stiffness_plus_10pct,final_p_ratio,0.1475725697886283,-0.01691367660066581
17,all_stiffness_plus_10pct,mean_y_compression,-0.0022699004602336485,9.255052470507133e-05
17,all_stiffness_plus_10pct,final_y_compression,-0.004637248150215843,4.301669115227072e-05
17,all_stiffness_minus_10pct,final_p_ratio,0.17560074865025976,0.011114502260965664
17,all_stiffness_minus_10pct,mean_y_compression,-0.002350835244940224,1.161573999849605e-05
17,all_stiffness_minus_10pct,final_y_compression,-0.00455984549064167,0.00012041935072644363
17,weak_springs_floor_to_q25,final_p_ratio,0.07650476955686791,-0.08798147683242619
17,weak_springs_floor_to_q25,mean_y_compression,-0.0021133757834189268,0.0002490752015197931
17,weak_springs_floor_to_q25,final_y_compression,-0.004288312777722107,0.00039195206364600697
17,weak_springs_plus_25pct,final_p_ratio,0.20504214222773595,0.04055589583844185
17,weak_springs_plus_25pct,mean_y_compression,-0.0028967009775423846,-0.0005342499926036647
17,weak_springs_plus_25pct,final_y_compression,-0.0057952482854329015,-0.0011149834440647875
17,half_homogenize_to_mean,final_p_ratio,0.2773570472514445,0.1128708008621504
17,half_homogenize_to_mean,mean_y_compression,-0.004459837542785101,-0.002097386557846381
17,half_homogenize_to_mean,final_y_compression,-0.009098527763388754,-0.00441826292202064
18,baseline,final_p_ratio,-0.28446935982444155,0.0
18,baseline,mean_y_compression,0.003745471299269594,0.0
18,baseline,final_y_compression,0.007757009522963871,0.0
18,all_stiffness_plus_10pct,final_p_ratio,-0.3374364365886318,-0.05296707676419027
18,all_stiffness_plus_10pct,mean_y_compression,0.00413444161212915,0.00038897031285955617
18,all_stiffness_plus_10pct,final_y_compression,0.008517001322586735,0.0007599917996228642
18,all_stiffness_minus_10pct,final_p_ratio,-0.2316337114582377,0.05283564836620386
18,all_stiffness_minus_10pct,mean_y_compression,0.003363877959288644,-0.00038159333998095
18,all_stiffness_minus_10pct,final_y_compression,0.007008444545918522,-0.0007485649770453484
18,weak_springs_floor_to_q25,final_p_ratio,-0.2793719579736224,0.005097401850819139
18,weak_springs_floor_to_q25,mean_y_compression,0.004020878784073656,0.000275407484804062
18,weak_springs_floor_to_q25,final_y_compression,0.00855692202703588,0.0007999125040720097
18,weak_springs_plus_25pct,final_p_ratio,-0.27953459429580885,0.004934765528632701
18,weak_springs_plus_25pct,mean_y_compression,0.0036891690777689536,-5.6302221500640574e-05
18,weak_springs_plus_25pct,final_y_compression,0.0076295541038690585,-0.00012745541909481208
18,half_homogenize_to_mean,final_p_ratio,0.14061203840894682,0.42508139823338836
18,half_homogenize_to_mean,mean_y_compression,-0.003355816595924864,-0.007101287895194458
18,half_homogenize_to_mean,final_y_compression,-0.007470841180962715,-0.015227850703926585
19,baseline,final_p_ratio,-0.27176285155694746,0.0
19,baseline,mean_y_compression,0.004324571637137769,0.0
19,baseline,final_y_compression,0.009034098208918135,0.0
19,all_stiffness_plus_10pct,final_p_ratio,-0.32522848916453556,-0.0534656376075881
19,all_stiffness_plus_10pct,mean_y_compression,0.004813152839970949,0.00048858120283318
19,all_stiffness_plus_10pct,final_y_compression,0.009914745582267825,0.0008806473733496897
19,all_stiffness_minus_10pct,final_p_ratio,-0.21791392236761853,0.05384892918932893
19,all_stiffness_minus_10pct,mean_y_compression,0.0038294118830749942,-0.0004951597540627747
19,all_stiffness_minus_10pct,final_y_compression,0.008143119809739714,-0.0008909783991784218
19,weak_springs_floor_to_q25,final_p_ratio,-0.245457077753698,0.02630577380324947
19,weak_springs_floor_to_q25,mean_y_compression,0.002860991748586085,-0.001463579888551684
19,weak_springs_floor_to_q25,final_y_compression,0.006213832730520953,-0.0028202654783971827
19,weak_springs_plus_25pct,final_p_ratio,-0.2767633478261822,-0.0050004962692347665
19,weak_springs_plus_25pct,mean_y_compression,0.004606058104591436,0.000281486467453667
19,weak_springs_plus_25pct,final_y_compression,0.00976418845106678,0.0007300902421486441
19,half_homogenize_to_mean,final_p_ratio,0.07298817719737818,0.3447510287543256
19,half_homogenize_to_mean,mean_y_compression,-0.0024680780868951624,-0.006792649724032931
19,half_homogenize_to_mean,final_y_compression,-0.005069789956066714,-0.01410388816498485
20,baseline,final_p_ratio,-0.24514460590009177,0.0
20,baseline,mean_y_compression,0.0033535943843235635,0.0
20,baseline,final_y_compression,0.006491721819964198,0.0
20,all_stiffness_plus_10pct,final_p_ratio,-0.29304869306474,-0.04790408716464825
20,all_stiffness_plus_10pct,mean_y_compression,0.0036979592770010426,0.000344364892677479
20,all_stiffness_plus_10pct,final_y_compression,0.007166893599140318,0.0006751717791761199
20,all_stiffness_minus_10pct,final_p_ratio,-0.1917272013426745,0.05341740455741725
20,all_stiffness_minus_10pct,mean_y_compression,0.0026997330854990776,-0.0006538612988244859
20,all_stiffness_minus_10pct,final_y_compression,0.005337184190906912,-0.001154537629057286
20,weak_springs_floor_to_q25,final_p_ratio,0.15378019405457993,0.39892479995467167
20,weak_springs_floor_to_q25,mean_y_compression,-0.006135617107407382,-0.009489211491730945
20,weak_springs_floor_to_q25,final_y_compression,-0.01330055838074585,-0.019792280200710048
20,weak_springs_plus_25pct,final_p_ratio,-0.24289934024315735,0.00224526565693442
20,weak_springs_plus_25pct,mean_y_compression,0.0033157043983147337,-3.788998600882986e-05
20,weak_springs_plus_25pct,final_y_compression,0.006410589896119551,-8.113192384464653e-05
20,half_homogenize_to_mean,final_p_ratio,0.10761697255916408,0.3527615784592558
20,half_homogenize_to_mean,mean_y_compression,-0.0038872808773022117,-0.007240875261625776
20,half_homogenize_to_mean,final_y_compression,-0.008754320536671963,-0.015246042356636161
21,baseline,final_p_ratio,-0.2945557178596389,0.0
21,baseline,mean_y_compression,0.003744572069540212,0.0
21,baseline,final_y_compression,0.007931253971140261,0.0
21,all_stiffness_plus_10pct,final_p_ratio,-0.3513277593182366,-0.05677204145859771
21,all_stiffness_plus_10pct,mean_y_compression,0.004314352876187957,0.0005697808066477449
21,all_stiffness_plus_10pct,final_y_compression,0.009008528021944644,0.0010772740508043829
21,all_stiffness_minus_10pct,final_p_ratio,-0.2381056320173878,0.05645008584225111
21,all_stiffness_minus_10pct,mean_y_compression,0.003182633893012679,-0.0005619381765275332
21,all_stiffness_minus_10pct,final_y_compression,0.0068662221656844566,-0.0010650318054558046
21,weak_springs_floor_to_q25,final_p_ratio,-0.2764644584561953,0.018091259403443638
21,weak_springs_floor_to_q25,mean_y_compression,0.003821090654586202,7.65185850459902e-05
21,weak_springs_floor_to_q25,final_y_compression,0.008515621692950998,0.0005843677218107367
21,weak_springs_plus_25pct,final_p_ratio,-0.28953599102076266,0.005019726838876248
21,weak_springs_plus_25pct,mean_y_compression,0.003585486919048208,-0.00015908515049200406
21,weak_springs_plus_25pct,final_y_compression,0.007522791963558394,-0.0004084620075818675
21,half_homogenize_to_mean,final_p_ratio,0.11802795823837514,0.41258367609801405
21,half_homogenize_to_mean,mean_y_compression,-0.003932144021538587,-0.007676716091078799
21,half_homogenize_to_mean,final_y_compression,-0.008435483888916333,-0.016366737860056595
22,baseline,final_p_ratio,-0.29156172477782594,0.0
22,baseline,mean_y_compression,0.0031972493540395,0.0
22,baseline,final_y_compression,0.006471472601933021,0.0
22,all_stiffness_plus_10pct,final_p_ratio,-0.3439787358765039,-0.05241701109867797
22,all_stiffness_plus_10pct,mean_y_compression,0.0037491710005874996,0.0005519216465479995
22,all_stiffness_plus_10pct,final_y_compression,0.007455940175241144,0.0009844675733081234
22,all_stiffness_minus_10pct,final_p_ratio,-0.22610363292609797,0.06545809185172796
22,all_stiffness_minus_10pct,mean_y_compression,0.0027801319122445775,-0.00041711744179492253
22,all_stiffness_minus_10pct,final_y_compression,0.005687584038253295,-0.0007838885636797252
22,weak_springs_floor_to_q25,final_p_ratio,-0.27731872255545587,0.014243002222370071
22,weak_springs_floor_to_q25,mean_y_compression,0.003094074373661381,-0.00010317498037811911
22,weak_springs_floor_to_q25,final_y_compression,0.006239769821956084,-0.00023170277997693663
22,weak_springs_plus_25pct,final_p_ratio,-0.28818703590033107,0.003374688877494869
22,weak_springs_plus_25pct,mean_y_compression,0.003158931634798383,-3.831771924111714e-05
22,weak_springs_plus_25pct,final_y_compression,0.006382356814183429,-8.911578774959197e-05
22,half_homogenize_to_mean,final_p_ratio,0.10424083229551112,0.39580255707333706
22,half_homogenize_to_mean,mean_y_compression,-0.004014798991741417,-0.007212048345780917
22,half_homogenize_to_mean,final_y_compression,-0.009009759529022,-0.015481232130955022
23,baseline,final_p_ratio,-0.25148858105983063,0.0
23,baseline,mean_y_compression,0.002798132202821127,0.0
23,baseline,final_y_compression,0.005625542345935456,0.0
23,all_stiffness_plus_10pct,final_p_ratio,-0.29467756412030544,-0.043188983060474806
23,all_stiffness_plus_10pct,mean_y_compression,0.0034502469410079084,0.0006521147381867813
23,all_stiffness_plus_10pct,final_y_compression,0.006780596651896665,0.0011550543059612086
23,all_stiffness_minus_10pct,final_p_ratio,-0.19858611217911434,0.052902468880716286
23,all_stiffness_minus_10pct,mean_y_compression,0.0022464255993851663,-0.0005517066034359608
23,all_stiffness_minus_10pct,final_y_compression,0.004619888297758068,-0.0010056540481773882
23,weak_springs_floor_to_q25,final_p_ratio,-0.21229060917862666,0.03919797188120397
23,weak_springs_floor_to_q25,mean_y_compression,0.0019623220494276957,-0.0008358101533934314
23,weak_springs_floor_to_q25,final_y_compression,0.0038490176598318633,-0.001776524686103593
23,weak_springs_plus_25pct,final_p_ratio,-0.25202540675501744,-0.0005368256951868156
23,weak_springs_plus_25pct,mean_y_compression,0.002900316073321909,0.00010218387050078175
23,weak_springs_plus_25pct,final_y_compression,0.005821179561111996,0.00019563721517654002
23,half_homogenize_to_mean,final_p_ratio,0.16552855849736506,0.41701713955719566
23,half_homogenize_to_mean,mean_y_compression,-0.003480219010403042,-0.006278351213224169
23,half_homogenize_to_mean,final_y_compression,-0.007993444955718671,-0.013618987301654128
24,baseline,final_p_ratio,-0.14254767145439912,0.0
24,baseline,mean_y_compression,0.0014974294208367734,0.0
24,baseline,final_y_compression,0.00335766892888905,0.0
24,all_stiffness_plus_10pct,final_p_ratio,-0.18755503702357032,-0.045007365569171204
24,all_stiffness_plus_10pct,mean_y_compression,0.0019387282350294911,0.0004412988141927177
24,all_stiffness_plus_10pct,final_y_compression,0.004174950156234922,0.0008172812273458717
24,all_stiffness_minus_10pct,final_p_ratio,-0.09816572414112631,0.0443819473132728
24,all_stiffness_minus_10pct,mean_y_compression,0.001076721651966329,-0.0004207077688704445
24,all_stiffness_minus_10pct,final_y_compression,0.002572417444390337,-0.0007852514844987131
24,weak_springs_floor_to_q25,final_p_ratio,-0.13330010938212092,0.009247562072278198
24,weak_springs_floor_to_q25,mean_y_compression,-0.00031878976434032794,-0.0018162191851771013
24,weak_springs_floor_to_q25,final_y_compression,-0.00040552896428013637,-0.0037631978931691864
24,weak_springs_plus_25pct,final_p_ratio,-0.14089784285491003,0.0016498285994890893
24,weak_springs_plus_25pct,mean_y_compression,0.001332081735884123,-0.0001653476849526503
24,weak_springs_plus_25pct,final_y_compression,0.0031583655026718557,-0.00019930342621719442
24,half_homogenize_to_mean,final_p_ratio,0.16052163897943486,0.303069310433834
24,half_homogenize_to_mean,mean_y_compression,-0.0037281383871043475,-0.005225567807941121
24,half_homogenize_to_mean,final_y_compression,-0.007888910749374735,-0.011246579678263785
25,baseline,final_p_ratio,-0.2337078571550656,0.0
25,baseline,mean_y_compression,0.002509263931625492,0.0
25,baseline,final_y_compression,0.005000420725064246,0.0
25,all_stiffness_plus_10pct,final_p_ratio,-0.2900675043457131,-0.05635964719064751
25,all_stiffness_plus_10pct,mean_y_compression,0.00324430737653291,0.0007350434449074181
25,all_stiffness_plus_10pct,final_y_compression,0.006237218484155909,0.0012367977590916632
25,all_stiffness_minus_10pct,final_p_ratio,-0.17730801052481754,0.05639984663024805
25,all_stiffness_minus_10pct,mean_y_compression,0.0018105206135046433,-0.0006987433181208486
25,all_stiffness_minus_10pct,final_y_compression,0.0038194811655546633,-0.0011809395595095825
25,weak_springs_floor_to_q25,final_p_ratio,0.2645680680563536,0.49827592521141917
25,weak_springs_floor_to_q25,mean_y_compression,-0.007197427477183245,-0.009706691408808737
25,weak_springs_floor_to_q25,final_y_compression,-0.015561246772026886,-0.02056166749709113
25,weak_springs_plus_25pct,final_p_ratio,-0.2332645252728881,0.000443331882177489
25,weak_springs_plus_25pct,mean_y_compression,0.0025672510174164797,5.7987085790987825e-05
25,weak_springs_plus_25pct,final_y_compression,0.005159254604068639,0.0001588338790043933
25,half_homogenize_to_mean,final_p_ratio,0.05521030561549938,0.288918162770565
25,half_homogenize_to_mean,mean_y_compression,-0.004330345086937089,-0.00683960901856258
25,half_homogenize_to_mean,final_y_compression,-0.009197028735676467,-0.014197449460740714
26,baseline,final_p_ratio,0.25848844881934024,0.0
26,baseline,mean_y_compression,-0.003570020645695083,0.0
26,baseline,final_y_compression,-0.007006580166443088,0.0
26,all_stiffness_plus_10pct,final_p_ratio,0.23891673435645164,-0.019571714462888606
26,all_stiffness_plus_10pct,mean_y_compression,-0.003508755879486733,6.126476620834992e-05
26,all_stiffness_plus_10pct,final_y_compression,-0.007036376540225692,-2.9796373782604163e-05
26,all_stiffness_minus_10pct,final_p_ratio,0.25387671121478916,-0.0046117376045510805
26,all_stiffness_minus_10pct,mean_y_compression,-0.003581306274863182,-1.1285629168098898e-05
26,all_stiffness_minus_10pct,final_y_compression,-0.006886984351476074,0.00011959581496701413
26,weak_springs_floor_to_q25,final_p_ratio,0.17526390280889523,-0.08322454601044502
26,weak_springs_floor_to_q25,mean_y_compression,-0.003240911491779893,0.00032910915391519023
26,weak_springs_floor_to_q25,final_y_compression,-0.0064188671006717045,0.0005877130657713833
26,weak_springs_plus_25pct,final_p_ratio,0.29611178191162524,0.037623333092284994
26,weak_springs_plus_25pct,mean_y_compression,-0.004265815092361075,-0.0006957944466659915
26,weak_springs_plus_25pct,final_y_compression,-0.00844292719380902,-0.0014363470273659326
26,half_homogenize_to_mean,final_p_ratio,0.3409753690811877,0.08248692026184745
26,half_homogenize_to_mean,mean_y_compression,-0.00533855318947611,-0.0017685325437810273
26,half_homogenize_to_mean,final_y_compression,-0.010896866694358921,-0.003890286527915833
27,baseline,final_p_ratio,-0.26784670514725745,0.0
27,baseline,mean_y_compression,0.003873980276216662,0.0
27,baseline,final_y_compression,0.008125275583151872,0.0
27,all_stiffness_plus_10pct,final_p_ratio,-0.33670717167788056,-0.06886046653062311
27,all_stiffness_plus_10pct,mean_y_compression,0.004573713408328821,0.0006997331321121594
27,all_stiffness_plus_10pct,final_y_compression,0.009354237059229178,0.0012289614760773067
27,all_stiffness_minus_10pct,final_p_ratio,-0.22278433678892492,0.04506236835833252
27,all_stiffness_minus_10pct,mean_y_compression,0.00327258241906264,-0.0006013978571540218
27,all_stiffness_minus_10pct,final_y_compression,0.007060347715681421,-0.0010649278674704507
27,weak_springs_floor_to_q25,final_p_ratio,-0.2510023032430922,0.01684440190416525
27,weak_springs_floor_to_q25,mean_y_compression,0.0032759525542605814,-0.0005980277219560805
27,weak_springs_floor_to_q25,final_y_compression,0.006628164003903313,-0.0014971115792485586
27,weak_springs_plus_25pct,final_p_ratio,-0.26244015779745766,0.005406547349799784
27,weak_springs_plus_25pct,mean_y_compression,0.003781017324055625,-9.29629521610369e-05
27,weak_springs_plus_25pct,final_y_compression,0.007927061410671166,-0.00019821417248070544
27,half_homogenize_to_mean,final_p_ratio,0.1689772482025085,0.436823953349766
27,half_homogenize_to_mean,mean_y_compression,-0.0038788277861664805,-0.007752808062383142
27,half_homogenize_to_mean,final_y_compression,-0.009010184198747604,-0.017135459781899474
28,baseline,final_p_ratio,-0.2557802920544139,0.0
28,baseline,mean_y_compression,0.0035438568786294532,0.0
28,baseline,final_y_compression,0.00727196841986042,0.0
28,all_stiffness_plus_10pct,final_p_ratio,-0.3008374770265767,-0.04505718497216282
28,all_stiffness_plus_10pct,mean_y_compression,0.004107669172092841,0.000563812293463388
28,all_stiffness_plus_10pct,final_y_compression,0.008273532451903924,0.001001564032043504
28,all_stiffness_minus_10pct,final_p_ratio,-0.19564799853604511,0.06013229351836877
28,all_stiffness_minus_10pct,mean_y_compression,0.003135874857595553,-0.0004079820210339002
28,all_stiffness_minus_10pct,final_y_compression,0.006502269169053502,-0.0007696992508069182
28,weak_springs_floor_to_q25,final_p_ratio,-0.1791383230632362,0.07664196899117767
28,weak_springs_floor_to_q25,mean_y_compression,0.001391391750412386,-0.0021524651282170673
28,weak_springs_floor_to_q25,final_y_compression,0.0024399404082487584,-0.004832028011611662
28,weak_springs_plus_25pct,final_p_ratio,-0.25772048861672964,-0.0019401965623157547
28,weak_springs_plus_25pct,mean_y_compression,0.003570335970745169,2.6479092115715922e-05
28,weak_springs_plus_25pct,final_y_compression,0.007345389641043036,7.342122118261622e-05
28,half_homogenize_to_mean,final_p_ratio,0.11192370707271337,0.36770399912712726
28,half_homogenize_to_mean,mean_y_compression,-0.002944910547222564,-0.006488767425852017
28,half_homogenize_to_mean,final_y_compression,-0.007006227879614199,-0.014278196299474619
29,baseline,final_p_ratio,-0.19824447161050263,0.0
29,baseline,mean_y_compression,0.0024475126984161884,0.0
29,baseline,final_y_compression,0.004972591440063166,0.0
29,all_stiffness_plus_10pct,final_p_ratio,-0.2451782403106695,-0.046933768700166884
29,all_stiffness_plus_10pct,mean_y_compression,0.0028274418253649526,0.0003799291269487642
29,all_stiffness_plus_10pct,final_y_compression,0.005714255383991539,0.000741663943928373
29,all_stiffness_minus_10pct,final_p_ratio,-0.14114353907881333,0.0571009325316893
29,all_stiffness_minus_10pct,mean_y_compression,0.0019231949417186406,-0.0005243177566975478
29,all_stiffness_minus_10pct,final_y_compression,0.004003250664210988,-0.0009693407758521776
29,weak_springs_floor_to_q25,final_p_ratio,-0.16125764460620184,0.03698682700430078
29,weak_springs_floor_to_q25,mean_y_compression,0.0009251006472524022,-0.0015224120511637862
29,weak_springs_floor_to_q25,final_y_compression,0.0015841326206143844,-0.0033884588194487814
29,weak_springs_plus_25pct,final_p_ratio,-0.18668498802624425,0.011559483584258373
29,weak_springs_plus_25pct,mean_y_compression,0.002127553693725545,-0.0003199590046906436
29,weak_springs_plus_25pct,final_y_compression,0.004226948966317242,-0.0007456424737459239
29,half_homogenize_to_mean,final_p_ratio,0.1355551180238436,0.3337995896343462
29,half_homogenize_to_mean,mean_y_compression,-0.002998506413547061,-0.005446019111963249
29,half_homogenize_to_mean,final_y_compression,-0.00698770041373551,-0.011960291853798675
30,baseline,final_p_ratio,-0.1669047295770149,0.0
30,baseline,mean_y_compression,0.0013619453298679438,0.0
30,baseline,final_y_compression,0.002793258434671582,0.0
30,all_stiffness_plus_10pct,final_p_ratio,-0.2089231069247264,-0.042018377347711494
30,all_stiffness_plus_10pct,mean_y_compression,0.0015751188880920558,0.000213173558224112
30,all_stiffness_plus_10pct,final_y_compression,0.0031999593088967095,0.0004067008742251275
30,all_stiffness_minus_10pct,final_p_ratio,-0.11568976267711525,0.051214966899899655
30,all_stiffness_minus_10pct,mean_y_compression,0.0008199792724312054,-0.0005419660574367384
30,all_stiffness_minus_10pct,final_y_compression,0.0018755290880910426,-0.0009177293465805394
30,weak_springs_floor_to_q25,final_p_ratio,0.22392576857016958,0.3908304981471845
30,weak_springs_floor_to_q25,mean_y_compression,-0.0067917079547477385,-0.008153653284615682
30,weak_springs_floor_to_q25,final_y_compression,-0.01468818170682973,-0.01748144014150131
30,weak_springs_plus_25pct,final_p_ratio,-0.1659242729953091,0.000980456581705813
30,weak_springs_plus_25pct,mean_y_compression,0.0013156465959454893,-4.629873392245445e-05
30,weak_springs_plus_25pct,final_y_compression,0.0026835852465717466,-0.00010967318809983542
30,half_homogenize_to_mean,final_p_ratio,0.18334059813595743,0.35024532771297234
30,half_homogenize_to_mean,mean_y_compression,-0.0039454352007412775,-0.005307380530609221
30,half_homogenize_to_mean,final_y_compression,-0.008855124776753848,-0.01164838321142543
31,baseline,final_p_ratio,-0.25616461293864934,0.0
31,baseline,mean_y_compression,0.0034524809889161286,0.0
31,baseline,final_y_compression,0.007089582688604606,0.0
31,all_stiffness_plus_10pct,final_p_ratio,-0.30644756555152536,-0.05028295261287602
31,all_stiffness_plus_10pct,mean_y_compression,0.003972166131523167,0.0005196851426070388
31,all_stiffness_plus_10pct,final_y_compression,0.008053893211944952,0.0009643105233403462
31,all_stiffness_minus_10pct,final_p_ratio,-0.20858053376671043,0.04758407917193891
31,all_stiffness_minus_10pct,mean_y_compression,0.0031684941012886845,-0.00028398688762744416
31,all_stiffness_minus_10pct,final_y_compression,0.006489536709262058,-0.0006000459793425485
31,weak_springs_floor_to_q25,final_p_ratio,-0.2215030047193913,0.03466160821925804
31,weak_springs_floor_to_q25,mean_y_compression,0.0027102402925197693,-0.0007422406963963593
31,weak_springs_floor_to_q25,final_y_compression,0.0055679727425294,-0.0015216099460752062
31,weak_springs_plus_25pct,final_p_ratio,-0.2546920148388044,0.0014725980998449573
31,weak_springs_plus_25pct,mean_y_compression,0.0034246064558939586,-2.787453302217002e-05
31,weak_springs_plus_25pct,final_y_compression,0.007090462456181227,8.797675766208241e-07
31,half_homogenize_to_mean,final_p_ratio,0.1505344875669154,0.40669910050556474
31,half_homogenize_to_mean,mean_y_compression,-0.0036001659979145,-0.007052646986830629
31,half_homogenize_to_mean,final_y_compression,-0.008004138872918065,-0.015093721561522671
32,baseline,final_p_ratio,-0.2750399156989915,0.0
32,baseline,mean_y_compression,0.0032435453222216266,0.0
32,baseline,final_y_compression,0.006684417454386234,0.0
32,all_stiffness_plus_10pct,final_p_ratio,-0.3362789436235339,-0.06123902792454239
32,all_stiffness_plus_10pct,mean_y_compression,0.003964278329583044,0.0007207330073614173
32,all_stiffness_plus_10pct,final_y_compression,0.008018538514799204,0.0013341210604129695
32,all_stiffness_minus_10pct,final_p_ratio,-0.21060785180055186,0.06443206389843964
32,all_stiffness_minus_10pct,mean_y_compression,0.002715838073582515,-0.0005277072486391116
32,all_stiffness_minus_10pct,final_y_compression,0.005645738485652137,-0.0010386789687340968
32,weak_springs_floor_to_q25,final_p_ratio,-0.26427692734329816,0.010762988355693337
32,weak_springs_floor_to_q25,mean_y_compression,0.0030955697071216545,-0.0001479756150999721
32,weak_springs_floor_to_q25,final_y_compression,0.006369175126404877,-0.0003152423279813568
32,weak_springs_plus_25pct,final_p_ratio,-0.27156108791784245,0.003478827781149052
32,weak_springs_plus_25pct,mean_y_compression,0.0031524908407292527,-9.105448149237388e-05
32,weak_springs_plus_25pct,final_y_compression,0.006476940581128188,-0.00020747687325804644
32,half_homogenize_to_mean,final_p_ratio,0.07976276709892222,0.3548026827979137
32,half_homogenize_to_mean,mean_y_compression,-0.003504761581219391,-0.006748306903441017
32,half_homogenize_to_mean,final_y_compression,-0.007555962760083524,-0.014240380214469758
33,baseline,final_p_ratio,0.17760773341496858,0.0
33,baseline,mean_y_compression,-0.0029258260727113234,0.0
33,baseline,final_y_compression,-0.005711523582391701,0.0
33,all_stiffness_plus_10pct,final_p_ratio,0.15700096637842445,-0.020606767036544127
33,all_stiffness_plus_10pct,mean_y_compression,-0.0030164706125730277,-9.064453986170435e-05
33,all_stiffness_plus_10pct,final_y_compression,-0.0060010970437640015,-0.0002895734613723002
33,all_stiffness_minus_10pct,final_p_ratio,0.18132065926049812,0.003712925845529541
33,all_stiffness_minus_10pct,mean_y_compression,-0.002830891002903112,9.493506980821128e-05
33,all_stiffness_minus_10pct,final_y_compression,-0.0054063603058818925,0.00030516327650980876
33,weak_springs_floor_to_q25,final_p_ratio,0.0590913230248083,-0.11851641039016028
33,weak_springs_floor_to_q25,mean_y_compression,-0.003255748689204656,-0.0003299226164933328
33,weak_springs_floor_to_q25,final_y_compression,-0.006530034367446351,-0.0008185107850546495
33,weak_springs_plus_25pct,final_p_ratio,0.2279736337584181,0.05036590034344951
33,weak_springs_plus_25pct,mean_y_compression,-0.00374221087277005,-0.0008163848000587266
33,weak_springs_plus_25pct,final_y_compression,-0.007403576906648162,-0.0016920533242564609
33,half_homogenize_to_mean,final_p_ratio,0.2964291276821403,0.11882139426717173
33,half_homogenize_to_mean,mean_y_compression,-0.006073995287526605,-0.003148169214815282
33,half_homogenize_to_mean,final_y_compression,-0.012348895727635197,-0.006637372145243496
34,baseline,final_p_ratio,0.2271879116052761,0.0
34,baseline,mean_y_compression,-0.0031177536479101244,0.0
34,baseline,final_y_compression,-0.006257668996600642,0.0
34,all_stiffness_plus_10pct,final_p_ratio,0.2225528018563185,-0.004635109748957589
34,all_stiffness_plus_10pct,mean_y_compression,-0.0032824091016364462,-0.0001646554537263218
34,all_stiffness_plus_10pct,final_y_compression,-0.0066111392055153385,-0.00035347020891469613
34,all_stiffness_minus_10pct,final_p_ratio,0.23594487510263343,0.008756963497357328
34,all_stiffness_minus_10pct,mean_y_compression,-0.0031844838128744,-6.67301649642754e-05
34,all_stiffness_minus_10pct,final_y_compression,-0.006262581708095648,-4.912711495005419e-06
34,weak_springs_floor_to_q25,final_p_ratio,0.14096163724288627,-0.08622627436238983
34,weak_springs_floor_to_q25,mean_y_compression,-0.0028084646705755193,0.0003092889773346052
34,weak_springs_floor_to_q25,final_y_compression,-0.005729250337022472,0.00052841865957817
34,weak_springs_plus_25pct,final_p_ratio,0.28567377865768945,0.05848586705241335
34,weak_springs_plus_25pct,mean_y_compression,-0.0040484722054562345,-0.0009307185575461101
34,weak_springs_plus_25pct,final_y_compression,-0.008204080202955363,-0.001946411206354721
34,half_homogenize_to_mean,final_p_ratio,0.32855043603445444,0.10136252442917834
34,half_homogenize_to_mean,mean_y_compression,-0.004935520568193202,-0.0018177669202830778
34,half_homogenize_to_mean,final_y_compression,-0.010249620824371853,-0.003991951827771211
35,baseline,final_p_ratio,-0.1360947345604465,0.0
35,baseline,mean_y_compression,0.00026735733137215733,0.0
35,baseline,final_y_compression,0.00028766007194231617,0.0
35,all_stiffness_plus_10pct,final_p_ratio,-0.17927966766845885,-0.04318493310801236
35,all_stiffness_plus_10pct,mean_y_compression,0.000682060446825109,0.00041470311545295166
35,all_stiffness_plus_10pct,final_y_compression,0.0010279691059146988,0.0007403090339723826
35,all_stiffness_minus_10pct,final_p_ratio,-0.08531321812199495,0.05078151643845154
35,all_stiffness_minus_10pct,mean_y_compression,-6.882104010543286e-05,-0.0003361783714775902
35,all_stiffness_minus_10pct,final_y_compression,-0.00033581014984035613,-0.0006234702217826723
35,weak_springs_floor_to_q25,final_p_ratio,-0.0741397533394994,0.061954981220947086
35,weak_springs_floor_to_q25,mean_y_compression,-0.000753810364965814,-0.0010211676963379714
35,weak_springs_floor_to_q25,final_y_compression,-0.0019871007399636363,-0.0022747608119059524
35,weak_springs_plus_25pct,final_p_ratio,-0.12249928853454226,0.013595446025904234
35,weak_springs_plus_25pct,mean_y_compression,9.721540508362286e-05,-0.00017014192628853446
35,weak_springs_plus_25pct,final_y_compression,-4.1821888946692344e-05,-0.0003294819608890085
35,half_homogenize_to_mean,final_p_ratio,0.18952315380235463,0.32561788836280114
35,half_homogenize_to_mean,mean_y_compression,-0.003820204378471954,-0.004087561709844111
35,half_homogenize_to_mean,final_y_compression,-0.00849906474904485,-0.008786724820987166
36,baseline,final_p_ratio,-0.1895862681983431,0.0
36,baseline,mean_y_compression,0.0024321755875593644,0.0
36,baseline,final_y_compression,0.005190636277875462,0.0
36,all_stiffness_plus_10pct,final_p_ratio,-0.23734180445559278,-0.04775553625724968
36,all_stiffness_plus_10pct,mean_y_compression,0.002924429580760879,0.0004922539932015147
36,all_stiffness_plus_10pct,final_y_compression,0.006117880685631824,0.0009272444077563615
36,all_stiffness_minus_10pct,final_p_ratio,-0.1420591913547596,0.04752707684358348
36,all_stiffness_minus_10pct,mean_y_compression,0.0019464259031727836,-0.0004857496843865808
36,all_stiffness_minus_10pct,final_y_compression,0.00427352585211146,-0.0009171104257640027
36,weak_springs_floor_to_q25,final_p_ratio,-0.13740954488569504,0.052176723312648055
36,weak_springs_floor_to_q25,mean_y_compression,0.0003465960465578319,-0.0020855795410015324
36,weak_springs_floor_to_q25,final_y_compression,0.0005550369856585976,-0.004635599292216865
36,weak_springs_plus_25pct,final_p_ratio,-0.1835136843891524,0.006072583809190707
36,weak_springs_plus_25pct,mean_y_compression,0.002232704278075718,-0.00019947130948364629
36,weak_springs_plus_25pct,final_y_compression,0.004800057602148278,-0.0003905786757271842
36,half_homogenize_to_mean,final_p_ratio,0.14971177078856882,0.3392980389869119
36,half_homogenize_to_mean,mean_y_compression,-0.003751376281647599,-0.006183551869206964
36,half_homogenize_to_mean,final_y_compression,-0.00834837273579433,-0.013539009013669792
37,baseline,final_p_ratio,0.15985392418435468,0.0
37,baseline,mean_y_compression,-0.0019386505049940066,0.0
37,baseline,final_y_compression,-0.004143301403397552,0.0
37,all_stiffness_plus_10pct,final_p_ratio,0.1455698315706201,-0.01428409261373459
37,all_stiffness_plus_10pct,mean_y_compression,-0.0018121912332583784,0.00012645927173562813
37,all_stiffness_plus_10pct,final_y_compression,-0.004023257058194216,0.00012004434520333611
37,all_stiffness_minus_10pct,final_p_ratio,0.17306432258488408,0.0132103984005294
37,all_stiffness_minus_10pct,mean_y_compression,-0.002004834532384622,-6.618402739061555e-05
37,all_stiffness_minus_10pct,final_y_compression,-0.00416998805151857,-2.6686648121018383e-05
37,weak_springs_floor_to_q25,final_p_ratio,0.06347075147729489,-0.09638317270705979
37,weak_springs_floor_to_q25,mean_y_compression,-0.0021810459027440765,-0.00024239539775006993
37,weak_springs_floor_to_q25,final_y_compression,-0.004684257451529931,-0.0005409560481323796
37,weak_springs_plus_25pct,final_p_ratio,0.2181987268744897,0.058344802690135034
37,weak_springs_plus_25pct,mean_y_compression,-0.0026916948280680864,-0.0007530443230740799
37,weak_springs_plus_25pct,final_y_compression,-0.005685124457505637,-0.0015418230541080855
37,half_homogenize_to_mean,final_p_ratio,0.3007117006870224,0.14085777650266773
37,half_homogenize_to_mean,mean_y_compression,-0.004860286205110402,-0.002921635700116395
37,half_homogenize_to_mean,final_y_compression,-0.01014927775377763,-0.006005976350380079
38,baseline,final_p_ratio,-0.2070777736567193,0.0
38,baseline,mean_y_compression,0.0015291123391731993,0.0
38,baseline,final_y_compression,0.0027675710563505452,0.0
38,all_stiffness_plus_10pct,final_p_ratio,-0.25157205503953434,-0.044494281382815026
38,all_stiffness_plus_10pct,mean_y_compression,0.0020338635762110783,0.000504751237037879
38,all_stiffness_plus_10pct,final_y_compression,0.00367531882403214,0.0009077477676815949
38,all_stiffness_minus_10pct,final_p_ratio,-0.1523506486539762,0.0547271250027431
38,all_stiffness_minus_10pct,mean_y_compression,0.0010056972512289166,-0.0005234150879442827
38,all_stiffness_minus_10pct,final_y_compression,0.0018256503356569422,-0.0009419207206936031
38,weak_springs_floor_to_q25,final_p_ratio,-0.20210198510816096,0.004975788548558346
38,weak_springs_floor_to_q25,mean_y_compression,0.000734360286148552,-0.0007947520530246473
38,weak_springs_floor_to_q25,final_y_compression,0.0011631650693446206,-0.0016044059870059246
38,weak_springs_plus_25pct,final_p_ratio,-0.20033403289052845,0.006743740766190859
38,weak_springs_plus_25pct,mean_y_compression,0.0014376555168224329,-9.145682235076644e-05
38,weak_springs_plus_25pct,final_y_compression,0.0025649747741357722,-0.00020259628221477302
38,half_homogenize_to_mean,final_p_ratio,0.098194462732999,0.30527223638971834
38,half_homogenize_to_mean,mean_y_compression,-0.003855753669180154,-0.005384866008353353
38,half_homogenize_to_mean,final_y_compression,-0.008428870173015074,-0.01119644122936562
39,baseline,final_p_ratio,-0.21362027186830446,0.0
39,baseline,mean_y_compression,0.003168787004564065,0.0
39,baseline,final_y_compression,0.006897432421899819,0.0
39,all_stiffness_plus_10pct,final_p_ratio,-0.27064375970751536,-0.05702348783921091
39,all_stiffness_plus_10pct,mean_y_compression,0.0035042435266274792,0.00033545652206341424
39,all_stiffness_plus_10pct,final_y_compression,0.007521402273015122,0.0006239698511153026
39,all_stiffness_minus_10pct,final_p_ratio,-0.17608382800973738,0.03753644385856708
39,all_stiffness_minus_10pct,mean_y_compression,0.0027804587902810042,-0.00038832821428306076
39,all_stiffness_minus_10pct,final_y_compression,0.006202437612494265,-0.0006949948094055539
39,weak_springs_floor_to_q25,final_p_ratio,0.22410070939928564,0.43772098126759007
39,weak_springs_floor_to_q25,mean_y_compression,-0.007113466842576874,-0.010282253847140939
39,weak_springs_floor_to_q25,final_y_compression,-0.015057411499198911,-0.02195484392109873
39,weak_springs_plus_25pct,final_p_ratio,-0.20444097981157297,0.009179292056731486
39,weak_springs_plus_25pct,mean_y_compression,0.0029769533062796332,-0.00019183369828443177
39,weak_springs_plus_25pct,final_y_compression,0.006485060436458784,-0.0004123719854410351
39,half_homogenize_to_mean,final_p_ratio,0.20451313211198865,0.4181334039802931
39,half_homogenize_to_mean,mean_y_compression,-0.004899261806299278,-0.008068048810863343
39,half_homogenize_to_mean,final_y_compression,-0.010868320835226233,-0.017765753257126052
40,baseline,final_p_ratio,-0.27410945222023997,0.0
40,baseline,mean_y_compression,0.003170142551403822,0.0
40,baseline,final_y_compression,0.006537780429195444,0.0
40,all_stiffness_plus_10pct,final_p_ratio,-0.3297414349764531,-0.055631982756213116
40,all_stiffness_plus_10pct,mean_y_compression,0.003741453711295156,0.0005713111598913342
40,all_stiffness_plus_10pct,final_y_compression,0.007606308872206628,0.0010685284430111842
40,all_stiffness_minus_10pct,final_p_ratio,-0.21885922351442588,0.055250228705814086
40,all_stiffness_minus_10pct,mean_y_compression,0.002605789853974683,-0.0005643526974291389
40,all_stiffness_minus_10pct,final_y_compression,0.005480167539977312,-0.0010576128892181317
40,weak_springs_floor_to_q25,final_p_ratio,-0.2542261980750017,0.019883254145238283
40,weak_springs_floor_to_q25,mean_y_compression,0.002804305880616218,-0.0003658366707876039
40,weak_springs_floor_to_q25,final_y_compression,0.006022266203625064,-0.00051551422557038
40,weak_springs_plus_25pct,final_p_ratio,-0.26708251555150747,0.0070269366687324974
40,weak_springs_plus_25pct,mean_y_compression,0.003064970395892622,-0.0001051721555112
40,weak_springs_plus_25pct,final_y_compression,0.006400626724069331,-0.00013715370512611298
40,half_homogenize_to_mean,final_p_ratio,0.10376002036046744,0.3778694725807074
40,half_homogenize_to_mean,mean_y_compression,-0.003099740732798653,-0.0062698832842024745
40,half_homogenize_to_mean,final_y_compression,-0.007079070951840669,-0.013616851381036112
41,baseline,final_p_ratio,-0.25941598682529327,0.0
41,baseline,mean_y_compression,0.0036702751699121895,0.0
41,baseline,final_y_compression,0.0073977623932685,0.0
41,all_stiffness_plus_10pct,final_p_ratio,-0.31027769976967073,-0.05086171294437747
41,all_stiffness_plus_10pct,mean_y_compression,0.004252256100848767,0.0005819809309365776
41,all_stiffness_plus_10pct,final_y_compression,0.00845518307372917,0.0010574206804606703
41,all_stiffness_minus_10pct,final_p_ratio,-0.20756258030099514,0.051853406524298123
41,all_stiffness_minus_10pct,mean_y_compression,0.0030985436728526686,-0.000571731497059521
41,all_stiffness_minus_10pct,final_y_compression,0.006355591300005905,-0.0010421710932625944
41,weak_springs_floor_to_q25,final_p_ratio,-0.23627089695267287,0.0231450898726204
41,weak_springs_floor_to_q25,mean_y_compression,0.0028714864939449985,-0.000798788675967191
41,weak_springs_floor_to_q25,final_y_compression,0.0056552525532441765,-0.0017425098400243233
41,weak_springs_plus_25pct,final_p_ratio,-0.2568220606059649,0.0025939262193283574
41,weak_springs_plus_25pct,mean_y_compression,0.0035960017165999575,-7.427345331223207e-05
41,weak_springs_plus_25pct,final_y_compression,0.007229042362338113,-0.00016872003093038653
41,half_homogenize_to_mean,final_p_ratio,0.08147420319289622,0.3408901900181895
41,half_homogenize_to_mean,mean_y_compression,-0.0029726740397834194,-0.0066429492096956085
41,half_homogenize_to_mean,final_y_compression,-0.007020933789553368,-0.014418696182821867
42,baseline,final_p_ratio,-0.16650058167025425,0.0
42,baseline,mean_y_compression,0.001467404079421768,0.0
42,baseline,final_y_compression,0.0033770463868932777,0.0
42,all_stiffness_plus_10pct,final_p_ratio,-0.21055485874801935,-0.0440542770777651
42,all_stiffness_plus_10pct,mean_y_compression,0.0018258216681693261,0.00035841758874755806
42,all_stiffness_plus_10pct,final_y_compression,0.004014657204006444,0.0006376108171131665
42,all_stiffness_minus_10pct,final_p_ratio,-0.12118746832020297,0.04531311335005128
42,all_stiffness_minus_10pct,mean_y_compression,0.0011001458384866465,-0.00036725824093512154
42,all_stiffness_minus_10pct,final_y_compression,0.002725156860286771,-0.0006518895266065068
42,weak_springs_floor_to_q25,final_p_ratio,0.060169099422709975,0.22666968109296423
42,weak_springs_floor_to_q25,mean_y_compression,-0.003814174630459904,-0.005281578709881672
42,weak_springs_floor_to_q25,final_y_compression,-0.008152949397010707,-0.011529995783903985
42,weak_springs_plus_25pct,final_p_ratio,-0.1612348164508084,0.005265765219445856
42,weak_springs_plus_25pct,mean_y_compression,0.0012051182625206572,-0.0002622858169011109
42,weak_springs_plus_25pct,final_y_compression,0.0028955917616264506,-0.0004814546252668271
42,half_homogenize_to_mean,final_p_ratio,0.14990603492143334,0.31640661659168756
42,half_homogenize_to_mean,mean_y_compression,-0.0044476122869522945,-0.0059150163663740625
42,half_homogenize_to_mean,final_y_compression,-0.00966113291941626,-0.013038179306309537
43,baseline,final_p_ratio,0.3287971631469645,0.0
43,baseline,mean_y_compression,-0.00486139156331561,0.0
43,baseline,final_y_compression,-0.009693472948750271,0.0
43,all_stiffness_plus_10pct,final_p_ratio,0.33231667823544775,0.0035195150884832493
43,all_stiffness_plus_10pct,mean_y_compression,-0.005145710389311141,-0.00028431882599553107
43,all_stiffness_plus_10pct,final_y_compression,-0.010362523623986208,-0.0006690506752359375
43,all_stiffness_minus_10pct,final_p_ratio,0.3234553161257989,-0.00534184702116558
43,all_stiffness_minus_10pct,mean_y_compression,-0.004474773839945949,0.00038661772336966074
43,all_stiffness_minus_10pct,final_y_compression,-0.008865976006019865,0.0008274969427304064
43,weak_springs_floor_to_q25,final_p_ratio,0.2946747269439533,-0.0341224362030112
43,weak_springs_floor_to_q25,mean_y_compression,-0.004680240662852099,0.00018115090046351076
43,weak_springs_floor_to_q25,final_y_compression,-0.009374233794049206,0.00031923915470106513
43,weak_springs_plus_25pct,final_p_ratio,0.34134226788146643,0.012545104734501933
43,weak_springs_plus_25pct,mean_y_compression,-0.005166787623630593,-0.00030539606031498336
43,weak_springs_plus_25pct,final_y_compression,-0.010466175639570929,-0.0007727026908206577
43,half_homogenize_to_mean,final_p_ratio,0.37955660006019254,0.05075943691322804
43,half_homogenize_to_mean,mean_y_compression,-0.005621650568285626,-0.0007602590049700158
43,half_homogenize_to_mean,final_y_compression,-0.011484573324374546,-0.001791100375624275
44,baseline,final_p_ratio,-0.026663903067430567,0.0
44,baseline,mean_y_compression,-0.000352369094153268,0.0
44,baseline,final_y_compression,-0.0005407620791961569,0.0
44,all_stiffness_plus_10pct,final_p_ratio,-0.059689195665287936,-0.03302529259785737
44,all_stiffness_plus_10pct,mean_y_compression,-0.00010052122464722309,0.0002518478695060449
44,all_stiffness_plus_10pct,final_y_compression,-0.00012925354774914104,0.00041150853144701583
44,all_stiffness_minus_10pct,final_p_ratio,0.006482927720718602,0.03314683078814917
44,all_stiffness_minus_10pct,mean_y_compression,-0.0006029604518228984,-0.0002505913576696304
44,all_stiffness_minus_10pct,final_y_compression,-0.0009504010019300257,-0.00040963892273386884
44,weak_springs_floor_to_q25,final_p_ratio,-0.0558942349630783,-0.02923033189564773
44,weak_springs_floor_to_q25,mean_y_compression,-0.0020321396132872544,-0.0016797705191339864
44,weak_springs_floor_to_q25,final_y_compression,-0.004099273224512972,-0.0035585111453168153
44,weak_springs_plus_25pct,final_p_ratio,0.016377683002731888,0.04304158607016245
44,weak_springs_plus_25pct,mean_y_compression,-0.0008312843069128069,-0.0004789152127595389
44,weak_springs_plus_25pct,final_y_compression,-0.0015589848890803556,-0.0010182228098841988
44,half_homogenize_to_mean,final_p_ratio,0.17277928974621642,0.199443192813647
44,half_homogenize_to_mean,mean_y_compression,-0.004716958186031062,-0.004364589091877795
44,half_homogenize_to_mean,final_y_compression,-0.009701762504567876,-0.00916100042537172
45,baseline,final_p_ratio,-0.261792557756786,0.0
45,baseline,mean_y_compression,0.0030601493935260623,0.0
45,baseline,final_y_compression,0.005962714254921163,0.0
45,all_stiffness_plus_10pct,final_p_ratio,-0.31630365979648517,-0.054511102039699166
45,all_stiffness_plus_10pct,mean_y_compression,0.003605795735062383,0.0005456463415363208
45,all_stiffness_plus_10pct,final_y_compression,0.0069667285873529486,0.0010040143324317853
45,all_stiffness_minus_10pct,final_p_ratio,-0.20696988301746888,0.05482267473931712
45,all_stiffness_minus_10pct,mean_y_compression,0.0025033277567224595,-0.0005568216368036028
45,all_stiffness_minus_10pct,final_y_compression,0.004941331603770803,-0.0010213826511503606
45,weak_springs_floor_to_q25,final_p_ratio,-0.27603980885208934,-0.014247251095303337
45,weak_springs_floor_to_q25,mean_y_compression,0.00394137090840314,0.0008812215148770773
45,weak_springs_floor_to_q25,final_y_compression,0.008368037960360463,0.0024053237054393
45,weak_springs_plus_25pct,final_p_ratio,-0.2606208848629002,0.0011716728938858112
45,weak_springs_plus_25pct,mean_y_compression,0.0030728996487311296,1.2750255205067323e-05
45,weak_springs_plus_25pct,final_y_compression,0.00603400445827884,7.129020335767695e-05
45,half_homogenize_to_mean,final_p_ratio,0.0678464293767646,0.3296389871335506
45,half_homogenize_to_mean,mean_y_compression,-0.0028652558258670606,-0.005925405219393123
45,half_homogenize_to_mean,final_y_compression,-0.006370855330059749,-0.012333569584980913
46,baseline,final_p_ratio,-0.18780757846998491,0.0
46,baseline,mean_y_compression,0.0019111729689574963,0.0
46,baseline,final_y_compression,0.0039216225404481355,0.0
46,all_stiffness_plus_10pct,final_p_ratio,-0.23426030577745982,-0.046452727307474906
46,all_stiffness_plus_10pct,mean_y_compression,0.0023605533972694773,0.000449380428311981
46,all_stiffness_plus_10pct,final_y_compression,0.004735254219115125,0.0008136316786669893
46,all_stiffness_minus_10pct,final_p_ratio,-0.14123738827811239,0.04657019019187253
46,all_stiffness_minus_10pct,mean_y_compression,0.0014630067861183054,-0.0004481661828391909
46,all_stiffness_minus_10pct,final_y_compression,0.0031097980262054367,-0.0008118245142426988
46,weak_springs_floor_to_q25,final_p_ratio,0.2590548232196137,0.4468624016895986
46,weak_springs_floor_to_q25,mean_y_compression,-0.005653385848475073,-0.0075645588174325686
46,weak_springs_floor_to_q25,final_y_compression,-0.012169472994774801,-0.016091095535222935
46,weak_springs_plus_25pct,final_p_ratio,-0.1872401950474149,0.0005673834225700114
46,weak_springs_plus_25pct,mean_y_compression,0.0018528671921892155,-5.8305776768280805e-05
46,weak_springs_plus_25pct,final_y_compression,0.0037358101239260955,-0.00018581241652204
46,half_homogenize_to_mean,final_p_ratio,0.10732501236060296,0.29513259083058785
46,half_homogenize_to_mean,mean_y_compression,-0.003896613305076774,-0.00580778627403427
46,half_homogenize_to_mean,final_y_compression,-0.00848378975402831,-0.012405412294476446
47,baseline,final_p_ratio,-0.2517441769476889,0.0
47,baseline,mean_y_compression,0.004013166644908715,0.0
47,baseline,final_y_compression,0.00831572147610368,0.0
47,all_stiffness_plus_10pct,final_p_ratio,-0.3057786578633716,-0.05403448091568269
47,all_stiffness_plus_10pct,mean_y_compression,0.004587259741034146,0.0005740930961254309
47,all_stiffness_plus_10pct,final_y_compression,0.009353059845140822,0.0010373383690371416
47,all_stiffness_minus_10pct,final_p_ratio,-0.19752914202601782,0.054215034921671096
47,all_stiffness_minus_10pct,mean_y_compression,0.0034289386221390767,-0.0005842280227696386
47,all_stiffness_minus_10pct,final_y_compression,0.007262685794377633,-0.001053035681726048
47,weak_springs_floor_to_q25,final_p_ratio,-0.20669139464824357,0.04505278229944534
47,weak_springs_floor_to_q25,mean_y_compression,0.002866121161791626,-0.0011470454831170895
47,weak_springs_floor_to_q25,final_y_compression,0.005858508535280002,-0.002457212940823679
47,weak_springs_plus_25pct,final_p_ratio,-0.24893806847729555,0.0028061084703933648
47,weak_springs_plus_25pct,mean_y_compression,0.004020449182246017,7.282537337301338e-06
47,weak_springs_plus_25pct,final_y_compression,0.008378978155453748,6.32566793500669e-05
47,half_homogenize_to_mean,final_p_ratio,0.1262228948132511,0.37796707176094
47,half_homogenize_to_mean,mean_y_compression,-0.0027193230410140737,-0.0067324896859227885
47,half_homogenize_to_mean,final_y_compression,-0.006144792333555298,-0.014460513809658978
48,baseline,final_p_ratio,-0.20843751568798735,0.0
48,baseline,mean_y_compression,0.0032525395647709362,0.0
48,baseline,final_y_compression,0.007160703007981896,0.0
48,all_stiffness_plus_10pct,final_p_ratio,-0.25703583745296904,-0.04859832176498169
48,all_stiffness_plus_10pct,mean_y_compression,0.003732571494560058,0.0004800319297891217
48,all_stiffness_plus_10pct,final_y_compression,0.008039798572835865,0.0008790955648539682
48,all_stiffness_minus_10pct,final_p_ratio,-0.1598598177076929,0.04857769798029446
48,all_stiffness_minus_10pct,mean_y_compression,0.002783437003667619,-0.00046910256110331734
48,all_stiffness_minus_10pct,final_y_compression,0.006298438976259972,-0.0008622640317219243
48,weak_springs_floor_to_q25,final_p_ratio,0.17878805991704236,0.3872255756050297
48,weak_springs_floor_to_q25,mean_y_compression,-0.007448492950803069,-0.010701032515574006
48,weak_springs_floor_to_q25,final_y_compression,-0.015960139564588936,-0.023120842572570834
48,weak_springs_plus_25pct,final_p_ratio,-0.2040464372241705,0.004391078463816839
48,weak_springs_plus_25pct,mean_y_compression,0.0033107562401478484,5.8216675376912205e-05
48,weak_springs_plus_25pct,final_y_compression,0.0073035811753413785,0.0001428781673594821
48,half_homogenize_to_mean,final_p_ratio,0.13274539583673997,0.34118291152472735
48,half_homogenize_to_mean,mean_y_compression,-0.004804320520696155,-0.00805686008546709
48,half_homogenize_to_mean,final_y_compression,-0.010563348145276999,-0.017724051153258896
49,baseline,final_p_ratio,-0.23614724028667353,0.0
49,baseline,mean_y_compression,0.003287717127517857,0.0
49,baseline,final_y_compression,0.007077473650218035,0.0
49,all_stiffness_plus_10pct,final_p_ratio,-0.27995168537784837,-0.04380444509117484
49,all_stiffness_plus_10pct,mean_y_compression,0.003723984925401027,0.0004362677978831703
49,all_stiffness_plus_10pct,final_y_compression,0.007836007921383514,0.0007585342711654789
49,all_stiffness_minus_10pct,final_p_ratio,-0.1888607053273901,0.04728653495928342
49,all_stiffness_minus_10pct,mean_y_compression,0.0029795378753510347,-0.00030817925216682215
49,all_stiffness_minus_10pct,final_y_compression,0.006514264843897239,-0.0005632088063207957
49,weak_springs_floor_to_q25,final_p_ratio,-0.2193118353572359,0.016835404929437636
49,weak_springs_floor_to_q25,mean_y_compression,0.0009144715025173956,-0.0023732456250004615
49,weak_springs_floor_to_q25,final_y_compression,0.0020656447629477086,-0.005011828887270326
49,weak_springs_plus_25pct,final_p_ratio,-0.2108621969662995,0.02528504332037404
49,weak_springs_plus_25pct,mean_y_compression,0.003093706991132529,-0.00019401013638532805
49,weak_springs_plus_25pct,final_y_compression,0.00663089728499831,-0.00044657636521972487
49,half_homogenize_to_mean,final_p_ratio,0.19158358889486987,0.42773082918154337
49,half_homogenize_to_mean,mean_y_compression,-0.005060240647931893,-0.00834795777544975
49,half_homogenize_to_mean,final_y_compression,-0.011445616385228587,-0.018523090035446624
50,baseline,final_p_ratio,-0.3278320121581732,0.0
50,baseline,mean_y_compression,0.005339725271711897,0.0
50,baseline,final_y_compression,0.011689425645240555,0.0
50,all_stiffness_plus_10pct,final_p_ratio,-0.3862052418449841,-0.05837322968681091
50,all_stiffness_plus_10pct,mean_y_compression,0.0058999959461590095,0.0005602706744471126
50,all_stiffness_plus_10pct,final_y_compression,0.012738476193675966,0.001049050548435411
50,all_stiffness_minus_10pct,final_p_ratio,-0.26850448634907165,0.059327525809101556
50,all_stiffness_minus_10pct,mean_y_compression,0.004725893601510402,-0.0006138316702014946
50,all_stiffness_minus_10pct,final_y_compression,0.010557434235367733,-0.001131991409872822
50,weak_springs_floor_to_q25,final_p_ratio,-0.31870014353582743,0.009131868622345773
50,weak_springs_floor_to_q25,mean_y_compression,0.005064697993999172,-0.00027502727771272495
50,weak_springs_floor_to_q25,final_y_compression,0.011182734932479624,-0.0005066907127609308
50,weak_springs_plus_25pct,final_p_ratio,-0.3250806700234464,0.0027513421347267752
50,weak_springs_plus_25pct,mean_y_compression,0.005073282331669037,-0.00026644294004285994
50,weak_springs_plus_25pct,final_y_compression,0.011095408077585873,-0.0005940175676546824
50,half_homogenize_to_mean,final_p_ratio,0.08154035180077426,0.4093723639589475
50,half_homogenize_to_mean,mean_y_compression,-0.0034751244400041087,-0.008814849711716005
50,half_homogenize_to_mean,final_y_compression,-0.007414177023580931,-0.019103602668821485
51,baseline,final_p_ratio,0.307260736473517,0.0
51,baseline,mean_y_compression,-0.004568616622674331,0.0
51,baseline,final_y_compression,-0.008827809213122768,0.0
51,all_stiffness_plus_10pct,final_p_ratio,0.31204132747740815,0.004780591003891166
51,all_stiffness_plus_10pct,mean_y_compression,-0.00503408177797482,-0.00046546515530048946
51,all_stiffness_plus_10pct,final_y_compression,-0.009778123980723691,-0.0009503147676009228
51,all_stiffness_minus_10pct,final_p_ratio,0.30917528390487314,0.0019145474313561617
51,all_stiffness_minus_10pct,mean_y_compression,-0.004478993321611896,8.962330106243501e-05
51,all_stiffness_minus_10pct,final_y_compression,-0.008459619231538724,0.0003681899815840446
51,weak_springs_floor_to_q25,final_p_ratio,0.27875339069259947,-0.028507345780917515
51,weak_springs_floor_to_q25,mean_y_compression,-0.004366730846341041,0.00020188577633328993
51,weak_springs_floor_to_q25,final_y_compression,-0.008510823360136964,0.00031698585298580405
51,weak_springs_plus_25pct,final_p_ratio,0.33078912428857427,0.023528387815057283
51,weak_springs_plus_25pct,mean_y_compression,-0.004925615250399568,-0.0003569986277252371
51,weak_springs_plus_25pct,final_y_compression,-0.009704058684727975,-0.0008762494716052071
51,half_homogenize_to_mean,final_p_ratio,0.35812943241999134,0.05086869594647436
51,half_homogenize_to_mean,mean_y_compression,-0.005276762607839797,-0.000708145985165466
51,half_homogenize_to_mean,final_y_compression,-0.010402557045600731,-0.001574747832477963
52,baseline,final_p_ratio,0.3274568196078815,0.0
52,baseline,mean_y_compression,-0.004413371631128016,0.0
52,baseline,final_y_compression,-0.00863811790637864,0.0
52,all_stiffness_plus_10pct,final_p_ratio,0.3326196975749846,0.00516287796710313
52,all_stiffness_plus_10pct,mean_y_compression,-0.004762968075440357,-0.000349596444312341
52,all_stiffness_plus_10pct,final_y_compression,-0.009487680826090257,-0.0008495629197116175
52,all_stiffness_minus_10pct,final_p_ratio,0.3260170290921327,-0.0014397905157487734
52,all_stiffness_minus_10pct,mean_y_compression,-0.004272775669209461,0.00014059596191855553
52,all_stiffness_minus_10pct,final_y_compression,-0.008112266944134975,0.0005258509622436645
52,weak_springs_floor_to_q25,final_p_ratio,0.24473830839833685,-0.08271851120954463
52,weak_springs_floor_to_q25,mean_y_compression,-0.004035694986480523,0.0003776766446474929
52,weak_springs_floor_to_q25,final_y_compression,-0.007860113290980979,0.0007780046153976605
52,weak_springs_plus_25pct,final_p_ratio,0.36569354647079333,0.03823672686291185
52,weak_springs_plus_25pct,mean_y_compression,-0.005170938445709942,-0.0007575668145819257
52,weak_springs_plus_25pct,final_y_compression,-0.01022063330783642,-0.0015825154014577798
52,half_homogenize_to_mean,final_p_ratio,0.3895095285388725,0.06205270893099102
52,half_homogenize_to_mean,mean_y_compression,-0.005893702190215047,-0.0014803305590870303
52,half_homogenize_to_mean,final_y_compression,-0.011719146001999348,-0.003081028095620709
53,baseline,final_p_ratio,0.0973497453676184,0.0
53,baseline,mean_y_compression,-0.0011744394023016085,0.0
53,baseline,final_y_compression,-0.002394672446901057,0.0
53,all_stiffness_plus_10pct,final_p_ratio,0.07777081113176568,-0.01957893423585272
53,all_stiffness_plus_10pct,mean_y_compression,-0.0010485960062862874,0.00012584339601532106
53,all_stiffness_plus_10pct,final_y_compression,-0.0022505501579507515,0.00014412228895030552
53,all_stiffness_minus_10pct,final_p_ratio,0.11985932488073509,0.02250957951311669
53,all_stiffness_minus_10pct,mean_y_compression,-0.0013224165937069363,-0.00014797719140532788
53,all_stiffness_minus_10pct,final_y_compression,-0.0025744260572919146,-0.0001797536103908576
53,weak_springs_floor_to_q25,final_p_ratio,0.03657558935084656,-0.06077415601677184
53,weak_springs_floor_to_q25,mean_y_compression,-0.0016406425197817806,-0.0004662031174801722
53,weak_springs_floor_to_q25,final_y_compression,-0.003479318301856059,-0.0010846458549550022
53,weak_springs_plus_25pct,final_p_ratio,0.13948696403430424,0.04213721866668585
53,weak_springs_plus_25pct,mean_y_compression,-0.001747406038570119,-0.0005729666362685106
53,weak_springs_plus_25pct,final_y_compression,-0.003599176878890491,-0.0012045044319894341
53,half_homogenize_to_mean,final_p_ratio,0.24873341551273379,0.1513836701451154
53,half_homogenize_to_mean,mean_y_compression,-0.0040387505012531195,-0.002864311098951511
53,half_homogenize_to_mean,final_y_compression,-0.008383423314816379,-0.005988750867915322
54,baseline,final_p_ratio,-0.11665598379477152,0.0
54,baseline,mean_y_compression,0.0003846470042474186,0.0
54,baseline,final_y_compression,0.0005810105893116357,0.0
54,all_stiffness_plus_10pct,final_p_ratio,-0.15525421533262238,-0.03859823153785086
54,all_stiffness_plus_10pct,mean_y_compression,0.0005708497801156897,0.0001862027758682711
54,all_stiffness_plus_10pct,final_y_compression,0.0009472145172192808,0.0003662039279076451
54,all_stiffness_minus_10pct,final_p_ratio,-0.07218599696741382,0.0444699868273577
54,all_stiffness_minus_10pct,mean_y_compression,-0.00013117589253776812,-0.0005158228967851867
54,all_stiffness_minus_10pct,final_y_compression,-0.0002957274908054862,-0.0008767380801171219
54,weak_springs_floor_to_q25,final_p_ratio,-0.09988592317322234,0.016770060621549177
54,weak_springs_floor_to_q25,mean_y_compression,-0.0008907305979294266,-0.0012753776021768451
54,weak_springs_floor_to_q25,final_y_compression,-0.002140566339884792,-0.002721576929196428
54,weak_springs_plus_25pct,final_p_ratio,-0.1029528275647825,0.013703156229989022
54,weak_springs_plus_25pct,mean_y_compression,0.00021536830056384092,-0.0001692787036835777
54,weak_springs_plus_25pct,final_y_compression,0.0002535526819498278,-0.0003274579073618079
54,half_homogenize_to_mean,final_p_ratio,0.12861583204682814,0.24527181584159966
54,half_homogenize_to_mean,mean_y_compression,-0.004057262217485892,-0.0044419092217333105
54,half_homogenize_to_mean,final_y_compression,-0.00849394470385416,-0.009074955293165796
55,baseline,final_p_ratio,0.27017635242986604,0.0
55,baseline,mean_y_compression,-0.004859883701174828,0.0
55,baseline,final_y_compression,-0.009972696031175192,0.0
55,all_stiffness_plus_10pct,final_p_ratio,0.27043206132420805,0.0002557088943420105
55,all_stiffness_plus_10pct,mean_y_compression,-0.0051470868381972915,-0.00028720313702246345
55,all_stiffness_plus_10pct,final_y_compression,-0.010686003391473126,-0.0007133073602979337
55,all_stiffness_minus_10pct,final_p_ratio,0.271438204120965,0.0012618516910989364
55,all_stiffness_minus_10pct,mean_y_compression,-0.0045287613824218816,0.00033112231875294645
55,all_stiffness_minus_10pct,final_y_compression,-0.00919258753035617,0.0007801085008190215
55,weak_springs_floor_to_q25,final_p_ratio,0.22098813938289777,-0.04918821304696827
55,weak_springs_floor_to_q25,mean_y_compression,-0.004626158184356789,0.00023372551681803862
55,weak_springs_floor_to_q25,final_y_compression,-0.009556147777093224,0.00041654825408196823
55,weak_springs_plus_25pct,final_p_ratio,0.3082653262342662,0.038088973804400184
55,weak_springs_plus_25pct,mean_y_compression,-0.005503841941069142,-0.0006439582398943136
55,weak_springs_plus_25pct,final_y_compression,-0.01137807270532579,-0.001405376674150598
55,half_homogenize_to_mean,final_p_ratio,0.3635543612868565,0.09337800885699044
55,half_homogenize_to_mean,mean_y_compression,-0.006266760444985199,-0.0014068767438103714
55,half_homogenize_to_mean,final_y_compression,-0.013105658739008532,-0.00313296270783334
56,baseline,final_p_ratio,-0.1428562462555157,0.0
56,baseline,mean_y_compression,0.0019060644909539375,0.0
56,baseline,final_y_compression,0.00410759112725809,0.0
56,all_stiffness_plus_10pct,final_p_ratio,-0.1940649377566967,-0.051208691501180986
56,all_stiffness_plus_10pct,mean_y_compression,0.002711072303513695,0.0008050078125597577
56,all_stiffness_plus_10pct,final_y_compression,0.005451009402695331,0.0013434182754372406
56,all_stiffness_minus_10pct,final_p_ratio,-0.0935492641714181,0.04930698208409762
56,all_stiffness_minus_10pct,mean_y_compression,0.0015813263234110261,-0.0003247381675429114
56,all_stiffness_minus_10pct,final_y_compression,0.003504502469656843,-0.0006030886576012472
56,weak_springs_floor_to_q25,final_p_ratio,-0.10578011255171765,0.03707613370379806
56,weak_springs_floor_to_q25,mean_y_compression,0.000387723715579111,-0.0015183407753748264
56,weak_springs_floor_to_q25,final_y_compression,0.0007802246935395725,-0.0033273664337185177
56,weak_springs_plus_25pct,final_p_ratio,-0.1278336757349239,0.015022570520591805
56,weak_springs_plus_25pct,mean_y_compression,0.0016948515228162144,-0.0002112129681377231
56,weak_springs_plus_25pct,final_y_compression,0.0036659817006182696,-0.0004416094266398206
56,half_homogenize_to_mean,final_p_ratio,0.17590435158719173,0.31876059784270744
56,half_homogenize_to_mean,mean_y_compression,-0.0031560184206331533,-0.005062082911587091
56,half_homogenize_to_mean,final_y_compression,-0.007216209129877753,-0.011323800257135842
57,baseline,final_p_ratio,0.013269342369448815,0.0
57,baseline,mean_y_compression,-0.0001308028864847168,0.0
57,baseline,final_y_compression,0.0003096705815386525,0.0
57,all_stiffness_plus_10pct,final_p_ratio,-0.014295002909867245,-0.02756434527931606
57,all_stiffness_plus_10pct,mean_y_compression,1.5643433540053005e-05,0.00014644632002476981
57,all_stiffness_plus_10pct,final_y_compression,0.0004885106359450782,0.00017884005440642575
57,all_stiffness_minus_10pct,final_p_ratio,0.03979198175770999,0.026522639388261174
57,all_stiffness_minus_10pct,mean_y_compression,-0.00022955021285711683,-9.874732637240002e-05
57,all_stiffness_minus_10pct,final_y_compression,0.00020481274913790917,-0.00010485783240074331
57,weak_springs_floor_to_q25,final_p_ratio,0.05765841110490207,0.04438906873545326
57,weak_springs_floor_to_q25,mean_y_compression,-0.0027265579501422102,-0.0025957550636574933
57,weak_springs_floor_to_q25,final_y_compression,-0.005824513076113151,-0.006134183657651804
57,weak_springs_plus_25pct,final_p_ratio,0.0627844706108811,0.04951512824143229
57,weak_springs_plus_25pct,mean_y_compression,-0.0012039128077365542,-0.0010731099212518374
57,weak_springs_plus_25pct,final_y_compression,-0.002111916781472291,-0.0024215873630109436
57,half_homogenize_to_mean,final_p_ratio,0.29961563448939965,0.28634629211995083
57,half_homogenize_to_mean,mean_y_compression,-0.005452958313194008,-0.0053221554267092915
57,half_homogenize_to_mean,final_y_compression,-0.011722021516922983,-0.012031692098461635
58,baseline,final_p_ratio,-0.25149136662726124,0.0
58,baseline,mean_y_compression,0.0037316344313327236,0.0
58,baseline,final_y_compression,0.007925623248781717,0.0
58,all_stiffness_plus_10pct,final_p_ratio,-0.3020473954002717,-0.050556028773010464
58,all_stiffness_plus_10pct,mean_y_compression,0.004176548310560518,0.0004449138792277942
58,all_stiffness_plus_10pct,final_y_compression,0.008761961448896977,0.0008363382001152601
58,all_stiffness_minus_10pct,final_p_ratio,-0.199907032774524,0.051584333852737224
58,all_stiffness_minus_10pct,mean_y_compression,0.0032289953035535782,-0.0005026391277791454
58,all_stiffness_minus_10pct,final_y_compression,0.006999876743886915,-0.000925746504894802
58,weak_springs_floor_to_q25,final_p_ratio,-0.15370804154488082,0.09778332508238041
58,weak_springs_floor_to_q25,mean_y_compression,0.002802081950278017,-0.0009295524810547066
58,weak_springs_floor_to_q25,final_y_compression,0.005956019418135654,-0.0019696038306460635
58,weak_springs_plus_25pct,final_p_ratio,-0.24838141733165228,0.0031099492956089547
58,weak_springs_plus_25pct,mean_y_compression,0.0036167126542248494,-0.00011492177710787418
58,weak_springs_plus_25pct,final_y_compression,0.007698609239866531,-0.0002270140089151865
58,half_homogenize_to_mean,final_p_ratio,0.1531860480645403,0.4046774146918015
58,half_homogenize_to_mean,mean_y_compression,-0.004254614750676582,-0.007986249182009306
58,half_homogenize_to_mean,final_y_compression,-0.00913568859566123,-0.01706131184444295
59,baseline,final_p_ratio,0.17338736886639225,0.0
59,baseline,mean_y_compression,-0.0027384700762342305,0.0
59,baseline,final_y_compression,-0.005286699666670571,0.0
59,all_stiffness_plus_10pct,final_p_ratio,0.1568191419518027,-0.016568226914589562
59,all_stiffness_plus_10pct,mean_y_compression,-0.002709994559651125,2.8475516583105313e-05
59,all_stiffness_plus_10pct,final_y_compression,-0.005364487753011191,-7.778808634062006e-05
59,all_stiffness_minus_10pct,final_p_ratio,0.18317980951572121,0.009792440649328965
59,all_stiffness_minus_10pct,mean_y_compression,-0.002658917216730458,7.95528595037725e-05
59,all_stiffness_minus_10pct,final_y_compression,-0.005039010682598822,0.0002476889840717488
59,weak_springs_floor_to_q25,final_p_ratio,0.06705650736793947,-0.10633086149845278
59,weak_springs_floor_to_q25,mean_y_compression,-0.0023184602135121737,0.0004200098627220568
59,weak_springs_floor_to_q25,final_y_compression,-0.004553253647643127,0.0007334460190274441
59,weak_springs_plus_25pct,final_p_ratio,0.2260693372080048,0.05268196834161254
59,weak_springs_plus_25pct,mean_y_compression,-0.0032741039377617897,-0.0005356338615275591
59,weak_springs_plus_25pct,final_y_compression,-0.006513556810339762,-0.0012268571436691907
59,half_homogenize_to_mean,final_p_ratio,0.2739525460983093,0.10056517723191707
59,half_homogenize_to_mean,mean_y_compression,-0.004797663608689525,-0.0020591935324552942
59,half_homogenize_to_mean,final_y_compression,-0.009732057596470002,-0.0044453579297994315
60,baseline,final_p_ratio,-0.23767943345030845,0.0
60,baseline,mean_y_compression,0.0028873076746248807,0.0
60,baseline,final_y_compression,0.0065487664969827155,0.0
60,all_stiffness_plus_10pct,final_p_ratio,-0.2816152413417614,-0.04393580789145296
60,all_stiffness_plus_10pct,mean_y_compression,0.003064892744303433,0.0001775850696785525
60,all_stiffness_plus_10pct,final_y_compression,0.006997311632467236,0.00044854513548452015
60,all_stiffness_minus_10pct,final_p_ratio,-0.17966121698291673,0.05801821646739172
60,all_stiffness_minus_10pct,mean_y_compression,0.0021350047915470634,-0.0007523028830778173
60,all_stiffness_minus_10pct,final_y_compression,0.005208021045368051,-0.001340745451614665
60,weak_springs_floor_to_q25,final_p_ratio,-0.1696332498879503,0.06804618356235814
60,weak_springs_floor_to_q25,mean_y_compression,0.0019141369690759919,-0.0009731707055488888
60,weak_springs_floor_to_q25,final_y_compression,0.004360232986344997,-0.002188533510637718
60,weak_springs_plus_25pct,final_p_ratio,-0.22943132855869655,0.008248104891611902
60,weak_springs_plus_25pct,mean_y_compression,0.0027739422194384,-0.00011336545518648078
60,weak_springs_plus_25pct,final_y_compression,0.006320979672868349,-0.0002277868241143668
60,half_homogenize_to_mean,final_p_ratio,0.16293567628640848,0.40061510973671693
60,half_homogenize_to_mean,mean_y_compression,-0.0035026612058962035,-0.006389968880521084
60,half_homogenize_to_mean,final_y_compression,-0.007455283411364881,-0.014004049908347596
61,baseline,final_p_ratio,-0.04130044532114854,0.0
61,baseline,mean_y_compression,-0.00014918518852355834,0.0
61,baseline,final_y_compression,5.295156301396095e-05,0.0
61,all_stiffness_plus_10pct,final_p_ratio,-0.08667154645189275,-0.045371101130744204
61,all_stiffness_plus_10pct,mean_y_compression,4.646229506808394e-05,0.00019564748359164228
61,all_stiffness_plus_10pct,final_y_compression,0.0003533239960983287,0.00030037243308436777
61,all_stiffness_minus_10pct,final_p_ratio,-0.02020971916030433,0.021090726160844214
61,all_stiffness_minus_10pct,mean_y_compression,-0.0002833944983329659,-0.00013420930980940755
61,all_stiffness_minus_10pct,final_y_compression,-0.00013993019458278253,-0.00019288175759674348
61,weak_springs_floor_to_q25,final_p_ratio,0.01511520970986751,0.05641565503101605
61,weak_springs_floor_to_q25,mean_y_compression,-0.0013983536732238558,-0.0012491684847002974
61,weak_springs_floor_to_q25,final_y_compression,-0.0031498675139273466,-0.0032028190769413075
61,weak_springs_plus_25pct,final_p_ratio,-4.342167416714754e-05,0.041257023646981396
61,weak_springs_plus_25pct,mean_y_compression,-0.0007965686632796396,-0.0006473834747560813
61,weak_springs_plus_25pct,final_y_compression,-0.001385489127958571,-0.0014384406909725318
61,half_homogenize_to_mean,final_p_ratio,0.21959233709876927,0.2608927824199178
61,half_homogenize_to_mean,mean_y_compression,-0.0042275185903072,-0.004078333401783642
61,half_homogenize_to_mean,final_y_compression,-0.009078896367795667,-0.009131847930809628
62,baseline,final_p_ratio,-0.08552742678563263,0.0
62,baseline,mean_y_compression,0.00027732919246030777,0.0
62,baseline,final_y_compression,0.0003884318835226607,0.0
62,all_stiffness_plus_10pct,final_p_ratio,-0.12355928668629021,-0.03803185990065758
62,all_stiffness_plus_10pct,mean_y_compression,0.0005796149087812344,0.00030228571632092663
62,all_stiffness_plus_10pct,final_y_compression,0.0008603625215302172,0.00047193063800755647
62,all_stiffness_minus_10pct,final_p_ratio,-0.04666519570066718,0.038862231084965455
62,all_stiffness_minus_10pct,mean_y_compression,-1.6372338185154073e-05,-0.00029370153064546187
62,all_stiffness_minus_10pct,final_y_compression,-7.072581721022267e-05,-0.00045915770073288336
62,weak_springs_floor_to_q25,final_p_ratio,0.06597885599628317,0.1515062827819158
62,weak_springs_floor_to_q25,mean_y_compression,-0.002649874383309544,-0.0029272035757698517
62,weak_springs_floor_to_q25,final_y_compression,-0.005907696567089212,-0.006296128450611872
62,weak_springs_plus_25pct,final_p_ratio,-0.06348769874767152,0.022039728037961115
62,weak_springs_plus_25pct,mean_y_compression,-0.00016201558194400937,-0.00043934477440431713
62,weak_springs_plus_25pct,final_y_compression,-0.0005248720719967058,-0.0009133039555193665
62,half_homogenize_to_mean,final_p_ratio,0.18404142527473163,0.2695688520603643
62,half_homogenize_to_mean,mean_y_compression,-0.003833190231669048,-0.004110519424129356
62,half_homogenize_to_mean,final_y_compression,-0.008463798667096609,-0.00885223055061927
63,baseline,final_p_ratio,0.21340423588758228,0.0
63,baseline,mean_y_compression,-0.0030236256359750632,0.0
63,baseline,final_y_compression,-0.006068157563580762,0.0
63,all_stiffness_plus_10pct,final_p_ratio,0.2044714114625613,-0.008932824425020996
63,all_stiffness_plus_10pct,mean_y_compression,-0.0029994518898613827,2.417374611368055e-05
63,all_stiffness_plus_10pct,final_y_compression,-0.0061407032344354085,-7.254567085464639e-05
63,all_stiffness_minus_10pct,final_p_ratio,0.22321650577266886,0.009812269885086572
63,all_stiffness_minus_10pct,mean_y_compression,-0.002993674828390658,2.9950807584405107e-05
63,all_stiffness_minus_10pct,final_y_compression,-0.005912761196877074,0.00015539636670368773
63,weak_springs_floor_to_q25,final_p_ratio,0.14153001152248287,-0.07187422436509941
63,weak_springs_floor_to_q25,mean_y_compression,-0.0032436382622526125,-0.00022001262627754925
63,weak_springs_floor_to_q25,final_y_compression,-0.0067878917960327405,-0.0007197342324519783
63,weak_springs_plus_25pct,final_p_ratio,0.28551911763132565,0.07211488174374336
63,weak_springs_plus_25pct,mean_y_compression,-0.00380469595361312,-0.0007810703176380569
63,weak_springs_plus_25pct,final_y_compression,-0.007855972922582105,-0.0017878153590013433
63,half_homogenize_to_mean,final_p_ratio,0.35795181120304337,0.14454757531546109
63,half_homogenize_to_mean,mean_y_compression,-0.005752793642484053,-0.0027291680065089897
63,half_homogenize_to_mean,final_y_compression,-0.012213156180702796,-0.006144998617122034
64,baseline,final_p_ratio,0.21987794469503744,0.0
64,baseline,mean_y_compression,-0.0033055021315514374,0.0
64,baseline,final_y_compression,-0.006472336472749217,0.0
64,all_stiffness_plus_10pct,final_p_ratio,0.2082845822890663,-0.011593362405971142
64,all_stiffness_plus_10pct,mean_y_compression,-0.00336774130172624,-6.223917017480259e-05
64,all_stiffness_plus_10pct,final_y_compression,-0.006682049284812445,-0.0002097128120632282
64,all_stiffness_minus_10pct,final_p_ratio,0.22163650313008096,0.0017585584350435224
64,all_stiffness_minus_10pct,mean_y_compression,-0.003118317653517156,0.0001871844780342814
64,all_stiffness_minus_10pct,final_y_compression,-0.0060650543550622976,0.00040728211768691937
64,weak_springs_floor_to_q25,final_p_ratio,0.14196992567111547,-0.07790801902392197
64,weak_springs_floor_to_q25,mean_y_compression,-0.003130786915258958,0.00017471521629247935
64,weak_springs_floor_to_q25,final_y_compression,-0.006138220377500786,0.0003341160952484313
64,weak_springs_plus_25pct,final_p_ratio,0.2651266506389945,0.04524870594395705
64,weak_springs_plus_25pct,mean_y_compression,-0.004000699804883967,-0.0006951976733325293
64,weak_springs_plus_25pct,final_y_compression,-0.007897213000686005,-0.0014248765279367883
64,half_homogenize_to_mean,final_p_ratio,0.32007161847761223,0.1001936737825748
64,half_homogenize_to_mean,mean_y_compression,-0.005131397892444027,-0.0018258957608925895
64,half_homogenize_to_mean,final_y_compression,-0.01043626781056225,-0.003963931337813033
65,baseline,final_p_ratio,0.36562893290310566,0.0
65,baseline,mean_y_compression,-0.005735386812168891,0.0
65,baseline,final_y_compression,-0.01171261615231625,0.0
65,all_stiffness_plus_10pct,final_p_ratio,0.3704885056148487,0.004859572711743032
65,all_stiffness_plus_10pct,mean_y_compression,-0.0060488499448988885,-0.00031346313272999794
65,all_stiffness_plus_10pct,final_y_compression,-0.012507058507572439,-0.0007944423552561884
65,all_stiffness_minus_10pct,final_p_ratio,0.3602229926744744,-0.0054059402286312785
65,all_stiffness_minus_10pct,mean_y_compression,-0.0053853201212382485,0.00035006669093064213
65,all_stiffness_minus_10pct,final_y_compression,-0.010861536069201276,0.0008510800831149738
65,weak_springs_floor_to_q25,final_p_ratio,0.3320356747438207,-0.03359325815928499
65,weak_springs_floor_to_q25,mean_y_compression,-0.005603609867972685,0.0001317769441962057
65,weak_springs_floor_to_q25,final_y_compression,-0.011470952092102568,0.00024166406021368207
65,weak_springs_plus_25pct,final_p_ratio,0.37068491107675305,0.005055978173647391
65,weak_springs_plus_25pct,mean_y_compression,-0.006230749419567939,-0.0004953626073990487
65,weak_springs_plus_25pct,final_y_compression,-0.01277047154831361,-0.0010578553959973598
65,half_homogenize_to_mean,final_p_ratio,0.3896256699560229,0.023996737052917216
65,half_homogenize_to_mean,mean_y_compression,-0.006371530938502609,-0.0006361441263337186
65,half_homogenize_to_mean,final_y_compression,-0.013098738988212275,-0.0013861228358960243
66,baseline,final_p_ratio,-0.06493582433832179,0.0
66,baseline,mean_y_compression,0.0008617706900794669,0.0
66,baseline,final_y_compression,0.00186982712247818,0.0
66,all_stiffness_plus_10pct,final_p_ratio,-0.11143075364901783,-0.04649492931069604
66,all_stiffness_plus_10pct,mean_y_compression,0.0011282286448341494,0.00026645795475468254
66,all_stiffness_plus_10pct,final_y_compression,0.0023613242545119867,0.0004914971320338067
66,all_stiffness_minus_10pct,final_p_ratio,-0.03763754595696682,0.02729827838135497
66,all_stiffness_minus_10pct,mean_y_compression,0.00039687857631131923,-0.00046489211376814763
66,all_stiffness_minus_10pct,final_y_compression,0.001083074062187126,-0.0007867530602910541
66,weak_springs_floor_to_q25,final_p_ratio,0.053605111432075074,0.11854093577039687
66,weak_springs_floor_to_q25,mean_y_compression,-0.0020684201376594095,-0.0029301908277388766
66,weak_springs_floor_to_q25,final_y_compression,-0.004730138679139034,-0.006599965801617215
66,weak_springs_plus_25pct,final_p_ratio,-0.047097710744183466,0.017838113594138325
66,weak_springs_plus_25pct,mean_y_compression,0.0004585678675295077,-0.00040320282254995915
66,weak_springs_plus_25pct,final_y_compression,0.001042996083549855,-0.0008268310389283251
66,half_homogenize_to_mean,final_p_ratio,0.22002218412574773,0.2849580084640695
66,half_homogenize_to_mean,mean_y_compression,-0.004143012504237411,-0.005004783194316878
66,half_homogenize_to_mean,final_y_compression,-0.00921910526066361,-0.01108893238314179
67,baseline,final_p_ratio,0.2727352769422883,0.0
67,baseline,mean_y_compression,-0.003943131368191292,0.0
67,baseline,final_y_compression,-0.0076401910807629815,0.0
67,all_stiffness_plus_10pct,final_p_ratio,0.26722194531852156,-0.005513331623766715
67,all_stiffness_plus_10pct,mean_y_compression,-0.0041128533115268335,-0.0001697219433355419
67,all_stiffness_plus_10pct,final_y_compression,-0.008055438483747844,-0.00041524740298486216
67,all_stiffness_minus_10pct,final_p_ratio,0.2693930359619236,-0.0033422409803646747
67,all_stiffness_minus_10pct,mean_y_compression,-0.003694546995100598,0.0002485843730906938
67,all_stiffness_minus_10pct,final_y_compression,-0.007098834496665349,0.0005413565840976329
67,weak_springs_floor_to_q25,final_p_ratio,0.20997156408758022,-0.06276371285470805
67,weak_springs_floor_to_q25,mean_y_compression,-0.003694956997286382,0.00024817437090490953
67,weak_springs_floor_to_q25,final_y_compression,-0.007129339554108539,0.0005108515266544428
67,weak_springs_plus_25pct,final_p_ratio,0.2866770647954927,0.013941787853204435
67,weak_springs_plus_25pct,mean_y_compression,-0.0044113932774844326,-0.000468261909293141
67,weak_springs_plus_25pct,final_y_compression,-0.00861545842539564,-0.0009752673446326585
67,half_homogenize_to_mean,final_p_ratio,0.3359547426162571,0.0632194656739688
67,half_homogenize_to_mean,mean_y_compression,-0.005130567264115275,-0.0011874358959239831
67,half_homogenize_to_mean,final_y_compression,-0.01019141150047459,-0.0025512204197116082
68,baseline,final_p_ratio,0.23157675341508407,0.0
68,baseline,mean_y_compression,-0.0031734337089118782,0.0
68,baseline,final_y_compression,-0.00646904108179078,0.0
68,all_stiffness_plus_10pct,final_p_ratio,0.22716326664944173,-0.004413486765642349
68,all_stiffness_plus_10pct,mean_y_compression,-0.0032301856612174744,-5.675195230559621e-05
68,all_stiffness_plus_10pct,final_y_compression,-0.0067033487589021265,-0.0002343076771113466
68,all_stiffness_minus_10pct,final_p_ratio,0.2423123983069391,0.010735644891855023
68,all_stiffness_minus_10pct,mean_y_compression,-0.003051330658219683,0.00012210305069219538
68,all_stiffness_minus_10pct,final_y_compression,-0.006137495785074782,0.00033154529671599806
68,weak_springs_floor_to_q25,final_p_ratio,0.12163492239157503,-0.10994183102350905
68,weak_springs_floor_to_q25,mean_y_compression,-0.0027876861942016883,0.0003857475147101899
68,weak_springs_floor_to_q25,final_y_compression,-0.005615772052439565,0.0008532690293512153
68,weak_springs_plus_25pct,final_p_ratio,0.27906044695309834,0.047483693538014266
68,weak_springs_plus_25pct,mean_y_compression,-0.003872147642503573,-0.000698713933591695
68,weak_springs_plus_25pct,final_y_compression,-0.007810124247548455,-0.0013410831657576748
68,half_homogenize_to_mean,final_p_ratio,0.32203388649708603,0.09045713308200196
68,half_homogenize_to_mean,mean_y_compression,-0.005055853218676316,-0.0018824195097644375
68,half_homogenize_to_mean,final_y_compression,-0.010354702231161632,-0.003885661149370852
69,baseline,final_p_ratio,-0.18167969359451672,0.0
69,baseline,mean_y_compression,0.0026498621056913266,0.0
69,baseline,final_y_compression,0.0056877189842891255,0.0
69,all_stiffness_plus_10pct,final_p_ratio,-0.2133817184887782,-0.031702024894261494
69,all_stiffness_plus_10pct,mean_y_compression,0.0030156001968696267,0.00036573809117830015
69,all_stiffness_plus_10pct,final_y_compression,0.006370664527410014,0.0006829455431208884
69,all_stiffness_minus_10pct,final_p_ratio,-0.13451254111612895,0.047167152478387764
69,all_stiffness_minus_10pct,mean_y_compression,0.0021546148964390337,-0.0004952472092522929
69,all_stiffness_minus_10pct,final_y_compression,0.004797184581199069,-0.0008905344030900562
69,weak_springs_floor_to_q25,final_p_ratio,-0.15887743884726938,0.02280225474724734
69,weak_springs_floor_to_q25,mean_y_compression,0.002169284738834546,-0.00048057736685678046
69,weak_springs_floor_to_q25,final_y_compression,0.004449601022137266,-0.0012381179621518594
69,weak_springs_plus_25pct,final_p_ratio,-0.16934485658249,0.012334837012026728
69,weak_springs_plus_25pct,mean_y_compression,0.0024903853526927794,-0.00015947675299854717
69,weak_springs_plus_25pct,final_y_compression,0.0054052039871983724,-0.00028251499709075305
69,half_homogenize_to_mean,final_p_ratio,0.11237611746223594,0.29405581105675266
69,half_homogenize_to_mean,mean_y_compression,-0.00352570505197136,-0.006175567157662687
69,half_homogenize_to_mean,final_y_compression,-0.007832026843808343,-0.013519745828097469
70,baseline,final_p_ratio,0.12151585644391566,0.0
70,baseline,mean_y_compression,-0.001693596519800082,0.0
70,baseline,final_y_compression,-0.00308484494473892,0.0
70,all_stiffness_plus_10pct,final_p_ratio,0.1045684538703206,-0.01694740257359506
70,all_stiffness_plus_10pct,mean_y_compression,-0.0016014870857947855,9.210943400529649e-05
70,all_stiffness_plus_10pct,final_y_compression,-0.0029837948791576413,0.00010105006558127879
70,all_stiffness_minus_10pct,final_p_ratio,0.13941282006398,0.01789696362006435
70,all_stiffness_minus_10pct,mean_y_compression,-0.0017946413857205564,-0.00010104486592047443
70,all_stiffness_minus_10pct,final_y_compression,-0.003200155175803765,-0.00011531023106484475
70,weak_springs_floor_to_q25,final_p_ratio,0.06346588984751403,-0.05804996659640163
70,weak_springs_floor_to_q25,mean_y_compression,-0.001618857727065945,7.473879273413699e-05
70,weak_springs_floor_to_q25,final_y_compression,-0.0032984990062131635,-0.00021365406147424342
70,weak_springs_plus_25pct,final_p_ratio,0.17255673904711177,0.051040882603196114
70,weak_springs_plus_25pct,mean_y_compression,-0.0022221059149581915,-0.0005285093951581095
70,weak_springs_plus_25pct,final_y_compression,-0.004215378834434266,-0.001130533889695346
70,half_homogenize_to_mean,final_p_ratio,0.2691814709185255,0.14766561447460985
70,half_homogenize_to_mean,mean_y_compression,-0.004005014445938073,-0.0023114179261379915
70,half_homogenize_to_mean,final_y_compression,-0.008185857385440452,-0.005101012440701531
71,baseline,final_p_ratio,0.3274039181749903,0.0
71,baseline,mean_y_compression,-0.0050242642605952716,0.0
71,baseline,final_y_compression,-0.009912428105900121,0.0
71,all_stiffness_plus_10pct,final_p_ratio,0.3274129400940848,9.021919094465147e-06
71,all_stiffness_plus_10pct,mean_y_compression,-0.0051399177202280585,-0.00011565345963278698
71,all_stiffness_plus_10pct,final_y_compression,-0.010285544523384312,-0.00037311641748419104
71,all_stiffness_minus_10pct,final_p_ratio,0.3252541679843163,-0.002149750190674038
71,all_stiffness_minus_10pct,mean_y_compression,-0.00478843735390802,0.00023582690668725193
71,all_stiffness_minus_10pct,final_y_compression,-0.00935318038731161,0.0005592477185885104
71,weak_springs_floor_to_q25,final_p_ratio,0.2915948345495625,-0.03580908362542784
71,weak_springs_floor_to_q25,mean_y_compression,-0.00494917713543454,7.508712516073133e-05
71,weak_springs_floor_to_q25,final_y_compression,-0.009744121442526656,0.00016830666337346555
71,weak_springs_plus_25pct,final_p_ratio,0.33422799454552377,0.0068240763705334495
71,weak_springs_plus_25pct,mean_y_compression,-0.005408028088910327,-0.0003837638283150551
71,weak_springs_plus_25pct,final_y_compression,-0.010775979410476066,-0.0008635513045759449
71,half_homogenize_to_mean,final_p_ratio,0.3637674114670131,0.036363493292022764
71,half_homogenize_to_mean,mean_y_compression,-0.005733440635039284,-0.0007091763744440129
71,half_homogenize_to_mean,final_y_compression,-0.011565369225210299,-0.0016529411193101778
72,baseline,final_p_ratio,-0.04335665131410092,0.0
72,baseline,mean_y_compression,0.0003174669751303615,0.0
72,baseline,final_y_compression,0.0003729435922532623,0.0
72,all_stiffness_plus_10pct,final_p_ratio,-0.07311756767006272,-0.0297609163559618
72,all_stiffness_plus_10pct,mean_y_compression,0.0005260930418775343,0.00020862606674717273
72,all_stiffness_plus_10pct,final_y_compression,0.0006985363488733542,0.00032559275662009187
72,all_stiffness_minus_10pct,final_p_ratio,-0.008657623198138821,0.0346990281159621
72,all_stiffness_minus_10pct,mean_y_compression,-1.943345540492139e-05,-0.0003369004305352829
72,all_stiffness_minus_10pct,final_y_compression,-0.00015273908774218108,-0.0005256826799954434
72,weak_springs_floor_to_q25,final_p_ratio,0.1450920772413058,0.18844872855540673
72,weak_springs_floor_to_q25,mean_y_compression,-0.004619089337794839,-0.0049365563129252004
72,weak_springs_floor_to_q25,final_y_compression,-0.010125030299969445,-0.010497973892222708
72,weak_springs_plus_25pct,final_p_ratio,-0.020965535763228297,0.022391115550872625
72,weak_springs_plus_25pct,mean_y_compression,0.00011962720920213184,-0.0001978397659282297
72,weak_springs_plus_25pct,final_y_compression,-0.00010187042774584926,-0.0004748140199991116
72,half_homogenize_to_mean,final_p_ratio,0.17587606285819074,0.21923271417229168
72,half_homogenize_to_mean,mean_y_compression,-0.004240667585531094,-0.004558134560661456
72,half_homogenize_to_mean,final_y_compression,-0.009563488908747099,-0.009936432501000361
73,baseline,final_p_ratio,0.3634456149484388,0.0
73,baseline,mean_y_compression,-0.005033302806262559,0.0
73,baseline,final_y_compression,-0.010309679181195738,0.0
73,all_stiffness_plus_10pct,final_p_ratio,0.3695926249727953,0.006147010024356525
73,all_stiffness_plus_10pct,mean_y_compression,-0.005251599747499404,-0.00021829694123684518
73,all_stiffness_plus_10pct,final_y_compression,-0.010884929532806674,-0.0005752503516109359
73,all_stiffness_minus_10pct,final_p_ratio,0.35730251400278035,-0.006143100945658453
73,all_stiffness_minus_10pct,mean_y_compression,-0.0048152258956767925,0.00021807691058576672
73,all_stiffness_minus_10pct,final_y_compression,-0.009734769544295526,0.0005749096369002116
73,weak_springs_floor_to_q25,final_p_ratio,0.3327319196499667,-0.03071369529847212
73,weak_springs_floor_to_q25,mean_y_compression,-0.004884063005710328,0.00014923980055223107
73,weak_springs_floor_to_q25,final_y_compression,-0.010045788107147107,0.00026389107404863055
73,weak_springs_plus_25pct,final_p_ratio,0.3843588177929828,0.02091320284454401
73,weak_springs_plus_25pct,mean_y_compression,-0.005460774178316664,-0.000427471372054105
73,weak_springs_plus_25pct,final_y_compression,-0.011321919106723562,-0.0010122399255278244
73,half_homogenize_to_mean,final_p_ratio,0.40141033696595185,0.03796472201751305
73,half_homogenize_to_mean,mean_y_compression,-0.00578858744084775,-0.000755284634585191
73,half_homogenize_to_mean,final_y_compression,-0.011966942619744235,-0.001657263438548497
74,baseline,final_p_ratio,0.017107797556343327,0.0
74,baseline,mean_y_compression,-0.00012153949231785612,0.0
74,baseline,final_y_compression,2.4331132698962978e-05,0.0
74,all_stiffness_plus_10pct,final_p_ratio,-0.023541376201100344,-0.040649173757443674
74,all_stiffness_plus_10pct,mean_y_compression,0.0003196290205073932,0.0004411685128252493
74,all_stiffness_plus_10pct,final_y_compression,0.000713495645866863,0.0006891645131679
74,all_stiffness_minus_10pct,final_p_ratio,0.04101518477399698,0.023907387217653654
74,all_stiffness_minus_10pct,mean_y_compression,-0.0003826983326270273,-0.0002611588403091712
74,all_stiffness_minus_10pct,final_y_compression,-0.0003788251627621168,-0.00040315629546107976
74,weak_springs_floor_to_q25,final_p_ratio,0.005257673970834334,-0.011850123585508993
74,weak_springs_floor_to_q25,mean_y_compression,-0.001550061162336351,-0.001428521670018495
74,weak_springs_floor_to_q25,final_y_compression,-0.003405618487765347,-0.00342994962046431
74,weak_springs_plus_25pct,final_p_ratio,0.05517924413465789,0.038071446578314565
74,weak_springs_plus_25pct,mean_y_compression,-0.0005643112683564916,-0.0004427717760386355
74,weak_springs_plus_25pct,final_y_compression,-0.000930608889926411,-0.000954940022625374
74,half_homogenize_to_mean,final_p_ratio,0.22713243043679912,0.2100246328804558
74,half_homogenize_to_mean,mean_y_compression,-0.004104453970096807,-0.003982914477778951
74,half_homogenize_to_mean,final_y_compression,-0.008853352963866813,-0.008877684096565776
75,baseline,final_p_ratio,0.1372140257660206,0.0
75,baseline,mean_y_compression,-0.002277294382958406,0.0
75,baseline,final_y_compression,-0.004655823758893584,0.0
75,all_stiffness_plus_10pct,final_p_ratio,0.12296765492175152,-0.01424637084426908
75,all_stiffness_plus_10pct,mean_y_compression,-0.002221284960596491,5.600942236191507e-05
75,all_stiffness_plus_10pct,final_y_compression,-0.004670069639499823,-1.4245880606238506e-05
75,all_stiffness_minus_10pct,final_p_ratio,0.15120935133703148,0.01399532557101088
75,all_stiffness_minus_10pct,mean_y_compression,-0.0022856775684774316,-8.38318551902575e-06
75,all_stiffness_minus_10pct,final_y_compression,-0.004568129449621099,8.769430927248537e-05
75,weak_springs_floor_to_q25,final_p_ratio,0.03812289376382174,-0.09909113200219885
75,weak_springs_floor_to_q25,mean_y_compression,-0.0019505292769503911,0.0003267651060080148
75,weak_springs_floor_to_q25,final_y_compression,-0.00418943631748229,0.0004663874414112942
75,weak_springs_plus_25pct,final_p_ratio,0.20235827582649754,0.06514425006047694
75,weak_springs_plus_25pct,mean_y_compression,-0.003005210302503639,-0.0007279159195452329
75,weak_springs_plus_25pct,final_y_compression,-0.0062109190129625465,-0.0015550952540689623
75,half_homogenize_to_mean,final_p_ratio,0.2710181118076633,0.13380408604164268
75,half_homogenize_to_mean,mean_y_compression,-0.0045402141972234935,-0.0022629198142650876
75,half_homogenize_to_mean,final_y_compression,-0.00959851878989851,-0.004942695031004926
76,baseline,final_p_ratio,0.21980559002854552,0.0
76,baseline,mean_y_compression,-0.0030784640892368076,0.0
76,baseline,final_y_compression,-0.0064085347987936515,0.0
76,all_stiffness_plus_10pct,final_p_ratio,0.2116413952557108,-0.008164194772834726
76,all_stiffness_plus_10pct,mean_y_compression,-0.003105217979335382,-2.6753890098574293e-05
76,all_stiffness_plus_10pct,final_y_compression,-0.0065817401606012085,-0.00017320536180755707
76,all_stiffness_minus_10pct,final_p_ratio,0.2293459795370947,0.009540389508549185
76,all_stiffness_minus_10pct,mean_y_compression,-0.0031289656301528796,-5.050154091607202e-05
76,all_stiffness_minus_10pct,final_y_compression,-0.006354986852192975,5.354794660067646e-05
76,weak_springs_floor_to_q25,final_p_ratio,0.16181133067358672,-0.057994259354958805
76,weak_springs_floor_to_q25,mean_y_compression,-0.0031310881073223083,-5.262401808550079e-05
76,weak_springs_floor_to_q25,final_y_compression,-0.006603190124121333,-0.00019465532532768164
76,weak_springs_plus_25pct,final_p_ratio,0.2676420239416145,0.04783643391306899
76,weak_springs_plus_25pct,mean_y_compression,-0.0037514727833910947,-0.0006730086941542871
76,weak_springs_plus_25pct,final_y_compression,-0.007835832953598153,-0.0014272981548045013
76,half_homogenize_to_mean,final_p_ratio,0.32884222021738785,0.10903663018884233
76,half_homogenize_to_mean,mean_y_compression,-0.005198464974441128,-0.002120000885204321
76,half_homogenize_to_mean,final_y_compression,-0.010810811516584931,-0.00440227671779128
77,baseline,final_p_ratio,-0.10888022416710533,0.0
77,baseline,mean_y_compression,0.0009264183390339756,0.0
77,baseline,final_y_compression,0.0020909269305131426,0.0
77,all_stiffness_plus_10pct,final_p_ratio,-0.13708064329698363,-0.028200419129878307
77,all_stiffness_plus_10pct,mean_y_compression,0.0013538185600618646,0.000427400221027889
77,all_stiffness_plus_10pct,final_y_compression,0.0028288290811488356,0.0007379021506356931
77,all_stiffness_minus_10pct,final_p_ratio,-0.05335674881243292,0.055523475354672405
77,all_stiffness_minus_10pct,mean_y_compression,0.0006508739802768518,-0.0002755443587571238
77,all_stiffness_minus_10pct,final_y_compression,0.0015722565865023412,-0.0005186703440108013
77,weak_springs_floor_to_q25,final_p_ratio,-0.05940177270727445,0.049478451459830874
77,weak_springs_floor_to_q25,mean_y_compression,-0.0005102598435835308,-0.0014366781826175064
77,weak_springs_floor_to_q25,final_y_compression,-0.0015697446175918055,-0.003660671548104948
77,weak_springs_plus_25pct,final_p_ratio,-0.07840184322905877,0.030478380938046556
77,weak_springs_plus_25pct,mean_y_compression,0.0005975194750720237,-0.0003288988639619519
77,weak_springs_plus_25pct,final_y_compression,0.0013222493322036727,-0.0007686775983094698
77,half_homogenize_to_mean,final_p_ratio,0.17044289908178628,0.27932312324889164
77,half_homogenize_to_mean,mean_y_compression,-0.0031077269503630312,-0.004034145289397007
77,half_homogenize_to_mean,final_y_compression,-0.007091738097566022,-0.009182665028079165
78,baseline,final_p_ratio,0.10675404025767443,0.0
78,baseline,mean_y_compression,-0.0020670227564704813,0.0
78,baseline,final_y_compression,-0.004122052243206261,0.0
78,all_stiffness_plus_10pct,final_p_ratio,0.0867772002816837,-0.01997683997599073
78,all_stiffness_plus_10pct,mean_y_compression,-0.0020041058618082523,6.291689466222895e-05
78,all_stiffness_plus_10pct,final_y_compression,-0.004074627885871748,4.742435733451258e-05
78,all_stiffness_minus_10pct,final_p_ratio,0.12488003053357397,0.018125990275899534
78,all_stiffness_minus_10pct,mean_y_compression,-0.0021468872589581554,-7.98645024876741e-05
78,all_stiffness_minus_10pct,final_y_compression,-0.004194581054924105,-7.25288117178445e-05
78,weak_springs_floor_to_q25,final_p_ratio,0.09566775588306203,-0.011086284374612398
78,weak_springs_floor_to_q25,mean_y_compression,-0.00284365761115385,-0.0007766348546833688
78,weak_springs_floor_to_q25,final_y_compression,-0.006137928318161472,-0.002015876074955211
78,weak_springs_plus_25pct,final_p_ratio,0.1513879164001736,0.04463387614249917
78,weak_springs_plus_25pct,mean_y_compression,-0.0028084097629312433,-0.0007413870064607621
78,weak_springs_plus_25pct,final_y_compression,-0.005616618975960051,-0.00149456673275379
78,half_homogenize_to_mean,final_p_ratio,0.30721235065221486,0.20045831039454043
78,half_homogenize_to_mean,mean_y_compression,-0.0050033067362687395,-0.002936283979798258
78,half_homogenize_to_mean,final_y_compression,-0.010652962888332139,-0.006530910645125878
79,baseline,final_p_ratio,-0.21501020859722755,0.0
79,baseline,mean_y_compression,0.003281559066531455,0.0
79,baseline,final_y_compression,0.007105192783588402,0.0
79,all_stiffness_plus_10pct,final_p_ratio,-0.2599746055672404,-0.04496439697001284
79,all_stiffness_plus_10pct,mean_y_compression,0.0035880843686355427,0.0003065253021040876
79,all_stiffness_plus_10pct,final_y_compression,0.0077467534462386176,0.0006415606626502153
79,all_stiffness_minus_10pct,final_p_ratio,-0.1647842387616548,0.05022596983557276
79,all_stiffness_minus_10pct,mean_y_compression,0.0026835559023919418,-0.0005980031641395133
79,all_stiffness_minus_10pct,final_y_compression,0.006012138003902042,-0.0010930547796863602
79,weak_springs_floor_to_q25,final_p_ratio,-0.18310521709622815,0.0319049915009994
79,weak_springs_floor_to_q25,mean_y_compression,0.0010829351656834708,-0.002198623900847984
79,weak_springs_floor_to_q25,final_y_compression,0.0022639281100671873,-0.004841264673521215
79,weak_springs_plus_25pct,final_p_ratio,-0.20140262014894092,0.013607588448286634
79,weak_springs_plus_25pct,mean_y_compression,0.0029944862493035337,-0.0002870728172279214
79,weak_springs_plus_25pct,final_y_compression,0.0065462861680483115,-0.0005589066155400908
79,half_homogenize_to_mean,final_p_ratio,0.14871424992623336,0.3637244585234609
79,half_homogenize_to_mean,mean_y_compression,-0.003486794064389043,-0.006768353130920498
79,half_homogenize_to_mean,final_y_compression,-0.007717724547028464,-0.014822917330616865
80,baseline,final_p_ratio,0.16978666227051697,0.0
80,baseline,mean_y_compression,-0.0017588724833424532,0.0
80,baseline,final_y_compression,-0.0029888479581855715,0.0
80,all_stiffness_plus_10pct,final_p_ratio,0.15859270092198477,-0.011193961348532205
80,all_stiffness_plus_10pct,mean_y_compression,-0.0018041341348161144,-4.526165147366126e-05
80,all_stiffness_plus_10pct,final_y_compression,-0.0031409186937709044,-0.0001520707355853329
80,all_stiffness_minus_10pct,final_p_ratio,0.18069379079063205,0.010907128520115078
80,all_stiffness_minus_10pct,mean_y_compression,-0.0017165756861632847,4.2296797179168424e-05
80,all_stiffness_minus_10pct,final_y_compression,-0.00284118855005079,0.00014765940813478125
80,weak_springs_floor_to_q25,final_p_ratio,0.04025703120100484,-0.12952963106951212
80,weak_springs_floor_to_q25,mean_y_compression,-0.001236230574011684,0.0005226419093307692
80,weak_springs_floor_to_q25,final_y_compression,-0.0019677336264860546,0.0010211143316995169
80,weak_springs_plus_25pct,final_p_ratio,0.2337552889815104,0.06396862671099343
80,weak_springs_plus_25pct,mean_y_compression,-0.0026001565301884276,-0.0008412840468459745
80,weak_springs_plus_25pct,final_y_compression,-0.004708558486907747,-0.0017197105287221751
80,half_homogenize_to_mean,final_p_ratio,0.27571262254046464,0.10592596026994766
80,half_homogenize_to_mean,mean_y_compression,-0.0036932355672419665,-0.0019343630838995133
80,half_homogenize_to_mean,final_y_compression,-0.007209174218998705,-0.004220326260813133
81,baseline,final_p_ratio,-0.1475533328464453,0.0
81,baseline,mean_y_compression,0.0018568494071222877,0.0
81,baseline,final_y_compression,0.003877242930465639,0.0
81,all_stiffness_plus_10pct,final_p_ratio,-0.18644229947438537,-0.03888896662794006
81,all_stiffness_plus_10pct,mean_y_compression,0.001975916746843006,0.0001190673397207184
81,all_stiffness_plus_10pct,final_y_compression,0.0041716798887949675,0.00029443695832932857
81,all_stiffness_minus_10pct,final_p_ratio,-0.10194850947261808,0.045604823373827236
81,all_stiffness_minus_10pct,mean_y_compression,0.001360777482797967,-0.0004960719243243207
81,all_stiffness_minus_10pct,final_y_compression,0.002998880139799305,-0.0008783627906663338
81,weak_springs_floor_to_q25,final_p_ratio,-0.09707162325823268,0.05048170958821263
81,weak_springs_floor_to_q25,mean_y_compression,0.00020374744309063777,-0.00165310196403165
81,weak_springs_floor_to_q25,final_y_compression,0.0002582080550415319,-0.003619034875424107
81,weak_springs_plus_25pct,final_p_ratio,-0.13124504825421213,0.016308284592233185
81,weak_springs_plus_25pct,mean_y_compression,0.0015975949136207129,-0.0002592544935015749
81,weak_springs_plus_25pct,final_y_compression,0.003311998285697544,-0.0005652446447680947
81,half_homogenize_to_mean,final_p_ratio,0.15655516314519918,0.30410849599164447
81,half_homogenize_to_mean,mean_y_compression,-0.003927467161965553,-0.005784316569087841
81,half_homogenize_to_mean,final_y_compression,-0.008161018879577398,-0.012038261810043038
82,baseline,final_p_ratio,-0.11013054334204123,0.0
82,baseline,mean_y_compression,0.0007465186635287214,0.0
82,baseline,final_y_compression,0.0015309989311071848,0.0
82,all_stiffness_plus_10pct,final_p_ratio,-0.15120114675622728,-0.04107060341418606
82,all_stiffness_plus_10pct,mean_y_compression,0.0011070031807734024,0.000360484517244681
82,all_stiffness_plus_10pct,final_y_compression,0.0021780125865359834,0.0006470136554287986
82,all_stiffness_minus_10pct,final_p_ratio,-0.06803059193968816,0.042099951402353064
82,all_stiffness_minus_10pct,mean_y_compression,0.00036497904781435954,-0.00038153961571436184
82,all_stiffness_minus_10pct,final_y_compression,0.0008510259769400163,-0.0006799729541671685
82,weak_springs_floor_to_q25,final_p_ratio,-0.08935633152354734,0.020774211818493885
82,weak_springs_floor_to_q25,mean_y_compression,-0.0002406682152192422,-0.0009871868787479636
82,weak_springs_floor_to_q25,final_y_compression,-0.0009716171100558265,-0.0025026160411630114
82,weak_springs_plus_25pct,final_p_ratio,-0.0981965153039707,0.011934028038070532
82,weak_springs_plus_25pct,mean_y_compression,0.00042431905143279914,-0.00032219961209592224
82,weak_springs_plus_25pct,final_y_compression,0.0008392595036768752,-0.0006917394274303096
82,half_homogenize_to_mean,final_p_ratio,0.12130352874031711,0.23143407208235833
82,half_homogenize_to_mean,mean_y_compression,-0.003410855627244932,-0.0041573742907736536
82,half_homogenize_to_mean,final_y_compression,-0.007484079813910984,-0.009015078745018168
83,baseline,final_p_ratio,-0.1509113680471349,0.0
83,baseline,mean_y_compression,0.001355237269251951,0.0
83,baseline,final_y_compression,0.0027738983857946565,0.0
83,all_stiffness_plus_10pct,final_p_ratio,-0.18523576596599364,-0.034324397918858746
83,all_stiffness_plus_10pct,mean_y_compression,0.0018743672380930954,0.0005191299688411444
83,all_stiffness_plus_10pct,final_y_compression,0.0036555237458092554,0.0008816253600145989
83,all_stiffness_minus_10pct,final_p_ratio,-0.09979910000304149,0.05111226804409341
83,all_stiffness_minus_10pct,mean_y_compression,0.0010096417269470528,-0.0003455955423048982
83,all_stiffness_minus_10pct,final_y_compression,0.0021504797192174623,-0.0006234186665771942
83,weak_springs_floor_to_q25,final_p_ratio,-0.05536147638395014,0.09554989166318476
83,weak_springs_floor_to_q25,mean_y_compression,-0.000491623329152824,-0.001846860598404775
83,weak_springs_floor_to_q25,final_y_compression,-0.0015826761094935656,-0.004356574495288222
83,weak_springs_plus_25pct,final_p_ratio,-0.12748000841222765,0.02343135963490725
83,weak_springs_plus_25pct,mean_y_compression,0.001048993841355167,-0.0003062434278967841
83,weak_springs_plus_25pct,final_y_compression,0.0020953483570187582,-0.0006785500287758983
83,half_homogenize_to_mean,final_p_ratio,0.18372779154158372,0.3346391595887186
83,half_homogenize_to_mean,mean_y_compression,-0.0036087741427191502,-0.004964011411971101
83,half_homogenize_to_mean,final_y_compression,-0.0078389281085251,-0.010612826494319758
84,baseline,final_p_ratio,0.18852227349696676,0.0
84,baseline,mean_y_compression,-0.0025932665103829133,0.0
84,baseline,final_y_compression,-0.005056763237922653,0.0
84,all_stiffness_plus_10pct,final_p_ratio,0.175106862669772,-0.013415410827194774
84,all_stiffness_plus_10pct,mean_y_compression,-0.0025090946208861905,8.417188949672288e-05
84,all_stiffness_plus_10pct,final_y_compression,-0.004995517258870175,6.124597905247768e-05
84,all_stiffness_minus_10pct,final_p_ratio,0.1990280483814857,0.010505774884518926
84,all_stiffness_minus_10pct,mean_y_compression,-0.0026311002086055434,-3.7833698222630024e-05
84,all_stiffness_minus_10pct,final_y_compression,-0.005045129427167608,1.1633810755044306e-05
84,weak_springs_floor_to_q25,final_p_ratio,0.0971243712507647,-0.09139790224620206
84,weak_springs_floor_to_q25,mean_y_compression,-0.003290558760653743,-0.0006972922502708296
84,weak_springs_floor_to_q25,final_y_compression,-0.006575761972376966,-0.001518998734454313
84,weak_springs_plus_25pct,final_p_ratio,0.2533663315596929,0.06484405806272614
84,weak_springs_plus_25pct,mean_y_compression,-0.0032336080242885675,-0.0006403415139056541
84,weak_springs_plus_25pct,final_y_compression,-0.006417320608491603,-0.0013605573705689506
84,half_homogenize_to_mean,final_p_ratio,0.2967075105527838,0.10818523705581706
84,half_homogenize_to_mean,mean_y_compression,-0.005292246246538172,-0.002698979736155259
84,half_homogenize_to_mean,final_y_compression,-0.010746028022087527,-0.005689264784164875
85,baseline,final_p_ratio,-0.09153157137946875,0.0
85,baseline,mean_y_compression,0.0007282508505611692,0.0
85,baseline,final_y_compression,0.0016745577746198896,0.0
85,all_stiffness_plus_10pct,final_p_ratio,-0.13047332515305896,-0.0389417537735902
85,all_stiffness_plus_10pct,mean_y_compression,0.001087125878524551,0.00035887502796338186
85,all_stiffness_plus_10pct,final_y_compression,0.0023063349551362645,0.0006317771805163749
85,all_stiffness_minus_10pct,final_p_ratio,-0.049203834271157425,0.04232773710831133
85,all_stiffness_minus_10pct,mean_y_compression,0.0004043767340075846,-0.0003238741165535846
85,all_stiffness_minus_10pct,final_y_compression,0.0010948595537675172,-0.0005796982208523724
85,weak_springs_floor_to_q25,final_p_ratio,-0.03172126704937144,0.05981030433009731
85,weak_springs_floor_to_q25,mean_y_compression,-0.0008422777734362855,-0.0015705286239974547
85,weak_springs_floor_to_q25,final_y_compression,-0.0018436317020584553,-0.003518189476678345
85,weak_springs_plus_25pct,final_p_ratio,-0.07607579179253823,0.015455779586930521
85,weak_springs_plus_25pct,mean_y_compression,0.0004664802712052208,-0.0002617705793559484
85,weak_springs_plus_25pct,final_y_compression,0.0011422527098820393,-0.0005323050647378503
85,half_homogenize_to_mean,final_p_ratio,0.2044429182351327,0.29597448961460143
85,half_homogenize_to_mean,mean_y_compression,-0.004385379307882827,-0.005113630158443996
85,half_homogenize_to_mean,final_y_compression,-0.009160453953828113,-0.010835011728448002
86,baseline,final_p_ratio,-0.11466062013595357,0.0
86,baseline,mean_y_compression,0.0008397415011567181,0.0
86,baseline,final_y_compression,0.001645062545702365,0.0
86,all_stiffness_plus_10pct,final_p_ratio,-0.15589179145256937,-0.0412311713166158
86,all_stiffness_plus_10pct,mean_y_compression,0.0012315716679902784,0.00039183016683356033
86,all_stiffness_plus_10pct,final_y_compression,0.0023451781047707804,0.0007001155590684155
86,all_stiffness_minus_10pct,final_p_ratio,-0.07244111441664401,0.04221950571930956
86,all_stiffness_minus_10pct,mean_y_compression,0.0004581271302078589,-0.0003816143709488592
86,all_stiffness_minus_10pct,final_y_compression,0.0009601471419053746,-0.0006849154037969903
86,weak_springs_floor_to_q25,final_p_ratio,-0.11770036793419672,-0.0030397477982431476
86,weak_springs_floor_to_q25,mean_y_compression,-0.00012711440192022752,-0.0009668559030769457
86,weak_springs_floor_to_q25,final_y_compression,-0.0003434350201888532,-0.001988497565891218
86,weak_springs_plus_25pct,final_p_ratio,-0.0940240145384709,0.020636605597482677
86,weak_springs_plus_25pct,mean_y_compression,0.0005976297136975477,-0.0002421117874591704
86,weak_springs_plus_25pct,final_y_compression,0.0011450515307585897,-0.0005000110149437752
86,half_homogenize_to_mean,final_p_ratio,0.1559325356108211,0.27059315574677467
86,half_homogenize_to_mean,mean_y_compression,-0.003609396634435187,-0.004449138135591905
86,half_homogenize_to_mean,final_y_compression,-0.007783880415616108,-0.009428942961318474
87,baseline,final_p_ratio,0.28215174940482485,0.0
87,baseline,mean_y_compression,-0.0039932145584573465,0.0
87,baseline,final_y_compression,-0.008060224604761065,0.0
87,all_stiffness_plus_10pct,final_p_ratio,0.2809158379960651,-0.0012359114087597267
87,all_stiffness_plus_10pct,mean_y_compression,-0.004104622394105101,-0.00011140783564775412
87,all_stiffness_plus_10pct,final_y_compression,-0.008376976796769088,-0.00031675219200802233
87,all_stiffness_minus_10pct,final_p_ratio,0.28522643925622326,0.0030746898513984156
87,all_stiffness_minus_10pct,mean_y_compression,-0.0038627993082585247,0.00013041525019882177
87,all_stiffness_minus_10pct,final_y_compression,-0.007715190704083702,0.0003450339006773632
87,weak_springs_floor_to_q25,final_p_ratio,0.17303334401492154,-0.1091184053899033
87,weak_springs_floor_to_q25,mean_y_compression,-0.0033292716981816843,0.0006639428602756622
87,weak_springs_floor_to_q25,final_y_compression,-0.006823551466350538,0.0012366731384105276
87,weak_springs_plus_25pct,final_p_ratio,0.3279415561366257,0.04578980673180083
87,weak_springs_plus_25pct,mean_y_compression,-0.004621326784482551,-0.0006281122260252047
87,weak_springs_plus_25pct,final_y_compression,-0.00941047447435045,-0.0013502498695893844
87,half_homogenize_to_mean,final_p_ratio,0.3383676021294042,0.05621585272457935
87,half_homogenize_to_mean,mean_y_compression,-0.005353823684010913,-0.0013606091255535663
87,half_homogenize_to_mean,final_y_compression,-0.011084042913150325,-0.0030238183083892596
88,baseline,final_p_ratio,-0.05698680120640344,0.0
88,baseline,mean_y_compression,-5.089989348002987e-05,0.0
88,baseline,final_y_compression,-4.740471530156984e-05,0.0
88,all_stiffness_plus_10pct,final_p_ratio,-0.09470954871003848,-0.03772274750363504
88,all_stiffness_plus_10pct,mean_y_compression,0.00026984525276534967,0.0003207451462453795
88,all_stiffness_plus_10pct,final_y_compression,0.0005095367082737095,0.0005569414235752794
88,all_stiffness_minus_10pct,final_p_ratio,-0.021254147016648624,0.03573265418975481
88,all_stiffness_minus_10pct,mean_y_compression,-0.0003425298318673379,-0.000291629938387308
88,all_stiffness_minus_10pct,final_y_compression,-0.0005584682840633167,-0.0005110635687617469
88,weak_springs_floor_to_q25,final_p_ratio,-0.027883404088808936,0.029103397117594503
88,weak_springs_floor_to_q25,mean_y_compression,-0.0007909010756466611,-0.0007400011821666313
88,weak_springs_floor_to_q25,final_y_compression,-0.001987685921252537,-0.001940281205950967
88,weak_springs_plus_25pct,final_p_ratio,-0.02127206014194982,0.03571474106445362
88,weak_springs_plus_25pct,mean_y_compression,-0.00048323131508015124,-0.00043233142160012134
88,weak_springs_plus_25pct,final_y_compression,-0.0009771357895110243,-0.0009297310742094545
88,half_homogenize_to_mean,final_p_ratio,0.20537718204307914,0.26236398324948257
88,half_homogenize_to_mean,mean_y_compression,-0.003476084008404065,-0.003425184114924035
88,half_homogenize_to_mean,final_y_compression,-0.007586906295678072,-0.007539501580376503
89,baseline,final_p_ratio,0.25542923362128706,0.0
89,baseline,mean_y_compression,-0.0036411653389792193,0.0
89,baseline,final_y_compression,-0.007314717374917282,0.0
89,all_stiffness_plus_10pct,final_p_ratio,0.2507934022546972,-0.004635831366589849
89,all_stiffness_plus_10pct,mean_y_compression,-0.0036847146228643,-4.354928388508074e-05
89,all_stiffness_plus_10pct,final_y_compression,-0.0074777522569887565,-0.0001630348820714743
89,all_stiffness_minus_10pct,final_p_ratio,0.25997876555289345,0.004549531931606399
89,all_stiffness_minus_10pct,mean_y_compression,-0.003592772390943899,4.839294803532035e-05
89,all_stiffness_minus_10pct,final_y_compression,-0.007144180303965631,0.00017053707095165092
89,weak_springs_floor_to_q25,final_p_ratio,0.15595303369311875,-0.09947619992816831
89,weak_springs_floor_to_q25,mean_y_compression,-0.0032393215147163285,0.00040184382426289083
89,weak_springs_floor_to_q25,final_y_compression,-0.006542867310172087,0.0007718500647451955
89,weak_springs_plus_25pct,final_p_ratio,0.3190186973348767,0.06358946371358964
89,weak_springs_plus_25pct,mean_y_compression,-0.00439697052083052,-0.000755805181851301
89,weak_springs_plus_25pct,final_y_compression,-0.008879095185137364,-0.0015643778102200816
89,half_homogenize_to_mean,final_p_ratio,0.341559140482545,0.08612990686125793
89,half_homogenize_to_mean,mean_y_compression,-0.005295286934046685,-0.001654121595067466
89,half_homogenize_to_mean,final_y_compression,-0.010903059125553057,-0.003588341750635775
90,baseline,final_p_ratio,-0.013084385653114986,0.0
90,baseline,mean_y_compression,-8.116188116686539e-05,0.0
90,baseline,final_y_compression,-0.00021733333700345628,0.0
90,all_stiffness_plus_10pct,final_p_ratio,-0.04424522987503632,-0.031160844221921332
90,all_stiffness_plus_10pct,mean_y_compression,0.00019511945825341875,0.00027628133942028416
90,all_stiffness_plus_10pct,final_y_compression,0.00022372612677166336,0.00044105946377511965
90,all_stiffness_minus_10pct,final_p_ratio,0.023893722771622272,0.036978108424737255
90,all_stiffness_minus_10pct,mean_y_compression,-0.0004474321126876607,-0.0003662702315207953
90,all_stiffness_minus_10pct,final_y_compression,-0.0008000141266486825,-0.0005826807896452262
90,weak_springs_floor_to_q25,final_p_ratio,0.007319417308763697,0.020403802961878683
90,weak_springs_floor_to_q25,mean_y_compression,-0.0011484964651235327,-0.0010673345839566674
90,weak_springs_floor_to_q25,final_y_compression,-0.002641198130240704,-0.002423864793237248
90,weak_springs_plus_25pct,final_p_ratio,0.022979570168605724,0.036063955821720714
90,weak_springs_plus_25pct,mean_y_compression,-0.0006087841580775602,-0.0005276222769106948
90,weak_springs_plus_25pct,final_y_compression,-0.0013488125841789366,-0.0011314792471754803
90,half_homogenize_to_mean,final_p_ratio,0.20560379487395458,0.21868818052706956
90,half_homogenize_to_mean,mean_y_compression,-0.0037627034092646856,-0.0036815415280978202
90,half_homogenize_to_mean,final_y_compression,-0.008000586247644765,-0.007783252910641308
91,baseline,final_p_ratio,0.2114239554474271,0.0
91,baseline,mean_y_compression,-0.0036642971249215735,0.0
91,baseline,final_y_compression,-0.007371079406724097,0.0
91,all_stiffness_plus_10pct,final_p_ratio,0.19612732969789715,-0.015296625749529946
91,all_stiffness_plus_10pct,mean_y_compression,-0.0035695529988101038,9.47441261114697e-05
91,all_stiffness_plus_10pct,final_y_compression,-0.007332697391821948,3.838201490214896e-05
91,all_stiffness_minus_10pct,final_p_ratio,0.21817548749960575,0.006751532052178655
91,all_stiffness_minus_10pct,mean_y_compression,-0.0036061120183713056,5.8185106550267835e-05
91,all_stiffness_minus_10pct,final_y_compression,-0.007169500242755651,0.00020157916396844593
91,weak_springs_floor_to_q25,final_p_ratio,0.12947474380251284,-0.08194921164491425
91,weak_springs_floor_to_q25,mean_y_compression,-0.003553110001673759,0.0001111871232478143
91,weak_springs_floor_to_q25,final_y_compression,-0.007146305583613202,0.0002247738231108947
91,weak_springs_plus_25pct,final_p_ratio,0.2727127612176571,0.06128880577022999
91,weak_springs_plus_25pct,mean_y_compression,-0.004499098102377368,-0.0008348009774557944
91,weak_springs_plus_25pct,final_y_compression,-0.009056610313210176,-0.001685530906486079
91,half_homogenize_to_mean,final_p_ratio,0.3204255006724972,0.1090015452250701
91,half_homogenize_to_mean,mean_y_compression,-0.005746941207379764,-0.0020826440824581903
91,half_homogenize_to_mean,final_y_compression,-0.011774851876495759,-0.004403772469771662
92,baseline,final_p_ratio,-0.050673648215219066,0.0
92,baseline,mean_y_compression,0.0008395905273074203,0.0
92,baseline,final_y_compression,0.002362617848559625,0.0
92,all_stiffness_plus_10pct,final_p_ratio,-0.08265283468716472,-0.031979186471945656
92,all_stiffness_plus_10pct,mean_y_compression,0.001155194247051839,0.0003156037197444188
92,all_stiffness_plus_10pct,final_y_compression,0.002909774442444049,0.0005471565938844239
92,all_stiffness_minus_10pct,final_p_ratio,-0.013028666026249257,0.037644982188969806
92,all_stiffness_minus_10pct,mean_y_compression,0.0005825535716950838,-0.0002570369556123364
92,all_stiffness_minus_10pct,final_y_compression,0.0019026045688688483,-0.0004600132796907766
92,weak_springs_floor_to_q25,final_p_ratio,0.1055086885673586,0.15618233678257765
92,weak_springs_floor_to_q25,mean_y_compression,-0.0029933788292192554,-0.0038329693565266757
92,weak_springs_floor_to_q25,final_y_compression,-0.006137953327813634,-0.008500571176373258
92,weak_springs_plus_25pct,final_p_ratio,-0.032527115338450076,0.01814653287676899
92,weak_springs_plus_25pct,mean_y_compression,0.0009576862962942039,0.00011809576898678367
92,weak_springs_plus_25pct,final_y_compression,0.002585533571207944,0.00022291572264831897
92,half_homogenize_to_mean,final_p_ratio,0.2169255573763854,0.26759920559160444
92,half_homogenize_to_mean,mean_y_compression,-0.004177961741719565,-0.005017552269026985
92,half_homogenize_to_mean,final_y_compression,-0.00873618059935146,-0.011098798447911085
93,baseline,final_p_ratio,0.3687703589548466,0.0
93,baseline,mean_y_compression,-0.005551979340309707,0.0
93,baseline,final_y_compression,-0.011209099457346246,0.0
93,all_stiffness_plus_10pct,final_p_ratio,0.3811539414175161,0.012383582462669462
93,all_stiffness_plus_10pct,mean_y_compression,-0.0058931678296059165,-0.00034118848929620953
93,all_stiffness_plus_10pct,final_y_compression,-0.011944270582047885,-0.0007351711247016394
93,all_stiffness_minus_10pct,final_p_ratio,0.3638967315876054,-0.004873627367241229
93,all_stiffness_minus_10pct,mean_y_compression,-0.005403342425962808,0.00014863691434689914
93,all_stiffness_minus_10pct,final_y_compression,-0.010774332957765635,0.0004347664995806109
93,weak_springs_floor_to_q25,final_p_ratio,0.33336556933058686,-0.03540478962425975
93,weak_springs_floor_to_q25,mean_y_compression,-0.005444198516117806,0.00010778082419190052
93,weak_springs_floor_to_q25,final_y_compression,-0.011010976273398355,0.00019812318394789134
93,weak_springs_plus_25pct,final_p_ratio,0.37547353011897294,0.006703171164126331
93,weak_springs_plus_25pct,mean_y_compression,-0.005917240443223643,-0.00036526110291393646
93,weak_springs_plus_25pct,final_y_compression,-0.012038159128551338,-0.0008290596712050916
93,half_homogenize_to_mean,final_p_ratio,0.3978204128183632,0.02905005386351661
93,half_homogenize_to_mean,mean_y_compression,-0.006259509361321507,-0.0007075300210118004
93,half_homogenize_to_mean,final_y_compression,-0.01275876397021022,-0.0015496645128639745
94,baseline,final_p_ratio,0.18934117800452807,0.0
94,baseline,mean_y_compression,-0.0023341595329165713,0.0
94,baseline,final_y_compression,-0.004623093568190345,0.0
94,all_stiffness_plus_10pct,final_p_ratio,0.18291335430357847,-0.006427823700949603
94,all_stiffness_plus_10pct,mean_y_compression,-0.0022885935679265255,4.5565964990045785e-05
94,all_stiffness_plus_10pct,final_y_compression,-0.004638568217503634,-1.5474649313289464e-05
94,all_stiffness_minus_10pct,final_p_ratio,0.1948317717856414,0.005490593781113329
94,all_stiffness_minus_10pct,mean_y_compression,-0.002295791957055007,3.836757586156425e-05
94,all_stiffness_minus_10pct,final_y_compression,-0.00447791546029941,0.00014517810789093418
94,weak_springs_floor_to_q25,final_p_ratio,0.07924494265725532,-0.11009623534727275
94,weak_springs_floor_to_q25,mean_y_compression,-0.002870969588280873,-0.0005368100553643017
94,weak_springs_floor_to_q25,final_y_compression,-0.005537738699354776,-0.0009146451311644313
94,weak_springs_plus_25pct,final_p_ratio,0.2536159041612564,0.06427472615672833
94,weak_springs_plus_25pct,mean_y_compression,-0.0035988505174326074,-0.0012646909845160361
94,weak_springs_plus_25pct,final_y_compression,-0.007031731923797645,-0.002408638355607301
94,half_homogenize_to_mean,final_p_ratio,0.2800772704202462,0.09073609241571814
94,half_homogenize_to_mean,mean_y_compression,-0.005120075044771595,-0.002785915511855024
94,half_homogenize_to_mean,final_y_compression,-0.010358581839459745,-0.0057354882712694006
95,baseline,final_p_ratio,0.13782559293007335,0.0
95,baseline,mean_y_compression,-0.0017217927323264753,0.0
95,baseline,final_y_compression,-0.0033371294999502803,0.0
95,all_stiffness_plus_10pct,final_p_ratio,0.12445702336001321,-0.013368569570060135
95,all_stiffness_plus_10pct,mean_y_compression,-0.0016432630497314092,7.852968259506612e-05
95,all_stiffness_plus_10pct,final_y_compression,-0.0032786157487754643,5.851375117481598e-05
95,all_stiffness_minus_10pct,final_p_ratio,0.1525591895621824,0.014733596632109047
95,all_stiffness_minus_10pct,mean_y_compression,-0.001765217135541235,-4.342440321475978e-05
95,all_stiffness_minus_10pct,final_y_compression,-0.0033423288616946474,-5.199361744367102e-06
95,weak_springs_floor_to_q25,final_p_ratio,0.09138695396743893,-0.04643863896263442
95,weak_springs_floor_to_q25,mean_y_compression,-0.0021367668580434627,-0.0004149741257169874
95,weak_springs_floor_to_q25,final_y_compression,-0.004295432300544213,-0.0009583028005939326
95,weak_springs_plus_25pct,final_p_ratio,0.18721837910811653,0.049392786178043185
95,weak_springs_plus_25pct,mean_y_compression,-0.0024481553413220943,-0.000726362608995619
95,weak_springs_plus_25pct,final_y_compression,-0.0048354922542849415,-0.0014983627543346612
95,half_homogenize_to_mean,final_p_ratio,0.2849384675304681,0.14711287460039474
95,half_homogenize_to_mean,mean_y_compression,-0.004394098628881516,-0.002672305896555041
95,half_homogenize_to_mean,final_y_compression,-0.009187118102731737,-0.005849988602781457
96,baseline,final_p_ratio,0.06087103168905957,0.0
96,baseline,mean_y_compression,-0.0009381921852849846,0.0
96,baseline,final_y_compression,-0.002034307967870864,0.0
96,all_stiffness_plus_10pct,final_p_ratio,0.03774952124279963,-0.023121510446259944
96,all_stiffness_plus_10pct,mean_y_compression,-0.0008002689573166535,0.00013792322796833114
96,all_stiffness_plus_10pct,final_y_compression,-0.0018487559087419117,0.00018555205912895245
96,all_stiffness_minus_10pct,final_p_ratio,0.08567091445169417,0.024799882762634597
96,all_stiffness_minus_10pct,mean_y_compression,-0.001166812733247822,-0.00022862054796283734
96,all_stiffness_minus_10pct,final_y_compression,-0.002360370270200821,-0.00032606230232995687
96,weak_springs_floor_to_q25,final_p_ratio,0.050337578983856095,-0.010533452705203478
96,weak_springs_floor_to_q25,mean_y_compression,-0.002306409432861444,-0.0013682172475764592
96,weak_springs_floor_to_q25,final_y_compression,-0.0051712352706056435,-0.0031369273027347794
96,weak_springs_plus_25pct,final_p_ratio,0.09777097787646724,0.03689994618740767
96,weak_springs_plus_25pct,mean_y_compression,-0.0015215485180104624,-0.0005833563327254777
96,weak_springs_plus_25pct,final_y_compression,-0.0032494421137949235,-0.0012151341459240594
96,half_homogenize_to_mean,final_p_ratio,0.25985347601506237,0.1989824443260028
96,half_homogenize_to_mean,mean_y_compression,-0.004664844781519012,-0.003726652596234028
96,half_homogenize_to_mean,final_y_compression,-0.01002801156959179,-0.007993703601720926
97,baseline,final_p_ratio,0.20952530479152048,0.0
97,baseline,mean_y_compression,-0.0028287805205512166,0.0
97,baseline,final_y_compression,-0.005830101952225056,0.0
97,all_stiffness_plus_10pct,final_p_ratio,0.20130369441842735,-0.00822161037309313
97,all_stiffness_plus_10pct,mean_y_compression,-0.0028866112768294256,-5.783075627820893e-05
97,all_stiffness_plus_10pct,final_y_compression,-0.006002709541940361,-0.0001726075897153052
97,all_stiffness_minus_10pct,final_p_ratio,0.2208563153618394,0.011331010570318906
97,all_stiffness_minus_10pct,mean_y_compression,-0.002945501364233519,-0.00011672084368230225
97,all_stiffness_minus_10pct,final_y_compression,-0.005927849605391251,-9.77476531661952e-05
97,weak_springs_floor_to_q25,final_p_ratio,0.14305555585515373,-0.06646974893636676
97,weak_springs_floor_to_q25,mean_y_compression,-0.0030919583704914016,-0.00026317784994018493
97,weak_springs_floor_to_q25,final_y_compression,-0.006339347788851549,-0.0005092458366264931
97,weak_springs_plus_25pct,final_p_ratio,0.2859394495049655,0.07641414471344504
97,weak_springs_plus_25pct,mean_y_compression,-0.0036911093662457656,-0.000862328845694549
97,weak_springs_plus_25pct,final_y_compression,-0.00761765832929022,-0.0017875563770651647
97,half_homogenize_to_mean,final_p_ratio,0.34892274377455446,0.13939743898303397
97,half_homogenize_to_mean,mean_y_compression,-0.005490566969482154,-0.0026617864489309373
97,half_homogenize_to_mean,final_y_compression,-0.011288405987755845,-0.00545830403553079
98,baseline,final_p_ratio,0.2972990077851105,0.0
98,baseline,mean_y_compression,-0.004457267158980755,0.0
98,baseline,final_y_compression,-0.009074269571028012,0.0
98,all_stiffness_plus_10pct,final_p_ratio,0.30135218456882185,0.004053176783711365
98,all_stiffness_plus_10pct,mean_y_compression,-0.0045715816687931935,-0.0001143145098124387
98,all_stiffness_plus_10pct,final_y_compression,-0.009419096036998314,-0.00034482646597030174
98,all_stiffness_minus_10pct,final_p_ratio,0.2958591534419764,-0.0014398543431340949
98,all_stiffness_minus_10pct,mean_y_compression,-0.004315938854493269,0.00014132830448748603
98,all_stiffness_minus_10pct,final_y_compression,-0.008689248494234825,0.0003850210767931874
98,weak_springs_floor_to_q25,final_p_ratio,0.247842815264435,-0.049456192520675485
98,weak_springs_floor_to_q25,mean_y_compression,-0.0042350689769511275,0.00022219818202962732
98,weak_springs_floor_to_q25,final_y_compression,-0.00860135948676072,0.0004729100842672928
98,weak_springs_plus_25pct,final_p_ratio,0.3274699353079107,0.030170927522800206
98,weak_springs_plus_25pct,mean_y_compression,-0.004952428078715219,-0.0004951609197344645
98,weak_springs_plus_25pct,final_y_compression,-0.010046218398792295,-0.0009719488277642827
98,half_homogenize_to_mean,final_p_ratio,0.3535040274021248,0.056205019617014296
98,half_homogenize_to_mean,mean_y_compression,-0.005396437190601097,-0.0009391700316203422
98,half_homogenize_to_mean,final_y_compression,-0.011072485680277874,-0.0019982161092498615
99,baseline,final_p_ratio,0.31433645529799903,0.0
99,baseline,mean_y_compression,-0.004692314363096177,0.0
99,baseline,final_y_compression,-0.009528430878345186,0.0
99,all_stiffness_plus_10pct,final_p_ratio,0.3155456965830636,0.001209241285064555
99,all_stiffness_plus_10pct,mean_y_compression,-0.00484634503992923,-0.00015403067683305346
99,all_stiffness_plus_10pct,final_y_compression,-0.009933977198827841,-0.0004055463204826557
99,all_stiffness_minus_10pct,final_p_ratio,0.30929319912723674,-0.005043256170762289
99,all_stiffness_minus_10pct,mean_y_compression,-0.004577915638920394,0.00011439872417578264
99,all_stiffness_minus_10pct,final_y_compression,-0.009181854088520422,0.0003465767898247641
99,weak_springs_floor_to_q25,final_p_ratio,0.25848010573075964,-0.055856349567239394
99,weak_springs_floor_to_q25,mean_y_compression,-0.004484299369982369,0.00020801499311380763
99,weak_springs_floor_to_q25,final_y_compression,-0.00912476389858721,0.00040366697975797484
99,weak_springs_plus_25pct,final_p_ratio,0.33340240187777925,0.019065946579780224
99,weak_springs_plus_25pct,mean_y_compression,-0.005207876126191911,-0.0005155617630957345
99,weak_springs_plus_25pct,final_y_compression,-0.010579316453523533,-0.0010508855751783473
99,half_homogenize_to_mean,final_p_ratio,0.36157616255611985,0.04723970725812082
99,half_homogenize_to_mean,mean_y_compression,-0.005689606477825349,-0.0009972921147291727
99,half_homogenize_to_mean,final_y_compression,-0.011716437274315438,-0.0021880063959702524
100,baseline,final_p_ratio,0.22346713746924105,0.0
100,baseline,mean_y_compression,-0.0031642815519957127,0.0
100,baseline,final_y_compression,-0.006380763712200259,0.0
100,all_stiffness_plus_10pct,final_p_ratio,0.2083593137169859,-0.01510782375225514
100,all_stiffness_plus_10pct,mean_y_compression,-0.0032165115625122885,-5.223001051657579e-05
100,all_stiffness_plus_10pct,final_y_compression,-0.0065387442272857345,-0.0001579805150854754
100,all_stiffness_minus_10pct,final_p_ratio,0.22703639088924235,0.003569253420001306
100,all_stiffness_minus_10pct,mean_y_compression,-0.0032313244128726005,-6.70428608768878e-05
100,all_stiffness_minus_10pct,final_y_compression,-0.006400252668741858,-1.9488956541599198e-05
100,weak_springs_floor_to_q25,final_p_ratio,0.14673520761684433,-0.07673192985239671
100,weak_springs_floor_to_q25,mean_y_compression,-0.002888056259424223,0.0002762252925714898
100,weak_springs_floor_to_q25,final_y_compression,-0.0058365637050785514,0.0005442000071217076
100,weak_springs_plus_25pct,final_p_ratio,0.2687778846186695,0.04531074714942848
100,weak_springs_plus_25pct,mean_y_compression,-0.003808060792575489,-0.0006437792405797763
100,weak_springs_plus_25pct,final_y_compression,-0.007687029882830724,-0.001306266170630465
100,half_homogenize_to_mean,final_p_ratio,0.3130664680982775,0.08959933062903644
100,half_homogenize_to_mean,mean_y_compression,-0.0049709801210015515,-0.0018066985690058388
100,half_homogenize_to_mean,final_y_compression,-0.010171799443575434,-0.0037910357313751747
101,baseline,final_p_ratio,-0.1191601299262087,0.0
101,baseline,mean_y_compression,0.0008585901246702379,0.0
101,baseline,final_y_compression,0.0016843103621437933,0.0
101,all_stiffness_plus_10pct,final_p_ratio,-0.15706183636822252,-0.03790170644201382
101,all_stiffness_plus_10pct,mean_y_compression,0.0013276181351692818,0.00046902801049904393
101,all_stiffness_plus_10pct,final_y_compression,0.002509690177243007,0.0008253798150992136
101,all_stiffness_minus_10pct,final_p_ratio,-0.07320597548113367,0.04595415444507503
101,all_stiffness_minus_10pct,mean_y_compression,0.0004727988902117851,-0.0003857912344584528
101,all_stiffness_minus_10pct,final_y_compression,0.0009827806725002746,-0.0007015296896435187
101,weak_springs_floor_to_q25,final_p_ratio,-0.005455920947667222,0.11370420897854147
101,weak_springs_floor_to_q25,mean_y_compression,-0.002918817817680258,-0.003777407942350496
101,weak_springs_floor_to_q25,final_y_compression,-0.005961756649008166,-0.007646067011151959
101,weak_springs_plus_25pct,final_p_ratio,-0.10576243042036257,0.013397699505846128
101,weak_springs_plus_25pct,mean_y_compression,0.0006615265583397897,-0.00019706356633044817
101,weak_springs_plus_25pct,final_y_compression,0.0012502764258088151,-0.0004340339363349782
101,half_homogenize_to_mean,final_p_ratio,0.09560133901771128,0.21476146894391998
101,half_homogenize_to_mean,mean_y_compression,-0.003910749372268166,-0.004769339496938404
101,half_homogenize_to_mean,final_y_compression,-0.008168343403982571,-0.009852653766126365
